asa_player_id,player_id,display_name,normalized_name,birth_date,nationality,primary_position,is_domestic_player,age,league_id,team_id,position_group,data_source,compensation_known,salary_as_of,salary_source,minutes_2026,salary_2026,minutes_2025,salary_2025,has_2025_prior,blend_weight_2026,blend_weight_2025,evaluation_period,season_label,minutes,goals_added_p90,goals_added_shooting_p90,goals_added_passing_p90,goals_added_receiving_p90,goals_added_dribbling_p90,goals_added_defending_p90,goals_added_fouling_p90,season_year,guaranteed_compensation,club,prior_goals_added_p90,metric_coverage,adjusted_goals_added_p90,adjusted_goals_added_p96,goals_added_shooting_p96,pct_goals_added_shooting,goals_added_passing_p96,pct_goals_added_passing,goals_added_receiving_p96,pct_goals_added_receiving,goals_added_dribbling_p96,pct_goals_added_dribbling,goals_added_defending_p96,pct_goals_added_defending,goals_added_fouling_p96,pct_goals_added_fouling,sporting_impact,compensation,compensation_percentile,compensation_percentile_league,position_median_compensation,value_surplus,official_eligible,small_sample_watchlist,undervaluation_score,data_confidence,model_uncertainty,model_confidence,value_label,position_label,model_version,calculation_timestamp,undervaluation_rank,position_rank,display_rank,data_cutoff_label,is_synthetic,data_version
0Oq624oPq6,asa_0Oq624oPq6_mls_blended,Kalani Kossa-Rienzi,kalani kossarienzi,2002-06-27,USA,FB,NA,24.01095140314853,mls,jYQJ19EqGR,FB,asa_live,TRUE,NA,mlspa_via_asa,994,113400,1634,113400,TRUE,0.5867768595041323,0.4132231404958677,blended,2025+2026 season to date,1669.2066115702478,0.18285896077884506,0.029270298801009828,0.018777740285751854,0.03937649404117635,0.005885312695538573,0.07860399364738967,0.010945121307978768,2026,113400,Seattle Sounders FC,0.11482828719990651,1,0.16487099796433624,0.17586239783412103,0.03122165205538616,85.71428571428571,0.020029589638761235,55.10204081632653,0.04200159364523399,71.93877551020408,0.006277666875437322,56.12244897959184,0.08384425989316911,84.6938775510204,0.011674796062208856,91.83673469387755,90.81632653061224,113400,19.518716577540108,16.428571428571427,336500,71.29760995307214,TRUE,FALSE,98.75,High,20.75,79.25,Elite Value,Fullbacks and wingbacks,1.1.0,2026-07-25 22:12:49 UTC,2,2,9,Performance data through: 2026-07-25 (updates every day) · MLSPA compensation as of: 2026-04-16,FALSE,2026-07-25 22:12:44 UTC
0Oq624zdq6,asa_0Oq624zdq6_mls_blended,Noah Streit,noah streit,2005-10-11,Switzerland,W,NA,20.720054757015745,mls,APk5LGOMOW,W,asa_live,TRUE,NA,mlspa_via_asa,673,451333,0,NA,FALSE,1,0,blended,2025+2026 season to date,673,0.14893462109955427,0.03398068350668647,-0.026692421991084694,0.09066864784546806,0.051004457652303124,0.03452897473997028,-0.03455572065378901,2026,451333,CF Montréal,0.19903356584128315,1,0.17254763511765114,0.1840508107979128,0.036246062408264924,37.55458515283843,-0.028471916791380086,28.38427947598253,0.09671322437152155,61.1353711790393,0.05440475483082348,79.03930131004367,0.036830906390452604,47.59825327510917,-0.03685943536519346,1.3100436681222707,25.32751091703057,451333,43.925233644859816,49.34065934065934,527437.5,-18.597722727829247,TRUE,FALSE,37.634408602150536,Low,37.75,62.25,Below Expected Value by Current Model,Wingers and attacking midfielders,1.1.0,2026-07-25 22:12:49 UTC,59,59,266,Performance data through: 2026-07-25 (updates every day) · MLSPA compensation as of: 2026-04-16,FALSE,2026-07-25 22:12:44 UTC
0Oq62JVPq6,asa_0Oq62JVPq6_mls_blended,Joyeux Masanka Bungi,joyeux masanka bungi,2007-01-24,Belgium,FB,NA,19.433264887063658,mls,a2lqRX2Mr0,FB,asa_live,TRUE,NA,mlspa_via_asa,103,222500,0,NA,FALSE,1,0,blended,2025+2026 season to date,103,-0.29018446601941744,0,-0.04526213592233009,-0.00428155339805825,-0.04805825242718447,0.022019417475728147,-0.21460194174757288,2026,222500,New York Red Bulls,0.11482828719990651,1,0.05548786958740243,0.05918706089507885,0,6.377551020408164,-0.04827961165199417,6.122448979591836,-0.004566990291404852,0.5102040816326531,-0.05126213592393204,4.081632653061225,0.02348737864151067,17.346938775510203,-0.22890873787123114,1.0204081632653061,2.0408163265306123,222500,37.967914438502675,31.208791208791208,336500,-35.927098111972064,FALSE,TRUE,NA,Low,49,51,Small-Sample Watchlist,Fullbacks and wingbacks,1.1.0,2026-07-25 22:12:49 UTC,NA,NA,NA,Performance data through: 2026-07-25 (updates every day) · MLSPA compensation as of: 2026-04-16,FALSE,2026-07-25 22:12:44 UTC
0Oq630dXQ6,asa_0Oq630dXQ6_mls_blended,Kévin Cabral,kevin cabral,1999-07-10,France,W,NA,25.976728268309376,mls,pzeQZ6xQKw,W,asa_live,TRUE,NA,mlspa_via_asa,0,NA,861,2100000,TRUE,0,1,blended,2025+2026 season to date,861,0.11438675958188156,0.03173519163763066,-0.04598257839721254,0.11775261324041812,-0.02564111498257839,0.04101742160278746,-0.00449477351916376,2026,2100000,Colorado Rapids,0.19903356584128315,1,0.1491493083537097,0.159092595582262,0.033850871081197206,33.624454148471614,-0.04904808362522613,13.973799126637555,0.1256027874603711,77.7292576419214,-0.02735052264893832,16.157205240174672,0.043751916377673866,62.44541484716157,-0.004794425087257837,13.537117903930131,10.043668122270743,2100000,85.51401869158879,92.74725274725274,527437.5,-75.47035056931804,FALSE,FALSE,NA,Low,41,59,Insufficient Evidence,Wingers and attacking midfielders,1.1.0,2026-07-25 22:12:49 UTC,NA,NA,NA,Performance data through: 2026-07-25 (updates every day) · MLSPA compensation as of: 2026-04-16,FALSE,2026-07-25 22:12:44 UTC
0Oq6320dQ6,asa_0Oq6320dQ6_mls_blended,Kai Trewin,kai trewin,2001-05-18,Australia,CM,NA,25.11978097193703,mls,Vj58weDM8n,CM,asa_live,TRUE,NA,mlspa_via_asa,1402,311542,0,NA,FALSE,1,0,blended,2025+2026 season to date,1402,0.1626034236804565,0.013628388017118399,0.06463052781740371,0.00647717546362339,-0.00988587731811697,0.08851711840228245,-7.639087018544937e-4,2026,311542,New York City FC,0.13647524696350208,1,0.15477280128776286,0.16509098804543948,0.014536947218713904,45.893719806763286,0.06893922967405164,86.47342995169082,0.006908987161414188,10.628019323671497,-0.010544935806320963,16.42512077294686,0.09441825963205185,86.95652173913044,-8.148359486702569e-4,52.17391304347826,72.94685990338164,311542,35.204081632653065,36.92307692307692,510300,37.74277827072857,TRUE,FALSE,88.65979381443299,High,28.75,71.25,Strong Value,Central and defensive midfielders,1.1.0,2026-07-25 22:12:49 UTC,12,12,51,Performance data through: 2026-07-25 (updates every day) · MLSPA compensation as of: 2026-04-16,FALSE,2026-07-25 22:12:44 UTC
0Oq632k7Q6,asa_0Oq632k7Q6_mls_blended,Danny Leyva,danny leyva,2003-05-05,USA,CM,NA,22.157426420260094,mls,jYQJ19EqGR,CM,asa_live,TRUE,NA,mlspa_via_asa,0,NA,840,349900,TRUE,0,1,blended,2025+2026 season to date,840,0.16733571428571423,0.01669285714285714,0.02656071428571428,0.04234285714285714,-0.00883928571428571,0.05847857142857142,0.0321,2026,349900,Seattle Sounders FC,0.13647524696350208,1,0.1544771862347925,0.16477566532226123,0.017805714286270712,55.55555555555556,0.028331428572313924,61.35265700483092,0.04516571428712571,76.81159420289855,-0.009428571428866066,19.32367149758454,0.062377142859092134,53.6231884057971,0.03424000000107,99.03381642512078,72.46376811594203,349900,38.265306122448976,40.43956043956044,510300,34.198461993493055,FALSE,FALSE,NA,Low,41,59,Insufficient Evidence,Central and defensive midfielders,1.1.0,2026-07-25 22:12:49 UTC,NA,NA,NA,Performance data through: 2026-07-25 (updates every day) · MLSPA compensation as of: 2026-04-16,FALSE,2026-07-25 22:12:44 UTC
0Oq633dAQ6,asa_0Oq633dAQ6_mls_blended,Griffin Yow,griffin yow,2002-09-25,USA,W,NA,23.76454483230664,mls,19vQ2095K6,W,asa_live,TRUE,NA,mlspa_via_asa,800,810875,0,NA,FALSE,1,0,blended,2025+2026 season to date,800,0.0989325,0.04303124999999999,-0.02377125,0.068737500000000007,0.0061875,0.00221625,0.00253125,2026,810875,New England Revolution,0.19903356584128315,1,0.14183295678912136,0.15128848724645722,0.04590000000143437,48.90829694323144,-0.025356000000792377,32.751091703056765,0.07332000000229126,38.427947598253276,0.00660000000020625,41.92139737991266,0.0023640000000738747,11.353711790393014,0.002700000000084375,55.02183406113537,7.860262008733624,810875,69.1588785046729,75.05494505494505,527437.5,-61.29861649593927,TRUE,FALSE,4.301075268817204,Low,37.75,62.25,Below Expected Value by Current Model,Wingers and attacking midfielders,1.1.0,2026-07-25 22:12:49 UTC,90,90,407,Performance data through: 2026-07-25 (updates every day) · MLSPA compensation as of: 2026-04-16,FALSE,2026-07-25 22:12:44 UTC
0Oq63DL6Q6,asa_0Oq63DL6Q6_mls_blended,Cody Baker,cody baker,2004-01-07,USA,FB,NA,22.480492813141684,mls,jYQJ19EqGR,FB,asa_live,TRUE,NA,mlspa_via_asa,119,119104,133,119104,TRUE,0.15,0.85,blended,2025+2026 season to date,232.05,0.19116322423706325,0.0017016806722689075,0.057630849181777966,0.0019681777974347625,-0.0017386996904024724,0.13081844316674038,7.82773109243697e-4,2026,119104,Seattle Sounders FC,0.11482828719990651,1,0.13611729884520696,0.14519178543942465,0.0018151260504768907,15.816326530612244,0.061472905795817524,90.81632653061224,0.0020993896506626857,4.081632653061225,-0.0018546130031539272,33.673469387755105,0.13953967271555034,94.89795918367346,8.349579832193693e-4,66.3265306122449,73.46938775510205,119104,24.59893048128342,20.21978021978022,336500,48.87045727381863,FALSE,TRUE,NA,Low,41,59,Small-Sample Watchlist,Fullbacks and wingbacks,1.1.0,2026-07-25 22:12:49 UTC,NA,NA,NA,Performance data through: 2026-07-25 (updates every day) · MLSPA compensation as of: 2026-04-16,FALSE,2026-07-25 22:12:44 UTC
0Oq63JA7Q6,asa_0Oq63JA7Q6_mls_blended,Wyatt Omsberg,wyatt omsberg,1995-09-21,USA,CB,NA,29.776865160848732,mls,19vQ2095K6,CB,asa_live,TRUE,NA,mlspa_via_asa,0,NA,470,137500,TRUE,0,1,blended,2025+2026 season to date,470,0.14436382978723408,0.01191063829787234,0.03858510638297872,0.0207,-0.02650212765957447,0.0977744680851064,0.00189574468085106,2026,137500,New England Revolution,0.1396251547943452,1,0.1417066288566422,0.15115373745180857,0.012704680851460851,71.80851063829788,0.041157446809796806,37.765957446808514,0.02208000000069,64.8936170212766,-0.02826893617109617,5.319148936170213,0.10429276596070597,78.19148936170212,0.0020221276596376556,90.42553191489361,49.46808510638298,137500,20,24.175824175824175,509583.5,29.46808510638298,FALSE,FALSE,NA,Low,41,59,Insufficient Evidence,Center backs,1.1.0,2026-07-25 22:12:49 UTC,NA,NA,NA,Performance data through: 2026-07-25 (updates every day) · MLSPA compensation as of: 2026-04-16,FALSE,2026-07-25 22:12:44 UTC
0Oq63P32Q6,asa_0Oq63P32Q6_mls_blended,Nkosi Tafari,nkosi tafari,1997-03-23,USA,CB,NA,29.27310061601643,mls,eVq3ya6MWO,CB,asa_live,TRUE,NA,mlspa_via_asa,1488,481500,2247,481500,TRUE,0.680073126142596,0.31992687385740404,blended,2025+2026 season to date,2206.8756855575866,0.16308357822617847,0.006442908643578395,0.06046379572519605,0.017812426318577115,0.002049701857198986,0.07915071161304653,-0.0028359659314186126,2026,481500,Los Angeles FC,0.1396251547943452,1,0.1580690868001701,0.1686070259254504,0.006872435886698385,38.829787234042556,0.06449471544222458,69.68085106382979,0.018999921407076004,58.51063829787234,0.0021863486477472415,47.87234042553192,0.08442742572322132,60.638297872340424,-0.003025030326941052,55.319148936170215,70.74468085106383,481500,46.111111111111114,51.0989010989011,509583.5,24.63356973995272,TRUE,FALSE,78.125,High,20.75,79.25,Strong Value,Center backs,1.1.0,2026-07-25 22:12:49 UTC,22,22,96,Performance data through: 2026-07-25 (updates every day) · MLSPA compensation as of: 2026-04-16,FALSE,2026-07-25 22:12:44 UTC
0Oq63YndQ6,asa_0Oq63YndQ6_mls_blended,Onni Valakari,onni valakari,1999-08-18,Finland,CM,NA,26.869267624914443,mls,zeQZBOzQKw,CM,asa_live,TRUE,NA,mlspa_via_asa,1506,781800,3268,781800,TRUE,0.6826835902085222,0.3173164097914778,blended,2025+2026 season to date,2542.9900271985493,0.19740346789827679,0.030201565553386718,0.015282380533340132,0.09407856896347006,0.006828022717613362,0.04073681713719454,0.01027611299327193,2026,781800,San Diego FC,0.13647524696350208,1,0.1857722084146286,0.19815702231512958,0.032215003257952554,83.57487922705315,0.016301205902738886,49.27536231884058,0.10035047356417068,96.13526570048309,0.00728322423234852,59.90338164251208,0.04345260494769874,21.256038647342994,0.01096118719316593,92.7536231884058,92.7536231884058,781800,75.51020408163265,72.85714285714286,510300,17.243419106773146,TRUE,FALSE,74.22680412371135,High,14,86,Undervalued,Central and defensive midfielders,1.1.0,2026-07-25 22:12:49 UTC,26,26,111,Performance data through: 2026-07-25 (updates every day) · MLSPA compensation as of: 2026-04-16,FALSE,2026-07-25 22:12:44 UTC
0Oq6712Q6D,asa_0Oq6712Q6D_mls_blended,Ashley Westwood,ashley westwood,1990-04-01,England,CM,NA,36.24914442162902,mls,NPqxKXZ59d,CM,asa_live,TRUE,NA,mlspa_via_asa,1461,833333,3542,833333,TRUE,0.6760758907913004,0.32392410920869963,blended,2025+2026 season to date,2608.339194817214,0.19370363596124618,0.011969524429657619,0.09752676900790697,0.01519100731069827,0.007638574953405039,0.058055829810894896,0.0033219304486833577,2026,833333,Charlotte FC,0.13647524696350208,1,0.18300120354571017,0.19520128378819088,0.01276749272536711,39.61352657004831,0.10402855361168499,94.20289855072464,0.016203741131917856,33.81642512077295,0.008147813283886661,61.35265700483092,0.06192621846688975,52.17391304347826,0.0035433924787063127,80.67632850241546,91.30434782608695,833333,78.57142857142857,76.15384615384616,510300,12.732919254658384,TRUE,FALSE,69.0721649484536,High,20.75,79.25,Undervalued,Central and defensive midfielders,1.1.0,2026-07-25 22:12:49 UTC,31,31,133,Performance data through: 2026-07-25 (updates every day) · MLSPA compensation as of: 2026-04-16,FALSE,2026-07-25 22:12:44 UTC
0Oq6ENn256,asa_0Oq6ENn256_mls_blended,Danny Musovski,danny musovski,1995-11-30,USA,FW,NA,30.584531143052704,mls,jYQJ19EqGR,FW,asa_live,TRUE,NA,mlspa_via_asa,731,712924,1913,712924,TRUE,0.5108315863032844,0.4891684136967156,blended,2025+2026 season to date,1666.779175401817,0.21719945621977405,0.07968970006608211,-0.08952675010767111,0.2520455802240217,-0.05071032360512482,0.0308384111359878,-0.005137161493521649,2026,712924,Seattle Sounders FC,0.21844855740004673,1,0.21753008423872555,0.23203208986189158,0.08500234673981058,76.59574468085107,-0.09549520011783341,8.51063829787234,0.2688486189140246,82.26950354609929,-0.05409101184715682,26.95035460992908,0.03289430521274827,60.99290780141844,-0.005479638926594331,9.929078014184396,49.645390070921984,712924,57.89473684210526,67.8021978021978,540000,-8.249346771183276,TRUE,FALSE,50.87719298245614,Medium,29.75,70.25,Fair Value,Strikers,1.1.0,2026-07-25 22:12:49 UTC,29,29,211,Performance data through: 2026-07-25 (updates every day) · MLSPA compensation as of: 2026-04-16,FALSE,2026-07-25 22:12:44 UTC
0Oq6J43rq6,asa_0Oq6J43rq6_mls_blended,Sharod George,sharod george,2004-05-10,USA,CM,NA,21.14168377823409,mls,19vQ2095K6,CM,asa_live,FALSE,NA,NA,0,NA,11,NA,TRUE,0,1,blended,2025+2026 season to date,11,0.11454545454545452,0,0.02454545454545454,-0.01963636363636363,-0.02781818181818182,0.13745454545454547,0,2026,NA,New England Revolution,0.13647524696350208,1,0.13608043891669597,0.14515246818234503,0,6.280193236714976,0.026181818182636356,57.971014492753625,-0.020945454546109084,1.4492753623188406,-0.029672727273654546,6.280193236714976,0.14661818182276365,98.06763285024155,0,61.83574879227053,53.6231884057971,NA,NA,NA,510300,NA,FALSE,FALSE,NA,Insufficient,41,59,Insufficient Evidence,Central and defensive midfielders,1.1.0,2026-07-25 22:12:49 UTC,NA,NA,NA,Performance data through: 2026-07-25 (updates every day) · MLSPA compensation as of: 2026-04-16,FALSE,2026-07-25 22:12:44 UTC
0Oq6L8EgM6,asa_0Oq6L8EgM6_mls_blended,Ayoub Jabbari,ayoub jabbari,2000-01-30,Morocco,FW,NA,26.417522245037645,mls,NWMWlBK5lz,FW,asa_live,TRUE,NA,mlspa_via_asa,469,474800,207,474800,TRUE,0.40119760479041916,0.5988023952095809,blended,2025+2026 season to date,592.9520958083832,0.2148770409491576,0.03803745304422211,0.04590739018856697,0.13219466656748616,-0.05013300107858817,0.03692278796444379,0.011947744263026736,2026,474800,FC Cincinnati,0.21844855740004673,1,0.21667334934918717,0.23111823931302208,0.04057328324843817,24.113475177304963,0.04896788286933501,96.45390070921985,0.1410076443430584,31.20567375886525,-0.05347520115216514,28.368794326241133,0.039384307163304134,72.34042553191489,0.012744260547626776,73.75886524822695,48.93617021276596,474800,48.1203007518797,50.76923076923077,540000,0.8158694608862618,TRUE,FALSE,64.91228070175438,Medium,29.75,70.25,Fair Value,Strikers,1.1.0,2026-07-25 22:12:49 UTC,21,21,152,Performance data through: 2026-07-25 (updates every day) · MLSPA compensation as of: 2026-04-16,FALSE,2026-07-25 22:12:44 UTC
0Oq6L8n2M6,asa_0Oq6L8n2M6_mls_blended,Or Blorian,or blorian,2000-03-07,Israel,CB,NA,26.316221765913756,mls,Z2vQ1xlqrA,CB,asa_live,FALSE,NA,NA,179,NA,0,NA,FALSE,1,0,blended,2025+2026 season to date,179,0.08944692737430167,0.00377094972067039,0.0039217877094972,0.00231284916201117,0.00100558659217877,0.07808379888268156,3.519553072625698e-4,2026,NA,Sporting Kansas City,0.1396251547943452,1,0.1280951128069411,0.13663478699834036,0.004022346368840781,22.340425531914892,0.004183240223594406,5.851063829787234,0.0024670391062223433,15.425531914893616,0.0010726256983575409,43.61702127659574,0.08328938547746313,58.51063829787234,3.7541899442513965e-4,82.97872340425532,31.914893617021278,NA,NA,NA,509583.5,NA,FALSE,FALSE,NA,Insufficient,49,51,Insufficient Evidence,Center backs,1.1.0,2026-07-25 22:12:49 UTC,NA,NA,NA,Performance data through: 2026-07-25 (updates every day) · MLSPA compensation as of: 2026-04-16,FALSE,2026-07-25 22:12:44 UTC
0Oq6LeJ7M6,asa_0Oq6LeJ7M6_mls_blended,Philip Quinton,philip quinton,1999-11-16,USA,CB,NA,26.622861054072555,mls,a2lqR4JMr0,CB,asa_live,TRUE,NA,mlspa_via_asa,971,175000,941,175000,TRUE,0.5810891681627768,0.4189108318372232,blended,2025+2026 season to date,1365.195092758827,0.13643956637291393,0.0020997945193718393,0.05051137393467739,0.016128609504766876,0.003308650219312885,0.06681326828672657,-0.0024221300919416103,2026,175000,Real Salt Lake,0.1396251547943452,1,0.13741216856386257,0.14657297980603382,0.0022397808207332884,18.085106382978722,0.0538787988653396,57.97872340425532,0.01720385013895562,52.12765957446808,0.003529226900710699,52.12765957446808,0.07126748617473545,46.276595744680854,-0.002583605431485122,57.4468085106383,40.95744680851064,175000,23.88888888888889,27.912087912087912,509583.5,17.06855791962175,TRUE,FALSE,73.95833333333333,High,20.75,79.25,Fair Value,Center backs,1.1.0,2026-07-25 22:12:49 UTC,26,26,113,Performance data through: 2026-07-25 (updates every day) · MLSPA compensation as of: 2026-04-16,FALSE,2026-07-25 22:12:44 UTC
0Oq6LgZgM6,asa_0Oq6LgZgM6_mls_blended,Justin Ellis,justin ellis,2007-05-14,USA,FW,NA,19.132101300479125,mls,jYQJ8EW5GR,FW,asa_live,TRUE,NA,mlspa_via_asa,676,112424,8,112424,TRUE,0.49127906976744184,0.5087209302325582,blended,2025+2026 season to date,680.0697674418604,0.10818640988372091,0.022480377906976743,-8.895348837209293e-4,0.057352107558139534,0.028396438953488364,-0.001370276162790696,0.0022172965116279042,2026,112424,Orlando City SC,0.21844855740004673,1,0.1598689745317453,0.17052690617252397,0.023979069768191204,12.76595744680851,-9.488372093319758e-4,85.1063829787234,0.06117558139726057,7.801418439716312,0.03028953488466747,90.0709219858156,-0.0014616279070224182,4.25531914893617,0.0023651162791436743,45.39007092198582,7.801418439716312,112424,18.796992481203006,14.945054945054945,540000,-10.995574041486694,TRUE,FALSE,45.6140350877193,Medium,29.75,70.25,Fair Value,Strikers,1.1.0,2026-07-25 22:12:49 UTC,32,32,233,Performance data through: 2026-07-25 (updates every day) · MLSPA compensation as of: 2026-04-16,FALSE,2026-07-25 22:12:44 UTC
0Oq6LpK2M6,asa_0Oq6LpK2M6_mls_blended,Wayne Frederick,wayne frederick,2004-06-13,Trinidad & Tobago,CM,NA,22.04791238877481,mls,pzeQZ6xQKw,CM,asa_live,TRUE,NA,mlspa_via_asa,1088,113400,273,113400,TRUE,0.6085011185682326,0.39149888143176736,blended,2025+2026 season to date,1194.8791946308725,0.06389235931853382,0.01299044914816726,-0.021504904491481673,0.04161435209086215,-0.009193082085699536,0.036239803820340734,0.0037457408363448593,2026,113400,Colorado Rapids,0.13647524696350208,1,0.08815568172889648,0.0940327271804281,0.013856479091811426,42.028985507246375,-0.022938564791630613,11.11111111111111,0.04438864223164011,75.84541062801932,-0.009805954225052607,18.357487922705314,0.038655790742904775,17.391304347826086,0.003995456892226041,82.1256038647343,6.763285024154589,113400,15.051020408163266,16.428571428571427,510300,-8.287735384008677,TRUE,FALSE,49.48453608247423,High,20.75,79.25,Fair Value,Central and defensive midfielders,1.1.0,2026-07-25 22:12:49 UTC,50,50,216,Performance data through: 2026-07-25 (updates every day) · MLSPA compensation as of: 2026-04-16,FALSE,2026-07-25 22:12:44 UTC
0Oq6lLZgM6,asa_0Oq6lLZgM6_mls_blended,Maxi Urruti,maxi urruti,1991-02-22,Argentina,FW,NA,34.35455167693361,mls,19vQ2095K6,FW,asa_live,TRUE,NA,mlspa_via_asa,0,NA,720,104000,TRUE,0,1,blended,2025+2026 season to date,720,0.17921249999999997,0.0593125,-0.07335,0.1892625,-0.019725,0.0308375,-0.007125,2026,104000,New England Revolution,0.21844855740004673,1,0.19704707154547577,0.21018354298840905,0.06326666666864375,51.773049645390074,-0.07824000000244499,19.148936170212767,0.20188000000630874,56.737588652482266,-0.021040000000657498,56.737588652482266,0.03289333333436125,60.283687943262414,-0.0076000000002375,7.801418439716312,33.333333333333336,104000,15.789473684210526,12.967032967032967,540000,17.54385964912281,FALSE,FALSE,NA,Low,41,59,Insufficient Evidence,Strikers,1.1.0,2026-07-25 22:12:49 UTC,NA,NA,NA,Performance data through: 2026-07-25 (updates every day) · MLSPA compensation as of: 2026-04-16,FALSE,2026-07-25 22:12:44 UTC
0Oq6lyNdM6,asa_0Oq6lyNdM6_mls_blended,Wil Trapp,wil trapp,1993-01-15,USA,CM,NA,33.45653661875428,mls,kRQand1MKZ,CM,asa_live,TRUE,NA,mlspa_via_asa,1015,602500,3350,602500,TRUE,0.5918367346938775,0.40816326530612246,blended,2025+2026 season to date,2382.3469387755104,0.12046133058027934,0.0023294477205256484,0.04666363517688526,0.008557538836430094,0.005728419128845566,0.059878020973847965,-0.0026957312562551636,2026,602500,Minnesota United FC,0.13647524696350208,1,0.12368307172146215,0.13192860984034904,0.0024847442353050065,14.009661835748792,0.04977454419023306,78.74396135265701,0.009128041425810684,17.8743961352657,0.006110313737626218,54.589371980676326,0.0638698890407671,56.03864734299517,-0.002875446673428699,41.06280193236715,32.85024154589372,602500,57.142857142857146,60.21978021978022,510300,-24.29261559696343,TRUE,FALSE,38.144329896907216,High,20.75,79.25,Below Expected Value by Current Model,Central and defensive midfielders,1.1.0,2026-07-25 22:12:49 UTC,61,61,265,Performance data through: 2026-07-25 (updates every day) · MLSPA compensation as of: 2026-04-16,FALSE,2026-07-25 22:12:44 UTC
0Oq6w6j2Q6,asa_0Oq6w6j2Q6_mls_blended,Gabe Segal,gabe segal,2001-05-17,USA,FW,NA,24.123203285420946,mls,YgOMngl5wN,FW,asa_live,TRUE,NA,mlspa_via_asa,0,NA,230,104000,TRUE,0,1,blended,2025+2026 season to date,230,0.2991521739130435,0.13621304347826088,-0.10322608695652172,0.2821304347826087,-0.05020434782608696,0.0202695652173913,0.0139695652173913,2026,104000,Houston Dynamo FC,0.21844855740004673,1,0.2408122101687085,0.25686635752131615,0.1452939130480187,97.87234042553192,-0.11010782609039736,5.673758865248227,0.30093913044418696,89.36170212765957,-0.05355130434949957,27.659574468085108,0.021620869565893038,34.751773049645394,0.014900869565683037,78.01418439716312,68.08510638297872,104000,15.789473684210526,12.967032967032967,540000,52.295632698768195,FALSE,FALSE,NA,Low,41,59,Insufficient Evidence,Strikers,1.1.0,2026-07-25 22:12:49 UTC,NA,NA,NA,Performance data through: 2026-07-25 (updates every day) · MLSPA compensation as of: 2026-04-16,FALSE,2026-07-25 22:12:44 UTC
0Oq6wjlzQ6,asa_0Oq6wjlzQ6_mls_blended,Jack Skahan,jack skahan,1998-02-07,USA,W,NA,28.39425051334702,mls,0KPqjA456v,W,asa_live,TRUE,NA,mlspa_via_asa,607,225000,88,225000,TRUE,0.46442234123947973,0.5355776587605203,blended,2025+2026 season to date,654.1308339709258,0.2670211796619601,0.05596438756346943,0.05633904848021144,0.14297492522779437,-0.01973057661542742,0.03699533977881338,-0.005521944772901155,2026,225000,San Jose Earthquakes,0.19903356584128315,1,0.23449461450029702,0.2501275888081333,0.05969534673623287,73.36244541484716,0.06009498504743684,91.26637554585153,0.15250658691441316,86.46288209606988,-0.021045948390446934,18.777292576419214,0.03946169576530078,54.148471615720524,-0.005890074424611964,12.22707423580786,78.16593886462883,225000,28.97196261682243,31.53846153846154,527437.5,49.1939762478064,TRUE,FALSE,97.84946236559139,Medium,29.75,70.25,Elite Value,Wingers and attacking midfielders,1.1.0,2026-07-25 22:12:49 UTC,3,3,13,Performance data through: 2026-07-25 (updates every day) · MLSPA compensation as of: 2026-04-16,FALSE,2026-07-25 22:12:44 UTC
0Oq6wmbrQ6,asa_0Oq6wmbrQ6_mls_blended,Kye Rowles,kye rowles,1998-06-24,Australia,CB,NA,28.019164955509925,mls,EKXMeX3Q64,CB,asa_live,TRUE,NA,mlspa_via_asa,1431,751667,3013,751667,TRUE,0.671515720319099,0.328484279680901,blended,2025+2026 season to date,2420.7231346785547,0.13795339248677288,0.0071614971133223205,0.04952967221813562,0.018229132853520867,0.0011886590923143394,0.06463109942945498,-0.0027866682199752814,2026,751667,D.C. United,0.1396251547943452,1,0.13828545118259578,0.147504481266045,0.007638930254449191,44.680851063829785,0.05283165036766231,53.191489361702125,0.01944440837769656,59.57446808510638,0.001267903031841584,44.680851063829785,0.06893983939357302,42.02127659574468,-0.0029724461013998556,55.851063829787236,43.61702127659574,751667,67.77777777777777,70.98901098901099,509583.5,-24.16075650118203,TRUE,FALSE,28.125,High,20.75,79.25,Below Expected Value by Current Model,Center backs,1.1.0,2026-07-25 22:12:49 UTC,70,70,306,Performance data through: 2026-07-25 (updates every day) · MLSPA compensation as of: 2026-04-16,FALSE,2026-07-25 22:12:44 UTC
0Oq6wvbgQ6,asa_0Oq6wvbgQ6_mls_blended,Vitor Costa,vitor costa,1994-07-01,Brazil,FB,NA,32,mls,0KPqjA456v,FB,asa_live,TRUE,NA,mlspa_via_asa,109,463333,1790,463333,TRUE,0.15,0.85,blended,2025+2026 season to date,1630.5,0.16851995822869148,0.020838770949720666,0.0028190835938701284,0.07325106273384245,-0.023065939982573926,0.0814599520783148,0.013217028855517393,2026,463333,San Jose Earthquakes,0.11482828719990651,1,0.15407700704408223,0.1643488075188236,0.022228022347063336,73.46938775510205,0.0030070225002221066,33.16326530612245,0.07813446691854031,90.3061224489796,-0.024603669315514384,9.693877551020408,0.08689061555291779,86.22448979591837,0.014098164112992454,94.38775510204081,85.71428571428571,463333,65.24064171122994,49.89010989010989,336500,20.473644003055767,FALSE,TRUE,NA,Low,41,59,Small-Sample Watchlist,Fullbacks and wingbacks,1.1.0,2026-07-25 22:12:49 UTC,NA,NA,NA,Performance data through: 2026-07-25 (updates every day) · MLSPA compensation as of: 2026-04-16,FALSE,2026-07-25 22:12:44 UTC
0x5g213RM7,asa_0x5g213RM7_mls_blended,Sergio Reguilón,sergio reguilon,1996-12-16,Spain,FB,NA,29.53867214236824,mls,zeQZkL1MKw,FB,asa_live,TRUE,NA,mlspa_via_asa,514,1800000,0,NA,FALSE,1,0,blended,2025+2026 season to date,514,0.13232101167315174,0.02952140077821011,0.05223151750972762,0.03734824902723735,0.00222373540856031,0.06427821011673152,-0.05328210116731517,2026,1800000,Inter Miami CF,0.11482828719990651,1,0.12289943655291194,0.13109273232720273,0.03148949416440817,86.73469387755102,0.05571361867878384,86.73469387755102,0.039838132296964784,68.36734693877551,0.0023719844358717885,47.95918367346939,0.06856342412665622,69.38775510204081,-0.05683424124691225,3.5714285714285716,61.734693877551024,1800000,99.46524064171123,91.86813186813187,336500,-37.73054676416021,TRUE,FALSE,18.75,Low,37.75,62.25,Below Expected Value by Current Model,Fullbacks and wingbacks,1.1.0,2026-07-25 22:12:49 UTC,66,66,347,Performance data through: 2026-07-25 (updates every day) · MLSPA compensation as of: 2026-04-16,FALSE,2026-07-25 22:12:44 UTC
0x5g2BmPM7,asa_0x5g2BmPM7_mls_blended,Enea Mihaj,enea mihaj,1998-07-05,Albania,CB,NA,27.98904859685147,mls,KAqBN0Vqbg,CB,asa_live,TRUE,NA,mlspa_via_asa,1411,1557000,714,1557000,TRUE,0.6684036001894836,0.33159639981051636,blended,2025+2026 season to date,1647.7598294647087,0.12233808900158832,0.010967091147212076,0.058567837935742745,0.011721877002814383,0.0037373979435450155,0.044954189539387526,-0.007610304567113439,2026,1557000,Atlanta United FC,0.1396251547943452,1,0.12695256753247486,0.1354160720388716,0.011698230557391784,68.61702127659575,0.06247236046674452,68.08510638297872,0.012503335470059404,37.234042553191486,0.003986557806572596,53.191489361702125,0.0479511355101785,23.404255319148938,-0.008117658205174677,34.04255319148936,30.319148936170212,1557000,97.77777777777777,89.89010989010988,509583.5,-67.45862884160756,TRUE,FALSE,4.166666666666667,High,20.75,79.25,Below Expected Value by Current Model,Center backs,1.1.0,2026-07-25 22:12:49 UTC,93,93,408,Performance data through: 2026-07-25 (updates every day) · MLSPA compensation as of: 2026-04-16,FALSE,2026-07-25 22:12:44 UTC
0x5g2EKLM7,asa_0x5g2EKLM7_mls_blended,Indiana Vassilev,indiana vassilev,2001-02-16,USA,W,NA,25.36892539356605,mls,9z5k7Yg5A3,W,asa_live,TRUE,NA,mlspa_via_asa,1119,665000,2371,665000,TRUE,0.6151731720725674,0.3848268279274326,blended,2025+2026 season to date,2031.4244090159427,0.11409543784166801,0.02776001640678818,0.011207612647695292,0.04682526724214087,0.006552723965063468,0.022227554222278588,-4.777366422983977e-4,2026,665000,Philadelphia Union,0.19903356584128315,1,0.13346246834619513,0.1423599662403902,0.02961068416816606,27.94759825327511,0.011954786824581898,65.06550218340611,0.0499469517265111,18.34061135371179,0.006989572229619457,42.79475982532751,0.023709391171171414,25.76419213973799,-5.095857518008821e-4,32.314410480349345,3.930131004366812,665000,61.21495327102804,65.05494505494505,527437.5,-57.28482226666122,TRUE,FALSE,7.526881720430108,High,20.75,79.25,Below Expected Value by Current Model,Wingers and attacking midfielders,1.1.0,2026-07-25 22:12:49 UTC,87,87,393,Performance data through: 2026-07-25 (updates every day) · MLSPA compensation as of: 2026-04-16,FALSE,2026-07-25 22:12:44 UTC
0x5g2EwmM7,asa_0x5g2EwmM7_mls_blended,Michael Edwards,michael edwards,2000-11-27,USA,CB,NA,24.591375770020537,mls,pzeQZ6xQKw,CB,asa_live,TRUE,NA,mlspa_via_asa,0,NA,35,160000,TRUE,0,1,blended,2025+2026 season to date,35,-0.5485001520857143,0,-0.01182857142857142,-1.4437800000000001e-5,-0.00797142857142857,-0.5286857142857143,0,2026,160000,Colorado Rapids,0.1396251547943452,1,0.10169698827339704,0.10847678749501341,0,7.180851063829787,-0.012617142857537133,1.5957446808510638,-1.540032000048126e-5,6.382978723404255,-0.008502857143122856,19.148936170212767,-0.5639314285890514,0.5319148936170213,0,79.25531914893617,9.042553191489361,160000,22.22222222222222,26.75824175824176,509583.5,-13.17966903073286,FALSE,FALSE,NA,Low,41,59,Insufficient Evidence,Center backs,1.1.0,2026-07-25 22:12:49 UTC,NA,NA,NA,Performance data through: 2026-07-25 (updates every day) · MLSPA compensation as of: 2026-04-16,FALSE,2026-07-25 22:12:44 UTC
0x5g2RXXM7,asa_0x5g2RXXM7_mls_blended,Stijn Spierings,stijn spierings,1996-03-12,Netherlands,CM,NA,30.302532511978097,mls,a2lqR4JMr0,CM,asa_live,TRUE,NA,mlspa_via_asa,897,783333,0,NA,FALSE,1,0,blended,2025+2026 season to date,897,0.2003979933110368,0.02880602006688963,0.09415384615384616,0.01987625418060201,0.01232107023411371,0.0578628762541806,-0.012622073578595308,2026,783333,Real Salt Lake,0.13647524696350208,1,0.17477765409358803,0.18642949770565315,0.030726421405642475,81.64251207729468,0.1004307692339077,93.23671497584542,0.021201337793304683,45.893719806763286,0.013142474916798659,72.46376811594203,0.061720401339721405,51.207729468599034,-0.013463545150922398,14.97584541062802,85.99033816425121,783333,76.0204081632653,73.07692307692308,510300,9.969930000985912,TRUE,FALSE,68.04123711340206,Low,37.75,62.25,Undervalued,Central and defensive midfielders,1.1.0,2026-07-25 22:12:49 UTC,32,32,138,Performance data through: 2026-07-25 (updates every day) · MLSPA compensation as of: 2026-04-16,FALSE,2026-07-25 22:12:44 UTC
0x5g2pW7M7,asa_0x5g2pW7M7_mls_blended,Shaq Moore,shaq moore,1996-11-02,USA,CB,NA,29.659137577002053,mls,mKAqBBmqbg,CB,asa_live,TRUE,NA,mlspa_via_asa,1585,870000,3403,870000,TRUE,0.6936542669584245,0.30634573304157553,blended,2025+2026 season to date,2627.4945295404814,0.09615164711790536,0.009145170531086287,0.027363519510073167,0.015431678960062908,0.00497641802734233,0.05167477724314561,-0.012439917153804944,2026,870000,FC Dallas,0.1396251547943452,1,0.10423349028359391,0.11118238963930795,0.009754848566796879,57.97872340425532,0.029187754144990162,18.085106382978722,0.016460457557914823,50,0.005308179229331032,61.170212765957444,0.055119762394411145,30.319148936170212,-0.013269244964473272,25,12.76595744680851,870000,78.33333333333333,77.63736263736264,509583.5,-65.56737588652481,TRUE,FALSE,5.208333333333333,High,14,86,Below Expected Value by Current Model,Center backs,1.1.0,2026-07-25 22:12:49 UTC,92,92,404,Performance data through: 2026-07-25 (updates every day) · MLSPA compensation as of: 2026-04-16,FALSE,2026-07-25 22:12:44 UTC
0x5g2xoXM7,asa_0x5g2xoXM7_mls_blended,Raheem Edwards,raheem edwards,1995-07-17,Canada,FB,NA,30.95687885010267,mls,kRQabn8MKZ,FB,asa_live,TRUE,NA,mlspa_via_asa,838,414340,1621,414340,TRUE,0.5448634590377113,0.4551365409622887,blended,2025+2026 season to date,1575.7763328998699,0.10154317439587213,0.007759713015693722,0.03524644839472816,0.013758978989193357,-0.014645315988380717,0.060884797950180855,-0.0014614479655432723,2026,414340,Toronto FC,0.11482828719990651,1,0.1052067254520585,0.1122205071523693,0.008277027216998627,34.69387755102041,0.037596211622218254,77.04081632653062,0.014676244255598214,29.081632653061224,-0.015621670388094274,16.3265306122449,0.0649437844822224,65.3061224489796,-0.0015588778299615387,44.89795918367347,36.734693877551024,414340,58.288770053475936,44.94505494505494,336500,-21.554076175924912,TRUE,FALSE,36.25,Medium,29.75,70.25,Below Expected Value by Current Model,Fullbacks and wingbacks,1.1.0,2026-07-25 22:12:49 UTC,52,52,273,Performance data through: 2026-07-25 (updates every day) · MLSPA compensation as of: 2026-04-16,FALSE,2026-07-25 22:12:44 UTC
0x5gJ0wjM7,asa_0x5gJ0wjM7_mls_blended,Andy Batioja,andy batioja,2006-01-31,Colombia,FW,NA,19.41409993155373,mls,YgOMngl5wN,FW,asa_live,FALSE,NA,NA,0,NA,14,NA,TRUE,0,1,blended,2025+2026 season to date,14,-0.02635714285714286,0,-0.1272857142857143,0.09257142857142855,0.00835714285714285,0,0,2026,NA,Houston Dynamo FC,0.21844855740004673,1,0.21286666846910104,0.22705777970747001,0,4.25531914893617,-0.13577142857567145,3.5460992907801416,0.09874285714594284,17.02127659574468,0.008914285714564277,77.30496453900709,0,9.574468085106384,0,31.56028368794326,48.226950354609926,NA,NA,NA,540000,NA,FALSE,FALSE,NA,Insufficient,41,59,Insufficient Evidence,Strikers,1.1.0,2026-07-25 22:12:49 UTC,NA,NA,NA,Performance data through: 2026-07-25 (updates every day) · MLSPA compensation as of: 2026-04-16,FALSE,2026-07-25 22:12:44 UTC
0x5gJBgZM7,asa_0x5gJBgZM7_mls_blended,Donavan Phillip,donavan phillip,2005-04-01,St. Lucia,CM,NA,21.248459958932237,mls,pzeQZ6xQKw,CM,asa_live,TRUE,NA,mlspa_via_asa,4,88025,0,NA,FALSE,1,0,blended,2025+2026 season to date,4,0.1305,0,0.036,0.0945,0,0,0,2026,88025,Colorado Rapids,0.13647524696350208,1,0.13643567579155835,0.14553138751554343,0,6.280193236714976,0.038400000001199995,73.91304347826087,0.10080000000315,96.61835748792271,0,38.888888888888886,0,4.106280193236715,0,61.83574879227053,54.589371980676326,88025,3.826530612244898,4.34065934065934,510300,50.76284136843143,FALSE,TRUE,NA,Low,49,51,Small-Sample Watchlist,Central and defensive midfielders,1.1.0,2026-07-25 22:12:49 UTC,NA,NA,NA,Performance data through: 2026-07-25 (updates every day) · MLSPA compensation as of: 2026-04-16,FALSE,2026-07-25 22:12:44 UTC
0x5gJEVLM7,asa_0x5gJEVLM7_mls_blended,Jacob Murrell,jacob murrell,2004-03-28,USA,FW,NA,22.258726899383984,mls,EKXMeX3Q64,FW,asa_live,TRUE,NA,mlspa_via_asa,135,113400,1020,113400,TRUE,0.16167664670658682,0.8383233532934131,blended,2025+2026 season to date,990.0898203592814,0.12989482212046494,0.0422071151814019,-0.03813138429024304,0.12219394152870727,-0.027638886932018308,0.03280176118351531,-0.0015377245508982032,2026,113400,D.C. United,0.21844855740004673,1,0.16330943838141543,0.17419673427895344,0.045020922861568925,30.49645390070922,-0.04067347657753029,53.90070921985816,0.1303402043013609,25.53191489361702,-0.02948147939507416,51.06382978723404,0.034988545263509724,63.829787234042556,-0.0016402395210093409,22.69503546099291,10.638297872340425,113400,20.30075187969925,16.428571428571427,540000,-9.662454007358823,FALSE,TRUE,NA,Low,41,59,Small-Sample Watchlist,Strikers,1.1.0,2026-07-25 22:12:49 UTC,NA,NA,NA,Performance data through: 2026-07-25 (updates every day) · MLSPA compensation as of: 2026-04-16,FALSE,2026-07-25 22:12:44 UTC
0x5gJJWPM7,asa_0x5gJJWPM7_mls_blended,Ariath Piol,ariath piol,2004-10-11,Australia,FW,NA,21.71937029431896,mls,a2lqR4JMr0,FW,asa_live,TRUE,NA,mlspa_via_asa,176,348859,1036,348859,TRUE,0.2009132420091324,0.7990867579908676,blended,2025+2026 season to date,1003.8538812785388,0.06320992225101812,0.028227323213624582,-0.050319418733802294,0.16248204368752314,-0.09188180303591263,0.014330803406145867,3.70973713439467e-4,2026,348859,Real Salt Lake,0.21844855740004673,1,0.12128452753561333,0.12937016270869703,0.030109144762140466,15.602836879432624,-0.053674046651066426,39.00709219858156,0.17331417993877407,43.97163120567376,-0.09800725657470287,12.056737588652481,0.015286190300366617,19.858156028368793,3.957052943477972e-4,36.170212765957444,0.7092198581560284,348859,39.849624060150376,40.32967032967033,540000,-39.14040420199435,FALSE,TRUE,NA,Low,41,59,Small-Sample Watchlist,Strikers,1.1.0,2026-07-25 22:12:49 UTC,NA,NA,NA,Performance data through: 2026-07-25 (updates every day) · MLSPA compensation as of: 2026-04-16,FALSE,2026-07-25 22:12:44 UTC
0x5gJWwjM7,asa_0x5gJWwjM7_mls_blended,Dawid Bugaj,dawid bugaj,2004-07-09,Poland,FB,NA,21.976728268309376,mls,APk5LGOMOW,FB,asa_live,TRUE,NA,mlspa_via_asa,1010,267600,1891,267600,TRUE,0.5906432748538012,0.4093567251461988,blended,2025+2026 season to date,1784.093567251462,0.11395482201007544,0.017330432241364914,7.905229758690749e-4,0.019064240585599374,-0.013716101199588078,0.07216756102312893,0.018318166383701186,2026,267600,CF Montréal,0.11482828719990651,1,0.11417464522553036,0.12178628824437154,0.01848579439136692,64.79591836734694,8.432245076200306e-4,30.612244897959183,0.02033518995860814,40.30612244897959,-0.014630507946684487,17.346938775510203,0.07697873176040979,78.57142857142857,0.019539377476558536,97.44897959183673,48.46938775510204,267600,40.64171122994652,33.956043956043956,336500,7.827676525155518,TRUE,FALSE,73.75,High,20.75,79.25,Fair Value,Fullbacks and wingbacks,1.1.0,2026-07-25 22:12:49 UTC,22,22,114,Performance data through: 2026-07-25 (updates every day) · MLSPA compensation as of: 2026-04-16,FALSE,2026-07-25 22:12:44 UTC
0x5gJY2rM7,asa_0x5gJY2rM7_mls_blended,Bruno Caicedo,bruno caicedo,2005-01-15,Ecuador,W,NA,21.45653661875428,mls,lgpMOvnQzy,W,asa_live,TRUE,NA,mlspa_via_asa,399,430150,0,NA,FALSE,1,0,blended,2025+2026 season to date,399,0.6275639097744361,0.15965413533834583,0.01265413533834586,0.13240601503759397,0.2738796992481203,0.03809774436090225,0.01087218045112782,2026,430150,Vancouver Whitecaps FC,0.19903356584128315,1,0.3701883278326025,0.39486754970044896,0.17029774436622402,99.56331877729258,0.013497744361324055,67.24890829694323,0.14123308271118043,82.09606986899563,0.29213834587379095,99.56331877729258,0.040637593986232325,55.45851528384279,0.011596992481565413,77.29257641921397,99.56331877729258,430150,41.12149532710281,46.26373626373626,527437.5,58.44182345018977,FALSE,TRUE,NA,Low,49,51,Small-Sample Watchlist,Wingers and attacking midfielders,1.1.0,2026-07-25 22:12:49 UTC,NA,NA,NA,Performance data through: 2026-07-25 (updates every day) · MLSPA compensation as of: 2026-04-16,FALSE,2026-07-25 22:12:44 UTC
0x5gJg07M7,asa_0x5gJg07M7_mls_blended,Malachi Jones,malachi jones,2003-09-23,Sierra Leone,W,NA,22.770704996577688,mls,Vj58weDM8n,W,asa_live,TRUE,NA,mlspa_via_asa,304,113400,0,NA,FALSE,1,0,blended,2025+2026 season to date,304,0.4135855263157895,0.09757894736842106,-0.06317763157894736,0.1647828947368421,0.09855592105263156,0.03579276315789474,0.08005263157894736,2026,113400,New York City FC,0.19903356584128315,1,0.2711837826380198,0.2892627014895939,0.10408421052956843,96.5065502183406,-0.06738947368631644,10.480349344978166,0.17576842105812435,91.26637554585153,0.10512631579275886,94.32314410480349,0.03817894736961414,51.09170305676856,0.08538947368687894,97.37991266375546,90.82969432314411,113400,17.05607476635514,16.428571428571427,527437.5,73.77361955678897,FALSE,TRUE,NA,Low,49,51,Small-Sample Watchlist,Wingers and attacking midfielders,1.1.0,2026-07-25 22:12:49 UTC,NA,NA,NA,Performance data through: 2026-07-25 (updates every day) · MLSPA compensation as of: 2026-04-16,FALSE,2026-07-25 22:12:44 UTC
0x5gLEbRq7,asa_0x5gLEbRq7_mls_blended,Louis Munteanu,louis munteanu,2002-06-16,Romania,FW,NA,24.041067761806985,mls,EKXMeX3Q64,FW,asa_live,TRUE,NA,mlspa_via_asa,810,1634100,0,NA,FALSE,1,0,blended,2025+2026 season to date,810,0.17256666666666667,0.07823333333333332,-0.04419999999999999,0.15337777777777778,-0.02262222222222222,0.00538888888888888,0.00238888888888888,2026,1634100,D.C. United,0.21844855740004673,1,0.19209087548938159,0.20489693386174337,0.08344888889149665,74.46808510638297,-0.04714666666813999,48.226950354609926,0.16360296296807555,41.843971631205676,-0.024130370371124442,55.319148936170215,0.005748148148327768,15.602836879432624,0.0025481481482277682,46.09929078014184,28.368794326241133,1634100,76.69172932330827,90.76923076923077,540000,-48.32293499706714,TRUE,FALSE,19.29824561403509,Low,37.75,62.25,Below Expected Value by Current Model,Strikers,1.1.0,2026-07-25 22:12:49 UTC,47,47,344,Performance data through: 2026-07-25 (updates every day) · MLSPA compensation as of: 2026-04-16,FALSE,2026-07-25 22:12:44 UTC
0x5gLj27q7,asa_0x5gLj27q7_mls_blended,Sekou Bangoura,sekou bangoura,2002-04-05,Guinea,CM,NA,24.238193018480494,mls,mvzqoLZQap,CM,asa_live,TRUE,NA,mlspa_via_asa,632,542167,0,NA,FALSE,1,0,blended,2025+2026 season to date,632,0.07151582278481013,0.0193386075949367,-0.05153639240506329,0.06680221518987342,-4.2721518987341776e-4,0.04381803797468354,-0.006479430379746829,2026,542167,Columbus Crew,0.13647524696350208,1,0.10315190598871854,0.11002869972473817,0.020627848101910436,66.18357487922705,-0.05497215190045206,5.314009661835748,0.07125569620475838,89.85507246376811,-4.556962025458861e-4,37.19806763285024,0.04673924050778971,26.08695652173913,-0.006911392405279266,24.63768115942029,14.492753623188406,542167,51.53061224489796,55.824175824175825,510300,-37.03785862170955,TRUE,FALSE,25.77319587628866,Low,37.75,62.25,Below Expected Value by Current Model,Central and defensive midfielders,1.1.0,2026-07-25 22:12:49 UTC,73,73,318,Performance data through: 2026-07-25 (updates every day) · MLSPA compensation as of: 2026-04-16,FALSE,2026-07-25 22:12:44 UTC
0x5gLm2bq7,asa_0x5gLm2bq7_mls_blended,Jackson Hopkins,jackson hopkins,2004-07-01,USA,W,NA,21.998631074606433,mls,EKXMeX3Q64,W,asa_live,TRUE,NA,mlspa_via_asa,1238,157833,920,157833,TRUE,0.6388028895768834,0.36119711042311664,blended,2025+2026 season to date,1570.3013415892674,0.175964699151972,0.0367559563871315,0.0027924350518239343,0.09225272580428051,-0.0062836855566025035,0.06280293444608964,-0.012355666980751108,2026,157833,D.C. United,0.19903356584128315,1,0.18234230199833573,0.19449845547096953,0.03920635348083213,40.61135371179039,0.0029785973887052775,58.951965065502186,0.09840290752764097,62.44541484716157,-0.006702597927252127,28.820960698689955,0.06698979674458905,89.95633187772926,-0.013179378113213038,3.493449781659389,31.87772925764192,157833,25.233644859813083,26.263736263736263,527437.5,6.644084397828838,TRUE,FALSE,70.96774193548387,High,20.75,79.25,Fair Value,Wingers and attacking midfielders,1.1.0,2026-07-25 22:12:49 UTC,28,28,126,Performance data through: 2026-07-25 (updates every day) · MLSPA compensation as of: 2026-04-16,FALSE,2026-07-25 22:12:44 UTC
0x5gLpbwq7,asa_0x5gLpbwq7_mls_blended,Caden Clark,caden clark,2003-05-27,USA,W,NA,23.096509240246405,mls,EKXMeX3Q64,W,asa_live,TRUE,NA,mlspa_via_asa,132,432000,1877,432000,TRUE,0.15865384615384615,0.8413461538461539,blended,2025+2026 season to date,1711.2067307692307,0.1178912205186263,0.02502944039178722,-0.0021274595559608164,0.061001547067743134,-0.01857033203044956,0.04831234375640342,0.004245680889102901,2026,432000,D.C. United,0.19903356584128315,1,0.13895615017006874,0.14821989351937187,0.026698069752074016,25.76419213973799,-0.002269290193095786,52.838427947598255,0.06506831687429272,30.131004366812228,-0.019808354166431875,19.650655021834062,0.05153316667510739,72.48908296943232,0.004528726281851283,60.698689956331876,6.11353711790393,432000,42.05607476635514,46.48351648351648,527437.5,-35.94253764845121,FALSE,TRUE,NA,Low,41,59,Small-Sample Watchlist,Wingers and attacking midfielders,1.1.0,2026-07-25 22:12:49 UTC,NA,NA,NA,Performance data through: 2026-07-25 (updates every day) · MLSPA compensation as of: 2026-04-16,FALSE,2026-07-25 22:12:44 UTC
0x5gP3gXq7,asa_0x5gP3gXq7_mls_blended,Matt Miazga,matt miazga,1995-07-19,USA,CB,NA,30.951403148528406,mls,NWMWlBK5lz,CB,asa_live,TRUE,NA,mlspa_via_asa,751,1639000,1720,1639000,TRUE,0.5175740868366644,0.4824259131633356,blended,2025+2026 season to date,1580.7725706409374,0.07187666885708331,0.007526589521260391,0.03309854470854101,0.001651411216001796,0.007106326030163638,0.03291037456124886,-0.010416577180132386,2026,1639000,FC Cincinnati,0.1396251547943452,1,0.09051643538276472,0.09655086441129958,0.00802836215626197,46.808510638297875,0.035305114356880364,25,0.0017615052971236295,13.297872340425531,0.007580081099078091,67.55319148936171,0.0351043995330958,13.829787234042554,-0.011111015659155097,29.25531914893617,5.319148936170213,1639000,98.33333333333333,90.98901098901099,509583.5,-93.01418439716312,TRUE,FALSE,1.0416666666666667,Medium,29.75,70.25,Below Expected Value by Current Model,Center backs,1.1.0,2026-07-25 22:12:49 UTC,96,96,422,Performance data through: 2026-07-25 (updates every day) · MLSPA compensation as of: 2026-04-16,FALSE,2026-07-25 22:12:44 UTC
0x5gPv8mq7,asa_0x5gPv8mq7_mls_blended,Duane Holmes,duane holmes,1994-11-06,USA,FB,NA,31.64955509924709,mls,YgOMngl5wN,FB,asa_live,TRUE,NA,mlspa_via_asa,572,628000,726,628000,TRUE,0.449685534591195,0.550314465408805,blended,2025+2026 season to date,971.5283018867924,0.15113575939497897,0.024469709964135347,2.9518166224855563e-4,0.027646440823327612,0.01396791673163886,0.06561086854826134,0.01914564166536722,2026,628000,Houston Dynamo FC,0.11482828719990651,1,0.13727378612291713,0.14642537186902074,0.026101023962560026,79.08163265306122,3.1486043974163203e-4,29.591836734693878,0.02948953687913767,56.12244897959184,0.01489911118088038,73.46938775510205,0.06998492645366579,70.91836734693878,0.02042201777702989,98.46938775510205,75,628000,79.67914438502673,62.30769230769231,336500,-4.679144385026731,TRUE,FALSE,57.5,Medium,29.75,70.25,Fair Value,Fullbacks and wingbacks,1.1.0,2026-07-25 22:12:49 UTC,35,35,183,Performance data through: 2026-07-25 (updates every day) · MLSPA compensation as of: 2026-04-16,FALSE,2026-07-25 22:12:44 UTC
0x5gPvZRq7,asa_0x5gPvZRq7_mls_blended,Eriq Zavaleta,eriq zavaleta,1992-08-02,USA,CB,NA,32.91170431211499,mls,kaDQ0wRqEv,CB,asa_live,TRUE,NA,mlspa_via_asa,0,NA,170,198311,TRUE,0,1,blended,2025+2026 season to date,170,0.16046470588235295,0,0.0036,0.00894705882352941,0.00741176470588235,0.1405058823529412,0,2026,198311,LA Galaxy,0.1396251547943452,1,0.14422609464494432,0.15384116762608147,0,7.180851063829787,0.00384000000012,4.787234042553192,0.00954352941206294,30.851063829787233,0.007905882353188232,70.2127659574468,0.14987294118115416,90.95744680851064,0,79.25531914893617,54.255319148936174,198311,25.555555555555557,29.34065934065934,509583.5,28.699763593380617,FALSE,FALSE,NA,Low,41,59,Insufficient Evidence,Center backs,1.1.0,2026-07-25 22:12:49 UTC,NA,NA,NA,Performance data through: 2026-07-25 (updates every day) · MLSPA compensation as of: 2026-04-16,FALSE,2026-07-25 22:12:44 UTC
0x5gWWz757,asa_0x5gWWz757_mls_blended,Herman Johansson,herman johansson,1997-10-16,Sweden,FB,NA,28.70636550308008,mls,mKAqBBmqbg,FB,asa_live,TRUE,NA,mlspa_via_asa,1212,740000,0,NA,FALSE,1,0,blended,2025+2026 season to date,1212,-0.03173762376237624,0.00525742574257425,8.539603960396039e-4,0.03651980198019802,-0.02297524752475247,-0.03178960396039603,-0.0196039603960396,2026,740000,FC Dallas,0.11482828719990651,1,0.016794134834406133,0.017913743823926347,0.0056079207922544476,26.53061224489796,9.108910891373761e-4,31.122448979591837,0.038954455446761876,67.34693877551021,-0.024506930693835145,10.204081632653061,-0.03390891089214876,3.5714285714285716,-0.020910891089762372,10.714285714285714,0.5102040816326531,740000,85.29411764705883,69.72527472527473,336500,-84.78391356542618,TRUE,FALSE,1.25,High,28.75,71.25,Below Expected Value by Current Model,Fullbacks and wingbacks,1.1.0,2026-07-25 22:12:49 UTC,80,80,420,Performance data through: 2026-07-25 (updates every day) · MLSPA compensation as of: 2026-04-16,FALSE,2026-07-25 22:12:44 UTC
0x5gWlZb57,asa_0x5gWlZb57_mls_blended,Samuel Gidi,samuel gidi,2004-04-15,Ghana,CM,NA,22.209445585215605,mls,NWMWlBK5lz,CM,asa_live,TRUE,NA,mlspa_via_asa,1296,671050,733,671050,TRUE,0.6492985971943888,0.35070140280561124,blended,2025+2026 season to date,1553.064128256513,0.07551495487564489,0.005911593309401883,0.006931800162398465,0.01224418003811169,-0.0011533489899307465,0.06537041477224571,-0.013789684416582135,2026,671050,FC Cincinnati,0.13647524696350208,1,0.09250291857477196,0.09866977981617352,0.0063056995302257285,22.705314009661837,0.007393920173456089,37.68115942028985,0.013060458707727275,24.154589371980677,-0.0012302389226312412,35.7487922705314,0.06972844242590777,66.66666666666667,-0.0147089967114806,13.043478260869565,7.729468599033816,671050,63.775510204081634,65.6043956043956,510300,-56.04604160504782,TRUE,FALSE,13.402061855670103,High,20.75,79.25,Below Expected Value by Current Model,Central and defensive midfielders,1.1.0,2026-07-25 22:12:49 UTC,85,85,370,Performance data through: 2026-07-25 (updates every day) · MLSPA compensation as of: 2026-04-16,FALSE,2026-07-25 22:12:44 UTC
0x5gZDPM7O,asa_0x5gZDPM7O_mls_blended,Kei Kamara,kei kamara,1984-09-01,Sierra Leone,FW,NA,40.82956878850103,mls,NWMWlBK5lz,FW,asa_live,TRUE,NA,mlspa_via_asa,0,NA,900,119000,TRUE,0,1,blended,2025+2026 season to date,900,0.09605,0.03533,-0.03947,0.14678,-0.08796,0.04178999999999999,-4.2e-4,2026,119000,FC Cincinnati,0.21844855740004673,1,0.1450094229600187,0.1546767178288536,0.037685333334511,21.27659574468085,-0.042101333334649,51.06382978723404,0.156565333338226,36.170212765957444,-0.09382400000293199,12.76595744680851,0.04457600000139299,82.26950354609929,-4.48000000014e-4,26.95035460992908,2.8368794326241136,119000,24.06015037593985,20.10989010989011,540000,-21.223270943315736,FALSE,FALSE,NA,Low,41,59,Insufficient Evidence,Strikers,1.1.0,2026-07-25 22:12:49 UTC,NA,NA,NA,Performance data through: 2026-07-25 (updates every day) · MLSPA compensation as of: 2026-04-16,FALSE,2026-07-25 22:12:44 UTC
0x5gk2PL57,asa_0x5gk2PL57_mls_blended,Ezekiel Alladoh,ezekiel alladoh,2005-09-13,Ghana,FW,NA,20.79671457905544,mls,9z5k7Yg5A3,FW,asa_live,TRUE,NA,mlspa_via_asa,654,540000,0,NA,FALSE,1,0,blended,2025+2026 season to date,654,0.06529816513761466,0.027247706422018337,-0.03800917431192661,0.12615137614678898,-0.06613761467889909,0.01494495412844036,0.00110091743119266,2026,540000,Philadelphia Union,0.21844855740004673,1,0.13857586478471134,0.14781425577497795,0.029064220184394484,14.893617021276595,-0.04054311926732202,54.60992907801418,0.1345614678941133,29.078014184397162,-0.07054678899303028,21.27659574468085,0.015941284404167883,21.27659574468085,0.0011743119266422013,39.716312056737586,1.4184397163120568,540000,50.37593984962406,55.38461538461539,540000,-48.957500133312,TRUE,FALSE,17.54385964912281,Low,37.75,62.25,Below Expected Value by Current Model,Strikers,1.1.0,2026-07-25 22:12:49 UTC,48,48,351,Performance data through: 2026-07-25 (updates every day) · MLSPA compensation as of: 2026-04-16,FALSE,2026-07-25 22:12:44 UTC
0x5gkPbP57,asa_0x5gkPbP57_mls_blended,Anderson Rosa,anderson rosa,2001-11-13,Brazil,FB,NA,23.630390143737166,mls,pzeQZ6xQKw,FB,asa_live,FALSE,NA,NA,0,NA,43,NA,TRUE,0,1,blended,2025+2026 season to date,43,0.060279069767441865,0,0.08099999999999999,8.372093023255815e-4,0,-0.02155813953488372,0,2026,NA,Colorado Rapids,0.11482828719990651,1,0.11118036130628911,0.11859238539708106,0,6.377551020408164,0.08640000000269998,96.93877551020408,8.930232558418606e-4,2.5510204081632653,0,42.3469387755102,-0.022995348837927906,4.081632653061225,0,59.94897959183673,45.91836734693877,NA,NA,NA,336500,NA,FALSE,FALSE,NA,Insufficient,41,59,Insufficient Evidence,Fullbacks and wingbacks,1.1.0,2026-07-25 22:12:49 UTC,NA,NA,NA,Performance data through: 2026-07-25 (updates every day) · MLSPA compensation as of: 2026-04-16,FALSE,2026-07-25 22:12:44 UTC
2lqR72mAQr,asa_2lqR72mAQr_mls_blended,Kenji Cabrera,kenji cabrera,2003-01-27,Peru,W,NA,23.42505133470226,mls,lgpMOvnQzy,W,asa_live,TRUE,NA,mlspa_via_asa,382,440053,307,440053,TRUE,0.35304990757855825,0.6469500924214417,blended,2025+2026 season to date,580.6136783733826,0.2843401921884314,0.05255818035126168,0.030503067669354005,0.1055440160879539,0.04880947635877582,0.038963973700530445,0.00796147802055549,2026,440053,Vancouver Whitecaps FC,0.19903356584128315,1,0.24098648830892963,0.2570522542042245,0.05606205904309773,64.62882096069869,0.03253660551499438,82.09606986899563,0.11258028383066895,72.0524017467249,0.05206344145098785,77.29257641921397,0.04156157194853127,57.64192139737991,0.00849224322219124,72.0524017467249,82.09606986899563,440053,42.99065420560748,47.69230769230769,527437.5,39.10541566338815,FALSE,TRUE,NA,Low,41,59,Small-Sample Watchlist,Wingers and attacking midfielders,1.1.0,2026-07-25 22:12:49 UTC,NA,NA,NA,Performance data through: 2026-07-25 (updates every day) · MLSPA compensation as of: 2026-04-16,FALSE,2026-07-25 22:12:44 UTC
2lqR7A8JQr,asa_2lqR7A8JQr_mls_blended,Bernardo Rhein Goncalves,bernardo rhein goncalves,2007-09-21,USA,FB,NA,18.77618069815195,mls,jYQJ8EW5GR,FB,asa_live,FALSE,NA,NA,21,NA,0,NA,FALSE,1,0,blended,2025+2026 season to date,21,-0.06171428571428571,0,-0.01842857142857143,0.01071428571428571,0.08742857142857144,-0.14142857142857143,0,2026,NA,Orlando City SC,0.11482828719990651,1,0.10885824850232513,0.11611546507277541,0,6.377551020408164,-0.019657142857757142,14.285714285714286,0.011428571428928566,20.408163265306122,0.09325714286005715,96.93877551020408,-0.15085714286185714,1.0204081632653061,0,59.94897959183673,41.326530612244895,NA,NA,NA,336500,NA,FALSE,FALSE,NA,Insufficient,49,51,Insufficient Evidence,Fullbacks and wingbacks,1.1.0,2026-07-25 22:12:49 UTC,NA,NA,NA,Performance data through: 2026-07-25 (updates every day) · MLSPA compensation as of: 2026-04-16,FALSE,2026-07-25 22:12:44 UTC
2lqR7V9AQr,asa_2lqR7V9AQr_mls_blended,Georgi Minoungou,georgi minoungou,2002-07-25,Ivory Coast,W,NA,23.93429158110883,mls,pzeQZ6xQKw,W,asa_live,TRUE,NA,mlspa_via_asa,915,113400,888,113400,TRUE,0.56656346749226,0.43343653250773995,blended,2025+2026 season to date,1299.891640866873,0.17711255961844197,0.04411501129612584,-0.07035611245920842,0.12216717429503807,0.05514038155802861,0.037817471341310346,-0.011771366412852478,2026,113400,Colorado Rapids,0.19903356584128315,1,0.18403537745225457,0.1963044026218727,0.0470560120506714,50.21834061135371,-0.07504651995883418,8.733624454148472,0.13031165258544616,79.03930131004367,0.058816406997068534,82.53275109170306,0.04033863609865829,55.02183406113537,-0.012556124174101688,3.930131004366812,35.37117903930131,113400,17.05607476635514,16.428571428571427,527437.5,18.31510427294617,TRUE,FALSE,84.94623655913979,High,20.75,79.25,Fair Value,Wingers and attacking midfielders,1.1.0,2026-07-25 22:12:49 UTC,15,15,67,Performance data through: 2026-07-25 (updates every day) · MLSPA compensation as of: 2026-04-16,FALSE,2026-07-25 22:12:44 UTC
2lqR7YEaQr,asa_2lqR7YEaQr_mls_blended,Jackson Travis,jackson travis,2004-02-23,USA,FB,NA,22.351813826146476,mls,pzeQZ6xQKw,FB,asa_live,TRUE,NA,mlspa_via_asa,892,127500,748,127500,TRUE,0.5603015075376885,0.4396984924623115,blended,2025+2026 season to date,1220.894472361809,0.05780334829226347,0.003126981834305211,-0.0015801332867546305,0.009765730389917501,0.005084735173192161,0.03648905288474458,0.004916981296858619,2026,127500,Colorado Rapids,0.11482828719990651,1,0.07659354391530085,0.08169978017887403,0.003335447290029791,19.387755102040817,-0.001685475505924277,28.571428571428573,0.010416779082904191,17.857142857142858,0.0054237175182411295,53.57142857142857,0.038921656411610515,30.612244897959183,0.005244780050146426,86.22448979591837,9.693877551020408,127500,29.946524064171122,22.747252747252748,336500,-20.252646513150715,TRUE,FALSE,38.75,Medium,29.75,70.25,Below Expected Value by Current Model,Fullbacks and wingbacks,1.1.0,2026-07-25 22:12:49 UTC,50,50,261,Performance data through: 2026-07-25 (updates every day) · MLSPA compensation as of: 2026-04-16,FALSE,2026-07-25 22:12:44 UTC
2lqR7wZaQr,asa_2lqR7wZaQr_mls_blended,Max Arfsten,max arfsten,2001-04-19,USA,W,NA,25.19917864476386,mls,mvzqoLZQap,W,asa_live,TRUE,NA,mlspa_via_asa,1540,895000,3136,895000,TRUE,0.6875,0.3125,blended,2025+2026 season to date,2520,0.14146896524234695,0.029489851721938777,-0.00872215800382653,0.09105016741071428,0.014882035235969381,0.025337934470663258,-0.010568865593112242,2026,895000,Columbus Crew,0.19903356584128315,1,0.15253908074214237,0.16270835279670315,0.03145584183771769,31.441048034934497,-0.00930363520437237,45.851528384279476,0.09712017857446358,61.572052401746724,0.01587417091886341,50.65502183406114,0.027027130102885405,29.25764192139738,-0.011273456633005354,5.240174672489083,12.22707423580786,895000,70.5607476635514,78.57142857142857,527437.5,-58.333673427743534,TRUE,FALSE,6.451612903225806,High,14,86,Below Expected Value by Current Model,Wingers and attacking midfielders,1.1.0,2026-07-25 22:12:49 UTC,88,88,398,Performance data through: 2026-07-25 (updates every day) · MLSPA compensation as of: 2026-04-16,FALSE,2026-07-25 22:12:44 UTC
2lqR7yoAQr,asa_2lqR7yoAQr_mls_blended,Mykhi Joyner,mykhi joyner,2006-08-30,USA,FB,NA,19.835728952772072,mls,wvq9B9wQWn,FB,asa_live,TRUE,NA,mlspa_via_asa,118,130680,476,130680,TRUE,0.15,0.85,blended,2025+2026 season to date,522.5999999999999,0.233901392251816,0.057157082324455204,0.015159715496368032,0.14357723970944308,-0.02196337772397094,0.07773205205811136,-0.0377613196125908,2026,130680,St. Louis City SC,0.11482828719990651,1,0.17025996785207814,0.18161063238122535,0.06096755448132412,95.91836734693878,0.016170363196631225,52.04081632653061,0.15314905569485854,96.42857142857143,-0.023427602906301116,11.224489795918368,0.08291418886457652,83.16326530612245,-0.04027874092135556,4.591836734693878,92.85714285714286,130680,30.481283422459892,23.186813186813186,336500,62.375859434682965,FALSE,TRUE,NA,Low,41,59,Small-Sample Watchlist,Fullbacks and wingbacks,1.1.0,2026-07-25 22:12:49 UTC,NA,NA,NA,Performance data through: 2026-07-25 (updates every day) · MLSPA compensation as of: 2026-04-16,FALSE,2026-07-25 22:12:44 UTC
2lqRJ0l4qr,asa_2lqRJ0l4qr_mls_blended,Hosei Kijima,hosei kijima,2002-07-01,Japan,W,NA,24,mls,EKXMeX3Q64,W,asa_live,TRUE,NA,mlspa_via_asa,97,113400,1778,113400,TRUE,0.15,0.85,blended,2025+2026 season to date,1608.3,0.14995946418424502,0.01812042808437605,0.012276622348752795,0.049945386916841576,0.011608411512993858,0.056333460798070355,0.0016751545232103653,2026,113400,D.C. United,0.19903356584128315,1,0.1632930062728303,0.17417920669646209,0.019328456623938468,20.524017467248907,0.013095063839078868,66.37554585152839,0.05327507937962919,20.96069868995633,0.012382305614247063,47.161572052401745,0.060089024853152824,83.84279475982532,0.001786831491480228,51.09170305676856,19.213973799126638,113400,17.05607476635514,16.428571428571427,527437.5,2.157899032771496,FALSE,TRUE,NA,Low,41,59,Small-Sample Watchlist,Wingers and attacking midfielders,1.1.0,2026-07-25 22:12:49 UTC,NA,NA,NA,Performance data through: 2026-07-25 (updates every day) · MLSPA compensation as of: 2026-04-16,FALSE,2026-07-25 22:12:44 UTC
2lqRJVwJqr,asa_2lqRJVwJqr_mls_blended,Morrison Agyemang,morrison agyemang,2004-12-21,Ghana,CB,NA,21.52498288843258,mls,NPqxKXZ59d,CB,asa_live,TRUE,NA,mlspa_via_asa,1481,262080,0,NA,FALSE,1,0,blended,2025+2026 season to date,1481,0.23253544902093184,0.02270357866306549,0.06394800810263336,0.05920796758946659,0.01336934503713707,0.07388386225523295,-5.773126266036462e-4,2026,262080,Charlotte FC,0.1396251547943452,1,0.2057472815360919,0.2194637669786896,0.024217150574693307,92.55319148936171,0.06821120864494051,76.59574468085107,0.06315516543073796,94.14893617021276,0.014260634706725187,85.1063829787234,0.07880945307471128,53.191489361702125,-6.15800135063133e-4,75.53191489361703,97.34042553191489,262080,30.555555555555557,33.73626373626374,509583.5,66.78486997635933,TRUE,FALSE,96.875,High,28.75,71.25,Elite Value,Center backs,1.1.0,2026-07-25 22:12:49 UTC,4,4,16,Performance data through: 2026-07-25 (updates every day) · MLSPA compensation as of: 2026-04-16,FALSE,2026-07-25 22:12:44 UTC
2lqRJgb2qr,asa_2lqRJgb2qr_mls_blended,Wiktor Bogacz,wiktor bogacz,2004-07-14,Poland,FW,NA,20.9637234770705,mls,a2lqRX2Mr0,FW,asa_live,TRUE,NA,mlspa_via_asa,0,NA,414,516240,TRUE,0,1,blended,2025+2026 season to date,414,0.05945652173913043,0.03513043478260869,-0.0295,0.15871739130434784,-0.10721739130434783,0.00654347826086956,-0.00421739130434782,2026,516240,New York Red Bulls,0.21844855740004673,1,0.15353464934914007,0.16377029264420057,0.03747246376928695,19.858156028368793,-0.031466666667649995,63.829787234042556,0.16929855072992828,43.262411347517734,-0.11436521739487827,9.21985815602837,0.0069797101451456465,16.31205673758865,-0.004498550724778254,13.47517730496454,4.25531914893617,516240,48.87218045112782,53.40659340659341,540000,-44.61686130219165,FALSE,FALSE,NA,Low,41,59,Insufficient Evidence,Strikers,1.1.0,2026-07-25 22:12:49 UTC,NA,NA,NA,Performance data through: 2026-07-25 (updates every day) · MLSPA compensation as of: 2026-04-16,FALSE,2026-07-25 22:12:44 UTC
2lqRR1wxqr,asa_2lqRR1wxqr_mls_blended,Marlon,marlon,1995-09-07,Brazil,CB,NA,29.815195071868583,mls,eVq3ya6MWO,CB,asa_live,TRUE,NA,mlspa_via_asa,0,NA,718,1000000,TRUE,0,1,blended,2025+2026 season to date,718,0.08741782729805013,0.00517688022284122,0.09229387186629526,-7.395543175487465e-4,0.0125974930362117,-0.01677158774373259,-0.00513927576601671,2026,1000000,Los Angeles FC,0.1396251547943452,1,0.11118444072580207,0.11859673677789502,0.0055220055712031976,30.319148936170212,0.09844679666045807,95.74468085106383,-7.888579387433148e-4,3.1914893617021276,0.013437325905712396,84.57446808510639,-0.017889693593873816,2.6595744680851063,-0.0054818941505891325,45.212765957446805,19.148936170212767,1000000,85.55555555555556,82.47252747252747,509583.5,-66.4066193853428,FALSE,FALSE,NA,Low,41,59,Insufficient Evidence,Center backs,1.1.0,2026-07-25 22:12:49 UTC,NA,NA,NA,Performance data through: 2026-07-25 (updates every day) · MLSPA compensation as of: 2026-04-16,FALSE,2026-07-25 22:12:44 UTC
2lqRR3wJqr,asa_2lqRR3wJqr_mls_blended,Bjørn Inge Utvik,bjorn inge utvik,1996-02-28,Norway,CB,NA,29.3388090349076,mls,lgpMOvnQzy,CB,asa_live,TRUE,NA,mlspa_via_asa,0,NA,1157,622083,TRUE,0,1,blended,2025+2026 season to date,1157,0.13794036300777873,0.00509507346585998,0.04479775280898876,0.028960242005185825,0.007148660328435601,0.05191529818496111,2.33362143474503e-5,2026,622083,Vancouver Whitecaps FC,0.1396251547943452,1,0.13851570453990159,0.1477500848471789,0.005434745030420482,28.72340425531915,0.047784269664414604,47.87234042553192,0.030890924806496887,77.12765957446808,0.00762523768390293,68.61702127659575,0.055376318065689024,30.851063829787233,2.4891961971391528e-5,80.85106382978724,44.148936170212764,622083,58.333333333333336,61.75824175824176,509583.5,-14.184397163120572,FALSE,FALSE,NA,Low,41,59,Insufficient Evidence,Center backs,1.1.0,2026-07-25 22:12:49 UTC,NA,NA,NA,Performance data through: 2026-07-25 (updates every day) · MLSPA compensation as of: 2026-04-16,FALSE,2026-07-25 22:12:44 UTC
2lqRR4Rxqr,asa_2lqRR4Rxqr_mls_blended,Lewis Morgan,lewis morgan,1996-09-30,Scotland,W,NA,29.749486652977417,mls,zeQZBOzQKw,W,asa_live,TRUE,NA,mlspa_via_asa,429,1868508,165,1868508,TRUE,0.3799822852081488,0.6200177147918512,blended,2025+2026 season to date,531.3029229406554,0.21572678959658587,0.05024679925919961,-0.009972783637974072,0.13470190836621304,0.025999677912875423,0.015184072791690147,-4.328850954183098e-4,2026,1868508,San Diego FC,0.19903356584128315,1,0.20687333925178636,0.22066489520880123,0.053596585878154475,58.951965065502186,-0.010637635880838103,44.54148471615721,0.1436820355951173,83.4061135371179,0.02773298977460044,62.44541484716157,0.016196344311642293,17.903930131004365,-4.6174410179395997e-4,33.624454148471614,61.1353711790393,1868508,84.11214953271028,92.3076923076923,527437.5,-22.976778353670973,FALSE,TRUE,NA,Low,41,59,Small-Sample Watchlist,Wingers and attacking midfielders,1.1.0,2026-07-25 22:12:49 UTC,NA,NA,NA,Performance data through: 2026-07-25 (updates every day) · MLSPA compensation as of: 2026-04-16,FALSE,2026-07-25 22:12:44 UTC
2lqRRZy2qr,asa_2lqRRZy2qr_mls_blended,Ilie Sánchez,ilie sanchez,1990-11-21,Spain,CM,NA,35.60848733744011,mls,gpMOLwl5zy,CM,asa_live,TRUE,NA,mlspa_via_asa,920,225000,1966,225000,TRUE,0.5679012345679012,0.4320987654320988,blended,2025+2026 season to date,1769.5061728395062,0.1491324516785351,0.019884299762631397,0.007872663049621344,0.022817158358765674,0.024372261783655477,0.07825476432689048,-0.00406869560302927,2026,225000,Austin FC,0.13647524696350208,1,0.1459274282369126,0.155655923457571,0.021209919747469632,67.14975845410628,0.008397507253191855,40.57971014492754,0.024338302250110622,51.690821256038646,0.025997079236711584,86.47342995169082,0.08347174861795834,81.15942028985508,-0.004339941976700178,32.367149758454104,65.70048309178743,225000,30.612244897959183,31.53846153846154,510300,35.088238193828246,TRUE,FALSE,84.5360824742268,High,20.75,79.25,Strong Value,Central and defensive midfielders,1.1.0,2026-07-25 22:12:49 UTC,16,16,68,Performance data through: 2026-07-25 (updates every day) · MLSPA compensation as of: 2026-04-16,FALSE,2026-07-25 22:12:44 UTC
2lqRRkw2qr,asa_2lqRRkw2qr_mls_blended,Alfredo Morales,alfredo morales,1990-05-12,USA,CM,NA,35.13757700205339,mls,wvq9B9wQWn,CM,asa_live,TRUE,NA,mlspa_via_asa,0,NA,1275,205571,TRUE,0,1,blended,2025+2026 season to date,1275,0.13114588235294117,0.00669176470588235,0.07810588235294118,0.01651764705882353,-0.02296941176470588,0.07404705882352941,-0.02124705882352941,2026,205571,St. Louis City SC,0.13647524696350208,1,0.13285127902832067,0.1417080309679704,0.007137882353164232,23.67149758454106,0.08331294117907412,89.3719806763285,0.017618823529962354,35.265700483091784,-0.024500705883118586,8.21256038647343,0.07898352941423294,78.26086956521739,-0.02266352941247294,8.21256038647343,48.309178743961354,205571,29.081632653061224,30.10989010989011,510300,19.22754609090013,FALSE,FALSE,NA,Low,41,59,Insufficient Evidence,Central and defensive midfielders,1.1.0,2026-07-25 22:12:49 UTC,NA,NA,NA,Performance data through: 2026-07-25 (updates every day) · MLSPA compensation as of: 2026-04-16,FALSE,2026-07-25 22:12:44 UTC
2lqRj3Zxqr,asa_2lqRj3Zxqr_mls_blended,Olger Escobar,olger escobar,2006-09-11,Guatemala,W,NA,19.802874743326488,mls,APk5LGOMOW,W,asa_live,TRUE,NA,mlspa_via_asa,389,93421,526,93421,TRUE,0.35720844811753905,0.642791551882461,blended,2025+2026 season to date,727.1083562901745,0.1318313798196273,0.03570037394337429,0.0037852182383810405,0.039721553593313016,0.02504047387109952,0.01864830468529051,0.00893545548816893,2026,93421,CF Montréal,0.19903356584128315,1,0.16221421285799995,0.17302849372060708,0.03808039887412259,39.301310043668124,0.00403756612106595,61.1353711790393,0.0423696571675246,12.22707423580786,0.02670983879667417,60.698689956331876,0.01989152499826482,21.83406113537118,0.009531152521011374,74.67248908296943,18.34061135371179,93421,8.411214953271028,8.461538461538462,527437.5,9.929396400440762,FALSE,TRUE,NA,Low,41,59,Small-Sample Watchlist,Wingers and attacking midfielders,1.1.0,2026-07-25 22:12:49 UTC,NA,NA,NA,Performance data through: 2026-07-25 (updates every day) · MLSPA compensation as of: 2026-04-16,FALSE,2026-07-25 22:12:44 UTC
2lqRj7nDqr,asa_2lqRj7nDqr_mls_blended,Jason Shokalook,jason shokalook,2002-09-30,USA,FW,NA,23.750855578370977,mls,X0Oq66zq6D,FW,asa_live,TRUE,NA,mlspa_via_asa,95,88025,16,88025,TRUE,0.15,0.85,blended,2025+2026 season to date,108.6,1.9102129934210523,0.001904210526315789,1.6089628618421052,0.030315493421052633,0.2155938157894737,0.05386292763157895,-4.263157894736835e-4,2026,88025,Chicago Fire FC,0.21844855740004673,1,0.47772828891554375,0.5095768415258376,0.0020311578948003155,9.21985815602837,1.716227052685211,100,0.03233652631679999,4.964539007092198,0.22996673684929175,98.58156028368795,0.05745378947547964,92.19858156028369,-4.547368421194729e-4,25.53191489361702,99.29078014184397,88025,6.7669172932330826,4.34065934065934,540000,92.52386284861089,FALSE,TRUE,NA,Low,41,59,Small-Sample Watchlist,Strikers,1.1.0,2026-07-25 22:12:49 UTC,NA,NA,NA,Performance data through: 2026-07-25 (updates every day) · MLSPA compensation as of: 2026-04-16,FALSE,2026-07-25 22:12:44 UTC
2lqRj90Jqr,asa_2lqRj90Jqr_mls_blended,Jackson Gilman,jackson gilman,2004-04-29,USA,CB,NA,22.171115674195757,mls,kRQabn8MKZ,CB,asa_live,FALSE,NA,NA,386,NA,0,NA,FALSE,1,0,blended,2025+2026 season to date,386,0.2769015544041451,0.03772538860103627,0.03821502590673575,0.0412461139896373,0.005712435233160621,0.17204922279792748,-0.01804663212435233,2026,NA,Toronto FC,0.1396251547943452,1,0.193366219955991,0.20625730129283593,0.04024041450902953,99.46808510638297,0.04076269430179197,36.702127659574465,0.043995854923654654,86.70212765957447,0.006093264248895077,62.765957446808514,0.18351917099019094,96.27659574468085,-0.01924974093324404,13.829787234042554,92.55319148936171,NA,NA,NA,509583.5,NA,FALSE,FALSE,NA,Insufficient,49,51,Insufficient Evidence,Center backs,1.1.0,2026-07-25 22:12:49 UTC,NA,NA,NA,Performance data through: 2026-07-25 (updates every day) · MLSPA compensation as of: 2026-04-16,FALSE,2026-07-25 22:12:44 UTC
2lqRjDAAqr,asa_2lqRjDAAqr_mls_blended,Ian Fray,ian fray,2002-08-31,USA,FB,NA,23.83299110198494,mls,zeQZkL1MKw,FB,asa_live,TRUE,NA,mlspa_via_asa,842,429000,1806,429000,TRUE,0.5460440985732814,0.4539559014267186,blended,2025+2026 season to date,1661.8443579766538,0.1532943172563569,0.019022260428920454,0.012612252284861096,0.06778038186589448,-0.008524432178083425,0.060211293095647454,0.0021925617591168193,2026,429000,Inter Miami CF,0.11482828719990651,1,0.14309042415801998,0.1526297857733243,0.02029041112481589,68.36734693877551,0.013453069104272243,48.97959183673469,0.07229907399254679,88.77551020408163,-0.009092727656906467,22.448979591836736,0.064225379304031,62.244897959183675,0.002338732543131026,76.53061224489795,79.59183673469387,429000,59.893048128342244,46.15384615384615,336500,19.698788606351627,TRUE,FALSE,81.25,Medium,29.75,70.25,Strong Value,Fullbacks and wingbacks,1.1.0,2026-07-25 22:12:49 UTC,16,16,83,Performance data through: 2026-07-25 (updates every day) · MLSPA compensation as of: 2026-04-16,FALSE,2026-07-25 22:12:44 UTC
2lqRjL12qr,asa_2lqRjL12qr_mls_blended,Brandan Craig,brandan craig,2004-04-07,USA,CB,NA,22.23134839151266,mls,APk5LGOMOW,CB,asa_live,TRUE,NA,mlspa_via_asa,339,97830,1636,97830,TRUE,0.3262752646775746,0.6737247353224254,blended,2025+2026 season to date,1441.2136669874878,0.14842927302206604,0.01504374151372746,0.07756537341952366,0.01864959960089516,-0.009575346334047928,0.04887982849787387,-0.002133923675906163,2026,97830,CF Montréal,0.1396251547943452,1,0.14584136612037035,0.15556412386658974,0.01604665761514408,79.25531914893617,0.08273639831674408,88.82978723404256,0.01989290624157649,60.1063829787234,-0.010213702756636968,15.957446808510639,0.052138483732694786,27.659574468085108,-0.0022761852543710377,59.57446808510638,56.91489361702128,97830,8.88888888888889,10.219780219780219,509583.5,48.02600472813239,FALSE,TRUE,NA,Low,41,59,Small-Sample Watchlist,Center backs,1.1.0,2026-07-25 22:12:49 UTC,NA,NA,NA,Performance data through: 2026-07-25 (updates every day) · MLSPA compensation as of: 2026-04-16,FALSE,2026-07-25 22:12:44 UTC
2lqRjYLWqr,asa_2lqRjYLWqr_mls_blended,Zane Monlouis,zane monlouis,2003-10-16,England,CB,NA,22.70773442847365,mls,kRQabn8MKZ,CB,asa_live,TRUE,NA,mlspa_via_asa,1042,137891,566,137891,TRUE,0.5981630309988519,0.40183696900114807,blended,2025+2026 season to date,1269.4397244546499,0.10322570214975678,0.008581515499425946,0.0337084034840746,0.0019209795004320586,0.005213210922825387,0.053209091130376925,5.925016126218594e-4,2026,137891,Toronto FC,0.1396251547943452,1,0.11490817112752716,0.12256871587319257,0.00915361653300706,56.38297872340426,0.03595563038413652,27.127659574468087,0.002049044800524895,14.361702127659575,0.005560758317854186,62.234042553191486,0.05675636387417569,33.51063829787234,6.320017201497334e-4,85.1063829787234,23.404255319148938,137891,20.555555555555557,24.285714285714285,509583.5,2.8486997635933804,TRUE,FALSE,61.458333333333336,High,20.75,79.25,Fair Value,Center backs,1.1.0,2026-07-25 22:12:49 UTC,38,38,165,Performance data through: 2026-07-25 (updates every day) · MLSPA compensation as of: 2026-04-16,FALSE,2026-07-25 22:12:44 UTC
2lqRjkEJqr,asa_2lqRjkEJqr_mls_blended,Logan Ndenbe,logan ndenbe,2000-02-09,Belgium,FB,NA,25.39082819986311,mls,Z2vQ1xlqrA,FB,asa_live,TRUE,NA,mlspa_via_asa,0,NA,2234,530000,TRUE,0,1,blended,2025+2026 season to date,2234,0.1452287376902417,0.02379722470904207,0.01189256938227394,0.05083348254252462,0.01895076096687556,0.03400984780662489,0.00574485228290062,2026,530000,Sporting Kansas City,0.11482828719990651,1,0.13879250964006487,0.1480453436206956,0.025383706357104782,78.57142857142857,0.012685407341488621,48.46938775510204,0.05422238138038738,80.61224489795919,0.02021414503196562,80.10204081632654,0.036277170994866874,26.53061224489796,0.0061278424352854905,88.26530612244898,76.0204081632653,530000,70.32085561497327,54.72527472527472,336500,5.699552548292033,FALSE,FALSE,NA,Low,41,59,Insufficient Evidence,Fullbacks and wingbacks,1.1.0,2026-07-25 22:12:49 UTC,NA,NA,NA,Performance data through: 2026-07-25 (updates every day) · MLSPA compensation as of: 2026-04-16,FALSE,2026-07-25 22:12:44 UTC
2lqRk034Qr,asa_2lqRk034Qr_mls_blended,Keegan Hughes,keegan hughes,2000-07-22,USA,CB,NA,25.94113620807666,mls,19vQ2095K6,CB,asa_live,TRUE,NA,mlspa_via_asa,90,113400,440,113400,TRUE,0.15,0.85,blended,2025+2026 season to date,464,0.0464665909090909,0.0019646590909090855,0.01983784090909091,0.018778977272727277,-0.00744749999999999,0.06308011363636364,-0.0497475,2026,113400,New England Revolution,0.1396251547943452,1,0.09899961565641477,0.10559959003680908,0.0020956363637018465,17.02127659574468,0.021160363637024896,13.829787234042554,0.02003090909153506,61.170212765957444,-0.007944000000248239,19.680851063829788,0.06728545454755722,40.95744680851064,-0.05306400000165825,3.723404255319149,7.9787234042553195,113400,12.222222222222221,16.428571428571427,509583.5,-4.243498817966902,FALSE,TRUE,NA,Low,41,59,Small-Sample Watchlist,Center backs,1.1.0,2026-07-25 22:12:49 UTC,NA,NA,NA,Performance data through: 2026-07-25 (updates every day) · MLSPA compensation as of: 2026-04-16,FALSE,2026-07-25 22:12:44 UTC
2lqRk1raQr,asa_2lqRk1raQr_mls_blended,Kamal Miller,kamal miller,1997-05-16,Canada,CB,NA,29.125256673511295,mls,WBLMvYAQxe,CB,asa_live,TRUE,NA,mlspa_via_asa,857,822496,2481,822496,TRUE,0.550417469492614,0.44958253050738595,blended,2025+2026 season to date,1972.4142581888245,0.17247144191811525,0.008479915566397097,0.09186709629018693,0.020534375706234433,0.009728689485174021,0.047800110900648396,-0.005938746030525631,2026,822496,Portland Timbers FC,0.1396251547943452,1,0.16481024496605912,0.17579759463595673,0.009045243271106234,53.191489361702125,0.09799156937926162,95.2127659574468,0.02190333408733454,64.36170212765957,0.010377268784509912,79.25531914893617,0.05098678496228496,26.06382978723404,-0.006334662432758631,39.361702127659576,76.06382978723404,822496,75,75.6043956043956,509583.5,1.0638297872340416,TRUE,FALSE,59.375,Medium,29.75,70.25,Fair Value,Center backs,1.1.0,2026-07-25 22:12:49 UTC,40,40,175,Performance data through: 2026-07-25 (updates every day) · MLSPA compensation as of: 2026-04-16,FALSE,2026-07-25 22:12:44 UTC
2lqRk3NWQr,asa_2lqRk3NWQr_mls_blended,Kyle Duncan,kyle duncan,1997-08-08,USA,FB,NA,28.8952772073922,mls,kRQand1MKZ,FB,asa_live,TRUE,NA,mlspa_via_asa,999,437889,1695,437889,TRUE,0.5879929370217775,0.41200706297822254,blended,2025+2026 season to date,1697.3519717480872,0.16564340293874064,0.012024095381458117,0.01903371061582295,0.04874834754436498,0.006257079906451997,0.09654134915384896,-0.01696117966320636,2026,437889,Minnesota United FC,0.11482828719990651,1,0.15237200620970529,0.16253013996209803,0.012825701740622794,52.04081632653061,0.020302624657512272,56.12244897959184,0.051998237382280925,78.06122448979592,0.0066742185670907,57.6530612244898,0.10297743910065693,91.3265306122449,-0.018091924974652156,12.244897959183673,84.6938775510204,437889,61.49732620320856,47.362637362637365,336500,23.196551347811848,TRUE,FALSE,83.75,High,20.75,79.25,Strong Value,Fullbacks and wingbacks,1.1.0,2026-07-25 22:12:49 UTC,14,14,72,Performance data through: 2026-07-25 (updates every day) · MLSPA compensation as of: 2026-04-16,FALSE,2026-07-25 22:12:44 UTC
2lqRk3lnQr,asa_2lqRk3lnQr_mls_blended,Keaton Parks,keaton parks,1997-08-06,USA,CM,NA,28.90075290896646,mls,Vj58weDM8n,CM,asa_live,TRUE,NA,mlspa_via_asa,918,1130000,993,1130000,TRUE,0.5673671199011124,0.43263288009888756,blended,2025+2026 season to date,1347.6044499381953,0.20991141575702352,0.027276138158705495,0.014123008152244952,0.10079874635426975,0.00682741178359767,0.07294555024852584,-0.012059438940320187,2026,1130000,New York City FC,0.13647524696350208,1,0.18728787878702374,0.19977373737906826,0.029094547370195064,80.19323671497584,0.015064542029532049,46.3768115942029,0.10751866278124769,97.58454106280193,0.007282572569398428,59.42028985507246,0.0778085869341924,77.29468599033817,-0.012863401536743514,15.942028985507246,93.71980676328502,1130000,89.79591836734694,84.72527472527473,510300,3.9238883959380786,TRUE,FALSE,62.88659793814433,High,20.75,79.25,Fair Value,Central and defensive midfielders,1.1.0,2026-07-25 22:12:49 UTC,37,37,160,Performance data through: 2026-07-25 (updates every day) · MLSPA compensation as of: 2026-04-16,FALSE,2026-07-25 22:12:44 UTC
2lqRkOwnQr,asa_2lqRkOwnQr_mls_blended,Ryan Porteous,ryan porteous,1999-03-25,Scotland,CB,NA,27.26899383983573,mls,eVq3ya6MWO,CB,asa_live,TRUE,NA,mlspa_via_asa,1389,760260,1274,760260,TRUE,0.6649114408808042,0.3350885591191958,blended,2025+2026 season to date,1815.9028243178554,0.2065004287239806,0.01040795585458103,0.08085758999258283,0.04134918121610319,0.0026178254488450747,0.0852953566299665,-0.014027480418097933,2026,760260,Los Angeles FC,0.1396251547943452,1,0.1898916628605975,0.2025511070576337,0.011101819578566697,63.297872340425535,0.0862480959947836,91.48936170212765,0.04410579329855504,87.23404255319149,0.002792347145522007,49.46808510638298,0.09098171374147411,68.08510638297872,-0.014962645779772044,21.80851063829787,90.42553191489361,760260,69.44444444444444,71.64835164835165,509583.5,20.981087470449168,TRUE,FALSE,75,High,20.75,79.25,Strong Value,Center backs,1.1.0,2026-07-25 22:12:49 UTC,25,25,109,Performance data through: 2026-07-25 (updates every day) · MLSPA compensation as of: 2026-04-16,FALSE,2026-07-25 22:12:44 UTC
2lqRkWG0Qr,asa_2lqRkWG0Qr_mls_blended,Rafael Santos,rafael santos,1998-02-05,Brazil,FB,NA,28.399726214921287,mls,wvq9B9wQWn,FB,asa_live,TRUE,NA,mlspa_via_asa,1046,226354,1206,226354,TRUE,0.5990836197021764,0.4009163802978236,blended,2025+2026 season to date,1529.5051546391753,0.08517559111658204,0.02659205689764237,0.00377976098887009,0.01977150330820126,-0.0057651775486827,0.04128107743071583,-4.8362996016480857e-4,2026,226354,St. Louis City SC,0.11482828719990651,1,0.09353040425767035,0.09976576454463272,0.028364860691704928,80.61224489795919,0.004031745054920754,33.673469387755105,0.02108960352940706,41.83673469387755,-0.006149522718787053,25.510204081632654,0.04403314926080625,33.16326530612245,-5.158719575252502e-4,54.08163265306123,22.448979591836736,226354,38.50267379679144,31.75824175824176,336500,-16.053694204954706,TRUE,FALSE,46.25,High,20.75,79.25,Below Expected Value by Current Model,Fullbacks and wingbacks,1.1.0,2026-07-25 22:12:49 UTC,44,44,230,Performance data through: 2026-07-25 (updates every day) · MLSPA compensation as of: 2026-04-16,FALSE,2026-07-25 22:12:44 UTC
2lqRkYZnQr,asa_2lqRkYZnQr_mls_blended,Bryan Acosta,bryan acosta,1993-11-24,Honduras,CM,NA,32.59958932238193,mls,vzqoOgNqap,CM,asa_live,TRUE,NA,mlspa_via_asa,584,200500,394,200500,TRUE,0.45482866043613707,0.5451713395638629,blended,2025+2026 season to date,798.797507788162,0.1314888514635419,0.011559443047582899,0.025878646994639206,0.012268561127188191,0.001448728592437967,0.08657808719578729,-0.006244615494093644,2026,200500,Nashville SC,0.13647524696350208,1,0.13362771522567923,0.1425362295785121,0.01233007258447374,38.16425120772947,0.027603890128477776,59.90338164251208,0.013086465202743022,24.63768115942029,0.001545310498648789,44.44444444444444,0.09234995967839238,85.99033816425121,-0.006660923193908041,25.603864734299517,49.75845410628019,200500,28.571428571428573,29.78021978021978,510300,21.187025534851617,TRUE,FALSE,77.31958762886597,Medium,29.75,70.25,Fair Value,Central and defensive midfielders,1.1.0,2026-07-25 22:12:49 UTC,23,23,99,Performance data through: 2026-07-25 (updates every day) · MLSPA compensation as of: 2026-04-16,FALSE,2026-07-25 22:12:44 UTC
2lqRkZXDQr,asa_2lqRkZXDQr_mls_blended,Cristian Espinoza,cristian espinoza,1995-04-03,Argentina,W,NA,31.24435318275154,mls,vzqoOgNqap,W,asa_live,TRUE,NA,mlspa_via_asa,1087,2343567,3017,2343567,TRUE,0.608282036933408,0.391717963066592,blended,2025+2026 season to date,2268.813094571908,0.2261837581813484,0.03245045488362068,0.019469300711376432,0.0732862267705535,0.05773420826100335,0.04357918168987934,-3.356141350849199e-4,2026,2343567,Nashville SC,0.19903356584128315,1,0.22050541146895306,0.2352057722409001,0.034613818543610404,34.93449781659389,0.02076725409278384,72.48908296943232,0.07817197522436661,43.66812227074236,0.06158315548032805,84.27947598253274,0.04648446047065727,66.37554585152839,-3.57988410768435e-4,34.06113537117904,72.0524017467249,2343567,87.38317757009345,93.73626373626374,527437.5,-15.330775823368555,TRUE,FALSE,38.70967741935484,High,20.75,79.25,Below Expected Value by Current Model,Wingers and attacking midfielders,1.1.0,2026-07-25 22:12:49 UTC,58,58,262,Performance data through: 2026-07-25 (updates every day) · MLSPA compensation as of: 2026-04-16,FALSE,2026-07-25 22:12:44 UTC
2lqRkbN4Qr,asa_2lqRkbN4Qr_mls_blended,Paul Rothrock,paul rothrock,1999-01-09,USA,W,NA,27.474332648870636,mls,jYQJ19EqGR,W,asa_live,TRUE,NA,mlspa_via_asa,1220,525000,2526,525000,TRUE,0.6354166666666666,0.36458333333333337,blended,2025+2026 season to date,2140.9375,0.19462051291567695,0.04153722906769596,-0.046819072891923996,0.08843834991092636,0.022802668497624697,0.05141320516627077,0.037248133165083123,2026,525000,Seattle Sounders FC,0.19903356584128315,1,0.19558654433936454,0.20862564730184172,0.0443063776735936,46.724890829694324,-0.0499403444196129,13.537117903930131,0.09433423990793606,58.951965065502186,0.024322846398226433,58.951965065502186,0.054840752179069266,76.85589519650655,0.039731342043996934,95.19650655021834,48.47161572052402,525000,50,54.285714285714285,527437.5,-1.5283842794759792,TRUE,FALSE,54.83870967741935,High,20.75,79.25,Fair Value,Wingers and attacking midfielders,1.1.0,2026-07-25 22:12:49 UTC,43,43,194,Performance data through: 2026-07-25 (updates every day) · MLSPA compensation as of: 2026-04-16,FALSE,2026-07-25 22:12:44 UTC
2lqRked4Qr,asa_2lqRked4Qr_mls_blended,Eduard Löwen,eduard lowen,1997-01-28,Germany,W,NA,29.42094455852156,mls,wvq9B9wQWn,W,asa_live,TRUE,NA,mlspa_via_asa,467,1444250,1587,1444250,TRUE,0.4001713796058269,0.5998286203941732,blended,2025+2026 season to date,1418.9280205655527,0.20196973967470272,0.04811234759282927,0.06462455717486065,0.036230317667811894,-0.007526759030231169,0.05514489189964088,0.0053843843697911845,2026,1444250,St. Louis City SC,0.19903356584128315,1,0.20109714576243523,0.21450362215330082,0.05131983743395497,55.45851528384279,0.06893286098867218,91.70305676855895,0.03864567218020703,10.91703056768559,-0.008028542965830806,27.510917030567686,0.05882121802812176,81.6593886462882,0.005743343327956743,63.75545851528384,55.45851528384279,1444250,79.90654205607477,89.23076923076923,527437.5,-24.448026772231977,TRUE,FALSE,31.182795698924732,Medium,29.75,70.25,Below Expected Value by Current Model,Wingers and attacking midfielders,1.1.0,2026-07-25 22:12:49 UTC,65,65,295,Performance data through: 2026-07-25 (updates every day) · MLSPA compensation as of: 2026-04-16,FALSE,2026-07-25 22:12:44 UTC
2lqRknk2Qr,asa_2lqRknk2Qr_mls_blended,Yeimar Gómez Andrade,yeimar gomez andrade,1992-06-30,Colombia,CB,NA,34.001368925393564,mls,jYQJ19EqGR,CB,asa_live,TRUE,NA,mlspa_via_asa,198,982500,2241,982500,TRUE,0.22048997772828507,0.779510022271715,blended,2025+2026 season to date,1944.881959910913,0.20205524548080966,0.017451561256160493,0.06851035321687642,0.0381173513653724,-0.0017631148200821082,0.09416109873793617,-0.014422004275453707,2026,982500,Seattle Sounders FC,0.1396251547943452,1,0.18733627029769745,0.19982535499045515,0.018614998673819577,84.57446808510639,0.07307771010028519,82.44680851063829,0.04065850812433447,86.17021276595744,-0.0018806558081463525,30.851063829787233,0.10043850532360395,77.65957446808511,-0.015383471227631354,18.617021276595743,89.8936170212766,982500,84.44444444444444,81.97802197802197,509583.5,5.449172576832154,FALSE,TRUE,NA,Low,41,59,Small-Sample Watchlist,Center backs,1.1.0,2026-07-25 22:12:49 UTC,NA,NA,NA,Performance data through: 2026-07-25 (updates every day) · MLSPA compensation as of: 2026-04-16,FALSE,2026-07-25 22:12:44 UTC
2lqRlEaWMr,asa_2lqRlEaWMr_mls_blended,Harvey Sarajian,harvey sarajian,2005-01-26,USA,FB,NA,21.426420260095824,mls,jYQJ8EW5GR,FB,asa_live,TRUE,NA,mlspa_via_asa,38,88025,0,NA,FALSE,1,0,blended,2025+2026 season to date,38,0.0011842105263158,0.05921052631578947,-0.16934210526315788,0.17692105263157895,-0.01539473684210526,0.06702631578947367,-0.11723684210526315,2026,88025,Orlando City SC,0.11482828719990651,1,0.1080595177428588,0.1152634855959847,0.06315789473881578,96.93877551020408,-0.18063157895301313,0.5102040816326531,0.1887157894795816,97.95918367346938,-0.016421052632092103,15.816326530612244,0.07149473684433946,73.9795918367347,-0.12505263158285526,1.530612244897959,40.30612244897959,88025,4.278074866310161,4.34065934065934,336500,36.02804758266943,FALSE,TRUE,NA,Low,49,51,Small-Sample Watchlist,Fullbacks and wingbacks,1.1.0,2026-07-25 22:12:49 UTC,NA,NA,NA,Performance data through: 2026-07-25 (updates every day) · MLSPA compensation as of: 2026-04-16,FALSE,2026-07-25 22:12:44 UTC
2lqRlGWnMr,asa_2lqRlGWnMr_mls_blended,Bryan Zamblé,bryan zamble,2008-02-19,Ivory Coast,W,NA,18.362765229295004,mls,zeQZBOzQKw,W,asa_live,TRUE,NA,mlspa_via_asa,181,88025,0,NA,FALSE,1,0,blended,2025+2026 season to date,181,0.23643646408839775,0.045,-0.07602762430939228,0.07662430939226518,0.05171270718232044,0.11620441988950277,0.02292265193370165,2026,88025,San Diego FC,0.19903356584128315,1,0.20770184315591536,0.22154863270656644,0.048000000001499996,51.52838427947598,-0.08109613259921936,6.11353711790393,0.08173259668763701,46.724890829694324,0.05516022099619889,79.47598253275109,0.1239513812193431,96.94323144104804,0.024450828730045848,89.95633187772926,62.44541484716157,88025,4.906542056074766,4.34065934065934,527437.5,57.5388727910868,FALSE,TRUE,NA,Low,49,51,Small-Sample Watchlist,Wingers and attacking midfielders,1.1.0,2026-07-25 22:12:49 UTC,NA,NA,NA,Performance data through: 2026-07-25 (updates every day) · MLSPA compensation as of: 2026-04-16,FALSE,2026-07-25 22:12:44 UTC
2vQ14E1Kqr,asa_2vQ14E1Kqr_mls_blended,Ranko Veselinović,ranko veselinovic,1999-03-24,Serbia,CB,NA,27.27173169062286,mls,lgpMOvnQzy,CB,asa_live,TRUE,NA,mlspa_via_asa,52,782125,1958,782125,TRUE,0.15,0.85,blended,2025+2026 season to date,1716.3,0.16343077512375265,0.011232763023493356,0.050240367918598254,0.0375830262434195,0.022221848236033622,0.0524869116838218,-0.010334141981613889,2026,782125,Vancouver Whitecaps FC,0.1396251547943452,1,0.15726431473535543,0.16774860238962128,0.011981613892100671,69.14893617021276,0.05358972578151282,57.4468085106383,0.0400885613275669,85.1063829787234,0.02370330478584326,95.2127659574468,0.05598603913115949,32.4468085106383,-0.01102308478073262,29.78723404255319,70.2127659574468,782125,71.11111111111111,72.96703296703296,509583.5,-0.8983451536643088,FALSE,TRUE,NA,Low,41,59,Small-Sample Watchlist,Center backs,1.1.0,2026-07-25 22:12:49 UTC,NA,NA,NA,Performance data through: 2026-07-25 (updates every day) · MLSPA compensation as of: 2026-04-16,FALSE,2026-07-25 22:12:44 UTC
2vQ14xl0qr,asa_2vQ14xl0qr_mls_blended,Dylan Chambost,dylan chambost,1997-08-19,France,CM,NA,28.865160848733744,mls,mvzqoLZQap,CM,asa_live,TRUE,NA,mlspa_via_asa,878,695250,3153,695250,TRUE,0.5564005069708492,0.4435994930291508,blended,2025+2026 season to date,2276.669201520913,0.212347011537084,0.019470826263598306,0.09852533708617178,0.023980102238317296,0.018638497465748714,0.04989748673181073,0.0018347617514371628,2026,695250,Columbus Crew,0.13647524696350208,1,0.19652209196688078,0.20962356477122357,0.02076888134848722,66.66666666666667,0.10509369289520075,94.68599033816425,0.02557877572167112,54.106280193236714,0.01988106396408658,80.19323671497584,0.053223985848928027,38.16425120772947,0.0019570792015941325,73.91304347826087,94.68599033816425,695250,66.3265306122449,66.92307692307692,510300,28.35945972591935,TRUE,FALSE,79.38144329896907,Medium,29.75,70.25,Strong Value,Central and defensive midfielders,1.1.0,2026-07-25 22:12:49 UTC,21,21,90,Performance data through: 2026-07-25 (updates every day) · MLSPA compensation as of: 2026-04-16,FALSE,2026-07-25 22:12:44 UTC
2vQ1LYY0qr,asa_2vQ1LYY0qr_mls_blended,Emmanuel Boateng,emmanuel boateng,1994-01-17,Ghana,W,NA,31.45242984257358,mls,zeQZBOzQKw,W,asa_live,TRUE,NA,mlspa_via_asa,0,NA,319,331500,TRUE,0,1,blended,2025+2026 season to date,319,0.09251097178683385,0,-0.06878369905956112,0.06435423197492163,0.00420376175548589,0.09445768025078367,-0.00172100313479623,2026,331500,San Diego FC,0.19903356584128315,1,0.162057823182557,0.17286167806679603,0,5.895196506550218,-0.07336927899915799,9.606986899563319,0.06864451410872821,33.624454148471614,0.004484012539325075,41.048034934497814,0.10075485893731784,95.63318777292577,-0.0018357366771733453,24.45414847161572,17.903930131004365,331500,35.51401869158879,38.9010989010989,527437.5,-17.610088560584423,FALSE,FALSE,NA,Low,41,59,Insufficient Evidence,Wingers and attacking midfielders,1.1.0,2026-07-25 22:12:49 UTC,NA,NA,NA,Performance data through: 2026-07-25 (updates every day) · MLSPA compensation as of: 2026-04-16,FALSE,2026-07-25 22:12:44 UTC
2vQ1LYxbqr,asa_2vQ1LYxbqr_mls_blended,Paul Arriola,paul arriola,1995-02-05,USA,W,NA,31.40041067761807,mls,jYQJ19EqGR,W,asa_live,TRUE,NA,mlspa_via_asa,345,1142500,84,1142500,TRUE,0.33014354066985646,0.6698564593301435,blended,2025+2026 season to date,401.26794258373207,0.16065933014354067,0.045462200956937794,-0.025759808612440187,0.08983349282296649,0.03358851674641147,0.024189473684210525,-0.006654545454545455,2026,1142500,Seattle Sounders FC,0.19903356584128315,1,0.18365471473483358,0.19589836238994432,0.048493014355582384,52.40174672489083,-0.027477129187461525,30.131004366812228,0.09582239234749204,59.82532751091703,0.035827751197291854,68.99563318777292,0.025802105263964207,28.820960698689955,-0.007098181818403637,9.606986899563319,34.06113537117904,1142500,74.76635514018692,85,527437.5,-40.705219769007876,FALSE,TRUE,NA,Low,41,59,Small-Sample Watchlist,Wingers and attacking midfielders,1.1.0,2026-07-25 22:12:49 UTC,NA,NA,NA,Performance data through: 2026-07-25 (updates every day) · MLSPA compensation as of: 2026-04-16,FALSE,2026-07-25 22:12:44 UTC
2vQ1N6yLMr,asa_2vQ1N6yLMr_mls_blended,Giacomo Vrioni,giacomo vrioni,1998-10-15,Albania,FW,NA,26.71047227926078,mls,APk5LGOMOW,FW,asa_live,TRUE,NA,mlspa_via_asa,0,NA,455,2247500,TRUE,0,1,blended,2025+2026 season to date,455,0.3556681318681319,0.11607032967032968,-0.0498065934065934,0.41030109890109895,-0.13606813186813185,0.01972087912087912,-0.004549450549450539,2026,2247500,CF Montréal,0.21844855740004673,1,0.27762856345026354,0.29613713435620204,0.12380835165222066,97.16312056737588,-0.05312703296869318,39.716312056737586,0.43765450550818225,99.29078014184397,-0.14513934066387624,6.382978723404255,0.021035604396261755,33.333333333333336,-0.0048527472528988895,12.056737588652481,83.68794326241135,2247500,81.203007518797,93.4065934065934,540000,2.4849357436143578,FALSE,FALSE,NA,Low,41,59,Insufficient Evidence,Strikers,1.1.0,2026-07-25 22:12:49 UTC,NA,NA,NA,Performance data through: 2026-07-25 (updates every day) · MLSPA compensation as of: 2026-04-16,FALSE,2026-07-25 22:12:44 UTC
2vQ1NBY8Mr,asa_2vQ1NBY8Mr_mls_blended,Joaquín Pereyra,joaquin pereyra,1998-12-01,Argentina,W,NA,27.581108829568787,mls,kRQand1MKZ,W,asa_live,TRUE,NA,mlspa_via_asa,1535,1089000,3233,1089000,TRUE,0.6868008948545862,0.3131991051454138,blended,2025+2026 season to date,2547.572706935123,0.2244239817154055,0.03988983448788396,0.0855111407735247,0.06277852473547747,-0.008607097943398298,0.044720132359871045,1.3144730204663733e-4,2026,1089000,Minnesota United FC,0.19903356584128315,1,0.21958398247062003,0.2342229146426475,0.04254915678840589,45.851528384279476,0.09121188349461005,96.06986899563319,0.06696375971993525,31.87772925764192,-0.009180904473245087,25.76419213973799,0.047701474518686456,67.68558951965065,1.402104555207947e-4,42.79475982532751,71.61572052401746,1089000,74.29906542056075,84.28571428571429,527437.5,-2.6833448965432893,TRUE,FALSE,51.61290322580645,High,14,86,Fair Value,Wingers and attacking midfielders,1.1.0,2026-07-25 22:12:49 UTC,46,46,207,Performance data through: 2026-07-25 (updates every day) · MLSPA compensation as of: 2026-04-16,FALSE,2026-07-25 22:12:44 UTC
2vQ1NO0OMr,asa_2vQ1NO0OMr_mls_blended,Jáder Obrian,jader obrian,1995-05-18,Colombia,W,NA,30.12183436002738,mls,gpMOLwl5zy,W,asa_live,TRUE,NA,mlspa_via_asa,0,NA,1130,505401,TRUE,0,1,blended,2025+2026 season to date,1130,0.1562575221238938,0.02278672566371681,2.230088495575221e-4,0.07320265486725665,0.01518053097345132,0.04559734513274336,-7.327433628318584e-4,2026,505401,Austin FC,0.19903356584128315,1,0.17109314422241034,0.1824993538429408,0.024305840708724154,24.017467248908297,2.3787610620212387e-4,55.89519650655022,0.07808283186084718,43.23144104803494,0.016192566372187425,51.09170305676856,0.04863716814311283,69.86899563318778,-7.815929203784071e-4,29.694323144104803,24.45414847161572,505401,48.598130841121495,53.18681318681319,527437.5,-24.143982369505775,FALSE,FALSE,NA,Low,41,59,Insufficient Evidence,Wingers and attacking midfielders,1.1.0,2026-07-25 22:12:49 UTC,NA,NA,NA,Performance data through: 2026-07-25 (updates every day) · MLSPA compensation as of: 2026-04-16,FALSE,2026-07-25 22:12:44 UTC
2vQ1NPw4Mr,asa_2vQ1NPw4Mr_mls_blended,Emmanuel Sabbi,emmanuel sabbi,1997-12-24,USA,W,NA,28.517453798767967,mls,lgpMOvnQzy,W,asa_live,TRUE,NA,mlspa_via_asa,682,1167750,2384,1167750,TRUE,0.4934876989869754,0.5065123010130246,blended,2025+2026 season to date,1889.5253256150506,0.3531986664594644,0.08455452534504025,-0.004344720956885749,0.1914340271370157,0.0071089851300032035,0.04882425042978272,0.025621599374508298,2026,1167750,Vancouver Whitecaps FC,0.19903356584128315,1,0.3160433664433634,0.33711292421678907,0.09019149370419476,93.44978165938865,-0.004634369020822956,51.09170305676856,0.2041962956191979,93.44978165938865,0.007582917472240383,43.66812227074236,0.052079200460062376,73.36244541484716,0.027329706000329572,92.13973799126637,96.94323144104804,1167750,75.23364485981308,85.38461538461539,527437.5,21.70958658123496,TRUE,FALSE,87.09677419354838,Medium,29.75,70.25,Strong Value,Wingers and attacking midfielders,1.1.0,2026-07-25 22:12:49 UTC,13,13,58,Performance data through: 2026-07-25 (updates every day) · MLSPA compensation as of: 2026-04-16,FALSE,2026-07-25 22:12:44 UTC
2vQ1Nv7LMr,asa_2vQ1Nv7LMr_mls_blended,Randall Leal,randall leal,1997-01-14,Costa Rica,W,NA,28.459958932238195,mls,EKXMeX3Q64,W,asa_live,TRUE,NA,mlspa_via_asa,0,NA,597,1265000,TRUE,0,1,blended,2025+2026 season to date,597,0.20662311557788943,0.02841708542713568,0.06606030150753768,0.04109547738693468,-0.0014321608040201,0.06619597989949748,0.00628643216080402,2026,1265000,D.C. United,0.19903356584128315,1,0.2028188299956306,0.21634008533543328,0.03031155778989196,28.38427947598253,0.0704643216102422,92.13973799126637,0.04383517588076684,12.663755458515285,-0.0015276381910025122,33.18777292576419,0.07060904522833718,91.70305676855895,0.006705527638400503,67.24890829694323,57.64192139737991,1265000,76.6355140186916,86.7032967032967,527437.5,-18.993592621311684,FALSE,FALSE,NA,Low,41,59,Insufficient Evidence,Wingers and attacking midfielders,1.1.0,2026-07-25 22:12:49 UTC,NA,NA,NA,Performance data through: 2026-07-25 (updates every day) · MLSPA compensation as of: 2026-04-16,FALSE,2026-07-25 22:12:44 UTC
2vQ1R1wOMr,asa_2vQ1R1wOMr_mls_blended,Taylor Calheira,taylor calheira,2002-04-26,USA,FW,NA,24.18069815195072,mls,Z2vQ1xlqrA,FW,asa_live,TRUE,NA,mlspa_via_asa,321,100824,0,NA,FALSE,1,0,blended,2025+2026 season to date,321,0.2189158878504673,0.07979439252336448,-0.056803738317757,0.1976355140186916,-0.04211214953271028,0.03905607476635514,0.00134579439252336,2026,100824,Sporting Kansas City,0.21844855740004673,1,0.21861143804563304,0.23318553392262895,0.08511401869424859,77.30496453900709,-0.06059065420750093,31.914893617021278,0.21081121495985888,60.283687943262414,-0.04491962616962804,34.751773049645394,0.04165981308541402,78.01418439716312,0.0014355140187364438,41.13475177304964,50.354609929078016,100824,12.030075187969924,11.208791208791208,540000,38.324534741108096,FALSE,TRUE,NA,Low,49,51,Small-Sample Watchlist,Strikers,1.1.0,2026-07-25 22:12:49 UTC,NA,NA,NA,Performance data through: 2026-07-25 (updates every day) · MLSPA compensation as of: 2026-04-16,FALSE,2026-07-25 22:12:44 UTC
2vQ1dJAxqr,asa_2vQ1dJAxqr_mls_blended,Eric Klein,eric klein,2006-11-20,USA,W,NA,19.61122518822724,mls,19vQ2095K6,W,asa_live,TRUE,NA,mlspa_via_asa,40,94302,9,94302,TRUE,0.15,0.85,blended,2025+2026 season to date,47.65,-0.25312125,0,-0.069375,0.044706249999999996,-0.5387825,0.31019500000000005,1.35e-4,2026,94302,New England Revolution,0.19903356584128315,1,0.16576686781791072,0.17681799234463033,0,5.895196506550218,-0.07400000000231251,9.170305676855895,0.04768666666815687,16.157205240174672,-0.5747013333512928,0.4366812227074236,0.33087466667700655,99.12663755458516,1.440000000045e-4,43.23144104803494,20.524017467248907,94302,9.345794392523365,9.23076923076923,527437.5,11.178223074725542,FALSE,TRUE,NA,Low,41,59,Small-Sample Watchlist,Wingers and attacking midfielders,1.1.0,2026-07-25 22:12:49 UTC,NA,NA,NA,Performance data through: 2026-07-25 (updates every day) · MLSPA compensation as of: 2026-04-16,FALSE,2026-07-25 22:12:44 UTC
2vQ1dVAwqr,asa_2vQ1dVAwqr_mls_blended,Célio Pompeu,celio pompeu,1999-12-10,Brazil,W,NA,26.55715263518138,mls,wvq9B9wQWn,W,asa_live,TRUE,NA,mlspa_via_asa,134,309006,1720,309006,TRUE,0.1606714628297362,0.8393285371702638,blended,2025+2026 season to date,1577.6450839328538,0.21454228710055212,0.0479201940772963,0.0019940187384975697,0.048733687468629744,0.08307256985109587,0.04093592103061737,-0.00811410406558474,2026,309006,St. Louis City SC,0.19903356584128315,1,0.21026921577951022,0.2242871635051532,0.05111487368404673,55.02183406113537,0.0021269533211305414,57.20524017467249,0.051982599968162846,20.087336244541486,0.08861074117727134,90.82969432314411,0.04366498243402306,61.572052401746724,-0.008655044336894192,7.423580786026201,65.06550218340611,309006,33.64485981308411,36.81318681318681,527437.5,31.420642370322,FALSE,TRUE,NA,Low,41,59,Small-Sample Watchlist,Wingers and attacking midfielders,1.1.0,2026-07-25 22:12:49 UTC,NA,NA,NA,Performance data through: 2026-07-25 (updates every day) · MLSPA compensation as of: 2026-04-16,FALSE,2026-07-25 22:12:44 UTC
2vQ1dZ8Kqr,asa_2vQ1dZ8Kqr_mls_blended,Lukas Engel,lukas engel,1998-12-14,Denmark,CB,NA,27.54551676933607,mls,a2lqR4JMr0,CB,asa_live,TRUE,NA,mlspa_via_asa,845,832135,3154,832135,TRUE,0.5469255663430421,0.4530744336569579,blended,2025+2026 season to date,2273.996763754045,0.18434565692509436,0.015131354236568135,0.049998641884861875,0.02272257635549864,0.007107106402103044,0.09018139517702901,-7.954171309663753e-4,2026,832135,Real Salt Lake,0.1396251547943452,1,0.1750094246729046,0.18667671965693186,0.016140111186177055,80.85106382978724,0.05333188467885262,55.319148936170215,0.024237414779955967,67.55319148936171,0.007580913495813483,68.08510638297872,0.096193488191837,72.87234042553192,-8.484449397239809e-4,73.40425531914893,84.04255319148936,832135,75.55555555555556,75.93406593406593,509583.5,8.486997635933804,TRUE,FALSE,66.66666666666667,Medium,29.75,70.25,Undervalued,Center backs,1.1.0,2026-07-25 22:12:49 UTC,33,33,143,Performance data through: 2026-07-25 (updates every day) · MLSPA compensation as of: 2026-04-16,FALSE,2026-07-25 22:12:44 UTC
2vQ1dbG8qr,asa_2vQ1dbG8qr_mls_blended,Rwan Cruz,rwan cruz,2001-05-20,Brazil,FW,NA,24.11498973305955,mls,a2lqR4JMr0,FW,asa_live,TRUE,NA,mlspa_via_asa,0,NA,708,1858426,TRUE,0,1,blended,2025+2026 season to date,708,0.23061864406779659,0.08963135593220338,-0.07613135593220338,0.21091525423728813,-0.0349957627118644,0.04020762711864407,9.915254237288136e-4,2026,1858426,Real Salt Lake,0.21844855740004673,1,0.22503603550460857,0.2400384378790837,0.09560677966400465,85.81560283687944,-0.08120677966355465,12.76595744680851,0.2249762711934712,68.79432624113475,-0.037328813560488554,41.843971631205676,0.042888135594560596,80.1418439716312,0.0010576271186771187,39.00709219858156,56.737588652482266,1858426,78.94736842105263,92.1978021978022,540000,-22.209779768570364,FALSE,FALSE,NA,Low,41,59,Insufficient Evidence,Strikers,1.1.0,2026-07-25 22:12:49 UTC,NA,NA,NA,Performance data through: 2026-07-25 (updates every day) · MLSPA compensation as of: 2026-04-16,FALSE,2026-07-25 22:12:44 UTC
2vQ1dlaOqr,asa_2vQ1dlaOqr_mls_blended,Aleksandr Guboglo,aleksandr guboglo,2007-03-20,Haiti,FB,NA,19.28268309377139,mls,APk5LGOMOW,FB,asa_live,TRUE,NA,mlspa_via_asa,65,93714,1164,93714,TRUE,0.15,0.85,blended,2025+2026 season to date,1054.4,0.0439241990483743,0.009509922680412366,-0.011458786677240283,0.017723082870737508,-0.001561962727993657,0.03519127874702617,-0.005479335844567798,2026,93714,CF Montréal,0.11482828719990651,1,0.06963893121164758,0.07428152662807871,0.010143917526090188,40.30612244897959,-0.012222705789438262,20.408163265306122,0.018904621729377444,37.244897959183675,-0.001666093576578633,35.204081632653065,0.03753736399800096,28.571428571428573,-0.005844624901054962,29.081632653061224,5.1020408163265305,93714,8.556149732620321,8.571428571428571,336500,-3.454108916293791,FALSE,TRUE,NA,Low,41,59,Small-Sample Watchlist,Fullbacks and wingbacks,1.1.0,2026-07-25 22:12:49 UTC,NA,NA,NA,Performance data through: 2026-07-25 (updates every day) · MLSPA compensation as of: 2026-04-16,FALSE,2026-07-25 22:12:44 UTC
2vQ1dr8bqr,asa_2vQ1dr8bqr_mls_blended,Andrei Chirila,andrei chirila,2008-08-15,USA,CB,NA,17.87542778918549,mls,NWMWlBK5lz,CB,asa_live,TRUE,NA,mlspa_via_asa,478,98373,0,NA,FALSE,1,0,blended,2025+2026 season to date,478,0.14968619246861925,0.00643933054393305,0.04467991631799163,0.00335146443514644,0.021596234309623433,0.0715857740585774,0.00203347280334728,2026,98373,FC Cincinnati,0.1396251547943452,1,0.1440863570283925,0.15369211416842155,0.006868619247076564,38.297872340425535,0.04765857740734707,47.340425531914896,0.003574895397601251,17.5531914893617,0.023035983264318202,94.68085106382979,0.07635815899820209,51.06382978723404,0.0021690376569715474,91.48936170212765,53.191489361702125,98373,9.444444444444445,10.54945054945055,509583.5,43.74704491725768,TRUE,FALSE,87.5,Low,37.75,62.25,Fair Value,Center backs,1.1.0,2026-07-25 22:12:49 UTC,13,13,56,Performance data through: 2026-07-25 (updates every day) · MLSPA compensation as of: 2026-04-16,FALSE,2026-07-25 22:12:44 UTC
2vQ1eBB8Qr,asa_2vQ1eBB8Qr_mls_blended,Troy Elgersma,troy elgersma,NA,USA,FW,NA,26,mls,kaDQ0wRqEv,FW,asa_live,FALSE,NA,NA,29,NA,0,NA,FALSE,1,0,blended,2025+2026 season to date,29,0.0080689655172414,0.2839655172413793,-0.03941379310344827,0.17162068965517244,-0.42486206896551726,0.01675862068965517,0,2026,NA,LA Galaxy,0.21844855740004673,1,0.2087490213672942,0.22266562279873878,0.3028965517336034,99.29078014184397,-0.04204137931165862,52.4822695035461,0.18306206897123795,48.226950354609926,-0.4531862069107138,0.7092198581560284,0.017875862069524136,25.53191489361702,0,31.56028368794326,41.843971631205676,NA,NA,NA,540000,NA,FALSE,FALSE,NA,Insufficient,49,51,Insufficient Evidence,Strikers,1.1.0,2026-07-25 22:12:49 UTC,NA,NA,NA,Performance data through: 2026-07-25 (updates every day) · MLSPA compensation as of: 2026-04-16,FALSE,2026-07-25 22:12:44 UTC
2vQ1jGzOMr,asa_2vQ1jGzOMr_mls_blended,Ola Brynhildsen,ola brynhildsen,1999-04-27,Norway,FW,NA,26.17932922655715,mls,kRQabn8MKZ,FW,asa_live,TRUE,NA,mlspa_via_asa,0,NA,1450,1629610,TRUE,0,1,blended,2025+2026 season to date,1450,0.24599793103448275,0.04838896551724138,-0.03333724137931034,0.1871006896551724,0.01621862068965517,0.01836,0.00926689655172413,2026,1629610,Toronto FC,0.21844855740004673,1,0.23793469972684295,0.25379701304989694,0.051614896553337106,37.5886524822695,-0.035559724139042265,60.283687943262414,0.19957406897175392,55.319148936170215,0.017299862069506136,83.68794326241135,0.019584000000612,31.20567375886525,0.009884689655481302,68.79432624113475,66.66666666666667,1629610,75.93984962406014,90.65934065934066,540000,-9.273182957393473,FALSE,FALSE,NA,Low,41,59,Insufficient Evidence,Strikers,1.1.0,2026-07-25 22:12:49 UTC,NA,NA,NA,Performance data through: 2026-07-25 (updates every day) · MLSPA compensation as of: 2026-04-16,FALSE,2026-07-25 22:12:44 UTC
315V1k0nM9,asa_315V1k0nM9_mls_blended,Nikola Djordjevic,nikola djordjevic,2002-11-14,USA,W,NA,23.627652292950035,mls,lgpMOvnQzy,W,asa_live,TRUE,NA,mlspa_via_asa,64,88025,0,NA,FALSE,1,0,blended,2025+2026 season to date,64,-0.252703125,0.05540625,-0.1175625,0.153140625,-0.034734375,-0.30951562499999996,5.625000000000001e-4,2026,88025,Vancouver Whitecaps FC,0.19903356584128315,1,0.15549267997706312,0.16585885864738376,0.05910000000184687,71.61572052401746,-0.12540000000391874,2.183406113537118,0.1633500000051047,88.20960698689956,-0.03705000000115781,10.91703056768559,-0.33015000001031714,0.4366812227074236,6.0000000001875e-4,46.724890829694324,13.537117903930131,88025,4.906542056074766,4.34065934065934,527437.5,8.630575847855365,FALSE,TRUE,NA,Low,49,51,Small-Sample Watchlist,Wingers and attacking midfielders,1.1.0,2026-07-25 22:12:49 UTC,NA,NA,NA,Performance data through: 2026-07-25 (updates every day) · MLSPA compensation as of: 2026-04-16,FALSE,2026-07-25 22:12:44 UTC
315V60b59x,asa_315V60b59x_mls_blended,Tim Ream,tim ream,1987-10-05,USA,CB,NA,38.7378507871321,mls,NPqxKXZ59d,CB,asa_live,TRUE,NA,mlspa_via_asa,1171,1127750,2790,1127750,TRUE,0.6258685195082844,0.37413148049171563,blended,2025+2026 season to date,2214.8268305718866,0.0923648040551025,0.00196739711384286,0.07607253323218566,0.003440285512318753,0.010955759383458906,0.001923277184876119,-0.0019944483715797997,2026,1127750,Charlotte FC,0.1396251547943452,1,0.10243867792029673,0.10926792311839781,0.002098556921497964,17.5531914893617,0.08114403545020045,88.29787234042553,0.0036696378799213458,18.617021276595743,0.011686143342721358,81.91489361702128,0.0020514956639319693,4.787234042553192,-0.002127411596418268,61.170212765957444,10.638297872340425,1127750,89.44444444444444,84.61538461538461,509583.5,-78.80614657210401,TRUE,FALSE,2.0833333333333335,High,20.75,79.25,Below Expected Value by Current Model,Center backs,1.1.0,2026-07-25 22:12:49 UTC,95,95,417,Performance data through: 2026-07-25 (updates every day) · MLSPA compensation as of: 2026-04-16,FALSE,2026-07-25 22:12:44 UTC
315V7AgEq9,asa_315V7AgEq9_mls_blended,Peyton Miller,peyton miller,2007-11-08,USA,W,NA,18.64476386036961,mls,19vQ2095K6,W,asa_live,TRUE,NA,mlspa_via_asa,923,115400,2283,115400,TRUE,0.5686999383857055,0.43130006161429446,blended,2025+2026 season to date,1907.6580406654343,0.22336299887539746,0.04486035253739971,-5.650532789573016e-4,0.12513842813109516,-0.02459200973522047,0.06320009181420497,0.015321189406875383,2026,115400,New England Revolution,0.19903356584128315,1,0.2175417666404812,0.23204455109043132,0.047851042708055035,51.09170305676856,-6.027234975732902e-4,53.711790393013104,0.1334809900106728,80.78602620087337,-0.026231477051721568,17.467248908296945,0.06741343127059196,90.82969432314411,0.016342602034511114,84.27947598253274,69.43231441048034,115400,19.626168224299064,18.571428571428573,527437.5,49.80614618618128,TRUE,FALSE,98.9247311827957,High,20.75,79.25,Strong Value,Wingers and attacking midfielders,1.1.0,2026-07-25 22:12:49 UTC,2,2,8,Performance data through: 2026-07-25 (updates every day) · MLSPA compensation as of: 2026-04-16,FALSE,2026-07-25 22:12:44 UTC
315V7V1Yq9,asa_315V7V1Yq9_mls_blended,Leonardo Barroso,leonardo barroso,2005-06-12,Portugal,FB,NA,21.05133470225873,mls,X0Oq66zq6D,FB,asa_live,TRUE,NA,mlspa_via_asa,611,395500,1182,395500,TRUE,0.4660564454614798,0.5339435545385203,blended,2025+2026 season to date,1242.121281464531,0.10868648723994936,0.019735959297935854,0.005670317926796689,0.012239461487530343,0.016678321272171816,0.05554018515722102,-0.0011777579017063708,2026,395500,Chicago Fire FC,0.11482828719990651,1,0.11068694183164951,0.11806607129078238,0.021051689918456108,69.89795918367346,0.006048339122105479,36.734693877551024,0.013055425587107015,26.53061224489796,0.017790209357539215,76.53061224489795,0.05924286416955376,55.61224489795919,-0.0012562750951927207,47.44897959183673,43.87755102040816,395500,56.68449197860963,43.956043956043956,336500,-12.806940958201466,TRUE,FALSE,50,Medium,29.75,70.25,Fair Value,Fullbacks and wingbacks,1.1.0,2026-07-25 22:12:49 UTC,41,41,215,Performance data through: 2026-07-25 (updates every day) · MLSPA compensation as of: 2026-04-16,FALSE,2026-07-25 22:12:44 UTC
315V7Z2Vq9,asa_315V7Z2Vq9_mls_blended,Dor Turgeman,dor turgeman,2003-10-24,Israel,FW,NA,22.68583162217659,mls,19vQ2095K6,FW,asa_live,TRUE,NA,mlspa_via_asa,1375,800000,245,800000,TRUE,0.6626506024096386,0.3373493975903614,blended,2025+2026 season to date,1457.6506024096386,0.22887573149741824,0.05392006884681583,-0.037865679862306365,0.09416447504302927,0.02753039586919104,0.06521452667814112,0.02591194492254733,2026,800000,New England Revolution,0.21844855740004673,1,0.2258352228459026,0.2408909043764906,0.057514740105067554,47.5177304964539,-0.04039005852105564,55.319148936170215,0.10044210671570337,17.73049645390071,0.029365755594721456,88.65248226950355,0.06956216179219102,95.74468085106383,0.02763940791824755,89.36170212765957,58.156028368794324,800000,60.902255639097746,74.01098901098901,540000,-2.7462272703034216,TRUE,FALSE,61.40350877192982,High,20.75,79.25,Fair Value,Strikers,1.1.0,2026-07-25 22:12:49 UTC,23,23,166,Performance data through: 2026-07-25 (updates every day) · MLSPA compensation as of: 2026-04-16,FALSE,2026-07-25 22:12:44 UTC
315V7bLYq9,asa_315V7bLYq9_mls_blended,Reid Roberts,reid roberts,2003-12-09,USA,CB,NA,22.559890485968516,mls,0KPqjA456v,CB,asa_live,TRUE,NA,mlspa_via_asa,1529,88025,1014,88025,TRUE,0.6859578286227007,0.3140421713772993,blended,2025+2026 season to date,1847.4387617765815,0.09589016222415127,0.006592082314620878,0.05681601853990301,0.011216418326471123,-0.0019691081255425436,0.027458583863594736,-0.004223832694895943,2026,88025,San Jose Earthquakes,0.1396251547943452,1,0.10661198127512853,0.11371944669702416,0.007031554469148673,40.42553191489362,0.06060375311112374,66.48936170212765,0.011964179548609745,36.170212765957444,-0.00210038200064435,29.78723404255319,0.029289156122083004,12.23404255319149,-0.004505421541363134,49.46808510638298,13.829787234042554,88025,3.611111111111111,4.34065934065934,509583.5,10.218676122931443,TRUE,FALSE,68.75,High,14,86,Fair Value,Center backs,1.1.0,2026-07-25 22:12:49 UTC,31,31,135,Performance data through: 2026-07-25 (updates every day) · MLSPA compensation as of: 2026-04-16,FALSE,2026-07-25 22:12:44 UTC
315V7ox6q9,asa_315V7ox6q9_mls_blended,Alexis Manyoma,alexis manyoma,2003-01-30,Colombia,W,NA,23.416837782340863,mls,pzeQZ6xQKw,W,asa_live,TRUE,NA,mlspa_via_asa,304,711750,60,711750,TRUE,0.30278884462151395,0.6972111553784861,blended,2025+2026 season to date,345.8326693227092,0.2627509960159363,0.05053087649402391,0.034081673306772906,0.012137450199203197,0.06231573705179284,0.11779780876494023,-0.014112549800796813,2026,711750,Colorado Rapids,0.19903356584128315,1,0.22233110003986697,0.23715317338326913,0.05389960159530986,60.262008733624455,0.03635378486169382,83.4061135371179,0.012946613546221324,3.493449781659389,0.06647011952398955,85.58951965065502,0.12565099601986282,97.37991266375546,-0.015053386454653685,3.056768558951965,72.48908296943232,711750,63.55140186915888,67.6923076923077,527437.5,8.937681100273437,FALSE,TRUE,NA,Low,41,59,Small-Sample Watchlist,Wingers and attacking midfielders,1.1.0,2026-07-25 22:12:49 UTC,NA,NA,NA,Performance data through: 2026-07-25 (updates every day) · MLSPA compensation as of: 2026-04-16,FALSE,2026-07-25 22:12:44 UTC
315V7yb6q9,asa_315V7yb6q9_mls_blended,Jordan Knight,jordan knight,2002-06-13,Canada,W,NA,24.04928131416838,mls,vzqoOgNqap,W,asa_live,TRUE,NA,mlspa_via_asa,24,93858,0,NA,FALSE,1,0,blended,2025+2026 season to date,24,0.011625000000000002,0,-0.071625,0.108,-0.010125,-0.0030000000000000005,-0.01162499999999999,2026,93858,Nashville SC,0.19903356584128315,1,0.19182554407815688,0.20461391368976153,0,5.895196506550218,-0.07640000000238749,7.860262008733624,0.11520000000359999,72.92576419213974,-0.0108000000003375,24.017467248908297,-0.0032000000001000005,6.550218340611353,-0.012400000000387488,4.366812227074236,44.54148471615721,93858,8.878504672897197,8.736263736263735,527437.5,35.662980043260006,FALSE,TRUE,NA,Low,49,51,Small-Sample Watchlist,Wingers and attacking midfielders,1.1.0,2026-07-25 22:12:49 UTC,NA,NA,NA,Performance data through: 2026-07-25 (updates every day) · MLSPA compensation as of: 2026-04-16,FALSE,2026-07-25 22:12:44 UTC
315VPKlXQ9,asa_315VPKlXQ9_mls_blended,Iván Jaime,ivan jaime,2000-09-26,Spain,W,NA,25.760438056125945,mls,APk5LGOMOW,W,asa_live,TRUE,NA,mlspa_via_asa,918,2111200,340,2111200,TRUE,0.5673671199011124,0.43263288009888756,blended,2025+2026 season to date,1065.0951792336218,0.5335803097505999,0.10210906711262999,0.0713900967061732,0.12554322693230568,0.16148269468479604,0.04531869410310478,0.027736530211590196,2026,2111200,CF Montréal,0.19903356584128315,1,0.41302981579146336,0.44056513685799525,0.10891633825687562,97.37991266375546,0.07614943648896443,93.44978165938865,0.13391277539864416,81.6593886462882,0.17224820766916518,97.81659388646288,0.04833994037815572,68.99563318777292,0.02958563222662076,93.44978165938865,100,2111200,85.98130841121495,92.85714285714286,527437.5,14.018691588785046,TRUE,FALSE,82.79569892473118,High,20.75,79.25,Undervalued,Wingers and attacking midfielders,1.1.0,2026-07-25 22:12:49 UTC,17,17,75,Performance data through: 2026-07-25 (updates every day) · MLSPA compensation as of: 2026-04-16,FALSE,2026-07-25 22:12:44 UTC
315VPPBEQ9,asa_315VPPBEQ9_mls_blended,Tayvon Gray,tayvon gray,2002-08-19,USA,FB,NA,23.86584531143053,mls,Vj58weDM8n,FB,asa_live,TRUE,NA,mlspa_via_asa,1437,664000,2470,664000,TRUE,0.6724379971923257,0.32756200280767434,blended,2025+2026 season to date,2246.078146934956,0.12055605023501487,0.011801933923033345,0.04464810860887505,0.01438040197863363,0.006534680082373601,0.04927209243727728,-0.0060811667951780725,2026,664000,New York City FC,0.11482828719990651,1,0.1193485437493739,0.12730511333664377,0.012588729518295632,51.53061224489796,0.047624649184288326,84.18367346938776,0.015339095444355218,31.122448979591837,0.00697032542141633,58.673469387755105,0.05255689860140483,47.44897959183673,-0.006486577915059316,27.551020408163264,57.142857142857146,664000,82.3529411764706,64.94505494505495,336500,-25.210084033613448,TRUE,FALSE,28.75,High,20.75,79.25,Below Expected Value by Current Model,Fullbacks and wingbacks,1.1.0,2026-07-25 22:12:49 UTC,58,58,305,Performance data through: 2026-07-25 (updates every day) · MLSPA compensation as of: 2026-04-16,FALSE,2026-07-25 22:12:44 UTC
315VPR6vQ9,asa_315VPR6vQ9_mls_blended,Petar Musa,petar musa,1998-03-04,Croatia,FW,NA,28.32580424366872,mls,mKAqBBmqbg,FW,asa_live,TRUE,NA,mlspa_via_asa,1214,2880000,2787,2880000,TRUE,0.6342737722048067,0.36572622779519326,blended,2025+2026 season to date,2233.2789968652037,0.38869711254559625,0.10110542059922188,-0.02947783709182692,0.22277232234748656,0.049779838772266674,0.04720764060185388,-0.002690272683405822,2026,2880000,FC Dallas,0.21844855740004673,1,0.3526437859228565,0.3761533716628017,0.10784578197587352,95.0354609929078,-0.031443026232264644,64.53900709219859,0.2376238105114114,72.34042553191489,0.053098494692077114,94.32624113475177,0.05035481664355106,87.94326241134752,-0.0028696241957225526,19.148936170212767,97.16312056737588,2880000,84.9624060150376,95.05494505494505,540000,12.200714552338283,TRUE,FALSE,78.94736842105263,High,20.75,79.25,Undervalued,Strikers,1.1.0,2026-07-25 22:12:49 UTC,13,13,92,Performance data through: 2026-07-25 (updates every day) · MLSPA compensation as of: 2026-04-16,FALSE,2026-07-25 22:12:44 UTC
315VPVXbQ9,asa_315VPVXbQ9_mls_blended,Ibrahim Aliyu,ibrahim aliyu,2002-01-16,Nigeria,FB,NA,24.45448323066393,mls,YgOMngl5wN,FB,asa_live,TRUE,NA,mlspa_via_asa,333,576379,1578,576379,TRUE,0.32236205227492737,0.6776379477250727,blended,2025+2026 season to date,1402.3126815101648,0.17739514279719823,0.035012606789630404,-0.06896998663864339,0.14660036292830875,-1.668623633037528e-4,0.06914659947953283,-0.0042275773983266995,2026,576379,Houston Dynamo FC,0.11482828719990651,1,0.15864676563062008,0.16922321667794965,0.03734678057677285,89.28571428571429,-0.07356798575018528,3.5714285714285716,0.15637372046174933,97.44897959183673,-1.779865208628984e-4,40.816326530612244,0.07375637278047324,75.51020408163265,-0.004509415891689399,33.673469387755105,88.26530612244898,576379,75.40106951871658,58.68131868131868,336500,12.864236603732394,FALSE,TRUE,NA,Low,41,59,Small-Sample Watchlist,Fullbacks and wingbacks,1.1.0,2026-07-25 22:12:49 UTC,NA,NA,NA,Performance data through: 2026-07-25 (updates every day) · MLSPA compensation as of: 2026-04-16,FALSE,2026-07-25 22:12:44 UTC
315VPZmnQ9,asa_315VPZmnQ9_mls_blended,Aziel Jackson,aziel jackson,2001-10-25,USA,W,NA,24.681724845995895,mls,lgpMOvnQzy,W,asa_live,TRUE,NA,mlspa_via_asa,581,403680,841,403680,TRUE,0.453551912568306,0.5464480874316939,blended,2025+2026 season to date,1040.5628415300546,0.19891162801059292,0.06536254375436848,0.0047272010849134065,0.07075187896643619,-0.028205732553250144,0.042072296000913376,0.04420344075721163,2026,403680,Vancouver Whitecaps FC,0.19903356584128315,1,0.19895622410686065,0.21221997238728324,0.06972004667350513,82.09606986899563,0.005042347824065207,62.00873362445415,0.07546867089989033,41.048034934497814,-0.03008611472440701,13.973799126637555,0.04487711573571001,64.19213973799127,0.04715033680916585,96.94323144104804,52.40174672489083,403680,40.18691588785047,44.505494505494504,527437.5,12.21483083704036,TRUE,FALSE,79.56989247311827,Medium,29.75,70.25,Fair Value,Wingers and attacking midfielders,1.1.0,2026-07-25 22:12:49 UTC,20,20,89,Performance data through: 2026-07-25 (updates every day) · MLSPA compensation as of: 2026-04-16,FALSE,2026-07-25 22:12:44 UTC
315VX4PEQ9,asa_315VX4PEQ9_mls_blended,Luca De La Torre,luca de la torre,1998-05-23,USA,CM,NA,28.10677618069815,mls,NPqxKXZ59d,CM,asa_live,TRUE,NA,mlspa_via_asa,554,1611827,2485,1611827,TRUE,0.44178628389154706,0.5582137161084529,blended,2025+2026 season to date,1941.1610845295056,0.08488964889817371,0.021977390659747957,-0.01061594447065166,0.0431028371184042,0.0055529011388907625,0.02601300626726868,-0.0011405418154862167,2026,1611827,Charlotte FC,0.13647524696350208,1,0.09706965552098394,0.10354096589228519,0.023442550037797067,71.01449275362319,-0.011323674102382303,18.357487922705314,0.045976359594401245,77.29468599033817,0.005923094548335243,54.106280193236714,0.027747206685953693,11.594202898550725,-0.0012165779365566492,48.309178743961354,9.66183574879227,1611827,95.40816326530613,90.32967032967034,510300,-85.74632751651386,TRUE,FALSE,1.0309278350515463,Medium,29.75,70.25,Below Expected Value by Current Model,Central and defensive midfielders,1.1.0,2026-07-25 22:12:49 UTC,97,97,423,Performance data through: 2026-07-25 (updates every day) · MLSPA compensation as of: 2026-04-16,FALSE,2026-07-25 22:12:44 UTC
315VXO8XQ9,asa_315VXO8XQ9_mls_blended,Tomas Totland,tomas totland,1999-09-28,Norway,FB,NA,26.757015742642025,mls,wvq9B9wQWn,FB,asa_live,TRUE,NA,mlspa_via_asa,780,391763,1193,391763,TRUE,0.527027027027027,0.472972972972973,blended,2025+2026 season to date,1344.2567567567567,0.12536508518157724,0.012875830293831133,0.014023584649192363,0.05685531478670624,0.004300899390589245,0.03549763032101674,0.001811825740241493,2026,391763,St. Louis City SC,0.11482828719990651,1,0.12211341650817198,0.13025431094612056,0.013734218980515736,55.61224489795919,0.014958490292939308,50.51020408163265,0.06064566910771516,84.18367346938776,0.004587626016771892,50,0.03786413901026778,29.081632653061224,0.0019326141229846535,73.46938775510205,59.69387755102041,391763,56.149732620320854,43.62637362637363,336500,3.5441449306995523,TRUE,FALSE,66.25,Medium,29.75,70.25,Fair Value,Fullbacks and wingbacks,1.1.0,2026-07-25 22:12:49 UTC,28,28,146,Performance data through: 2026-07-25 (updates every day) · MLSPA compensation as of: 2026-04-16,FALSE,2026-07-25 22:12:44 UTC
315VXPJEQ9,asa_315VXPJEQ9_mls_blended,Julio Cascante,julio cascante,1993-10-03,Costa Rica,CB,NA,31.742642026009584,mls,gpMOLwl5zy,CB,asa_live,TRUE,NA,mlspa_via_asa,0,NA,906,853750,TRUE,0,1,blended,2025+2026 season to date,906,0.10336092715231789,0.00701324503311258,0.06498675496688741,0.01266556291390728,0.01136423841059602,0.00703311258278145,2.980132450331126e-4,2026,853750,Austin FC,0.1396251547943452,1,0.11780882661129291,0.12566274838930605,0.007480794702220526,43.61702127659574,0.06931920530017946,78.72340425531915,0.013509933775256618,39.8936170212766,0.012121854305014562,83.51063829787235,0.007501986755201317,5.319148936170213,3.1788079471192055e-4,82.44680851063829,26.595744680851062,853750,77.22222222222223,76.92307692307692,509583.5,-50.626477541371166,FALSE,FALSE,NA,Low,41,59,Insufficient Evidence,Center backs,1.1.0,2026-07-25 22:12:49 UTC,NA,NA,NA,Performance data through: 2026-07-25 (updates every day) · MLSPA compensation as of: 2026-04-16,FALSE,2026-07-25 22:12:44 UTC
315VXyJXQ9,asa_315VXyJXQ9_mls_blended,Andrew Gutman,andrew gutman,1996-10-02,USA,FB,NA,29.744010951403148,mls,X0Oq66zq6D,FB,asa_live,TRUE,NA,mlspa_via_asa,981,625000,3517,625000,TRUE,0.5835812016656752,0.4164187983343248,blended,2025+2026 season to date,2445.5449137418204,0.15853908685560084,0.027846730345359165,0.03729279388614187,0.05230597148853103,-0.005659011207059718,0.0321092937389009,0.014643308603727586,2026,625000,Chicago Fire FC,0.11482828719990651,1,0.14992766245168548,0.1599228399534621,0.029703179035978,84.6938775510204,0.03977898014646109,78.06122448979592,0.055793036256176626,82.65306122448979,-0.006036278621052333,26.53061224489796,0.03424991332256461,26.020408163265305,0.015619529177797535,96.42857142857143,83.6734693877551,625000,79.14438502673796,61.92307692307692,336500,4.529084361017141,TRUE,FALSE,68.75,High,20.75,79.25,Fair Value,Fullbacks and wingbacks,1.1.0,2026-07-25 22:12:49 UTC,26,26,136,Performance data through: 2026-07-25 (updates every day) · MLSPA compensation as of: 2026-04-16,FALSE,2026-07-25 22:12:44 UTC
315VkJ1Yq9,asa_315VkJ1Yq9_mls_blended,Ian Murphy,ian murphy,2000-01-16,USA,FB,NA,26.455852156057496,mls,zeQZBOzQKw,FB,asa_live,TRUE,NA,mlspa_via_asa,46,447500,1164,447500,TRUE,0.15,0.85,blended,2025+2026 season to date,1035.4,-0.009284922680412394,0,0.020997512326311064,0.0016789612281488068,-0.08644852644554012,0.05581210219632453,-0.0013249719856566488,2026,447500,San Diego FC,0.11482828719990651,1,0.03625006932655308,0.038666740616198285,0,6.377551020408164,0.022397346482098384,58.16326530612245,0.001790891976748026,3.5714285714285716,-0.09221176154479108,2.5510204081632653,0.059532909011273234,57.6530612244898,-0.0014133034514112579,46.42857142857143,1.0204081632653061,447500,63.63636363636363,48.79120879120879,336500,-62.615955473098325,FALSE,TRUE,NA,Low,41,59,Small-Sample Watchlist,Fullbacks and wingbacks,1.1.0,2026-07-25 22:12:49 UTC,NA,NA,NA,Performance data through: 2026-07-25 (updates every day) · MLSPA compensation as of: 2026-04-16,FALSE,2026-07-25 22:12:44 UTC
4JMARyP65K,asa_4JMARyP65K_mls_blended,Arnau Farnós,arnau farnos,2003-01-18,Spain,W,NA,23.449691991786448,mls,Vj58weDM8n,W,asa_live,FALSE,NA,NA,187,NA,0,NA,FALSE,1,0,blended,2025+2026 season to date,187,0.12980213903743315,0.02868449197860962,0.00924064171122994,0.05977540106951872,-0.01299465240641711,0.04100534759358289,0.00409090909090909,2026,NA,New York City FC,0.19903356584128315,1,0.18258340470745854,0.1947556316940419,0.030596791444806412,29.25764192139738,0.009856684492286624,63.75545851528384,0.06376042780947914,27.510917030567686,-0.013860962567278073,22.270742358078603,0.04373903743452193,62.00873362445415,0.004363636363772727,60.262008733624455,32.314410480349345,NA,NA,NA,527437.5,NA,FALSE,FALSE,NA,Insufficient,49,51,Insufficient Evidence,Wingers and attacking midfielders,1.1.0,2026-07-25 22:12:49 UTC,NA,NA,NA,Performance data through: 2026-07-25 (updates every day) · MLSPA compensation as of: 2026-04-16,FALSE,2026-07-25 22:12:44 UTC
4JMAaRwPMK,asa_4JMAaRwPMK_mls_blended,Héctor Herrera,hector herrera,1990-04-19,Mexico,CM,NA,36.19986310746064,mls,YgOMngl5wN,CM,asa_live,TRUE,NA,mlspa_via_asa,736,568750,0,NA,FALSE,1,0,blended,2025+2026 season to date,736,0.08876494565217392,0.019125,0.00326494565217391,0.03399456521739131,0.01989538043478261,0.045464673913043485,-0.03297961956521739,2026,568750,Houston Dynamo FC,0.13647524696350208,1,0.1101917276782195,0.11753784286044051,0.0204000000006375,64.73429951690821,0.003482608695761002,29.468599033816425,0.03626086956635055,67.6328502415459,0.021221739131097962,81.64251207729468,0.04849565217542854,28.985507246376812,-0.035178260870664536,3.864734299516908,22.22222222222222,568750,54.59183673469388,57.91208791208791,510300,-32.36961451247166,TRUE,FALSE,30.927835051546392,Low,37.75,62.25,Below Expected Value by Current Model,Central and defensive midfielders,1.1.0,2026-07-25 22:12:49 UTC,68,68,296,Performance data through: 2026-07-25 (updates every day) · MLSPA compensation as of: 2026-04-16,FALSE,2026-07-25 22:12:44 UTC
4JMAaaxkMK,asa_4JMAaaxkMK_mls_blended,Sebastian Lletget,sebastian lletget,1992-09-03,USA,CM,NA,32.824093086926766,mls,mKAqBBmqbg,CM,asa_live,TRUE,NA,mlspa_via_asa,0,NA,1331,891250,TRUE,0,1,blended,2025+2026 season to date,1331,0.15206686701728023,0.02523516153268219,0.013740045078888048,0.05313448534936139,-0.00696468820435762,0.06464312546957174,0.00227873779113448,2026,891250,FC Dallas,0.13647524696350208,1,0.1472222414179706,0.15703705751740937,0.026917505635702173,76.32850241545894,0.014656048084605253,45.410628019323674,0.0566767843744233,84.54106280193237,-0.007429000751546951,22.705314009661837,0.06895266716969796,65.21739130434783,0.0024306536439527363,76.81159420289855,66.66666666666667,891250,82.14285714285714,78.24175824175825,510300,-15.476190476190467,FALSE,FALSE,NA,Low,41,59,Insufficient Evidence,Central and defensive midfielders,1.1.0,2026-07-25 22:12:49 UTC,NA,NA,NA,Performance data through: 2026-07-25 (updates every day) · MLSPA compensation as of: 2026-04-16,FALSE,2026-07-25 22:12:44 UTC
4JMAk1lYqK,asa_4JMAk1lYqK_mls_blended,Nehuen Benedetti,nehuen benedetti,2005-02-24,Argentina,CM,NA,21.347022587268995,mls,a2lqRX2Mr0,CM,asa_live,TRUE,NA,mlspa_via_asa,110,194800,0,NA,FALSE,1,0,blended,2025+2026 season to date,110,0.35664545454545454,0.00908181818181818,0.02086363636363636,0.07510909090909092,0.09859090909090908,0.17607272727272727,-0.023072727272727273,2026,194800,New York Red Bulls,0.13647524696350208,1,0.1705861241945088,0.18195853247982893,0.009687272727575453,30.917874396135264,0.022254545455240905,54.589371980676326,0.08011636363886727,92.27053140096618,0.1051636363669227,99.03381642512078,0.18781090909677817,99.03381642512078,-0.024610909091678183,7.246376811594203,83.09178743961353,194800,27.551020408163264,29.23076923076923,510300,55.54076703145026,FALSE,TRUE,NA,Low,49,51,Small-Sample Watchlist,Central and defensive midfielders,1.1.0,2026-07-25 22:12:49 UTC,NA,NA,NA,Performance data through: 2026-07-25 (updates every day) · MLSPA compensation as of: 2026-04-16,FALSE,2026-07-25 22:12:44 UTC
4JMAk2EkqK,asa_4JMAk2EkqK_mls_blended,Alexander Shaw,alexander shaw,2008-04-03,USA,CM,NA,18.24229979466119,mls,zeQZkL1MKw,CM,asa_live,TRUE,NA,mlspa_via_asa,36,88025,0,NA,FALSE,1,0,blended,2025+2026 season to date,36,0.01575,0,0.00875,-0.03025,-0.013,0.04950000000000001,7.499999999999999e-4,2026,88025,Inter Miami CF,0.13647524696350208,1,0.12964174241839818,0.13828452525061277,0,6.280193236714976,0.009333333333625,42.028985507246375,-0.032266666667675,0.966183574879227,-0.0138666666671,14.009661835748792,0.052800000001650006,36.47342995169082,8.000000000249999e-4,69.56521739130434,42.028985507246375,88025,3.826530612244898,4.34065934065934,510300,38.20245489500148,FALSE,TRUE,NA,Low,49,51,Small-Sample Watchlist,Central and defensive midfielders,1.1.0,2026-07-25 22:12:49 UTC,NA,NA,NA,Performance data through: 2026-07-25 (updates every day) · MLSPA compensation as of: 2026-04-16,FALSE,2026-07-25 22:12:44 UTC
4JMAk7nkqK,asa_4JMAk7nkqK_mls_blended,Devin Padelford,devin padelford,2003-01-03,USA,CB,NA,23.49075975359343,mls,kRQand1MKZ,CB,asa_live,TRUE,NA,mlspa_via_asa,656,179500,982,179500,TRUE,0.4837758112094395,0.5162241887905605,blended,2025+2026 season to date,1162.9321533923305,0.0942971270479246,0.010760701476127817,0.035478245588738896,0.02208276408990141,-0.010010485193662922,0.033683885154011134,0.0023020159328082444,2026,179500,Minnesota United FC,0.1396251547943452,1,0.10972416239668648,0.11703910656012305,0.011478081574895029,67.02127659574468,0.0378434619625041,32.4468085106383,0.023554948363297596,66.48936170212765,-0.010677850873574132,15.425531914893616,0.03592947749873467,14.893617021276595,0.0024554836617388612,92.02127659574468,16.48936170212766,179500,24.444444444444443,28.35164835164835,509583.5,-7.955082742316783,TRUE,FALSE,41.666666666666664,Medium,29.75,70.25,Fair Value,Center backs,1.1.0,2026-07-25 22:12:49 UTC,57,57,250,Performance data through: 2026-07-25 (updates every day) · MLSPA compensation as of: 2026-04-16,FALSE,2026-07-25 22:12:44 UTC
4JMAka69qK,asa_4JMAka69qK_mls_blended,Andrew Moran,andrew moran,2003-10-15,Republic of Ireland,CM,NA,21.711156741957563,mls,eVq3ya6MWO,CM,asa_live,TRUE,NA,mlspa_via_asa,0,NA,477,691111,TRUE,0,1,blended,2025+2026 season to date,477,0.2258490566037736,0.05524528301886793,-5.660377358490566e-4,0.1331320754716981,-0.01526415094339622,0.05367924528301886,-3.773584905660377e-4,2026,691111,Los Angeles FC,0.13647524696350208,1,0.17605863340585076,0.1877958756387761,0.05892830188863397,96.13526570048309,-6.037735849245283e-4,25.120772946859905,0.14200754717424904,99.03381642512078,-0.016281761006798106,13.526570048309178,0.057257861637009425,43.96135265700483,-4.0251572328301886e-4,57.00483091787439,86.95652173913044,691111,65.3061224489796,66.5934065934066,510300,21.650399290150844,FALSE,FALSE,NA,Low,41,59,Insufficient Evidence,Central and defensive midfielders,1.1.0,2026-07-25 22:12:49 UTC,NA,NA,NA,Performance data through: 2026-07-25 (updates every day) · MLSPA compensation as of: 2026-04-16,FALSE,2026-07-25 22:12:44 UTC
4JMAkkK1qK,asa_4JMAkkK1qK_mls_blended,Preston Judd,preston judd,1999-05-28,USA,FW,NA,27.09377138945927,mls,0KPqjA456v,FW,asa_live,TRUE,NA,mlspa_via_asa,1422,299375,1253,299375,TRUE,0.6701225259189444,0.3298774740810556,blended,2025+2026 season to date,1835.3364750235628,0.39756858713451526,0.08812902605847756,-0.026279195341171763,0.26572030971098204,0.01639383368699288,0.029003780559080445,0.024600832460154064,2026,299375,San Jose Earthquakes,0.21844855740004673,1,0.3534383328789339,0.3770008884159774,0.09400429446531369,85.1063829787234,-0.028031141698125855,69.50354609929079,0.28343499703390485,85.1063829787234,0.017486755933338864,84.39716312056737,0.0309373659306526,54.60992907801418,0.026240887958317697,87.94326241134752,97.87234042553192,299375,37.59398496240601,35.934065934065934,540000,60.278355463125905,TRUE,FALSE,98.24561403508773,High,20.75,79.25,Elite Value,Strikers,1.1.0,2026-07-25 22:12:49 UTC,2,2,10,Performance data through: 2026-07-25 (updates every day) · MLSPA compensation as of: 2026-04-16,FALSE,2026-07-25 22:12:44 UTC
4JMAkzjkqK,asa_4JMAkzjkqK_mls_blended,Ervin Torres,ervin torres,2007-11-14,USA,W,NA,18.628336755646817,mls,gpMOLwl5zy,W,asa_live,TRUE,NA,mlspa_via_asa,61,104525,12,104525,TRUE,0.15,0.85,blended,2025+2026 season to date,71.2,0.16887602459016393,0.005510655737704918,-0.013660450819672123,0.07438770491803279,-0.007107786885245895,0.0073696721311475415,0.10237622950819672,2026,104525,Austin FC,0.19903356584128315,1,0.19583449412334558,0.20889012707142976,0.005878032787068934,12.22707423580786,-0.014571147541438945,40.17467248908297,0.07934688524838122,44.54148471615721,-0.007581639344499214,27.94759825327511,0.007860983606803033,13.973799126637555,0.10920131147882238,98.2532751091703,49.34497816593886,104525,14.485981308411215,13.846153846153847,527437.5,34.85899685752764,FALSE,TRUE,NA,Low,41,59,Small-Sample Watchlist,Wingers and attacking midfielders,1.1.0,2026-07-25 22:12:49 UTC,NA,NA,NA,Performance data through: 2026-07-25 (updates every day) · MLSPA compensation as of: 2026-04-16,FALSE,2026-07-25 22:12:44 UTC
4JMAnx65Kg,asa_4JMAnx65Kg_mls_blended,Thomas Müller,thomas muller,1989-09-13,Germany,W,NA,36.79671457905544,mls,lgpMOvnQzy,W,asa_live,TRUE,NA,mlspa_via_asa,964,5152504,1097,5152504,TRUE,0.5793269230769231,0.42067307692307687,blended,2025+2026 season to date,1425.4783653846152,0.23597716127024754,0.05052613059655704,0.023598400467183228,0.10528673425338334,0.013076098603709415,0.03917214836354393,0.004317648985870553,2026,5152504,Vancouver Whitecaps FC,0.19903356584128315,1,0.22503349599285047,0.2400357290665416,0.053894539304678385,59.82532751091703,0.025171627165782057,76.41921397379913,0.11230584987378511,71.17903930131004,0.013947838511059246,48.47161572052402,0.041783624922419264,58.951965065502186,0.004605492251739178,61.1353711790393,73.36244541484716,5152504,97.66355140186916,98.46153846153847,527437.5,-24.301105987021998,TRUE,FALSE,32.25806451612903,High,20.75,79.25,Below Expected Value by Current Model,Wingers and attacking midfielders,1.1.0,2026-07-25 22:12:49 UTC,64,64,290,Performance data through: 2026-07-25 (updates every day) · MLSPA compensation as of: 2026-04-16,FALSE,2026-07-25 22:12:44 UTC
4JMAoJNkqK,asa_4JMAoJNkqK_mls_blended,Jonathan Pérez,jonathan perez,2003-01-18,USA,W,NA,22.45037645448323,mls,vzqoOgNqap,W,asa_live,TRUE,NA,mlspa_via_asa,0,NA,977,470956,TRUE,0,1,blended,2025+2026 season to date,977,0.20350870010235417,0.05088638689866939,0.03004912998976458,0.05291299897645855,0.03262845445240532,0.03814636642784033,-0.00111463664278403,2026,470956,Nashville SC,0.19903356584128315,1,0.20180604914696887,0.21525978576349367,0.05427881269361023,61.1353711790393,0.03205240532341719,80.78602620087337,0.056440532243319554,21.83406113537118,0.03480368475031996,67.68558951965065,0.040689457524301226,55.89519650655022,-0.00118894575234012,27.074235807860262,56.33187772925764,470956,45.32710280373832,50.54945054945055,527437.5,11.004774925519321,FALSE,FALSE,NA,Low,41,59,Insufficient Evidence,Wingers and attacking midfielders,1.1.0,2026-07-25 22:12:49 UTC,NA,NA,NA,Performance data through: 2026-07-25 (updates every day) · MLSPA compensation as of: 2026-04-16,FALSE,2026-07-25 22:12:44 UTC
4JMAoJgYqK,asa_4JMAoJgYqK_mls_blended,Cade Cowell,cade cowell,2003-10-14,USA,W,NA,22.713210130047912,mls,a2lqRX2Mr0,W,asa_live,TRUE,NA,mlspa_via_asa,1035,1182500,0,NA,FALSE,1,0,blended,2025+2026 season to date,1035,0.24803478260869566,0.07221739130434783,-0.01373043478260869,0.09782608695652174,0.05008695652173912,0.04175652173913043,-1.2173913043478261e-4,2026,1182500,New York Red Bulls,0.19903356584128315,1,0.23005268471239748,0.24538953036755906,0.07703188406037827,87.77292576419214,-0.01464579710190695,39.737991266375545,0.1043478260902174,68.12227074235808,0.053426086958191295,78.16593886462883,0.04454028985646434,63.31877729257642,-1.298550724678261e-4,35.37117903930131,75.54585152838428,1182500,75.70093457943925,85.49450549450549,527437.5,-0.155083051054973,TRUE,FALSE,60.215053763440864,Medium,28.75,71.25,Fair Value,Wingers and attacking midfielders,1.1.0,2026-07-25 22:12:49 UTC,38,38,171,Performance data through: 2026-07-25 (updates every day) · MLSPA compensation as of: 2026-04-16,FALSE,2026-07-25 22:12:44 UTC
4JMAoR9lqK,asa_4JMAoR9lqK_mls_blended,Osaze Urhoghide,osaze urhoghide,2000-07-04,England,CB,NA,25.99041752224504,mls,mKAqBBmqbg,CB,asa_live,TRUE,NA,mlspa_via_asa,1327,643982,2677,643982,TRUE,0.6546620621608288,0.3453379378391712,blended,2025+2026 season to date,2251.4696595954615,0.11417840291662115,0.01367048118978032,0.023097436751777785,0.03247931169775826,-0.013242888727247527,0.08455281197299291,-0.02637874996844062,2026,643982,FC Dallas,0.1396251547943452,1,0.11953285270894351,0.12750170956019083,0.014581846602888023,76.59574468085107,0.024637265869332885,16.48936170212766,0.03464459914535812,80.31914893617021,-0.014125747976172125,10.106382978723405,0.0901896661073442,66.48936170212765,-0.028137333300549284,9.042553191489361,27.127659574468087,643982,59.44444444444444,63.2967032967033,509583.5,-32.31678486997636,TRUE,FALSE,20.833333333333332,High,20.75,79.25,Below Expected Value by Current Model,Center backs,1.1.0,2026-07-25 22:12:49 UTC,77,77,338,Performance data through: 2026-07-25 (updates every day) · MLSPA compensation as of: 2026-04-16,FALSE,2026-07-25 22:12:44 UTC
4JMAolz1qK,asa_4JMAolz1qK_mls_blended,Dani Pereira,dani pereira,2000-07-14,Venezuela,CM,NA,25.963039014373717,mls,gpMOLwl5zy,CM,asa_live,TRUE,NA,mlspa_via_asa,442,793750,2527,793750,TRUE,0.38704028021015763,0.6129597197898424,blended,2025+2026 season to date,1990.9492119089318,0.1306802567299436,0.013123724718746815,0.04143208687679194,0.017097493826741247,0.011951630273951994,0.04482524462599027,0.0022500764077212957,2026,793750,Austin FC,0.13647524696350208,1,0.13202223368732802,0.14082371593755064,0.01399863970043406,42.99516908212561,0.04419422600329247,76.81159420289855,0.018237326749093914,38.64734299516908,0.012748405625947182,70.04830917874396,0.04781359426921713,27.536231884057973,0.0024000815016443845,75.84541062801932,45.893719806763286,793750,76.53061224489795,73.62637362637362,510300,-30.636892438134666,FALSE,TRUE,NA,Low,41,59,Small-Sample Watchlist,Central and defensive midfielders,1.1.0,2026-07-25 22:12:49 UTC,NA,NA,NA,Performance data through: 2026-07-25 (updates every day) · MLSPA compensation as of: 2026-04-16,FALSE,2026-07-25 22:12:44 UTC
4JMAormOqK,asa_4JMAormOqK_mls_blended,David Da Costa,david da costa,2001-01-05,Portugal,W,NA,25.4839151266256,mls,WBLMvYAQxe,W,asa_live,TRUE,NA,mlspa_via_asa,1223,3425000,3068,3425000,TRUE,0.6359854394175767,0.3640145605824233,blended,2025+2026 season to date,2339.796671866875,0.19791229072891725,0.03002750143904061,0.016946750412389383,0.05761486188261089,0.05304651101298289,0.03698909380104017,0.003287572180853335,2026,3425000,Portland Timbers FC,0.19903356584128315,1,0.19814113821141757,0.2113505474321168,0.0320293348693109,31.87772925764192,0.018076533773780233,70.3056768558952,0.06145585267670545,26.637554585152838,0.0565829450822833,80.349344978165945,0.03945503338900915,53.711790393013104,0.003506743659686476,57.64192139737991,51.96506550218341,3425000,92.05607476635514,95.71428571428571,527437.5,-40.09100926417173,TRUE,FALSE,18.27956989247312,High,20.75,79.25,Below Expected Value by Current Model,Wingers and attacking midfielders,1.1.0,2026-07-25 22:12:49 UTC,77,77,349,Performance data through: 2026-07-25 (updates every day) · MLSPA compensation as of: 2026-04-16,FALSE,2026-07-25 22:12:44 UTC
4wM42Belqj,asa_4wM42Belqj_mls_blended,Mark Delgado,mark delgado,1995-05-16,USA,CM,NA,31.12662559890486,mls,eVq3ya6MWO,CM,asa_live,TRUE,NA,mlspa_via_asa,1331,1055000,3153,1055000,TRUE,0.65534219596258,0.34465780403741997,blended,2025+2026 season to date,2417.706056129985,0.19007354183326847,0.016531982623287658,0.07302587252486553,0.024981198183624792,0.005529615882461241,0.0681563988436138,0.0018484737754154098,2026,1055000,Los Angeles FC,0.13647524696350208,1,0.17941677927134364,0.19137789789541376,0.01763411479872457,54.106280193236714,0.07789426402895742,88.88888888888889,0.02664661139669915,55.55555555555556,0.005898256941476311,53.6231884057971,0.07270015876879327,71.01449275362319,0.0019717053605047196,74.39613526570048,88.40579710144928,1055000,87.75510204081633,83.4065934065934,510300,0.6506950606329553,TRUE,FALSE,57.7319587628866,High,20.75,79.25,Fair Value,Central and defensive midfielders,1.1.0,2026-07-25 22:12:49 UTC,42,42,182,Performance data through: 2026-07-25 (updates every day) · MLSPA compensation as of: 2026-04-16,FALSE,2026-07-25 22:12:44 UTC
4wM46RpqjB,asa_4wM46RpqjB_mls_blended,Emil Forsberg,emil forsberg,1991-10-23,Sweden,CM,NA,34.68856947296372,mls,a2lqRX2Mr0,CM,asa_live,TRUE,NA,mlspa_via_asa,1263,6035625,3175,6035625,TRUE,0.6434029546612328,0.35659704533876724,blended,2025+2026 season to date,2395.195618950586,0.22135759583796294,0.048155474707281556,0.05576259220781304,0.08642008656202743,0.005424382573675995,0.021601212991524305,0.003993846795640606,2026,6035625,New York Red Bulls,0.13647524696350208,1,0.2043538953108767,0.2179774883384136,0.051365839689372174,95.16908212560386,0.05948009835685933,82.1256038647343,0.09218142566904326,93.23671497584542,0.005786008078768541,52.65700483091788,0.023041293858345965,9.178743961352657,0.004260103248816441,82.6086956521739,96.61835748792271,6035625,98.9795918367347,99.12087912087912,510300,-2.3612343488119905,TRUE,FALSE,53.608247422680414,High,20.75,79.25,Fair Value,Central and defensive midfielders,1.1.0,2026-07-25 22:12:49 UTC,46,46,200,Performance data through: 2026-07-25 (updates every day) · MLSPA compensation as of: 2026-04-16,FALSE,2026-07-25 22:12:44 UTC
4wM4E1og5j,asa_4wM4E1og5j_mls_blended,Malcolm Fry,malcolm fry,2005-05-15,USA,W,NA,21.127994524298423,mls,19vQ2095K6,W,asa_live,TRUE,NA,mlspa_via_asa,68,118960,0,NA,FALSE,1,0,blended,2025+2026 season to date,68,-0.0328235294117647,0,-0.0710735294117647,0.0225,0.01627941176470588,0.00344117647058823,-0.00397058823529411,2026,118960,New England Revolution,0.19903356584128315,1,0.17543134656402679,0.18712676967414293,0,5.895196506550218,-0.07581176470825146,8.296943231441048,0.024000000000749998,5.895196506550218,0.017364705882895584,51.96506550218341,0.003670588235408818,12.22707423580786,-0.004235294117779404,16.157205240174672,27.074235807860262,118960,20.560747663551403,20,527437.5,6.513488144308859,FALSE,TRUE,NA,Low,49,51,Small-Sample Watchlist,Wingers and attacking midfielders,1.1.0,2026-07-25 22:12:49 UTC,NA,NA,NA,Performance data through: 2026-07-25 (updates every day) · MLSPA compensation as of: 2026-04-16,FALSE,2026-07-25 22:12:44 UTC
4wM4E8Xg5j,asa_4wM4E8Xg5j_mls_blended,Chris Donovan,chris donovan,2000-08-08,USA,FW,NA,24.8952772073922,mls,9z5k7Yg5A3,FW,asa_live,TRUE,NA,mlspa_via_asa,0,NA,675,200156,TRUE,0,1,blended,2025+2026 season to date,675,0.35012000000000004,0.03066666666666666,-0.024453333333333327,0.21030666666666667,0.00106666666666666,0.051266666666666676,0.08126666666666667,2026,200156,Philadelphia Union,0.21844855740004673,1,0.2881569681882573,0.30736743274374634,0.032711111112133325,16.31205673758865,-0.02608355555637066,71.63120567375887,0.22432711111812134,67.37588652482269,0.0011377777778133263,70.2127659574468,0.05468444444615334,89.36170212765957,0.08668444444715333,99.29078014184397,87.94326241134752,200156,31.57894736842105,29.67032967032967,540000,56.364315042926464,FALSE,FALSE,NA,Low,41,59,Insufficient Evidence,Strikers,1.1.0,2026-07-25 22:12:49 UTC,NA,NA,NA,Performance data through: 2026-07-25 (updates every day) · MLSPA compensation as of: 2026-04-16,FALSE,2026-07-25 22:12:44 UTC
4wM4EBbB5j,asa_4wM4EBbB5j_mls_blended,Gavin Turner,gavin turner,2007-01-05,USA,FW,NA,19.485284052019164,mls,EKXMeX3Q64,FW,asa_live,TRUE,NA,mlspa_via_asa,55,110259,26,110259,TRUE,0.15,0.85,blended,2025+2026 season to date,77.1,-0.008720244755244752,0.0906476223776224,-0.10199895104895104,0.0717727972027972,-0.08434762237762236,0.01520590909090909,0,2026,110259,D.C. United,0.21844855740004673,1,0.192581307885687,0.20542006175115218,0.09669079720581882,86.52482269503547,-0.10879888112228107,6.382978723404255,0.07655765035204276,11.347517730496454,-0.08997079720560877,13.47517730496454,0.016219636364143225,21.98581560283688,0,31.56028368794326,29.078014184397162,110259,18.045112781954888,14.835164835164836,540000,11.032901402442274,FALSE,TRUE,NA,Low,41,59,Small-Sample Watchlist,Strikers,1.1.0,2026-07-25 22:12:49 UTC,NA,NA,NA,Performance data through: 2026-07-25 (updates every day) · MLSPA compensation as of: 2026-04-16,FALSE,2026-07-25 22:12:44 UTC
4wM4EmLl5j,asa_4wM4EmLl5j_mls_blended,Daniel Pinter,daniel pinter,2007-06-06,Hungary,W,NA,19.069130732375086,mls,zeQZkL1MKw,W,asa_live,TRUE,NA,mlspa_via_asa,290,88025,24,88025,TRUE,0.29292929292929293,0.7070707070707071,blended,2025+2026 season to date,306.969696969697,0.058093939393939385,0.008418181818181816,-0.022915151515151517,0.02560757575757576,0.017106060606060604,0.03142272727272727,-0.0015454545454545432,2026,88025,Inter Miami CF,0.19903356584128315,1,0.1513316475014371,0.1614204240065773,0.008979393939674543,13.973799126637555,-0.024442828283592122,34.06113537117904,0.027314747475601062,7.423580786026201,0.018246464647034846,54.148471615720524,0.03351757575862318,40.61135371179039,-0.0016484848485363612,25.76419213973799,11.353711790393014,88025,4.906542056074766,4.34065934065934,527437.5,6.447169734318248,FALSE,TRUE,NA,Low,41,59,Small-Sample Watchlist,Wingers and attacking midfielders,1.1.0,2026-07-25 22:12:49 UTC,NA,NA,NA,Performance data through: 2026-07-25 (updates every day) · MLSPA compensation as of: 2026-04-16,FALSE,2026-07-25 22:12:44 UTC
4wM4J0KNqj,asa_4wM4J0KNqj_mls_blended,Peglow,peglow,2002-01-07,Brazil,W,NA,24.479123887748116,mls,EKXMeX3Q64,W,asa_live,TRUE,NA,mlspa_via_asa,1498,626312,1854,626312,TRUE,0.6815286624203821,0.3184713375796179,blended,2025+2026 season to date,2088.4458598726114,0.1891870588443157,0.032573252824721496,0.04102183803457689,0.061821050911243236,1.0540915395284298e-4,0.050337844642525865,0.0033276632772953345,2026,626312,D.C. United,0.19903356584128315,1,0.19138457536728576,0.20414354706481763,0.034744803014122035,35.37117903930131,0.043756627238249406,85.58951965065502,0.06594245430738682,31.441048034934497,1.1243643088654615e-4,36.24454148471616,0.053693700953705514,75.9825327510917,0.003549507495892612,58.07860262008734,43.66812227074236,626312,57.00934579439252,62.08791208791209,527437.5,-13.341223523650164,TRUE,FALSE,40.86021505376344,High,20.75,79.25,Fair Value,Wingers and attacking midfielders,1.1.0,2026-07-25 22:12:49 UTC,56,56,253,Performance data through: 2026-07-25 (updates every day) · MLSPA compensation as of: 2026-04-16,FALSE,2026-07-25 22:12:44 UTC
4wM4J8bNqj,asa_4wM4J8bNqj_mls_blended,Owen Wolff,owen wolff,2004-12-30,USA,CM,NA,21.50034223134839,mls,gpMOLwl5zy,CM,asa_live,TRUE,NA,mlspa_via_asa,257,750000,3027,750000,TRUE,0.26854754440961337,0.7314524555903866,blended,2025+2026 season to date,2471.1065830721004,0.14654362151296635,0.018753165087876816,0.004248832606851815,0.04781455924889163,0.00482443276964995,0.06455235171854563,0.006350280081150518,2026,750000,Austin FC,0.13647524696350208,1,0.14457657003941066,0.15421500804685725,0.020003376094360377,63.28502415458937,0.004532088114116897,31.40096618357488,0.05100219653374489,80.19323671497584,0.005146061621120761,50.72463768115942,0.06885584183526709,64.2512077294686,0.006773632086772229,88.40579710144928,65.21739130434783,750000,72.1938775510204,70.82417582417582,510300,-6.976486246672579,FALSE,TRUE,NA,Low,41,59,Small-Sample Watchlist,Central and defensive midfielders,1.1.0,2026-07-25 22:12:49 UTC,NA,NA,NA,Performance data through: 2026-07-25 (updates every day) · MLSPA compensation as of: 2026-04-16,FALSE,2026-07-25 22:12:44 UTC
4wM4J9zlqj,asa_4wM4J9zlqj_mls_blended,Pedro de la Vega,pedro de la vega,2001-02-07,Argentina,W,NA,24.39425051334702,mls,jYQJ19EqGR,W,asa_live,TRUE,NA,mlspa_via_asa,0,NA,1313,1379000,TRUE,0,1,blended,2025+2026 season to date,1313,0.22217593297791316,0.057886519421172886,-0.00513404417364813,0.10233130236100532,0.00282406702208682,0.06297258187357196,0.00129550647372429,2026,1379000,Seattle Sounders FC,0.19903356584128315,1,0.2149174801384056,0.22924531215479654,0.0617456207178473,74.67248908296943,-0.0054763137853958066,49.34497816593886,0.10915338918848339,69.43231441048034,0.0030123381569867437,39.737991266375545,0.06717075400057584,90.39301310043668,0.0013818735720157595,48.90829694323144,68.12227074235808,1379000,78.50467289719626,88.13186813186813,527437.5,-10.382402154838175,FALSE,FALSE,NA,Low,41,59,Insufficient Evidence,Wingers and attacking midfielders,1.1.0,2026-07-25 22:12:49 UTC,NA,NA,NA,Performance data through: 2026-07-25 (updates every day) · MLSPA compensation as of: 2026-04-16,FALSE,2026-07-25 22:12:44 UTC
4wM4JGblqj,asa_4wM4JGblqj_mls_blended,Sean Nealis,sean nealis,1997-01-13,USA,CB,NA,29.462012320328544,mls,EKXMeX3Q64,CB,asa_live,TRUE,NA,mlspa_via_asa,188,723750,2075,723750,TRUE,0.21171171171171171,0.7882882882882882,blended,2025+2026 season to date,1823.698198198198,0.12029733800065123,0.0037985998046238994,0.02791765711494627,0.013300227938782149,0.011056089221751863,0.07571336698143927,-0.01148860306089221,2026,723750,D.C. United,0.1396251547943452,1,0.125082046791885,0.1334208499155134,0.004051839791725446,22.872340425531913,0.029778834256873277,19.680851063829788,0.014186909801810966,43.08510638297872,0.011793161836903857,82.44680851063829,0.08076092478272566,55.319148936170215,-0.01225450993200131,26.06382978723404,29.25531914893617,723750,65.55555555555556,68.46153846153847,509583.5,-36.30023640661939,FALSE,TRUE,NA,Low,41,59,Small-Sample Watchlist,Center backs,1.1.0,2026-07-25 22:12:49 UTC,NA,NA,NA,Performance data through: 2026-07-25 (updates every day) · MLSPA compensation as of: 2026-04-16,FALSE,2026-07-25 22:12:44 UTC
4wM4JZezqj,asa_4wM4JZezqj_mls_blended,Dagur Dan Thórhallsson,dagur dan thorhallsson,2000-05-02,Iceland,W,NA,26.16290212183436,mls,APk5LGOMOW,W,asa_live,TRUE,NA,mlspa_via_asa,707,530625,1336,530625,TRUE,0.5024875621890548,0.49751243781094523,blended,2025+2026 season to date,1371.676616915423,0.14023832718358592,0.017484595840302333,-0.03748829845639212,0.06448711106571504,0.011634743306563843,0.08311788363571365,0.0010022917916831572,2026,530625,CF Montréal,0.19903356584128315,1,0.15813027908480967,0.16867229769573466,0.018650235563571975,19.650655021834062,-0.03998751835473454,20.524017467248907,0.06878625180557894,34.06113537117904,0.012410392860722591,47.59825327510917,0.08865907588086516,94.75982532751091,0.001069111244495444,48.03493449781659,15.283842794759826,530625,50.93457943925234,55.16483516483517,527437.5,-35.65073664449251,TRUE,FALSE,24.731182795698924,Medium,29.75,70.25,Below Expected Value by Current Model,Wingers and attacking midfielders,1.1.0,2026-07-25 22:12:49 UTC,71,71,322,Performance data through: 2026-07-25 (updates every day) · MLSPA compensation as of: 2026-04-16,FALSE,2026-07-25 22:12:44 UTC
4wM4Jgkgqj,asa_4wM4Jgkgqj_mls_blended,Matías Galarza,matias galarza,2002-02-11,Paraguay,CM,NA,24.383299110198493,mls,KAqBN0Vqbg,CM,asa_live,TRUE,NA,mlspa_via_asa,735,945413,0,NA,FALSE,1,0,blended,2025+2026 season to date,735,0.16427755102040817,0.04231836734693878,0.01078775510204081,0.0524204081632653,-0.00216734693877551,0.06155510204081633,-6.36734693877551e-4,2026,945413,Atlanta United FC,0.13647524696350208,1,0.15178213346674252,0.16190094236958474,0.04513959183814531,91.78743961352657,0.011506938775869788,43.47826086956522,0.05591510204256366,83.57487922705315,-0.0023118367347661224,33.333333333333336,0.06565877551225592,57.971014492753625,-6.791836734906122e-4,54.589371980676326,69.56521739130434,945413,84.6938775510204,80.98901098901099,510300,-15.128660159716063,TRUE,FALSE,45.36082474226804,Low,37.75,62.25,Below Expected Value by Current Model,Central and defensive midfielders,1.1.0,2026-07-25 22:12:49 UTC,54,54,234,Performance data through: 2026-07-25 (updates every day) · MLSPA compensation as of: 2026-04-16,FALSE,2026-07-25 22:12:44 UTC
4wM4JmKAqj,asa_4wM4JmKAqj_mls_blended,Santiago Moreno,santiago moreno,2000-04-21,Colombia,W,NA,26.193018480492817,mls,mKAqBBmqbg,W,asa_live,TRUE,NA,mlspa_via_asa,633,938387,1852,938387,TRUE,0.4748687171792948,0.5251312828207052,blended,2025+2026 season to date,1605.5431357839461,0.2644134375926595,0.052578660323828255,0.007040887651718543,0.07898295146140748,0.07229557227319788,0.059113200546356895,-0.0055978346638495425,2026,938387,FC Dallas,0.19903356584128315,1,0.24662737736360735,0.2630692025294021,0.05608390434716943,65.06550218340611,0.007510280162067808,62.44541484716157,0.0842484815614674,49.78165938864629,0.07711527709382093,86.8995633187773,0.06305408058475112,87.77292576419214,-0.005971023641626106,11.790393013100436,83.84279475982532,938387,71.02803738317758,80.65934065934066,527437.5,12.814757376647748,TRUE,FALSE,81.72043010752688,Medium,29.75,70.25,Undervalued,Wingers and attacking midfielders,1.1.0,2026-07-25 22:12:49 UTC,18,18,80,Performance data through: 2026-07-25 (updates every day) · MLSPA compensation as of: 2026-04-16,FALSE,2026-07-25 22:12:44 UTC
4wM4JrbBqj,asa_4wM4JrbBqj_mls_blended,Pavel Bucha,pavel bucha,1998-03-11,Czech Republic,CM,NA,28.306639288158795,mls,NWMWlBK5lz,CM,asa_live,TRUE,NA,mlspa_via_asa,1476,548774,3588,548774,TRUE,0.6783088235294118,0.3216911764705882,blended,2025+2026 season to date,2630.2279411764703,0.14139609052232932,0.023474549048298248,0.006783609273558918,0.03600237003246114,0.011252872626893564,0.05248072158420225,0.01140196795691521,2026,548774,FC Cincinnati,0.13647524696350208,1,0.1404820664382515,0.1498475375388177,0.02503951898563395,72.46376811594203,0.0072358498920223,36.231884057971016,0.03840252803582529,70.04830917874396,0.01200306413572823,68.59903381642512,0.05597943635823176,42.99516908212561,0.012162099154422954,94.20289855072464,57.48792270531401,548774,52.55102040816327,56.26373626373626,510300,4.936902297150745,TRUE,FALSE,63.91752577319588,High,20.75,79.25,Fair Value,Central and defensive midfielders,1.1.0,2026-07-25 22:12:49 UTC,36,36,155,Performance data through: 2026-07-25 (updates every day) · MLSPA compensation as of: 2026-04-16,FALSE,2026-07-25 22:12:44 UTC
4wM4Jwdzqj,asa_4wM4Jwdzqj_mls_blended,Jahkeele Marshall-Rutty,jahkeele marshallrutty,2004-06-16,Canada,FB,NA,22.039698836413415,mls,a2lqRX2Mr0,FB,asa_live,TRUE,NA,mlspa_via_asa,1327,473750,2281,473750,TRUE,0.6546620621608288,0.3453379378391712,blended,2025+2026 season to date,2114.7158362111495,0.13654496930629834,0.009811250010003054,0.032886981255029916,0.012239288889773242,0.013978197879698165,0.06783926354148845,-2.100122696945039e-4,2026,473750,New York Red Bulls,0.11482828719990651,1,0.13174520017759989,0.1405282135271647,0.010465333344330299,41.326530612244895,0.035079446673128144,73.9795918367347,0.013055241482832767,26.020408163265305,0.014910077738810649,73.9795918367347,0.07236188111318231,74.48979591836735,-2.2401308768113792e-4,56.12244897959184,69.89795918367346,473750,66.31016042780749,50.65934065934066,336500,3.5877987558659754,TRUE,FALSE,67.5,High,20.75,79.25,Fair Value,Fullbacks and wingbacks,1.1.0,2026-07-25 22:12:49 UTC,27,27,141,Performance data through: 2026-07-25 (updates every day) · MLSPA compensation as of: 2026-04-16,FALSE,2026-07-25 22:12:44 UTC
4wM4JxwBqj,asa_4wM4JxwBqj_mls_blended,Daniel Munie,daniel munie,2000-02-10,USA,CB,NA,26.38740588637919,mls,0KPqjA456v,CB,asa_live,TRUE,NA,mlspa_via_asa,1532,574000,2256,574000,TRUE,0.6863799283154122,0.31362007168458783,blended,2025+2026 season to date,2239.52688172043,0.15612801704415466,0.01877586650652024,0.05193208075955159,0.054490820178448876,-0.018474054850148712,0.05144858156028369,-0.0020452771105010288,2026,574000,San Jose Earthquakes,0.1396251547943452,1,0.1526409159310684,0.16281697699822767,0.02002759094091412,87.76595744680851,0.055394219478586096,61.702127659574465,0.05812354152549516,92.02127659574468,-0.019705658507441094,6.914893617021277,0.054878486999350884,29.25531914893617,-0.00218162891793594,60.638297872340424,65.95744680851064,574000,54.44444444444444,58.18681318681319,509583.5,11.513002364066196,TRUE,FALSE,70.83333333333333,High,14,86,Undervalued,Center backs,1.1.0,2026-07-25 22:12:49 UTC,29,29,127,Performance data through: 2026-07-25 (updates every day) · MLSPA compensation as of: 2026-04-16,FALSE,2026-07-25 22:12:44 UTC
4wM4aNJN5j,asa_4wM4aNJN5j_mls_blended,Yevhen Cheberko,yevhen cheberko,1998-01-23,Ukraine,FB,NA,28.435318275154003,mls,mvzqoLZQap,FB,asa_live,TRUE,NA,mlspa_via_asa,280,658250,2619,658250,TRUE,0.2857142857142857,0.7142857142857143,blended,2025+2026 season to date,2150.714285714286,0.12909242583631392,0.0021796759941089786,0.08834048671014798,0.006707767024335507,0.01544842906234659,0.030168805666596535,-0.013752738621221679,2026,658250,Columbus Crew,0.11482828719990651,1,0.12598105828124193,0.13437979550419074,0.002324987727122233,16.836734693877553,0.0942298524937692,97.95918367346938,0.007154951492848133,11.73469387755102,0.01647832433368464,75,0.032180059378708596,24.489795918367346,-0.014669587863094882,14.795918367346939,66.3265306122449,658250,81.81818181818181,64.3956043956044,336500,-15.491651205936918,FALSE,TRUE,NA,Low,41,59,Small-Sample Watchlist,Fullbacks and wingbacks,1.1.0,2026-07-25 22:12:49 UTC,NA,NA,NA,Performance data through: 2026-07-25 (updates every day) · MLSPA compensation as of: 2026-04-16,FALSE,2026-07-25 22:12:44 UTC
4wM4aRPp5j,asa_4wM4aRPp5j_mls_blended,Samuel Shashoua,samuel shashoua,1999-05-13,England,CM,NA,26.13552361396304,mls,kRQand1MKZ,CM,asa_live,TRUE,NA,mlspa_via_asa,0,NA,133,104833,TRUE,0,1,blended,2025+2026 season to date,133,-0.02449624060150377,0.0388421052631579,-0.04560902255639097,0.05657142857142856,-0.08912030075187971,0.01048872180451127,0.00433082706766917,2026,104833,Minnesota United FC,0.13647524696350208,1,0.10726759642305764,0.11441876952150373,0.041431578948663166,88.88888888888889,-0.048649624061670664,6.763285024154589,0.06034285714474284,85.99033816425121,-0.09506165413830904,1.4492753623188406,0.011187969925161644,7.729468599033816,0.004619548872324809,84.05797101449275,19.32367149758454,104833,13.26530612244898,14.065934065934066,510300,6.058365375135562,FALSE,FALSE,NA,Low,41,59,Insufficient Evidence,Central and defensive midfielders,1.1.0,2026-07-25 22:12:49 UTC,NA,NA,NA,Performance data through: 2026-07-25 (updates every day) · MLSPA compensation as of: 2026-04-16,FALSE,2026-07-25 22:12:44 UTC
4wM4aomy5j,asa_4wM4aomy5j_mls_blended,Reggie Cannon,reggie cannon,1998-06-11,USA,FB,NA,28.05475701574264,mls,pzeQZ6xQKw,FB,asa_live,TRUE,NA,mlspa_via_asa,446,841500,2708,841500,TRUE,0.38917975567190227,0.6108202443280977,blended,2025+2026 season to date,2100.101221640489,0.0792857656584717,0.0029340638944527347,0.007685604800977517,0.011955628852266304,0.011271524356763356,0.04577897174940258,-3.400279953908159e-4,2026,841500,Colorado Rapids,0.11482828719990651,1,0.08718380768517181,0.09299606153375606,0.0031296681541807194,18.877551020408163,0.008197978454632205,39.795918367346935,0.012752670776149245,25,0.012022959314256631,67.34693877551021,0.04883090320088872,41.83673469387755,-3.6269652842820454e-4,55.10204081632653,14.285714285714286,841500,90.9090909090909,76.5934065934066,336500,-76.62337662337661,FALSE,TRUE,NA,Low,41,59,Small-Sample Watchlist,Fullbacks and wingbacks,1.1.0,2026-07-25 22:12:49 UTC,NA,NA,NA,Performance data through: 2026-07-25 (updates every day) · MLSPA compensation as of: 2026-04-16,FALSE,2026-07-25 22:12:44 UTC
4wM4pewlMj,asa_4wM4pewlMj_mls_blended,Sal Olivas,sal olivas,2006-07-11,USA,FW,NA,19.97262149212868,mls,9z5k7Yg5A3,FW,asa_live,TRUE,NA,mlspa_via_asa,19,137480,60,137480,TRUE,0.15,0.85,blended,2025+2026 season to date,70,0.11826394736842105,0.0909075,-0.24317960526315788,0.14805197368421052,0.03756907894736841,0.10671749999999999,-0.0218025,2026,137480,Philadelphia Union,0.21844855740004673,1,0.2079815085907724,0.2218469425037566,0.09696800000303026,87.23404255319149,-0.2593915789554744,1.4184397163120568,0.15792210526809294,36.87943262411348,0.04007368421177861,91.48936170212765,0.11383200000355724,98.58156028368795,-0.023256000000726747,2.127659574468085,40.42553191489362,137480,27.81954887218045,24.065934065934066,540000,12.605983042713166,FALSE,TRUE,NA,Low,41,59,Small-Sample Watchlist,Strikers,1.1.0,2026-07-25 22:12:49 UTC,NA,NA,NA,Performance data through: 2026-07-25 (updates every day) · MLSPA compensation as of: 2026-04-16,FALSE,2026-07-25 22:12:44 UTC
7VqG008YQv,asa_7VqG008YQv_mls_blended,Stephen Eustáquio,stephen eustaquio,1996-12-21,Canada,CM,NA,29.52498288843258,mls,eVq3ya6MWO,CM,asa_live,TRUE,NA,mlspa_via_asa,672,1800000,0,NA,FALSE,1,0,blended,2025+2026 season to date,672,0.12148660714285714,0.01660714285714286,0.02034375,0.01715625,0.00991071428571428,0.08503125,-0.027562499999999997,2026,1800000,Los Angeles FC,0.13647524696350208,1,0.12855672026580287,0.13712716828780827,0.017714285714839288,55.072463768115945,0.021700000000678125,54.106280193236714,0.018300000000571876,39.130434782608695,0.010571428571758922,65.21739130434783,0.09070000000283437,85.02415458937197,-0.029400000000918747,5.314009661835748,39.130434782608695,1800000,96.93877551020408,91.86813186813187,510300,-57.808340727595386,TRUE,FALSE,11.34020618556701,Low,37.75,62.25,Below Expected Value by Current Model,Central and defensive midfielders,1.1.0,2026-07-25 22:12:49 UTC,87,87,378,Performance data through: 2026-07-25 (updates every day) · MLSPA compensation as of: 2026-04-16,FALSE,2026-07-25 22:12:44 UTC
7VqG080xQv,asa_7VqG080xQv_mls_blended,Nicksoen Gomis,nicksoen gomis,2002-03-15,France,CB,NA,24.295687885010267,mls,kRQabn8MKZ,CB,asa_live,TRUE,NA,mlspa_via_asa,85,113400,528,113400,TRUE,0.15,0.85,blended,2025+2026 season to date,533.8,0.13643360294117646,0.00828744986631016,0.029087406417112296,0.0072456316844919716,0.008599141042780745,0.08495261029411764,-0.0017386363636363589,2026,113400,Toronto FC,0.1396251547943452,1,0.13812255259005746,0.14733072276733203,0.008839946524340418,52.12765957446808,0.03102656684588936,20.74468085106383,0.007728673797032957,26.06382978723404,0.009172417112586099,76.59574468085107,0.09061611764989057,67.02127659574468,-0.001854545454603404,62.234042553191486,42.5531914893617,113400,12.222222222222221,16.428571428571427,509583.5,30.33096926713948,FALSE,TRUE,NA,Low,41,59,Small-Sample Watchlist,Center backs,1.1.0,2026-07-25 22:12:49 UTC,NA,NA,NA,Performance data through: 2026-07-25 (updates every day) · MLSPA compensation as of: 2026-04-16,FALSE,2026-07-25 22:12:44 UTC
7VqG08vjQv,asa_7VqG08vjQv_mls_blended,David Ayala,david ayala,2002-07-26,Argentina,CM,NA,23.9315537303217,mls,zeQZkL1MKw,CM,asa_live,TRUE,NA,mlspa_via_asa,312,771000,3200,771000,TRUE,0.308300395256917,0.691699604743083,blended,2025+2026 season to date,2525.4387351778655,0.1622795825098814,0.01641505064229249,0.019726408102766796,0.021532577816205534,-4.7467885375494074e-4,0.11079638092885374,-0.005716156126482203,2026,771000,Inter Miami CF,0.13647524696350208,1,0.15732584556614748,0.1678142352758015,0.017509387352325826,53.6231884057971,0.02104150197694213,51.690821256038646,0.022968083004670323,50.72463768115942,-5.063241106877594e-4,36.71497584541063,0.11818280632780387,94.68599033816425,-0.006097233201771555,28.019323671497585,75.84541062801932,771000,73.9795918367347,72.08791208791209,510300,1.8658187912846245,FALSE,TRUE,NA,Low,41,59,Small-Sample Watchlist,Central and defensive midfielders,1.1.0,2026-07-25 22:12:49 UTC,NA,NA,NA,Performance data through: 2026-07-25 (updates every day) · MLSPA compensation as of: 2026-04-16,FALSE,2026-07-25 22:12:44 UTC
7VqG08wXQv,asa_7VqG08wXQv_mls_blended,Wikelman Carmona,wikelman carmona,2003-02-24,Venezuela,W,NA,23.34839151266256,mls,APk5LGOMOW,W,asa_live,TRUE,NA,mlspa_via_asa,900,555000,2086,555000,TRUE,0.5625,0.4375,blended,2025+2026 season to date,1812.625,0.1456914639261745,0.042820822147651004,0.0039111115771812074,0.06069971476510067,-0.018162067953020132,0.05176785654362416,0.00465402684563758,2026,555000,CF Montréal,0.19903356584128315,1,0.15895720607386227,0.16955435315075165,0.045675543625588434,48.47161572052402,0.004171852349123658,61.572052401746724,0.06474636241813071,29.694323144104803,-0.019372872483826877,20.087336244541486,0.055219046981591365,77.7292576419214,0.004964295302168553,62.44541484716157,16.593886462882097,555000,52.80373831775701,57.252747252747255,527437.5,-36.20985185487491,TRUE,FALSE,23.655913978494624,High,20.75,79.25,Below Expected Value by Current Model,Wingers and attacking midfielders,1.1.0,2026-07-25 22:12:49 UTC,72,72,327,Performance data through: 2026-07-25 (updates every day) · MLSPA compensation as of: 2026-04-16,FALSE,2026-07-25 22:12:44 UTC
7VqG0GzzQv,asa_7VqG0GzzQv_mls_blended,Alexander Aravena,alexander aravena,2002-09-06,Chile,W,NA,23.81656399726215,mls,WBLMvYAQxe,W,asa_live,TRUE,NA,mlspa_via_asa,554,1026310,0,NA,FALSE,1,0,blended,2025+2026 season to date,554,0.1803086642599278,0.06491696750902527,-0.03838808664259927,0.05752527075812275,0.05672924187725631,0.04246570397111914,-0.00294043321299639,2026,1026310,Portland Timbers FC,0.19903356584128315,1,0.19004431499546787,0.20271393600150053,0.06924476534512419,79.91266375545851,-0.040947292420052156,19.650655021834062,0.061360288810581774,26.200873362445414,0.06051119133763104,83.4061135371179,0.045296750903942605,64.62882096069869,-0.0031364620939608305,19.213973799126638,42.35807860262009,1026310,73.3644859813084,82.85714285714286,527437.5,-31.006407378688316,TRUE,FALSE,26.881720430107528,Low,37.75,62.25,Below Expected Value by Current Model,Wingers and attacking midfielders,1.1.0,2026-07-25 22:12:49 UTC,69,69,312,Performance data through: 2026-07-25 (updates every day) · MLSPA compensation as of: 2026-04-16,FALSE,2026-07-25 22:12:44 UTC
7VqG0Z6YQv,asa_7VqG0Z6YQv_mls_blended,Tarun Karumanchi,tarun karumanchi,2003-04-01,USA,CM,NA,23.249828884325805,mls,mvzqoLZQap,CM,asa_live,FALSE,NA,NA,67,NA,0,NA,FALSE,1,0,blended,2025+2026 season to date,67,0.02122388059701491,0,-0.04862686567164179,-0.0037611940298507406,0.06246268656716417,0.0143731343283582,-0.00322388059701492,2026,NA,Columbus Crew,0.13647524696350208,1,0.12489827313058657,0.13322482467678895,0,6.280193236714976,-0.0518686567180388,6.280193236714976,-0.00401194029863283,3.3816425120772946,0.06662686567372388,96.61835748792271,0.015331343284061183,8.21256038647343,-0.0034388059702567106,36.231884057971016,34.78260869565217,NA,NA,NA,510300,NA,FALSE,FALSE,NA,Insufficient,49,51,Insufficient Evidence,Central and defensive midfielders,1.1.0,2026-07-25 22:12:49 UTC,NA,NA,NA,Performance data through: 2026-07-25 (updates every day) · MLSPA compensation as of: 2026-04-16,FALSE,2026-07-25 22:12:44 UTC
7VqG0ZGYQv,asa_7VqG0ZGYQv_mls_blended,Diego Luna,diego luna,2003-09-07,USA,W,NA,22.8145106091718,mls,a2lqR4JMr0,W,asa_live,TRUE,NA,mlspa_via_asa,759,500833,2580,500833,TRUE,0.5202193283070596,0.47978067169294036,blended,2025+2026 season to date,1996.8341329677862,0.2516598657889284,0.052626934663755044,0.051416548448284104,0.08696341871622806,0.019538517939971634,0.03528606723305226,0.0058283787876372735,2026,500833,Real Salt Lake,0.19903356584128315,1,0.23950052932314464,0.2554672312860043,0.05613539697642628,65.50218340611353,0.054844318346550264,89.95633187772926,0.09276097996687538,56.76855895196506,0.020841085803287692,55.89519650655022,0.03763847171643195,50.21834061135371,0.0062169373736740375,65.50218340611353,80.78602620087337,500833,47.66355140186916,52.637362637362635,527437.5,33.12247479900421,TRUE,FALSE,91.39784946236558,Medium,29.75,70.25,Elite Value,Wingers and attacking midfielders,1.1.0,2026-07-25 22:12:49 UTC,9,9,39,Performance data through: 2026-07-25 (updates every day) · MLSPA compensation as of: 2026-04-16,FALSE,2026-07-25 22:12:44 UTC
7VqG0jDzQv,asa_7VqG0jDzQv_mls_blended,Maren Haile-Selassie,maren haileselassie,1999-03-13,Switzerland,W,NA,27.301848049281315,mls,X0Oq66zq6D,W,asa_live,TRUE,NA,mlspa_via_asa,1277,483500,1309,483500,TRUE,0.6459281740010117,0.35407182599898834,blended,2025+2026 season to date,1740.4800202326758,0.2659796158496507,0.052304139313333275,0.024188740029050658,0.08002742771822483,0.05711091184991034,0.054301769818149354,-0.001953372879017797,2026,483500,Chicago Fire FC,0.19903356584128315,1,0.248817482587335,0.2654053147681179,0.05579108193596563,64.19213973799127,0.025801322698460326,77.29257641921397,0.08536258956877406,50.65502183406114,0.06091830597514139,83.84279475982532,0.05792188780783603,81.22270742358079,-0.002083597737684096,22.707423580786028,84.71615720524018,483500,45.794392523364486,51.31868131868132,527437.5,38.92176468187569,TRUE,FALSE,94.6236559139785,High,20.75,79.25,Elite Value,Wingers and attacking midfielders,1.1.0,2026-07-25 22:12:49 UTC,6,6,27,Performance data through: 2026-07-25 (updates every day) · MLSPA compensation as of: 2026-04-16,FALSE,2026-07-25 22:12:44 UTC
7VqG0wE6Qv,asa_7VqG0wE6Qv_mls_blended,Nathan Saliba,nathan saliba,2004-02-07,Canada,CM,NA,21.39630390143737,mls,APk5LGOMOW,CM,asa_live,TRUE,NA,mlspa_via_asa,0,NA,1390,178434,TRUE,0,1,blended,2025+2026 season to date,1390,0.17460647482014385,0.02191726618705036,0.00683741007194244,0.03122805755395684,0.012574100719424462,0.1074561151079137,-0.00540647482014388,2026,178434,CF Montréal,0.13647524696350208,1,0.16310962220005085,0.17398359701882454,0.023378417266917625,70.53140096618357,0.00729323741029985,37.19806763285024,0.033309928058594895,62.31884057971015,0.013412374101138562,73.42995169082126,0.11461985611868981,93.71980676328502,-0.005766906475000355,28.985507246376812,80.19323671497584,178434,26.53061224489796,28.24175824175824,510300,53.66262447007788,FALSE,FALSE,NA,Low,41,59,Insufficient Evidence,Central and defensive midfielders,1.1.0,2026-07-25 22:12:49 UTC,NA,NA,NA,Performance data through: 2026-07-25 (updates every day) · MLSPA compensation as of: 2026-04-16,FALSE,2026-07-25 22:12:44 UTC
7VqG0xmYQv,asa_7VqG0xmYQv_mls_blended,Cole Mrowka,cole mrowka,2006-04-06,USA,CM,NA,19.236139630390145,mls,mvzqoLZQap,CM,asa_live,TRUE,NA,mlspa_via_asa,0,NA,36,100630,TRUE,0,1,blended,2025+2026 season to date,36,0.274,0.09975,0.0345,0.03225,0.04174999999999999,0.04950000000000001,0.01625,2026,100630,Columbus Crew,0.13647524696350208,1,0.14425966694670006,0.15387697808128872,0.106400000003325,99.03381642512078,0.03680000000115,71.4975845410628,0.034400000001075,65.21739130434783,0.044533333334724985,91.78743961352657,0.052800000001650006,36.47342995169082,0.017333333333875,97.10144927536231,64.73429951690821,100630,10.714285714285714,11.098901098901099,510300,54.02001380262249,FALSE,FALSE,NA,Low,41,59,Insufficient Evidence,Central and defensive midfielders,1.1.0,2026-07-25 22:12:49 UTC,NA,NA,NA,Performance data through: 2026-07-25 (updates every day) · MLSPA compensation as of: 2026-04-16,FALSE,2026-07-25 22:12:44 UTC
7VqG3Kk6qv,asa_7VqG3Kk6qv_mls_blended,Belal Halbouni,belal halbouni,1999-12-29,Syria,CB,NA,25.505817932922657,mls,lgpMOvnQzy,CB,asa_live,TRUE,NA,mlspa_via_asa,0,NA,1110,165000,TRUE,0,1,blended,2025+2026 season to date,1110,0.13105135135135135,0.00454864864864864,0.07243783783783783,0.00851351351351351,0.0123081081081081,0.04898108108108108,-0.01573783783783784,2026,165000,Vancouver Whitecaps FC,0.1396251547943452,1,0.13405970343661236,0.14299701700352183,0.004851891892043504,26.06382978723404,0.07726702702944162,86.17021276595744,0.00908108108136486,28.72340425531915,0.01312864864905891,84.04255319148936,0.05224648648811919,28.19148936170213,-0.016787027027551624,15.425531914893616,38.829787234042556,165000,23.333333333333332,27.142857142857142,509583.5,15.496453900709223,FALSE,FALSE,NA,Low,41,59,Insufficient Evidence,Center backs,1.1.0,2026-07-25 22:12:49 UTC,NA,NA,NA,Performance data through: 2026-07-25 (updates every day) · MLSPA compensation as of: 2026-04-16,FALSE,2026-07-25 22:12:44 UTC
7VqG3Vmjqv,asa_7VqG3Vmjqv_mls_blended,Patrick Yazbek,patrick yazbek,2002-04-05,Australia,CM,NA,24.238193018480494,mls,vzqoOgNqap,CM,asa_live,TRUE,NA,mlspa_via_asa,743,616013,2538,616013,TRUE,0.5148995148995149,0.4851004851004851,blended,2025+2026 season to date,1974.1850311850312,0.16406618893852937,0.018980969512884405,0.017580926261777326,0.03550450941940303,0.01948248084418297,0.07525005529260848,-0.0027327523923268574,2026,616013,Nashville SC,0.13647524696350208,1,0.1576351962225957,0.16814420930935658,0.02024636748104273,64.2512077294686,0.018752988013148512,50.72463768115942,0.03787147671521338,69.08212560386474,0.02078131290111125,80.67632850241546,0.08026672564795738,80.19323671497584,-0.0029149358852397396,40.09661835748792,76.32850241545894,616013,58.16326530612245,61.31868131868132,510300,18.165237109336495,TRUE,FALSE,76.28865979381443,Medium,29.75,70.25,Strong Value,Central and defensive midfielders,1.1.0,2026-07-25 22:12:49 UTC,24,24,103,Performance data through: 2026-07-25 (updates every day) · MLSPA compensation as of: 2026-04-16,FALSE,2026-07-25 22:12:44 UTC
7VqG3dLjqv,asa_7VqG3dLjqv_mls_blended,Artem Smoliakov,artem smoliakov,2003-05-29,Ukraine,FB,NA,23.091033538672143,mls,eVq3ya6MWO,FB,asa_live,TRUE,NA,mlspa_via_asa,205,613297,1363,613297,TRUE,0.2265193370165746,0.7734806629834254,blended,2025+2026 season to date,1259.254143646409,0.08010210496021533,0.01471808611974722,-0.0019971147493139515,0.03751776751802775,0.011487902457610973,0.01622962995991131,0.002145833654232006,2026,613297,Los Angeles FC,0.11482828719990651,1,0.09130859301082214,0.09739583254792057,0.015699291861554304,60.204081632653065,-0.0021302557326681186,28.06122448979592,0.0400189520204802,69.38775510204081,0.012253762621834634,68.36734693877551,0.01731160529111305,15.816326530612244,0.0022888892312523342,76.0204081632653,18.877551020408163,613297,78.07486631016043,60.879120879120876,336500,-59.19731528975227,FALSE,TRUE,NA,Low,41,59,Small-Sample Watchlist,Fullbacks and wingbacks,1.1.0,2026-07-25 22:12:49 UTC,NA,NA,NA,Performance data through: 2026-07-25 (updates every day) · MLSPA compensation as of: 2026-04-16,FALSE,2026-07-25 22:12:44 UTC
7VqG3kazqv,asa_7VqG3kazqv_mls_blended,Cristiano Oliveira,cristiano oliveira,2008-03-30,USA,FB,NA,18.25325119780972,mls,19vQ2095K6,FB,asa_live,TRUE,NA,mlspa_via_asa,9,99025,0,NA,FALSE,1,0,blended,2025+2026 season to date,9,-0.6780000000000002,0,-0.162,0.445,-0.9369999999999999,0,-0.02399999999999999,2026,99025,New England Revolution,0.11482828719990651,1,0.103111613004834,0.10998572054192665,0,6.377551020408164,-0.1728000000054,1.0204081632653061,0.4746666666815,99.48979591836735,-0.9994666666979,0.5102040816326531,0,10.204081632653061,-0.02560000000079999,8.673469387755102,33.673469387755105,99025,11.229946524064172,10.76923076923077,336500,22.443522863690934,FALSE,TRUE,NA,Low,49,51,Small-Sample Watchlist,Fullbacks and wingbacks,1.1.0,2026-07-25 22:12:49 UTC,NA,NA,NA,Performance data through: 2026-07-25 (updates every day) · MLSPA compensation as of: 2026-04-16,FALSE,2026-07-25 22:12:44 UTC
7VqG3l0xqv,asa_7VqG3l0xqv_mls_blended,Pedro Soma,pedro soma,2006-06-30,USA,CM,NA,20.00273785078713,mls,zeQZBOzQKw,CM,asa_live,TRUE,NA,mlspa_via_asa,458,325453,116,325453,TRUE,0.3955094991364421,0.6044905008635579,blended,2025+2026 season to date,528.1208981001728,0.17141272110058958,0.005137305699481863,0.08670519921386458,0.01717187779167411,0.02025790602108272,0.05508781490083975,-0.012947382526353399,2026,325453,San Diego FC,0.13647524696350208,1,0.15283094984047493,0.1630196798349343,0.0054797927462852305,19.806763285024154,0.09248554583101239,91.30434782608695,0.01831666964502478,39.61352657004831,0.021608433089830167,82.1256038647343,0.05876033589606532,45.893719806763286,-0.013810541361875204,14.009661835748792,70.04830917874396,325453,36.224489795918366,38.46153846153846,510300,33.8238193828256,TRUE,FALSE,83.50515463917526,Medium,29.75,70.25,Strong Value,Central and defensive midfielders,1.1.0,2026-07-25 22:12:49 UTC,17,17,73,Performance data through: 2026-07-25 (updates every day) · MLSPA compensation as of: 2026-04-16,FALSE,2026-07-25 22:12:44 UTC
7VqGL7PeQv,asa_7VqGL7PeQv_mls_blended,Baye Coulibaly,baye coulibaly,2006-01-08,Mali,W,NA,19.477070499657767,mls,NPqxKXZ59d,W,asa_live,TRUE,NA,mlspa_via_asa,0,NA,18,269500,TRUE,0,1,blended,2025+2026 season to date,18,-0.28800000000000003,0,-0.0435,-5e-4,-0.12000000000000001,-0.12400000000000001,0,2026,269500,Charlotte FC,0.19903356584128315,1,0.18484812217600308,0.19717133032723155,0,5.895196506550218,-0.04640000000145,15.283842794759826,-5.3333333335e-4,0.4366812227074236,-0.128000000004,5.240174672489083,-0.1322666666708,1.3100436681222707,0,38.646288209606986,37.11790393013101,269500,31.30841121495327,34.285714285714285,527437.5,5.809492715177736,FALSE,FALSE,NA,Low,41,59,Insufficient Evidence,Wingers and attacking midfielders,1.1.0,2026-07-25 22:12:49 UTC,NA,NA,NA,Performance data through: 2026-07-25 (updates every day) · MLSPA compensation as of: 2026-04-16,FALSE,2026-07-25 22:12:44 UTC
7VqGLJn6Qv,asa_7VqGLJn6Qv_mls_blended,Hennadiy Synchuk,hennadiy synchuk,2006-07-10,Ukraine,W,NA,19.975359342915812,mls,APk5LGOMOW,W,asa_live,TRUE,NA,mlspa_via_asa,622,606000,876,606000,TRUE,0.47049924357034795,0.5295007564296521,blended,2025+2026 season to date,1085.8426626323753,0.3369232586574928,0.06609260564110002,-0.016491948687128256,0.09730561830352517,0.11443340310447019,0.051578761942262664,0.024004818353263006,2026,606000,CF Montréal,0.19903356584128315,1,0.2878476138636066,0.30703745479744193,0.07049877935270978,82.96943231441048,-0.01759141193348654,38.8646288209607,0.1037926595270037,66.8122270742358,0.12206229664858265,96.5065502183406,0.05501734607346613,77.29257641921397,0.025605139577614035,90.39301310043668,92.5764192139738,606000,55.14018691588785,60.43956043956044,527437.5,37.43623229808594,TRUE,FALSE,93.54838709677419,Medium,29.75,70.25,Elite Value,Wingers and attacking midfielders,1.1.0,2026-07-25 22:12:49 UTC,7,7,31,Performance data through: 2026-07-25 (updates every day) · MLSPA compensation as of: 2026-04-16,FALSE,2026-07-25 22:12:44 UTC
7VqGLa36Qv,asa_7VqGLa36Qv_mls_blended,Kimani Stewart-Baynes,kimani stewartbaynes,2005-01-17,Canada,W,NA,21.451060917180012,mls,pzeQZ6xQKw,W,asa_live,TRUE,NA,mlspa_via_asa,16,116000,51,116000,TRUE,0.15,0.85,blended,2025+2026 season to date,59.35,0.006346875,0,-0.041728125,0.018103125000000005,-0.028078124999999995,0.05985,-0.0017999999999999921,2026,116000,Colorado Rapids,0.19903356584128315,1,0.18168927964816847,0.19380189829743602,0,5.895196506550218,-0.04451000000139094,17.03056768558952,0.01931000000060344,4.8034934497816595,-0.029950000000935933,14.410480349344978,0.063840000001995,88.20960698689956,-0.0019200000000599916,24.017467248908297,31.441048034934497,116000,20.093457943925234,18.791208791208792,527437.5,11.347590091009263,FALSE,TRUE,NA,Low,41,59,Small-Sample Watchlist,Wingers and attacking midfielders,1.1.0,2026-07-25 22:12:49 UTC,NA,NA,NA,Performance data through: 2026-07-25 (updates every day) · MLSPA compensation as of: 2026-04-16,FALSE,2026-07-25 22:12:44 UTC
7VqGZdjW5v,asa_7VqGZdjW5v_mls_blended,Fletcher Bank,fletcher bank,2003-05-01,USA,W,NA,23.16769336071184,mls,kRQabn8MKZ,W,asa_live,FALSE,NA,NA,17,NA,0,NA,FALSE,1,0,blended,2025+2026 season to date,17,-0.01217647058823529,0,-0.09052941176470589,0.06776470588235295,-0.0508235294117647,0.06141176470588235,0,2026,NA,Toronto FC,0.19903356584128315,1,0.1932141645134034,0.20609510882073742,0,5.895196506550218,-0.0965647058853706,3.930131004366812,0.0722823529434353,35.80786026200873,-0.05421176470757646,8.296943231441048,0.06550588235498823,88.646288209607,0,38.646288209606986,44.97816593886463,NA,NA,NA,527437.5,NA,FALSE,FALSE,NA,Insufficient,49,51,Insufficient Evidence,Wingers and attacking midfielders,1.1.0,2026-07-25 22:12:49 UTC,NA,NA,NA,Performance data through: 2026-07-25 (updates every day) · MLSPA compensation as of: 2026-04-16,FALSE,2026-07-25 22:12:44 UTC
7VqGj3RA5v,asa_7VqGj3RA5v_mls_blended,Samuel Piette,samuel piette,1994-11-12,Canada,CM,NA,31.633127994524298,mls,APk5LGOMOW,CM,asa_live,TRUE,NA,mlspa_via_asa,621,621016,1666,621016,TRUE,0.47009841029523086,0.5299015897047692,blended,2025+2026 season to date,1503.8160484481455,0.10605050286579432,0.0028748083639208834,0.03503152055674655,0.005329041533343085,6.292597281153157e-4,0.06806029936577204,-0.005874426682103574,2026,621016,CF Montréal,0.13647524696350208,1,0.11472751931506521,0.12237602060656047,0.003066462254944769,15.942028985507246,0.037366955261697365,71.98067632850241,0.005684310969076925,8.695652173913043,6.712103766773121e-4,40.57971014492754,0.07259765265909218,70.53140096618357,-0.006266055127772959,27.053140096618357,26.08695652173913,621016,59.183673469387756,61.64835164835165,510300,-33.09671694764863,TRUE,FALSE,29.896907216494846,Medium,29.75,70.25,Below Expected Value by Current Model,Central and defensive midfielders,1.1.0,2026-07-25 22:12:49 UTC,69,69,300,Performance data through: 2026-07-25 (updates every day) · MLSPA compensation as of: 2026-04-16,FALSE,2026-07-25 22:12:44 UTC
7VqGj7ee5v,asa_7VqGj7ee5v_mls_blended,Lassi Lappalainen,lassi lappalainen,1998-08-24,Finland,FB,NA,26.85284052019165,mls,mvzqoLZQap,FB,asa_live,TRUE,NA,mlspa_via_asa,0,NA,585,368750,TRUE,0,1,blended,2025+2026 season to date,585,0.11018461538461538,0.05212307692307692,0.00858461538461538,0.062230769230769235,-0.00116923076923076,-0.01533846153846153,0.00375384615384615,2026,368750,Columbus Crew,0.11482828719990651,1,0.11253584162020583,0.12003823106530408,0.055597948719686145,95.40816326530613,0.009156923077209226,40.816326530612244,0.06637948718156154,86.22448979591837,-0.0012471794872184517,37.755102040816325,-0.016361025641536915,5.612244897959184,0.004004102564227689,82.14285714285714,46.93877551020408,368750,53.20855614973262,42.032967032967036,336500,-6.269780639528541,FALSE,FALSE,NA,Low,41,59,Insufficient Evidence,Fullbacks and wingbacks,1.1.0,2026-07-25 22:12:49 UTC,NA,NA,NA,Performance data through: 2026-07-25 (updates every day) · MLSPA compensation as of: 2026-04-16,FALSE,2026-07-25 22:12:44 UTC
7VqGjBpz5v,asa_7VqGjBpz5v_mls_blended,Jared Stroud,jared stroud,1996-07-10,USA,W,NA,29.973990417522245,mls,EKXMeX3Q64,W,asa_live,TRUE,NA,mlspa_via_asa,436,467500,1474,467500,TRUE,0.38380281690140844,0.6161971830985915,blended,2025+2026 season to date,1344.274647887324,0.17836396960460182,0.05477474224587689,0.023016759990062488,0.08108347148699524,-0.024369320570642304,0.04970186877711315,-0.005843552324803634,2026,467500,D.C. United,0.19903356584128315,1,0.1847425734481919,0.19705874501756276,0.058426391730761175,70.3056768558952,0.02455121065683388,75.54585152838428,0.0864890362554977,51.09170305676856,-0.025993941942830768,17.903930131004365,0.05301532669724408,75.10917030567686,-0.006233122479985327,11.353711790393014,36.68122270742358,467500,44.85981308411215,50.10989010989011,527437.5,-8.178590376688568,FALSE,TRUE,NA,Low,41,59,Small-Sample Watchlist,Wingers and attacking midfielders,1.1.0,2026-07-25 22:12:49 UTC,NA,NA,NA,Performance data through: 2026-07-25 (updates every day) · MLSPA compensation as of: 2026-04-16,FALSE,2026-07-25 22:12:44 UTC
7VqGjEpj5v,asa_7VqGjEpj5v_mls_blended,Germán Berterame,german berterame,1998-11-13,Argentina,FW,NA,27.630390143737166,mls,zeQZkL1MKw,FW,asa_live,TRUE,NA,mlspa_via_asa,1415,3824200,0,NA,FALSE,1,0,blended,2025+2026 season to date,1415,0.2201088339222615,0.060665724381625444,-0.07507844522968198,0.2414671378091873,-0.0367060070671378,0.02716537102473498,0.00259505300353356,2026,3824200,Inter Miami CF,0.21844855740004673,1,0.21961445877917024,0.23425542270510208,0.06471010600908933,53.90070921985816,-0.08008367491416339,15.602836879432624,0.2575649470045154,78.01418439716312,-0.03915307420617052,39.00709219858156,0.028976395760622824,51.773049645390074,0.0027680565371889657,47.5177304964539,52.4822695035461,3824200,94.73684210526316,97.14285714285714,540000,-42.254572601717065,TRUE,FALSE,22.80701754385965,High,28.75,71.25,Below Expected Value by Current Model,Strikers,1.1.0,2026-07-25 22:12:49 UTC,45,45,329,Performance data through: 2026-07-25 (updates every day) · MLSPA compensation as of: 2026-04-16,FALSE,2026-07-25 22:12:44 UTC
7VqGjRDY5v,asa_7VqGjRDY5v_mls_blended,Diadie Samassékou,diadie samassekou,1996-01-11,Mali,CM,NA,30.469541409993155,mls,YgOMngl5wN,CM,asa_live,TRUE,NA,mlspa_via_asa,728,771871,2,771871,TRUE,0.5098039215686274,0.4901960784313726,blended,2025+2026 season to date,728.9803921568628,0.028808823529411765,0.002420168067226887,0.0037815126050420133,0.0037689075630252086,-0.007329831932773108,0.0423844537815126,-0.01621638655462184,2026,771871,Houston Dynamo FC,0.13647524696350208,1,0.0774174068024969,0.08257856725857726,0.0025815126051226852,14.492753623188406,0.004033613445504198,29.95169082125604,0.00402016806735252,7.246376811594203,-0.007818487395202309,21.73913043478261,0.04521008403502626,24.63768115942029,-0.017297478992137176,10.144927536231885,4.3478260869565215,771871,74.48979591836735,72.1978021978022,510300,-70.14196983141083,TRUE,FALSE,5.154639175257732,Medium,29.75,70.25,Below Expected Value by Current Model,Central and defensive midfielders,1.1.0,2026-07-25 22:12:49 UTC,93,93,405,Performance data through: 2026-07-25 (updates every day) · MLSPA compensation as of: 2026-04-16,FALSE,2026-07-25 22:12:44 UTC
7VqGjbre5v,asa_7VqGjbre5v_mls_blended,Bruno Wilson,bruno wilson,1996-12-27,Portugal,CB,NA,28.50924024640657,mls,0KPqjA456v,CB,asa_live,TRUE,NA,mlspa_via_asa,0,NA,1417,1218333,TRUE,0,1,blended,2025+2026 season to date,1417,0.1283500352858151,0.01138814396612561,0.05452081863091037,0.05494636556104446,-0.0329258997882851,0.03958856739590684,8.320395201129147e-4,2026,1218333,San Jose Earthquakes,0.1396251547943452,1,0.1317040619120511,0.14048433271057797,0.012147353564246921,69.68085106382979,0.05815553987478842,64.36170212765957,0.05860945660027897,93.61702127659575,-0.0351209597752683,3.723404255319149,0.04222780522362025,19.680851063829788,8.875088214815103e-4,87.23404255319149,36.702127659574465,1218333,91.11111111111111,86.37362637362638,509583.5,-54.40898345153665,FALSE,FALSE,NA,Low,41,59,Insufficient Evidence,Center backs,1.1.0,2026-07-25 22:12:49 UTC,NA,NA,NA,Performance data through: 2026-07-25 (updates every day) · MLSPA compensation as of: 2026-04-16,FALSE,2026-07-25 22:12:44 UTC
7VqGm2OYMv,asa_7VqGm2OYMv_mls_blended,Tim Leibold,tim leibold,1993-11-30,Germany,FB,NA,31.58384668035592,mls,Z2vQ1xlqrA,FB,asa_live,TRUE,NA,mlspa_via_asa,0,NA,978,926050,TRUE,0,1,blended,2025+2026 season to date,978,0.14098159509202454,0.0271840490797546,0.00985582822085889,0.02907055214723926,0.01670245398773006,0.05572085889570553,0.00244785276073619,2026,926050,Sporting Kansas City,0.11482828719990651,1,0.13103737155889983,0.13977319633386107,0.028996319019311042,82.14285714285714,0.010512883435911344,45.91836734693877,0.031008588958024226,58.16326530612245,0.017815950920802147,77.04081632653062,0.05943558282394326,57.142857142857146,0.0026110429448668645,77.04081632653062,68.36734693877551,926050,94.6524064171123,80.32967032967034,336500,-26.28505947833679,FALSE,FALSE,NA,Low,41,59,Insufficient Evidence,Fullbacks and wingbacks,1.1.0,2026-07-25 22:12:49 UTC,NA,NA,NA,Performance data through: 2026-07-25 (updates every day) · MLSPA compensation as of: 2026-04-16,FALSE,2026-07-25 22:12:44 UTC
7VqGmYJAMv,asa_7VqGmYJAMv_mls_blended,André Gomes,andre gomes,1993-07-30,Portugal,CM,NA,32.91991786447639,mls,mvzqoLZQap,CM,asa_live,TRUE,NA,mlspa_via_asa,739,971944,0,NA,FALSE,1,0,blended,2025+2026 season to date,739,0.13344113667117724,0.01741542625169147,0.05630175913396482,0.0184871447902571,-0.007355886332882269,0.04637618403247633,0.00221650879566982,2026,971944,Columbus Crew,0.13647524696350208,1,0.1348007081240487,0.14378742200347863,0.018576454669051418,58.93719806763285,0.060055209744772534,83.57487922705315,0.019719621110223812,43.96135265700483,-0.007846278755319618,21.256038647342994,0.04946792963618729,30.917874396135264,0.002364276048788358,75.3623188405797,51.690821256038646,971944,86.22448979591837,81.75824175824175,510300,-34.53366853987973,TRUE,FALSE,28.8659793814433,Low,37.75,62.25,Below Expected Value by Current Model,Central and defensive midfielders,1.1.0,2026-07-25 22:12:49 UTC,70,70,304,Performance data through: 2026-07-25 (updates every day) · MLSPA compensation as of: 2026-04-16,FALSE,2026-07-25 22:12:44 UTC
7VqGmmzzMv,asa_7VqGmmzzMv_mls_blended,Luis Muriel,luis muriel,1991-04-16,Colombia,FW,NA,34.209445585215605,mls,jYQJ8EW5GR,FW,asa_live,TRUE,NA,mlspa_via_asa,0,NA,2358,4003333,TRUE,0,1,blended,2025+2026 season to date,2358,0.26653053435114504,0.05991984732824427,0.02976717557251908,0.16564885496183204,-0.03712213740458015,0.030706106870229004,0.01761068702290076,2026,4003333,Orlando City SC,0.21844855740004673,1,0.25677759784990806,0.2738961043817945,0.06391450381879121,52.4822695035461,0.031751653945012594,95.0354609929078,0.17669211196480913,45.39007092198582,-0.03959694656612289,38.297872340425535,0.03275318066260114,59.57446808510638,0.0187847328250145,80.1418439716312,75.88652482269504,4003333,95.48872180451127,97.36263736263736,540000,-19.602196981816235,FALSE,FALSE,NA,Low,41,59,Insufficient Evidence,Strikers,1.1.0,2026-07-25 22:12:49 UTC,NA,NA,NA,Performance data through: 2026-07-25 (updates every day) · MLSPA compensation as of: 2026-04-16,FALSE,2026-07-25 22:12:44 UTC
7VqGpdjQvW,asa_7VqGpdjQvW_mls_blended,Antoine Griezmann,antoine griezmann,1991-03-21,France,FW,NA,35.279945242984255,mls,jYQJ8EW5GR,FW,asa_live,FALSE,NA,NA,103,NA,0,NA,FALSE,1,0,blended,2025+2026 season to date,103,0.43470873786407765,0.04167961165048544,0.2553203883495146,0.12530097087378642,0.00235922330097087,0.0025339805825242696,0.00751456310679611,2026,NA,Orlando City SC,0.21844855740004673,1,0.2501339038976217,0.26680949749913424,0.04445825242857379,29.078014184397162,0.27234174758132623,99.29078014184397,0.13365436893621555,26.95035460992908,0.002516504854447569,73.04964539007092,0.002702912621443687,13.47517730496454,0.008015533980833003,63.829787234042556,73.75886524822695,NA,NA,NA,540000,NA,FALSE,FALSE,NA,Insufficient,49,51,Insufficient Evidence,Strikers,1.1.0,2026-07-25 22:12:49 UTC,NA,NA,NA,Performance data through: 2026-07-25 (updates every day) · MLSPA compensation as of: 2026-04-16,FALSE,2026-07-25 22:12:44 UTC
7vQ73eoDQD,asa_7vQ73eoDQD_mls_blended,Nemanja Radoja,nemanja radoja,1993-02-06,Serbia,CM,NA,32.39698836413415,mls,Z2vQ1xlqrA,CM,asa_live,TRUE,NA,mlspa_via_asa,0,NA,1232,1390000,TRUE,0,1,blended,2025+2026 season to date,1232,0.15300730519480518,0.01141801948051948,0.02702922077922077,0.01350730519480519,0.00619480519480519,0.09557386363636364,-7.159090909090909e-4,2026,1390000,Sporting Kansas City,0.13647524696350208,1,0.14759287564306836,0.15743240069085934,0.01217922077960138,37.68115942028985,0.028831168832069796,61.83574879227053,0.014407792208242447,28.019323671497585,0.006607792207998696,56.52173913043478,0.10194545454864035,88.88888888888889,-7.636363636602273e-4,52.65700483091788,67.14975845410628,1390000,93.87755102040816,88.24175824175825,510300,-26.727792566301886,FALSE,FALSE,NA,Low,41,59,Insufficient Evidence,Central and defensive midfielders,1.1.0,2026-07-25 22:12:49 UTC,NA,NA,NA,Performance data through: 2026-07-25 (updates every day) · MLSPA compensation as of: 2026-04-16,FALSE,2026-07-25 22:12:44 UTC
7vQ73orEQD,asa_7vQ73orEQD_mls_blended,DeAndre Yedlin,deandre yedlin,1993-07-09,USA,CB,NA,32.97741273100616,mls,a2lqR4JMr0,CB,asa_live,TRUE,NA,mlspa_via_asa,850,726667,2985,726667,TRUE,0.5483870967741935,0.4516129032258065,blended,2025+2026 season to date,2198.064516129032,0.10777022207813261,0.004305498460042143,0.03730902901604798,0.011589706597503645,0.0070179575295834,0.04767845680012968,-1.3042632517425824e-4,2026,726667,Real Salt Lake,0.1396251547943452,1,0.1146010008252107,0.12224106755071144,0.004592531690855136,25,0.03979629761836148,34.04255319148936,0.012362353704390212,36.702127659574465,0.007485821365122891,66.48936170212765,0.050857020588394274,25.53191489361702,-1.3912141352355632e-4,77.65957446808511,22.872340425531913,726667,66.11111111111111,68.79120879120879,509583.5,-43.2387706855792,TRUE,FALSE,15.625,Medium,29.75,70.25,Below Expected Value by Current Model,Center backs,1.1.0,2026-07-25 22:12:49 UTC,82,82,360,Performance data through: 2026-07-25 (updates every day) · MLSPA compensation as of: 2026-04-16,FALSE,2026-07-25 22:12:44 UTC
7vQ7BmAzqD,asa_7vQ7BmAzqD_mls_blended,Hassani Dotson,hassani dotson,1997-08-06,USA,CM,NA,28.90075290896646,mls,jYQJ19EqGR,CM,asa_live,TRUE,NA,mlspa_via_asa,844,828125,529,828125,TRUE,0.5466321243523317,0.45336787564766834,blended,2025+2026 season to date,1083.8316062176166,0.10704127569860036,0.013197662517018132,0.03224460439581966,0.025264275639832707,-0.005342243160915602,0.04593177199134156,-0.004254795684496112,2026,828125,Seattle Sounders FC,0.13647524696350208,1,0.11752948763958623,0.1253647868194763,0.014077506685259263,43.96135265700483,0.03439424468994912,68.59903381642512,0.026948560683330364,56.52173913043478,-0.005698392705154717,25.603864734299517,0.04899389012562872,29.95169082125604,-0.0045384487302710125,31.40096618357488,28.502415458937197,828125,78.06122448979592,75.82417582417582,510300,-49.558809030858725,TRUE,FALSE,14.43298969072165,Medium,29.75,70.25,Below Expected Value by Current Model,Central and defensive midfielders,1.1.0,2026-07-25 22:12:49 UTC,84,84,365,Performance data through: 2026-07-25 (updates every day) · MLSPA compensation as of: 2026-04-16,FALSE,2026-07-25 22:12:44 UTC
7vQ7J8JYqD,asa_7vQ7J8JYqD_mls_blended,Joseph Paintsil,joseph paintsil,1998-02-01,Ghana,W,NA,28.410677618069816,mls,kaDQ0wRqEv,W,asa_live,TRUE,NA,mlspa_via_asa,1111,4502000,2213,4502000,TRUE,0.6134732192159028,0.3865267807840972,blended,2025+2026 season to date,1966.3837658752072,0.3245526260042123,0.060698445983188035,-0.006706624651331185,0.1406593307005963,0.08562391625411112,0.03208483428203854,0.01219272343560951,2026,4502000,LA Galaxy,0.19903356584128315,1,0.295207273567386,0.3148877584817187,0.06474500905075718,75.9825327510917,-0.007153732961643485,47.161572052401745,0.15003661941865803,84.27947598253274,0.09133217734057265,91.70305676855895,0.034223823235243936,42.79475982532751,0.013005571665056568,77.7292576419214,93.88646288209607,4502000,95.32710280373831,97.8021978021978,527437.5,-1.4406399216422443,TRUE,FALSE,56.98924731182796,High,20.75,79.25,Fair Value,Wingers and attacking midfielders,1.1.0,2026-07-25 22:12:49 UTC,41,41,185,Performance data through: 2026-07-25 (updates every day) · MLSPA compensation as of: 2026-04-16,FALSE,2026-07-25 22:12:44 UTC
7vQ7J8VDqD,asa_7vQ7J8VDqD_mls_blended,Derek Dodson,derek dodson,1998-11-03,USA,FB,NA,26.65845311430527,mls,EKXMeX3Q64,FB,asa_live,TRUE,NA,mlspa_via_asa,0,NA,659,110250,TRUE,0,1,blended,2025+2026 season to date,659,0.12593171471927164,0.00367374810318664,0.0093823975720789,0.024610015174506825,0.015254931714719271,0.07910166919575115,-0.006091047040971161,2026,110250,D.C. United,0.11482828719990651,1,0.12064016864173464,0.12868284655520495,0.00391866464352154,22.448979591836736,0.010007890743863573,43.36734693877551,0.026250682853627614,53.06122448979592,0.01627192716287572,74.48979591836735,0.08437511381143795,85.71428571428571,-0.006497116843905607,27.040816326530614,58.16326530612245,110250,18.181818181818183,14.725274725274724,336500,39.98144712430427,FALSE,FALSE,NA,Low,41,59,Insufficient Evidence,Fullbacks and wingbacks,1.1.0,2026-07-25 22:12:49 UTC,NA,NA,NA,Performance data through: 2026-07-25 (updates every day) · MLSPA compensation as of: 2026-04-16,FALSE,2026-07-25 22:12:44 UTC
7vQ7eEPE5D,asa_7vQ7eEPE5D_mls_blended,Allan Oyirwoth,allan oyirwoth,2007-01-23,Uganda,CM,NA,18.43668720054757,mls,19vQ2095K6,CM,asa_live,TRUE,NA,mlspa_via_asa,0,NA,308,120000,TRUE,0,1,blended,2025+2026 season to date,308,0.1305,0.026707792207792198,-0.02346428571428571,0.00300974025974026,0.00818181818181818,0.13014935064935065,-0.01408441558441558,2026,120000,New England Revolution,0.13647524696350208,1,0.13444840107720402,0.1434116278201659,0.028488311689201937,78.26086956521739,-0.025028571429353566,10.628019323671497,0.003210389610489935,6.280193236714976,0.008727272727545454,62.31884057971015,0.13882597403031233,97.10144927536231,-0.015023376623846098,12.077294685990339,51.207729468599034,120000,18.112244897959183,20.54945054945055,510300,33.095484570639854,FALSE,FALSE,NA,Low,41,59,Insufficient Evidence,Central and defensive midfielders,1.1.0,2026-07-25 22:12:49 UTC,NA,NA,NA,Performance data through: 2026-07-25 (updates every day) · MLSPA compensation as of: 2026-04-16,FALSE,2026-07-25 22:12:44 UTC
7vQ7eNPO5D,asa_7vQ7eNPO5D_mls_blended,Mohammed Sofo,mohammed sofo,2004-11-30,Ghana,W,NA,21.582477754962355,mls,a2lqRX2Mr0,W,asa_live,TRUE,NA,mlspa_via_asa,356,208000,1751,208000,TRUE,0.3371212121212121,0.6628787878787878,blended,2025+2026 season to date,1516.7007575757575,0.10727317344634235,0.05543845724521052,-0.044013505269716,0.08128822004309226,-0.02543134604901095,0.04292374487305955,-0.00293239739629302,2026,208000,New York Red Bulls,0.19903356584128315,1,0.13328357441583036,0.14216914604799516,0.05913435439673917,72.0524017467249,-0.04694773895583085,14.847161572052402,0.08670743471534136,51.52838427947598,-0.027126769119792723,17.03056768558952,0.04578532786602764,65.06550218340611,-0.0031278905561436345,19.650655021834062,3.493449781659389,208000,28.50467289719626,30.274725274725274,527437.5,-25.011223115536872,FALSE,TRUE,NA,Low,41,59,Small-Sample Watchlist,Wingers and attacking midfielders,1.1.0,2026-07-25 22:12:49 UTC,NA,NA,NA,Performance data through: 2026-07-25 (updates every day) · MLSPA compensation as of: 2026-04-16,FALSE,2026-07-25 22:12:44 UTC
7vQ7ew0z5D,asa_7vQ7ew0z5D_mls_blended,Rodolfo Aloko,rodolfo aloko,2006-12-26,Benin,W,NA,19.512662559890487,mls,NPqxKXZ59d,W,asa_live,TRUE,NA,mlspa_via_asa,317,251667,0,NA,FALSE,1,0,blended,2025+2026 season to date,317,0.17358359621451103,0.0344384858044164,-0.07182965299684542,0.17585488958990536,0.0018738170347003102,0.03176971608832808,0.0014763406940063,2026,251667,Charlotte FC,0.19903356584128315,1,0.19023570284053423,0.20291808303624437,0.03673438485919211,38.427947598253276,-0.07661829653236277,7.423580786026201,0.18757854890176087,91.70305676855895,0.001998738170409458,37.11790393013101,0.03388769716194227,41.92139737991266,0.0015747634069892646,50.65502183406114,42.79475982532751,251667,30.373831775700936,32.967032967032964,527437.5,12.420928049626575,FALSE,TRUE,NA,Low,49,51,Small-Sample Watchlist,Wingers and attacking midfielders,1.1.0,2026-07-25 22:12:49 UTC,NA,NA,NA,Performance data through: 2026-07-25 (updates every day) · MLSPA compensation as of: 2026-04-16,FALSE,2026-07-25 22:12:44 UTC
7vQ7rA7YqD,asa_7vQ7rA7YqD_mls_blended,Will Sands,will sands,2000-07-06,USA,FB,NA,25.984941820670773,mls,19vQ2095K6,FB,asa_live,TRUE,NA,mlspa_via_asa,1443,333333,883,333333,TRUE,0.6733551096593561,0.3266448903406439,blended,2025+2026 season to date,1731.4274381707887,0.1177400496441045,0.011141338784284895,-0.01629641662998231,0.03810834981707146,0.01033133027069618,0.06096968031500807,0.013485767087026203,2026,333333,New England Revolution,0.11482828719990651,1,0.1169906986508394,0.12479007856479504,0.011884094703608598,49.48979591836735,-0.01738284440585768,16.3265306122449,0.04064890647281317,70.40816326530613,0.011020085622420303,64.79591836734694,0.06503432567137427,65.81632653061224,0.014384818226610809,95.40816326530613,53.06122448979592,333333,49.73262032085562,39.23076923076923,336500,3.328604168940302,TRUE,FALSE,65,High,20.75,79.25,Fair Value,Fullbacks and wingbacks,1.1.0,2026-07-25 22:12:49 UTC,29,29,150,Performance data through: 2026-07-25 (updates every day) · MLSPA compensation as of: 2026-04-16,FALSE,2026-07-25 22:12:44 UTC
7vQ7rVvGqD,asa_7vQ7rVvGqD_mls_blended,Kevin O'Toole,kevin otoole,1998-12-14,USA,FB,NA,27.54551676933607,mls,Vj58weDM8n,FB,asa_live,TRUE,NA,mlspa_via_asa,1014,323333,2582,323333,TRUE,0.5915985997666278,0.40840140023337224,blended,2025+2026 season to date,2068.492415402567,0.07475591632945794,0.0087176891991681,-0.0011071822065877486,0.029831694063650424,0.004327652530262918,0.043074828247258876,-0.01008876550429461,2026,323333,New York City FC,0.11482828719990651,1,0.08376603094829299,0.08935043301430472,0.009298868479403229,37.755102040816325,-0.0011809943537305046,29.081632653061224,0.031820473668888176,59.69387755102041,0.004616162699091368,50.51020408163265,0.04594648346517863,35.714285714285715,-0.010761349871583876,18.877551020408163,11.73469387755102,323333,47.593582887700535,38.13186813186813,336500,-35.85888901014951,TRUE,FALSE,22.5,High,20.75,79.25,Below Expected Value by Current Model,Fullbacks and wingbacks,1.1.0,2026-07-25 22:12:49 UTC,63,63,332,Performance data through: 2026-07-25 (updates every day) · MLSPA compensation as of: 2026-04-16,FALSE,2026-07-25 22:12:44 UTC
7vQ7w3kLQD,asa_7vQ7w3kLQD_mls_blended,Max Floriani,max floriani,2003-02-06,USA,CB,NA,23.397672826830934,mls,0KPqjA456v,CB,asa_live,TRUE,NA,mlspa_via_asa,176,90525,931,90525,TRUE,0.2009132420091324,0.7990867579908676,blended,2025+2026 season to date,919.9497716894978,0.1171773612112473,0,0.03819778040992893,8.036873004428859e-4,-1.8802142342156758e-4,0.07980520650942424,-0.0014412915851272,2026,90525,San Jose Earthquakes,0.1396251547943452,1,0.12603862518241632,0.1344412001987787,0,7.180851063829787,0.04074429910519745,36.170212765957444,8.572664538325346e-4,10.106382978723405,-2.005561849892728e-4,35.638297872340424,0.08512555361271269,62.234042553191486,-0.0015373776908503898,65.42553191489361,29.78723404255319,90525,7.222222222222222,7.582417582417582,509583.5,22.56501182033097,FALSE,TRUE,NA,Low,41,59,Small-Sample Watchlist,Center backs,1.1.0,2026-07-25 22:12:49 UTC,NA,NA,NA,Performance data through: 2026-07-25 (updates every day) · MLSPA compensation as of: 2026-04-16,FALSE,2026-07-25 22:12:44 UTC
7vQ7wYXeQD,asa_7vQ7wYXeQD_mls_blended,Nico Cavallo,nico cavallo,2001-12-27,USA,FB,NA,24.50924024640657,mls,Vj58weDM8n,FB,asa_live,TRUE,NA,mlspa_via_asa,593,115248,386,115248,TRUE,0.4586233565351895,0.5413766434648105,blended,2025+2026 season to date,801.9713843774168,0.09455083370400202,0.005150090763737779,0.027094670786098115,0.012106788646718675,0.007494355817895482,0.07351437192695624,-0.03080944423740427,2026,115248,New York City FC,0.11482828719990651,1,0.10322895098450953,0.11011088105358446,0.005493430148158634,26.020408163265305,0.028900982172741143,65.81632653061224,0.012913907890236814,25.510204081632654,0.007993979539338326,61.224489795918366,0.07841533005787046,80.10204081632654,-0.03286340718759154,6.122448979591836,34.183673469387756,115248,21.925133689839573,18.35164835164835,336500,12.258539779548183,TRUE,FALSE,78.75,Medium,29.75,70.25,Fair Value,Fullbacks and wingbacks,1.1.0,2026-07-25 22:12:49 UTC,18,18,93,Performance data through: 2026-07-25 (updates every day) · MLSPA compensation as of: 2026-04-16,FALSE,2026-07-25 22:12:44 UTC
7vQ7x6aOMD,asa_7vQ7x6aOMD_mls_blended,Jeevan Badwal,jeevan badwal,2006-03-11,Canada,W,NA,20.306639288158795,mls,lgpMOvnQzy,W,asa_live,TRUE,NA,mlspa_via_asa,1067,113400,1115,113400,TRUE,0.6038483305036786,0.3961516694963214,blended,2025+2026 season to date,1508.7091114883983,0.19441560903560795,0.026226811423176774,-0.011059369456477876,0.10064532117216231,0.01912209643158961,0.03339981880058166,0.02608093066457551,2026,113400,Vancouver Whitecaps FC,0.19903356584128315,1,0.19572957598738414,0.2087782143930674,0.02797526551892945,27.074235807860262,-0.011796660753945046,43.66812227074236,0.1073550092536613,68.99563318777292,0.02039690286099965,55.02183406113537,0.035626473388400436,45.414847161572055,0.027819659376416575,92.5764192139738,48.90829694323144,113400,17.05607476635514,16.428571428571427,527437.5,31.8522221768763,TRUE,FALSE,90.3225806451613,High,20.75,79.25,Fair Value,Wingers and attacking midfielders,1.1.0,2026-07-25 22:12:49 UTC,10,10,44,Performance data through: 2026-07-25 (updates every day) · MLSPA compensation as of: 2026-04-16,FALSE,2026-07-25 22:12:44 UTC
7vQ7xGkYMD,asa_7vQ7xGkYMD_mls_blended,Oscar Verhoeven,oscar verhoeven,2006-05-31,USA,FB,NA,20.084873374401095,mls,zeQZBOzQKw,FB,asa_live,TRUE,NA,mlspa_via_asa,1134,188395,1156,188395,TRUE,0.6183206106870229,0.38167938931297707,blended,2025+2026 season to date,1575.2213740458014,0.06978094659507268,0.005279735333738342,-0.005597929158192235,0.014041518717949678,-0.0015735473354137341,0.055589882383128376,0.0020412866538622614,2026,188395,San Diego FC,0.11482828719990651,1,0.08220653448483714,0.08768697011989983,0.00563171768949689,27.040816326530614,-0.005971124435591648,23.979591836734695,0.01497761996628104,30.102040816326532,-0.0016784504911604345,34.69387755102041,0.0592958745438566,56.63265306122449,0.002177372430854455,74.48979591836735,10.714285714285714,188395,35.294117647058826,28.791208791208792,336500,-24.57983193277311,TRUE,FALSE,31.25,High,20.75,79.25,Below Expected Value by Current Model,Fullbacks and wingbacks,1.1.0,2026-07-25 22:12:49 UTC,56,56,294,Performance data through: 2026-07-25 (updates every day) · MLSPA compensation as of: 2026-04-16,FALSE,2026-07-25 22:12:44 UTC
7vQ7xNzdMD,asa_7vQ7xNzdMD_mls_blended,Frankie Westfield,frankie westfield,2005-12-09,USA,FB,NA,20.55852156057495,mls,9z5k7Yg5A3,FB,asa_live,TRUE,NA,mlspa_via_asa,1107,125285,2129,125285,TRUE,0.612617598229109,0.387382401770891,blended,2025+2026 season to date,1931.737133370227,0.180738401337318,0.021952849975682996,0.061585449362806244,0.03231271660779553,0.001426308575569724,0.05914346405594027,0.004317612759523196,2026,125285,Philadelphia Union,0.11482828719990651,1,0.16511826923071043,0.17612615385159508,0.02341637330812696,75.51020408163265,0.06569114598904617,92.85714285714286,0.034466897716058986,62.755102040816325,0.0015213958139885825,45.91836734693877,0.06308636166164107,59.69387755102041,0.004605453610301996,85.71428571428571,91.3265306122449,125285,28.342245989304814,21.978021978021978,336500,62.98428462294008,TRUE,FALSE,95,High,20.75,79.25,Elite Value,Fullbacks and wingbacks,1.1.0,2026-07-25 22:12:49 UTC,5,5,23,Performance data through: 2026-07-25 (updates every day) · MLSPA compensation as of: 2026-04-16,FALSE,2026-07-25 22:12:44 UTC
7vQ7xWmYMD,asa_7vQ7xWmYMD_mls_blended,Édier Ocampo,edier ocampo,2003-10-03,Colombia,FB,NA,22.74332648870637,mls,lgpMOvnQzy,FB,asa_live,TRUE,NA,mlspa_via_asa,1318,453799,2968,453799,TRUE,0.6531219028741329,0.34687809712586715,blended,2025+2026 season to date,2347.5341922695734,0.1664299465190643,0.017412981281672492,0.019118962357649084,0.040944934270808,-0.0012973568075995267,0.07877065841389756,0.011479767002636651,2026,453799,Vancouver Whitecaps FC,0.11482828719990651,1,0.1559259138015829,0.16632097472688598,0.01857384670103109,65.3061224489796,0.02039355984879632,56.63265306122449,0.04367459655689337,73.46938775510205,-0.0013838472614827403,36.734693877551024,0.08402203564411642,85.20408163265306,0.012245084803195087,92.85714285714286,86.22448979591837,453799,64.70588235294117,49.45054945054945,336500,21.5186074429772,TRUE,FALSE,82.5,High,20.75,79.25,Strong Value,Fullbacks and wingbacks,1.1.0,2026-07-25 22:12:49 UTC,15,15,76,Performance data through: 2026-07-25 (updates every day) · MLSPA compensation as of: 2026-04-16,FALSE,2026-07-25 22:12:44 UTC
7vQ7xgKOMD,asa_7vQ7xgKOMD_mls_blended,Sergio Oregel,sergio oregel,2005-05-16,USA,CM,NA,21.125256673511295,mls,X0Oq66zq6D,CM,asa_live,TRUE,NA,mlspa_via_asa,50,392500,2350,392500,TRUE,0.15,0.85,blended,2025+2026 season to date,2047.5,0.08212653191489361,0.011341531914893612,0.0459189574468085,0.019487297872340423,-0.003506936170212769,0.024344617021276597,-0.015458936170212765,2026,392500,Chicago Fire FC,0.13647524696350208,1,0.09444352116103717,0.10073975590825443,0.012097634042931238,37.19806763285024,0.04898022127812637,78.26086956521739,0.02078645106447936,45.410628019323674,-0.003740731915010518,28.019323671497585,0.025967591490173192,10.628019323671497,-0.016489531915408914,10.628019323671497,9.178743961352657,392500,42.857142857142854,43.79120879120879,510300,-33.678398895790195,FALSE,TRUE,NA,Low,41,59,Small-Sample Watchlist,Central and defensive midfielders,1.1.0,2026-07-25 22:12:49 UTC,NA,NA,NA,Performance data through: 2026-07-25 (updates every day) · MLSPA compensation as of: 2026-04-16,FALSE,2026-07-25 22:12:44 UTC
7vQ7xpBzMD,asa_7vQ7xpBzMD_mls_blended,Taha Habroune,taha habroune,2006-02-05,USA,CM,NA,20.399726214921287,mls,mvzqoLZQap,CM,asa_live,TRUE,NA,mlspa_via_asa,1142,152000,835,152000,TRUE,0.6199782844733985,0.38002171552660147,blended,2025+2026 season to date,1459.318132464712,0.19374348046577855,0.024862158419317708,0.03524714739901305,0.06241648949657688,-0.006228822485322516,0.06692488638358463,0.010521621252608792,2026,152000,Columbus Crew,0.13647524696350208,1,0.17705788946375076,0.18886174876723608,0.02651963564810096,74.39613526570048,0.037596957226788824,72.46376811594203,0.06657758879842922,88.40579710144928,-0.006644077317884978,24.154589371980677,0.07138654547805443,69.08212560386474,0.011223062669800098,93.23671497584542,87.92270531400966,152000,23.46938775510204,25.824175824175825,510300,64.45331755890763,TRUE,FALSE,97.9381443298969,High,20.75,79.25,Elite Value,Central and defensive midfielders,1.1.0,2026-07-25 22:12:49 UTC,3,3,11,Performance data through: 2026-07-25 (updates every day) · MLSPA compensation as of: 2026-04-16,FALSE,2026-07-25 22:12:44 UTC
9Yqd4X9qvJ,asa_9Yqd4X9qvJ_mls_blended,James Rodríguez,james rodriguez,1991-07-12,Colombia,W,NA,34.97056810403833,mls,kRQand1MKZ,W,asa_live,TRUE,NA,mlspa_via_asa,220,684000,0,NA,FALSE,1,0,blended,2025+2026 season to date,220,0.39698181818181816,0.05052272727272727,0.2953636363636364,0.07613181818181818,-0.06852272727272728,0.03608181818181818,0.00740454545454545,2026,684000,Minnesota United FC,0.19903356584128315,1,0.25214163354240227,0.26895107578696714,0.05389090909259318,59.38864628820961,0.31505454546439093,100,0.08120727272981045,45.414847161572055,-0.07309090909319318,6.986899563318778,0.03848727272847545,52.40174672489083,0.007898181818428631,71.17903930131004,85.58951965065502,684000,62.149532710280376,66.15384615384616,527437.5,23.439986940374645,FALSE,TRUE,NA,Low,49,51,Small-Sample Watchlist,Wingers and attacking midfielders,1.1.0,2026-07-25 22:12:49 UTC,NA,NA,NA,Performance data through: 2026-07-25 (updates every day) · MLSPA compensation as of: 2026-04-16,FALSE,2026-07-25 22:12:44 UTC
9Yqd6pKkMv,asa_9Yqd6pKkMv_mls_blended,Xande Silva,xande silva,1997-03-16,Portugal,W,NA,28.292950034223136,mls,wvq9B9wQWn,W,asa_live,TRUE,NA,mlspa_via_asa,0,NA,555,629250,TRUE,0,1,blended,2025+2026 season to date,555,0.1619189189189189,0.04723783783783784,0.03012972972972972,0.0507081081081081,0.02015675675675675,0.02033513513513513,-0.00664864864864864,2026,629250,St. Louis City SC,0.19903356584128315,1,0.18119925498248474,0.19327920532069034,0.05038702702860162,54.585152838427945,0.03213837837938269,81.6593886462882,0.05408864865033891,21.397379912663755,0.021500540541212424,56.33187772925764,0.02169081081148864,25.32751091703057,-0.007091891892113504,10.043668122270743,31.004366812227076,629250,57.47663551401869,62.527472527472526,527437.5,-26.472268701791613,FALSE,FALSE,NA,Low,41,59,Insufficient Evidence,Wingers and attacking midfielders,1.1.0,2026-07-25 22:12:49 UTC,NA,NA,NA,Performance data through: 2026-07-25 (updates every day) · MLSPA compensation as of: 2026-04-16,FALSE,2026-07-25 22:12:44 UTC
9Yqd6yrkMv,asa_9Yqd6yrkMv_mls_blended,Sergio Santos,sergio santos,1994-09-04,Brazil,W,NA,31.822039698836413,mls,KAqBN0Vqbg,W,asa_live,TRUE,NA,mlspa_via_asa,51,171000,767,171000,TRUE,0.15,0.85,blended,2025+2026 season to date,702.9499999999999,0.20322623283994173,0.05149437073395198,-0.0532619295958279,0.14208269422501726,-0.00470020323644451,0.06250658409387223,0.005104716619372649,2026,171000,Atlanta United FC,0.19903356584128315,1,0.2012955369581388,0.21471523942872456,0.05492732878459859,62.44541484716157,-0.05681272490399182,12.22707423580786,0.1515548738447545,86.02620087336244,-0.005013550119030818,30.131004366812228,0.06667368970221393,89.08296943231441,0.005445031060834316,62.88209606986899,55.89519650655022,171000,27.102803738317757,27.802197802197803,527437.5,28.792392768232464,FALSE,TRUE,NA,Low,41,59,Small-Sample Watchlist,Wingers and attacking midfielders,1.1.0,2026-07-25 22:12:49 UTC,NA,NA,NA,Performance data through: 2026-07-25 (updates every day) · MLSPA compensation as of: 2026-04-16,FALSE,2026-07-25 22:12:44 UTC
9YqdWjPm5v,asa_9YqdWjPm5v_mls_blended,Luis Otávio,luis otavio,2007-04-12,Brazil,CM,NA,19.21971252566735,mls,jYQJ8EW5GR,CM,asa_live,TRUE,NA,mlspa_via_asa,507,569000,0,NA,FALSE,1,0,blended,2025+2026 season to date,507,0.05788757396449704,0.01519526627218934,0.00591124260355029,0.02112426035502958,-0.01943786982248521,0.0840887573964497,-0.04899408284023669,2026,569000,Orlando City SC,0.13647524696350208,1,0.10048251867940493,0.10718135326138134,0.016208284024175137,50.72463768115942,0.006305325443984018,35.265700483091784,0.022532544379402362,49.27536231884058,-0.020733727811298817,10.144927536231885,0.08969467455901597,84.54106280193237,-0.05226035503121893,1.932367149758454,11.594202898550725,569000,55.10204081632653,58.02197802197802,510300,-43.5078379177758,TRUE,FALSE,20.61855670103093,Low,37.75,62.25,Below Expected Value by Current Model,Central and defensive midfielders,1.1.0,2026-07-25 22:12:49 UTC,78,78,339,Performance data through: 2026-07-25 (updates every day) · MLSPA compensation as of: 2026-04-16,FALSE,2026-07-25 22:12:44 UTC
9YqdY2mRQv,asa_9YqdY2mRQv_mls_blended,Mathieu Choinière,mathieu choiniere,1999-02-07,Canada,CM,NA,27.394934976043807,mls,eVq3ya6MWO,CM,asa_live,TRUE,NA,mlspa_via_asa,1016,725000,825,725000,TRUE,0.5920745920745921,0.4079254079254079,blended,2025+2026 season to date,1352.5384615384614,0.14404593134138588,0.02161808645899555,0.041183248569612196,0.014743801652892553,0.011934202161474883,0.05830244755244755,-0.0037358550540368654,2026,725000,Los Angeles FC,0.13647524696350208,1,0.14171951846081646,0.1511674863629282,0.02305929222364919,70.04830917874396,0.04392879847562579,76.32850241545894,0.01572672176357685,31.884057971014492,0.01272981563930435,69.56521739130434,0.06218927739122081,53.14009661835749,-0.003984912057763851,33.81642512077295,59.42028985507246,725000,68.87755102040816,68.68131868131869,510300,-9.457261165335701,TRUE,FALSE,47.422680412371136,High,20.75,79.25,Fair Value,Central and defensive midfielders,1.1.0,2026-07-25 22:12:49 UTC,52,52,225,Performance data through: 2026-07-25 (updates every day) · MLSPA compensation as of: 2026-04-16,FALSE,2026-07-25 22:12:44 UTC
9YqddY89qv,asa_9YqddY89qv_mls_blended,Cesar Ruvalcaba,cesar ruvalcaba,2001-07-13,USA,CB,NA,23.967145790554415,mls,mvzqoLZQap,CB,asa_live,TRUE,NA,mlspa_via_asa,0,NA,374,80622,TRUE,0,1,blended,2025+2026 season to date,374,0.17167379679144387,0.0315,0.0069304812834224605,0.014366310160427798,0.02632620320855615,0.09103475935828878,0.00151604278074866,2026,80622,Columbus Crew,0.1396251547943452,1,0.15193130685483278,0.16206006065021933,0.03360000000105,97.34042553191489,0.0073925133692149736,6.914893617021277,0.015324064171601861,46.276595744680854,0.028081283423337433,96.27659574468085,0.09710374331854252,74.46808510638297,0.001617112299515772,89.8936170212766,63.829787234042556,80622,1.3888888888888888,1.043956043956044,509583.5,62.44089834515367,FALSE,FALSE,NA,Low,41,59,Insufficient Evidence,Center backs,1.1.0,2026-07-25 22:12:49 UTC,NA,NA,NA,Performance data through: 2026-07-25 (updates every day) · MLSPA compensation as of: 2026-04-16,FALSE,2026-07-25 22:12:44 UTC
9YqdoXJL5v,asa_9YqdoXJL5v_mls_blended,Woobens Pacius,woobens pacius,2001-05-11,Canada,FW,NA,25.13894592744695,mls,vzqoOgNqap,FW,asa_live,TRUE,NA,mlspa_via_asa,301,113400,0,NA,FALSE,1,0,blended,2025+2026 season to date,301,0.09080730897009968,0.03151495016611295,-0.00230232558139534,0.08527574750830565,-0.04320598006644518,0.01808970099667774,0.00143521594684385,2026,113400,Nashville SC,0.21844855740004673,1,0.17580703045508106,0.1875274991579467,0.033615946844904314,17.02127659574468,-0.002455813953565107,84.39716312056737,0.09096079734503522,15.602836879432624,-0.04608637873898173,33.333333333333336,0.019295681063725912,29.78723404255319,0.0015308970100146137,41.843971631205676,16.31205673758865,113400,20.30075187969925,16.428571428571427,540000,-3.988695142110597,FALSE,TRUE,NA,Low,49,51,Small-Sample Watchlist,Strikers,1.1.0,2026-07-25 22:12:49 UTC,NA,NA,NA,Performance data through: 2026-07-25 (updates every day) · MLSPA compensation as of: 2026-04-16,FALSE,2026-07-25 22:12:44 UTC
9Yqdwg885v,asa_9Yqdwg885v_mls_blended,Gilberto Flores,gilberto flores,2003-04-01,Paraguay,CB,NA,23.249828884325805,mls,NWMWlBK5lz,CB,asa_live,TRUE,NA,mlspa_via_asa,352,436672,1349,436672,TRUE,0.33460076045627374,0.6653992395437263,blended,2025+2026 season to date,1249.6235741444866,0.10354720306870885,0.00927375237857644,0.035318310000084556,0.012940130275348304,-0.012684364139610525,0.06432224052741503,-0.005622865973104987,2026,436672,FC Cincinnati,0.1396251547943452,1,0.1152505417036493,0.12293391115440094,0.009892002537457329,58.51063829787234,0.03767286400126747,31.914893617021278,0.013802805627469529,41.48936170212766,-0.013529988416007372,11.702127659574469,0.06861038989805344,41.48936170212766,-0.005997723704832748,40.95744680851064,23.93617021276596,436672,42.77777777777778,47.142857142857146,509583.5,-18.84160756501182,FALSE,TRUE,NA,Low,41,59,Small-Sample Watchlist,Center backs,1.1.0,2026-07-25 22:12:49 UTC,NA,NA,NA,Performance data through: 2026-07-25 (updates every day) · MLSPA compensation as of: 2026-04-16,FALSE,2026-07-25 22:12:44 UTC
9Yqdwlrj5v,asa_9Yqdwlrj5v_mls_blended,Marco Pašalić,marco pasalic,2000-09-14,Croatia,W,NA,25.793292265571527,mls,jYQJ8EW5GR,W,asa_live,TRUE,NA,mlspa_via_asa,737,1650667,2876,1650667,TRUE,0.5128740431454419,0.48712595685455806,blended,2025+2026 season to date,2137.974251913709,0.20462488494516565,0.06513980214923883,0.018151854959770723,0.07257694083350513,0.0315262150806763,0.027860380777059292,-0.01063030885508462,2026,1650667,Orlando City SC,0.19903356584128315,1,0.20339960261828305,0.21695957613294856,0.06948245562802607,80.78602620087337,0.0193619786243605,71.61572052401746,0.07741540355815804,42.35807860262009,0.033627962753772264,66.8122270742358,0.02971773949645859,33.18777292576419,-0.011338996112444604,4.8034934497816595,58.51528384279476,1650667,82.71028037383178,91.0989010989011,527437.5,-24.19499653103702,TRUE,FALSE,33.333333333333336,Medium,29.75,70.25,Below Expected Value by Current Model,Wingers and attacking midfielders,1.1.0,2026-07-25 22:12:49 UTC,63,63,285,Performance data through: 2026-07-25 (updates every day) · MLSPA compensation as of: 2026-04-16,FALSE,2026-07-25 22:12:44 UTC
9vQ229oLQK,asa_9vQ229oLQK_mls_blended,Erik Thommy,erik thommy,1994-08-20,Germany,W,NA,31.863107460643395,mls,kaDQ0wRqEv,W,asa_live,TRUE,NA,mlspa_via_asa,511,706667,1414,706667,TRUE,0.42196531791907516,0.5780346820809248,blended,2025+2026 season to date,1328.3410404624276,0.22752521850038016,0.07606074678483538,-0.018188298681230626,0.05975867256420109,0.05034763839720058,0.044862915028084135,0.014683544407289605,2026,706667,LA Galaxy,0.19903356584128315,1,0.2186600897514952,0.23323742907555023,0.08113146323969309,88.646288209607,-0.01940085192725228,36.24454148471616,0.06374258407047312,27.074235807860262,0.05370414762535887,78.60262008733625,0.04785377603145184,68.12227074235808,0.01566244736826503,82.09606986899563,71.17903930131004,706667,63.08411214953271,67.47252747252747,527437.5,8.094927151777334,TRUE,FALSE,73.11827956989248,Medium,29.75,70.25,Undervalued,Wingers and attacking midfielders,1.1.0,2026-07-25 22:12:49 UTC,26,26,117,Performance data through: 2026-07-25 (updates every day) · MLSPA compensation as of: 2026-04-16,FALSE,2026-07-25 22:12:44 UTC
9vQ22BR7QK,asa_9vQ22BR7QK_mls_blended,Jesús Ferreira,jesus ferreira,2000-12-24,USA,W,NA,25.516769336071185,mls,jYQJ19EqGR,W,asa_live,TRUE,NA,mlspa_via_asa,1117,1882937,2630,1882937,TRUE,0.6147495872317006,0.3852504127682994,blended,2025+2026 season to date,2130.208585580627,0.19369022811595596,0.046065789721493874,7.908766173297856e-4,0.08357196398191144,0.01691371939289055,0.048059677193217416,-0.0017117987908870755,2026,1882937,Seattle Sounders FC,0.19903356584128315,1,0.19486449833550204,0.20785546489769766,0.04913684237112899,53.711790393013104,8.436017251781339e-4,56.33187772925764,0.08914342825015793,53.275109170305676,0.01804130068631371,52.838427947598255,0.051263655674367234,71.61572052401746,-0.0018259187103366072,24.890829694323145,46.724890829694324,1882937,84.57943925233644,92.41758241758242,527437.5,-37.85454842264212,TRUE,FALSE,20.43010752688172,High,20.75,79.25,Below Expected Value by Current Model,Wingers and attacking midfielders,1.1.0,2026-07-25 22:12:49 UTC,75,75,340,Performance data through: 2026-07-25 (updates every day) · MLSPA compensation as of: 2026-04-16,FALSE,2026-07-25 22:12:44 UTC
9vQ22OOoQK,asa_9vQ22OOoQK_mls_blended,Jackson Yueill,jackson yueill,1997-03-19,USA,CM,NA,29.284052019164957,mls,19vQ2095K6,CM,asa_live,TRUE,NA,mlspa_via_asa,187,1141087,813,1141087,TRUE,0.21082299887260428,0.7891770011273957,blended,2025+2026 season to date,828.6009019165728,0.034519712784501014,0.010125369731713102,-0.030949832970708507,0.02368771554682852,-0.021284078759615105,0.05651839402272264,-0.003577854786439633,2026,1141087,New England Revolution,0.13647524696350208,1,0.07734015369653749,0.08249616394555133,0.010800394380831487,34.29951690821256,-0.0330131551697874,9.66183574879227,0.025266896584073346,53.6231884057971,-0.022703017344298915,9.178743961352657,0.06028628695945477,48.309178743961354,-0.003816378438988204,35.7487922705314,3.864734299516908,1141087,90.3061224489796,84.83516483516483,510300,-86.44138814946268,FALSE,TRUE,NA,Low,41,59,Small-Sample Watchlist,Central and defensive midfielders,1.1.0,2026-07-25 22:12:49 UTC,NA,NA,NA,Performance data through: 2026-07-25 (updates every day) · MLSPA compensation as of: 2026-04-16,FALSE,2026-07-25 22:12:44 UTC
9vQ22jRLQK,asa_9vQ22jRLQK_mls_blended,Daniel Lovitz,daniel lovitz,1991-08-27,USA,FB,NA,34.84462696783025,mls,vzqoOgNqap,FB,asa_live,TRUE,NA,mlspa_via_asa,1422,427500,3192,427500,TRUE,0.6701225259189444,0.3298774740810556,blended,2025+2026 season to date,2474.9688972667295,0.08779855151545216,0.010210997569323872,0.028812255072176197,0.0261569150255469,0.00335053822114192,0.0348456644674835,-0.015577818840220244,2026,427500,Nashville SC,0.11482828719990651,1,0.09307269962962927,0.09927754627470699,0.010891730740952496,43.36734693877551,0.030733072077948353,68.87755102040816,0.027900709361455257,54.59183673469388,0.0035739074359963994,48.97959183673469,0.03716870876647726,27.551020408163264,-0.01661634009675419,13.26530612244898,21.93877551020408,427500,59.35828877005348,46.043956043956044,336500,-37.419513259849396,TRUE,FALSE,20,High,20.75,79.25,Below Expected Value by Current Model,Fullbacks and wingbacks,1.1.0,2026-07-25 22:12:49 UTC,65,65,341,Performance data through: 2026-07-25 (updates every day) · MLSPA compensation as of: 2026-04-16,FALSE,2026-07-25 22:12:44 UTC
9vQ22nALQK,asa_9vQ22nALQK_mls_blended,Daniel Ríos,daniel rios,1995-02-22,Mexico,FW,NA,31.353867214236825,mls,APk5LGOMOW,FW,asa_live,TRUE,NA,mlspa_via_asa,479,237066,1779,237066,TRUE,0.40627650551314676,0.5937234944868532,blended,2025+2026 season to date,1535.234096692112,0.13782504537672335,0.06498004711455532,-0.052719440975932105,0.1844229325163378,-0.07237099065003497,0.00116002643220953,0.012352470939587813,2026,237066,CF Montréal,0.21844855740004673,1,0.16048022275935078,0.17117890428199017,0.06931205025769167,60.99290780141844,-0.056234070376084896,36.170212765957444,0.19671779469024106,53.90070921985816,-0.07719572336244966,17.02127659574468,0.001237361527728833,12.76595744680851,0.01317596900263875,74.46808510638297,8.51063829787234,237066,34.58646616541353,32.527472527472526,540000,-26.075827867541193,TRUE,FALSE,36.8421052631579,Medium,29.75,70.25,Below Expected Value by Current Model,Strikers,1.1.0,2026-07-25 22:12:49 UTC,37,37,270,Performance data through: 2026-07-25 (updates every day) · MLSPA compensation as of: 2026-04-16,FALSE,2026-07-25 22:12:44 UTC
9vQ22pVaQK,asa_9vQ22pVaQK_mls_blended,Matt Polster,matt polster,1993-06-08,USA,CM,NA,33.06228610540725,mls,19vQ2095K6,CM,asa_live,TRUE,NA,mlspa_via_asa,665,733333,2585,733333,TRUE,0.48717948717948717,0.5128205128205128,blended,2025+2026 season to date,1990.6410256410256,0.1007907794333326,0.01015595043254617,0.028648670478457705,0.021069441197100768,0.0028513486513486444,0.03865502582523859,-5.896571513592789e-4,2026,733333,New England Revolution,0.13647524696350208,1,0.10905540595093507,0.11632576635129926,0.010833013795054445,34.78260869565217,0.030558581844643173,65.21739130434783,0.02247407061094313,48.792270531400966,0.0030414385615335987,46.85990338164251,0.04123202754820966,19.806763285024154,-6.289676281362194e-4,55.072463768115945,21.256038647342994,733333,70.40816326530613,69.23076923076923,510300,-49.15212461796314,TRUE,FALSE,15.463917525773196,Medium,29.75,70.25,Below Expected Value by Current Model,Central and defensive midfielders,1.1.0,2026-07-25 22:12:49 UTC,83,83,361,Performance data through: 2026-07-25 (updates every day) · MLSPA compensation as of: 2026-04-16,FALSE,2026-07-25 22:12:44 UTC
9vQ248BL5K,asa_9vQ248BL5K_mls_blended,Idan Toklomati,idan toklomati,2004-08-09,Israel,FW,NA,21.89185489390828,mls,NPqxKXZ59d,FW,asa_live,TRUE,NA,mlspa_via_asa,1285,781500,2346,781500,TRUE,0.6473551637279596,0.35264483627204035,blended,2025+2026 season to date,2112.304785894207,0.23484454637401997,0.04910798636835086,-0.048314357682619644,0.23863439865487313,-0.03820060427631791,0.022372686452743398,0.011244436856990081,2026,781500,Charlotte FC,0.21844855740004673,1,0.23121752280515487,0.24663202433320577,0.052381852127877854,38.297872340425535,-0.05153531486307143,42.5531914893617,0.25454335857315247,76.59574468085107,-0.040747311229345794,36.87943262411348,0.02386419888367205,40.42553191489362,0.011994065981164235,70.92198581560284,61.702127659574465,781500,60.150375939849624,72.74725274725274,540000,1.551751719724841,TRUE,FALSE,66.66666666666667,High,20.75,79.25,Fair Value,Strikers,1.1.0,2026-07-25 22:12:49 UTC,20,20,145,Performance data through: 2026-07-25 (updates every day) · MLSPA compensation as of: 2026-04-16,FALSE,2026-07-25 22:12:44 UTC
9vQ24BKm5K,asa_9vQ24BKm5K_mls_blended,Giuseppe Bovalina,giuseppe bovalina,2004-11-11,Australia,FB,NA,20.635181382614647,mls,lgpMOvnQzy,FB,asa_live,TRUE,NA,mlspa_via_asa,0,NA,260,116980,TRUE,0,1,blended,2025+2026 season to date,260,0.04499999999999999,0.04818461538461538,-0.02398846153846154,0.06244615384615383,-0.04603846153846154,0.00443076923076923,-3.461538461538462e-5,2026,116980,Vancouver Whitecaps FC,0.11482828719990651,1,0.09371740967435338,0.09996523698910086,0.05139692307852923,93.87755102040816,-0.02558769230849192,9.693877551020408,0.0666092307713123,86.73469387755102,-0.04910769230922692,5.1020408163265305,0.004726153846301538,13.26530612244898,-3.692307692423077e-5,57.142857142857146,22.959183673469386,116980,23.529411764705884,19.34065934065934,336500,-0.5702280912364976,FALSE,FALSE,NA,Low,41,59,Insufficient Evidence,Fullbacks and wingbacks,1.1.0,2026-07-25 22:12:49 UTC,NA,NA,NA,Performance data through: 2026-07-25 (updates every day) · MLSPA compensation as of: 2026-04-16,FALSE,2026-07-25 22:12:44 UTC
9vQ24Gkx5K,asa_9vQ24Gkx5K_mls_blended,Agustín Ojeda,agustin ojeda,2004-06-19,Argentina,W,NA,22.031485284052017,mls,Vj58weDM8n,W,asa_live,TRUE,NA,mlspa_via_asa,1410,607833,1741,607833,TRUE,0.6682464454976303,0.33175355450236965,blended,2025+2026 season to date,1987.5829383886255,0.2106143249916293,0.03749103636576462,-0.032137125256226334,0.1060699407378774,0.043373323333814245,0.039298180486782394,0.01651896932361692,2026,607833,New York City FC,0.19903356584128315,1,0.20792901763891705,0.22179095215510916,0.03999043879139863,41.92139737991266,-0.034279600274379325,23.14410480349345,0.11314127012393822,72.48908296943232,0.046264878224180975,74.67248908296943,0.04191805918721116,59.38864628820961,0.01762023394574201,86.02620087336244,62.88209606986899,607833,56.074766355140184,60.65934065934066,527437.5,6.807329714728809,TRUE,FALSE,72.04301075268818,High,20.75,79.25,Undervalued,Wingers and attacking midfielders,1.1.0,2026-07-25 22:12:49 UTC,27,27,121,Performance data through: 2026-07-25 (updates every day) · MLSPA compensation as of: 2026-04-16,FALSE,2026-07-25 22:12:44 UTC
9vQ2N9NYQK,asa_9vQ2N9NYQK_mls_blended,Chase Adams,chase adams,2008-04-17,USA,FW,NA,18.203969883641346,mls,mvzqoLZQap,FW,asa_live,TRUE,NA,mlspa_via_asa,23,114303,0,NA,FALSE,1,0,blended,2025+2026 season to date,23,-0.03443478260869565,0,0.02817391304347826,0.01252173913043478,-0.07513043478260868,0,0,2026,114303,Columbus Crew,0.21844855740004673,1,0.20911257534514932,0.22305341370846302,0,4.25531914893617,0.03005217391398261,94.32624113475177,0.013356521739547824,2.127659574468085,-0.08013913043728695,15.602836879432624,0,9.574468085106384,0,31.56028368794326,42.5531914893617,114303,21.804511278195488,18.021978021978022,540000,20.748680211166214,FALSE,TRUE,NA,Low,49,51,Small-Sample Watchlist,Strikers,1.1.0,2026-07-25 22:12:49 UTC,NA,NA,NA,Performance data through: 2026-07-25 (updates every day) · MLSPA compensation as of: 2026-04-16,FALSE,2026-07-25 22:12:44 UTC
9vQ2NW1oQK,asa_9vQ2NW1oQK_mls_blended,Diego Borges,diego borges,2004-12-15,Brazil,CB,NA,21.541409993155373,mls,Z2vQ1xlqrA,CB,asa_live,TRUE,NA,mlspa_via_asa,232,330000,0,NA,FALSE,1,0,blended,2025+2026 season to date,232,-0.2635991379310345,0.00415086206896551,0.02203448275862069,0.0093103448275862,0.01990086206896551,-0.311625,-0.00737068965517241,2026,330000,Sporting Kansas City,0.1396251547943452,1,0.0271876116305374,0.02900011907347948,0.004427586207034906,24.46808510638298,0.023503448276596554,15.425531914893616,0.009931034483068956,32.4468085106383,0.021227586207559903,93.61702127659575,-0.3324000000103875,1.0638297872340425,-0.007862068965762926,35.1063829787234,0.5319148936170213,330000,36.111111111111114,38.79120879120879,509583.5,-35.57919621749409,FALSE,TRUE,NA,Low,49,51,Small-Sample Watchlist,Center backs,1.1.0,2026-07-25 22:12:49 UTC,NA,NA,NA,Performance data through: 2026-07-25 (updates every day) · MLSPA compensation as of: 2026-04-16,FALSE,2026-07-25 22:12:44 UTC
9vQ2NWOYQK,asa_9vQ2NWOYQK_mls_blended,Yutaro Tsukada,yutaro tsukada,2001-07-28,Japan,W,NA,24.92539356605065,mls,jYQJ8EW5GR,W,asa_live,TRUE,NA,mlspa_via_asa,32,113400,0,NA,FALSE,1,0,blended,2025+2026 season to date,32,0.00562499999999999,0,0.09196875,0.06946875,-0.1828125,0.0118125,0.0151875,2026,113400,Orlando City SC,0.19903356584128315,1,0.1892407270645093,0.20185677554178463,0,5.895196506550218,0.09810000000306562,96.94323144104804,0.07410000000231562,39.301310043668124,-0.19500000000609374,3.493449781659389,0.01260000000039375,15.283842794759826,0.01620000000050625,83.84279475982532,41.048034934497814,113400,17.05607476635514,16.428571428571427,527437.5,23.991960168142672,FALSE,TRUE,NA,Low,49,51,Small-Sample Watchlist,Wingers and attacking midfielders,1.1.0,2026-07-25 22:12:49 UTC,NA,NA,NA,Performance data through: 2026-07-25 (updates every day) · MLSPA compensation as of: 2026-04-16,FALSE,2026-07-25 22:12:44 UTC
9vQ2Z3doQK,asa_9vQ2Z3doQK_mls_blended,Louicius Don Deedson,louicius don deedson,2001-02-11,Haiti,FB,NA,25.38261464750171,mls,mKAqBBmqbg,FB,asa_live,TRUE,NA,mlspa_via_asa,303,450319,33,450319,TRUE,0.3020937188434696,0.6979062811565304,blended,2025+2026 season to date,326.0309072781655,0.13847856430707878,0.0643329103598296,-0.01735910450466781,0.023696274811927848,0.012427716849451648,0.05399537750385207,0.0013853892866853978,2026,450319,FC Dallas,0.11482828719990651,1,0.12315492213404183,0.13136525028041646,0.06862177105262934,97.44897959183673,-0.018516378138890968,15.306122448979592,0.025276026466846246,51.53061224489796,0.013256231306496015,71.42857142857143,0.05759506933924205,52.04081632653061,0.001477748572510604,71.93877551020408,62.244897959183675,450319,64.171122994652407,49.120879120879124,336500,-1.9262250354687325,FALSE,TRUE,NA,Low,41,59,Small-Sample Watchlist,Fullbacks and wingbacks,1.1.0,2026-07-25 22:12:49 UTC,NA,NA,NA,Performance data through: 2026-07-25 (updates every day) · MLSPA compensation as of: 2026-04-16,FALSE,2026-07-25 22:12:44 UTC
9vQ2ZDwaQK,asa_9vQ2ZDwaQK_mls_blended,J.C. Ngando,jc ngando,1999-11-20,Cameroon,CM,NA,26.611909650924023,mls,lgpMOvnQzy,CM,asa_live,TRUE,NA,mlspa_via_asa,130,200000,1408,200000,TRUE,0.1566265060240964,0.8433734939759037,blended,2025+2026 season to date,1317.4698795180723,0.18848925246440312,0.02993094537239869,0.054690186883899226,0.06400901903066814,-0.011989844605695512,0.05054792579408543,0.0013010199890470962,2026,200000,Vancouver Whitecaps FC,0.13647524696350208,1,0.1722134279344322,0.18369432313580145,0.0319263417315563,83.09178743961353,0.05833619934464885,81.15942028985508,0.06827628696817964,88.88888888888889,-0.012789167579808207,14.97584541062802,0.053917787515376056,39.130434782608695,0.0013877546550269367,71.4975845410628,84.54106280193237,200000,28.06122448979592,29.505494505494507,510300,56.47983831213645,FALSE,TRUE,NA,Low,41,59,Small-Sample Watchlist,Central and defensive midfielders,1.1.0,2026-07-25 22:12:49 UTC,NA,NA,NA,Performance data through: 2026-07-25 (updates every day) · MLSPA compensation as of: 2026-04-16,FALSE,2026-07-25 22:12:44 UTC
9vQ2ZEYoQK,asa_9vQ2ZEYoQK_mls_blended,Strahinja Tanasijević,strahinja tanasijevic,1997-06-12,Serbia,FB,NA,29.05133470225873,mls,Vj58weDM8n,FB,asa_live,TRUE,NA,mlspa_via_asa,98,368750,718,368750,TRUE,0.15,0.85,blended,2025+2026 season to date,708.3,0.06907134187937014,0,0.04840420101188107,0.0014969131942470565,-0.0011823148200784538,0.02173193536467511,-0.0013793928713546667,2026,368750,New York City FC,0.11482828719990651,1,0.09005595335404859,0.0960596835806537,0,6.377551020408164,0.051631147747619954,85.20408163265306,0.0015967074072467573,3.061224489795918,-0.0012611358081230945,37.244897959183675,0.02318073105637785,16.836734693877553,-0.0014713523961576243,45.91836734693877,18.367346938775512,368750,53.20855614973262,42.032967032967036,336500,-34.84120921095711,FALSE,TRUE,NA,Low,41,59,Small-Sample Watchlist,Fullbacks and wingbacks,1.1.0,2026-07-25 22:12:49 UTC,NA,NA,NA,Performance data through: 2026-07-25 (updates every day) · MLSPA compensation as of: 2026-04-16,FALSE,2026-07-25 22:12:44 UTC
9vQ2ZNGLQK,asa_9vQ2ZNGLQK_mls_blended,Ben Bender,ben bender,2001-03-07,USA,FB,NA,25.31690622861054,mls,9z5k7Yg5A3,FB,asa_live,TRUE,NA,mlspa_via_asa,514,149667,366,149667,TRUE,0.4233937397034596,0.5766062602965404,blended,2025+2026 season to date,725.0378912685337,0.04910566613552272,0.03031428417101034,0.007342007183946852,0.04168385232397979,-0.03617695195397952,3.069516839063367e-4,0.0056355227266589175,2026,149667,Philadelphia Union,0.11482828719990651,1,0.07886600197080837,0.08412373543815779,0.03233523645008817,87.24489795918367,0.007831474329788042,37.755102040816325,0.044462775813634565,73.9795918367347,-0.03858874875211739,7.142857142857143,3.274151295103242e-4,11.73469387755102,0.006011224241957363,87.24489795918367,10.204081632653061,149667,32.62032085561497,25.494505494505493,336500,-22.41623922296191,TRUE,FALSE,35,Medium,29.75,70.25,Below Expected Value by Current Model,Fullbacks and wingbacks,1.1.0,2026-07-25 22:12:49 UTC,53,53,279,Performance data through: 2026-07-25 (updates every day) · MLSPA compensation as of: 2026-04-16,FALSE,2026-07-25 22:12:44 UTC
9vQ2ZWw1QK,asa_9vQ2ZWw1QK_mls_blended,Odin Thiago Holm,odin thiago holm,2003-01-18,Norway,CM,NA,22.45037645448323,mls,eVq3ya6MWO,CM,asa_live,TRUE,NA,mlspa_via_asa,0,NA,115,660000,TRUE,0,1,blended,2025+2026 season to date,115,0.1429826086956522,0,-0.01432173913043478,0.00649565217391304,0.03811304347826087,0.11128695652173912,0.00140869565217391,2026,660000,Los Angeles FC,0.13647524696350208,1,0.13752188556377798,0.1466900112726139,0,6.280193236714976,-0.015276521739607822,15.458937198067632,0.006928695652390431,11.11111111111111,0.04065391304474869,90.82125603864735,0.11870608696023129,95.16908212560386,0.0015026086956991273,72.46376811594203,56.03864734299517,660000,62.244897959183675,64.61538461538461,510300,-6.206250616188505,FALSE,FALSE,NA,Low,41,59,Insufficient Evidence,Central and defensive midfielders,1.1.0,2026-07-25 22:12:49 UTC,NA,NA,NA,Performance data through: 2026-07-25 (updates every day) · MLSPA compensation as of: 2026-04-16,FALSE,2026-07-25 22:12:44 UTC
9vQ2ZjbmQK,asa_9vQ2ZjbmQK_mls_blended,Jayden Nelson,jayden nelson,2002-09-26,Canada,W,NA,23.761806981519506,mls,gpMOLwl5zy,W,asa_live,TRUE,NA,mlspa_via_asa,494,554000,1550,554000,TRUE,0.4137353433835846,0.5862646566164154,blended,2025+2026 season to date,1402.7102177554439,0.25172985897228073,0.049276300859134384,0.011858729129518557,0.06844196790403631,0.07972734640946667,0.028982655211541572,0.013442859458583232,2026,554000,Austin FC,0.19903356584128315,1,0.2359423648064825,0.2516718558014461,0.05256138758471922,56.76855895196506,0.012649311071881752,65.50218340611353,0.0730047657665868,37.55458515283843,0.08504250283942202,89.95633187772926,0.03091483222661043,35.37117903930131,0.014339050089603542,79.03930131004367,79.47598253275109,554000,52.33644859813084,57.142857142857146,527437.5,27.139533934620246,TRUE,FALSE,89.24731182795699,Medium,29.75,70.25,Strong Value,Wingers and attacking midfielders,1.1.0,2026-07-25 22:12:49 UTC,11,11,49,Performance data through: 2026-07-25 (updates every day) · MLSPA compensation as of: 2026-04-16,FALSE,2026-07-25 22:12:44 UTC
9vQ2ZlkaQK,asa_9vQ2ZlkaQK_mls_blended,Matthew Edwards,matthew edwards,2003-02-17,USA,FB,NA,23.367556468172484,mls,KAqBN0Vqbg,FB,asa_live,TRUE,NA,mlspa_via_asa,390,113400,1347,113400,TRUE,0.3577981651376147,0.6422018348623852,blended,2025+2026 season to date,1255.0458715596328,0.04833929220898633,0.0035189942992582897,0.009101068633660933,0.018711532253121096,-0.002510649557630609,0.027524658261988917,-0.00800631168141231,2026,113400,Atlanta United FC,0.11482828719990651,1,0.0698446348024887,0.07450094379164944,0.003753593919326142,20.918367346938776,0.00970780654287503,42.3469387755102,0.01995896773728622,39.285714285714285,-0.0026780261948896713,31.632653061224488,0.029359635480372334,20.918367346938776,-0.008540065793773342,21.93877551020408,5.612244897959184,113400,19.518716577540108,16.428571428571427,336500,-13.906471679580925,FALSE,TRUE,NA,Low,41,59,Small-Sample Watchlist,Fullbacks and wingbacks,1.1.0,2026-07-25 22:12:49 UTC,NA,NA,NA,Performance data through: 2026-07-25 (updates every day) · MLSPA compensation as of: 2026-04-16,FALSE,2026-07-25 22:12:44 UTC
9vQ2ZoR7QK,asa_9vQ2ZoR7QK_mls_blended,Andrés Herrera,andres herrera,1998-11-03,Argentina,FB,NA,27.65776865160849,mls,mvzqoLZQap,FB,asa_live,TRUE,NA,mlspa_via_asa,971,727632,1774,727632,TRUE,0.5810891681627768,0.4189108318372232,blended,2025+2026 season to date,1714.147815679234,0.14361743030690668,0.026982506137930892,-0.0031685567918001666,0.08205924393645293,0.0026347237880496085,0.03577939274459123,-6.698795083178334e-4,2026,727632,Columbus Crew,0.11482828719990651,1,0.13615313362405623,0.14523000920353174,0.028781339881359034,81.63265306122449,-0.0033797939113591295,26.020408163265305,0.08752986020161843,91.83673469387755,0.0028103720406740733,48.46938775510204,0.03816468559542329,29.591836734693878,-7.145381422280183e-4,52.55102040816327,73.9795918367347,727632,83.9572192513369,68.9010989010989,336500,-9.977627414602196,TRUE,FALSE,53.75,High,20.75,79.25,Fair Value,Fullbacks and wingbacks,1.1.0,2026-07-25 22:12:49 UTC,38,38,199,Performance data through: 2026-07-25 (updates every day) · MLSPA compensation as of: 2026-04-16,FALSE,2026-07-25 22:12:44 UTC
9vQ2ZyAaQK,asa_9vQ2ZyAaQK_mls_blended,Fernando Álvarez,fernando alvarez,2003-08-24,USA,CB,NA,21.85352498288843,mls,APk5LGOMOW,CB,asa_live,TRUE,NA,mlspa_via_asa,0,NA,1247,307500,TRUE,0,1,blended,2025+2026 season to date,1247,0.06074097834803528,0.0081916599839615,0.04365036086607859,0.01914033680834001,-0.01533680834001603,0.01104971932638332,-0.00595429029671211,2026,307500,CF Montréal,0.1396251547943452,1,0.08636659062079433,0.09212436333172616,0.008737770649831987,51.59574468085106,0.046560384925272175,45.212765957446805,0.020416359262867355,62.765957446808514,-0.016359262229861657,7.9787234042553195,0.011786367281843865,6.382978723404255,-0.00635124298335806,38.829787234042556,3.723404255319149,307500,33.333333333333336,36.59340659340659,509583.5,-29.609929078014186,FALSE,FALSE,NA,Low,41,59,Insufficient Evidence,Center backs,1.1.0,2026-07-25 22:12:49 UTC,NA,NA,NA,Performance data through: 2026-07-25 (updates every day) · MLSPA compensation as of: 2026-04-16,FALSE,2026-07-25 22:12:44 UTC
9vQ2d3X75K,asa_9vQ2d3X75K_mls_blended,Kellyn Acosta,kellyn acosta,1995-07-24,USA,CM,NA,29.93839835728953,mls,X0Oq66zq6D,CM,asa_live,TRUE,NA,mlspa_via_asa,0,NA,795,1628477,TRUE,0,1,blended,2025+2026 season to date,795,0.01123018867924528,0.00572830188679245,-0.024520754716981126,0.0132,-0.0025245283018867906,0.04963018867924528,-0.030283018867924526,2026,1628477,Chicago Fire FC,0.13647524696350208,1,0.0650990309520439,0.0694389663510168,0.006110188679436223,21.73913043478261,-0.02615547169893056,10.144927536231885,0.01408000000044,27.053140096618357,-0.002692830188763394,31.884057971014492,0.05293886792618263,37.19806763285024,-0.03230188679346226,4.3478260869565215,0.966183574879227,1628477,95.91836734693878,90.54945054945055,510300,-94.95218377205956,FALSE,FALSE,NA,Low,41,59,Insufficient Evidence,Central and defensive midfielders,1.1.0,2026-07-25 22:12:49 UTC,NA,NA,NA,Performance data through: 2026-07-25 (updates every day) · MLSPA compensation as of: 2026-04-16,FALSE,2026-07-25 22:12:44 UTC
9vQ2d66e5K,asa_9vQ2d66e5K_mls_blended,Stian Gregersen,stian gregersen,1995-05-17,Norway,CB,NA,31.123887748117728,mls,KAqBN0Vqbg,CB,asa_live,TRUE,NA,mlspa_via_asa,833,970000,1493,970000,TRUE,0.54337899543379,0.45662100456621,blended,2025+2026 season to date,1514.7351598173516,0.16147726703743365,0.0034723845001395884,0.049645117528243354,0.02342564059544672,0.00419992056865503,0.08307696058448888,-0.0023427567395398934,2026,970000,Atlanta United FC,0.1396251547943452,1,0.15527730990096392,0.1656291305662041,0.00370387680026464,21.27659574468085,0.05295479203178108,54.255319148936174,0.024987349969257357,68.61702127659575,0.00447991527337203,57.4468085106383,0.08861542462622403,65.95744680851064,-0.002498940522253978,57.97872340425532,67.55319148936171,970000,83.33333333333333,81.64835164835165,509583.5,-15.78014184397162,TRUE,FALSE,33.333333333333336,Medium,29.75,70.25,Below Expected Value by Current Model,Center backs,1.1.0,2026-07-25 22:12:49 UTC,65,65,284,Performance data through: 2026-07-25 (updates every day) · MLSPA compensation as of: 2026-04-16,FALSE,2026-07-25 22:12:44 UTC
9z5k33zb5A,asa_9z5k33zb5A_mls_blended,Benie Traore,benie traore,2002-11-30,Ivory Coast,FW,NA,23.58384668035592,mls,Vj58weDM8n,FW,asa_live,FALSE,NA,NA,59,NA,0,NA,FALSE,1,0,blended,2025+2026 season to date,59,0.04316949152542373,0,-0.06528813559322033,0.13377966101694916,-0.02822033898305084,-7.627118644067797e-4,0.00366101694915254,2026,NA,New York City FC,0.21844855740004673,1,0.20275589444617304,0.21627295408267644,0,4.25531914893617,-0.06964067796827796,26.24113475177305,0.14269830508920509,32.6241134751773,-0.030101694916194906,49.645390070921984,-8.135593220593221e-4,5.673758865248227,0.0039050847458847434,52.4822695035461,34.751773049645394,NA,NA,NA,540000,NA,FALSE,FALSE,NA,Insufficient,49,51,Insufficient Evidence,Strikers,1.1.0,2026-07-25 22:12:49 UTC,NA,NA,NA,Performance data through: 2026-07-25 (updates every day) · MLSPA compensation as of: 2026-04-16,FALSE,2026-07-25 22:12:44 UTC
9z5k36ra5A,asa_9z5k36ra5A_mls_blended,Loïc Mesanvi,loic mesanvi,2003-10-06,Togo,FW,NA,21.73579739904175,mls,kRQand1MKZ,FW,asa_live,TRUE,NA,mlspa_via_asa,0,NA,26,83613,TRUE,0,1,blended,2025+2026 season to date,26,-0.02353846153846154,0,-0.00865384615384615,0.03080769230769231,-0.03461538461538462,-0.01107692307692307,0,2026,83613,Minnesota United FC,0.21844855740004673,1,0.20839797833870297,0.22229117690156308,0,4.25531914893617,-0.009230769231057688,79.43262411347517,0.032861538462565384,5.673758865248227,-0.03692307692423077,42.5531914893617,-0.011815384615753838,2.8368794326241136,0,31.56028368794326,41.13475177304964,83613,3.7593984962406015,2.3076923076923075,540000,37.375353276809044,FALSE,FALSE,NA,Low,41,59,Insufficient Evidence,Strikers,1.1.0,2026-07-25 22:12:49 UTC,NA,NA,NA,Performance data through: 2026-07-25 (updates every day) · MLSPA compensation as of: 2026-04-16,FALSE,2026-07-25 22:12:44 UTC
9z5k3O7J5A,asa_9z5k3O7J5A_mls_blended,Marcelo Morales,marcelo morales,2003-06-06,Chile,FB,NA,22.069815195071868,mls,a2lqRX2Mr0,FB,asa_live,TRUE,NA,mlspa_via_asa,0,NA,214,447375,TRUE,0,1,blended,2025+2026 season to date,214,0.14257009345794394,0.02195327102803738,0.07128504672897197,0.01589719626168224,0.02123831775700934,0.023172897196261675,-0.01097663551401869,2026,447375,New York Red Bulls,0.11482828719990651,1,0.12212158761663872,0.130263026795152,0.023416822430638317,76.0204081632653,0.07603738317994627,95.40816326530613,0.016957009346324298,35.714285714285715,0.022654205608184572,83.6734693877551,0.024717757010118215,18.367346938775512,-0.011708411215319159,16.836734693877553,60.204081632653065,447375,63.101604278074866,48.68131868131868,336500,-2.8975226454218017,FALSE,FALSE,NA,Low,41,59,Insufficient Evidence,Fullbacks and wingbacks,1.1.0,2026-07-25 22:12:49 UTC,NA,NA,NA,Performance data through: 2026-07-25 (updates every day) · MLSPA compensation as of: 2026-04-16,FALSE,2026-07-25 22:12:44 UTC
9z5k3nlg5A,asa_9z5k3nlg5A_mls_blended,Anisse Saidi,anisse saidi,2008-06-20,USA,W,NA,18.028747433264886,mls,zeQZBOzQKw,W,asa_live,TRUE,NA,mlspa_via_asa,35,101915,16,101915,TRUE,0.15,0.85,blended,2025+2026 season to date,48.6,0.03887035714285713,0.009604285714285713,0.019401428571428573,6.557142857142855e-4,0.001041428571428571,0.002275714285714285,0.0058917857142857044,2026,101915,San Diego FC,0.19903356584128315,1,0.18703243734491634,0.19950126650747851,0.010244571428891569,14.847161572052402,0.02069485714350386,72.0524017467249,6.994285714504283e-4,0.8733624454148472,0.0011108571428918566,36.68122270742358,0.0024274285715044277,11.790393013100436,0.006284571428767811,65.93886462882097,39.301310043668124,101915,13.08411214953271,11.428571428571429,527437.5,26.217197894135413,FALSE,TRUE,NA,Low,41,59,Small-Sample Watchlist,Wingers and attacking midfielders,1.1.0,2026-07-25 22:12:49 UTC,NA,NA,NA,Performance data through: 2026-07-25 (updates every day) · MLSPA compensation as of: 2026-04-16,FALSE,2026-07-25 22:12:44 UTC
9z5k3r7a5A,asa_9z5k3r7a5A_mls_blended,Christopher Cupps,christopher cupps,2008-05-26,USA,CB,NA,18.09719370294319,mls,X0Oq66zq6D,CB,asa_live,TRUE,NA,mlspa_via_asa,58,116186,324,116186,TRUE,0.15,0.85,blended,2025+2026 season to date,333.4,0.07852428160919538,0,0.034636637931034484,-4.6752873563218254e-4,-0.01168376436781609,0.07079588122605364,-0.014756944444444442,2026,116186,Chicago Fire FC,0.1396251547943452,1,0.1178006089191267,0.12565398285099516,0,7.180851063829787,0.036945747127591334,31.382978723404257,-4.986973180232456e-4,5.851063829787234,-0.012462681992726621,12.76595744680851,0.07551560664348374,50,-0.015740740741232637,18.085106382978722,26.06382978723404,116186,13.88888888888889,19.01098901098901,509583.5,12.174940898345152,FALSE,TRUE,NA,Low,41,59,Small-Sample Watchlist,Center backs,1.1.0,2026-07-25 22:12:49 UTC,NA,NA,NA,Performance data through: 2026-07-25 (updates every day) · MLSPA compensation as of: 2026-04-16,FALSE,2026-07-25 22:12:44 UTC
9z5k71be5A,asa_9z5k71be5A_mls_blended,Dave Romney,dave romney,1993-06-12,USA,FB,NA,33.05133470225873,mls,0KPqjA456v,FB,asa_live,TRUE,NA,mlspa_via_asa,511,962375,3052,962375,TRUE,0.42196531791907516,0.5780346820809248,blended,2025+2026 season to date,2275.1618497109826,0.09371723270630836,0.013794581777134675,0.04097744679883938,0.013325350949628398,0.009083591542360162,0.035864862612595555,-0.019328600974249804,2026,962375,San Jose Earthquakes,0.11482828719990651,1,0.09812276997977773,0.10466428798170034,0.014714220562736805,58.673469387755105,0.04370927658679458,81.12244897959184,0.014213707680047804,28.06122448979592,0.009689164312153626,63.265306122448976,0.038255853454630756,30.102040816326532,-0.02061717437317741,11.224489795918368,27.551020408163264,962375,95.72192513368984,81.42857142857143,336500,-68.17090472552657,TRUE,FALSE,3.75,Medium,29.75,70.25,Below Expected Value by Current Model,Fullbacks and wingbacks,1.1.0,2026-07-25 22:12:49 UTC,78,78,410,Performance data through: 2026-07-25 (updates every day) · MLSPA compensation as of: 2026-04-16,FALSE,2026-07-25 22:12:44 UTC
9z5k76Yd5A,asa_9z5k76Yd5A_mls_blended,Alexandros Katranis,alexandros katranis,1998-05-04,Greece,FB,NA,28.15879534565366,mls,a2lqR4JMr0,FB,asa_live,TRUE,NA,mlspa_via_asa,394,519875,2126,519875,TRUE,0.360146252285192,0.6398537477148081,blended,2025+2026 season to date,1754.329067641682,0.08037380409004218,0.02046077122971274,0.03218946326580802,0.03818521964499769,0.00526276826820715,-0.004975383559688438,-0.010749034758995014,2026,519875,Real Salt Lake,0.11482828719990651,1,0.08915451794608198,0.0950981524787926,0.02182482264570895,71.42857142857143,0.03433542748460154,73.46938775510205,0.04073090095593704,70.91836734693878,0.005613619486263053,54.08163265306123,-0.005307075797166846,8.16326530612245,-0.011465637076619649,17.346938775510203,17.857142857142858,519875,68.98395721925134,53.84615384615385,336500,-51.126814362108476,FALSE,TRUE,NA,Low,41,59,Small-Sample Watchlist,Fullbacks and wingbacks,1.1.0,2026-07-25 22:12:49 UTC,NA,NA,NA,Performance data through: 2026-07-25 (updates every day) · MLSPA compensation as of: 2026-04-16,FALSE,2026-07-25 22:12:44 UTC
9z5k7kBJ5A,asa_9z5k7kBJ5A_mls_blended,Sigurd Rosted,sigurd rosted,1994-07-22,Norway,CB,NA,30.94318959616701,mls,kRQabn8MKZ,CB,asa_live,TRUE,NA,mlspa_via_asa,0,NA,2826,805000,TRUE,0,1,blended,2025+2026 season to date,2826,0.1369968152866242,0.00931847133757961,0.04426114649681528,0.013184713375796171,-0.01413694267515923,0.07902547770700637,0.00534394904458598,2026,805000,Toronto FC,0.1396251547943452,1,0.13745711992895712,0.14662092792880282,0.009939702760395533,59.04255319148936,0.04721188959807834,46.808510638297875,0.014063694267955406,42.5531914893617,-0.015079405520641076,9.574468085106384,0.08429384289010763,60.1063829787234,0.005700212314403177,96.80851063829788,41.48936170212766,805000,72.77777777777777,74.72527472527473,509583.5,-31.28841607565011,FALSE,FALSE,NA,Low,41,59,Insufficient Evidence,Center backs,1.1.0,2026-07-25 22:12:49 UTC,NA,NA,NA,Performance data through: 2026-07-25 (updates every day) · MLSPA compensation as of: 2026-04-16,FALSE,2026-07-25 22:12:44 UTC
9z5k7rej5A,asa_9z5k7rej5A_mls_blended,Brandon Vázquez,brandon vazquez,1998-10-14,NA,FW,NA,27.71252566735113,mls,gpMOLwl5zy,FW,asa_live,TRUE,NA,mlspa_via_asa,166,3701778,1734,3701778,TRUE,0.19168591224018475,0.8083140877598153,blended,2025+2026 season to date,1567.6166281755197,0.27547321335815944,0.06465777108289315,-0.039467763331388794,0.24165180162541858,-0.03566626177709231,0.04260691881697659,0.001690746941352275,2026,3701778,Austin FC,0.21844855740004673,1,0.2596886907953914,0.27700127019040716,0.06896828915724129,60.283687943262414,-0.04209894755479697,51.773049645390074,0.2577619217418349,78.72340425531915,-0.03804401256342067,41.13475177304964,0.04544738007286193,82.97872340425532,0.0018034634041654515,43.262411347517734,77.30496453900709,3701778,92.4812030075188,96.81318681318682,540000,-15.176238468511713,FALSE,TRUE,NA,Low,41,59,Small-Sample Watchlist,Strikers,1.1.0,2026-07-25 22:12:49 UTC,NA,NA,NA,Performance data through: 2026-07-25 (updates every day) · MLSPA compensation as of: 2026-04-16,FALSE,2026-07-25 22:12:44 UTC
9z5kNOEdMA,asa_9z5kNOEdMA_mls_blended,Michael Sullivan,michael sullivan,2003-03-03,USA,CM,NA,22.32991101984942,mls,kRQabn8MKZ,CM,asa_live,FALSE,NA,NA,0,NA,14,NA,TRUE,0,1,blended,2025+2026 season to date,14,0.02121428571428571,0,0.019928571428571424,0,0.00128571428571428,0,0,2026,NA,Toronto FC,0.13647524696350208,1,0.13384714686987173,0.1427702899989914,0,6.280193236714976,0.021257142857807138,52.17391304347826,0,3.864734299516908,0.0013714285714714225,43.96135265700483,0,4.106280193236715,0,61.83574879227053,50.24154589371981,NA,NA,NA,510300,NA,FALSE,FALSE,NA,Insufficient,41,59,Insufficient Evidence,Central and defensive midfielders,1.1.0,2026-07-25 22:12:49 UTC,NA,NA,NA,Performance data through: 2026-07-25 (updates every day) · MLSPA compensation as of: 2026-04-16,FALSE,2026-07-25 22:12:44 UTC
9z5kWANg5A,asa_9z5kWANg5A_mls_blended,Pedrinho,pedrinho,2006-06-28,Brazil,W,NA,20.008213552361397,mls,jYQJ8EW5GR,W,asa_live,FALSE,NA,NA,12,NA,0,NA,FALSE,1,0,blended,2025+2026 season to date,12,0.4372500000000001,0,-0.08925000000000001,0.084,0.2625,0.0135,0.1665,2026,NA,Orlando City SC,0.19903356584128315,1,0.20370447631498348,0.21728477474277252,0,5.895196506550218,-0.09520000000297502,4.366812227074236,0.08960000000280001,54.148471615720524,0.28000000000875,99.12663755458516,0.014400000000449999,15.720524017467248,0.17760000000555,99.12663755458516,58.951965065502186,NA,NA,NA,527437.5,NA,FALSE,FALSE,NA,Insufficient,49,51,Insufficient Evidence,Wingers and attacking midfielders,1.1.0,2026-07-25 22:12:49 UTC,NA,NA,NA,Performance data through: 2026-07-25 (updates every day) · MLSPA compensation as of: 2026-04-16,FALSE,2026-07-25 22:12:44 UTC
9z5ka8adQA,asa_9z5ka8adQA_mls_blended,Ryan Gauld,ryan gauld,1995-12-16,Scotland,W,NA,30.54072553045859,mls,lgpMOvnQzy,W,asa_live,TRUE,NA,mlspa_via_asa,69,3675000,474,3675000,TRUE,0.15,0.85,blended,2025+2026 season to date,471.9,0.2931636075949367,0.07799533571821682,0.02045279306549257,0.15463262245459547,-0.007642281232801319,0.052090121078701146,-0.004364983489268018,2026,3675000,Vancouver Whitecaps FC,0.19903356584128315,1,0.24047396765446452,0.2565055655061113,0.08319502476869778,90.39301310043668,0.021816312603873834,72.92576419213974,0.16494146395672293,89.08296943231441,-0.008151766648576149,27.074235807860262,0.05556279581901756,78.60262008733625,-0.0046559823886980515,13.973799126637555,81.6593886462882,3675000,93.45794392523365,96.64835164835165,527437.5,-11.798555278945443,FALSE,TRUE,NA,Low,41,59,Small-Sample Watchlist,Wingers and attacking midfielders,1.1.0,2026-07-25 22:12:49 UTC,NA,NA,NA,Performance data through: 2026-07-25 (updates every day) · MLSPA compensation as of: 2026-04-16,FALSE,2026-07-25 22:12:44 UTC
9z5karAKQA,asa_9z5karAKQA_mls_blended,Nick Hagglund,nick hagglund,1992-09-14,USA,CB,NA,33.79329226557152,mls,NWMWlBK5lz,CB,asa_live,TRUE,NA,mlspa_via_asa,982,130067,1557,130067,TRUE,0.5838287752675386,0.4161712247324614,blended,2025+2026 season to date,1629.9785969084423,0.1847915947846288,0.017310901555401284,0.05858082519433924,0.03451068436282158,-0.0013041074141023918,0.08717702226223942,-0.011483731176070329,2026,130067,FC Cincinnati,0.1396251547943452,1,0.17263907276861468,0.18414834429227694,0.018464961659671732,84.04255319148936,0.06248621354258122,68.61702127659575,0.0368113966548267,82.97872340425532,-0.0013910479084193548,32.97872340425532,0.09298882374929461,69.14893617021276,-0.012249313254857808,26.595744680851062,82.44680851063829,130067,19.444444444444443,23.076923076923077,509583.5,63.00236406619385,TRUE,FALSE,93.75,High,20.75,79.25,Elite Value,Center backs,1.1.0,2026-07-25 22:12:49 UTC,7,7,29,Performance data through: 2026-07-25 (updates every day) · MLSPA compensation as of: 2026-04-16,FALSE,2026-07-25 22:12:44 UTC
9z5kb8dJMA,asa_9z5kb8dJMA_mls_blended,Raul Gustavo,raul gustavo,1999-04-24,Brazil,CB,NA,27.18685831622177,mls,Vj58weDM8n,CB,asa_live,TRUE,NA,mlspa_via_asa,1074,812960,872,812960,TRUE,0.6054114994363021,0.3945885005636979,blended,2025+2026 season to date,1418.0811724915445,0.1072441509882813,0.010582467962309813,0.0418690410930567,0.015384677244189772,2.608085185606579e-4,0.039735028391754496,-5.878722215901459e-4,2026,812960,New York City FC,0.1396251547943452,1,0.11687141601035747,0.12466284374827702,0.01128796582681655,65.95744680851064,0.04466031050065611,42.5531914893617,0.016410322394315245,49.46808510638298,2.7819575314006205e-4,38.297872340425535,0.04238403028586263,20.21276595744681,-6.270637030490846e-4,75,25.53191489361702,812960,74.44444444444444,75.16483516483517,509583.5,-48.91252955082742,TRUE,FALSE,12.5,High,20.75,79.25,Below Expected Value by Current Model,Center backs,1.1.0,2026-07-25 22:12:49 UTC,85,85,373,Performance data through: 2026-07-25 (updates every day) · MLSPA compensation as of: 2026-04-16,FALSE,2026-07-25 22:12:44 UTC
9z5kbnmdMA,asa_9z5kbnmdMA_mls_blended,Lasse Berg Johnsen,lasse berg johnsen,1999-08-18,Norway,CM,NA,26.869267624914443,mls,Z2vQ1xlqrA,CM,asa_live,TRUE,NA,mlspa_via_asa,1221,1191250,0,NA,FALSE,1,0,blended,2025+2026 season to date,1221,0.21067076167076165,0.01163144963144963,0.06611056511056511,0.01267813267813267,0.015036855036855031,0.10571498771498772,-5.012285012285012e-4,2026,1191250,Sporting Kansas City,0.13647524696350208,1,0.186224134090116,0.19863907636899789,0.01240687960726732,39.130434782608695,0.0705179361201398,86.95652173913044,0.013523341523764118,25.603864734299517,0.01603931203981326,77.29468599033817,0.1127626535661774,92.7536231884058,-5.346437346604423e-4,55.55555555555556,93.23671497584542,1191250,91.83673469387755,85.6043956043956,510300,1.3999802819678706,TRUE,FALSE,59.79381443298969,High,28.75,71.25,Fair Value,Central and defensive midfielders,1.1.0,2026-07-25 22:12:49 UTC,40,40,173,Performance data through: 2026-07-25 (updates every day) · MLSPA compensation as of: 2026-04-16,FALSE,2026-07-25 22:12:44 UTC
9z5kbwEdMA,asa_9z5kbwEdMA_mls_blended,Nelson Pierre,nelson pierre,2005-03-22,USA,FW,NA,20.27652292950034,mls,lgpMOvnQzy,FW,asa_live,TRUE,NA,mlspa_via_asa,0,NA,57,118116,TRUE,0,1,blended,2025+2026 season to date,57,0.13957894736842105,0.07452631578947369,-0.00678947368421052,0.02352631578947368,0.00884210526315789,0.05273684210526315,-0.01326315789473684,2026,118116,Vancouver Whitecaps FC,0.21844855740004673,1,0.21160598849319334,0.22571305439979308,0.07949473684458948,71.63120567375887,-0.007242105263384204,81.56028368794327,0.02509473684288947,3.5460992907801416,0.009431578947663154,79.43262411347517,0.05625263158070526,90.0709219858156,-0.014147368421494734,4.964539007092198,45.39007092198582,118116,23.30827067669173,19.78021978021978,540000,22.081800245294087,FALSE,FALSE,NA,Low,41,59,Insufficient Evidence,Strikers,1.1.0,2026-07-25 22:12:49 UTC,NA,NA,NA,Performance data through: 2026-07-25 (updates every day) · MLSPA compensation as of: 2026-04-16,FALSE,2026-07-25 22:12:44 UTC
BLMv1GlQxe,asa_BLMv1GlQxe_mls_blended,Albert Rusnák,albert rusnak,1994-07-07,Slovakia,W,NA,31.98357289527721,mls,jYQJ19EqGR,W,asa_live,TRUE,NA,mlspa_via_asa,1136,2685000,2705,2685000,TRUE,0.6187363834422658,0.3812636165577342,blended,2025+2026 season to date,2167.318082788671,0.22262408937697076,0.049039541879598414,0.047207286796419126,0.06809694284368091,0.032727157406400635,0.018821010474430064,0.006732149976441585,2026,2685000,Seattle Sounders FC,0.19903356584128315,1,0.2175092765155779,0.23200989495720006,0.05230884467320629,56.33187772925764,0.05035443925108731,88.20960698689956,0.07263673903552953,36.68122270742358,0.03490896790125158,68.12227074235808,0.020075744506686102,22.707423580786028,0.0071809599750954295,68.12227074235808,68.99563318777292,2685000,89.7196261682243,94.72527472527473,527437.5,-20.72399298045137,TRUE,FALSE,36.55913978494624,High,20.75,79.25,Below Expected Value by Current Model,Wingers and attacking midfielders,1.1.0,2026-07-25 22:12:49 UTC,60,60,271,Performance data through: 2026-07-25 (updates every day) · MLSPA compensation as of: 2026-04-16,FALSE,2026-07-25 22:12:44 UTC
BLMv6ZyRMx,asa_BLMv6ZyRMx_mls_blended,Niko Tsakiris,niko tsakiris,2005-06-19,USA,W,NA,21.032169746748803,mls,0KPqjA456v,W,asa_live,TRUE,NA,mlspa_via_asa,1023,755214,435,755214,TRUE,0.5937318630295996,0.40626813697040043,blended,2025+2026 season to date,1199.726639582124,0.24958184401705125,0.045872255688754575,0.06633352012328136,0.061030460103668416,0.024783937398683134,0.036805071347089074,0.014756599355574676,2026,755214,San Jose Earthquakes,0.19903356584128315,1,0.2327298586997128,0.24824518262078465,0.04893040606953396,53.275109170305676,0.0707557548003779,92.5764192139738,0.06509915744594733,30.56768558951965,0.026436199892754808,60.262008733624455,0.039258742771455184,53.275109170305676,0.015740372646438208,82.96943231441048,76.41921397379913,755214,66.35514018691589,71.0989010989011,527437.5,10.064073786883242,TRUE,FALSE,77.41935483870968,High,20.75,79.25,Undervalued,Wingers and attacking midfielders,1.1.0,2026-07-25 22:12:49 UTC,22,22,98,Performance data through: 2026-07-25 (updates every day) · MLSPA compensation as of: 2026-04-16,FALSE,2026-07-25 22:12:44 UTC
BLMv6dWAMx,asa_BLMv6dWAMx_mls_blended,Andrew Baiera,andrew baiera,2007-02-28,USA,FB,NA,19.33744010951403,mls,Vj58weDM8n,FB,asa_live,TRUE,NA,mlspa_via_asa,48,119336,0,NA,FALSE,1,0,blended,2025+2026 season to date,48,0.126,0,0.0613125,0.033,0.0020625,0.0283125,0.0013125,2026,119336,New York City FC,0.11482828719990651,1,0.11565582148139492,0.12336620958400978,0,6.377551020408164,0.06540000000204375,92.34693877551021,0.035200000001100004,63.775510204081634,0.0022000000000687503,47.44897959183673,0.03020000000094375,21.93877551020408,0.0014000000000437501,70.91836734693878,50.51020408163265,119336,25.13368983957219,20.32967032967033,336500,25.37651424206046,FALSE,TRUE,NA,Low,49,51,Small-Sample Watchlist,Fullbacks and wingbacks,1.1.0,2026-07-25 22:12:49 UTC,NA,NA,NA,Performance data through: 2026-07-25 (updates every day) · MLSPA compensation as of: 2026-04-16,FALSE,2026-07-25 22:12:44 UTC
BLMv6j1AMx,asa_BLMv6j1AMx_mls_blended,Djé D'Avilla,dje davilla,2003-05-05,Ivory Coast,CM,NA,23.156741957563312,mls,X0Oq66zq6D,CM,asa_live,TRUE,NA,mlspa_via_asa,1079,685486,1579,685486,TRUE,0.6065205171444632,0.3934794828555368,blended,2025+2026 season to date,1700.3041034288926,0.04849622629217587,0.010081906600864842,0.014867603570044005,0.011768300640681283,-0.01768049665348423,0.05059697633462808,-0.02113806420055812,2026,685486,Chicago Fire FC,0.13647524696350208,1,0.07144424100210464,0.07620719040462642,0.010754033707925229,33.81642512077295,0.01585877714187586,47.82608695652174,0.012552854017118979,23.18840579710145,-0.018859196430972527,11.11111111111111,0.053970108091956515,40.09661835748792,-0.02254726848129993,9.178743961352657,1.932367149758454,685486,64.79591836734694,66.48351648351648,510300,-62.86355121758849,TRUE,FALSE,8.24742268041237,High,20.75,79.25,Below Expected Value by Current Model,Central and defensive midfielders,1.1.0,2026-07-25 22:12:49 UTC,90,90,392,Performance data through: 2026-07-25 (updates every day) · MLSPA compensation as of: 2026-04-16,FALSE,2026-07-25 22:12:44 UTC
BLMv6jROMx,asa_BLMv6jROMx_mls_blended,Julián Fernández,julian fernandez,2004-01-30,Argentina,W,NA,21.418206707734427,mls,Vj58weDM8n,W,asa_live,TRUE,NA,mlspa_via_asa,0,NA,1665,724300,TRUE,0,1,blended,2025+2026 season to date,1665,0.27604864864864864,0.04533513513513514,0.04584864864864865,0.07829189189189188,0.03619459459459459,0.06420540540540541,0.00617297297297297,2026,724300,New York City FC,0.19903356584128315,1,0.2556473022096114,0.27269045569877376,0.04835747747898865,51.96506550218341,0.04890522522675351,87.33624454148472,0.08351135135396107,48.90829694323144,0.03860756756877405,70.74235807860262,0.06848576576790595,91.26637554585153,0.006584504504710267,66.8122270742358,86.46288209606988,724300,64.48598130841121,68.57142857142857,527437.5,21.976900787658664,FALSE,FALSE,NA,Low,41,59,Insufficient Evidence,Wingers and attacking midfielders,1.1.0,2026-07-25 22:12:49 UTC,NA,NA,NA,Performance data through: 2026-07-25 (updates every day) · MLSPA compensation as of: 2026-04-16,FALSE,2026-07-25 22:12:44 UTC
BLMv7DLA5x,asa_BLMv7DLA5x_mls_blended,Darren Yapi,darren yapi,2004-11-19,USA,W,NA,21.61259411362081,mls,pzeQZ6xQKw,W,asa_live,TRUE,NA,mlspa_via_asa,938,820000,1593,820000,TRUE,0.5726495726495726,0.4273504273504274,blended,2025+2026 season to date,1618.769230769231,0.20494224733207786,0.05195840317874216,-0.031617650710871054,0.14146890240958038,-0.004002876596096936,0.030469257672647503,0.016666211378075783,2026,820000,Colorado Rapids,0.19903356584128315,1,0.2033444205525674,0.21690071526285004,0.05542229672572358,62.88209606986899,-0.03372549409264971,24.017467248908297,0.1509001625749347,85.1528384279476,-0.004269735035970161,31.004366812227076,0.032500541518506315,37.55458515283843,0.01777729213716971,86.46288209606988,58.07860262008734,820000,69.62616822429906,75.32967032967034,527437.5,-11.547565604211727,TRUE,FALSE,44.086021505376344,High,20.75,79.25,Fair Value,Wingers and attacking midfielders,1.1.0,2026-07-25 22:12:49 UTC,53,53,239,Performance data through: 2026-07-25 (updates every day) · MLSPA compensation as of: 2026-04-16,FALSE,2026-07-25 22:12:44 UTC
BLMv7L435x,asa_BLMv7L435x_mls_blended,Andrés Reyes,andres reyes,1999-09-08,Colombia,CB,NA,25.812457221081452,mls,zeQZBOzQKw,CB,asa_live,TRUE,NA,mlspa_via_asa,0,NA,43,807000,TRUE,0,1,blended,2025+2026 season to date,43,-0.4943720930232558,0,0.06299999999999999,2.0930232558139536e-4,0.00586046511627907,0.06948837209302326,-0.6329302325581395,2026,807000,San Diego FC,0.1396251547943452,1,0.09722720509581201,0.10370901877210705,0,7.180851063829787,0.06720000000209998,74.46808510638297,2.2325581396046514e-4,8.51063829787234,0.006251162790893024,63.297872340425535,0.07412093023487443,48.40425531914894,-0.6751255814164465,0.5319148936170213,6.914893617021277,807000,73.33333333333333,74.83516483516483,509583.5,-66.41843971631205,FALSE,FALSE,NA,Low,41,59,Insufficient Evidence,Center backs,1.1.0,2026-07-25 22:12:49 UTC,NA,NA,NA,Performance data through: 2026-07-25 (updates every day) · MLSPA compensation as of: 2026-04-16,FALSE,2026-07-25 22:12:44 UTC
BLMv7oaB5x,asa_BLMv7oaB5x_mls_blended,Djibril Diani,djibril diani,1998-02-11,France,CM,NA,28.383299110198493,mls,NPqxKXZ59d,CM,asa_live,TRUE,NA,mlspa_via_asa,765,387944,1620,387944,TRUE,0.5221843003412969,0.4778156996587031,blended,2025+2026 season to date,1539.061433447099,0.13072317026924535,0.017637466818354187,0.004117709518392104,0.04976177474402731,0.022497762609025404,0.0589220326128176,-0.022213576033371256,2026,387944,Charlotte FC,0.13647524696350208,1,0.13233660967897393,0.1411590503286501,0.018813297940165716,59.90338164251208,0.004392223486422168,30.917874396135264,0.05307922639528785,81.64251207729468,0.02399761345037702,84.54106280193237,0.06285016812230285,55.072463768115945,-0.023694481103003127,7.729468599033816,46.85990338164251,387944,41.83673469387755,43.2967032967033,510300,5.023168687764958,TRUE,FALSE,64.94845360824742,Medium,29.75,70.25,Fair Value,Central and defensive midfielders,1.1.0,2026-07-25 22:12:49 UTC,35,35,151,Performance data through: 2026-07-25 (updates every day) · MLSPA compensation as of: 2026-04-16,FALSE,2026-07-25 22:12:44 UTC
BLMv7ygB5x,asa_BLMv7ygB5x_mls_blended,César Araújo,cesar araujo,2001-04-02,Uruguay,CM,NA,24.246406570841888,mls,jYQJ8EW5GR,CM,asa_live,TRUE,NA,mlspa_via_asa,0,NA,2101,548000,TRUE,0,1,blended,2025+2026 season to date,2101,0.1513165159447882,0.01919514516896716,0.05525083293669682,0.020467396477867678,-7.325083293669681e-4,0.05813802950975726,-0.00100237981913374,2026,548000,Orlando City SC,0.13647524696350208,1,0.14801967722254766,0.15788765570898483,0.020474821514204808,65.70048309178743,0.05893422180098497,81.64251207729468,0.021831889577074437,46.85990338164251,-7.813422180158496e-4,36.231884057971016,0.06201389814567901,52.65700483091788,-0.0010692051404427355,49.75845410628019,67.6328502415459,548000,52.04081632653061,56.15384615384615,510300,15.592033915015286,FALSE,FALSE,NA,Low,41,59,Insufficient Evidence,Central and defensive midfielders,1.1.0,2026-07-25 22:12:49 UTC,NA,NA,NA,Performance data through: 2026-07-25 (updates every day) · MLSPA compensation as of: 2026-04-16,FALSE,2026-07-25 22:12:44 UTC
BLMvkAAR5x,asa_BLMvkAAR5x_mls_blended,Danley Jean Jacques,danley jean jacques,2000-05-20,Haiti,CM,NA,26.11362080766598,mls,9z5k7Yg5A3,CM,asa_live,TRUE,NA,mlspa_via_asa,1416,702500,2933,702500,TRUE,0.6691871455576559,0.3308128544423441,blended,2025+2026 season to date,2386.274102079395,0.18169012659541348,0.01761837979526372,0.028902040820930203,0.06157305065170019,0.01081635544166279,0.06583108918976228,-0.003050789303905686,2026,702500,Philadelphia Union,0.13647524696350208,1,0.17260558617755417,0.1841126252618113,0.01879293844886858,59.42028985507246,0.03082884354328895,66.18357487922705,0.0656779206971993,87.92270531400966,0.011537445804800853,67.14975845410628,0.07021982847127414,68.1159420289855,-0.0032541752576010913,37.19806763285024,85.02415458937197,702500,67.34693877551021,67.25274725274726,510300,17.677215813861764,TRUE,FALSE,75.25773195876289,High,20.75,79.25,Strong Value,Central and defensive midfielders,1.1.0,2026-07-25 22:12:49 UTC,25,25,108,Performance data through: 2026-07-25 (updates every day) · MLSPA compensation as of: 2026-04-16,FALSE,2026-07-25 22:12:44 UTC
BLMvzGl8Mx,asa_BLMvzGl8Mx_mls_blended,Wilson Harris,wilson harris,1999-11-28,USA,FW,NA,26.590006844626966,mls,19vQ2095K6,FW,asa_live,FALSE,NA,NA,23,NA,0,NA,FALSE,1,0,blended,2025+2026 season to date,23,0.00156521739130432,0,-0.07356521739130435,-0.00391304347826086,-0.06182608695652174,0.1408695652173913,0,2026,NA,New England Revolution,0.21844855740004673,1,0.2104416283146517,0.22447107020930987,0,4.25531914893617,-0.07846956521984348,17.73049645390071,-0.004173913043608686,0.7092198581560284,-0.06594782608901739,21.98581560283688,0.15026086956991305,99.29078014184397,0,31.56028368794326,43.262411347517734,NA,NA,NA,540000,NA,FALSE,FALSE,NA,Insufficient,49,51,Insufficient Evidence,Strikers,1.1.0,2026-07-25 22:12:49 UTC,NA,NA,NA,Performance data through: 2026-07-25 (updates every day) · MLSPA compensation as of: 2026-04-16,FALSE,2026-07-25 22:12:44 UTC
BLMvzKKjMx,asa_BLMvzKKjMx_mls_blended,Andrew Brody,andrew brody,1995-05-03,USA,FB,NA,30.16290212183436,mls,Z2vQ1xlqrA,FB,asa_live,TRUE,NA,mlspa_via_asa,0,NA,556,300678,TRUE,0,1,blended,2025+2026 season to date,556,0.08651978417266186,0.00675,-0.00788309352517985,0.01534532374100719,0.02146402877697841,0.05005035971223021,7.931654676258992e-4,2026,300678,Sporting Kansas City,0.11482828719990651,1,0.10121277882348087,0.10796029741508668,0.0072000000002249995,31.122448979591837,-0.008408633093787943,22.448979591836736,0.016368345324252513,34.183673469387756,0.022894964029492437,84.6938775510204,0.05338705036138057,48.97959183673469,8.460431654940647e-4,66.83673469387755,30.102040816326532,300678,44.919786096256686,36.15384615384615,336500,-14.817745279930154,FALSE,FALSE,NA,Low,41,59,Insufficient Evidence,Fullbacks and wingbacks,1.1.0,2026-07-25 22:12:49 UTC,NA,NA,NA,Performance data through: 2026-07-25 (updates every day) · MLSPA compensation as of: 2026-04-16,FALSE,2026-07-25 22:12:44 UTC
BLMvzyGjMx,asa_BLMvzyGjMx_mls_blended,Emmanuel Latte Lath,emmanuel latte lath,1999-01-01,Ivory Coast,FW,NA,27.496235455167692,mls,KAqBN0Vqbg,FW,asa_live,TRUE,NA,mlspa_via_asa,1025,3736000,2441,3736000,TRUE,0.5942028985507246,0.4057971014492754,blended,2025+2026 season to date,2015.5507246376812,0.1886740316691306,0.05339149528881605,-0.07950404930267353,0.18903706677591148,-0.008572069180485543,0.03411047931175748,2.111087758046416e-4,2026,3736000,Atlanta United FC,0.21844855740004673,1,0.1955042243586738,0.20853783932243553,0.05695092830985017,46.808510638297875,-0.08480431925883523,10.638297872340425,0.20163953790060682,56.02836879432624,-0.009143540459470315,65.2482269503546,0.036384511267011664,65.2482269503546,2.2518269419865468e-4,35.46099290780142,31.914893617021278,3736000,93.23308270676692,96.92307692307692,540000,-61.318189089745644,TRUE,FALSE,8.771929824561404,High,20.75,79.25,Below Expected Value by Current Model,Strikers,1.1.0,2026-07-25 22:12:49 UTC,53,53,388,Performance data through: 2026-07-25 (updates every day) · MLSPA compensation as of: 2026-04-16,FALSE,2026-07-25 22:12:44 UTC
EGMP1jAA5a,asa_EGMP1jAA5a_mls_blended,Frankie Amaya,frankie amaya,2000-09-26,USA,CM,NA,25.760438056125945,mls,APk5LGOMOW,CM,asa_live,TRUE,NA,NA,10,574000,613,574000,TRUE,0.15,0.85,blended,2025+2026 season to date,531.05,0.21899884991843396,0.03544252854812398,-0.015766663947797716,0.14904851549755302,-0.0053970636215334355,0.05648270799347472,-8.111745513866231e-4,2026,574000,CF Montréal,0.13647524696350208,1,0.17522168553758508,0.18690313124593147,0.03780536378584699,87.92270531400966,-0.016817774878176452,13.043478260869565,0.15898508320235816,99.51690821256038,-0.0057568678631489,24.63768115942029,0.060248221861589124,47.82608695652174,-8.652528548394371e-4,50.72463768115942,86.47342995169082,574000,55.61224489795919,58.18681318681319,510300,30.86118505373163,FALSE,TRUE,NA,Low,41,59,Small-Sample Watchlist,Central and defensive midfielders,1.1.0,2026-07-25 22:12:49 UTC,NA,NA,NA,Performance data through: 2026-07-25 (updates every day) · MLSPA compensation as of: 2026-04-16,FALSE,2026-07-25 22:12:44 UTC
EGMP1vxy5a,asa_EGMP1vxy5a_mls_blended,Kristoffer Velde,kristoffer velde,1999-09-09,Norway,W,NA,26.809034907597535,mls,WBLMvYAQxe,W,asa_live,TRUE,NA,mlspa_via_asa,1438,3027000,1124,3027000,TRUE,0.6725912067352666,0.3274087932647334,blended,2025+2026 season to date,1806.0074836295603,0.2731063121485807,0.06450632679625419,0.026635417741661654,0.07251074773044286,0.0524222158601014,0.04623959765504063,0.010792006365079942,2026,3027000,Portland Timbers FC,0.19903356584128315,1,0.25463436304336284,0.2716099872547415,0.06880674858482135,79.03930131004367,0.028411112258660276,79.03930131004367,0.07734479758155607,41.92139737991266,0.05591703025252223,79.91266375545851,0.04932223750025133,70.3056768558952,0.011511473456445005,76.85589519650655,86.02620087336244,3027000,91.58878504672897,95.49450549450549,527437.5,-5.562584173366531,TRUE,FALSE,48.38709677419355,High,20.75,79.25,Fair Value,Wingers and attacking midfielders,1.1.0,2026-07-25 22:12:49 UTC,49,49,222,Performance data through: 2026-07-25 (updates every day) · MLSPA compensation as of: 2026-04-16,FALSE,2026-07-25 22:12:44 UTC
EGMP1wzA5a,asa_EGMP1wzA5a_mls_blended,Tate Schmitt,tate schmitt,1997-05-28,USA,FB,NA,28.093086926762492,mls,vzqoOgNqap,FB,asa_live,TRUE,NA,mlspa_via_asa,0,NA,44,104000,TRUE,0,1,blended,2025+2026 season to date,44,-0.07281818181818182,0.048886363636363644,0.030886363636363625,6.136363636363635e-4,-0.09899999999999999,-0.05727272727272726,0.00306818181818181,2026,104000,Nashville SC,0.11482828719990651,1,0.10200772099370171,0.10880823573001541,0.0521454545470841,94.38775510204081,0.03294545454648408,72.44897959183673,6.54545454565909e-4,2.0408163265306123,-0.10560000000329998,2.0408163265306123,-0.06109090909281817,2.0408163265306123,0.0032727272728295368,79.59183673469387,31.122448979591837,104000,14.171122994652407,12.967032967032967,336500,16.95132598493943,FALSE,FALSE,NA,Low,41,59,Insufficient Evidence,Fullbacks and wingbacks,1.1.0,2026-07-25 22:12:49 UTC,NA,NA,NA,Performance data through: 2026-07-25 (updates every day) · MLSPA compensation as of: 2026-04-16,FALSE,2026-07-25 22:12:44 UTC
EGMPR64xqa,asa_EGMPR64xqa_mls_blended,Noah Cobb,noah cobb,2005-07-20,NA,CB,NA,20.947296372347708,mls,pzeQZ6xQKw,CB,asa_live,TRUE,NA,mlspa_via_asa,377,130000.04,914,130000.04,TRUE,0.3500464252553389,0.6499535747446611,blended,2025+2026 season to date,971.0575673166202,0.12619843596667135,0.005708197460731544,0.0734339247728007,0.014583470983707473,6.921121764200374e-4,0.03618945770831936,-0.004408727135307773,2026,130000.04,Colorado Rapids,0.1396251547943452,1,0.13132621197195427,0.1400812927744621,0.00608874395830392,34.57446808510638,0.07832951976010187,86.70212765957447,0.01555570238310742,46.808510638297875,7.382529882044436e-4,41.48936170212766,0.038602088223413634,17.5531914893617,-0.0047026422778085825,48.40425531914894,36.170212765957444,130000.04,18.88888888888889,22.967032967032967,509583.5,17.281323877068555,FALSE,TRUE,NA,Low,41,59,Small-Sample Watchlist,Center backs,1.1.0,2026-07-25 22:12:49 UTC,NA,NA,NA,Performance data through: 2026-07-25 (updates every day) · MLSPA compensation as of: 2026-04-16,FALSE,2026-07-25 22:12:44 UTC
EGMPRAgxqa,asa_EGMPRAgxqa_mls_blended,Dylan Borso,dylan borso,2006-06-02,USA,FB,NA,20.079397672826833,mls,X0Oq66zq6D,FB,asa_live,TRUE,NA,mlspa_via_asa,116,121400,0,NA,FALSE,1,0,blended,2025+2026 season to date,116,0.3957672413793103,0.027232758620689655,-0.07223275862068965,0.04011206896551724,0.09411206896551724,0.3213620689655172,-0.014818965517241368,2026,121400,Chicago Fire FC,0.11482828719990651,1,0.1603435367596982,0.1710331058823562,0.029048275862976723,82.65306122448979,-0.07704827586447671,2.5510204081632653,0.04278620689788879,72.44897959183673,0.10038620689968879,97.44897959183673,0.34278620690726375,99.48979591836735,-0.01580689655221809,13.775510204081632,89.28571428571429,121400,25.668449197860962,20.76923076923077,336500,63.617265087853326,FALSE,TRUE,NA,Low,49,51,Small-Sample Watchlist,Fullbacks and wingbacks,1.1.0,2026-07-25 22:12:49 UTC,NA,NA,NA,Performance data through: 2026-07-25 (updates every day) · MLSPA compensation as of: 2026-04-16,FALSE,2026-07-25 22:12:44 UTC
EGMPREorqa,asa_EGMPREorqa_mls_blended,Luca Moisa,luca moisa,2008-04-20,USA,CM,NA,18.195756331279945,mls,a2lqR4JMr0,CM,asa_live,TRUE,NA,mlspa_via_asa,193,113400,0,NA,FALSE,1,0,blended,2025+2026 season to date,193,0.03926424870466322,0.00559585492227979,-0.01487564766839378,0.00676165803108808,0.012310880829015538,0.02648704663212435,0.0029844559585492205,2026,113400,Real Salt Lake,0.13647524696350208,1,0.11281607588663461,0.12033714761617079,0.0059689119172849706,20.77294685990338,-0.01586735751344922,14.492753623188406,0.007212435233386007,12.560386473429952,0.013131606218026937,71.98067632850241,0.02825284974181554,12.077294685990339,0.0031834196892186503,79.22705314009661,24.154589371980677,113400,15.051020408163266,16.428571428571427,510300,9.10356896381741,FALSE,TRUE,NA,Low,49,51,Small-Sample Watchlist,Central and defensive midfielders,1.1.0,2026-07-25 22:12:49 UTC,NA,NA,NA,Performance data through: 2026-07-25 (updates every day) · MLSPA compensation as of: 2026-04-16,FALSE,2026-07-25 22:12:44 UTC
EGMPRNwVqa,asa_EGMPRNwVqa_mls_blended,Igor Jesus,igor jesus,2003-03-07,Brazil,CM,NA,22.31895961670089,mls,eVq3ya6MWO,CM,asa_live,TRUE,NA,mlspa_via_asa,0,NA,2075,616684,TRUE,0,1,blended,2025+2026 season to date,2075,0.11032915662650604,0.01741012048192771,0.03677638554216867,0.01928819277108433,-0.00964192771084337,0.04693012048192772,-4.337349397590362e-4,2026,616684,Los Angeles FC,0.13647524696350208,1,0.1161937002534958,0.12393994694093531,0.018570795181303227,58.45410628019324,0.03922814457953913,74.8792270531401,0.020574072289799558,44.927536231884055,-0.010284722891887659,16.908212560386474,0.05005879518228724,32.85024154589372,-4.626506024240964e-4,56.03864734299517,27.536231884057973,616684,58.673469387755105,61.42857142857143,510300,-31.137237503697133,FALSE,FALSE,NA,Low,41,59,Insufficient Evidence,Central and defensive midfielders,1.1.0,2026-07-25 22:12:49 UTC,NA,NA,NA,Performance data through: 2026-07-25 (updates every day) · MLSPA compensation as of: 2026-04-16,FALSE,2026-07-25 22:12:44 UTC
EGMPROvAqa,asa_EGMPROvAqa_mls_blended,Alisa Randell,alisa randell,2007-08-25,USA,CM,NA,17.8507871321013,mls,kRQand1MKZ,CM,asa_live,TRUE,NA,mlspa_via_asa,0,NA,81,91016,TRUE,0,1,blended,2025+2026 season to date,81,0.09566666666666666,0,0.00977777777777777,0.05722222222222222,-0.07344444444444445,0.10833333333333334,-0.006222222222222219,2026,91016,Minnesota United FC,0.13647524696350208,1,0.13162136296343796,0.1403961204987212,0,6.280193236714976,0.010429629629955547,42.51207729468599,0.06103703703894445,86.95652173913044,-0.07834074074318889,1.932367149758454,0.11555555555916668,94.20289855072464,-0.006637037037244441,26.08695652173913,45.410628019323674,91016,6.122448979591836,7.6923076923076925,510300,39.28817903973184,FALSE,FALSE,NA,Low,41,59,Insufficient Evidence,Central and defensive midfielders,1.1.0,2026-07-25 22:12:49 UTC,NA,NA,NA,Performance data through: 2026-07-25 (updates every day) · MLSPA compensation as of: 2026-04-16,FALSE,2026-07-25 22:12:44 UTC
EGMPRgDAqa,asa_EGMPRgDAqa_mls_blended,Brayan Ceballos,brayan ceballos,2001-05-24,Colombia,CB,NA,25.10335386721424,mls,19vQ2095K6,CB,asa_live,TRUE,NA,mlspa_via_asa,722,855625,2868,855625,TRUE,0.5077355836849508,0.49226441631504925,blended,2025+2026 season to date,2133.814345991561,0.14218892890560175,0.008296320816340939,0.03399570114577264,0.02797201772504987,0.004091520576240664,0.07831807107674381,-0.01048470243454619,2026,855625,New England Revolution,0.1396251547943452,1,0.14162624824332146,0.15106799813093041,0.008849408871040212,52.659574468085104,0.03626208122329067,28.72340425531915,0.02983681890765226,75.53191489361703,0.004364288614793092,56.38297872340426,0.083539275817804,59.04255319148936,-0.011183682597198758,28.72340425531915,48.40425531914894,855625,77.77777777777777,77.25274725274726,509583.5,-29.373522458628834,TRUE,FALSE,25,Medium,29.75,70.25,Below Expected Value by Current Model,Center backs,1.1.0,2026-07-25 22:12:49 UTC,73,73,319,Performance data through: 2026-07-25 (updates every day) · MLSPA compensation as of: 2026-04-16,FALSE,2026-07-25 22:12:44 UTC
EGMPRpB0qa,asa_EGMPRpB0qa_mls_blended,Luca Langoni,luca langoni,2002-02-09,Argentina,W,NA,24.38877481177276,mls,19vQ2095K6,W,asa_live,TRUE,NA,mlspa_via_asa,911,787283,1818,787283,TRUE,0.5654872749844817,0.4345127250155183,blended,2025+2026 season to date,1700.9441340782123,0.16030835038811142,0.05210052792988796,-0.03074026955768202,0.06018805735322135,0.038516977954778715,0.03906208553816275,0.001180971169742669,2026,787283,New England Revolution,0.19903356584128315,1,0.17040643531237287,0.18176686433887795,0.055573896460283836,63.31877729257642,-0.03278962086255216,24.45414847161572,0.06420059451210905,28.38427947598253,0.041084776486381196,73.36244541484716,0.04166622457534233,58.07860262008734,0.0012597025810982126,48.47161572052402,23.580786026200872,787283,67.28971962616822,73.18681318681318,527437.5,-43.70893359996735,TRUE,FALSE,17.204301075268816,High,20.75,79.25,Below Expected Value by Current Model,Wingers and attacking midfielders,1.1.0,2026-07-25 22:12:49 UTC,78,78,354,Performance data through: 2026-07-25 (updates every day) · MLSPA compensation as of: 2026-04-16,FALSE,2026-07-25 22:12:44 UTC
EGMPRw86qa,asa_EGMPRw86qa_mls_blended,Matthew Dos Santos,matthew dos santos,2008-06-05,USA,FB,NA,18.069815195071868,mls,a2lqRX2Mr0,FB,asa_live,TRUE,NA,mlspa_via_asa,1068,104756,0,NA,FALSE,1,0,blended,2025+2026 season to date,1068,0.02278651685393258,0.00989325842696629,0.00223314606741573,0.00543539325842696,-0.00541011235955056,0.0148314606741573,-0.00419662921348314,2026,104756,New York Red Bulls,0.11482828719990651,1,0.055895067338095863,0.05962140516249875,0.01055280898909382,41.83673469387755,0.0023820224719845505,32.142857142857146,0.0057977528091699366,10.204081632653061,-0.005770786517034268,27.551020408163264,0.015820224719595502,14.795918367346939,-0.004476404494521904,34.69387755102041,2.5510204081632653,104756,16.042780748663102,13.956043956043956,336500,-13.491760340499837,TRUE,FALSE,48.75,Medium,28.75,71.25,Fair Value,Fullbacks and wingbacks,1.1.0,2026-07-25 22:12:49 UTC,42,42,220,Performance data through: 2026-07-25 (updates every day) · MLSPA compensation as of: 2026-04-16,FALSE,2026-07-25 22:12:44 UTC
EGMPRxGrqa,asa_EGMPRxGrqa_mls_blended,Liam Mackenzie,liam mackenzie,2007-03-15,Canada,W,NA,18.29705681040383,mls,lgpMOvnQzy,W,asa_live,TRUE,NA,mlspa_via_asa,0,NA,69,96047,TRUE,0,1,blended,2025+2026 season to date,69,-0.03769565217391304,0,-0.01956521739130434,0.01226086956521739,-0.06221739130434783,0.03130434782608696,5.217391304347827e-4,2026,96047,Vancouver Whitecaps FC,0.19903356584128315,1,0.17461754783971584,0.18625871770151747,0,5.895196506550218,-0.02086956521804347,34.93449781659389,0.01307826086997391,3.930131004366812,-0.06636521739337826,7.423580786026201,0.03339130434886957,40.17467248908297,5.565217391478261e-4,45.414847161572055,26.200873362445414,96047,11.682242990654206,10,527437.5,14.518630371791208,FALSE,FALSE,NA,Low,41,59,Insufficient Evidence,Wingers and attacking midfielders,1.1.0,2026-07-25 22:12:49 UTC,NA,NA,NA,Performance data through: 2026-07-25 (updates every day) · MLSPA compensation as of: 2026-04-16,FALSE,2026-07-25 22:12:44 UTC
EGMPRxR4qa,asa_EGMPRxR4qa_mls_blended,Willy Kumado,willy kumado,2002-10-16,Ghana,FB,NA,23.707049965776864,mls,zeQZBOzQKw,FB,asa_live,TRUE,NA,mlspa_via_asa,35,125835,874,125835,TRUE,0.15,0.85,blended,2025+2026 season to date,777.9,0.06261187316116376,0.0032910755148741373,-0.02142433965348152,0.020184625694671453,0.016901243870545923,0.0663729405034325,-0.02271367276887871,2026,125835,San Diego FC,0.11482828719990651,1,0.08534926224835851,0.09103921306776072,0.0035104805493087823,20.408163265306122,-0.022852628964427767,11.73469387755102,0.02153026740832237,42.857142857142854,0.018027993462479026,77.55102040816327,0.07079780320587375,72.44897959183673,-0.024227917620894414,9.183673469387756,13.26530612244898,125835,28.877005347593585,22.307692307692307,336500,-15.611699225144605,FALSE,TRUE,NA,Low,41,59,Small-Sample Watchlist,Fullbacks and wingbacks,1.1.0,2026-07-25 22:12:49 UTC,NA,NA,NA,Performance data through: 2026-07-25 (updates every day) · MLSPA compensation as of: 2026-04-16,FALSE,2026-07-25 22:12:44 UTC
EGMPYRXV5a,asa_EGMPYRXV5a_mls_blended,Musu,musu,NA,USA,W,NA,26,mls,Vj58weDM8n,W,asa_live,FALSE,NA,NA,0,NA,20,NA,TRUE,0,1,blended,2025+2026 season to date,20,1.0053,0.1179,0.1026,0.7861499999999999,0.00855,0.006750000000000001,-0.01665,2026,NA,New York City FC,0.19903356584128315,1,0.22504216049156434,0.24004497119850335,0.12576000000393,98.2532751091703,0.10944000000342,98.2532751091703,0.8385600000262049,99.56331877729258,0.009120000000285,45.414847161572055,0.007200000000225,13.537117903930131,-0.017760000000555002,2.6200873362445414,73.79912663755458,NA,NA,NA,527437.5,NA,FALSE,FALSE,NA,Insufficient,41,59,Insufficient Evidence,Wingers and attacking midfielders,1.1.0,2026-07-25 22:12:49 UTC,NA,NA,NA,Performance data through: 2026-07-25 (updates every day) · MLSPA compensation as of: 2026-04-16,FALSE,2026-07-25 22:12:44 UTC
EGMPYkGA5a,asa_EGMPYkGA5a_mls_blended,Kieran Chandler,kieran chandler,2005-06-09,USA,FB,NA,21.05954825462012,mls,kRQand1MKZ,FB,asa_live,TRUE,NA,mlspa_via_asa,17,88025,68,88025,TRUE,0.15,0.85,blended,2025+2026 season to date,74.8,0.056428676470588225,0,-0.02267867647058823,0.0021374999999999996,-3.441176470588155e-4,0.07731397058823529,0,2026,88025,Minnesota United FC,0.11482828719990651,1,0.10835482708942486,0.11557848223233168,0,6.377551020408164,-0.024190588236050067,10.714285714285714,0.0022800000000712498,5.1020408163265305,-3.670588235408738e-4,40.30612244897959,0.08246823529669477,82.65306122448979,0,59.94897959183673,40.816326530612244,88025,4.278074866310161,4.34065934065934,336500,36.53825166430208,FALSE,TRUE,NA,Low,41,59,Small-Sample Watchlist,Fullbacks and wingbacks,1.1.0,2026-07-25 22:12:49 UTC,NA,NA,NA,Performance data through: 2026-07-25 (updates every day) · MLSPA compensation as of: 2026-04-16,FALSE,2026-07-25 22:12:44 UTC
EGMPZ0m3qa,asa_EGMPZ0m3qa_mls_blended,Juan Mosquera,juan mosquera,2002-09-05,Colombia,FB,NA,23.81930184804928,mls,WBLMvYAQxe,FB,asa_live,TRUE,NA,mlspa_via_asa,85,541650,2805,541650,TRUE,0.15,0.85,blended,2025+2026 season to date,2469.25,0.13914,0.024810802139037434,0.020582727272727273,0.019099251336898392,0.01622342245989304,0.05457192513368982,0.0038518716577540073,2026,541650,Portland Timbers FC,0.11482828719990651,1,0.13438736411825167,0.14334652173061468,0.026464855615800288,79.59183673469387,0.02195490909159518,57.6530612244898,0.020372534759994926,41.326530612244895,0.017304983957760024,76.0204081632653,0.058210053477754875,53.57142857142857,0.00410866310173267,82.65306122448979,72.95918367346938,541650,71.65775401069519,55.714285714285715,336500,1.301429662774197,FALSE,TRUE,NA,Low,41,59,Small-Sample Watchlist,Fullbacks and wingbacks,1.1.0,2026-07-25 22:12:49 UTC,NA,NA,NA,Performance data through: 2026-07-25 (updates every day) · MLSPA compensation as of: 2026-04-16,FALSE,2026-07-25 22:12:44 UTC
EGMPZZa3qa,asa_EGMPZZa3qa_mls_blended,Peter Kingston,peter kingston,2001-07-14,USA,FB,NA,24.9637234770705,mls,jYQJ19EqGR,FB,asa_live,TRUE,NA,mlspa_via_asa,395,113400,16,113400,TRUE,0.3607305936073059,0.639269406392694,blended,2025+2026 season to date,405.2283105022831,0.008241780821917816,0.009550684931506846,0.029013698630136982,0.04206575342465753,-0.028929452054794517,-0.03851095890410959,-0.004947945205479452,2026,113400,Seattle Sounders FC,0.11482828719990651,1,0.07186106328605606,0.07665180084085516,0.010187397260592325,40.816326530612244,0.03094794520644657,69.38775510204081,0.044870136987703556,75,-0.030858082192745134,8.673469387755102,-0.04107835616566726,3.061224489795918,-0.0052778082193430135,31.632653061224488,7.142857142857143,113400,19.518716577540108,16.428571428571427,336500,-12.375859434682965,FALSE,TRUE,NA,Low,41,59,Small-Sample Watchlist,Fullbacks and wingbacks,1.1.0,2026-07-25 22:12:49 UTC,NA,NA,NA,Performance data through: 2026-07-25 (updates every day) · MLSPA compensation as of: 2026-04-16,FALSE,2026-07-25 22:12:44 UTC
EGMPZlYrqa,asa_EGMPZlYrqa_mls_blended,Jansen Miller,jansen miller,2002-02-10,USA,CB,NA,24.386036960985628,mls,Z2vQ1xlqrA,CB,asa_live,TRUE,NA,mlspa_via_asa,581,89705,2614,89705,TRUE,0.453551912568306,0.5464480874316939,blended,2025+2026 season to date,2009.415300546448,0.1761422282109126,0.009774666764619975,0.033921686326016096,0.022768782398506323,-1.6431250212779736e-4,0.11585844014126778,-0.006017034917369808,2026,89705,Sporting Kansas City,0.1396251547943452,1,0.16774561765783116,0.17892865884061143,0.010426311215920461,61.170212765957444,0.036183132082214554,28.19148936170213,0.02428670122583237,68.08510638297872,-1.7526666894179428e-4,36.170212765957444,0.12358233615454758,85.63829787234043,-0.006418170578728363,38.297872340425535,78.19148936170212,89705,6.111111111111111,6.923076923076923,509583.5,72.08037825059101,TRUE,FALSE,97.91666666666667,Medium,29.75,70.25,Elite Value,Center backs,1.1.0,2026-07-25 22:12:49 UTC,3,3,12,Performance data through: 2026-07-25 (updates every day) · MLSPA compensation as of: 2026-04-16,FALSE,2026-07-25 22:12:44 UTC
EGMPlOjkMa,asa_EGMPlOjkMa_mls_blended,Felipe Mora,felipe mora,1993-08-02,Chile,FW,NA,32.91170431211499,mls,WBLMvYAQxe,FW,asa_live,TRUE,NA,mlspa_via_asa,465,1397750,2077,1397750,TRUE,0.39914163090128757,0.6008583690987124,blended,2025+2026 season to date,1712.9828326180257,0.15915114156477753,0.04557473493669682,-0.07119026947499799,0.18275000630242116,-0.03641395748655311,0.03148571540745669,0.006944911879753933,2026,1397750,Portland Timbers FC,0.21844855740004673,1,0.17453320536543743,0.1861687523956177,0.048613050600662434,36.170212765957444,-0.07593628744237085,23.404255319148938,0.19493334006200758,53.191489361702125,-0.038841554653537114,39.716312056737586,0.033584763102336664,61.702127659574465,0.007407906005302359,63.12056737588652,14.893617021276595,1397750,72.18045112781955,88.57142857142857,540000,-57.286834106542955,TRUE,FALSE,12.280701754385966,Medium,29.75,70.25,Below Expected Value by Current Model,Strikers,1.1.0,2026-07-25 22:12:49 UTC,51,51,375,Performance data through: 2026-07-25 (updates every day) · MLSPA compensation as of: 2026-04-16,FALSE,2026-07-25 22:12:44 UTC
EGMPn03kqa,asa_EGMPn03kqa_mls_blended,Isaiah Parente,isaiah parente,2000-03-16,USA,CM,NA,26.29158110882957,mls,kaDQ0wRqEv,CM,asa_live,TRUE,NA,mlspa_via_asa,58,113400,1236,113400,TRUE,0.15,0.85,blended,2025+2026 season to date,1108.6,0.15751748828255777,0.010658009708737863,0.025503138600602607,0.027135474556411108,8.373535319718736e-4,0.09576755523937061,-0.0023840433545363185,2026,113400,LA Galaxy,0.13647524696350208,1,0.15012819600148938,0.16013674240659295,0.011368543689675653,35.7487922705314,0.027203347841492885,58.93719806763285,0.0289445061944097,58.45410628019324,8.931771007979103e-4,41.54589371980676,0.10215205892518757,89.3719806763285,-0.002542979578251541,42.028985507246375,68.59903381642512,113400,15.051020408163266,16.428571428571427,510300,53.54801340826185,FALSE,TRUE,NA,Low,41,59,Small-Sample Watchlist,Central and defensive midfielders,1.1.0,2026-07-25 22:12:49 UTC,NA,NA,NA,Performance data through: 2026-07-25 (updates every day) · MLSPA compensation as of: 2026-04-16,FALSE,2026-07-25 22:12:44 UTC
EGMPn164qa,asa_EGMPn164qa_mls_blended,Wilder Cartagena,wilder cartagena,1994-09-23,Peru,CB,NA,31.770020533880903,mls,jYQJ8EW5GR,CB,asa_live,TRUE,NA,mlspa_via_asa,67,530250,0,NA,FALSE,1,0,blended,2025+2026 season to date,67,0.07186567164179104,0,-0.02511940298507463,0.02861194029850746,0.03908955223880597,0.05225373134328358,-0.02297014925373134,2026,530250,Orlando City SC,0.1396251547943452,1,0.1328187299499357,0.1416733119510254,0,7.180851063829787,-0.026794029851583582,0.5319148936170213,0.030519402986028357,76.59574468085107,0.04169552238936269,98.93617021276596,0.05573731343457761,31.914893617021278,-0.024501492538079102,10.106382978723405,37.234042553191486,530250,53.333333333333336,55.05494505494506,509583.5,-16.09929078014185,FALSE,TRUE,NA,Low,49,51,Small-Sample Watchlist,Center backs,1.1.0,2026-07-25 22:12:49 UTC,NA,NA,NA,Performance data through: 2026-07-25 (updates every day) · MLSPA compensation as of: 2026-04-16,FALSE,2026-07-25 22:12:44 UTC
EGMPnReVqa,asa_EGMPnReVqa_mls_blended,Anderson Julio,anderson julio,1996-05-31,Ecuador,FW,NA,30.083504449007528,mls,mKAqBBmqbg,FW,asa_live,TRUE,NA,mlspa_via_asa,43,820000,1857,820000,TRUE,0.15,0.85,blended,2025+2026 season to date,1621.45,0.17479645339444713,0.038518131269489414,-2.0721719202013156e-4,0.1142343802832776,0.008076528158695567,0.0223426569485667,-0.008168026073562002,2026,820000,FC Dallas,0.21844855740004673,1,0.18658661855835346,0.19902572646846323,0.04108600668873931,26.24113475177305,-2.2103167149504756e-4,85.81560283687944,0.12185000563930393,21.27659574468085,0.008614963369544489,76.59574468085107,0.023832167412549236,39.716312056737586,-0.008712561145405069,6.382978723404255,24.113475177304963,820000,63.909774436090224,75.32967032967034,540000,-39.79629925878526,FALSE,TRUE,NA,Low,41,59,Small-Sample Watchlist,Strikers,1.1.0,2026-07-25 22:12:49 UTC,NA,NA,NA,Performance data through: 2026-07-25 (updates every day) · MLSPA compensation as of: 2026-04-16,FALSE,2026-07-25 22:12:44 UTC
EGMPnxNAqa,asa_EGMPnxNAqa_mls_blended,Nykolas Sessock,nykolas sessock,2000-06-17,USA,FB,NA,25.037645448323065,mls,KAqBN0Vqbg,FB,asa_live,TRUE,NA,mlspa_via_asa,0,NA,9,104000,TRUE,0,1,blended,2025+2026 season to date,9,-0.166,0,-0.15,0.002,-0.018,0,0,2026,104000,Atlanta United FC,0.11482828719990651,1,0.11067811546788818,0.11805665650276999,0,6.377551020408164,-0.160000000005,1.530612244897959,0.0021333333334,4.591836734693878,-0.019200000000599998,12.755102040816327,0,10.204081632653061,0,59.94897959183673,43.36734693877551,104000,14.171122994652407,12.967032967032967,336500,29.196223944123105,FALSE,FALSE,NA,Low,41,59,Insufficient Evidence,Fullbacks and wingbacks,1.1.0,2026-07-25 22:12:49 UTC,NA,NA,NA,Performance data through: 2026-07-25 (updates every day) · MLSPA compensation as of: 2026-04-16,FALSE,2026-07-25 22:12:44 UTC
EGMPrOV0qa,asa_EGMPrOV0qa_mls_blended,Seth Antwi,seth antwi,NA,Ghana,CM,NA,26,mls,wvq9B9wQWn,CM,asa_live,TRUE,NA,mlspa_via_asa,0,NA,22,104000,TRUE,0,1,blended,2025+2026 season to date,22,0.3346363636363636,0,0.00859090909090909,-0.0045,0,0.33054545454545453,0,2026,104000,St. Louis City SC,0.13647524696350208,1,0.1434841610580406,0.1530497718000261,0,6.280193236714976,0.009163636363922726,41.54589371980676,-0.004800000000149999,2.4154589371980677,0,38.888888888888886,0.35258181819283635,99.51690821256038,0,61.83574879227053,62.80193236714976,104000,12.5,12.967032967032967,510300,50.30193236714976,FALSE,FALSE,NA,Low,41,59,Insufficient Evidence,Central and defensive midfielders,1.1.0,2026-07-25 22:12:49 UTC,NA,NA,NA,Performance data through: 2026-07-25 (updates every day) · MLSPA compensation as of: 2026-04-16,FALSE,2026-07-25 22:12:44 UTC
KAqB92k75b,asa_KAqB92k75b_mls_blended,Franco Escobar,franco escobar,1995-02-21,Argentina,FB,NA,30.357289527720734,mls,YgOMngl5wN,FB,asa_live,TRUE,NA,mlspa_via_asa,0,NA,1803,599167,TRUE,0,1,blended,2025+2026 season to date,1803,0.1514625623960067,0.01525956738768719,0.05721963394342762,0.03359900166389351,9.78369384359401e-4,0.05098502495840267,-0.00657903494176372,2026,599167,Houston Dynamo FC,0.11482828719990651,1,0.14231542751558218,0.1518031226880315,0.01627687188070832,60.714285714285715,0.06103427620823011,90.3061224489796,0.035838935109273044,65.3061224489796,0.0010435940100159734,44.89795918367347,0.05438402662399568,50,-0.007017637271433935,25.510204081632654,77.55102040816327,599167,77.00534759358288,59.78021978021978,336500,0.5456728145803851,FALSE,FALSE,NA,Low,41,59,Insufficient Evidence,Fullbacks and wingbacks,1.1.0,2026-07-25 22:12:49 UTC,NA,NA,NA,Performance data through: 2026-07-25 (updates every day) · MLSPA compensation as of: 2026-04-16,FALSE,2026-07-25 22:12:44 UTC
KAqB96V75b,asa_KAqB96V75b_mls_blended,Luis Abram,luis abram,1996-02-27,Peru,CB,NA,29.34154688569473,mls,KAqBN0Vqbg,CB,asa_live,TRUE,NA,mlspa_via_asa,0,NA,1690,871888,TRUE,0,1,blended,2025+2026 season to date,1690,0.10273313609467456,0.00265207100591715,0.06097100591715976,0.00201834319526627,0.01437869822485207,0.03786923076923076,-0.015156213017751472,2026,871888,Atlanta United FC,0.1396251547943452,1,0.11239916719502493,0.11989244501177324,0.002828875739733362,19.680851063829788,0.06503573964700278,70.74468085106383,0.002152899408351299,14.893617021276595,0.015337278106988164,87.23404255319149,0.04039384615510845,18.617021276595743,-0.01616662721944011,17.5531914893617,20.21276595744681,871888,78.88888888888889,77.8021978021978,509583.5,-58.67612293144208,FALSE,FALSE,NA,Low,41,59,Insufficient Evidence,Center backs,1.1.0,2026-07-25 22:12:49 UTC,NA,NA,NA,Performance data through: 2026-07-25 (updates every day) · MLSPA compensation as of: 2026-04-16,FALSE,2026-07-25 22:12:44 UTC
KAqB9DZX5b,asa_KAqB9DZX5b_mls_blended,Richie Laryea,richie laryea,1995-01-07,Canada,FB,NA,31.479808350444905,mls,kRQabn8MKZ,FB,asa_live,TRUE,NA,mlspa_via_asa,1135,1214438,1426,1214438,TRUE,0.6185286103542235,0.38147138964577654,blended,2025+2026 season to date,1678.9782016348772,0.13106504733042634,0.010004575975174929,0.010881012416354887,0.02689323310569379,0.029110518934081342,0.04701710392057201,0.007158602978549395,2026,1214438,Toronto FC,0.11482828719990651,1,0.1267902999584141,0.1352429866265347,0.010671547707186743,42.3469387755102,0.011606413244474579,46.93877551020408,0.028686115313636483,55.10204081632653,0.031051220197323783,89.79591836734694,0.05015157751684405,44.38775510204081,0.0076358431773579745,90.3061224489796,66.83673469387755,1214438,98.93048128342247,86.26373626373626,336500,-32.09374658954492,TRUE,FALSE,23.75,High,20.75,79.25,Below Expected Value by Current Model,Fullbacks and wingbacks,1.1.0,2026-07-25 22:12:49 UTC,62,62,325,Performance data through: 2026-07-25 (updates every day) · MLSPA compensation as of: 2026-04-16,FALSE,2026-07-25 22:12:44 UTC
KAqB9K1v5b,asa_KAqB9K1v5b_mls_blended,Bartosz Slisz,bartosz slisz,1999-03-29,Poland,CM,NA,26.258726899383984,mls,KAqBN0Vqbg,CM,asa_live,TRUE,NA,mlspa_via_asa,0,NA,2586,870000,TRUE,0,1,blended,2025+2026 season to date,2586,0.18982830626450117,0.02105916473317865,0.0596276102088167,0.024790023201856144,0.02073897911832946,0.07063921113689095,-0.00702668213457076,2026,870000,Atlanta United FC,0.13647524696350208,1,0.17978064914566896,0.19176602576137292,0.022463109049425868,69.08212560386474,0.0636027842247254,84.05797101449275,0.026442691416139554,54.589371980676326,0.022121577726909387,82.6086956521739,0.07534849188170499,75.3623188405797,-0.007495127610443034,23.18840579710145,88.88888888888889,870000,80.61224489795919,77.63736263736264,510300,8.2766439909297,FALSE,FALSE,NA,Low,41,59,Insufficient Evidence,Central and defensive midfielders,1.1.0,2026-07-25 22:12:49 UTC,NA,NA,NA,Performance data through: 2026-07-25 (updates every day) · MLSPA compensation as of: 2026-04-16,FALSE,2026-07-25 22:12:44 UTC
KAqB9KxB5b,asa_KAqB9KxB5b_mls_blended,Brian Anunga,brian anunga,1996-08-10,Cameroon,CM,NA,29.88911704312115,mls,NWMWlBK5lz,CM,asa_live,TRUE,NA,mlspa_via_asa,455,262500,1926,262500,TRUE,0.3939393939393939,0.6060606060606061,blended,2025+2026 season to date,1622.2727272727273,0.054796383056196156,0.005737751345227982,-0.01580780839098596,0.01693199821984868,-2.220900594732348e-4,0.050111453655378904,-0.0019549217138002156,2026,262500,FC Cincinnati,0.13647524696350208,1,0.07684917511134931,0.08197245345466757,0.006120268101767772,22.22222222222222,-0.016861662284245283,12.560386473429952,0.018060798101736327,37.68115942028985,-2.3689606344552014e-4,37.68115942028985,0.05345221723407455,38.64734299516908,-0.002085249828118727,44.927536231884055,3.3816425120772946,262500,33.16326530612245,33.84615384615385,510300,-29.781622794045152,TRUE,FALSE,34.02061855670103,Medium,29.75,70.25,Below Expected Value by Current Model,Central and defensive midfielders,1.1.0,2026-07-25 22:12:49 UTC,65,65,282,Performance data through: 2026-07-25 (updates every day) · MLSPA compensation as of: 2026-04-16,FALSE,2026-07-25 22:12:44 UTC
KAqB9bKv5b,asa_KAqB9bKv5b_mls_blended,Joel Waterman,joel waterman,1996-01-24,Canada,CB,NA,30.43394934976044,mls,X0Oq66zq6D,CB,asa_live,TRUE,NA,mlspa_via_asa,861,598150,2512,598150,TRUE,0.5515695067264574,0.44843049327354256,blended,2025+2026 season to date,1987.4573991031389,0.15033881086352452,8.772426625101467e-4,0.06494728187467613,0.003517205816947321,9.740357112254551e-4,0.08046297898211582,-4.3993418395034964e-4,2026,598150,Chicago Fire FC,0.1396251547943452,1,0.14785444391559496,0.15771140684822976,9.357255067067311e-4,15.957446808510639,0.06927710066848612,78.19148936170212,0.003751686204861049,19.148936170212767,0.00103897142533962,43.08510638297872,0.08582717758360564,63.297872340425535,-4.6926312956170407e-4,77.12765957446808,59.57446808510638,598150,57.22222222222222,59.67032967032967,509583.5,2.3522458628841605,TRUE,FALSE,60.416666666666664,Medium,29.75,70.25,Fair Value,Center backs,1.1.0,2026-07-25 22:12:49 UTC,39,39,170,Performance data through: 2026-07-25 (updates every day) · MLSPA compensation as of: 2026-04-16,FALSE,2026-07-25 22:12:44 UTC
KAqBNEB7qb,asa_KAqBNEB7qb_mls_blended,Kieran Sargeant,kieran sargeant,2003-05-15,USA,FB,NA,23.129363449691994,mls,zeQZBOzQKw,FB,asa_live,TRUE,NA,mlspa_via_asa,564,122180,0,NA,FALSE,1,0,blended,2025+2026 season to date,564,-0.00579255319148936,0.01156914893617021,-0.00248936170212765,0.00813829787234042,-0.00221808510638297,-0.02034574468085106,-4.4680851063829785e-4,2026,122180,San Diego FC,0.11482828719990651,1,0.05638313773191057,0.060142013582584045,0.012340425532300529,50,-0.0026553191490191388,27.040816326530614,0.008680851064101058,15.306122448979592,-0.0023659574468824374,32.6530612244898,-0.021702127660252653,4.591836734693878,-0.00047659574469574465,54.59183673469388,3.061224489795918,122180,26.737967914438503,21.318681318681318,336500,-23.676743424642584,TRUE,FALSE,33.75,Low,37.75,62.25,Below Expected Value by Current Model,Fullbacks and wingbacks,1.1.0,2026-07-25 22:12:49 UTC,54,54,283,Performance data through: 2026-07-25 (updates every day) · MLSPA compensation as of: 2026-04-16,FALSE,2026-07-25 22:12:44 UTC
KAqBNEpWqb,asa_KAqBNEpWqb_mls_blended,Leonardo Campana,leonardo campana,2000-07-24,Ecuador,FW,NA,25.93566050650239,mls,19vQ2095K6,FW,asa_live,TRUE,NA,mlspa_via_asa,122,1617325,1841,1617325,TRUE,0.15,0.85,blended,2025+2026 season to date,1686.85,0.22440558855219456,0.0681477618186837,-0.02994299182554029,0.20752666761649494,-0.05327077207682924,0.03589250585480092,-0.003947582835415531,2026,1617325,New England Revolution,0.21844855740004673,1,0.22284264446260027,0.23769882076753504,0.07269094594220088,65.2482269503546,-0.03193919128157441,63.12056737588652,0.2213617787978455,65.2482269503546,-0.05682215688372688,25.53191489361702,0.03828533957965073,70.92198581560284,-0.004210755024574819,14.893617021276595,55.319148936170215,1617325,75.18796992481202,90.43956043956044,540000,-19.868820988641808,FALSE,TRUE,NA,Low,41,59,Small-Sample Watchlist,Strikers,1.1.0,2026-07-25 22:12:49 UTC,NA,NA,NA,Performance data through: 2026-07-25 (updates every day) · MLSPA compensation as of: 2026-04-16,FALSE,2026-07-25 22:12:44 UTC
KAqBNL8mqb,asa_KAqBNL8mqb_mls_blended,Nathan Harriel,nathan harriel,2001-04-23,USA,FB,NA,25.188227241615333,mls,9z5k7Yg5A3,FB,asa_live,TRUE,NA,mlspa_via_asa,1645,421300,2649,421300,TRUE,0.7014925373134329,0.29850746268656714,blended,2025+2026 season to date,2435.7462686567164,0.17881558507414394,0.01905973578153561,0.0398789086439667,0.05354794881763324,-0.02359872599468278,0.09012173656873375,-1.940187430425922e-4,2026,421300,Philadelphia Union,0.11482828719990651,1,0.16616881708798723,0.17724673823272533,0.020330384834273307,68.87755102040816,0.042537502554893775,80.10204081632654,0.05711781207392705,83.6734693877551,-0.025171974395114923,9.183673469387756,0.09612985234298672,89.28571428571429,-2.0695332591856564e-4,56.63265306122449,91.83673469387755,421300,58.8235294117647,45.494505494505496,336500,33.01320528211284,TRUE,FALSE,87.5,High,14,86,Strong Value,Fullbacks and wingbacks,1.1.0,2026-07-25 22:12:49 UTC,11,11,57,Performance data through: 2026-07-25 (updates every day) · MLSPA compensation as of: 2026-04-16,FALSE,2026-07-25 22:12:44 UTC
KAqBNbaWqb,asa_KAqBNbaWqb_mls_blended,Efrain Morales,efrain morales,2004-03-04,USA,CB,NA,22.324435318275153,mls,APk5LGOMOW,CB,asa_live,TRUE,NA,mlspa_via_asa,1040,451250,999,451250,TRUE,0.5977011494252874,0.4022988505747126,blended,2025+2026 season to date,1441.896551724138,0.13498907010458736,0.015193709226467839,0.06490926788857823,0.054867898933416176,-0.022168458113285702,0.025710137723930823,-0.003523485554520033,2026,451250,CF Montréal,0.1396251547943452,1,0.13635135793033737,0.14544144846357157,0.016206623175405485,81.38297872340425,0.06923655241664708,77.65957446808511,0.058525758864139514,93.08510638297872,-0.02364635532157703,6.382978723404255,0.027424146906383215,11.170212765957446,-0.0037583845916054847,52.659574468085104,39.8936170212766,451250,44.44444444444444,49.23076923076923,509583.5,-4.550827423167846,TRUE,FALSE,46.875,High,20.75,79.25,Fair Value,Center backs,1.1.0,2026-07-25 22:12:49 UTC,52,52,228,Performance data through: 2026-07-25 (updates every day) · MLSPA compensation as of: 2026-04-16,FALSE,2026-07-25 22:12:44 UTC
KAqBNdyZqb,asa_KAqBNdyZqb_mls_blended,Kelvin Yeboah,kelvin yeboah,2000-05-06,Italy,FW,NA,26.151950718685832,mls,kRQand1MKZ,FW,asa_live,TRUE,NA,mlspa_via_asa,1388,1562700,2491,1562700,TRUE,0.6647509578544061,0.3352490421455939,blended,2025+2026 season to date,2223.1053639846746,0.24736052201719294,0.07035259866554078,-0.04832623652043909,0.22807284327025565,-6.821834466147077e-4,-0.007713667478785692,0.005657167527235975,2026,1562700,Minnesota United FC,0.21844855740004673,1,0.2412158067006512,0.2572968604887351,0.07504277191225525,68.08510638297872,-0.05154798562341257,41.843971631205676,0.2432776994958751,73.04964539007092,-7.276623430784277e-4,69.50354609929079,-0.008227911977628528,3.5460992907801416,0.006034312029240279,57.4468085106383,68.79432624113475,1562700,74.43609022556392,90,540000,-5.641763984429161,TRUE,FALSE,54.3859649122807,High,20.75,79.25,Fair Value,Strikers,1.1.0,2026-07-25 22:12:49 UTC,27,27,196,Performance data through: 2026-07-25 (updates every day) · MLSPA compensation as of: 2026-04-16,FALSE,2026-07-25 22:12:44 UTC
KAqBNnYXqb,asa_KAqBNnYXqb_mls_blended,Malte Amundsen,malte amundsen,1998-02-11,Denmark,FB,NA,28.383299110198493,mls,mvzqoLZQap,FB,asa_live,TRUE,NA,mlspa_via_asa,1155,747500,2271,747500,TRUE,0.6226415094339622,0.37735849056603776,blended,2025+2026 season to date,2011.9811320754718,0.13288158321078736,0.005618313886208496,0.040595391084825544,0.009643501265813766,0.004696126360616277,0.07352163847219303,-0.0011933878588697763,2026,747500,Columbus Crew,0.11482828719990651,1,0.128734548045215,0.1373168512525205,0.0059928681454763395,27.551020408163264,0.04330175049183376,80.61224489795919,0.0102864013505228,17.346938775510203,0.005009201451480567,52.04081632653061,0.07842308103945662,80.61224489795919,-0.0012729470495008743,46.93877551020408,67.34693877551021,747500,86.63101604278074,70.54945054945055,336500,-19.284077267270533,TRUE,FALSE,40,High,20.75,79.25,Below Expected Value by Current Model,Fullbacks and wingbacks,1.1.0,2026-07-25 22:12:49 UTC,49,49,257,Performance data through: 2026-07-25 (updates every day) · MLSPA compensation as of: 2026-04-16,FALSE,2026-07-25 22:12:44 UTC
KAqBNnrVqb,asa_KAqBNnrVqb_mls_blended,Jesús Bueno,jesus bueno,1999-04-15,Venezuela,CM,NA,27.21149897330595,mls,9z5k7Yg5A3,CM,asa_live,TRUE,NA,mlspa_via_asa,556,359125,1067,359125,TRUE,0.4426751592356688,0.5573248407643312,blended,2025+2026 season to date,1150.6656050955414,0.12983797733391433,0.034778650481437925,0.012574851210907425,0.036778196801556834,0.005833527838633228,0.06460003865233198,-0.024727287650953025,2026,359125,Philadelphia Union,0.13647524696350208,1,0.13211274743630366,0.140920263936461,0.03709722718135974,86.95652173913044,0.013413174625387082,44.44444444444444,0.03923007658955323,71.4975845410628,0.006222429694736561,55.072463768115945,0.06890670789797411,64.73429951690821,-0.026375773495174136,6.763285024154589,46.3768115942029,359125,40.30612244897959,41.42857142857143,510300,6.070689145223305,TRUE,FALSE,65.97938144329896,Medium,29.75,70.25,Fair Value,Central and defensive midfielders,1.1.0,2026-07-25 22:12:49 UTC,34,34,147,Performance data through: 2026-07-25 (updates every day) · MLSPA compensation as of: 2026-04-16,FALSE,2026-07-25 22:12:44 UTC
KAqBNr8Jqb,asa_KAqBNr8Jqb_mls_blended,Kosi Thompson,kosi thompson,2003-01-27,Canada,FB,NA,23.42505133470226,mls,pzeQZ6xQKw,FB,asa_live,TRUE,NA,mlspa_via_asa,880,145260,2380,145260,TRUE,0.5569620253164557,0.44303797468354433,blended,2025+2026 season to date,1934.4303797468356,0.07891284437825763,0.006718168279970212,0.009603127326880118,0.009071370067014143,0.001036708860759491,0.060577103499627694,-0.008093633655994043,2026,145260,Colorado Rapids,0.11482828719990651,1,0.08741545145919938,0.09324314822605985,0.007166046165525498,30.612244897959183,0.010243335815658897,44.38775510204081,0.009676128071784132,16.836734693877553,0.0011058227848446806,45.40816326530612,0.06461557706828877,63.775510204081634,-0.008633209233330101,21.428571428571427,14.795918367346939,145260,32.085561497326204,25.164835164835164,336500,-17.289643129979265,TRUE,FALSE,43.75,Medium,29.75,70.25,Below Expected Value by Current Model,Fullbacks and wingbacks,1.1.0,2026-07-25 22:12:49 UTC,46,46,242,Performance data through: 2026-07-25 (updates every day) · MLSPA compensation as of: 2026-04-16,FALSE,2026-07-25 22:12:44 UTC
KAqBNrRXqb,asa_KAqBNrRXqb_mls_blended,Noah Eile,noah eile,2002-07-19,Sweden,CB,NA,22.951403148528406,mls,a2lqRX2Mr0,CB,asa_live,TRUE,NA,mlspa_via_asa,0,NA,2944,493200,TRUE,0,1,blended,2025+2026 season to date,2944,0.2563868885869565,0.0121273777173913,0.06424422554347826,0.01743138586956522,0.03137771739130435,0.1336304347826087,-0.0024242527173913,2026,493200,New York Red Bulls,0.1396251547943452,1,0.2366191006988169,0.25239370741995865,0.012935869565621634,72.34042553191489,0.06852717391518495,77.12765957446808,0.018593478261450615,56.38297872340426,0.033469565218437226,97.87234042553192,0.14253913043923694,89.8936170212766,-0.002585869565298195,56.91489361702128,99.46808510638297,493200,47.77777777777778,51.53846153846154,509583.5,51.69030732860519,FALSE,FALSE,NA,Low,41,59,Insufficient Evidence,Center backs,1.1.0,2026-07-25 22:12:49 UTC,NA,NA,NA,Performance data through: 2026-07-25 (updates every day) · MLSPA compensation as of: 2026-04-16,FALSE,2026-07-25 22:12:44 UTC
KAqBjOz4qb,asa_KAqBjOz4qb_mls_blended,Brad Smith,brad smith,1994-04-09,Australia,FB,NA,31.227926078028748,mls,NWMWlBK5lz,FB,asa_live,TRUE,NA,mlspa_via_asa,0,NA,416,114000,TRUE,0,1,blended,2025+2026 season to date,416,0.0417764423076923,0.01040624999999999,-0.012959134615384612,0.05030048076923077,-0.04742307692307693,0.04406971153846154,-0.00261778846153846,2026,114000,FC Cincinnati,0.11482828719990651,1,0.08491729559049598,0.09057844863269295,0.011100000000346864,45.40816326530612,-0.013823076923508891,19.387755102040817,0.053653846155522836,80.10204081632654,-0.05058461538619616,4.591836734693878,0.0470076923091613,38.265306122448976,-0.0027923076923949504,41.83673469387755,12.244897959183673,114000,20.855614973262032,17.912087912087912,336500,-8.610717014078359,FALSE,FALSE,NA,Low,41,59,Insufficient Evidence,Fullbacks and wingbacks,1.1.0,2026-07-25 22:12:49 UTC,NA,NA,NA,Performance data through: 2026-07-25 (updates every day) · MLSPA compensation as of: 2026-04-16,FALSE,2026-07-25 22:12:44 UTC
KAqBjWZBqb,asa_KAqBjWZBqb_mls_blended,Jonathan Osorio,jonathan osorio,1992-06-12,Canada,CM,NA,34.050650239561946,mls,kRQabn8MKZ,CM,asa_live,TRUE,NA,mlspa_via_asa,1554,1083333,2150,1083333,TRUE,0.6894409937888198,0.31055900621118016,blended,2025+2026 season to date,2221.7018633540374,0.11406800313654278,0.009935453251067868,0.021888528920162603,0.03193596912981572,-0.008050525164565319,0.0695552299787458,-0.011196652978683889,2026,1083333,Toronto FC,0.13647524696350208,1,0.1188326263842288,0.1267548014804718,0.01059781680147024,33.333333333333336,0.023347764182236393,56.03864734299517,0.034065033739534636,64.73429951690821,-0.008587226842471358,20.28985507246377,0.0741922453129807,74.8792270531401,-0.01194309651096937,16.908212560386474,29.468599033816425,1083333,88.77551020408163,84.06593406593407,510300,-59.3069111702652,TRUE,FALSE,9.278350515463918,High,14,86,Below Expected Value by Current Model,Central and defensive midfielders,1.1.0,2026-07-25 22:12:49 UTC,89,89,387,Performance data through: 2026-07-25 (updates every day) · MLSPA compensation as of: 2026-04-16,FALSE,2026-07-25 22:12:44 UTC
KAqBjYjvqb,asa_KAqBjYjvqb_mls_blended,Derrick Williams,derrick williams,1993-01-17,Republic of Ireland,CB,NA,32.4517453798768,mls,KAqBN0Vqbg,CB,asa_live,TRUE,NA,mlspa_via_asa,0,NA,1485,497500,TRUE,0,1,blended,2025+2026 season to date,1485,0.14904848484848485,0.01798181818181818,0.06699393939393938,0.02977575757575757,3.1515151515151515e-4,0.03474545454545454,-7.636363636363636e-4,2026,497500,Atlanta United FC,0.1396251547943452,1,0.1463367351926173,0.15609251754366968,0.01918060606120545,85.1063829787234,0.07146020202243514,80.31914893617021,0.0317608080818006,78.19148936170212,3.361616161721212e-4,38.829787234042556,0.03706181818297635,16.48936170212766,-8.14545454570909e-4,74.46808510638297,57.4468085106383,497500,49.44444444444444,52.1978021978022,509583.5,8.002364066193856,FALSE,FALSE,NA,Low,41,59,Insufficient Evidence,Center backs,1.1.0,2026-07-25 22:12:49 UTC,NA,NA,NA,Performance data through: 2026-07-25 (updates every day) · MLSPA compensation as of: 2026-04-16,FALSE,2026-07-25 22:12:44 UTC
KAqBjgDAqb,asa_KAqBjgDAqb_mls_blended,Ramiro,ramiro,1993-05-22,Brazil,CM,NA,33.1088295687885,mls,mKAqBBmqbg,CM,asa_live,TRUE,NA,mlspa_via_asa,1094,575000,2761,575000,TRUE,0.6098104793756968,0.39018952062430323,blended,2025+2026 season to date,2171.313266443701,0.121560138891076,0.007103726171628471,0.05157039643190691,0.009341473267768085,9.46439841121982e-4,0.055797870845593,-0.003199767666942445,2026,575000,FC Dallas,0.13647524696350208,1,0.12478931725637124,0.1331086050776223,0.007577307916640494,24.154589371980677,0.05500842286241972,80.19323671497584,0.00996423815259734,19.32367149758454,0.0010095358305616622,42.028985507246375,0.05951772890382579,46.85990338164251,-0.0034130855115119337,36.71497584541063,34.29951690821256,575000,56.12244897959184,58.51648351648352,510300,-21.822932071379277,TRUE,FALSE,40.20618556701031,High,20.75,79.25,Below Expected Value by Current Model,Central and defensive midfielders,1.1.0,2026-07-25 22:12:49 UTC,59,59,256,Performance data through: 2026-07-25 (updates every day) · MLSPA compensation as of: 2026-04-16,FALSE,2026-07-25 22:12:44 UTC
KAqBjoBvqb,asa_KAqBjoBvqb_mls_blended,Ryan Kent,ryan kent,1996-11-11,England,W,NA,28.635181382614647,mls,jYQJ19EqGR,W,asa_live,TRUE,NA,mlspa_via_asa,0,NA,675,959500,TRUE,0,1,blended,2025+2026 season to date,675,0.19012000000000004,0.01230666666666666,0.00199999999999999,0.04886666666666666,0.053160000000000006,0.07438666666666667,-6e-4,2026,959500,Seattle Sounders FC,0.19903356584128315,1,0.1943146192194274,0.20726892717386636,0.013127111111521325,15.720524017467248,0.0021333333333999893,57.64192139737991,0.05212444444607333,20.524017467248907,0.056704000001772004,80.78602620087337,0.07934577778025734,93.44978165938865,-6.400000000199999e-4,30.56768558951965,45.414847161572055,959500,71.96261682242991,81.31868131868131,527437.5,-26.547769660857853,FALSE,FALSE,NA,Low,41,59,Insufficient Evidence,Wingers and attacking midfielders,1.1.0,2026-07-25 22:12:49 UTC,NA,NA,NA,Performance data through: 2026-07-25 (updates every day) · MLSPA compensation as of: 2026-04-16,FALSE,2026-07-25 22:12:44 UTC
KAqBk0bZQb,asa_KAqBk0bZQb_mls_blended,Jude Terry,jude terry,2008-10-08,USA,CM,NA,17.727583846680357,mls,eVq3ya6MWO,CM,asa_live,TRUE,NA,mlspa_via_asa,226,149798,0,NA,FALSE,1,0,blended,2025+2026 season to date,226,0.11226106194690263,0.0267212389380531,-0.00183185840707964,0.00334513274336283,0.03341150442477876,0.05180973451327433,-0.00119469026548672,2026,149798,Los Angeles FC,0.13647524696350208,1,0.12985005832699908,0.13850672888646068,0.028502654868147344,78.74396135265701,-0.001953982300946011,24.63768115942029,0.003568141593031856,6.763285024154589,0.03563893805421106,89.85507246376811,0.05526371681588627,41.06280193236715,-0.0012743362832256578,47.34299516908212,42.51207729468599,149798,22.448979591836736,25.604395604395606,510300,20.06309770284925,FALSE,TRUE,NA,Low,49,51,Small-Sample Watchlist,Central and defensive midfielders,1.1.0,2026-07-25 22:12:49 UTC,NA,NA,NA,Performance data through: 2026-07-25 (updates every day) · MLSPA compensation as of: 2026-04-16,FALSE,2026-07-25 22:12:44 UTC
KAqBk1yAQb,asa_KAqBk1yAQb_mls_blended,Alex Bonetig,alex bonetig,2002-08-20,Australia,CB,NA,23.863107460643395,mls,WBLMvYAQxe,CB,asa_live,TRUE,NA,mlspa_via_asa,734,261000,0,NA,FALSE,1,0,blended,2025+2026 season to date,734,0.08114713896457766,0.00595912806539509,0.04079427792915531,0.01318119891008174,-0.03779019073569482,0.05637874659400545,0.00262397820163487,2026,261000,Portland Timbers FC,0.1396251547943452,1,0.10744909510990039,0.11461236812080872,0.0063564032699534,36.170212765957444,0.04351389645912548,41.48936170212766,0.014059945504526564,42.02127659574468,-0.04030953678600081,2.6595744680851063,0.06013732970215177,35.638297872340424,0.0027989100818313272,93.61702127659575,14.893617021276595,261000,30,33.51648351648352,509583.5,-15.106382978723405,TRUE,FALSE,34.375,Low,37.75,62.25,Below Expected Value by Current Model,Center backs,1.1.0,2026-07-25 22:12:49 UTC,64,64,281,Performance data through: 2026-07-25 (updates every day) · MLSPA compensation as of: 2026-04-16,FALSE,2026-07-25 22:12:44 UTC
KAqBkLmZQb,asa_KAqBkLmZQb_mls_blended,Morgan Guilavogui,morgan guilavogui,1998-03-10,Guinea,W,NA,28.309377138945926,mls,a2lqR4JMr0,W,asa_live,TRUE,NA,mlspa_via_asa,1030,2225500,0,NA,FALSE,1,0,blended,2025+2026 season to date,1030,0.3109718446601942,0.08221456310679612,0.01435631067961165,0.14067087378640775,0.04257961165048544,0.03468932038834952,-0.00353883495145631,2026,2225500,Real Salt Lake,0.19903356584128315,1,0.2697675702483251,0.287752074940539,0.08769553398332301,92.13973799126637,0.01531339805873097,68.12227074235808,0.15004893204352396,84.71615720524018,0.04541825242860379,73.79912663755458,0.03700194174872913,48.03493449781659,-0.0037747572816713582,17.903930131004365,90.39301310043668,2225500,86.44859813084112,93.07692307692308,527437.5,3.944414969595556,TRUE,FALSE,66.66666666666667,Medium,28.75,71.25,Fair Value,Wingers and attacking midfielders,1.1.0,2026-07-25 22:12:49 UTC,32,32,144,Performance data through: 2026-07-25 (updates every day) · MLSPA compensation as of: 2026-04-16,FALSE,2026-07-25 22:12:44 UTC
KAqBkYpWQb,asa_KAqBkYpWQb_mls_blended,Kristian Fletcher,kristian fletcher,2005-08-06,USA,FW,NA,19.90143737166325,mls,EKXMeX3Q64,FW,asa_live,TRUE,NA,mlspa_via_asa,0,NA,102,169509,TRUE,0,1,blended,2025+2026 season to date,102,0.04358823529411764,0.04994117647058823,-0.012529411764705877,0.05717647058823529,-0.04791176470588235,-4.4117647058823526e-4,-0.00264705882352941,2026,169509,D.C. United,0.21844855740004673,1,0.19304150205132198,0.2059109355278448,0.05327058823695882,39.00709219858156,-0.013364705882770583,76.59574468085107,0.06098823529602352,7.092198581560283,-0.05110588235453823,29.78723404255319,-4.705882353088235e-4,6.382978723404255,-0.0028235294118529393,19.858156028368793,30.49645390070922,169509,30.075187969924812,27.582417582417584,540000,0.42126593078440777,FALSE,FALSE,NA,Low,41,59,Insufficient Evidence,Strikers,1.1.0,2026-07-25 22:12:49 UTC,NA,NA,NA,Performance data through: 2026-07-25 (updates every day) · MLSPA compensation as of: 2026-04-16,FALSE,2026-07-25 22:12:44 UTC
KAqBka7BQb,asa_KAqBka7BQb_mls_blended,Michael Wentzel,michael wentzel,2002-04-10,Germany,CB,NA,23.225188227241617,mls,wvq9B9wQWn,CB,asa_live,TRUE,NA,mlspa_via_asa,0,NA,123,80622,TRUE,0,1,blended,2025+2026 season to date,123,0.5141707317073171,0.02239024390243902,0.05773170731707317,0.10009756097560976,0.00263414634146341,0.33095121951219514,3.6585365853658537e-4,2026,80622,St. Louis City SC,0.1396251547943452,1,0.20334452680028647,0.2169008285937504,0.02388292683001463,91.48936170212765,0.06158048780680244,67.02127659574468,0.10677073171065367,98.40425531914893,0.0028097560976487754,50,0.35301463415737316,98.93617021276596,3.902439024512195e-4,83.51063829787235,95.74468085106383,80622,1.3888888888888888,1.043956043956044,509583.5,94.35579196217495,FALSE,FALSE,NA,Low,41,59,Insufficient Evidence,Center backs,1.1.0,2026-07-25 22:12:49 UTC,NA,NA,NA,Performance data through: 2026-07-25 (updates every day) · MLSPA compensation as of: 2026-04-16,FALSE,2026-07-25 22:12:44 UTC
KAqBkxoBQb,asa_KAqBkxoBQb_mls_blended,Tanner Rosborough,tanner rosborough,2008-03-21,USA,W,NA,18.27789185489391,mls,a2lqRX2Mr0,W,asa_live,TRUE,NA,mlspa_via_asa,93,105043,0,NA,FALSE,1,0,blended,2025+2026 season to date,93,0.08903225806451612,0.1220322580645161,-0.0974516129032258,0.04799999999999999,-0.00106451612903225,0.01674193548387096,7.741935483870969e-4,2026,105043,New York Red Bulls,0.19903356584128315,1,0.18427148557686854,0.19655625128813548,0.13016774193955158,98.68995633187772,-0.10394838710002258,3.493449781659389,0.051200000001599986,18.777292576419214,-0.0011354838710032173,34.06113537117904,0.01785806451668709,20.96069868995633,8.258064516387097e-4,47.59825327510917,35.80786026200873,105043,14.953271028037383,14.175824175824175,527437.5,20.854589233971346,FALSE,TRUE,NA,Low,49,51,Small-Sample Watchlist,Wingers and attacking midfielders,1.1.0,2026-07-25 22:12:49 UTC,NA,NA,NA,Performance data through: 2026-07-25 (updates every day) · MLSPA compensation as of: 2026-04-16,FALSE,2026-07-25 22:12:44 UTC
KAqBlEZMbg,asa_KAqBlEZMbg_mls_blended,Maya Yoshida,maya yoshida,1988-08-24,Japan,CB,NA,37.8507871321013,mls,kaDQ0wRqEv,CB,asa_live,TRUE,NA,mlspa_via_asa,671,715781,2637,715781,TRUE,0.4894237782640408,0.5105762217359592,blended,2025+2026 season to date,2017.3894967177243,0.24027413287926652,0.02412493060793671,0.06790396387380726,0.054533331839692514,0.014524514380027033,0.08004737081873922,-8.599786409362097e-4,2026,715781,LA Galaxy,0.1396251547943452,1,0.21720175984243623,0.23168187717250535,0.025733259315936657,93.61702127659575,0.07243089480099121,81.91489361702128,0.05816888729748979,92.55319148936171,0.015492815339179651,88.82978723404256,0.08538386220932341,62.765957446808514,-9.173105503606229e-4,72.87234042553192,98.93617021276596,715781,65,68.02197802197803,509583.5,33.93617021276596,TRUE,FALSE,84.375,Medium,29.75,70.25,Strong Value,Center backs,1.1.0,2026-07-25 22:12:49 UTC,16,16,69,Performance data through: 2026-07-25 (updates every day) · MLSPA compensation as of: 2026-04-16,FALSE,2026-07-25 22:12:44 UTC
KAqBvrrVqb,asa_KAqBvrrVqb_mls_blended,Kenji Mboma Dem,kenji mboma dem,2002-01-22,France,FW,NA,24.438056125941134,mls,NWMWlBK5lz,FW,asa_live,TRUE,NA,mlspa_via_asa,806,88025,104,88025,TRUE,0.5351925630810093,0.46480743691899074,blended,2025+2026 season to date,854.339973439575,0.20548230156297886,0.03221115537848606,-0.002560756972111557,0.06874854428440086,0.03256305547042598,0.07482508427827152,-3.047808764940239e-4,2026,88025,FC Cincinnati,0.21844855740004673,1,0.21083163778719147,0.2248870803133653,0.034358565738125506,17.73049645390071,-0.0027314741036710195,83.68794326241135,0.0733317805723192,10.638297872340425,0.034733925836206485,90.78014184397163,0.07981342323265045,96.45390070921985,-0.00032509960160378483,27.659574468085108,44.680851063829785,88025,6.7669172932330826,4.34065934065934,540000,37.9139337705967,TRUE,FALSE,94.73684210526316,Medium,29.75,70.25,Fair Value,Strikers,1.1.0,2026-07-25 22:12:49 UTC,4,4,26,Performance data through: 2026-07-25 (updates every day) · MLSPA compensation as of: 2026-04-16,FALSE,2026-07-25 22:12:44 UTC
KAqBvvRmqb,asa_KAqBvvRmqb_mls_blended,Shakur Mohammed,shakur mohammed,2003-08-27,Ghana,W,NA,22.844626967830255,mls,vzqoOgNqap,W,asa_live,TRUE,NA,mlspa_via_asa,287,89692,21,89692,TRUE,0.2907801418439716,0.7092198581560284,blended,2025+2026 season to date,301.8936170212766,0.37565349544072946,0.0159483282674772,-0.02586322188449848,0.07502127659574466,0.006708206686930092,0.3059088145896657,-0.0020699088145896645,2026,89692,Nashville SC,0.19903356584128315,1,0.2581540966650002,0.2753643697846054,0.017011550152507292,17.903930131004365,-0.027587436677660487,29.694323144104803,0.08002269503796168,44.97816593886463,0.007155420466282372,43.23144104803494,0.326302735572507,98.68995633187772,-0.0022079027356313057,22.270742358078603,88.20960698689956,89692,7.4766355140186915,6.813186813186813,527437.5,80.73297147288086,FALSE,TRUE,NA,Low,41,59,Small-Sample Watchlist,Wingers and attacking midfielders,1.1.0,2026-07-25 22:12:49 UTC,NA,NA,NA,Performance data through: 2026-07-25 (updates every day) · MLSPA compensation as of: 2026-04-16,FALSE,2026-07-25 22:12:44 UTC
KAqBxEWMbg,asa_KAqBxEWMbg_mls_blended,Wilfried Zaha,wilfried zaha,1992-11-10,Ivory Coast,W,NA,33.637234770705,mls,NPqxKXZ59d,W,asa_live,TRUE,NA,mlspa_via_asa,1301,2751667,3262,2751667,TRUE,0.6501749125437282,0.34982508745627183,blended,2025+2026 season to date,2442.129435282359,0.2554526320530721,0.05537283718655693,0.028836105552374022,0.08929358282232273,0.036807877177291184,0.026783625354704618,0.018358603959822656,2026,2751667,Charlotte FC,0.19903356584128315,1,0.24432508457449764,0.26061342355427497,0.059064359667506484,71.17903930131004,0.03075851259016016,80.349344978165945,0.09524648834678737,59.38864628820961,0.03926173565700419,72.92576419213974,0.02856920037924438,31.004366812227076,0.019582510891089453,87.77292576419214,83.4061135371179,2751667,90.18691588785046,94.83516483516483,527437.5,-6.780802350732557,TRUE,FALSE,45.16129032258065,High,20.75,79.25,Fair Value,Wingers and attacking midfielders,1.1.0,2026-07-25 22:12:49 UTC,52,52,235,Performance data through: 2026-07-25 (updates every day) · MLSPA compensation as of: 2026-04-16,FALSE,2026-07-25 22:12:44 UTC
KPqj71NyQ6,asa_KPqj71NyQ6_mls_blended,Sam Surridge,sam surridge,1998-07-28,England,FW,NA,27.926078028747433,mls,vzqoOgNqap,FW,asa_live,TRUE,NA,mlspa_via_asa,726,5933000,3545,5933000,TRUE,0.5091164095371669,0.49088359046283314,blended,2025+2026 season to date,2466.1823281907436,0.3297515810546431,0.09191706905999206,-0.0720594994827078,0.24480916170969524,0.00729346688637573,0.021927259617381806,0.03586412326390605,2026,5933000,Nashville SC,0.21844855740004673,1,0.3079714626387354,0.3285028934915835,0.09804487366705543,87.94326241134752,-0.07686346611729031,21.98581560283688,0.2611297724985019,79.43262411347517,0.0077796980123772275,75.88652482269504,0.023389076925938168,36.87943262411348,0.03825506481602859,95.0354609929078,92.90780141843972,5933000,98.49624060150376,98.9010989010989,540000,-5.58843918306404,TRUE,FALSE,57.89473684210526,Medium,29.75,70.25,Fair Value,Strikers,1.1.0,2026-07-25 22:12:49 UTC,25,25,181,Performance data through: 2026-07-25 (updates every day) · MLSPA compensation as of: 2026-04-16,FALSE,2026-07-25 22:12:44 UTC
KPqj74g4Q6,asa_KPqj74g4Q6_mls_blended,Rominigue Kouame,rominigue kouame,1996-12-17,Mali,CM,NA,28.536618754277892,mls,X0Oq66zq6D,CM,asa_live,TRUE,NA,mlspa_via_asa,0,NA,782,693755,TRUE,0,1,blended,2025+2026 season to date,782,0.20795524296675194,0.04505754475703325,0.007607416879795389,0.03578132992327366,0.0719309462915601,0.0597774936061381,-0.01219948849104859,2026,693755,Chicago Fire FC,0.13647524696350208,1,0.17692195960788804,0.18871675692097797,0.04806138107567071,94.20289855072464,0.008114578005368663,39.130434782608695,0.03816675191935128,69.56521739130434,0.07672634271339514,97.10144927536231,0.06376265984853989,55.55555555555556,-0.013012787724191812,15.458937198067632,87.43961352657004,693755,65.81632653061224,66.81318681318682,510300,21.6232869959578,FALSE,FALSE,NA,Low,41,59,Insufficient Evidence,Central and defensive midfielders,1.1.0,2026-07-25 22:12:49 UTC,NA,NA,NA,Performance data through: 2026-07-25 (updates every day) · MLSPA compensation as of: 2026-04-16,FALSE,2026-07-25 22:12:44 UTC
KPqj7K72Q6,asa_KPqj7K72Q6_mls_blended,Cedric Teuchert,cedric teuchert,1997-01-14,Germany,W,NA,29.45927446954141,mls,wvq9B9wQWn,W,asa_live,TRUE,NA,mlspa_via_asa,348,1542500,1365,1542500,TRUE,0.3320610687022901,0.66793893129771,blended,2025+2026 season to date,1259.7366412213742,0.22706172930123314,0.05555086611861422,-0.02042858191426894,0.09132824427480918,0.05318614210217264,0.026560701702877276,0.020864357017028767,2026,1542500,St. Louis City SC,0.19903356584128315,1,0.2180191058978863,0.2325537129650127,0.0592542571950402,72.48908296943232,-0.021790487375901155,34.49781659388646,0.09741679389617407,62.00873362445415,0.056731884910757015,81.22270742358079,0.02833141515062112,30.56768558951965,0.02225531415219283,88.20960698689956,70.3056768558952,1542500,81.30841121495327,89.78021978021978,527437.5,-11.002734359058067,FALSE,TRUE,NA,Low,41,59,Small-Sample Watchlist,Wingers and attacking midfielders,1.1.0,2026-07-25 22:12:49 UTC,NA,NA,NA,Performance data through: 2026-07-25 (updates every day) · MLSPA compensation as of: 2026-04-16,FALSE,2026-07-25 22:12:44 UTC
KPqj7OVPQ6,asa_KPqj7OVPQ6_mls_blended,Fabian Herbers,fabian herbers,1993-08-17,Germany,CM,NA,32.87063655030801,mls,APk5LGOMOW,CM,asa_live,TRUE,NA,mlspa_via_asa,233,440000,820,440000,TRUE,0.2497320471596999,0.7502679528403001,blended,2025+2026 season to date,848.2197213290461,0.1898632264136146,0.02624382401380284,0.02001725354874127,0.06541769272998196,0.031283664026350876,0.04566488902831151,0.0012359030664261606,2026,440000,CF Montréal,0.13647524696350208,1,0.1677444918056708,0.17892745793164033,0.02799341228226449,77.77777777777777,0.021351737119324594,52.65700483091788,0.06977887224749468,89.3719806763285,0.03336924162915039,89.3719806763285,0.04870921496505444,29.468599033816425,0.0013182966042291013,71.01449275362319,82.1256038647343,440000,45.40816326530612,47.527472527472526,510300,36.71744059942818,FALSE,TRUE,NA,Low,41,59,Small-Sample Watchlist,Central and defensive midfielders,1.1.0,2026-07-25 22:12:49 UTC,NA,NA,NA,Performance data through: 2026-07-25 (updates every day) · MLSPA compensation as of: 2026-04-16,FALSE,2026-07-25 22:12:44 UTC
KPqj7VbYQ6,asa_KPqj7VbYQ6_mls_blended,Matías Rojas,matias rojas,1995-11-03,Paraguay,W,NA,29.659137577002053,mls,WBLMvYAQxe,W,asa_live,TRUE,NA,mlspa_via_asa,0,NA,422,743262,TRUE,0,1,blended,2025+2026 season to date,422,0.19499289099526068,0.07895260663507109,0.02367298578199052,0.08360189573459716,-0.01874644549763033,0.03186255924170616,-0.00435071090047393,2026,743262,Portland Timbers FC,0.19903356584128315,1,0.19736510714752437,0.21052278096393814,0.08421611374670758,90.82969432314411,0.025251184834912323,76.85589519650655,0.0891753554530237,53.711790393013104,-0.019996208531430568,19.213973799126638,0.03398672985888199,42.35807860262009,-0.0046407582939838815,14.410480349344978,51.09170305676856,743262,65.88785046728972,70.10989010989012,527437.5,-14.796147410521165,FALSE,FALSE,NA,Low,41,59,Insufficient Evidence,Wingers and attacking midfielders,1.1.0,2026-07-25 22:12:49 UTC,NA,NA,NA,Performance data through: 2026-07-25 (updates every day) · MLSPA compensation as of: 2026-04-16,FALSE,2026-07-25 22:12:44 UTC
KPqj7Y0BQ6,asa_KPqj7Y0BQ6_mls_blended,Matty Longstaff,matty longstaff,2000-03-21,England,CM,NA,26.27789185489391,mls,APk5LGOMOW,CM,asa_live,TRUE,NA,mlspa_via_asa,1470,435869,1702,435869,TRUE,0.6774193548387096,0.32258064516129037,blended,2025+2026 season to date,2019.032258064516,0.18281328770164676,0.024737599029604637,0.03760815413690588,0.036445450459475705,0.01595124954648096,0.06670197598921301,0.0013688585399665302,2026,435869,CF Montréal,0.13647524696350208,1,0.17219760156136482,0.18367744167119573,0.026386772299069532,73.91304347826087,0.04011536441395321,75.3623188405797,0.03887514715798893,71.01449275362319,0.01701466618344473,78.26086956521739,0.07114877439071728,68.59903381642512,0.0014601157760099274,71.98067632850241,83.57487922705315,435869,44.89795918367347,47.032967032967036,510300,38.676920043379674,TRUE,FALSE,91.75257731958763,High,20.75,79.25,Elite Value,Central and defensive midfielders,1.1.0,2026-07-25 22:12:49 UTC,9,9,37,Performance data through: 2026-07-25 (updates every day) · MLSPA compensation as of: 2026-04-16,FALSE,2026-07-25 22:12:44 UTC
KPqj7daPQ6,asa_KPqj7daPQ6_mls_blended,DeJuan Jones,dejuan jones,1997-06-24,USA,FB,NA,29.018480492813143,mls,0KPqjA456v,FB,asa_live,TRUE,NA,mlspa_via_asa,383,898246,1566,898246,TRUE,0.3536472760849492,0.6463527239150508,blended,2025+2026 season to date,1395.1883656509694,0.11552300442576499,0.0057150847475615826,0.03905234501862642,0.03343607051506565,-0.0055888708462020166,0.04901675847210282,-0.0061083834813895,2026,898246,San Jose Earthquakes,0.11482828719990651,1,0.11531408664001042,0.12300169241985491,0.006096090397589524,28.06122448979592,0.041655834687836596,79.59183673469387,0.035665141883851226,64.79591836734694,-0.005961462236135113,27.040816326530614,0.0522845423718769,46.42857142857143,-0.006515609047019079,26.53061224489796,50,898246,91.97860962566845,78.68131868131869,336500,-41.978609625668454,FALSE,TRUE,NA,Low,41,59,Small-Sample Watchlist,Fullbacks and wingbacks,1.1.0,2026-07-25 22:12:49 UTC,NA,NA,NA,Performance data through: 2026-07-25 (updates every day) · MLSPA compensation as of: 2026-04-16,FALSE,2026-07-25 22:12:44 UTC
KPqj7jY4Q6,asa_KPqj7jY4Q6_mls_blended,Mark-Anthony Kaye,markanthony kaye,1994-12-02,Canada,CM,NA,30.57905544147844,mls,0KPqjA456v,CM,asa_live,TRUE,NA,mlspa_via_asa,0,NA,1200,800000,TRUE,0,1,blended,2025+2026 season to date,1200,0.202065,0.031162499999999992,0.0258525,0.050085,0.01061249999999999,0.07872000000000001,0.0056325,2026,800000,San Jose Earthquakes,0.13647524696350208,1,0.18020174898783403,0.19221519892636302,0.033240000001038744,85.02415458937197,0.02757600000086175,59.42028985507246,0.0534240000016695,82.1256038647343,0.01132000000035374,66.66666666666667,0.08396800000262401,82.1256038647343,0.00600800000018775,86.95652173913044,89.3719806763285,800000,77.04081632653062,74.01098901098901,510300,12.331164349797888,FALSE,FALSE,NA,Low,41,59,Insufficient Evidence,Central and defensive midfielders,1.1.0,2026-07-25 22:12:49 UTC,NA,NA,NA,Performance data through: 2026-07-25 (updates every day) · MLSPA compensation as of: 2026-04-16,FALSE,2026-07-25 22:12:44 UTC
KPqj7jxPQ6,asa_KPqj7jxPQ6_mls_blended,Wessam Abou Ali,wessam abou ali,1999-01-04,Palestine,FW,NA,27.488021902806295,mls,mvzqoLZQap,FW,asa_live,TRUE,NA,mlspa_via_asa,637,3611750,330,3611750,TRUE,0.47643979057591623,0.5235602094240838,blended,2025+2026 season to date,809.7748691099476,0.16989521996328277,0.06757904399265656,-0.04678445638131502,0.21023988576868158,-0.1260758822329503,0.024927313524172157,0.0400093152920378,2026,3611750,Columbus Crew,0.21844855740004673,1,0.1905595140292216,0.2032634816375217,0.07208431359441964,63.829787234042556,-0.04990342014162884,45.39007092198582,0.22425587816026835,66.66666666666667,-0.13448094105268285,7.092198581560283,0.026589134426614543,46.808510638297875,0.042676602979507296,96.45390070921985,26.95035460992908,3611750,90.22556390977444,96.26373626373626,540000,-63.27520929984536,TRUE,FALSE,7.017543859649122,Medium,29.75,70.25,Below Expected Value by Current Model,Strikers,1.1.0,2026-07-25 22:12:49 UTC,54,54,397,Performance data through: 2026-07-25 (updates every day) · MLSPA compensation as of: 2026-04-16,FALSE,2026-07-25 22:12:44 UTC
KPqj7loEQ6,asa_KPqj7loEQ6_mls_blended,Sam Rogers,sam rogers,1999-05-17,USA,CB,NA,27.123887748117728,mls,X0Oq66zq6D,CB,asa_live,TRUE,NA,mlspa_via_asa,79,223000,1970,223000,TRUE,0.15,0.85,blended,2025+2026 season to date,1753.5,0.08305951262610034,0.00852761421319796,0.045849876309194876,0.012036527019212226,0.002258104799845788,0.02850441624365482,-0.01411702595900533,2026,223000,Chicago Fire FC,0.1396251547943452,1,0.09748032643572299,0.10397901486802054,0.009096121827695411,55.319148936170215,0.048906534731336194,48.93617021276596,0.012838962154227591,39.361702127659576,0.0024086451199107775,48.93617021276596,0.03040471066084862,12.76595744680851,-0.015058161023409585,20.74468085106383,7.446808510638298,223000,27.77777777777778,31.318681318681318,509583.5,-20.33096926713948,FALSE,TRUE,NA,Low,41,59,Small-Sample Watchlist,Center backs,1.1.0,2026-07-25 22:12:49 UTC,NA,NA,NA,Performance data through: 2026-07-25 (updates every day) · MLSPA compensation as of: 2026-04-16,FALSE,2026-07-25 22:12:44 UTC
KPqjBBNBq6,asa_KPqjBBNBq6_mls_blended,Jefferson Díaz,jefferson diaz,2000-12-05,Colombia,CB,NA,25.568788501026695,mls,kRQand1MKZ,CB,asa_live,TRUE,NA,mlspa_via_asa,1318,435000,2381,435000,TRUE,0.6531219028741329,0.34687809712586715,blended,2025+2026 season to date,2143.9167492566894,0.167045938714526,0.02809133610192018,0.04628046156618989,0.05064328102932491,-0.003670126775858927,0.055143247313448183,-0.009442260520498208,2026,435000,Minnesota United FC,0.1396251547943452,1,0.1610499585680564,0.17178662247796184,0.02996409184298457,95.2127659574468,0.04936582567214523,50,0.05401949976630135,90.95744680851064,-0.003914801894371859,25.53191489361702,0.058819463802849505,35.1063829787234,-0.01007174455551283,32.4468085106383,73.40425531914893,435000,42.22222222222222,46.86813186813187,509583.5,31.18203309692671,TRUE,FALSE,81.25,High,20.75,79.25,Strong Value,Center backs,1.1.0,2026-07-25 22:12:49 UTC,19,19,82,Performance data through: 2026-07-25 (updates every day) · MLSPA compensation as of: 2026-04-16,FALSE,2026-07-25 22:12:44 UTC
KPqjBxG8q6,asa_KPqjBxG8q6_mls_blended,Julián Bazán,julian bazan,2005-11-25,Colombia,FB,NA,20.5968514715948,mls,a2lqRX2Mr0,FB,asa_live,TRUE,NA,mlspa_via_asa,40,312825,0,NA,FALSE,1,0,blended,2025+2026 season to date,40,0.182025,0.02924999999999999,-0.0207,0.011025,0.097425,0.0477,0.017325,2026,312825,New York Red Bulls,0.11482828719990651,1,0.11902808174991236,0.12696328720387412,0.03120000000097499,85.20408163265306,-0.02208000000069,12.244897959183673,0.0117600000003675,22.448979591836736,0.1039200000032475,98.46938775510205,0.05088000000159,45.40816326530612,0.0184800000005775,96.93877551020408,56.63265306122449,312825,45.45454545454545,37.142857142857146,336500,11.178107606679035,FALSE,TRUE,NA,Low,49,51,Small-Sample Watchlist,Fullbacks and wingbacks,1.1.0,2026-07-25 22:12:49 UTC,NA,NA,NA,Performance data through: 2026-07-25 (updates every day) · MLSPA compensation as of: 2026-04-16,FALSE,2026-07-25 22:12:44 UTC
KPqjK4w4Q6,asa_KPqjK4w4Q6_mls_blended,Noah Allen,noah allen,2004-04-28,USA,FB,NA,22.17385352498289,mls,zeQZkL1MKw,FB,asa_live,TRUE,NA,mlspa_via_asa,875,434653,2630,434653,TRUE,0.5555555555555556,0.4444444444444444,blended,2025+2026 season to date,2043.888888888889,0.08924067354698534,0.001709505703422049,0.0180057577403585,0.010222509505703423,0.006388484519282992,0.059478370450841936,-0.006563954372623573,2026,434653,Inter Miami CF,0.11482828719990651,1,0.0950474864793566,0.10138398558114861,0.0018234727503738358,16.3265306122449,0.019206141590315928,54.59183673469388,0.010904010139757735,18.367346938775512,0.006814383487448141,58.16326530612245,0.06344359514954734,61.224489795918366,-0.007001551331017276,26.020408163265305,24.489795918367346,434653,60.42780748663102,46.59340659340659,336500,-35.938011568263676,TRUE,FALSE,21.25,Medium,29.75,70.25,Below Expected Value by Current Model,Fullbacks and wingbacks,1.1.0,2026-07-25 22:12:49 UTC,64,64,336,Performance data through: 2026-07-25 (updates every day) · MLSPA compensation as of: 2026-04-16,FALSE,2026-07-25 22:12:44 UTC
KPqjKLjnQ6,asa_KPqjKLjnQ6_mls_blended,Cameron Harper,cameron harper,2001-11-19,USA,W,NA,24.61327857631759,mls,a2lqRX2Mr0,W,asa_live,TRUE,NA,mlspa_via_asa,15,431750,744,431750,TRUE,0.15,0.85,blended,2025+2026 season to date,647.4,0.3914291129032258,0.07059278225806451,0.030082620967741933,0.10547588709677422,0.11968729838709677,0.034980241935483866,0.030610282258064517,2026,431750,New York Red Bulls,0.19903356584128315,1,0.29888676222408067,0.3188125463823156,0.07529896774428857,86.8995633187773,0.03208812903326082,81.22270742358079,0.11250761290674169,71.61572052401746,0.1276664516168928,96.94323144104804,0.037312258065682134,49.78165938864629,0.032650967742955825,93.88646288209607,94.75982532751091,431750,41.58878504672897,46.37362637362637,527437.5,53.17104028078194,FALSE,TRUE,NA,Low,41,59,Small-Sample Watchlist,Wingers and attacking midfielders,1.1.0,2026-07-25 22:12:49 UTC,NA,NA,NA,Performance data through: 2026-07-25 (updates every day) · MLSPA compensation as of: 2026-04-16,FALSE,2026-07-25 22:12:44 UTC
KPqjKN62Q6,asa_KPqjKN62Q6_mls_blended,Show,show,1999-03-06,Angola,CM,NA,26.321697467488026,mls,mKAqBBmqbg,CM,asa_live,TRUE,NA,mlspa_via_asa,0,NA,333,504350,TRUE,0,1,blended,2025+2026 season to date,333,0.06913513513513514,0.00451351351351351,0.00167567567567567,0.01656756756756756,0.00929729729729729,0.041,-0.00391891891891892,2026,504350,FC Dallas,0.13647524696350208,1,0.11244067328842577,0.11993671817806885,0.004814414414564861,18.840579710144926,0.0017873873874432373,27.536231884057973,0.017672072072624317,35.7487922705314,0.009917117117427019,64.2512077294686,0.0437333333347,21.73913043478261,-0.004180180180310812,32.85024154589372,23.18840579710145,504350,50,53.07692307692308,510300,-26.81159420289855,FALSE,FALSE,NA,Low,41,59,Insufficient Evidence,Central and defensive midfielders,1.1.0,2026-07-25 22:12:49 UTC,NA,NA,NA,Performance data through: 2026-07-25 (updates every day) · MLSPA compensation as of: 2026-04-16,FALSE,2026-07-25 22:12:44 UTC
KPqjKNkBQ6,asa_KPqjKNkBQ6_mls_blended,Rasmus Alm,rasmus alm,1995-08-17,Sweden,FB,NA,29.872689938398356,mls,wvq9B9wQWn,FB,asa_live,TRUE,NA,mlspa_via_asa,0,NA,11,343925,TRUE,0,1,blended,2025+2026 season to date,11,0.117,8.181818181818183e-4,0.01472727272727272,0.10145454545454545,0,0,0,2026,343925,St. Louis City SC,0.11482828719990651,1,0.11486738513902439,0.12252521081878827,8.727272727545455e-4,14.285714285714286,0.01570909090958181,51.53061224489796,0.10821818182156363,93.87755102040816,0,42.3469387755102,0,10.204081632653061,0,59.94897959183673,49.48979591836735,343925,50.80213903743316,40,336500,-1.3123431190658081,FALSE,FALSE,NA,Low,41,59,Insufficient Evidence,Fullbacks and wingbacks,1.1.0,2026-07-25 22:12:49 UTC,NA,NA,NA,Performance data through: 2026-07-25 (updates every day) · MLSPA compensation as of: 2026-04-16,FALSE,2026-07-25 22:12:44 UTC
KPqjKRARQ6,asa_KPqjKRARQ6_mls_blended,Tomás Chancalay,tomas chancalay,1999-01-01,Argentina,W,NA,27.496235455167692,mls,kRQand1MKZ,W,asa_live,TRUE,NA,mlspa_via_asa,1341,1274375,1353,1274375,TRUE,0.65703086722195,0.34296913277804997,blended,2025+2026 season to date,1805.0372366487015,0.21026152238316287,0.06020002259663593,0.00887308621159794,0.1252757756458238,-0.014107503495417116,0.030482638070334196,-4.6249664581185165e-4,2026,1274375,Minnesota United FC,0.19903356584128315,1,0.20746041235356716,0.22129110651738698,0.06421335743841833,75.54585152838428,0.009464625292666905,63.31877729257642,0.1336274940263879,81.22270742358079,-0.015048003728915174,21.397379912663755,0.032514813942705896,37.99126637554585,-4.933297555480583e-4,33.18777292576419,62.00873362445415,1274375,77.10280373831776,86.92307692307692,527437.5,-15.094070113863609,TRUE,FALSE,39.784946236559136,High,20.75,79.25,Below Expected Value by Current Model,Wingers and attacking midfielders,1.1.0,2026-07-25 22:12:49 UTC,57,57,258,Performance data through: 2026-07-25 (updates every day) · MLSPA compensation as of: 2026-04-16,FALSE,2026-07-25 22:12:44 UTC
KPqjKWwPQ6,asa_KPqjKWwPQ6_mls_blended,Brian Gutiérrez,brian gutierrez,2003-06-17,USA,CM,NA,22.039698836413415,mls,X0Oq66zq6D,CM,asa_live,TRUE,NA,mlspa_via_asa,0,NA,2509,950425,TRUE,0,1,blended,2025+2026 season to date,2509,0.36734635312873654,0.07579155041849342,0.11471143882024712,0.07335233160621762,0.006510561976883219,0.08024671183738541,0.01673375846950976,2026,950425,Chicago Fire FC,0.13647524696350208,1,0.32279097722036065,0.34431037571247775,0.08084432044891937,97.58454106280193,0.12235886807875397,96.13526570048309,0.07824248704907721,91.30434782608695,0.006944599442225786,58.45410628019324,0.08559649262921933,83.09178743961353,0.017849342368034867,97.58454106280193,100,950425,85.20408163265306,81.0989010989011,510300,14.795918367346943,FALSE,FALSE,NA,Low,41,59,Insufficient Evidence,Central and defensive midfielders,1.1.0,2026-07-25 22:12:49 UTC,NA,NA,NA,Performance data through: 2026-07-25 (updates every day) · MLSPA compensation as of: 2026-04-16,FALSE,2026-07-25 22:12:44 UTC
KPqjKbg2Q6,asa_KPqjKbg2Q6_mls_blended,Paxten Aaronson,paxten aaronson,2003-08-26,USA,W,NA,22.847364818617383,mls,pzeQZ6xQKw,W,asa_live,TRUE,NA,mlspa_via_asa,1410,2228063,644,2228063,TRUE,0.6682464454976303,0.33175355450236965,blended,2025+2026 season to date,1623.649289099526,0.2128868122810633,0.056831856583556564,0.01687652998145477,0.0761749021223985,0.030127467545847927,0.026508736863795596,0.0063673191840098895,2026,2228063,Colorado Rapids,0.19903356584128315,1,0.20914883619615918,0.2230920919495414,0.060620647024354726,74.23580786026201,0.01800163198078097,69.86899563318778,0.08125322893309755,45.851528384279476,0.03213596538324204,65.50218340611353,0.02827598598893226,30.131004366812228,0.006791807129822793,67.68558951965065,63.75545851528384,2228063,86.91588785046729,93.18681318681318,527437.5,-23.160429335183444,TRUE,FALSE,35.483870967741936,High,20.75,79.25,Below Expected Value by Current Model,Wingers and attacking midfielders,1.1.0,2026-07-25 22:12:49 UTC,61,61,275,Performance data through: 2026-07-25 (updates every day) · MLSPA compensation as of: 2026-04-16,FALSE,2026-07-25 22:12:44 UTC
KPqjKkPNQ6,asa_KPqjKkPNQ6_mls_blended,Brandon Bye,brandon bye,1995-11-29,USA,FB,NA,30.587268993839835,mls,WBLMvYAQxe,FB,asa_live,TRUE,NA,mlspa_via_asa,1559,442500,1306,442500,TRUE,0.6901283753873395,0.3098716246126605,blended,2025+2026 season to date,1963.6923417441346,0.13976836909635576,0.013845268237921208,0.01272819289457789,0.04537127447331653,-0.006122401664399065,0.0841910886316907,-0.01024505347675149,2026,442500,Portland Timbers FC,0.11482828719990651,1,0.13393145610402332,0.14286021984875594,0.014768286120910797,59.183673469387756,0.013576739087974023,49.48979591836735,0.04839602610638334,77.55102040816327,-0.006530561775563082,24.489795918367346,0.08980382787660977,86.73469387755102,-0.010928057042209758,18.367346938775512,71.93877551020408,442500,62.032085561497325,48.02197802197802,336500,9.906689948706756,TRUE,FALSE,75,High,14,86,Undervalued,Fullbacks and wingbacks,1.1.0,2026-07-25 22:12:49 UTC,21,21,110,Performance data through: 2026-07-25 (updates every day) · MLSPA compensation as of: 2026-04-16,FALSE,2026-07-25 22:12:44 UTC
KPqjnyNq6v,asa_KPqjnyNq6v_mls_blended,Damir Kreilach,damir kreilach,1989-04-16,Croatia,W,NA,36.20807665982204,mls,lgpMOvnQzy,W,asa_live,TRUE,NA,mlspa_via_asa,0,NA,39,495000,TRUE,0,1,blended,2025+2026 season to date,39,-0.02492307692307692,0,-0.04315384615384615,0.0034615384615384595,-0.00992307692307692,0.02284615384615385,0.00184615384615384,2026,495000,Vancouver Whitecaps FC,0.19903356584128315,1,0.18536485055519544,0.19772250726505397,0,5.895196506550218,-0.04603076923220768,15.720524017467248,0.0036923076924230747,1.3100436681222707,-0.01058461538494615,24.45414847161572,0.02436923076999231,26.637554585152838,0.001969230769292301,52.838427947598255,37.99126637554585,495000,46.26168224299065,51.7032967032967,527437.5,-8.270415867444804,FALSE,FALSE,NA,Low,41,59,Insufficient Evidence,Wingers and attacking midfielders,1.1.0,2026-07-25 22:12:49 UTC,NA,NA,NA,Performance data through: 2026-07-25 (updates every day) · MLSPA compensation as of: 2026-04-16,FALSE,2026-07-25 22:12:44 UTC
KPqjwAY2Q6,asa_KPqjwAY2Q6_mls_blended,Tyson Pearce,tyson pearce,2007-08-12,USA,CM,NA,17.88637919233402,mls,wvq9B9wQWn,CM,asa_live,TRUE,NA,mlspa_via_asa,0,NA,42,104000,TRUE,0,1,blended,2025+2026 season to date,42,-0.00492857142857143,0,-0.012,0.00257142857142857,-0.03771428571428571,0.04221428571428571,0,2026,104000,St. Louis City SC,0.13647524696350208,1,0.12722452987243185,0.13570616520150147,0,6.280193236714976,-0.0128000000004,16.42512077294686,0.0027428571429428555,4.830917874396135,-0.040228571429828566,4.830917874396135,0.04502857142997857,24.154589371980677,0,61.83574879227053,36.71497584541063,104000,12.5,12.967032967032967,510300,24.214975845410628,FALSE,FALSE,NA,Low,41,59,Insufficient Evidence,Central and defensive midfielders,1.1.0,2026-07-25 22:12:49 UTC,NA,NA,NA,Performance data through: 2026-07-25 (updates every day) · MLSPA compensation as of: 2026-04-16,FALSE,2026-07-25 22:12:44 UTC
KPqjwXzYQ6,asa_KPqjwXzYQ6_mls_blended,Adri Mehmeti,adri mehmeti,2009-04-06,Albania,CM,NA,17.234770704996578,mls,a2lqRX2Mr0,CM,asa_live,TRUE,NA,mlspa_via_asa,1473,158980,0,NA,FALSE,1,0,blended,2025+2026 season to date,1473,0.145050916496945,0.01837270875763747,0.06714867617107943,0.05260081466395112,-0.02145213849287169,0.02366395112016293,0.00471690427698574,2026,158980,New York Red Bulls,0.13647524696350208,1,0.142568812435167,0.1520733999355971,0.019597556008759058,61.83574879227053,0.07162525458472302,87.43961352657004,0.05610753564330122,84.05797101449275,-0.022882281059778208,8.695652173913043,0.025241547862295925,10.144927536231885,0.005031364562275353,85.02415458937197,61.35265700483092,158980,24.489795918367346,26.373626373626372,510300,36.86286108646357,TRUE,FALSE,87.62886597938144,High,28.75,71.25,Strong Value,Central and defensive midfielders,1.1.0,2026-07-25 22:12:49 UTC,13,13,55,Performance data through: 2026-07-25 (updates every day) · MLSPA compensation as of: 2026-04-16,FALSE,2026-07-25 22:12:44 UTC
KPqjwdw8Q6,asa_KPqjwdw8Q6_mls_blended,Alonso Coello,alonso coello,1999-10-12,Spain,CM,NA,26.718685831622174,mls,kRQabn8MKZ,CM,asa_live,TRUE,NA,mlspa_via_asa,1388,335000,2434,335000,TRUE,0.6647509578544061,0.3352490421455939,blended,2025+2026 season to date,2203.9961685823755,0.21845538775394555,0.00843601776556257,0.09151902643583713,0.013273783044796417,0.017645085427705202,0.08791961578783328,-3.381407077890786e-4,2026,335000,Toronto FC,0.13647524696350208,1,0.20091325091888196,0.21430746765350453,0.00899841895021461,28.502415458937197,0.09762029486794357,92.27053140096618,0.01415870191489197,27.536231884057973,0.01882142445680705,79.22705314009661,0.09378092350995282,86.47342995169082,-3.606834216529552e-4,57.48792270531401,95.65217391304348,335000,36.734693877551024,39.395604395604394,510300,58.91748003549246,TRUE,FALSE,96.90721649484536,High,20.75,79.25,Elite Value,Central and defensive midfielders,1.1.0,2026-07-25 22:12:49 UTC,4,4,15,Performance data through: 2026-07-25 (updates every day) · MLSPA compensation as of: 2026-04-16,FALSE,2026-07-25 22:12:44 UTC
KPqjzJ2q6v,asa_KPqjzJ2q6v_mls_blended,Maxi Moralez,maxi moralez,1987-02-27,Argentina,W,NA,39.34017796030116,mls,Vj58weDM8n,W,asa_live,TRUE,NA,mlspa_via_asa,1236,500000,3447,500000,TRUE,0.6384297520661157,0.36157024793388426,blended,2025+2026 season to date,2482.332644628099,0.13931220329931165,0.015318597199145498,0.023225167501024966,0.062828203558250445,0.008290328366743632,0.029013413568392203,6.364931057549145e-4,2026,500000,New York City FC,0.19903356584128315,1,0.15093743057243952,0.16099992594896673,0.016339837012932484,17.03056768558952,0.02477351200186747,75.9825327510917,0.06701675046422809,32.314410480349345,0.008843016924802884,44.97816593886463,0.030947641140585465,35.80786026200873,6.789259794931252e-4,47.161572052401745,10.91703056768559,500000,47.19626168224299,52.472527472527474,527437.5,-36.279231114557405,TRUE,FALSE,22.580645161290324,High,20.75,79.25,Below Expected Value by Current Model,Wingers and attacking midfielders,1.1.0,2026-07-25 22:12:49 UTC,73,73,331,Performance data through: 2026-07-25 (updates every day) · MLSPA compensation as of: 2026-04-16,FALSE,2026-07-25 22:12:44 UTC
KXMe3LX1q6,asa_KXMe3LX1q6_mls_blended,Stefan Chirila,stefan chirila,2007-01-15,USA,W,NA,18.458590006844627,mls,NWMWlBK5lz,W,asa_live,TRUE,NA,mlspa_via_asa,0,NA,11,95402,TRUE,0,1,blended,2025+2026 season to date,11,0.3027272727272727,0,-0.33381818181818185,0.1431818181818182,0.49336363636363634,0,0,2026,95402,FC Cincinnati,0.19903356584128315,1,0.20090039198816675,0.21429375146074123,0,5.895196506550218,-0.3560727272838546,0.4366812227074236,0.15272727273204545,86.8995633187773,0.5262545454709908,100,0,8.951965065502183,0,38.646288209606986,55.02183406113537,95402,11.214953271028037,9.780219780219781,527437.5,43.806880790107336,FALSE,FALSE,NA,Low,41,59,Insufficient Evidence,Wingers and attacking midfielders,1.1.0,2026-07-25 22:12:49 UTC,NA,NA,NA,Performance data through: 2026-07-25 (updates every day) · MLSPA compensation as of: 2026-04-16,FALSE,2026-07-25 22:12:44 UTC
KXMe3Xn1q6,asa_KXMe3Xn1q6_mls_blended,Jung Ho-Yeon,jung hoyeon,2000-09-28,South Korea,CM,NA,24.75564681724846,mls,kRQand1MKZ,CM,asa_live,TRUE,NA,mlspa_via_asa,0,NA,112,168039,TRUE,0,1,blended,2025+2026 season to date,112,-0.1902053571428571,0,0.02121428571428571,0.00265178571428571,0.04218749999999999,-0.2687142857142857,0.01245535714285714,2026,168039,Minnesota United FC,0.13647524696350208,1,0.08508728676699615,0.09075977255429879,0,6.280193236714976,0.022628571429278568,55.072463768115945,0.0028285714286598166,5.314009661835748,0.045000000001406235,92.27053140096618,-0.2866285714375285,0.966183574879227,0.013285714286129461,94.68599033816425,6.280193236714976,168039,25,27.47252747252747,510300,-18.719806763285025,FALSE,FALSE,NA,Low,41,59,Insufficient Evidence,Central and defensive midfielders,1.1.0,2026-07-25 22:12:49 UTC,NA,NA,NA,Performance data through: 2026-07-25 (updates every day) · MLSPA compensation as of: 2026-04-16,FALSE,2026-07-25 22:12:44 UTC
KXMe3y6vq6,asa_KXMe3y6vq6_mls_blended,Brooklyn Raines,brooklyn raines,2005-03-11,USA,CM,NA,21.305954825462013,mls,19vQ2095K6,CM,asa_live,TRUE,NA,mlspa_via_asa,1380,443250,1908,443250,TRUE,0.6634615384615384,0.33653846153846156,blended,2025+2026 season to date,2022.1153846153848,0.09621707184325107,0.004873720972423796,0.004967298621190124,0.007785667634252536,0.011144230769230769,0.07875749274310595,-0.011311338896952102,2026,443250,New England Revolution,0.13647524696350208,1,0.10542906350993117,0.11245766774744088,0.005198635704081173,19.32367149758454,0.005298451862768375,32.367149758454104,0.008304712143462227,15.458937198067632,0.01188717948755096,68.1159420289855,0.08400799226193827,82.6086956521739,-0.012065428157125952,16.42512077294686,16.908212560386474,443250,46.42857142857143,48.13186813186813,510300,-29.520358868184957,TRUE,FALSE,36.08247422680412,High,20.75,79.25,Below Expected Value by Current Model,Central and defensive midfielders,1.1.0,2026-07-25 22:12:49 UTC,63,63,274,Performance data through: 2026-07-25 (updates every day) · MLSPA compensation as of: 2026-04-16,FALSE,2026-07-25 22:12:44 UTC
KXMe4l1Q64,asa_KXMe4l1Q64_mls_blended,Alejandro Bedoya,alejandro bedoya,1987-04-29,USA,W,NA,39.17316906228611,mls,9z5k7Yg5A3,W,asa_live,TRUE,NA,mlspa_via_asa,254,226800,925,226800,TRUE,0.2662473794549266,0.7337526205450734,blended,2025+2026 season to date,932.7211740041929,0.21645308516063233,0.039274604793472716,-0.004448750637429879,0.1328612952575217,0.00947909229984702,0.058644569097399284,-0.01935772565017848,2026,226800,Philadelphia Union,0.19903356584128315,1,0.20963402911255496,0.22360963106037976,0.041892911781013384,44.54148471615721,-0.00474533401340683,50.21834061135371,0.14171871494578517,82.53275109170306,0.010111031786819458,46.724890829694324,0.06255420703918071,87.33624454148472,-0.02064824069416897,2.183406113537118,64.19213973799127,226800,29.439252336448597,31.86813186813187,527437.5,34.75288740154267,FALSE,TRUE,NA,Low,41,59,Small-Sample Watchlist,Wingers and attacking midfielders,1.1.0,2026-07-25 22:12:49 UTC,NA,NA,NA,Performance data through: 2026-07-25 (updates every day) · MLSPA compensation as of: 2026-04-16,FALSE,2026-07-25 22:12:44 UTC
KXMe87ZPQ6,asa_KXMe87ZPQ6_mls_blended,Ralph Priso,ralph priso,2002-08-02,Canada,CB,NA,23.912388774811777,mls,lgpMOvnQzy,CB,asa_live,TRUE,NA,mlspa_via_asa,528,189167,2109,189167,TRUE,0.42996742671009774,0.5700325732899023,blended,2025+2026 season to date,1730.198697068404,0.20969638380880454,0.01060360321748115,0.08492743176057936,0.008766556544543856,0.00805146046955579,0.09954052779849969,-0.0021931959818553303,2026,189167,Vancouver Whitecaps FC,0.1396251547943452,1,0.19165382912813758,0.20443075107640188,0.011310510099000014,66.48936170212765,0.0905892605474489,93.08510638297872,0.009350993647805665,30.319148936170212,0.008588224501127891,72.87234042553192,0.10617656298838435,80.85106382978724,-0.002339409047385459,59.04255319148936,91.48936170212765,189167,25,28.9010989010989,509583.5,66.48936170212765,TRUE,FALSE,95.83333333333333,Medium,29.75,70.25,Elite Value,Center backs,1.1.0,2026-07-25 22:12:49 UTC,5,5,21,Performance data through: 2026-07-25 (updates every day) · MLSPA compensation as of: 2026-04-16,FALSE,2026-07-25 22:12:44 UTC
KXMe8EJ6Q6,asa_KXMe8EJ6Q6_mls_blended,Pedro Vite,pedro vite,2002-03-09,Ecuador,CM,NA,23.312799452429843,mls,lgpMOvnQzy,CM,asa_live,TRUE,NA,mlspa_via_asa,0,NA,1564,729997,TRUE,0,1,blended,2025+2026 season to date,1564,0.25387020460358056,0.03726023017902813,0.09984590792838877,0.05615792838874681,-0.00292902813299232,0.06321867007672634,3.1649616368286445e-4,2026,729997,Vancouver Whitecaps FC,0.13647524696350208,1,0.22132077087712626,0.2360754889429787,0.03974424552553868,88.40579710144928,0.10650230179360955,95.16908212560386,0.05990179028320186,85.5072463768116,-0.0031242966752894424,29.95169082125604,0.06743324808394871,60.869565217391305,3.375959079389386e-4,67.14975845410628,98.55072463768116,729997,69.38775510204081,69.01098901098901,510300,29.162969535640343,FALSE,FALSE,NA,Low,41,59,Insufficient Evidence,Central and defensive midfielders,1.1.0,2026-07-25 22:12:49 UTC,NA,NA,NA,Performance data through: 2026-07-25 (updates every day) · MLSPA compensation as of: 2026-04-16,FALSE,2026-07-25 22:12:44 UTC
KXMe8JD2Q6,asa_KXMe8JD2Q6_mls_blended,Pedro Amador,pedro amador,1998-12-18,Portugal,FB,NA,27.534565366187543,mls,KAqBN0Vqbg,FB,asa_live,TRUE,NA,mlspa_via_asa,297,292604,2315,292604,TRUE,0.2978936810431294,0.7021063189568706,blended,2025+2026 season to date,1922.3761283851554,0.15975726748279395,0.011583343984437108,0.05319136459053185,0.02391246525754369,0.005671444138029641,0.06344201502997111,0.0019566344822805346,2026,292604,Atlanta United FC,0.11482828719990651,1,0.14906996836575434,0.15900796626177363,0.012355566917119027,50.51020408163265,0.05673745556500702,88.77551020408163,0.025506629608843683,52.04081632653061,0.006049540414087332,55.10204081632653,0.06767148270075059,67.85714285714286,0.002087076781164458,73.9795918367347,82.65306122448979,292604,43.31550802139037,35.714285714285715,336500,39.33755320309942,FALSE,TRUE,NA,Low,41,59,Small-Sample Watchlist,Fullbacks and wingbacks,1.1.0,2026-07-25 22:12:49 UTC,NA,NA,NA,Performance data through: 2026-07-25 (updates every day) · MLSPA compensation as of: 2026-04-16,FALSE,2026-07-25 22:12:44 UTC
KXMe8OnPQ6,asa_KXMe8OnPQ6_mls_blended,Przemyslaw Placheta,przemyslaw placheta,1998-03-23,Poland,FB,NA,28.27378507871321,mls,gpMOLwl5zy,FB,asa_live,FALSE,NA,NA,36,NA,0,NA,FALSE,1,0,blended,2025+2026 season to date,36,0.17325000000000002,2.5e-4,-0.00475,0.032,0.14575,0,0,2026,NA,Austin FC,0.11482828719990651,1,0.11813517660368539,0.1260108550478689,2.66666666675e-4,13.775510204081632,-0.005066666666825,25,0.0341333333344,62.244897959183675,0.15546666667152498,99.48979591836735,0,10.204081632653061,0,59.94897959183673,54.08163265306123,NA,NA,NA,336500,NA,FALSE,FALSE,NA,Insufficient,49,51,Insufficient Evidence,Fullbacks and wingbacks,1.1.0,2026-07-25 22:12:49 UTC,NA,NA,NA,Performance data through: 2026-07-25 (updates every day) · MLSPA compensation as of: 2026-04-16,FALSE,2026-07-25 22:12:44 UTC
KXMe8Y2vQ6,asa_KXMe8Y2vQ6_mls_blended,Justin Che,justin che,2003-11-18,USA,CB,NA,22.61738535249829,mls,a2lqRX2Mr0,CB,asa_live,TRUE,NA,mlspa_via_asa,734,501667,0,NA,FALSE,1,0,blended,2025+2026 season to date,734,0.2688351498637602,0.0128991825613079,0.12289782016348771,0.00302861035422343,0.07329972752043597,0.08634604904632154,-0.02963623978201635,2026,501667,New York Red Bulls,0.1396251547943452,1,0.21071970980255408,0.22476769046308168,0.013759128065825067,73.40425531914893,0.1310910081784835,99.46808510638297,0.003230517711272612,17.02127659574468,0.0781863760242417,100,0.0921024523189545,68.61702127659575,-0.031611989101805314,8.51063829787234,97.87234042553192,501667,50,52.747252747252745,509583.5,47.87234042553192,TRUE,FALSE,89.58333333333333,Low,37.75,62.25,Undervalued,Center backs,1.1.0,2026-07-25 22:12:49 UTC,11,11,47,Performance data through: 2026-07-25 (updates every day) · MLSPA compensation as of: 2026-04-16,FALSE,2026-07-25 22:12:44 UTC
KXMe8YjPQ6,asa_KXMe8YjPQ6_mls_blended,Edwin Mosquera,edwin mosquera,2001-06-27,Colombia,W,NA,24.01095140314853,mls,KAqBN0Vqbg,W,asa_live,TRUE,NA,mlspa_via_asa,0,NA,221,462000,TRUE,0,1,blended,2025+2026 season to date,221,0.11875113122171949,0.02915837104072398,-0.03734389140271493,0.05383710407239819,0.0909366515837104,-0.00940723981900452,-0.00842986425339366,2026,462000,Atlanta United FC,0.19903356584128315,1,0.17742282521896455,0.1892510135728096,0.031102262444410857,30.56768558951965,-0.03983348416414072,20.96069868995633,0.05742624434568597,23.580786026200872,0.09699909502565565,93.88646288209607,-0.010034389140585062,4.366812227074236,-0.0089918552039009,6.550218340611353,29.25764192139738,462000,44.39252336448598,49.67032967032967,527437.5,-15.134881443088602,FALSE,FALSE,NA,Low,41,59,Insufficient Evidence,Wingers and attacking midfielders,1.1.0,2026-07-25 22:12:49 UTC,NA,NA,NA,Performance data through: 2026-07-25 (updates every day) · MLSPA compensation as of: 2026-04-16,FALSE,2026-07-25 22:12:44 UTC
KXMe8ejPQ6,asa_KXMe8ejPQ6_mls_blended,Jeremy Rafanello,jeremy rafanello,2000-04-14,USA,CM,NA,26.21218343600274,mls,9z5k7Yg5A3,CM,asa_live,TRUE,NA,mlspa_via_asa,240,186125,373,186125,TRUE,0.2553191489361702,0.7446808510638299,blended,2025+2026 season to date,517.7659574468086,0.09539509725628886,0.015391586332781926,0.028711930294906166,0.008197310478580801,-0.0032767782784781205,0.03519587302492727,0.011175175403570815,2026,186125,Philadelphia Union,0.13647524696350208,1,0.11744630543642426,0.12527605913610076,0.016417692088813773,51.207729468599034,0.030626058982190306,65.70048309178743,0.008743797844092766,16.908212560386474,-0.003495230163819221,28.502415458937197,0.03754226456109562,16.42512077294686,0.011920187097514709,93.71980676328502,28.019323671497585,186125,27.040816326530614,28.571428571428573,510300,0.978507344966971,FALSE,TRUE,NA,Low,41,59,Small-Sample Watchlist,Central and defensive midfielders,1.1.0,2026-07-25 22:12:49 UTC,NA,NA,NA,Performance data through: 2026-07-25 (updates every day) · MLSPA compensation as of: 2026-04-16,FALSE,2026-07-25 22:12:44 UTC
KXMe8jYxQ6,asa_KXMe8jYxQ6_mls_blended,Serge Ngoma,serge ngoma,2005-07-09,USA,W,NA,19.978097193702943,mls,a2lqRX2Mr0,W,asa_live,TRUE,NA,mlspa_via_asa,0,NA,757,193700,TRUE,0,1,blended,2025+2026 season to date,757,0.1279022457067371,0.03410964332892998,-0.00257992073976221,0.086778071334214,-0.02545442536327609,0.03586922060766182,-8.203434610303831e-4,2026,193700,New York Red Bulls,0.19903356584128315,1,0.1593530873284966,0.16997662648904147,0.036383619551995636,37.99126637554585,-0.0027519154558323547,52.40174672489083,0.09256327609272087,56.33187772925764,-0.02715138705500964,16.593886462882097,0.038260501982701575,51.52838427947598,-8.7503302512642e-4,28.38427947598253,17.03056768558952,193700,27.570093457943926,29.12087912087912,527437.5,-10.539525772354406,FALSE,FALSE,NA,Low,41,59,Insufficient Evidence,Wingers and attacking midfielders,1.1.0,2026-07-25 22:12:49 UTC,NA,NA,NA,Performance data through: 2026-07-25 (updates every day) · MLSPA compensation as of: 2026-04-16,FALSE,2026-07-25 22:12:44 UTC
KXMegX31q6,asa_KXMegX31q6_mls_blended,Tyger Smalls,tyger smalls,2002-09-18,England,W,NA,23.78370978781657,mls,NPqxKXZ59d,W,asa_live,TRUE,NA,mlspa_via_asa,114,113400,270,113400,TRUE,0.15,0.85,blended,2025+2026 season to date,343.5,0.15727403508771928,0.02034087719298245,-0.04312184210526316,0.06789157894736841,0.05573385964912281,0.049584736842105265,0.006844824561403503,2026,113400,Charlotte FC,0.19903356584128315,1,0.18383017547154368,0.1960855205091076,0.02169693567319264,21.83406113537118,-0.045996631580384764,16.157205240174672,0.07241768421278937,36.24454148471616,0.059449450294255454,82.96943231441048,0.052890385966565104,74.67248908296943,0.007301146199058564,68.99563318777292,34.49781659388646,113400,17.05607476635514,16.428571428571427,527437.5,17.44174182753132,FALSE,TRUE,NA,Low,41,59,Small-Sample Watchlist,Wingers and attacking midfielders,1.1.0,2026-07-25 22:12:49 UTC,NA,NA,NA,Performance data through: 2026-07-25 (updates every day) · MLSPA compensation as of: 2026-04-16,FALSE,2026-07-25 22:12:44 UTC
KXMeggl2q6,asa_KXMeggl2q6_mls_blended,Duncan McGuire,duncan mcguire,2001-02-05,USA,FW,NA,25.399041752224505,mls,YgOMngl5wN,FW,asa_live,TRUE,NA,mlspa_via_asa,624,921000,944,921000,TRUE,0.47129909365558914,0.5287009063444108,blended,2025+2026 season to date,1123.0936555891237,0.16763885439602644,0.051880421424548094,-0.05737546085309027,0.193376491371806,-0.06814660568897536,0.041544408315837986,0.006359599825899939,2026,921000,Houston Dynamo FC,0.21844855740004673,1,0.18533134702608556,0.19768677016733563,0.055339116187913984,42.5531914893617,-0.061200491578542134,29.78723404255319,0.2062682574697056,58.156028368794324,-0.0726897127371786,19.858156028368793,0.044314035538278666,81.56028368794327,0.006783573147838589,60.283687943262414,23.404255319148938,921000,67.66917293233082,79.89010989010988,540000,-44.264917613181886,TRUE,FALSE,21.05263157894737,Medium,29.75,70.25,Below Expected Value by Current Model,Strikers,1.1.0,2026-07-25 22:12:49 UTC,46,46,337,Performance data through: 2026-07-25 (updates every day) · MLSPA compensation as of: 2026-04-16,FALSE,2026-07-25 22:12:44 UTC
KXMek9R2q6,asa_KXMek9R2q6_mls_blended,Ondrej Lingr,ondrej lingr,1998-10-07,Czech Republic,FW,NA,27.731690622861056,mls,YgOMngl5wN,FW,asa_live,TRUE,NA,mlspa_via_asa,481,938074,1981,938074,TRUE,0.4072819644369179,0.5927180355630821,blended,2025+2026 season to date,1655.1744284504657,0.18005011324774178,0.04191627147144272,-0.007457422140307517,0.08894091669334545,0.0027239417993375706,0.05299835439212741,9.280510317961321e-4,2026,938074,Houston Dynamo FC,0.21844855740004673,1,0.1902662039415393,0.20295061754398414,0.044710689570936116,29.78723404255319,-0.0079545836165766,80.85106382978724,0.09487031114253316,16.31205673758865,0.002905537919384207,74.46808510638297,0.05653157802003585,90.78014184397163,9.899211006134758e-4,38.297872340425535,26.24113475177305,938074,68.42105263157895,80.54945054945055,540000,-42.1799178798059,TRUE,FALSE,24.56140350877193,Medium,29.75,70.25,Below Expected Value by Current Model,Strikers,1.1.0,2026-07-25 22:12:49 UTC,44,44,323,Performance data through: 2026-07-25 (updates every day) · MLSPA compensation as of: 2026-04-16,FALSE,2026-07-25 22:12:44 UTC
KXMekNYBq6,asa_KXMekNYBq6_mls_blended,Tomas Ostrak,tomas ostrak,2000-02-05,Czech Republic,W,NA,26.401095140314855,mls,wvq9B9wQWn,W,asa_live,TRUE,NA,mlspa_via_asa,11,801000,1144,801000,TRUE,0.15,0.85,blended,2025+2026 season to date,983.4,0.11175262237762237,0.02874768356643356,-0.005971547202797202,0.02295078671328671,0.042859746503496506,0.014980201048951064,0.008185751748251747,2026,801000,St. Louis City SC,0.19903356584128315,1,0.1448261136484298,0.154481187896486,0.030664195805154053,29.694323144104803,-0.0063696503498494,48.47161572052402,0.024480839161604182,6.550218340611353,0.0457170629384916,74.23580786026201,0.015978881119380475,17.467248908296945,0.008731468531741388,73.36244541484716,9.170305676855895,801000,68.69158878504673,74.28571428571429,527437.5,-59.521283108190836,FALSE,TRUE,NA,Low,41,59,Small-Sample Watchlist,Wingers and attacking midfielders,1.1.0,2026-07-25 22:12:49 UTC,NA,NA,NA,Performance data through: 2026-07-25 (updates every day) · MLSPA compensation as of: 2026-04-16,FALSE,2026-07-25 22:12:44 UTC
KXMekX42q6,asa_KXMekX42q6_mls_blended,Dejan Joveljic,dejan joveljic,1999-08-07,Serbia,FW,NA,26.899383983572896,mls,Z2vQ1xlqrA,FW,asa_live,TRUE,NA,mlspa_via_asa,1587,3306250,3090,3306250,TRUE,0.6939221687800612,0.3060778312199388,blended,2025+2026 season to date,2532.780498469611,0.14385771838292416,0.06393169497497464,-0.07579694007072478,0.1368374094183672,-0.024840533874452897,0.03550179783580474,0.008224290098955258,2026,3306250,Sporting Kansas City,0.21844855740004673,1,0.15814359108678466,0.16868649716450843,0.06819380797543734,57.4468085106383,-0.08085006941129966,13.47517730496454,0.14595990338415293,33.333333333333336,-0.026496569466911108,53.191489361702125,0.03786858435937512,69.50354609929079,0.008772576105826418,65.2482269503546,6.382978723404255,3306250,87.21804511278195,95.6043956043956,540000,-80.8350663893777,TRUE,FALSE,1.7543859649122806,High,14,86,Below Expected Value by Current Model,Strikers,1.1.0,2026-07-25 22:12:49 UTC,57,57,419,Performance data through: 2026-07-25 (updates every day) · MLSPA compensation as of: 2026-04-16,FALSE,2026-07-25 22:12:44 UTC
KXMeke41q6,asa_KXMeke41q6_mls_blended,Robert Taylor,robert taylor,1994-10-21,Finland,W,NA,31.693360711841205,mls,gpMOLwl5zy,W,asa_live,TRUE,NA,mlspa_via_asa,131,633333,843,633333,TRUE,0.15764139590854392,0.8423586040914561,blended,2025+2026 season to date,841.1083032490975,0.13883760936315637,0.053828988784254274,-5.516785076506037e-4,0.09306523889666868,-0.042397227539601984,0.05657477806184719,-0.021682490332361217,2026,633333,Austin FC,0.19903356584128315,1,0.16389996852481412,0.1748266330985984,0.05741758803833219,68.12227074235808,-5.884570748457e-4,54.148471615720524,0.09926958815954877,63.31877729257642,-0.04522370937698869,9.170305676855895,0.060346429934522834,84.27947598253274,-0.023127989688574713,1.7467248908296944,19.650655021834062,633333,57.94392523364486,62.747252747252745,527437.5,-38.2932702118108,FALSE,TRUE,NA,Low,41,59,Small-Sample Watchlist,Wingers and attacking midfielders,1.1.0,2026-07-25 22:12:49 UTC,NA,NA,NA,Performance data through: 2026-07-25 (updates every day) · MLSPA compensation as of: 2026-04-16,FALSE,2026-07-25 22:12:44 UTC
N6Mm76gZqE,asa_N6Mm76gZqE_mls_blended,Josef Martínez,josef martinez,1993-05-19,Venezuela,FW,NA,32.11772758384668,mls,0KPqjA456v,FW,asa_live,TRUE,NA,mlspa_via_asa,0,NA,2111,1450000,TRUE,0,1,blended,2025+2026 season to date,2111,0.30158313595452396,0.08336617716721932,-0.07574324964471815,0.2876674561819043,-0.02409237328280436,0.01682756987209853,0.01355755566082425,2026,1450000,San Jose Earthquakes,0.21844855740004673,1,0.2831837456436843,0.3020626620293694,0.08892392231447949,82.26950354609929,-0.08079279962355747,14.184397163120567,0.3068452866036202,91.48936170212765,-0.025698531502461062,53.90070921985816,0.017949407864132683,26.24113475177305,0.014461392705331118,75.88652482269504,85.1063829787234,1450000,73.6842105263158,89.45054945054945,540000,11.422172452407608,FALSE,FALSE,NA,Low,41,59,Insufficient Evidence,Strikers,1.1.0,2026-07-25 22:12:49 UTC,NA,NA,NA,Performance data through: 2026-07-25 (updates every day) · MLSPA compensation as of: 2026-04-16,FALSE,2026-07-25 22:12:44 UTC
N6MmGr7LqE,asa_N6MmGr7LqE_mls_blended,Gustavo Caraballo,gustavo caraballo,2008-08-29,USA,W,NA,16.83778234086242,mls,jYQJ8EW5GR,W,asa_live,TRUE,NA,mlspa_via_asa,0,NA,40,86997,TRUE,0,1,blended,2025+2026 season to date,40,0.6097499999999999,0.0162,0.049275,0.42210000000000003,0.0747,0.0414,0.006075,2026,86997,Orlando City SC,0.19903356584128315,1,0.22470334297620295,0.23968356584877326,0.01728000000054,18.777292576419214,0.0525600000016425,89.08296943231441,0.45024000001407005,99.12663755458516,0.07968000000249,87.33624454148472,0.04416000000138,62.88209606986899,0.0064800000002025,66.37554585152839,72.92576419213974,86997,2.803738317757009,2.5274725274725274,527437.5,70.12202587438273,FALSE,FALSE,NA,Low,41,59,Insufficient Evidence,Wingers and attacking midfielders,1.1.0,2026-07-25 22:12:49 UTC,NA,NA,NA,Performance data through: 2026-07-25 (updates every day) · MLSPA compensation as of: 2026-04-16,FALSE,2026-07-25 22:12:44 UTC
N6MmKBXeqE,asa_N6MmKBXeqE_mls_blended,Christian Cappis,christian cappis,1999-08-13,USA,CM,NA,26.882956878850106,mls,mKAqBBmqbg,CM,asa_live,TRUE,NA,mlspa_via_asa,1058,352000,1072,352000,TRUE,0.6018202502844141,0.3981797497155859,blended,2025+2026 season to date,1484.848691695108,0.16094883093067086,0.015411008099434565,0.024808338851816002,0.031747777749477867,0.0039043668177881886,0.08357216265090928,0.0015051767612449718,2026,352000,FC Dallas,0.13647524696350208,1,0.15390556182495838,0.1641659326184191,0.01643840863991057,51.690821256038646,0.02646222810943068,58.45410628019324,0.033864296267167984,63.28502415458937,0.004164657939104213,50.24154589371981,0.08914364016375563,84.05797101449275,0.0016055218787114757,72.94685990338164,71.4975845410628,352000,38.775510204081634,40.879120879120876,510300,32.72207433698117,TRUE,FALSE,81.44329896907216,High,20.75,79.25,Strong Value,Central and defensive midfielders,1.1.0,2026-07-25 22:12:49 UTC,19,19,81,Performance data through: 2026-07-25 (updates every day) · MLSPA compensation as of: 2026-04-16,FALSE,2026-07-25 22:12:44 UTC
N6MmKdJPqE,asa_N6MmKdJPqE_mls_blended,Jack Maher,jack maher,1999-10-28,USA,CB,NA,26.67488021902806,mls,vzqoOgNqap,CB,asa_live,TRUE,NA,mlspa_via_asa,494,995467,3005,995467,TRUE,0.4137353433835846,0.5862646566164154,blended,2025+2026 season to date,2255.7252931323283,0.16042491157952823,0.006713597103654706,0.0629309316967533,0.010919614712497593,0.014967165277301644,0.06619679512370505,-0.0013031923343840618,2026,995467,Nashville SC,0.1396251547943452,1,0.15605479443236342,0.1664584473997228,0.00716117024412214,41.48936170212766,0.06712632714530122,73.93617021276596,0.011647589027028086,35.1063829787234,0.015964976296287327,89.8936170212766,0.07060991480082528,45.212765957446805,-0.001390071823386439,66.48936170212765,68.61702127659575,995467,85,82.1978021978022,509583.5,-16.38297872340425,TRUE,FALSE,32.291666666666664,Medium,29.75,70.25,Below Expected Value by Current Model,Center backs,1.1.0,2026-07-25 22:12:49 UTC,66,66,289,Performance data through: 2026-07-25 (updates every day) · MLSPA compensation as of: 2026-04-16,FALSE,2026-07-25 22:12:44 UTC
N6MmWAYwqE,asa_N6MmWAYwqE_mls_blended,Noel Buck,noel buck,2005-04-05,USA,CM,NA,21.23750855578371,mls,0KPqjA456v,CM,asa_live,TRUE,NA,mlspa_via_asa,69,150000,255,150000,TRUE,0.15,0.85,blended,2025+2026 season to date,285.75,0.0442708695652174,0,-0.011573478260869564,0.013171304347826087,-0.008836956521739124,0.057510000000000006,-0.005999999999999996,2026,150000,San Jose Earthquakes,0.13647524696350208,1,0.10672938092730694,0.11384467299268504,0,6.280193236714976,-0.01234504347864665,16.908212560386474,0.01404939130478687,26.570048309178745,-0.009426086956816298,19.806763285024154,0.061344000001917004,50.24154589371981,-0.006400000000199996,26.570048309178745,18.357487922705314,150000,22.959183673469386,25.714285714285715,510300,-4.601695750764073,FALSE,TRUE,NA,Low,41,59,Small-Sample Watchlist,Central and defensive midfielders,1.1.0,2026-07-25 22:12:49 UTC,NA,NA,NA,Performance data through: 2026-07-25 (updates every day) · MLSPA compensation as of: 2026-04-16,FALSE,2026-07-25 22:12:44 UTC
N6MmWLNPqE,asa_N6MmWLNPqE_mls_blended,Matthew Corcoran,matthew corcoran,2006-02-17,USA,CM,NA,20.366872005475702,mls,vzqoOgNqap,CM,asa_live,TRUE,NA,mlspa_via_asa,991,135668,477,135668,TRUE,0.5860437610881135,0.4139562389118865,blended,2025+2026 season to date,1188.4571259609697,0.08383719580911149,0.005269205449493989,0.0010767213773250194,0.01172698972362005,0.015888008658491673,0.05538128605380316,-0.005505015453622394,2026,135668,Nashville SC,0.13647524696350208,1,0.1014964565395941,0.10826288697895026,0.005620485812969228,20.28985507246377,0.0011485028025159114,27.053140096618357,0.012508789038918952,22.705314009661837,0.016947209236254052,77.77777777777777,0.05907337179256941,46.3768115942029,-0.005872016484047388,28.502415458937197,12.560386473429952,135668,20.408163265306122,23.846153846153847,510300,-7.84777679187617,TRUE,FALSE,50.51546391752577,High,20.75,79.25,Fair Value,Central and defensive midfielders,1.1.0,2026-07-25 22:12:49 UTC,49,49,213,Performance data through: 2026-07-25 (updates every day) · MLSPA compensation as of: 2026-04-16,FALSE,2026-07-25 22:12:44 UTC
N6MmWNygqE,asa_N6MmWNygqE_mls_blended,Macielo Tschantret,macielo tschantret,2006-02-22,USA,CM,NA,20.35318275154004,mls,Z2vQ1xlqrA,CM,asa_live,TRUE,NA,mlspa_via_asa,58,88025,0,NA,FALSE,1,0,blended,2025+2026 season to date,58,-0.00124137931034482,0,-0.0409655172413793,0.00139655172413793,7.758620689655172e-4,0.06408620689655173,-0.02653448275862069,2026,88025,Sporting Kansas City,0.13647524696350208,1,0.12433609145608092,0.13262516422396417,0,6.280193236714976,-0.043696551725503435,7.729468599033816,0.0014896551724603436,4.3478260869565215,8.275862069224137e-4,41.06280193236715,0.06835862069179138,63.28502415458937,-0.02830344827674655,5.797101449275362,33.333333333333336,88025,3.826530612244898,4.34065934065934,510300,29.506802721088437,FALSE,TRUE,NA,Low,49,51,Small-Sample Watchlist,Central and defensive midfielders,1.1.0,2026-07-25 22:12:49 UTC,NA,NA,NA,Performance data through: 2026-07-25 (updates every day) · MLSPA compensation as of: 2026-04-16,FALSE,2026-07-25 22:12:44 UTC
N6MmWzkwqE,asa_N6MmWzkwqE_mls_blended,Tani Oluwaseyi,tani oluwaseyi,2000-05-15,Canada,FW,NA,25.127994524298423,mls,kRQand1MKZ,FW,asa_live,TRUE,NA,mlspa_via_asa,0,NA,2049,558750,TRUE,0,1,blended,2025+2026 season to date,2049,0.20442606149341144,0.07924743777452417,-0.05139531478770132,0.20085505124450953,-0.05800585651537335,0.03622401171303074,-0.00249926793557833,2026,558750,Minnesota United FC,0.21844855740004673,1,0.2076021647565225,0.22144230908054405,0.08453060029546736,75.88652482269504,-0.05482166910859458,38.297872340425535,0.21424538800083867,62.4113475177305,-0.06187291361833177,23.404255319148938,0.038638945828440255,71.63120567375887,-0.0026658857980335275,20.56737588652482,39.716312056737586,558750,52.63157894736842,57.582417582417584,540000,-12.915266890630832,FALSE,FALSE,NA,Low,41,59,Insufficient Evidence,Strikers,1.1.0,2026-07-25 22:12:49 UTC,NA,NA,NA,Performance data through: 2026-07-25 (updates every day) · MLSPA compensation as of: 2026-04-16,FALSE,2026-07-25 22:12:44 UTC
N6MmeAowME,asa_N6MmeAowME_mls_blended,Amahl Pellegrino,amahl pellegrino,1990-06-18,Tanzania,W,NA,36.03559206023272,mls,zeQZBOzQKw,W,asa_live,TRUE,NA,mlspa_via_asa,729,645000,1348,645000,TRUE,0.510146955913226,0.489853044086774,blended,2025+2026 season to date,1389.3219034289714,0.253335629281542,0.05427100564192759,1.5446256330815637e-4,0.17985678806743732,-0.011006144447466951,0.019863100713702796,0.010196416742632995,2026,645000,San Diego FC,0.19903356584128315,1,0.2369575669840348,0.25275473812420235,0.057889072686531796,69.43231441048034,1.647600675338489e-4,55.45851528384279,0.1918472406112617,92.5764192139738,-0.011739887410998287,23.14410480349345,0.021187307428611753,24.890829694323145,0.010876177859148408,76.41921397379913,80.349344978165945,645000,58.87850467289719,63.40659340659341,527437.5,21.47084030526875,TRUE,FALSE,86.02150537634408,Medium,29.75,70.25,Strong Value,Wingers and attacking midfielders,1.1.0,2026-07-25 22:12:49 UTC,14,14,62,Performance data through: 2026-07-25 (updates every day) · MLSPA compensation as of: 2026-04-16,FALSE,2026-07-25 22:12:44 UTC
N6MmeE3wME,asa_N6MmeE3wME_mls_blended,Hannes Wolf,hannes wolf,1999-04-16,Austria,W,NA,27.208761122518823,mls,Vj58weDM8n,W,asa_live,TRUE,NA,mlspa_via_asa,1161,1510000,3193,1510000,TRUE,0.6238581407845244,0.3761418592154756,blended,2025+2026 season to date,2362.020956475014,0.17034749324868192,0.05399447323394994,-0.04811996167058751,0.09612356287842848,0.03063144273988657,0.03491574816148907,0.002802227905515369,2026,1510000,New York City FC,0.19903356584128315,1,0.17615827035271825,0.18790215504877142,0.057594104784679745,68.99563318777292,-0.051327959116897345,12.663755458515285,0.10253180040686116,65.50218340611353,0.032673538923566725,66.37554585152839,0.037243464706752195,49.34497816593886,0.002989043099309801,55.45851528384279,27.94759825327511,1510000,80.8411214953271,89.67032967032966,527437.5,-52.89352324205199,TRUE,FALSE,11.827956989247312,High,20.75,79.25,Below Expected Value by Current Model,Wingers and attacking midfielders,1.1.0,2026-07-25 22:12:49 UTC,83,83,376,Performance data through: 2026-07-25 (updates every day) · MLSPA compensation as of: 2026-04-16,FALSE,2026-07-25 22:12:44 UTC
N6MmeKWLME,asa_N6MmeKWLME_mls_blended,Brooks Lennon,brooks lennon,1997-09-22,USA,FB,NA,27.77275838466803,mls,KAqBN0Vqbg,FB,asa_live,TRUE,NA,mlspa_via_asa,0,NA,1759,740000,TRUE,0,1,blended,2025+2026 season to date,1759,0.0865412166003411,0.01073450824332006,0.00894371802160318,0.02223649801023308,0.0110824332006822,0.04425810119386014,-0.010714042069357579,2026,740000,Atlanta United FC,0.11482828719990651,1,0.09373589331070109,0.09998495286787236,0.011450142126565881,47.44897959183673,0.009539965890008183,41.326530612244895,0.0237189312116565,47.95918367346939,0.011821262081097093,66.3265306122449,0.047208641274926084,39.285714285714285,-0.011428311541005218,17.857142857142858,23.46938775510204,740000,85.29411764705883,69.72527472527473,336500,-61.824729891956785,FALSE,FALSE,NA,Low,41,59,Insufficient Evidence,Fullbacks and wingbacks,1.1.0,2026-07-25 22:12:49 UTC,NA,NA,NA,Performance data through: 2026-07-25 (updates every day) · MLSPA compensation as of: 2026-04-16,FALSE,2026-07-25 22:12:44 UTC
N6MmeZ4WME,asa_N6MmeZ4WME_mls_blended,Connor Ronan,connor ronan,1998-03-06,Republic of Ireland,CM,NA,28.320328542094455,mls,pzeQZ6xQKw,CM,asa_live,TRUE,NA,mlspa_via_asa,229,562400,1164,562400,TRUE,0.2465016146393972,0.7534983853606028,blended,2025+2026 season to date,1106.0721205597415,0.16863513588494447,0.013183114533974005,0.08255211789641895,0.024896241385815587,-0.0013864592234194822,0.049299601611310244,9.051968084515996e-5,2026,562400,Colorado Rapids,0.13647524696350208,1,0.15732498485420454,0.16781331718306233,0.014061988836678375,43.47826086956522,0.08805559242559861,89.85507246376811,0.026555990812366502,55.072463768115945,-0.0014788898383603297,34.78260869565217,0.052586241720374245,35.7487922705314,9.655432623785461e-5,65.70048309178743,75.3623188405797,562400,54.08163265306123,57.69230769230769,510300,21.280686187518477,FALSE,TRUE,NA,Low,41,59,Small-Sample Watchlist,Central and defensive midfielders,1.1.0,2026-07-25 22:12:49 UTC,NA,NA,NA,Performance data through: 2026-07-25 (updates every day) · MLSPA compensation as of: 2026-04-16,FALSE,2026-07-25 22:12:44 UTC
N6MmebxeME,asa_N6MmebxeME_mls_blended,Rodrigues,rodrigues,1997-10-10,Brazil,CB,NA,27.72347707049966,mls,0KPqjA456v,CB,asa_live,TRUE,NA,mlspa_via_asa,0,NA,1660,758000,TRUE,0,1,blended,2025+2026 season to date,1660,0.2291638554216867,0.013505421686746979,0.08008373493975905,0.03346265060240963,0.00389277108433734,0.09920060240963856,-9.813253012048197e-4,2026,758000,San Jose Earthquakes,0.1396251547943452,1,0.20539251897195002,0.21908535357692643,0.014405783132980292,75.53191489361703,0.08542265060507911,90.42553191489361,0.03569349397701903,81.38297872340425,0.004152289156756255,54.787234042553195,0.10581397590692115,79.25531914893617,-0.0010467469879845185,71.27659574468085,96.80851063829788,758000,68.88888888888889,71.53846153846153,509583.5,27.91962174940899,FALSE,FALSE,NA,Low,41,59,Insufficient Evidence,Center backs,1.1.0,2026-07-25 22:12:49 UTC,NA,NA,NA,Performance data through: 2026-07-25 (updates every day) · MLSPA compensation as of: 2026-04-16,FALSE,2026-07-25 22:12:44 UTC
N6MmkXx0qE,asa_N6MmkXx0qE_mls_blended,Will Cleary,will cleary,2003-02-17,USA,FB,NA,23.367556468172484,mls,NPqxKXZ59d,FB,asa_live,TRUE,NA,mlspa_via_asa,193,89309,0,NA,FALSE,1,0,blended,2025+2026 season to date,193,-0.17389119170984457,0,0.015388601036269432,0.0073212435233160605,0.011145077720207251,-0.2077461139896373,0,2026,89309,Charlotte FC,0.11482828719990651,1,0.044559864211782985,0.04753052182738718,0,6.377551020408164,0.01641450777253368,52.55102040816327,0.007809326425114506,13.26530612244898,0.011888082901925903,66.83673469387755,-0.22159585492920467,0.5102040816326531,0,59.94897959183673,1.530612244897959,89309,7.4866310160427805,6.7032967032967035,336500,-5.956018771144821,FALSE,TRUE,NA,Low,49,51,Small-Sample Watchlist,Fullbacks and wingbacks,1.1.0,2026-07-25 22:12:49 UTC,NA,NA,NA,Performance data through: 2026-07-25 (updates every day) · MLSPA compensation as of: 2026-04-16,FALSE,2026-07-25 22:12:44 UTC
N6Mmo4vLqE,asa_N6Mmo4vLqE_mls_blended,Maxwell Woledzi,maxwell woledzi,2001-07-02,Ghana,CB,NA,24.996577686516083,mls,vzqoOgNqap,CB,asa_live,TRUE,NA,mlspa_via_asa,1537,667500,0,NA,FALSE,1,0,blended,2025+2026 season to date,1537,0.1269310344827586,0.00489525048796356,0.0506623292127521,0.0091171112556929,0.0070676642810670095,0.06007221860767729,-0.00488353936239427,2026,667500,Nashville SC,0.1396251547943452,1,0.1304951300311685,0.13919480537092957,0.005221600520657638,27.659574468085108,0.05403981782862432,59.04255319148936,0.009724918673042997,31.382978723404257,0.007538841900040399,67.02127659574468,0.06407703318352484,39.361702127659576,-0.005209108653383339,45.744680851063826,35.1063829787234,667500,61.111111111111114,65.27472527472527,509583.5,-26.00472813238771,TRUE,FALSE,27.083333333333332,High,22,78,Below Expected Value by Current Model,Center backs,1.1.0,2026-07-25 22:12:49 UTC,71,71,311,Performance data through: 2026-07-25 (updates every day) · MLSPA compensation as of: 2026-04-16,FALSE,2026-07-25 22:12:44 UTC
N6Mmo9EPqE,asa_N6Mmo9EPqE_mls_blended,Nathan Ordaz,nathan ordaz,2004-01-12,USA,FW,NA,22.466803559206024,mls,EKXMeX3Q64,FW,asa_live,TRUE,NA,mlspa_via_asa,602,545000,1622,545000,TRUE,0.46236559139784944,0.5376344086021505,blended,2025+2026 season to date,1474.0430107526881,0.14637363555262606,0.05183959326541164,-0.06034534084903999,0.14998977197179336,-0.011580241722399943,0.01984687505327098,-0.003377022166410012,2026,545000,D.C. United,0.21844855740004673,1,0.1672241930792795,0.17837247262347225,0.0552955661515004,41.843971631205676,-0.06436836357432082,27.659574468085108,0.1599890901082459,37.5886524822695,-0.012352257837612615,61.702127659574465,0.021170000057483943,34.04255319148936,-0.00360215697761658,17.02127659574468,12.056737588652481,545000,51.12781954887218,55.934065934065934,540000,-39.0710819602197,TRUE,FALSE,28.07017543859649,Medium,29.75,70.25,Below Expected Value by Current Model,Strikers,1.1.0,2026-07-25 22:12:49 UTC,42,42,307,Performance data through: 2026-07-25 (updates every day) · MLSPA compensation as of: 2026-04-16,FALSE,2026-07-25 22:12:44 UTC
N6MmoN8vqE,asa_N6MmoN8vqE_mls_blended,Dominic Iankov,dominic iankov,2000-07-28,Bulgaria,CM,NA,24.92539356605065,mls,APk5LGOMOW,CM,asa_live,TRUE,NA,mlspa_via_asa,0,NA,45,410000,TRUE,0,1,blended,2025+2026 season to date,45,0.1288,6e-4,0.0842,-0.0404,0.089,0,-0.0046,2026,410000,CF Montréal,0.13647524696350208,1,0.13593976461721122,0.1450024155962233,6.400000000199999e-4,13.526570048309178,0.08981333333614,90.33816425120773,-0.04309333333468,0.4830917874396135,0.0949333333363,98.55072463768116,0,4.106280193236715,-0.00490666666682,30.917874396135264,53.14009661835749,410000,43.36734693877551,44.67032967032967,510300,9.772749679581977,FALSE,FALSE,NA,Low,41,59,Insufficient Evidence,Central and defensive midfielders,1.1.0,2026-07-25 22:12:49 UTC,NA,NA,NA,Performance data through: 2026-07-25 (updates every day) · MLSPA compensation as of: 2026-04-16,FALSE,2026-07-25 22:12:44 UTC
N6MmoYnPqE,asa_N6MmoYnPqE_mls_blended,Kobi Henry,kobi henry,2004-04-26,USA,FB,NA,21.180013689253936,mls,a2lqR4JMr0,FB,asa_live,TRUE,NA,mlspa_via_asa,0,NA,58,109982,TRUE,0,1,blended,2025+2026 season to date,58,-0.00604730560344825,4.41853448275862e-6,0.01722413793103448,0.12289655172413796,-0.15377586206896549,0.00418965517241379,0.00341379310344827,2026,109982,Real Salt Lake,0.11482828719990651,1,0.1041735996883646,0.11111850633772802,4.713103448423146e-6,13.26530612244898,0.018372413793677583,53.06122448979592,0.1310896551765104,95.91836734693878,-0.16402758621202237,1.530612244897959,0.004468965517381031,12.755102040816327,0.0036413793104586143,81.63265306122449,35.714285714285715,109982,17.647058823529413,14.615384615384615,336500,18.067226890756302,FALSE,FALSE,NA,Low,41,59,Insufficient Evidence,Fullbacks and wingbacks,1.1.0,2026-07-25 22:12:49 UTC,NA,NA,NA,Performance data through: 2026-07-25 (updates every day) · MLSPA compensation as of: 2026-04-16,FALSE,2026-07-25 22:12:44 UTC
N6MmovmZqE,asa_N6MmovmZqE_mls_blended,Viktor Radojević,viktor radojevic,2004-07-14,Serbia,FB,NA,21.963039014373717,mls,X0Oq66zq6D,FB,asa_live,TRUE,NA,mlspa_via_asa,168,357000,0,NA,FALSE,1,0,blended,2025+2026 season to date,168,0.15123214285714287,0.02057142857142856,0.09348214285714283,0.01424999999999999,0.00444642857142857,0.04633928571428571,-0.02785714285714285,2026,357000,Chicago Fire FC,0.11482828719990651,1,0.12279163062492697,0.1309777393373485,0.021942857143542844,72.44897959183673,0.09971428571740176,98.46938775510205,0.01520000000047499,30.612244897959183,0.0047428571430053554,51.02040816326531,0.049428571430116065,42.857142857142854,-0.02971428571521428,6.63265306122449,61.224489795918366,357000,52.406417112299465,41.0989010989011,336500,8.818072683618901,FALSE,TRUE,NA,Low,49,51,Small-Sample Watchlist,Fullbacks and wingbacks,1.1.0,2026-07-25 22:12:49 UTC,NA,NA,NA,Performance data through: 2026-07-25 (updates every day) · MLSPA compensation as of: 2026-04-16,FALSE,2026-07-25 22:12:44 UTC
NPqxA1n8Q9,asa_NPqxA1n8Q9_mls_blended,Owen Presthus,owen presthus,2006-02-21,USA,FB,NA,20.355920602327178,mls,mvzqoLZQap,FB,asa_live,TRUE,NA,mlspa_via_asa,68,94216,0,NA,FALSE,1,0,blended,2025+2026 season to date,68,0.03494117647058823,0,0.02395588235294118,0.00344117647058823,0.00860294117647058,-0.00502941176470588,0.00397058823529411,2026,94216,Columbus Crew,0.11482828719990651,1,0.10669606634722141,0.1138091374405927,0,6.377551020408164,0.025552941177269122,60.96938775510204,0.003670588235408818,6.122448979591836,0.009176470588522051,62.755102040816325,-0.005364705882520586,7.653061224489796,0.004235294117779404,83.16326530612245,39.285714285714285,94216,9.090909090909092,9.010989010989011,336500,30.19480519480519,FALSE,TRUE,NA,Low,49,51,Small-Sample Watchlist,Fullbacks and wingbacks,1.1.0,2026-07-25 22:12:49 UTC,NA,NA,NA,Performance data through: 2026-07-25 (updates every day) · MLSPA compensation as of: 2026-04-16,FALSE,2026-07-25 22:12:44 UTC
NPqxA8RmQ9,asa_NPqxA8RmQ9_mls_blended,Nelson Quiñones,nelson quinones,2002-08-20,Colombia,W,NA,22.863791923340177,mls,YgOMngl5wN,W,asa_live,TRUE,NA,mlspa_via_asa,0,NA,18,272894,TRUE,0,1,blended,2025+2026 season to date,18,0.4600000000000001,0,0.195,0.1495,0.081,0.0345,0,2026,272894,Houston Dynamo FC,0.19903356584128315,1,0.20663452994299336,0.22041016527941407,0,5.895196506550218,0.2080000000065,99.12663755458516,0.15946666667165,87.77292576419214,0.0864000000027,90.39301310043668,0.03680000000115,47.161572052401745,0,38.646288209606986,60.698689956331876,272894,31.77570093457944,34.395604395604394,527437.5,28.922989021752436,FALSE,FALSE,NA,Low,41,59,Insufficient Evidence,Wingers and attacking midfielders,1.1.0,2026-07-25 22:12:49 UTC,NA,NA,NA,Performance data through: 2026-07-25 (updates every day) · MLSPA compensation as of: 2026-04-16,FALSE,2026-07-25 22:12:44 UTC
NPqxADDYQ9,asa_NPqxADDYQ9_mls_blended,Ali Ahmed,ali ahmed,2000-10-10,Canada,W,NA,24.722792607802873,mls,lgpMOvnQzy,W,asa_live,TRUE,NA,mlspa_via_asa,0,NA,1865,159375,TRUE,0,1,blended,2025+2026 season to date,1865,0.3527517426273459,0.05303485254691689,0.05261501340482574,0.08728310991957104,0.08906863270777479,0.04840214477211796,0.02234798927613941,2026,159375,Vancouver Whitecaps FC,0.19903356584128315,1,0.31533555355163084,0.33635792379891744,0.056570509385145844,65.93886462882097,0.05612268096690129,90.82969432314411,0.09310198391711855,57.20524017467249,0.09500654155792873,93.01310043668123,0.051628954425205896,72.92576419213974,0.02383785522862697,89.51965065502183,96.06986899563319,159375,25.700934579439252,26.593406593406595,527437.5,70.36893441619394,FALSE,FALSE,NA,Low,41,59,Insufficient Evidence,Wingers and attacking midfielders,1.1.0,2026-07-25 22:12:49 UTC,NA,NA,NA,Performance data through: 2026-07-25 (updates every day) · MLSPA compensation as of: 2026-04-16,FALSE,2026-07-25 22:12:44 UTC
NPqxAN6GQ9,asa_NPqxAN6GQ9_mls_blended,Jonathan Shore,jonathan shore,2007-04-13,USA,CM,NA,19.21697467488022,mls,Vj58weDM8n,CM,asa_live,TRUE,NA,mlspa_via_asa,258,125900,1726,125900,TRUE,0.26931106471816285,0.7306889352818371,blended,2025+2026 season to date,1519.1691022964508,0.09591308297268594,0.013422916611228975,0.015000605984367778,0.021290440687314484,-0.004854631486512308,0.05382904709260554,-0.0027752959163185147,2026,125900,New York City FC,0.13647524696350208,1,0.1073974418037563,0.11455727126091995,0.01431777771909167,44.927536231884055,0.01600064638382565,48.309178743961354,0.022709803400511798,49.75845410628019,-0.005178273585774949,26.570048309178745,0.057417650233906874,44.44444444444444,-0.0029603156441655922,38.64734299516908,19.806763285024154,125900,19.387755102040817,22.417582417582416,510300,0.41900818298333675,FALSE,TRUE,NA,Low,41,59,Small-Sample Watchlist,Central and defensive midfielders,1.1.0,2026-07-25 22:12:49 UTC,NA,NA,NA,Performance data through: 2026-07-25 (updates every day) · MLSPA compensation as of: 2026-04-16,FALSE,2026-07-25 22:12:44 UTC
NPqxAP6gQ9,asa_NPqxAP6gQ9_mls_blended,Archie Goodwin,archie goodwin,2004-11-07,Australia,FW,NA,21.645448323066393,mls,NPqxKXZ59d,FW,asa_live,TRUE,NA,mlspa_via_asa,327,366187,150,366187,TRUE,0.3184031158714703,0.6815968841285297,blended,2025+2026 season to date,429.23953261927943,0.30586562804284323,0.04136319376825706,-0.0309873417721519,0.4308636806231743,-0.1580214216163583,0.003879259980525803,0.018768257059396307,2026,366187,Charlotte FC,0.21844855740004673,1,0.25490543780199726,0.27189913366396057,0.04412074002085297,27.659574468085108,-0.03305316455799494,61.702127659574465,0.4595879260124147,100,-0.16855618306271622,4.25531914893617,0.004137877312690165,14.184397163120567,0.020019474197315004,81.56028368794327,75.177304964539,366187,41.35338345864662,41.86813186813187,540000,33.823921505892386,FALSE,TRUE,NA,Low,41,59,Small-Sample Watchlist,Strikers,1.1.0,2026-07-25 22:12:49 UTC,NA,NA,NA,Performance data through: 2026-07-25 (updates every day) · MLSPA compensation as of: 2026-04-16,FALSE,2026-07-25 22:12:44 UTC
NPqxAp4mQ9,asa_NPqxAp4mQ9_mls_blended,Fidel Barajas,fidel barajas,2006-04-05,USA,W,NA,19.238877481177276,mls,EKXMeX3Q64,W,asa_live,TRUE,NA,mlspa_via_asa,0,NA,50,104000,TRUE,0,1,blended,2025+2026 season to date,50,0.01998000000000001,0,0.03329999999999999,0.09234,-0.15047999999999995,0.030600000000000002,0.01422,2026,104000,D.C. United,0.19903356584128315,1,0.1852602146227229,0.19761089560374645,0,5.895196506550218,0.03552000000110999,82.96943231441048,0.09849600000307801,62.88209606986899,-0.16051200000501595,4.366812227074236,0.03264000000102,38.427947598253276,0.015168000000474,79.91266375545851,37.55458515283843,104000,13.785046728971963,12.967032967032967,527437.5,23.769538423866464,FALSE,FALSE,NA,Low,41,59,Insufficient Evidence,Wingers and attacking midfielders,1.1.0,2026-07-25 22:12:49 UTC,NA,NA,NA,Performance data through: 2026-07-25 (updates every day) · MLSPA compensation as of: 2026-04-16,FALSE,2026-07-25 22:12:44 UTC
NPqxKnY859,asa_NPqxKnY859_mls_blended,Nonso Adimabua,nonso adimabua,2000-09-07,Nigeria,FW,NA,25.812457221081452,mls,0KPqjA456v,FW,asa_live,TRUE,NA,mlspa_via_asa,52,117285,0,NA,FALSE,1,0,blended,2025+2026 season to date,52,0.12288461538461538,0,0.02007692307692308,0.02007692307692308,-0.00311538461538461,0.09017307692307693,-0.00432692307692307,2026,117285,San Jose Earthquakes,0.21844855740004673,1,0.21082689331292645,0.22488201954081577,0,4.25531914893617,0.02141538461605385,92.90780141843972,0.02141538461605385,2.8368794326241136,-0.0033230769231807635,66.66666666666667,0.09618461538762116,97.87234042553192,-0.004615384615528839,12.76595744680851,43.97163120567376,117285,22.55639097744361,19.45054945054945,540000,21.41524022823015,FALSE,TRUE,NA,Low,49,51,Small-Sample Watchlist,Strikers,1.1.0,2026-07-25 22:12:49 UTC,NA,NA,NA,Performance data through: 2026-07-25 (updates every day) · MLSPA compensation as of: 2026-04-16,FALSE,2026-07-25 22:12:44 UTC
NPqxe1RjQ9,asa_NPqxe1RjQ9_mls_blended,Felipe Carballo,felipe carballo,1996-10-04,Uruguay,CM,NA,28.739219712525667,mls,a2lqRX2Mr0,CM,asa_live,TRUE,NA,mlspa_via_asa,0,NA,1183,1199777,TRUE,0,1,blended,2025+2026 season to date,1183,0.2694522400676247,0.02512087912087912,0.08622654268808115,0.03129078613693999,0.01660016906170752,0.11160608622147083,-0.00139222316145393,2026,1199777,New York Red Bulls,0.13647524696350208,1,0.2247039529882789,0.23968421652832095,0.02679560439644176,75.3623188405797,0.09197497887016078,90.82125603864735,0.03337683854711235,62.80193236714976,0.017706846999708026,78.74396135265701,0.11904649197328909,95.65217391304348,-0.0014850380389305994,46.85990338164251,99.03381642512078,1199777,92.34693877551021,85.82417582417582,510300,6.686877649610565,FALSE,FALSE,NA,Low,41,59,Insufficient Evidence,Central and defensive midfielders,1.1.0,2026-07-25 22:12:49 UTC,NA,NA,NA,Performance data through: 2026-07-25 (updates every day) · MLSPA compensation as of: 2026-04-16,FALSE,2026-07-25 22:12:44 UTC
NPqxeJAkQ9,asa_NPqxeJAkQ9_mls_blended,Jailson,jailson,1995-09-07,Brazil,CB,NA,29.815195071868583,mls,eVq3ya6MWO,CB,asa_live,TRUE,NA,mlspa_via_asa,0,NA,166,1317444,TRUE,0,1,blended,2025+2026 season to date,166,0.14893373493975903,3.2530120481927705e-4,0.04960843373493975,0.013933734939759032,0.03979518072289157,0.048686746987951814,-0.0034156626506024,2026,1317444,Los Angeles FC,0.1396251547943452,1,0.14164241889896492,0.151085246830284,3.469879518180722e-4,14.893617021276595,0.052915662652256015,53.723404255319146,0.014862650602874092,45.212765957446805,0.042448192772410846,99.46808510638297,0.051932530122104824,26.595744680851062,-0.003643373494089749,53.191489361702125,48.93617021276596,1317444,93.33333333333333,87.25274725274726,509583.5,-44.39716312056737,FALSE,FALSE,NA,Low,41,59,Insufficient Evidence,Center backs,1.1.0,2026-07-25 22:12:49 UTC,NA,NA,NA,Performance data through: 2026-07-25 (updates every day) · MLSPA compensation as of: 2026-04-16,FALSE,2026-07-25 22:12:44 UTC
NPqxen8gQ9,asa_NPqxen8gQ9_mls_blended,Adrián Marín,adrian marin,1997-01-09,Spain,CB,NA,29.472963723477072,mls,jYQJ8EW5GR,CB,asa_live,TRUE,NA,mlspa_via_asa,1142,577972,397,577972,TRUE,0.6199782844733985,0.38002171552660147,blended,2025+2026 season to date,1292.8686210640608,0.1583978905307723,0.007116074139105177,0.0677673389181073,0.005125407166123773,0.013801503950639567,0.06547126658407107,-8.83700227274589e-4,2026,577972,Orlando City SC,0.1396251547943452,1,0.1524473235888762,0.16261047849988286,0.0075904790819493915,44.148936170212764,0.07228516151490669,81.38297872340425,0.005467100977369538,21.80851063829787,0.014721604214475588,86.17021276595744,0.06983601769185818,44.680851063829785,-9.426135757890183e-4,72.34042553191489,65.42553191489361,577972,55.55555555555556,59.010989010989015,509583.5,9.869976359338054,TRUE,FALSE,67.70833333333333,High,20.75,79.25,Undervalued,Center backs,1.1.0,2026-07-25 22:12:49 UTC,32,32,140,Performance data through: 2026-07-25 (updates every day) · MLSPA compensation as of: 2026-04-16,FALSE,2026-07-25 22:12:44 UTC
NPqxmgXkQ9,asa_NPqxmgXkQ9_mls_blended,Daniel Steres,daniel steres,1990-11-11,USA,FB,NA,34.63655030800821,mls,YgOMngl5wN,FB,asa_live,TRUE,NA,mlspa_via_asa,0,NA,446,323438,TRUE,0,1,blended,2025+2026 season to date,446,0.06263677130044842,0.00270403587443946,0.04110538116591928,0.00799103139013453,-0.01117937219730941,0.02748430493273542,-0.005468609865470849,2026,323438,Houston Dynamo FC,0.11482828719990651,1,0.09257454332690622,0.09874617955178579,0.0028843049328255584,18.367346938775512,0.04384573991168408,81.63265306122449,0.008523766816409865,14.795918367346939,-0.011924663677502683,19.387755102040817,0.02931659192916726,20.408163265306122,-0.005833183856684526,29.591836734693878,20.918367346938776,323438,48.1283422459893,38.24175824175824,336500,-27.209974899050525,FALSE,FALSE,NA,Low,41,59,Insufficient Evidence,Fullbacks and wingbacks,1.1.0,2026-07-25 22:12:49 UTC,NA,NA,NA,Performance data through: 2026-07-25 (updates every day) · MLSPA compensation as of: 2026-04-16,FALSE,2026-07-25 22:12:44 UTC
NPqxoNPx59,asa_NPqxoNPx59_mls_blended,Osvald Søe,osvald soe,2005-11-05,Denmark,CB,NA,20.65160848733744,mls,zeQZBOzQKw,CB,asa_live,TRUE,NA,mlspa_via_asa,477,234996,0,NA,FALSE,1,0,blended,2025+2026 season to date,477,0.0740943396226415,0.00932075471698113,0.06869811320754717,2.264150943396226e-4,-0.03220754716981132,0.03337735849056603,-0.005320754716981131,2026,234996,San Diego FC,0.1396251547943452,1,0.1106017575455962,0.11797520805232267,0.009942138365090563,59.57446808510638,0.07327798742367359,83.51063829787235,2.4150943396981125e-4,9.042553191489361,-0.03435471698220566,4.25531914893617,0.035602515724383006,14.361702127659575,-0.005675471698290565,44.148936170212764,18.085106382978722,234996,28.88888888888889,32.30769230769231,509583.5,-10.803782505910167,TRUE,FALSE,38.541666666666664,Low,37.75,62.25,Fair Value,Center backs,1.1.0,2026-07-25 22:12:49 UTC,60,60,264,Performance data through: 2026-07-25 (updates every day) · MLSPA compensation as of: 2026-04-16,FALSE,2026-07-25 22:12:44 UTC
NPqxx41Gq9,asa_NPqxx41Gq9_mls_blended,Antoine Coupland,antoine coupland,2003-12-12,Canada,W,NA,21.5523613963039,mls,lgpMOvnQzy,W,asa_live,FALSE,NA,NA,0,NA,25,NA,TRUE,0,1,blended,2025+2026 season to date,25,0.47268,0.16668,0.20664,0.085320000000000007,-0.08927999999999998,0.10187999999999998,0.00144,2026,NA,Vancouver Whitecaps FC,0.19903356584128315,1,0.2099794232076318,0.22397805142847324,0.177792000005556,100,0.220416000006888,99.56331877729258,0.09100800000284401,55.89519650655022,-0.09523200000297598,5.676855895196507,0.10867200000339598,96.5065502183406,0.001536000000048,50.21834061135371,64.62882096069869,NA,NA,NA,527437.5,NA,FALSE,FALSE,NA,Insufficient,41,59,Insufficient Evidence,Wingers and attacking midfielders,1.1.0,2026-07-25 22:12:49 UTC,NA,NA,NA,Performance data through: 2026-07-25 (updates every day) · MLSPA compensation as of: 2026-04-16,FALSE,2026-07-25 22:12:44 UTC
NPqxx91gq9,asa_NPqxx91gq9_mls_blended,Ajani Fortune,ajani fortune,2002-12-30,Trinidad & Tobago,CM,NA,23.50171115674196,mls,KAqBN0Vqbg,CM,asa_live,TRUE,NA,mlspa_via_asa,536,120000,904,120000,TRUE,0.4336569579288026,0.5663430420711975,blended,2025+2026 season to date,1047.9741100323624,0.1361814481484664,0.02778238035913739,0.02764744608643354,0.026182951714064782,0.012449168743019155,0.042015980754360346,1.0352049145115469e-4,2026,120000,Atlanta United FC,0.13647524696350208,1,0.1362884154169133,0.1453743097825838,0.029634539050672627,80.67632850241546,0.029490609159784024,63.768115942028984,0.027928481829208533,57.48792270531401,0.01327911332630207,72.94685990338164,0.0448170461393849,23.67149758454106,1.1042185755134902e-4,66.66666666666667,54.106280193236714,120000,18.112244897959183,20.54945054945055,510300,35.99403529527753,TRUE,FALSE,85.56701030927834,Medium,29.75,70.25,Fair Value,Central and defensive midfielders,1.1.0,2026-07-25 22:12:49 UTC,15,15,64,Performance data through: 2026-07-25 (updates every day) · MLSPA compensation as of: 2026-04-16,FALSE,2026-07-25 22:12:44 UTC
NPqxxLDkq9,asa_NPqxxLDkq9_mls_blended,Andrew Privett,andrew privett,2000-08-02,USA,CB,NA,25.911019849418206,mls,NPqxKXZ59d,CB,asa_live,TRUE,NA,mlspa_via_asa,643,281400,2047,281400,TRUE,0.4787788533134773,0.5212211466865226,blended,2025+2026 season to date,1709.939687267312,0.17572792176117386,0.005397293898667968,0.0694189928344369,0.0076141330265201085,-0.008962793562014907,0.11580609402059786,-0.01354579845703408,2026,281400,Charlotte FC,0.1396251547943452,1,0.1663503348486241,0.17744035717741072,0.005757113492092409,32.4468085106383,0.07404692569237999,84.57446808510639,0.008121741895208586,27.127659574468087,-0.00956031313311466,18.085106382978722,0.12352650029249791,85.1063829787234,-0.014448851687954546,23.404255319148938,77.12765957446808,281400,32.22222222222222,35.16483516483517,509583.5,44.90543735224586,TRUE,FALSE,88.54166666666667,Medium,29.75,70.25,Strong Value,Center backs,1.1.0,2026-07-25 22:12:49 UTC,12,12,52,Performance data through: 2026-07-25 (updates every day) · MLSPA compensation as of: 2026-04-16,FALSE,2026-07-25 22:12:44 UTC
NPqxxgBXq9,asa_NPqxxgBXq9_mls_blended,Brandon Cambridge,brandon cambridge,2002-02-09,Canada,W,NA,23.38945927446954,mls,NPqxKXZ59d,W,asa_live,TRUE,NA,mlspa_via_asa,0,NA,15,133026,TRUE,0,1,blended,2025+2026 season to date,15,1.6800000000000002,0.0672,0.1878,1.5474,-0.1224,0,0,2026,133026,Charlotte FC,0.19903356584128315,1,0.23515469838173966,0.2508316782816941,0.07168000000224,84.71615720524018,0.20032000000626,98.68995633187772,1.65056000005158,100,-0.13056000000408,4.8034934497816595,0,8.951965065502183,0,38.646288209606986,78.60262008733625,133026,21.962616822429908,23.406593406593405,527437.5,56.64000326490634,FALSE,FALSE,NA,Low,41,59,Insufficient Evidence,Wingers and attacking midfielders,1.1.0,2026-07-25 22:12:49 UTC,NA,NA,NA,Performance data through: 2026-07-25 (updates every day) · MLSPA compensation as of: 2026-04-16,FALSE,2026-07-25 22:12:44 UTC
NPqxxjAmq9,asa_NPqxxjAmq9_mls_blended,Elijah Wynder,elijah wynder,2003-03-10,USA,CM,NA,23.310061601642712,mls,kaDQ0wRqEv,CM,asa_live,TRUE,NA,mlspa_via_asa,1002,352208,1053,352208,TRUE,0.5887191539365453,0.4112808460634547,blended,2025+2026 season to date,1435.0787309048178,0.12563811805116154,0.020776622776622775,-0.015333313246356723,0.06731730894774372,0.009058573623791014,0.03432380206293249,0.009495123886428229,2026,352208,LA Galaxy,0.13647524696350208,1,0.12883321672162593,0.13742209784069542,0.022161730962423513,67.6328502415459,-0.01635553412995828,13.526570048309178,0.07180512954650388,90.33816425120773,0.009662478532345701,63.768115942028984,0.036612055534938785,15.942028985507246,0.010128132145839948,91.78743961352657,40.09661835748792,352208,39.285714285714285,40.989010989010985,510300,0.8109040717736349,TRUE,FALSE,58.76288659793814,High,20.75,79.25,Fair Value,Central and defensive midfielders,1.1.0,2026-07-25 22:12:49 UTC,41,41,177,Performance data through: 2026-07-25 (updates every day) · MLSPA compensation as of: 2026-04-16,FALSE,2026-07-25 22:12:44 UTC
NWMW0Bz5lz,asa_NWMW0Bz5lz_mls_blended,Sergio Busquets,sergio busquets,1988-07-16,Spain,CM,NA,36.95824777549623,mls,zeQZkL1MKw,CM,asa_live,TRUE,NA,mlspa_via_asa,0,NA,3809,8774996,TRUE,0,1,blended,2025+2026 season to date,3809,0.19234339721711735,0.00248569178262011,0.1158493042793384,0.01379417169860855,0.00545576266736676,0.05886741927014964,-0.00410895248096613,2026,8774996,Inter Miami CF,0.13647524696350208,1,0.18474056434068978,0.19705660196956046,0.002651404568210974,15.458937198067632,0.12357259123515593,97.10144927536231,0.01471378314564226,29.468599033816425,0.005819480178706403,53.14009661835749,0.06279191389012187,54.589371980676326,-0.004382882646500837,31.884057971014492,92.27053140096618,8774996,99.48979591836735,99.56043956043956,510300,-7.219264517401172,FALSE,FALSE,NA,Low,41,59,Insufficient Evidence,Central and defensive midfielders,1.1.0,2026-07-25 22:12:49 UTC,NA,NA,NA,Performance data through: 2026-07-25 (updates every day) · MLSPA compensation as of: 2026-04-16,FALSE,2026-07-25 22:12:44 UTC
NWMWL3nL5l,asa_NWMWL3nL5l_mls_blended,Mathías Laborda,mathias laborda,1999-09-15,Uruguay,CB,NA,26.792607802874745,mls,lgpMOvnQzy,CB,asa_live,TRUE,NA,mlspa_via_asa,1368,1193625,2849,1193625,TRUE,0.6615087040618955,0.33849129593810445,blended,2025+2026 season to date,2332.3617021276596,0.21715452858344542,0.02799035971086261,0.06306945071500197,0.06388455296337309,0.007990499907327756,0.05725799238661908,-0.0030383270997390954,2026,1193625,Vancouver Whitecaps FC,0.1396251547943452,1,0.2012909929767336,0.21471039251522556,0.029856383692519795,94.68085106382979,0.06727408076477108,75,0.06814352316306077,95.74468085106383,0.008523199901415956,71.80851063829788,0.06107519188096895,36.702127659574465,-0.0032408822398229792,54.255319148936174,94.68085106382979,1193625,90,85.71428571428571,509583.5,4.680851063829792,TRUE,FALSE,62.5,High,20.75,79.25,Fair Value,Center backs,1.1.0,2026-07-25 22:12:49 UTC,37,37,161,Performance data through: 2026-07-25 (updates every day) · MLSPA compensation as of: 2026-04-16,FALSE,2026-07-25 22:12:44 UTC
NWMWLO7N5l,asa_NWMWLO7N5l_mls_blended,Sam Junqua,sam junqua,1996-11-09,USA,CB,NA,29.639972621492127,mls,a2lqR4JMr0,CB,asa_live,TRUE,NA,mlspa_via_asa,761,482813,2120,482813,TRUE,0.5208761122518822,0.47912388774811776,blended,2025+2026 season to date,1776.7426420260097,0.07662151795746,0.007233253264112199,0.03805976134206346,0.012792046026887754,0.004891693464026961,0.025470361473790237,-0.011825597613420632,2026,482813,Real Salt Lake,0.1396251547943452,1,0.09252655598459253,0.09869499305331625,0.007715470148627454,45.744680851063826,0.04059707876613635,35.1063829787234,0.01364484909577334,40.95744680851064,0.005217806361791815,60.1063829787234,0.02716838557289193,10.638297872340425,-0.01261397078804286,25.53191489361702,6.382978723404255,482813,46.666666666666664,51.20879120879121,509583.5,-40.28368794326241,TRUE,FALSE,17.708333333333332,Medium,29.75,70.25,Below Expected Value by Current Model,Center backs,1.1.0,2026-07-25 22:12:49 UTC,80,80,350,Performance data through: 2026-07-25 (updates every day) · MLSPA compensation as of: 2026-04-16,FALSE,2026-07-25 22:12:44 UTC
NWMWV4LDQl,asa_NWMWV4LDQl_mls_blended,Deybi Flores,deybi flores,1996-06-16,Honduras,CM,NA,29.0403832991102,mls,kRQabn8MKZ,CM,asa_live,TRUE,NA,mlspa_via_asa,0,NA,1506,656667,TRUE,0,1,blended,2025+2026 season to date,1506,0.164300796812749,0.01676294820717131,0.03599402390438246,0.02799203187250996,-0.0025219123505976,0.09343027888446216,-0.007356573705179281,2026,656667,Toronto FC,0.13647524696350208,1,0.15637328973319148,0.1667981757206167,0.017880478088208165,56.52173913043478,0.03839362549920775,73.42995169082126,0.02985816733161036,59.90338164251208,-0.0026900398407215037,32.367149758454104,0.09965896414654064,88.40579710144928,-0.007847011952436452,21.73913043478261,73.91304347826087,656667,61.734693877551024,64.06593406593407,510300,12.17834960070985,FALSE,FALSE,NA,Low,41,59,Insufficient Evidence,Central and defensive midfielders,1.1.0,2026-07-25 22:12:49 UTC,NA,NA,NA,Performance data through: 2026-07-25 (updates every day) · MLSPA compensation as of: 2026-04-16,FALSE,2026-07-25 22:12:44 UTC
NWMWVA9NQl,asa_NWMWVA9NQl_mls_blended,Khiry Shelton,khiry shelton,1993-06-26,USA,FB,NA,32.01368925393566,mls,Z2vQ1xlqrA,FB,asa_live,TRUE,NA,mlspa_via_asa,0,NA,2040,775000,TRUE,0,1,blended,2025+2026 season to date,2040,0.1166205882352941,0.00752647058823529,0.02599852941176471,0.02049705882352941,-1.5e-4,0.06070588235294117,0.00204264705882352,2026,775000,Sporting Kansas City,0.11482828719990651,1,0.11621324709088783,0.12396079690082079,0.008028235294368524,33.673469387755105,0.027731764706748974,63.775510204081634,0.02186352941244794,43.36734693877551,-1.6000000000499997e-4,41.326530612244895,0.06475294117849412,64.28571428571429,0.002178823529479843,75,51.02040816326531,775000,88.23529411764706,72.36263736263736,336500,-37.21488595438175,FALSE,FALSE,NA,Low,41,59,Insufficient Evidence,Fullbacks and wingbacks,1.1.0,2026-07-25 22:12:49 UTC,NA,NA,NA,Performance data through: 2026-07-25 (updates every day) · MLSPA compensation as of: 2026-04-16,FALSE,2026-07-25 22:12:44 UTC
NWMWVR6jQl,asa_NWMWVR6jQl_mls_blended,Brendan Hines-Ike,brendan hinesike,1994-11-30,USA,CB,NA,31.58384668035592,mls,gpMOLwl5zy,CB,asa_live,TRUE,NA,mlspa_via_asa,1122,375000,3304,375000,TRUE,0.6158068057080132,0.38419319429198684,blended,2025+2026 season to date,2391.3743139407243,0.12404244265009584,0.012237213715604007,0.03409108541554261,0.017027228413551875,4.868881281512207e-4,0.06068256153602858,-4.8253455878249034e-4,2026,375000,Austin FC,0.1396251547943452,1,0.12716797168970065,0.13564583647325296,0.013053027963718848,72.87234042553192,0.03636382444438182,29.78723404255319,0.018162376975022907,55.319148936170215,5.19347336710865e-4,40.95744680851064,0.06472806564045323,39.8936170212766,-5.147035293840742e-4,76.06382978723404,31.382978723404257,375000,38.333333333333336,42.527472527472526,509583.5,-6.950354609929079,TRUE,FALSE,43.75,High,20.75,79.25,Fair Value,Center backs,1.1.0,2026-07-25 22:12:49 UTC,55,55,241,Performance data through: 2026-07-25 (updates every day) · MLSPA compensation as of: 2026-04-16,FALSE,2026-07-25 22:12:44 UTC
NWMWVZaDQl,asa_NWMWVZaDQl_mls_blended,Josh Yaro,josh yaro,1994-11-18,Ghana,CB,NA,30.61738535249829,mls,wvq9B9wQWn,CB,asa_live,TRUE,NA,mlspa_via_asa,0,NA,1405,204500,TRUE,0,1,blended,2025+2026 season to date,1405,0.0952462633451957,0.00431743772241992,0.02748683274021352,0.01475871886120996,-0.04896512455516014,0.1191715302491103,-0.02152313167259786,2026,204500,St. Louis City SC,0.1396251547943452,1,0.10852672961426788,0.11576184492550329,0.004605266904058496,25.53191489361702,0.029319288257143986,18.617021276595743,0.015742633452449247,47.87234042553192,-0.05222946619380298,2.127659574468085,0.1271162989363567,86.70212765957447,-0.022958007118155155,11.170212765957446,15.957446808510639,204500,26.11111111111111,30,509583.5,-10.153664302600472,FALSE,FALSE,NA,Low,41,59,Insufficient Evidence,Center backs,1.1.0,2026-07-25 22:12:49 UTC,NA,NA,NA,Performance data through: 2026-07-25 (updates every day) · MLSPA compensation as of: 2026-04-16,FALSE,2026-07-25 22:12:44 UTC
NWMWXRoE5l,asa_NWMWXRoE5l_mls_blended,Andreas Maxsø,andreas maxso,1994-03-18,Denmark,CB,NA,31.288158795345655,mls,pzeQZ6xQKw,CB,asa_live,TRUE,NA,mlspa_via_asa,0,NA,3230,1392500,TRUE,0,1,blended,2025+2026 season to date,3230,0.10973312693498452,0.005951702786377699,0.0331578947368421,0.01877182662538699,7.829721362229102e-4,0.06515108359133127,-0.01408235294117647,2026,1392500,Colorado Rapids,0.1396251547943452,1,0.11441595114271727,0.12204368122271228,0.006348482972334602,35.638297872340424,0.03536842105373684,25.53191489361702,0.020023281734371852,60.638297872340424,8.3517027866387e-4,42.5531914893617,0.06949448916625839,44.148936170212764,-0.015021176471057645,21.27659574468085,22.340425531914892,1392500,95.55555555555556,88.35164835164835,509583.5,-73.21513002364067,FALSE,FALSE,NA,Low,41,59,Insufficient Evidence,Center backs,1.1.0,2026-07-25 22:12:49 UTC,NA,NA,NA,Performance data through: 2026-07-25 (updates every day) · MLSPA compensation as of: 2026-04-16,FALSE,2026-07-25 22:12:44 UTC
NWMWXy775l,asa_NWMWXy775l_mls_blended,Joakim Nilsson,joakim nilsson,1994-02-06,Sweden,CB,NA,31.397672826830934,mls,wvq9B9wQWn,CB,asa_live,TRUE,NA,mlspa_via_asa,0,NA,167,1255750,TRUE,0,1,blended,2025+2026 season to date,167,0.29689221556886225,0.03723952095808382,0.04920359281437126,-5.389221556886227e-4,0.013850299401197601,0.19837724550898203,-0.00123952095808383,2026,1255750,St. Louis City SC,0.1396251547943452,1,0.17386713543234306,0.18545827780029484,0.03972215568986406,98.93617021276596,0.05248383233696947,52.659574468085104,-5.748502994191617e-4,4.787234042553192,0.014773652695072451,86.70212765957447,0.2116023952161934,97.87234042553192,-0.0013221556886640693,67.02127659574468,82.97872340425532,1255750,92.22222222222223,86.5934065934066,509583.5,-9.243498817966909,FALSE,FALSE,NA,Low,41,59,Insufficient Evidence,Center backs,1.1.0,2026-07-25 22:12:49 UTC,NA,NA,NA,Performance data through: 2026-07-25 (updates every day) · MLSPA compensation as of: 2026-04-16,FALSE,2026-07-25 22:12:44 UTC
NWMWeDYqlz,asa_NWMWeDYqlz_mls_blended,Nicolás Lodeiro,nicolas lodeiro,1989-03-21,Uruguay,W,NA,36.27926078028747,mls,YgOMngl5wN,W,asa_live,TRUE,NA,mlspa_via_asa,0,NA,679,200000,TRUE,0,1,blended,2025+2026 season to date,679,0.08577172312223859,0.015508100147275402,-1.0603829160530192e-4,0.04856553755522828,-0.03406480117820323,0.04343593519882179,0.01243298969072165,2026,200000,Houston Dynamo FC,0.19903356584128315,1,0.13890472205220478,0.14816503686031526,0.016541973490944033,17.467248908296945,-1.1310751104918999e-4,54.585152838427945,0.05180324006052901,19.650655021834062,-0.03633578792455227,11.353711790393014,0.046331664213524436,65.93886462882097,0.013261855670517526,78.16593886462883,5.676855895196507,200000,28.037383177570092,29.505494505494507,527437.5,-22.360527282373585,FALSE,FALSE,NA,Low,41,59,Insufficient Evidence,Wingers and attacking midfielders,1.1.0,2026-07-25 22:12:49 UTC,NA,NA,NA,Performance data through: 2026-07-25 (updates every day) · MLSPA compensation as of: 2026-04-16,FALSE,2026-07-25 22:12:44 UTC
NWMWgLbEMl,asa_NWMWgLbEMl_mls_blended,Kevin Kelsy,kevin kelsy,2004-07-27,Venezuela,FW,NA,21.927446954141,mls,WBLMvYAQxe,FW,asa_live,TRUE,NA,mlspa_via_asa,1003,802804,1978,802804,TRUE,0.5889606576629477,0.4110393423370523,blended,2025+2026 season to date,1816.0358191426894,0.21990626248688597,0.07597116549810687,-0.057796724628577295,0.21071984133157035,-0.03589354003848559,0.024333520754132205,0.0025719995701394085,2026,802804,Portland Timbers FC,0.21844855740004673,1,0.21954425500124616,0.23418053867531405,0.08103590986717969,73.04964539007092,-0.061649839605742336,29.078014184397162,0.22476783076069903,68.08510638297872,-0.03828644270891442,40.42553191489362,0.02595575547188547,46.09929078014184,0.0027434662082344357,46.808510638297875,51.773049645390074,802804,62.40601503759399,74.3956043956044,540000,-10.632965392203914,TRUE,FALSE,47.36842105263158,High,20.75,79.25,Fair Value,Strikers,1.1.0,2026-07-25 22:12:49 UTC,31,31,226,Performance data through: 2026-07-25 (updates every day) · MLSPA compensation as of: 2026-04-16,FALSE,2026-07-25 22:12:44 UTC
NWMWgLvKMl,asa_NWMWgLvKMl_mls_blended,Dominik Chong Qui,dominik chong qui,2007-12-29,USA,FB,NA,17.505817932922657,mls,KAqBN0Vqbg,FB,asa_live,TRUE,NA,mlspa_via_asa,0,NA,168,80622,TRUE,0,1,blended,2025+2026 season to date,168,-0.00589285714285714,0.01178571428571428,-0.00921428571428571,0.00792857142857142,-0.04082142857142858,0.02753571428571429,-0.00310714285714285,2026,80622,Atlanta United FC,0.11482828719990651,1,0.08842053687492697,0.09431523933620278,0.012571428571821423,51.02040816326531,-0.009828571428878566,21.428571428571427,0.008457142857407134,13.775510204081632,-0.043542857144217864,5.612244897959184,0.029371428572346432,21.428571428571427,-0.003314285714389278,38.775510204081634,16.3265306122449,80622,1.0695187165775402,1.043956043956044,336500,15.257011895667357,FALSE,FALSE,NA,Low,41,59,Insufficient Evidence,Fullbacks and wingbacks,1.1.0,2026-07-25 22:12:49 UTC,NA,NA,NA,Performance data through: 2026-07-25 (updates every day) · MLSPA compensation as of: 2026-04-16,FALSE,2026-07-25 22:12:44 UTC
NWMWj8JzQl,asa_NWMWj8JzQl_mls_blended,Joran Gerbet,joran gerbet,2001-06-30,France,CM,NA,24.00273785078713,mls,jYQJ8EW5GR,CM,asa_live,TRUE,NA,mlspa_via_asa,0,NA,1276,80622,TRUE,0,1,blended,2025+2026 season to date,1276,0.17233307210031348,0.0044576802507837,0.04939420062695925,0.00835815047021943,-0.00411912225705329,0.09921159874608151,0.01503056426332288,2026,80622,Orlando City SC,0.13647524696350208,1,0.1608646845299047,0.1715889968372605,0.0047548589343178686,17.8743961352657,0.05268714733706967,79.71014492753623,0.008915360501845996,17.391304347826086,-0.004393730407660813,27.053140096618357,0.10582570533246066,90.82125603864735,0.01603260188137876,96.13526570048309,77.77777777777777,80622,1.0204081632653061,1.043956043956044,510300,76.75736961451247,FALSE,FALSE,NA,Low,41,59,Insufficient Evidence,Central and defensive midfielders,1.1.0,2026-07-25 22:12:49 UTC,NA,NA,NA,Performance data through: 2026-07-25 (updates every day) · MLSPA compensation as of: 2026-04-16,FALSE,2026-07-25 22:12:44 UTC
NWMWlEAD5l,asa_NWMWlEAD5l_mls_blended,Edwin Cerrillo,edwin cerrillo,2000-10-03,USA,CM,NA,25.741273100616016,mls,kaDQ0wRqEv,CM,asa_live,TRUE,NA,mlspa_via_asa,1327,662500,2954,662500,TRUE,0.6546620621608288,0.3453379378391712,blended,2025+2026 season to date,2347.128268376912,0.1188242120005518,0.01300928928657437,0.06752694547775645,0.007824688973736074,0.005412558423369816,0.028902176073248114,-0.003851446234133036,2026,662500,LA Galaxy,0.13647524696350208,1,0.12241775120663555,0.13057893462449183,0.013876575239446305,42.51207729468599,0.0720287418451911,87.92270531400966,0.008346334905579301,15.942028985507246,0.005773395651774889,52.17391304347826,0.03082898781242806,13.526570048309178,-0.004108209316536954,33.333333333333336,32.367149758454104,662500,62.755102040816325,64.83516483516483,510300,-30.38795228236222,TRUE,FALSE,31.95876288659794,High,20.75,79.25,Below Expected Value by Current Model,Central and defensive midfielders,1.1.0,2026-07-25 22:12:49 UTC,67,67,291,Performance data through: 2026-07-25 (updates every day) · MLSPA compensation as of: 2026-04-16,FALSE,2026-07-25 22:12:44 UTC
NWMWlWle5l,asa_NWMWlWle5l_mls_blended,Brian White,brian white,1996-02-03,USA,FW,NA,30.406570841889117,mls,lgpMOvnQzy,FW,asa_live,TRUE,NA,mlspa_via_asa,1440,1065000,2122,1065000,TRUE,0.6728971962616822,0.3271028037383178,blended,2025+2026 season to date,2134.11214953271,0.31118562104169056,0.10204829644049432,-0.11869507385908198,0.33222612065852175,-0.030735550573872297,0.02245822139226792,0.0038836069833607864,2026,1065000,Vancouver Whitecaps FC,0.21844855740004673,1,0.29083450333260313,0.31022347023113783,0.10885151620659554,95.74468085106383,-0.12660807878697727,4.25531914893617,0.3543745287134974,95.74468085106383,-0.032784587279821635,46.808510638297875,0.023955436152501054,41.13475177304964,0.004142514115714292,54.60992907801418,90.78014184397163,1065000,69.17293233082707,83.51648351648352,540000,21.607209513144568,TRUE,FALSE,85.96491228070175,High,20.75,79.25,Strong Value,Strikers,1.1.0,2026-07-25 22:12:49 UTC,9,9,63,Performance data through: 2026-07-25 (updates every day) · MLSPA compensation as of: 2026-04-16,FALSE,2026-07-25 22:12:44 UTC
NWMWlX6K5l,asa_NWMWlX6K5l_mls_blended,Andrés Perea,andres perea,2000-11-14,Colombia,CM,NA,25.626283367556468,mls,Vj58weDM8n,CM,asa_live,TRUE,NA,mlspa_via_asa,349,757000,2147,757000,TRUE,0.332697807435653,0.667302192564347,blended,2025+2026 season to date,1781.697807435653,0.1805419134065624,0.0397985847634516,0.005737018821127579,0.08911255290930703,0.0058809019435637,0.0329169986009254,0.007095856368187053,2026,757000,New York City FC,0.13647524696350208,1,0.16944058905580278,0.18073662833183765,0.04245182374900833,89.85507246376811,0.006119486742727318,34.78260869565217,0.09505338977289791,94.20289855072464,0.006272962073330644,55.55555555555556,0.03511146517541766,14.97584541062802,0.0075689134596360515,88.88888888888889,82.6086956521739,757000,72.95918367346938,71.42857142857143,510300,9.649511978704524,FALSE,TRUE,NA,Low,41,59,Small-Sample Watchlist,Central and defensive midfielders,1.1.0,2026-07-25 22:12:49 UTC,NA,NA,NA,Performance data through: 2026-07-25 (updates every day) · MLSPA compensation as of: 2026-04-16,FALSE,2026-07-25 22:12:44 UTC
NWMWlYdY5l,asa_NWMWlYdY5l_mls_blended,Facundo Mura,facundo mura,1999-03-23,Argentina,FB,NA,27.274469541409992,mls,zeQZkL1MKw,FB,asa_live,TRUE,NA,mlspa_via_asa,922,1026875,0,NA,FALSE,1,0,blended,2025+2026 season to date,922,0.09121041214750544,0.01054229934924078,-0.015296095444685461,0.02286117136659436,8.59002169197397e-4,0.07163882863340564,6.052060737527115e-4,2026,1026875,Inter Miami CF,0.11482828719990651,1,0.10052100678051507,0.1072224072359001,0.011245119306208242,45.91836734693877,-0.016315835141507695,16.836734693877553,0.02438524945846269,48.46938775510204,9.162689805058569e-4,43.87755102040816,0.0764147505446873,78.06122448979592,6.455531453563991e-4,64.79591836734694,29.591836734693878,1026875,97.32620320855615,82.96703296703296,336500,-67.73436647386228,TRUE,FALSE,5,Medium,28.75,71.25,Below Expected Value by Current Model,Fullbacks and wingbacks,1.1.0,2026-07-25 22:12:49 UTC,77,77,406,Performance data through: 2026-07-25 (updates every day) · MLSPA compensation as of: 2026-04-16,FALSE,2026-07-25 22:12:44 UTC
NWMWlaDZ5l,asa_NWMWlaDZ5l_mls_blended,Kobe Franklin,kobe franklin,2003-05-10,Canada,FB,NA,23.143052703627653,mls,kRQabn8MKZ,FB,asa_live,TRUE,NA,mlspa_via_asa,960,160802,896,160802,TRUE,0.5783132530120482,0.42168674698795183,blended,2025+2026 season to date,1337.8313253012047,0.10909518072289157,0.012504273343373491,0.018820030120481928,0.010448945783132529,-0.021619992469879515,0.08863034638554217,3.115775602409609e-4,2026,160802,Toronto FC,0.11482828719990651,1,0.110870290786031,0.11826164350879541,0.013337891566681866,54.08163265306123,0.020074698795808057,55.61224489795919,0.011145542169022995,19.897959183673468,-0.02306132530192548,11.73469387755102,0.09453903614753266,87.75510204081633,3.3234939760074417e-4,63.265306122448976,44.89795918367347,160802,33.68983957219251,26.923076923076923,336500,11.20811961148096,TRUE,FALSE,77.5,High,20.75,79.25,Fair Value,Fullbacks and wingbacks,1.1.0,2026-07-25 22:12:49 UTC,19,19,97,Performance data through: 2026-07-25 (updates every day) · MLSPA compensation as of: 2026-04-16,FALSE,2026-07-25 22:12:44 UTC
NWMWllOE5l,asa_NWMWllOE5l_mls_blended,Wilson Eisner,wilson eisner,2002-05-03,USA,FB,NA,24.161533196440793,mls,zeQZBOzQKw,FB,asa_live,TRUE,NA,mlspa_via_asa,157,95290,0,NA,FALSE,1,0,blended,2025+2026 season to date,157,0.1593630573248408,0.00802547770700637,-0.01679617834394904,0.05222292993630573,0.036,0.07584076433121019,0.00407006369426751,2026,95290,San Diego FC,0.11482828719990651,1,0.1240646926287238,0.13233567214144087,0.008560509554407644,35.714285714285715,-0.01791592356743885,15.816326530612244,0.055704458600466876,82.14285714285714,0.038400000001199995,92.34693877551021,0.08089681528915223,81.63265306122449,0.004341401274021013,83.6734693877551,63.775510204081634,95290,9.62566844919786,9.56043956043956,336500,54.149841754883774,FALSE,TRUE,NA,Low,49,51,Small-Sample Watchlist,Fullbacks and wingbacks,1.1.0,2026-07-25 22:12:49 UTC,NA,NA,NA,Performance data through: 2026-07-25 (updates every day) · MLSPA compensation as of: 2026-04-16,FALSE,2026-07-25 22:12:44 UTC
NWMWlvPZ5l,asa_NWMWlvPZ5l_mls_blended,Loic Williams,loic williams,2002-01-07,Spain,CB,NA,24.479123887748116,mls,pzeQZ6xQKw,CB,asa_live,FALSE,NA,NA,99,NA,0,NA,FALSE,1,0,blended,2025+2026 season to date,99,0.22090909090909092,0.05272727272727273,0.05063636363636363,0.07954545454545453,0.01881818181818181,0.01727272727272727,0.0019090909090909002,2026,NA,Colorado Rapids,0.1396251547943452,1,0.15113747192647659,0.1612133033932796,0.05624242424418182,100,0.054012121213809085,58.51063829787234,0.08484848485113634,97.87234042553192,0.020072727273354535,92.55319148936171,0.018424242424818178,8.51063829787234,0.002036363636427263,90.95744680851064,63.297872340425535,NA,NA,NA,509583.5,NA,FALSE,FALSE,NA,Insufficient,49,51,Insufficient Evidence,Center backs,1.1.0,2026-07-25 22:12:49 UTC,NA,NA,NA,Performance data through: 2026-07-25 (updates every day) · MLSPA compensation as of: 2026-04-16,FALSE,2026-07-25 22:12:44 UTC
NWMWnVEQlz,asa_NWMWnVEQlz_mls_blended,Lorenzo Insigne,lorenzo insigne,1991-06-04,Italy,W,NA,34.07529089664613,mls,kRQabn8MKZ,W,asa_live,TRUE,NA,mlspa_via_asa,0,NA,945,15400000,TRUE,0,1,blended,2025+2026 season to date,945,0.10278095238095238,0.0327047619047619,-0.0248952380952381,0.06176190476190475,0.0062095238095238,0.0310095238095238,-0.0040095238095238,2026,15400000,Toronto FC,0.19903356584128315,1,0.14016060809370218,0.14950464863795435,0.034885079366169525,35.80786026200873,-0.02655492063575048,31.441048034934497,0.0658793650814238,31.004366812227076,0.006623492063699037,42.35807860262009,0.033076825397859035,39.301310043668124,-0.004276825396959037,15.720524017467248,6.986899563318778,15400000,100,99.89010989010988,527437.5,-93.01310043668123,FALSE,FALSE,NA,Low,41,59,Insufficient Evidence,Wingers and attacking midfielders,1.1.0,2026-07-25 22:12:49 UTC,NA,NA,NA,Performance data through: 2026-07-25 (updates every day) · MLSPA compensation as of: 2026-04-16,FALSE,2026-07-25 22:12:44 UTC
NWMWo3ZNMl,asa_NWMWo3ZNMl_mls_blended,Johnny Selemani,johnny selemani,2008-03-16,Canada,W,NA,17.29226557152635,mls,lgpMOvnQzy,W,asa_live,FALSE,NA,NA,0,NA,33,NA,TRUE,0,1,blended,2025+2026 season to date,33,-0.03954545454545455,0.06872727272727272,-0.08863636363636364,0.05618181818181819,-0.07445454545454547,-5.454545454545455e-4,-8.18181818181818e-4,2026,NA,Vancouver Whitecaps FC,0.19903356584128315,1,0.1865957970059556,0.1990355168125725,0.07330909091138181,85.1528384279476,-0.0945454545484091,4.8034934497816595,0.059927272729145456,25.76419213973799,-0.07941818182066365,6.550218340611353,-5.818181818363637e-4,6.986899563318778,-8.727272727545453e-4,28.820960698689955,38.8646288209607,NA,NA,NA,527437.5,NA,FALSE,FALSE,NA,Insufficient,41,59,Insufficient Evidence,Wingers and attacking midfielders,1.1.0,2026-07-25 22:12:49 UTC,NA,NA,NA,Performance data through: 2026-07-25 (updates every day) · MLSPA compensation as of: 2026-04-16,FALSE,2026-07-25 22:12:44 UTC
NWMWoA1eMl,asa_NWMWoA1eMl_mls_blended,Matthew Evans,matthew evans,2006-05-25,Guatemala,W,NA,20.10130047912389,mls,eVq3ya6MWO,W,asa_live,TRUE,NA,mlspa_via_asa,65,88025,0,NA,FALSE,1,0,blended,2025+2026 season to date,65,0.23746153846153845,0.0828,-0.016615384615384612,0.08404615384615385,0.00193846153846153,0.08155384615384616,0.00373846153846153,2026,88025,Los Angeles FC,0.19903356584128315,1,0.20278968346581935,0.21630899570363363,0.08832000000276,92.5764192139738,-0.017723076923630766,37.99126637554585,0.08964923077203231,54.585152838427945,0.002067692307756914,37.55458515283843,0.0869907692334877,94.32314410480349,0.003987692307816914,58.951965065502186,57.20524017467249,88025,4.906542056074766,4.34065934065934,527437.5,52.29869811859773,FALSE,TRUE,NA,Low,49,51,Small-Sample Watchlist,Wingers and attacking midfielders,1.1.0,2026-07-25 22:12:49 UTC,NA,NA,NA,Performance data through: 2026-07-25 (updates every day) · MLSPA compensation as of: 2026-04-16,FALSE,2026-07-25 22:12:44 UTC
NWMWoG7LMl,asa_NWMWoG7LMl_mls_blended,Iago,iago,2005-04-18,Brazil,CB,NA,21.201916495550993,mls,jYQJ8EW5GR,CB,asa_live,TRUE,NA,mlspa_via_asa,1153,551875,0,NA,FALSE,1,0,blended,2025+2026 season to date,1153,0.17442671292281006,0.01052211621856027,0.03424371205550737,0.03436079791847354,0.00288811795316565,0.07673026886383348,0.01568169991326973,2026,551875,Orlando City SC,0.1396251547943452,1,0.16251516992390594,0.17334951459091683,0.011223590633481693,64.36170212765957,0.03652662619368265,30.319148936170212,0.03665151778085047,81.91489361702128,0.0030806591501396307,51.06382978723404,0.08184562012398006,56.91489361702128,0.016727146574677103,99.46808510638297,75.53191489361703,551875,53.888888888888886,57.032967032967036,509583.5,21.643026004728142,TRUE,FALSE,77.08333333333333,Medium,28.75,71.25,Strong Value,Center backs,1.1.0,2026-07-25 22:12:49 UTC,23,23,101,Performance data through: 2026-07-25 (updates every day) · MLSPA compensation as of: 2026-04-16,FALSE,2026-07-25 22:12:44 UTC
NWMWoJg7Ml,asa_NWMWoJg7Ml_mls_blended,Leo Duru,leo duru,2005-01-12,USA,FB,NA,20.465434633812457,mls,zeQZBOzQKw,FB,asa_live,TRUE,NA,mlspa_via_asa,0,NA,53,98234,TRUE,0,1,blended,2025+2026 season to date,53,-0.07488679245283018,0,0.0259811320754717,0.01324528301886792,-0.03430188679245283,-0.0859245283018868,0.00611320754716981,2026,98234,San Diego FC,0.11482828719990651,1,0.09943027920358945,0.10605896448714308,0,6.377551020408164,0.02771320754803585,63.265306122448976,0.014128301887233958,27.551020408163264,-0.03658867924642641,7.653061224489796,-0.0916528301915434,1.530612244897959,0.0065207547171849045,89.28571428571429,29.081632653061224,98234,10.695187165775401,10.43956043956044,336500,18.386445487285823,FALSE,FALSE,NA,Low,41,59,Insufficient Evidence,Fullbacks and wingbacks,1.1.0,2026-07-25 22:12:49 UTC,NA,NA,NA,Performance data through: 2026-07-25 (updates every day) · MLSPA compensation as of: 2026-04-16,FALSE,2026-07-25 22:12:44 UTC
NWMWoN6KMl,asa_NWMWoN6KMl_mls_blended,Ilay Feingold,ilay feingold,2004-08-23,Israel,FB,NA,21.85352498288843,mls,19vQ2095K6,FB,asa_live,TRUE,NA,mlspa_via_asa,758,575000,2464,575000,TRUE,0.5198902606310014,0.4801097393689986,blended,2025+2026 season to date,1940.9903978052125,0.11289927048260381,0.013734357463524121,0.017300645342312005,0.033114618406285073,0.021960788439955102,0.025594696969696962,0.0011941638608305245,2026,575000,New England Revolution,0.11482828719990651,1,0.11335476611587395,0.12091175052737736,0.01464998129488354,58.16326530612245,0.018454021699042828,53.57142857142857,0.035322259634474565,64.28571428571429,0.0234248410033508,85.71428571428571,0.027301010101863248,19.387755102040817,0.0012737747849256983,70.40816326530613,47.44897959183673,575000,74.8663101604278,58.51648351648352,336500,-27.41733056859107,TRUE,FALSE,27.5,Medium,29.75,70.25,Below Expected Value by Current Model,Fullbacks and wingbacks,1.1.0,2026-07-25 22:12:49 UTC,59,59,310,Performance data through: 2026-07-25 (updates every day) · MLSPA compensation as of: 2026-04-16,FALSE,2026-07-25 22:12:44 UTC
NWMWoYveMl,asa_NWMWoYveMl_mls_blended,Eric Izoita,eric izoita,2007-09-08,USA,CM,NA,18.811772758384667,mls,WBLMvYAQxe,CM,asa_live,FALSE,NA,NA,101,NA,0,NA,FALSE,1,0,blended,2025+2026 season to date,101,-0.08358415841584159,0.02094059405940594,0.02200990099009901,0.02949504950495049,-0.04847524752475248,-0.10488118811881188,-0.00267326732673267,2026,NA,Portland Timbers FC,0.13647524696350208,1,0.10476911295021575,0.11175372048372244,0.022336633664064354,68.1159420289855,0.02347722772350594,56.52173913043478,0.03146138613959702,60.869565217391305,-0.05170693069468515,2.4154589371980677,-0.1118732673302287,1.4492753623188406,-0.002851485148603957,41.54589371980676,15.942028985507246,NA,NA,NA,510300,NA,FALSE,FALSE,NA,Insufficient,49,51,Insufficient Evidence,Central and defensive midfielders,1.1.0,2026-07-25 22:12:49 UTC,NA,NA,NA,Performance data through: 2026-07-25 (updates every day) · MLSPA compensation as of: 2026-04-16,FALSE,2026-07-25 22:12:44 UTC
Oa5w0DPWq1,asa_Oa5w0DPWq1_mls_blended,Giovanny Sequera,giovanny sequera,2006-02-14,Venezuela,FB,NA,20.3750855578371,mls,9z5k7Yg5A3,FB,asa_live,FALSE,NA,NA,84,NA,0,NA,FALSE,1,0,blended,2025+2026 season to date,84,0.19735714285714284,0.01296428571428571,0.06996428571428571,0.03771428571428571,0.029250000000000005,0.05153571428571428,-0.00407142857142857,2026,NA,Philadelphia Union,0.11482828719990651,1,0.1249634098244794,0.13329430381694346,0.013828571429003567,56.12244897959184,0.07462857143090357,94.89795918367346,0.040228571429828566,69.89795918367346,0.031200000000975007,90.3061224489796,0.05497142857314642,50.51020408163265,-0.004342857142992855,35.714285714285715,64.79591836734694,NA,NA,NA,336500,NA,FALSE,FALSE,NA,Insufficient,49,51,Insufficient Evidence,Fullbacks and wingbacks,1.1.0,2026-07-25 22:12:49 UTC,NA,NA,NA,Performance data through: 2026-07-25 (updates every day) · MLSPA compensation as of: 2026-04-16,FALSE,2026-07-25 22:12:44 UTC
Oa5w0Kv4q1,asa_Oa5w0Kv4q1_mls_blended,Patrick Agyemang,patrick agyemang,2000-11-07,Ghana,FW,NA,24.646132785763175,mls,NPqxKXZ59d,FW,asa_live,TRUE,NA,mlspa_via_asa,0,NA,1316,104000,TRUE,0,1,blended,2025+2026 season to date,1316,0.3279802431610942,0.06982522796352583,-0.05728951367781155,0.2462758358662614,0.01825303951367781,0.01346580547112462,0.0374498480243161,2026,104000,Charlotte FC,0.21844855740004673,1,0.2936801327975094,0.31325880832713265,0.07448024316342172,67.37588652482269,-0.0611088145915753,30.49645390070922,0.26269422493222133,80.1418439716312,0.019469908815198098,85.1063829787234,0.01436352583631512,19.148936170212767,0.039946504560518833,95.74468085106383,91.48936170212765,104000,15.789473684210526,12.967032967032967,540000,75.69988801791713,FALSE,FALSE,NA,Low,41,59,Insufficient Evidence,Strikers,1.1.0,2026-07-25 22:12:49 UTC,NA,NA,NA,Performance data through: 2026-07-25 (updates every day) · MLSPA compensation as of: 2026-04-16,FALSE,2026-07-25 22:12:44 UTC
Oa5w0Lp9q1,asa_Oa5w0Lp9q1_mls_blended,Pedrinho,pedrinho,2003-04-18,Brazil,W,NA,22.203969883641346,mls,mKAqBBmqbg,W,asa_live,TRUE,NA,mlspa_via_asa,0,NA,1120,104000,TRUE,0,1,blended,2025+2026 season to date,1120,0.31246875,0.030825,0.05035178571428572,0.07715892857142857,0.10396607142857144,0.05049642857142857,-3.2946428571428574e-4,2026,104000,FC Dallas,0.19903356584128315,1,0.2728983369213779,0.2910915593918997,0.032880000001027504,32.751091703056765,0.053708571430249825,89.51965065502183,0.0823028571454291,47.59825327510917,0.1108971428606084,95.63318777292577,0.05386285714454035,76.41921397379913,-3.514285714395536e-4,34.49781659388646,91.26637554585153,104000,13.785046728971963,12.967032967032967,527437.5,77.48132881687957,FALSE,FALSE,NA,Low,41,59,Insufficient Evidence,Wingers and attacking midfielders,1.1.0,2026-07-25 22:12:49 UTC,NA,NA,NA,Performance data through: 2026-07-25 (updates every day) · MLSPA compensation as of: 2026-04-16,FALSE,2026-07-25 22:12:44 UTC
Oa5w0nABq1,asa_Oa5w0nABq1_mls_blended,Ignacio Couri,ignacio couri,2009-04-03,USA,CM,NA,17.242984257357975,mls,KAqBN0Vqbg,CM,asa_live,FALSE,NA,NA,12,NA,0,NA,FALSE,1,0,blended,2025+2026 season to date,12,1.4887499999999998,0,-0.1815,0.03825,0,1.632,0,2026,NA,Atlanta United FC,0.13647524696350208,1,0.1629904381995118,0.17385646741824562,0,6.280193236714976,-0.19360000000605,0.966183574879227,0.040800000001275,72.94685990338164,0,38.888888888888886,1.7408000000544,100,0,61.83574879227053,79.71014492753623,NA,NA,NA,510300,NA,FALSE,FALSE,NA,Insufficient,49,51,Insufficient Evidence,Central and defensive midfielders,1.1.0,2026-07-25 22:12:49 UTC,NA,NA,NA,Performance data through: 2026-07-25 (updates every day) · MLSPA compensation as of: 2026-04-16,FALSE,2026-07-25 22:12:44 UTC
Oa5wAAe4Q1,asa_Oa5wAAe4Q1_mls_blended,Obafemi Awodesu,obafemi awodesu,2001-04-05,USA,CB,NA,24.238193018480494,mls,YgOMngl5wN,CB,asa_live,TRUE,NA,mlspa_via_asa,0,NA,1755,89089,TRUE,0,1,blended,2025+2026 season to date,1755,0.08983076923076923,0.005482051282051281,0.02472307692307692,0.01712820512820513,0.01585128205128205,0.0431025641025641,-0.01645641025641025,2026,89089,Houston Dynamo FC,0.1396251547943452,1,0.10251723689027903,0.1093517193530482,0.005847521367704101,33.51063829787234,0.026371282052106152,17.02127659574468,0.01827008547065641,55.851063829787236,0.01690803418856256,90.95744680851064,0.045976068377505126,21.80851063829787,-0.017553504274052813,14.361702127659575,11.170212765957446,89089,5.555555555555555,6.593406593406593,509583.5,5.614657210401891,FALSE,FALSE,NA,Low,41,59,Insufficient Evidence,Center backs,1.1.0,2026-07-25 22:12:49 UTC,NA,NA,NA,Performance data through: 2026-07-25 (updates every day) · MLSPA compensation as of: 2026-04-16,FALSE,2026-07-25 22:12:44 UTC
Oa5wAK9WQ1,asa_Oa5wAK9WQ1_mls_blended,Tyler Wolff,tyler wolff,2003-02-13,USA,W,NA,22.379192334017795,mls,a2lqR4JMr0,W,asa_live,TRUE,NA,mlspa_via_asa,0,NA,453,160000,TRUE,0,1,blended,2025+2026 season to date,453,0.14179470198675498,0.02618543046357616,-0.01132450331125827,0.04289403973509934,0.00808609271523178,0.05831125827814569,0.01764238410596026,2026,160000,Real Salt Lake,0.19903356584128315,1,0.17440943922580238,0.18603673518000285,0.02793112582868742,26.637554585152838,-0.012079470199052972,43.23144104803494,0.04575364238553576,14.410480349344978,0.008625165563183435,44.54148471615721,0.06219867549863244,86.46288209606988,0.018818543046945687,86.8995633187773,25.76419213973799,160000,26.16822429906542,26.75824175824176,527437.5,-0.4040321593274321,FALSE,FALSE,NA,Low,41,59,Insufficient Evidence,Wingers and attacking midfielders,1.1.0,2026-07-25 22:12:49 UTC,NA,NA,NA,Performance data through: 2026-07-25 (updates every day) · MLSPA compensation as of: 2026-04-16,FALSE,2026-07-25 22:12:44 UTC
Oa5wAP44Q1,asa_Oa5wAP44Q1_mls_blended,Charles Sharp,charles sharp,2001-06-23,USA,FW,NA,24.021902806297057,mls,kRQabn8MKZ,FW,asa_live,TRUE,NA,mlspa_via_asa,0,NA,134,80622,TRUE,0,1,blended,2025+2026 season to date,134,0.03526119402985074,1.3432835820895525e-4,0.01034328358208955,0.2796044776119403,-0.09852985074626865,0.00933582089552238,-0.1656268656716418,2026,80622,Toronto FC,0.21844855740004673,1,0.1850056327520818,0.19733934160838743,1.4328358209402987e-4,8.51063829787234,0.011032835821240296,90.78014184397163,0.29824477612872313,88.65248226950355,-0.10509850746597088,10.638297872340425,0.009958208955535066,17.73049645390071,-0.17666865672193882,0.7092198581560284,22.69503546099291,80622,1.5037593984962405,1.043956043956044,540000,21.19127606249667,FALSE,FALSE,NA,Low,41,59,Insufficient Evidence,Strikers,1.1.0,2026-07-25 22:12:49 UTC,NA,NA,NA,Performance data through: 2026-07-25 (updates every day) · MLSPA compensation as of: 2026-04-16,FALSE,2026-07-25 22:12:44 UTC
Oa5wAaRjQ1,asa_Oa5wAaRjQ1_mls_blended,Talles Magno,talles magno,2002-06-26,Brazil,FW,NA,24.01368925393566,mls,Vj58weDM8n,FW,asa_live,TRUE,NA,mlspa_via_asa,276,1365000,0,NA,FALSE,1,0,blended,2025+2026 season to date,276,0.22271739130434776,0.09913043478260868,-0.11696739130434783,0.23406521739130437,-0.02657608695652174,0.02928260869565217,0.0037826086956521702,2026,1365000,New York City FC,0.21844855740004673,1,0.21979353246578542,0.23444643463749756,0.10573913043808693,93.61702127659575,-0.12476521739520326,4.964539007092198,0.2496695652251935,73.75886524822695,-0.02834782608784239,51.773049645390074,0.031234782609671732,56.737588652482266,0.004034782608821735,53.90070921985816,53.191489361702125,1365000,71.42857142857143,87.91208791208791,540000,-18.237082066869306,FALSE,TRUE,NA,Low,49,51,Small-Sample Watchlist,Strikers,1.1.0,2026-07-25 22:12:49 UTC,NA,NA,NA,Performance data through: 2026-07-25 (updates every day) · MLSPA compensation as of: 2026-04-16,FALSE,2026-07-25 22:12:44 UTC
Oa5wAe74Q1,asa_Oa5wAe74Q1_mls_blended,Cheick Tidiane Sabaly,cheick tidiane sabaly,1999-03-04,Senegal,W,NA,27.326488706365502,mls,lgpMOvnQzy,W,asa_live,TRUE,NA,mlspa_via_asa,575,1414727,0,NA,FALSE,1,0,blended,2025+2026 season to date,575,0.29972347826086954,0.06395478260869565,-0.01250608695652173,0.19831304347826084,0.02325913043478261,0.03333913043478261,-0.00663652173913043,2026,1414727,Vancouver Whitecaps FC,0.19903356584128315,1,0.24830735277001692,0.26486117629629496,0.06821843478474052,78.60262008733625,-0.01333982608737338,41.048034934497814,0.21153391305008867,94.75982532751091,0.024809739131210085,59.82532751091703,0.03556173913154609,44.97816593886463,-0.007078956521960342,10.480349344978166,84.27947598253274,1414727,78.97196261682242,88.79120879120879,527437.5,5.307513365710321,TRUE,FALSE,69.89247311827957,Low,37.75,62.25,Undervalued,Wingers and attacking midfielders,1.1.0,2026-07-25 22:12:49 UTC,29,29,131,Performance data through: 2026-07-25 (updates every day) · MLSPA compensation as of: 2026-04-16,FALSE,2026-07-25 22:12:44 UTC
Oa5wAkz9Q1,asa_Oa5wAkz9Q1_mls_blended,Patrick Weah,patrick weah,2003-12-15,USA,CM,NA,21.544147843942504,mls,KAqBN0Vqbg,CM,asa_live,TRUE,NA,NA,0,NA,8,103008,TRUE,0,1,blended,2025+2026 season to date,8,0.4927500000000001,0,0.46462500000000007,0.02699999999999999,0.001125,0,0,2026,103008,Atlanta United FC,0.13647524696350208,1,0.14116307266135075,0.1505739441768129,0,6.280193236714976,0.49560000001548754,100,0.028800000000899988,57.971014492753625,0.0012000000000374998,42.99516908212561,0,4.106280193236715,0,61.83574879227053,58.93719806763285,103008,11.73469387755102,11.978021978021978,510300,47.202504190081825,FALSE,FALSE,NA,Low,41,59,Insufficient Evidence,Central and defensive midfielders,1.1.0,2026-07-25 22:12:49 UTC,NA,NA,NA,Performance data through: 2026-07-25 (updates every day) · MLSPA compensation as of: 2026-04-16,FALSE,2026-07-25 22:12:44 UTC
Oa5wApPjQ1,asa_Oa5wApPjQ1_mls_blended,Iuri Tavares,iuri tavares,2001-03-08,Portugal,CM,NA,24.314852840520192,mls,NPqxKXZ59d,CM,asa_live,TRUE,NA,mlspa_via_asa,0,NA,46,116053,TRUE,0,1,blended,2025+2026 season to date,46,0.21189130434782608,0.07728260869565218,0.007630434782608691,0.03267391304347826,0.03952173913043478,0.06926086956521739,-0.014478260869565208,2026,116053,Charlotte FC,0.13647524696350208,1,0.1418454306162558,0.1513017926620677,0.08243478261127174,98.06763285024155,0.00813913043503695,39.61352657004831,0.03485217391413261,66.18357487922705,0.042156521740447823,91.30434782608695,0.07387826087187391,73.91304347826087,-0.015443478261352164,11.11111111111111,59.90338164251208,116053,17.346938775510203,18.9010989010989,510300,42.55644286700188,FALSE,FALSE,NA,Low,41,59,Insufficient Evidence,Central and defensive midfielders,1.1.0,2026-07-25 22:12:49 UTC,NA,NA,NA,Performance data through: 2026-07-25 (updates every day) · MLSPA compensation as of: 2026-04-16,FALSE,2026-07-25 22:12:44 UTC
Oa5wV0XXM1,asa_Oa5wV0XXM1_mls_blended,Benjamín Kuscevic,benjamin kuscevic,1996-05-02,Chile,CB,NA,30.16290212183436,mls,kRQabn8MKZ,CB,asa_live,TRUE,NA,mlspa_via_asa,542,804982,0,NA,FALSE,1,0,blended,2025+2026 season to date,542,0.1680608856088561,0.01416420664206642,0.0176180811808118,0.0191789667896679,-0.00640959409594095,0.12883948339483395,-0.00533025830258302,2026,804982,Toronto FC,0.1396251547943452,1,0.15312092195850013,0.16332898342750418,0.015108487085342988,77.12765957446808,0.018792619926786523,12.23404255319149,0.02045756457628506,63.297872340425535,-0.006836900369217333,21.80851063829787,0.13742878229211752,89.36170212765957,-0.005685608856266231,43.08510638297872,66.48936170212765,804982,72.22222222222223,74.61538461538461,509583.5,-5.732860520094576,TRUE,FALSE,44.791666666666664,Low,37.75,62.25,Fair Value,Center backs,1.1.0,2026-07-25 22:12:49 UTC,54,54,237,Performance data through: 2026-07-25 (updates every day) · MLSPA compensation as of: 2026-04-16,FALSE,2026-07-25 22:12:44 UTC
Oa5wV17gM1,asa_Oa5wV17gM1_mls_blended,Martín Ojeda,martin ojeda,1998-11-27,Argentina,FW,NA,27.592060232717316,mls,jYQJ8EW5GR,FW,asa_live,TRUE,NA,mlspa_via_asa,1506,1778200,3074,1778200,TRUE,0.6826835902085222,0.3173164097914778,blended,2025+2026 season to date,2481.4306436990028,0.3038221739256101,0.07068567301220838,0.037120910263662536,0.1130807624677714,0.04237197245815075,0.0268749256036208,0.013687930120196234,2026,1778200,Orlando City SC,0.21844855740004673,1,0.28719867145604044,0.3063452495626831,0.07539805121537846,68.79432624113475,0.03959563761581074,95.74468085106383,0.1206194799693922,20.56737588652482,0.04519677062343986,92.90780141843972,0.028666587311424685,50.354609929078016,0.014600458795332246,77.30496453900709,87.23404255319149,1778200,77.44360902255639,91.53846153846153,540000,9.790433530635099,TRUE,FALSE,73.6842105263158,High,14,86,Undervalued,Strikers,1.1.0,2026-07-25 22:12:49 UTC,16,16,115,Performance data through: 2026-07-25 (updates every day) · MLSPA compensation as of: 2026-04-16,FALSE,2026-07-25 22:12:44 UTC
Oa5wVYvWM1,asa_Oa5wVYvWM1_mls_blended,Ezequiel Ponce,ezequiel ponce,1997-03-29,Argentina,FW,NA,29.25667351129363,mls,YgOMngl5wN,FW,asa_live,TRUE,NA,mlspa_via_asa,1024,3000212,2989,3000212,TRUE,0.5939675174013921,0.4060324825986079,blended,2025+2026 season to date,2237.631090487239,0.1432082081320604,0.051895083597320105,-0.03587221591310443,0.1530633418823389,-0.043836629319104314,0.016646677026902198,0.001311950857707965,2026,3000212,Houston Dynamo FC,0.21844855740004673,1,0.15911732673177248,0.16972514851919454,0.055354755838871283,43.262411347517734,-0.0382636969751738,56.02836879432624,0.1632675646795969,41.13475177304964,-0.04675907127517249,32.6241134751773,0.017756455495917232,24.113475177304963,0.0013994142482655612,40.42553191489362,7.092198581560283,3000212,86.46616541353383,95.27472527472527,540000,-79.37396683197355,TRUE,FALSE,3.508771929824561,High,20.75,79.25,Below Expected Value by Current Model,Strikers,1.1.0,2026-07-25 22:12:49 UTC,56,56,411,Performance data through: 2026-07-25 (updates every day) · MLSPA compensation as of: 2026-04-16,FALSE,2026-07-25 22:12:44 UTC
Oa5wVgVYM1,asa_Oa5wVgVYM1_mls_blended,Chris Mueller,chris mueller,1996-08-29,USA,FW,NA,29.83709787816564,mls,X0Oq66zq6D,FW,asa_live,TRUE,NA,mlspa_via_asa,114,186600,0,NA,FALSE,1,0,blended,2025+2026 season to date,114,-0.03386842105263158,0.03236842105263158,-0.07563157894736842,0.05778947368421053,-0.09923684210526316,0.05321052631578947,-0.00236842105263157,2026,186600,Chicago Fire FC,0.21844855740004673,1,0.1781626532773502,0.19004016350177896,0.03452631579055263,18.43971631205674,-0.08067368421304737,14.893617021276595,0.061642105265084214,8.51063829787234,-0.10585263158225527,9.929078014184396,0.05675789473861579,91.48936170212765,-0.002526315789552622,21.27659574468085,18.43971631205674,186600,30.827067669172934,28.681318681318682,540000,-12.387351357116195,FALSE,TRUE,NA,Low,49,51,Small-Sample Watchlist,Strikers,1.1.0,2026-07-25 22:12:49 UTC,NA,NA,NA,Performance data through: 2026-07-25 (updates every day) · MLSPA compensation as of: 2026-04-16,FALSE,2026-07-25 22:12:44 UTC
Oa5wVzeWM1,asa_Oa5wVzeWM1_mls_blended,José Cifuentes,jose cifuentes,1999-03-12,Ecuador,W,NA,27.30458590006845,mls,kRQabn8MKZ,W,asa_live,TRUE,NA,mlspa_via_asa,894,1570000,528,1570000,TRUE,0.560853199498118,0.43914680050188204,blended,2025+2026 season to date,1125.8695106649936,0.15241395289152504,0.01806698414508954,0.03784711132656553,0.03277800273753849,0.002123944907037754,0.05850269476445762,0.003095215010836084,2026,1570000,Toronto FC,0.19903356584128315,1,0.16862130089611266,0.1798627209614742,0.019271449755364406,20.087336244541486,0.04037025208293146,84.27947598253274,0.034963202921133654,9.606986899563319,0.0022655412342444023,38.427947598253276,0.06240287441737155,86.8995633187773,0.0033015626783283298,56.76855895196506,22.707423580786028,1570000,81.77570093457943,90.21978021978022,527437.5,-59.068277353793405,TRUE,FALSE,5.376344086021505,Medium,29.75,70.25,Below Expected Value by Current Model,Wingers and attacking midfielders,1.1.0,2026-07-25 22:12:49 UTC,89,89,402,Performance data through: 2026-07-25 (updates every day) · MLSPA compensation as of: 2026-04-16,FALSE,2026-07-25 22:12:44 UTC
Oa5wY8RXQ1,asa_Oa5wY8RXQ1_mls_blended,Hany Mukhtar,hany mukhtar,1995-03-21,Germany,FW,NA,31.279945242984255,mls,vzqoOgNqap,FW,asa_live,TRUE,NA,mlspa_via_asa,1423,5411667,3649,5411667,TRUE,0.6702779086198776,0.32972209138012243,blended,2025+2026 season to date,2626.155911446067,0.2582399042859741,0.08023684174178666,0.005229364228735191,0.1256696030516752,0.012720200025119957,0.016615046005287067,0.017768849233369997,2026,5411667,Nashville SC,0.21844855740004673,1,0.2508395154681705,0.2675621498410765,0.085585964527247,78.72340425531915,0.005577988510825182,89.36170212765957,0.13404757659264255,27.659574468085108,0.01356821336055196,82.26950354609929,0.017722715739526707,23.404255319148938,0.018953439182853624,80.85106382978724,74.46808510638297,5411667,97.74436090225564,98.68131868131869,540000,-23.276275795872664,TRUE,FALSE,38.59649122807018,High,20.75,79.25,Below Expected Value by Current Model,Strikers,1.1.0,2026-07-25 22:12:49 UTC,36,36,263,Performance data through: 2026-07-25 (updates every day) · MLSPA compensation as of: 2026-04-16,FALSE,2026-07-25 22:12:44 UTC
Oa5wYKEXQ1,asa_Oa5wYKEXQ1_mls_blended,João Paulo,joao paulo,1991-03-08,Brazil,CM,NA,34.31622176591376,mls,jYQJ19EqGR,CM,asa_live,TRUE,NA,mlspa_via_asa,0,NA,545,625000,TRUE,0,1,blended,2025+2026 season to date,545,0.07122385321100917,0.00934678899082568,0.01671192660550459,0.00923119266055045,-0.0387743119266055,0.11495229357798166,-0.04024403669724771,2026,625000,Seattle Sounders FC,0.13647524696350208,1,0.10541672329965174,0.11244450485647574,0.009969908257192284,31.884057971014492,0.017826055046428625,50.24154589371981,0.009846605504894853,18.357487922705314,-0.04135926605633834,4.3478260869565215,0.12261577982034551,96.13526570048309,-0.04292697247840569,2.898550724637681,16.42512077294686,625000,59.69387755102041,61.92307692307692,510300,-43.26875677807355,FALSE,FALSE,NA,Low,41,59,Insufficient Evidence,Central and defensive midfielders,1.1.0,2026-07-25 22:12:49 UTC,NA,NA,NA,Performance data through: 2026-07-25 (updates every day) · MLSPA compensation as of: 2026-04-16,FALSE,2026-07-25 22:12:44 UTC
Oa5wYLD9Q1,asa_Oa5wYLD9Q1_mls_blended,Robin Jansson,robin jansson,1991-11-15,Sweden,CB,NA,34.625598904859686,mls,jYQJ8EW5GR,CB,asa_live,TRUE,NA,mlspa_via_asa,961,530000,3041,530000,TRUE,0.5785671282360024,0.4214328717639976,blended,2025+2026 season to date,2242.5773630343165,0.1314109462471647,0.0015079286674330981,0.06504692184931563,0.0041431262213921264,0.009266598509909022,0.07440694850489031,-0.022960577505775473,2026,530000,Orlando City SC,0.1396251547943452,1,0.13314476893653113,0.14202108687007137,0.0016084572453122356,16.48936170212766,0.0693833833081049,79.25531914893617,0.004419334636289705,20.74468085106383,0.009884371744211843,78.19148936170212,0.07936741174102989,53.723404255319146,-0.024491282673592525,10.638297872340425,37.765957446808514,530000,52.5,54.72527472527472,509583.5,-14.734042553191486,TRUE,FALSE,35.416666666666664,High,20.75,79.25,Fair Value,Center backs,1.1.0,2026-07-25 22:12:49 UTC,63,63,276,Performance data through: 2026-07-25 (updates every day) · MLSPA compensation as of: 2026-04-16,FALSE,2026-07-25 22:12:44 UTC
Oa5wd4DXq1,asa_Oa5wd4DXq1_mls_blended,Ran Binyamin,ran binyamin,2004-02-06,Israel,W,NA,22.39835728952772,mls,mKAqBBmqbg,W,asa_live,TRUE,NA,mlspa_via_asa,554,302083,0,NA,FALSE,1,0,blended,2025+2026 season to date,554,0.181413357400722,0.01694404332129964,-0.029907942238267145,0.06023826714801444,0.03372563176895307,0.05776895306859207,0.04264440433212996,2026,302083,FC Dallas,0.19903356584128315,1,0.1905746442848959,0.2032796205769081,0.018073646209951083,19.213973799126638,-0.03190180505514855,25.32751091703057,0.06425415162655668,28.820960698689955,0.035974007221340795,69.43231441048034,0.06162021660842384,85.1528384279476,0.0454873646223601,96.5065502183406,43.23144104803494,302083,33.177570093457945,36.26373626373626,527437.5,10.053870954576993,TRUE,FALSE,76.34408602150538,Low,37.75,62.25,Fair Value,Wingers and attacking midfielders,1.1.0,2026-07-25 22:12:49 UTC,23,23,102,Performance data through: 2026-07-25 (updates every day) · MLSPA compensation as of: 2026-04-16,FALSE,2026-07-25 22:12:44 UTC
Oa5wdglAq1,asa_Oa5wdglAq1_mls_blended,Aron John,aron john,2006-04-03,USA,CM,NA,20.243668720054757,mls,NPqxKXZ59d,CM,asa_live,FALSE,NA,NA,3,NA,0,NA,FALSE,1,0,blended,2025+2026 season to date,3,-0.291,0,-0.387,0.012000000000000002,0.084,0,0,2026,NA,Charlotte FC,0.13647524696350208,1,0.13434850444129562,0.14330507140852694,0,6.280193236714976,-0.4128000000129,0.4830917874396135,0.012800000000400002,23.67149758454106,0.08960000000280001,98.06763285024155,0,4.106280193236715,0,61.83574879227053,50.72463768115942,NA,NA,NA,510300,NA,FALSE,FALSE,NA,Insufficient,49,51,Insufficient Evidence,Central and defensive midfielders,1.1.0,2026-07-25 22:12:49 UTC,NA,NA,NA,Performance data through: 2026-07-25 (updates every day) · MLSPA compensation as of: 2026-04-16,FALSE,2026-07-25 22:12:44 UTC
Oa5wdol4q1,asa_Oa5wdol4q1_mls_blended,Maximo Carrizo,maximo carrizo,2008-02-28,USA,FB,NA,18.338124572210816,mls,Vj58weDM8n,FB,asa_live,TRUE,NA,mlspa_via_asa,58,183523,107,183523,TRUE,0.15,0.85,blended,2025+2026 season to date,148.95,0.02769486786980342,0.033495923300032225,-0.048207573316145655,0.05865771028037384,-0.07646135191749918,0.0468055833064776,0.013404576216564611,2026,183523,New York City FC,0.11482828719990651,1,0.09749932958028057,0.10399928488888259,0.03572898485448424,88.77551020408163,-0.05142141153882895,5.612244897959184,0.06256822430102069,85.71428571428571,-0.0815587753812145,3.061224489795918,0.04992595552846962,43.87755102040816,0.014298214631449072,94.89795918367346,27.040816326530614,183523,34.75935828877005,28.46153846153846,336500,-7.7185419622394384,FALSE,TRUE,NA,Low,41,59,Small-Sample Watchlist,Fullbacks and wingbacks,1.1.0,2026-07-25 22:12:49 UTC,NA,NA,NA,Performance data through: 2026-07-25 (updates every day) · MLSPA compensation as of: 2026-04-16,FALSE,2026-07-25 22:12:44 UTC
Oa5wdxN9q1,asa_Oa5wdxN9q1_mls_blended,Nolan Norris,nolan norris,2005-02-17,USA,CB,NA,21.366187542778917,mls,mKAqBBmqbg,CB,asa_live,TRUE,NA,mlspa_via_asa,1131,218642,819,218642,TRUE,0.6176952484980884,0.38230475150191157,blended,2025+2026 season to date,1444.1075914800656,0.19491912784102844,0.010459185816913831,0.03399806747048691,0.044906776456749155,-0.0028833340335251804,0.11316447506616814,-0.004726042935764393,2026,218642,FC Dallas,0.1396251547943452,1,0.17868887461644736,0.19060146626350014,0.011156464871723393,63.829787234042556,0.036264605302985975,29.25531914893617,0.04790056155536266,89.36170212765957,-0.0030755563025229703,28.19148936170213,0.12070877340768484,82.97872340425532,-0.005041112464972887,46.808510638297875,85.63829787234043,218642,26.666666666666668,30.87912087912088,509583.5,58.97163120567376,TRUE,FALSE,91.66666666666667,High,20.75,79.25,Elite Value,Center backs,1.1.0,2026-07-25 22:12:49 UTC,9,9,38,Performance data through: 2026-07-25 (updates every day) · MLSPA compensation as of: 2026-04-16,FALSE,2026-07-25 22:12:44 UTC
OlMl9V2R5L,asa_OlMl9V2R5L_mls_blended,Birk Risa,birk risa,1998-02-13,Norway,FB,NA,27.378507871321013,mls,Vj58weDM8n,FB,asa_live,TRUE,NA,mlspa_via_asa,0,NA,1187,908250,TRUE,0,1,blended,2025+2026 season to date,1187,0.1821609098567818,0.007506318449873629,0.0523698399326032,0.00391238416175231,-0.00414743049705139,0.12340690817186184,-8.871103622577926e-4,2026,908250,New York City FC,0.11482828719990651,1,0.15955342603242523,0.17019032110657203,0.008006739680115416,33.16326530612245,0.05586116259652241,87.75510204081633,0.00417320977266621,7.653061224489796,-0.00442392586365973,29.591836734693878,0.13163403538743285,94.38775510204081,-9.462510531045491e-4,49.48979591836735,88.77551020408163,908250,92.51336898395722,79.12087912087912,336500,-3.7378587798755945,FALSE,FALSE,NA,Low,41,59,Insufficient Evidence,Fullbacks and wingbacks,1.1.0,2026-07-25 22:12:49 UTC,NA,NA,NA,Performance data through: 2026-07-25 (updates every day) · MLSPA compensation as of: 2026-04-16,FALSE,2026-07-25 22:12:44 UTC
OlMl9zeE5L,asa_OlMl9zeE5L_mls_blended,Sam Vines,sam vines,1999-05-31,USA,FB,NA,27.085557837097877,mls,YgOMngl5wN,FB,asa_live,TRUE,NA,mlspa_via_asa,99,912500,1440,912500,TRUE,0.15,0.85,blended,2025+2026 season to date,1323,0.15878389204545454,0.012553693181818181,0.011317159090909091,0.022055426136363635,0.01168775568181818,0.08974036931818181,0.011429488636363637,2026,912500,Houston Dynamo FC,0.11482828719990651,1,0.14506919474575158,0.154740474400304,0.013390606061024516,54.59183673469388,0.012071636364013602,47.44897959183673,0.023525787879523058,46.42857142857143,0.012466939394328982,69.38775510204081,0.09572306060905195,88.77551020408163,0.012191454545835529,92.34693877551021,81.12244897959184,912500,93.04812834224599,79.56043956043956,336500,-11.92567936265415,FALSE,TRUE,NA,Low,41,59,Small-Sample Watchlist,Fullbacks and wingbacks,1.1.0,2026-07-25 22:12:49 UTC,NA,NA,NA,Performance data through: 2026-07-25 (updates every day) · MLSPA compensation as of: 2026-04-16,FALSE,2026-07-25 22:12:44 UTC
OlMlB6eAqL,asa_OlMlB6eAqL_mls_blended,Amin Boudri,amin boudri,2004-09-29,Sweden,W,NA,21.752224503764545,mls,eVq3ya6MWO,W,asa_live,TRUE,NA,mlspa_via_asa,104,742000,0,NA,FALSE,1,0,blended,2025+2026 season to date,104,0.6331153846153847,0.08775000000000001,0.06827884615384615,0.31179807692307693,0.14875961538461538,0.023711538461538458,-0.0071826923076923005,2026,742000,Los Angeles FC,0.19903356584128315,1,0.26315928906927544,0.28070324168266575,0.09360000000292501,93.88646288209607,0.07283076923304518,93.01310043668123,0.33258461539500866,98.2532751091703,0.15867692308188172,97.37991266375546,0.025292307693098072,27.510917030567686,-0.007661538461777877,8.296943231441048,89.08296943231441,742000,65.42056074766356,69.89010989010988,527437.5,23.662408684650856,FALSE,TRUE,NA,Low,49,51,Small-Sample Watchlist,Wingers and attacking midfielders,1.1.0,2026-07-25 22:12:49 UTC,NA,NA,NA,Performance data through: 2026-07-25 (updates every day) · MLSPA compensation as of: 2026-04-16,FALSE,2026-07-25 22:12:44 UTC
OlMlB7yAqL,asa_OlMlB7yAqL_mls_blended,Jake Girdwood-Reich,jake girdwoodreich,2004-05-26,Australia,CB,NA,21.097878165639973,mls,wvq9B9wQWn,CB,asa_live,TRUE,NA,mlspa_via_asa,0,NA,580,281027,TRUE,0,1,blended,2025+2026 season to date,580,0.08317241379310346,0,0.01286379310344827,0.00158275862068965,-0.01322068965517241,0.08883620689655172,-0.00688965517241379,2026,281027,St. Louis City SC,0.1396251547943452,1,0.1118771973530569,0.11933567718032327,0,7.180851063829787,0.013721379310773614,9.574468085106384,0.0016882758621217186,12.76595744680851,-0.014102068965957927,10.638297872340425,0.09475862069261638,71.80851063829788,-0.00734896551747103,36.170212765957444,19.680851063829788,281027,31.666666666666668,35.05494505494506,509583.5,-11.98581560283688,FALSE,FALSE,NA,Low,41,59,Insufficient Evidence,Center backs,1.1.0,2026-07-25 22:12:49 UTC,NA,NA,NA,Performance data through: 2026-07-25 (updates every day) · MLSPA compensation as of: 2026-04-16,FALSE,2026-07-25 22:12:44 UTC
OlMlBKG4qL,asa_OlMlBKG4qL_mls_blended,Ahmed Qasem,ahmed qasem,2003-07-12,Sweden,W,NA,22.97056810403833,mls,vzqoOgNqap,W,asa_live,TRUE,NA,mlspa_via_asa,917,650000,1397,650000,TRUE,0.5670995670995671,0.4329004329004329,blended,2025+2026 season to date,1521.7619047619046,0.10928524017142488,0.026603732089569086,-0.02995474001405078,0.07152075810476466,0.003945411782204911,0.02845501691273242,0.00871506129620456,2026,650000,Nashville SC,0.19903356584128315,1,0.13466461722643788,0.1436422583793559,0.028377314229760482,27.510917030567686,-0.03195172268265265,24.890829694323145,0.07628880864746633,41.48471615720524,0.004208439234483419,40.61135371179039,0.030352018041196416,33.624454148471614,0.0092960653829087,74.23580786026201,4.8034934497816595,650000,59.345794392523366,63.57142857142857,527437.5,-54.542300942741704,TRUE,FALSE,10.75268817204301,High,20.75,79.25,Below Expected Value by Current Model,Wingers and attacking midfielders,1.1.0,2026-07-25 22:12:49 UTC,84,84,380,Performance data through: 2026-07-25 (updates every day) · MLSPA compensation as of: 2026-04-16,FALSE,2026-07-25 22:12:44 UTC
OlMlBVn0qL,asa_OlMlBVn0qL_mls_blended,Marcus Caldeira,marcus caldeira,2004-10-14,Canada,FW,NA,21.711156741957563,mls,kRQand1MKZ,FW,asa_live,TRUE,NA,mlspa_via_asa,15,88025,0,NA,FALSE,1,0,blended,2025+2026 season to date,15,-0.01439999999999999,0,-0.05579999999999999,0.0738,-0.0324,0,0,2026,88025,Minnesota United FC,0.21844855740004673,1,0.21276932429272852,0.22695394591933607,0,4.25531914893617,-0.05952000000185999,32.6241134751773,0.07872000000246,12.056737588652481,-0.03456000000108,44.680851063829785,0,9.574468085106384,0,31.56028368794326,46.808510638297875,88025,6.7669172932330826,4.34065934065934,540000,40.04159334506479,FALSE,TRUE,NA,Low,49,51,Small-Sample Watchlist,Strikers,1.1.0,2026-07-25 22:12:49 UTC,NA,NA,NA,Performance data through: 2026-07-25 (updates every day) · MLSPA compensation as of: 2026-04-16,FALSE,2026-07-25 22:12:44 UTC
OlMlBalgqL,asa_OlMlBalgqL_mls_blended,Juan José Mina,juan jose mina,2004-07-27,Colombia,FB,NA,21.927446954141,mls,a2lqRX2Mr0,FB,asa_live,TRUE,NA,mlspa_via_asa,209,190432,0,NA,FALSE,1,0,blended,2025+2026 season to date,209,0.26448803827751194,0.04413875598086124,0.02777511961722488,0.01597607655502392,0.05361244019138756,0.11351196172248804,0.00947368421052631,2026,190432,New York Red Bulls,0.11482828719990651,1,0.1534919311742199,0.16372472659095094,0.04708133971438995,92.85714285714286,0.029626794259299042,66.3265306122449,0.017041148325891386,36.224489795918366,0.05718660287260048,94.38775510204081,0.1210794258411043,92.85714285714286,0.010105263158210519,90.81632653061224,85.20408163265306,190432,35.82887700534759,29.01098901098901,336500,49.375204627305465,FALSE,TRUE,NA,Low,49,51,Small-Sample Watchlist,Fullbacks and wingbacks,1.1.0,2026-07-25 22:12:49 UTC,NA,NA,NA,Performance data through: 2026-07-25 (updates every day) · MLSPA compensation as of: 2026-04-16,FALSE,2026-07-25 22:12:44 UTC
OlMlBn1yqL,asa_OlMlBn1yqL_mls_blended,Warren Madrigal,warren madrigal,2004-07-24,Costa Rica,W,NA,21.93566050650239,mls,vzqoOgNqap,W,asa_live,TRUE,NA,mlspa_via_asa,884,403500,0,NA,FALSE,1,0,blended,2025+2026 season to date,884,0.26222171945701356,0.06580995475113122,0.00274886877828054,0.06744909502262443,0.01395814479638009,0.09733031674208144,0.01492533936651583,2026,403500,Nashville SC,0.19903356584128315,1,0.236673948453349,0.25245221169146137,0.07019728507006696,82.53275109170306,0.002932126696924205,58.51528384279476,0.07194570135971436,35.37117903930131,0.014888687783270701,48.90829694323144,0.10381900452813121,96.06986899563319,0.01592036199144773,83.4061135371179,79.91266375545851,403500,39.7196261682243,44.395604395604394,527437.5,40.19303758723421,TRUE,FALSE,95.6989247311828,Low,37.75,62.25,Undervalued,Wingers and attacking midfielders,1.1.0,2026-07-25 22:12:49 UTC,5,5,22,Performance data through: 2026-07-25 (updates every day) · MLSPA compensation as of: 2026-04-16,FALSE,2026-07-25 22:12:44 UTC
OlMle3AD5L,asa_OlMle3AD5L_mls_blended,Thomas Williams,thomas williams,2004-08-15,USA,CB,NA,20.876112251882272,mls,jYQJ8EW5GR,CB,asa_live,TRUE,NA,mlspa_via_asa,0,NA,17,163875,TRUE,0,1,blended,2025+2026 season to date,17,0.3118235294117647,0,0,0,0,0.36423529411764705,-0.05241176470588236,2026,163875,Orlando City SC,0.1396251547943452,1,0.1443696805131396,0.15399432588549455,0,7.180851063829787,0,3.1914893617021276,0,6.914893617021277,0,37.765957446808514,0.3885176470709647,99.46808510638297,-0.05590588235468824,3.1914893617021276,55.319148936170215,163875,22.77777777777778,27.032967032967033,509583.5,32.54137115839244,FALSE,FALSE,NA,Low,41,59,Insufficient Evidence,Center backs,1.1.0,2026-07-25 22:12:49 UTC,NA,NA,NA,Performance data through: 2026-07-25 (updates every day) · MLSPA compensation as of: 2026-04-16,FALSE,2026-07-25 22:12:44 UTC
OlMleNXN5L,asa_OlMleNXN5L_mls_blended,Justin Reynolds,justin reynolds,2004-08-04,USA,FB,NA,21.905544147843944,mls,Z2vQ1xlqrA,FB,asa_live,TRUE,NA,mlspa_via_asa,364,123400,175,123400,TRUE,0.34210526315789475,0.6578947368421053,blended,2025+2026 season to date,479.13157894736844,0.28628289473684215,0.03989097744360902,-0.018532894736842102,0.1819031954887218,0.012958646616541352,0.07068045112781955,-6.174812030075188e-4,2026,123400,Sporting Kansas City,0.11482828719990651,1,0.1909536813868743,0.20368392681903102,0.042550375941179316,91.83673469387755,-0.01976842105324934,13.775510204081632,0.19403007519403337,98.46938775510205,0.013822556391409396,71.93877551020408,0.07539248120536354,77.04081632653062,-6.586466165619361e-4,53.06122448979592,97.44897959183673,123400,27.807486631016044,21.64835164835165,336500,69.64149296082068,FALSE,TRUE,NA,Low,41,59,Small-Sample Watchlist,Fullbacks and wingbacks,1.1.0,2026-07-25 22:12:49 UTC,NA,NA,NA,Performance data through: 2026-07-25 (updates every day) · MLSPA compensation as of: 2026-04-16,FALSE,2026-07-25 22:12:44 UTC
OlMleWzR5L,asa_OlMleWzR5L_mls_blended,Rafael Navarro,rafael navarro,2000-04-14,Brazil,FW,NA,26.21218343600274,mls,pzeQZ6xQKw,FW,asa_live,TRUE,NA,mlspa_via_asa,1622,1449600,2974,1449600,TRUE,0.6985357450473729,0.3014642549526271,blended,2025+2026 season to date,2518.554694229113,0.2719657157900773,0.07428136615525771,-0.026883621880587828,0.15161699587640687,0.02197316015284924,0.03922644834039714,0.011751367145754166,2026,1449600,Colorado Rapids,0.21844855740004673,1,0.2616691848062089,0.2791137971353451,0.07923345723475093,70.92198581560284,-0.028675863340189803,68.79432624113475,0.16172479560655456,38.297872340425535,0.02343803749710496,86.52482269503547,0.04184154489773116,78.72340425531915,0.01253479162252949,73.04964539007092,78.72340425531915,1449600,72.93233082706767,89.34065934065934,540000,5.7910734282514795,TRUE,FALSE,70.17543859649123,High,14,86,Undervalued,Strikers,1.1.0,2026-07-25 22:12:49 UTC,18,18,128,Performance data through: 2026-07-25 (updates every day) · MLSPA compensation as of: 2026-04-16,FALSE,2026-07-25 22:12:44 UTC
OlMleawP5L,asa_OlMleawP5L_mls_blended,Carlos Terán,carlos teran,2000-09-24,Colombia,CB,NA,24.76659822039699,mls,X0Oq66zq6D,CB,asa_live,TRUE,NA,mlspa_via_asa,0,NA,602,669000,TRUE,0,1,blended,2025+2026 season to date,602,0.06516777408637874,0.01143687707641196,0.05106976744186047,0.015921926910299,-0.03305481727574751,0.0648986710963455,-0.0451046511627907,2026,669000,Chicago Fire FC,0.1396251547943452,1,0.10233451986406583,0.10915682119174804,0.012199335548553986,70.2127659574468,0.05447441860635349,60.1063829787234,0.016983388704849663,51.59574468085106,-0.03525847176189917,3.1914893617021276,0.06922524917159849,42.5531914893617,-0.04811162790848023,5.319148936170213,10.106382978723405,669000,61.666666666666664,65.49450549450549,509583.5,-51.56028368794326,FALSE,FALSE,NA,Low,41,59,Insufficient Evidence,Center backs,1.1.0,2026-07-25 22:12:49 UTC,NA,NA,NA,Performance data through: 2026-07-25 (updates every day) · MLSPA compensation as of: 2026-04-16,FALSE,2026-07-25 22:12:44 UTC
OlMlegLA5L,asa_OlMlegLA5L_mls_blended,Mauricio Cuevas,mauricio cuevas,2003-02-10,USA,FB,NA,23.38672142368241,mls,kaDQ0wRqEv,FB,asa_live,TRUE,NA,mlspa_via_asa,821,268500,941,268500,TRUE,0.539776462853386,0.460223537146614,blended,2025+2026 season to date,1254.0703484549638,0.15682549094819184,0.012230624603059815,0.010742021895377568,0.049113325242565814,0.012105571939709105,0.06686817498695206,0.00576577228052745,2026,268500,LA Galaxy,0.11482828719990651,1,0.14323467856614308,0.15278365714199377,0.013045999577004823,53.06122448979592,0.011458156688760806,46.42857142857143,0.052387546927040646,79.59183673469387,0.012912610069426563,70.91836734693878,0.07132605332164448,72.95918367346938,0.006150157099421473,88.77551020408163,80.10204081632654,268500,41.1764705882353,34.065934065934066,336500,38.92557022809124,TRUE,FALSE,90,Medium,29.75,70.25,Elite Value,Fullbacks and wingbacks,1.1.0,2026-07-25 22:12:49 UTC,9,9,45,Performance data through: 2026-07-25 (updates every day) · MLSPA compensation as of: 2026-04-16,FALSE,2026-07-25 22:12:44 UTC
OlMlezzg5L,asa_OlMlezzg5L_mls_blended,Lukas MacNaughton,lukas macnaughton,1995-03-08,Canada,CB,NA,31.315537303216978,mls,wvq9B9wQWn,CB,asa_live,TRUE,NA,mlspa_via_asa,734,219306,788,219306,TRUE,0.5118549511854951,0.48814504881450493,blended,2025+2026 season to date,1118.6582984658298,0.16507540938342927,0.02299779113480449,0.052636769109869794,0.04800837882038103,-0.008045069345623683,0.051141133742539785,-0.0016635940785421442,2026,219306,St. Louis City SC,0.1396251547943452,1,0.15619048282933679,0.16660318168983226,0.024530977211224717,93.08510638297872,0.05614588705228234,62.765957446808514,0.05120893741000671,89.8936170212766,-0.008581407302266763,18.617021276595743,0.05455054266041381,28.72340425531915,-0.001774500350500407,63.297872340425535,69.14893617021276,219306,27.22222222222222,30.98901098901099,509583.5,41.92671394799054,TRUE,FALSE,86.45833333333333,Medium,29.75,70.25,Strong Value,Center backs,1.1.0,2026-07-25 22:12:49 UTC,14,14,60,Performance data through: 2026-07-25 (updates every day) · MLSPA compensation as of: 2026-04-16,FALSE,2026-07-25 22:12:44 UTC
OlMlkNP0QL,asa_OlMlkNP0QL_mls_blended,Kwaku Agyabeng,kwaku agyabeng,2006-06-27,Ghana,FB,NA,20.01095140314853,mls,Z2vQ1xlqrA,FB,asa_live,TRUE,NA,mlspa_via_asa,398,88858,0,NA,FALSE,1,0,blended,2025+2026 season to date,398,0.07324371859296483,0,0.01286683417085427,0.01092211055276382,0.02528140703517588,0.03168090452261307,-0.00750753768844221,2026,88858,Sporting Kansas City,0.11482828719990651,1,0.09824446124242875,0.10479409199519882,0,6.377551020408164,0.013724623116006782,50,0.011650251256645478,21.93877551020408,0.026966834171696985,87.75510204081633,0.03379296482517664,25,-0.008008040201255276,23.979591836734695,28.571428571428573,88858,6.4171122994652405,6.318681318681318,336500,22.15431627196333,FALSE,TRUE,NA,Low,49,51,Small-Sample Watchlist,Fullbacks and wingbacks,1.1.0,2026-07-25 22:12:49 UTC,NA,NA,NA,Performance data through: 2026-07-25 (updates every day) · MLSPA compensation as of: 2026-04-16,FALSE,2026-07-25 22:12:44 UTC
OlMlkkvPQL,asa_OlMlkkvPQL_mls_blended,Malik Jakupovic,malik jakupovic,2009-06-24,USA,FW,NA,17.018480492813143,mls,9z5k7Yg5A3,FW,asa_live,TRUE,NA,mlspa_via_asa,87,105956,0,NA,FALSE,1,0,blended,2025+2026 season to date,87,0.01510344827586207,0,0.00817241379310344,0.01003448275862069,0.00113793103448275,-8.275862068965518e-4,-0.00341379310344827,2026,105956,Philadelphia Union,0.21844855740004673,1,0.19269743004370893,0.20554392538637944,0,4.25531914893617,0.00871724137958275,90.0709219858156,0.01070344827619655,1.4184397163120568,0.0012137931034861976,70.92198581560284,-8.827586207172415e-4,4.964539007092198,-0.0036413793104586143,16.31205673758865,29.78723404255319,105956,17.293233082706767,14.285714285714286,540000,12.494000959846424,FALSE,TRUE,NA,Low,49,51,Small-Sample Watchlist,Strikers,1.1.0,2026-07-25 22:12:49 UTC,NA,NA,NA,Performance data through: 2026-07-25 (updates every day) · MLSPA compensation as of: 2026-04-16,FALSE,2026-07-25 22:12:44 UTC
OlMlnxlDqL,asa_OlMlnxlDqL_mls_blended,Tristan Blackmon,tristan blackmon,1996-08-12,USA,CB,NA,29.883641341546884,mls,lgpMOvnQzy,CB,asa_live,TRUE,NA,mlspa_via_asa,1441,975000,2533,975000,TRUE,0.6730499766464269,0.32695002335357315,blended,2025+2026 season to date,2269.164409154601,0.14375260904495962,0.020684513234275337,0.08626830166878935,0.024619227781329422,0.0038735567667001047,0.017899623705988018,-0.009592614112122592,2026,975000,Vancouver Whitecaps FC,0.1396251547943452,1,0.1428894753247493,0.15241544035116222,0.022063480783916508,90.42553191489361,0.09201952178291758,93.61702127659575,0.02626050963423869,71.80851063829788,0.00413179388460923,53.723404255319146,0.01909293195365054,9.042553191489361,-0.010232121719917185,31.914893617021278,51.59574468085106,975000,83.88888888888889,81.86813186813187,509583.5,-32.29314420803782,TRUE,FALSE,21.875,High,20.75,79.25,Below Expected Value by Current Model,Center backs,1.1.0,2026-07-25 22:12:49 UTC,76,76,333,Performance data through: 2026-07-25 (updates every day) · MLSPA compensation as of: 2026-04-16,FALSE,2026-07-25 22:12:44 UTC
OlMlonPQLz,asa_OlMlonPQLz_mls_blended,Marco Reus,marco reus,1989-05-31,Germany,FW,NA,37.08418891170431,mls,kaDQ0wRqEv,FW,asa_live,TRUE,NA,mlspa_via_asa,1304,902364,1640,902364,TRUE,0.6506986027944112,0.34930139720558884,blended,2025+2026 season to date,1876.8542914171658,0.19830517014750987,0.038851905944209134,-0.008526471447349207,0.12117188184606399,-0.0025393968161238475,0.045753012268146626,0.003594238352563161,2026,902364,LA Galaxy,0.21844855740004673,1,0.203184759711338,0.21673041036553337,0.04144203300845147,26.95035460992908,-0.009094902877456703,80.1418439716312,0.12925000730650732,24.822695035460992,-0.0027086899372834173,67.37588652482269,0.04880321308754817,85.1063829787234,0.0038338542428538462,51.773049645390074,35.46099290780142,902364,66.9172932330827,78.9010989010989,540000,-31.456300325281283,TRUE,FALSE,33.333333333333336,High,20.75,79.25,Below Expected Value by Current Model,Strikers,1.1.0,2026-07-25 22:12:49 UTC,39,39,286,Performance data through: 2026-07-25 (updates every day) · MLSPA compensation as of: 2026-04-16,FALSE,2026-07-25 22:12:44 UTC
Pk5L1BXPqO,asa_Pk5L1BXPqO_mls_blended,Júnior Urso,junior urso,1989-03-10,Brazil,CM,NA,36.309377138945926,mls,YgOMngl5wN,CM,asa_live,TRUE,NA,mlspa_via_asa,0,NA,1123,123533,TRUE,0,1,blended,2025+2026 season to date,1123,0.10451380231522708,0.01848886910062332,-0.007725734639358861,0.04552894033837934,0.00355832591273374,0.04471950133570793,-5.609973285841496e-5,2026,123533,Houston Dynamo FC,0.13647524696350208,1,0.11564373080563045,0.12335331286319394,0.019721460374614502,62.31884057971015,-0.008240783615573642,20.28985507246377,0.04856420302912226,78.74396135265701,0.0037955476403679334,49.75845410628019,0.047700801426245776,27.053140096618357,-5.983971505084595e-5,57.971014492753625,26.570048309178745,123533,18.877551020408163,21.75824175824176,510300,7.692497288770582,FALSE,FALSE,NA,Low,41,59,Insufficient Evidence,Central and defensive midfielders,1.1.0,2026-07-25 22:12:49 UTC,NA,NA,NA,Performance data through: 2026-07-25 (updates every day) · MLSPA compensation as of: 2026-04-16,FALSE,2026-07-25 22:12:44 UTC
Pk5L6BzZQO,asa_Pk5L6BzZQO_mls_blended,Micael,micael,2000-08-12,Brazil,CB,NA,25.883641341546884,mls,zeQZkL1MKw,CB,asa_live,TRUE,NA,mlspa_via_asa,1549,892440,0,NA,FALSE,1,0,blended,2025+2026 season to date,1549,0.15081536475145255,0.00718140735958683,0.05453453841187862,0.01331116849580374,0.00719883795997417,0.074463524854745,-0.005874112330535821,2026,892440,Inter Miami CF,0.1396251547943452,1,0.14769106229716478,0.1575371331218988,0.007660167850465332,45.212765957446805,0.05817017430782168,64.8936170212766,0.014198579729301029,43.61702127659574,0.007678760490879076,69.14893617021276,0.07942775984754345,54.255319148936174,-0.006265719819434012,39.8936170212766,59.04255319148936,892440,79.44444444444444,78.35164835164835,509583.5,-20.401891252955082,TRUE,FALSE,30.208333333333332,High,22,78,Below Expected Value by Current Model,Center backs,1.1.0,2026-07-25 22:12:49 UTC,68,68,297,Performance data through: 2026-07-25 (updates every day) · MLSPA compensation as of: 2026-04-16,FALSE,2026-07-25 22:12:44 UTC
Pk5L6k6PQO,asa_Pk5L6k6PQO_mls_blended,Kwadwo Opoku,kwadwo opoku,2001-07-13,Ghana,W,NA,24.966461327857633,mls,APk5LGOMOW,W,asa_live,TRUE,NA,mlspa_via_asa,138,723560,237,723560,TRUE,0.16467780429594273,0.8353221957040573,blended,2025+2026 season to date,335.9713603818616,0.14625686535149998,0.03528491586356907,0.0023448234192320417,0.08768313646113411,-0.028537385577474997,0.049444397450228085,3.697773481163715e-5,2026,723560,CF Montréal,0.19903356584128315,1,0.18008911880950182,0.19209506006947158,0.03763724358898317,38.8646288209607,0.0025011449805923385,58.07860262008734,0.09352867889479916,57.64192139737991,-0.030439877950257908,13.537117903930131,0.05274069061522477,74.23580786026201,3.944291713364555e-5,42.35807860262009,30.56768558951965,723560,64.01869158878505,68.35164835164835,527437.5,-33.45100599926539,FALSE,TRUE,NA,Low,41,59,Small-Sample Watchlist,Wingers and attacking midfielders,1.1.0,2026-07-25 22:12:49 UTC,NA,NA,NA,Performance data through: 2026-07-25 (updates every day) · MLSPA compensation as of: 2026-04-16,FALSE,2026-07-25 22:12:44 UTC
Pk5L6rDPQO,asa_Pk5L6rDPQO_mls_blended,David Ruiz,david ruiz,2004-02-08,USA,CM,NA,22.392881587953458,mls,zeQZkL1MKw,CM,asa_live,TRUE,NA,mlspa_via_asa,253,231887,143,231887,TRUE,0.2654774396642183,0.7345225603357817,blended,2025+2026 season to date,358.03672612801677,0.14749343625943837,0.0094509939168910765,-0.017742374100191513,0.08962052847467328,0.01453562177591558,0.037656374056164184,0.01397229213598574,2026,231887,Inter Miami CF,0.13647524696350208,1,0.1405929559362254,0.1499658196699935,0.010081060178332182,32.367149758454104,-0.018925199040795693,11.594202898550725,0.09559523037597217,95.16908212560386,0.015504663228127807,76.32850241545894,0.04016679899449701,19.32367149758454,0.014903778278850532,95.65217391304348,57.971014492753625,231887,31.632653061224488,32.1978021978022,510300,26.338361431529137,FALSE,TRUE,NA,Low,41,59,Small-Sample Watchlist,Central and defensive midfielders,1.1.0,2026-07-25 22:12:49 UTC,NA,NA,NA,Performance data through: 2026-07-25 (updates every day) · MLSPA compensation as of: 2026-04-16,FALSE,2026-07-25 22:12:44 UTC
Pk5LJZZQOW,asa_Pk5LJZZQOW_mls_blended,Zanka,zanka,1990-04-23,Denmark,CB,NA,35.1895961670089,mls,kaDQ0wRqEv,CB,asa_live,FALSE,NA,NA,0,NA,1507,NA,TRUE,0,1,blended,2025+2026 season to date,1507,0.1845985401459854,0.006216987392169871,0.0807193098871931,0.01470935633709356,-0.02991439946914399,0.11457531519575316,-0.00170802919708029,2026,NA,LA Galaxy,0.1396251547943452,1,0.17179169097133704,0.18324447037515257,0.006631453218521761,36.702127659574465,0.08610059721569661,90.95744680851064,0.015689980093390107,47.340425531914896,-0.03190869276808407,4.787234042553192,0.12221366954595587,84.04255319148936,-0.0018218978102759102,62.765957446808514,81.91489361702128,NA,NA,NA,509583.5,NA,FALSE,FALSE,NA,Insufficient,41,59,Insufficient Evidence,Center backs,1.1.0,2026-07-25 22:12:49 UTC,NA,NA,NA,Performance data through: 2026-07-25 (updates every day) · MLSPA compensation as of: 2026-04-16,FALSE,2026-07-25 22:12:44 UTC
Pk5LZEgGQO,asa_Pk5LZEgGQO_mls_blended,Nikola Markovic,nikola markovic,2004-07-22,Canada,CM,NA,21.94113620807666,mls,EKXMeX3Q64,CM,asa_live,TRUE,NA,mlspa_via_asa,413,93858,0,NA,FALSE,1,0,blended,2025+2026 season to date,413,0.05480629539951573,0.01793462469733656,-0.00309443099273607,0.01497094430992736,-0.01813075060532687,0.10013317191283294,-0.05700726392251816,2026,93858,D.C. United,0.13647524696350208,1,0.10317882347295285,0.11005741170792233,0.019130266344423483,60.869565217391305,-0.0033007263923549557,23.67149758454106,0.015969007264421547,32.85024154589372,-0.01933946731295302,10.628019323671497,0.10680871671035957,91.30434782608695,-0.060807748185919615,0.966183574879227,14.97584541062802,93858,8.16326530612245,8.736263736263735,510300,6.812580104505571,FALSE,TRUE,NA,Low,49,51,Small-Sample Watchlist,Central and defensive midfielders,1.1.0,2026-07-25 22:12:49 UTC,NA,NA,NA,Performance data through: 2026-07-25 (updates every day) · MLSPA compensation as of: 2026-04-16,FALSE,2026-07-25 22:12:44 UTC
Pk5Le0VDqO,asa_Pk5Le0VDqO_mls_blended,Ryan Raposo,ryan raposo,1999-03-05,Canada,FB,NA,27.32375085557837,mls,eVq3ya6MWO,FB,asa_live,TRUE,NA,mlspa_via_asa,365,220000,111,220000,TRUE,0.3427230046948357,0.6572769953051643,blended,2025+2026 season to date,437.9577464788732,0.014173201370384466,0.014061971830985915,-0.03271290445374952,0.03198583936048724,-0.03703365055196041,0.04636414160639512,-0.008492196421773884,2026,220000,Los Angeles FC,0.11482828719990651,1,0.07235770040475095,0.07718154710081294,0.014999436620187042,59.69387755102041,-0.03489376475175658,8.16326530612245,0.034118228652252586,61.734693877551024,-0.03950256058999223,6.63265306122449,0.049455084381700265,43.36734693877551,-0.009058342850175215,20.918367346938776,7.653061224489796,220000,37.4331550802139,31.0989010989011,336500,-29.780093855724104,FALSE,TRUE,NA,Low,41,59,Small-Sample Watchlist,Fullbacks and wingbacks,1.1.0,2026-07-25 22:12:49 UTC,NA,NA,NA,Performance data through: 2026-07-25 (updates every day) · MLSPA compensation as of: 2026-04-16,FALSE,2026-07-25 22:12:44 UTC
Pk5Le6BPqO,asa_Pk5Le6BPqO_mls_blended,Antino Lopez,antino lopez,2002-05-21,USA,CB,NA,24.112251882272417,mls,jYQJ19EqGR,CB,asa_live,TRUE,NA,mlspa_via_asa,618,88025,4,88025,TRUE,0.46889226100151743,0.5311077389984826,blended,2025+2026 season to date,620.124430955994,0.08158725341426404,0.004773141122913501,0.017487860394537178,-4.779969650986317e-4,0.006138846737481028,0.05906676783004552,-0.005401365705614565,2026,88025,Seattle Sounders FC,0.1396251547943452,1,0.11012757270019484,0.11746941088387874,0.005091350531266839,26.595744680851062,0.018653717754755918,11.702127659574469,-5.098634294544738e-4,5.319148936170213,0.0065481031868510585,64.36170212765957,0.06300455235401745,38.297872340425535,-0.005761456752835581,42.5531914893617,17.5531914893617,88025,3.611111111111111,4.34065934065934,509583.5,13.94208037825059,TRUE,FALSE,71.875,Medium,29.75,70.25,Fair Value,Center backs,1.1.0,2026-07-25 22:12:49 UTC,28,28,123,Performance data through: 2026-07-25 (updates every day) · MLSPA compensation as of: 2026-04-16,FALSE,2026-07-25 22:12:44 UTC
Pk5LeDgmqO,asa_Pk5LeDgmqO_mls_blended,Mateusz Bogusz,mateusz bogusz,2001-08-22,Poland,W,NA,24.856947296372347,mls,YgOMngl5wN,W,asa_live,TRUE,NA,mlspa_via_asa,1428,2521048,0,NA,FALSE,1,0,blended,2025+2026 season to date,1428,0.15278571428571427,0.06180882352941177,-0.03849579831932773,0.07710504201680674,0.0194936974789916,0.02855042016806723,0.0043235294117647,2026,2521048,Houston Dynamo FC,0.19903356584128315,1,0.16646851060392992,0.17756641131640752,0.06592941176676619,76.85589519650655,-0.04106218487523277,19.213973799126638,0.08224537815383068,47.161572052401745,0.020793277311574165,55.45851528384279,0.030453781513556728,34.49781659388646,0.004611764706026465,61.572052401746724,21.397379912663755,2521048,88.78504672897196,94.3956043956044,527437.5,-67.38766681630821,TRUE,FALSE,2.150537634408602,High,28.75,71.25,Below Expected Value by Current Model,Wingers and attacking midfielders,1.1.0,2026-07-25 22:12:49 UTC,92,92,416,Performance data through: 2026-07-25 (updates every day) · MLSPA compensation as of: 2026-04-16,FALSE,2026-07-25 22:12:44 UTC
Pk5LeG0YqO,asa_Pk5LeG0YqO_mls_blended,Quinn Sullivan,quinn sullivan,2004-03-27,USA,W,NA,22.261464750171115,mls,9z5k7Yg5A3,W,asa_live,TRUE,NA,mlspa_via_asa,27,568000,2155,568000,TRUE,0.15,0.85,blended,2025+2026 season to date,1858.75,0.2583777958236659,0.04390368909512762,0.027190835266821346,0.12377795823665891,-4.637122969837551e-4,0.0625384222737819,0.00143060324825986,2026,568000,Philadelphia Union,0.19903356584128315,1,0.24389623487219475,0.2601559838718043,0.04683060170293291,49.78165938864629,0.02900355761884913,79.47598253275109,0.13202982212322878,80.349344978165945,-4.946264501314626e-4,34.93449781659389,0.06670765042745197,89.51965065502183,0.0015259767981915375,49.78165938864629,82.96943231441048,568000,53.73831775700935,57.8021978021978,527437.5,29.231114557401135,FALSE,TRUE,NA,Low,41,59,Small-Sample Watchlist,Wingers and attacking midfielders,1.1.0,2026-07-25 22:12:49 UTC,NA,NA,NA,Performance data through: 2026-07-25 (updates every day) · MLSPA compensation as of: 2026-04-16,FALSE,2026-07-25 22:12:44 UTC
Pk5LeYlNqO,asa_Pk5LeYlNqO_mls_blended,Conner Antley,conner antley,1995-03-22,USA,FB,NA,31.277207392197127,mls,EKXMeX3Q64,FB,asa_live,TRUE,NA,mlspa_via_asa,63,121667,1498,121667,TRUE,0.15,0.85,blended,2025+2026 season to date,1336.3,0.13848444592790385,0.010239152202937246,0.00544696261682243,0.0323314085447263,0.008214052069425895,0.08496608811749,-0.0027132176234979984,2026,121667,D.C. United,0.11482828719990651,1,0.1311541276730888,0.13989773618899984,0.010921762350141034,43.87755102040816,0.00581009345812549,36.224489795918366,0.0344868357821191,63.265306122448976,0.008761655540994756,62.244897959183675,0.09063049399482154,87.24489795918367,-0.0028940987984883058,40.816326530612244,68.87755102040816,121667,26.203208556149733,20.87912087912088,336500,42.67434246425843,FALSE,TRUE,NA,Low,41,59,Small-Sample Watchlist,Fullbacks and wingbacks,1.1.0,2026-07-25 22:12:49 UTC,NA,NA,NA,Performance data through: 2026-07-25 (updates every day) · MLSPA compensation as of: 2026-04-16,FALSE,2026-07-25 22:12:44 UTC
Pk5LemYYqO,asa_Pk5LemYYqO_mls_blended,Adam Saldana,adam saldana,2002-02-07,USA,CM,NA,23.394934976043807,mls,eVq3ya6MWO,CM,asa_live,TRUE,NA,mlspa_via_asa,0,NA,201,80622,TRUE,0,1,blended,2025+2026 season to date,201,0.16065671641791046,0.0029552238805970106,-0.01446268656716417,0.00756716417910447,-0.0028208955223880503,0.16432835820895522,0.00308955223880597,2026,80622,Los Angeles FC,0.13647524696350208,1,0.14254325615243602,0.1520461399006832,0.003152238806068652,16.42512077294686,-0.015426865672123872,14.97584541062802,0.008071641791297006,14.492753623188406,-0.003008955223974617,31.40096618357488,0.17528358209502984,98.55072463768116,0.0032955223881626864,80.19323671497584,60.869565217391305,80622,1.0204081632653061,1.043956043956044,510300,59.849157054125996,FALSE,FALSE,NA,Low,41,59,Insufficient Evidence,Central and defensive midfielders,1.1.0,2026-07-25 22:12:49 UTC,NA,NA,NA,Performance data through: 2026-07-25 (updates every day) · MLSPA compensation as of: 2026-04-16,FALSE,2026-07-25 22:12:44 UTC
Pk5LepoOqO,asa_Pk5LepoOqO_mls_blended,Omari Glasgow,omari glasgow,2003-11-22,Guyana,FB,NA,21.607118412046542,mls,X0Oq66zq6D,FB,asa_live,TRUE,NA,mlspa_via_asa,0,NA,624,117685,TRUE,0,1,blended,2025+2026 season to date,624,0.05698557692307692,0.01208653846153846,0.00947596153846153,0.0435576923076923,-0.01657211538461538,0.0438173076923077,-0.03537980769230769,2026,117685,Chicago Fire FC,0.11482828719990651,1,0.08533984666662084,0.09102916978057356,0.012892307692710575,52.55102040816327,0.010107692308008164,43.87755102040816,0.04646153846299037,76.0204081632653,-0.017676923077475475,14.285714285714286,0.04673846153992212,37.244897959183675,-0.03773846153964086,5.1020408163265305,12.755102040816327,117685,24.06417112299465,19.560439560439562,336500,-11.309069082178324,FALSE,FALSE,NA,Low,41,59,Insufficient Evidence,Fullbacks and wingbacks,1.1.0,2026-07-25 22:12:49 UTC,NA,NA,NA,Performance data through: 2026-07-25 (updates every day) · MLSPA compensation as of: 2026-04-16,FALSE,2026-07-25 22:12:44 UTC
Pk5LgPOmMO,asa_Pk5LgPOmMO_mls_blended,Ethan Bartlow,ethan bartlow,2000-02-02,USA,CB,NA,26.409308692676248,mls,Z2vQ1xlqrA,CB,asa_live,TRUE,NA,mlspa_via_asa,893,142637,1525,142637,TRUE,0.5605775266792216,0.43942247332077844,blended,2025+2026 season to date,1563.119271814187,0.2255436695378346,0.010117903121237375,0.041081411503195324,0.03608057793831619,0.005899879596184116,0.14652227470593687,-0.014158377327035288,2026,142637,Sporting Kansas City,0.1396251547943452,1,0.20171183117468314,0.21515928659305242,0.010792429996323797,62.765957446808514,0.04382017227144439,42.02127659574468,0.03848594980207329,83.51063829787235,0.006293204902793053,63.829787234042556,0.1562904263578834,92.55319148936171,-0.015102269149309585,20.21276595744681,95.2127659574468,142637,21.666666666666668,24.945054945054945,509583.5,73.54609929078013,TRUE,FALSE,98.95833333333333,Medium,29.75,70.25,Elite Value,Center backs,1.1.0,2026-07-25 22:12:49 UTC,2,2,7,Performance data through: 2026-07-25 (updates every day) · MLSPA compensation as of: 2026-04-16,FALSE,2026-07-25 22:12:44 UTC
Pk5LggA7MO,asa_Pk5LggA7MO_mls_blended,Oleksandr Svatok,oleksandr svatok,1994-09-27,Ukraine,CB,NA,31.759069130732374,mls,gpMOLwl5zy,CB,asa_live,TRUE,NA,mlspa_via_asa,1495,580000,2821,580000,TRUE,0.6810933940774487,0.31890660592255127,blended,2025+2026 season to date,2394.635535307517,0.06929020727233674,0.005345109853773235,0.03984418230017466,0.015914266011745618,-0.0026215920459876658,0.014859184815478444,-0.004050943662847547,2026,580000,Austin FC,0.1396251547943452,1,0.08338239579265747,0.08894122218161404,0.005701450510869621,31.914893617021278,0.04250046112151445,40.42553191489362,0.016975217079725803,51.06382978723404,-0.0027963648491408965,28.72340425531915,0.015849797137005645,6.914893617021277,-0.004321006573839082,50,3.1914893617021276,580000,56.111111111111114,59.120879120879124,509583.5,-52.91962174940899,TRUE,FALSE,10.416666666666666,High,20.75,79.25,Below Expected Value by Current Model,Center backs,1.1.0,2026-07-25 22:12:49 UTC,87,87,382,Performance data through: 2026-07-25 (updates every day) · MLSPA compensation as of: 2026-04-16,FALSE,2026-07-25 22:12:44 UTC
Pk5Lggy7MO,asa_Pk5Lggy7MO_mls_blended,Myrto Uzuni,myrto uzuni,1995-05-31,Albania,FW,NA,31.085557837097877,mls,gpMOLwl5zy,FW,asa_live,TRUE,NA,mlspa_via_asa,1360,2305000,2504,2305000,TRUE,0.6601941747572816,0.3398058252427184,blended,2025+2026 season to date,2210.873786407767,0.17382425633549425,0.06411095800117869,-0.044509095350352065,0.139507509538137,-0.028190931790688288,0.03772109401656379,0.0051847219206551005,2026,2305000,Austin FC,0.21844855740004673,1,0.1833496148799449,0.19557292254471953,0.06838502187006097,58.156028368794324,-0.04747636837519251,47.5177304964539,0.14880801017866305,34.04255319148936,-0.030070327244340538,50.354609929078016,0.04023583361892541,76.59574468085107,0.005530370048871598,56.02836879432624,21.98581560283688,2305000,81.95488721804512,93.62637362637362,540000,-59.969071615208236,TRUE,FALSE,10.526315789473685,High,20.75,79.25,Below Expected Value by Current Model,Strikers,1.1.0,2026-07-25 22:12:49 UTC,52,52,381,Performance data through: 2026-07-25 (updates every day) · MLSPA compensation as of: 2026-04-16,FALSE,2026-07-25 22:12:44 UTC
Vj583wA4M8,asa_Vj583wA4M8_mls_blended,Mamadou Billo Diop,mamadou billo diop,2006-09-14,Senegal,FW,NA,19.794661190965098,mls,pzeQZ6xQKw,FW,asa_live,TRUE,NA,mlspa_via_asa,29,88025,0,NA,FALSE,1,0,blended,2025+2026 season to date,29,0.2842758620689655,0.0046551724137931,-0.0496551724137931,0.10924137931034485,0.2200344827586207,0,0,2026,88025,Colorado Rapids,0.21844855740004673,1,0.22148352057238163,0.23624908861792318,0.004965517241534478,9.929078014184396,-0.05296551724303448,40.42553191489362,0.11652413793467588,19.858156028368793,0.23470344828319656,99.29078014184397,0,9.574468085106384,0,31.56028368794326,54.60992907801418,88025,6.7669172932330826,4.34065934065934,540000,47.8430117847811,FALSE,TRUE,NA,Low,49,51,Small-Sample Watchlist,Strikers,1.1.0,2026-07-25 22:12:49 UTC,NA,NA,NA,Performance data through: 2026-07-25 (updates every day) · MLSPA compensation as of: 2026-04-16,FALSE,2026-07-25 22:12:44 UTC
Vj587nmM8n,asa_Vj587nmM8n_mls_blended,Teal Bunbury,teal bunbury,1990-02-27,USA,FW,NA,35.34017796030116,mls,vzqoOgNqap,FW,asa_live,TRUE,NA,mlspa_via_asa,0,NA,381,285000,TRUE,0,1,blended,2025+2026 season to date,381,0.24666141732283467,0.0458503937007874,-0.06973228346456693,0.3934488188976378,-0.15344881889763778,0.02196850393700787,0.00857480314960629,2026,285000,Nashville SC,0.21844855740004673,1,0.22940584550461574,0.24469956854590363,0.04890708661570157,36.87943262411348,-0.07438110236452913,24.113475177304963,0.41967874017059525,98.58156028368795,-0.16367874016259526,4.964539007092198,0.023433070866874014,38.297872340425535,0.009146456693199202,68.08510638297872,60.283687943262414,285000,36.8421052631579,35.494505494505496,540000,23.441582680104517,FALSE,FALSE,NA,Low,41,59,Insufficient Evidence,Strikers,1.1.0,2026-07-25 22:12:49 UTC,NA,NA,NA,Performance data through: 2026-07-25 (updates every day) · MLSPA compensation as of: 2026-04-16,FALSE,2026-07-25 22:12:44 UTC
Vj58WEKLM8,asa_Vj58WEKLM8_mls_blended,Jayden Reid,jayden reid,2001-08-29,USA,FB,NA,24.83778234086242,mls,Z2vQ1xlqrA,FB,asa_live,TRUE,NA,mlspa_via_asa,1050,116655,531,116655,TRUE,0.6,0.4,blended,2025+2026 season to date,1262.4,0.07478094915254238,0.006212571428571426,0.005187138014527849,0.0051394866828087145,-7.325230024213059e-4,0.0645918353510896,-0.005617559322033897,2026,116655,Sporting Kansas City,0.11482828719990651,1,0.08768279775027567,0.09352831760321681,0.00662674285734994,29.591836734693878,0.0055329472156692774,35.204081632653065,0.005482119128500612,9.693877551020408,-7.813578692738104e-4,39.285714285714285,0.06889795770998197,69.89795918367346,-0.005992063277023409,28.571428571428573,15.306122448979592,116655,22.994652406417114,19.23076923076923,336500,-7.688529957437522,TRUE,FALSE,56.25,High,20.75,79.25,Fair Value,Fullbacks and wingbacks,1.1.0,2026-07-25 22:12:49 UTC,36,36,188,Performance data through: 2026-07-25 (updates every day) · MLSPA compensation as of: 2026-04-16,FALSE,2026-07-25 22:12:44 UTC
Vj58WNDrM8,asa_Vj58WNDrM8_mls_blended,Obed Vargas,obed vargas,2005-08-05,USA,CM,NA,19.904175222450377,mls,jYQJ19EqGR,CM,asa_live,TRUE,NA,mlspa_via_asa,0,NA,2846,134452,TRUE,0,1,blended,2025+2026 season to date,2846,0.14431307097680957,0.03044061841180604,-0.00699508081517919,0.04599613492621222,0.00861735769501054,0.06522944483485593,0.001024595924104,2026,134452,Seattle Sounders FC,0.13647524696350208,1,0.14294838890832887,0.1524782815069824,0.032469992973607795,84.05797101449275,-0.007461419536424305,22.22222222222222,0.04906254392282624,79.22705314009661,0.009191848208298487,62.80193236714976,0.06957807449268731,66.18357487922705,0.00109290231907842,70.53140096618357,61.83574879227053,134452,19.897959183673468,23.516483516483518,510300,41.93778960859706,FALSE,FALSE,NA,Low,41,59,Insufficient Evidence,Central and defensive midfielders,1.1.0,2026-07-25 22:12:49 UTC,NA,NA,NA,Performance data through: 2026-07-25 (updates every day) · MLSPA compensation as of: 2026-04-16,FALSE,2026-07-25 22:12:44 UTC
Vj58WXb2M8,asa_Vj58WXb2M8_mls_blended,Olivier Mbaizo,olivier mbaizo,1997-08-15,Cameroon,FB,NA,28.876112251882272,mls,9z5k7Yg5A3,FB,asa_live,TRUE,NA,mlspa_via_asa,71,502875,563,502875,TRUE,0.15,0.85,blended,2025+2026 season to date,549.55,0.09491285020165986,1.1823258436944937e-6,0.049314587346458855,0.010796161158782173,-0.010345024141295366,0.044656778325369614,4.89165186500888e-4,2026,502875,Philadelphia Union,0.11482828719990651,1,0.1053075804865087,0.1123280858557862,1.2611475666468709e-6,12.755102040816327,0.052602226504533264,85.71428571428571,0.01151590523639419,21.428571428571427,-0.011034692417726557,20.408163265306122,0.04763389688188281,40.30612244897959,5.217761989505861e-4,63.775510204081634,37.244897959183675,502875,68.44919786096257,52.967032967032964,336500,-31.204299901778896,FALSE,TRUE,NA,Low,41,59,Small-Sample Watchlist,Fullbacks and wingbacks,1.1.0,2026-07-25 22:12:49 UTC,NA,NA,NA,Performance data through: 2026-07-25 (updates every day) · MLSPA compensation as of: 2026-04-16,FALSE,2026-07-25 22:12:44 UTC
Vj58aBe8q8,asa_Vj58aBe8q8_mls_blended,Fallou Fall,fallou fall,2004-04-15,Senegal,CB,NA,22.209445585215605,mls,wvq9B9wQWn,CB,asa_live,TRUE,NA,mlspa_via_asa,260,743919,684,743919,TRUE,0.2708333333333333,0.7291666666666667,blended,2025+2026 season to date,758.75,0.2554184210526316,0.021607182017543858,0.06156189692982457,0.06377549342105264,-3.008771929824518e-4,0.1081982456140351,5.764802631578935e-4,2026,743919,St. Louis City SC,0.1396251547943452,1,0.2042861599634159,0.21790523730111983,0.02304766081943369,90.95744680851064,0.06566602339386493,71.80851063829788,0.068027192984582,95.2127659574468,-3.209356725246445e-4,35.1063829787234,0.11541146199191071,81.91489361702128,6.14912280720969e-4,84.57446808510639,96.27659574468085,743919,66.66666666666667,70.21978021978022,509583.5,29.609929078014176,FALSE,TRUE,NA,Low,41,59,Small-Sample Watchlist,Center backs,1.1.0,2026-07-25 22:12:49 UTC,NA,NA,NA,Performance data through: 2026-07-25 (updates every day) · MLSPA compensation as of: 2026-04-16,FALSE,2026-07-25 22:12:44 UTC
Vj58l2gD58,asa_Vj58l2gD58_mls_blended,Adrian Wibowo,adrian wibowo,2006-01-17,USA,W,NA,19.45242984257358,mls,eVq3ya6MWO,W,asa_live,TRUE,NA,mlspa_via_asa,0,NA,36,80622,TRUE,0,1,blended,2025+2026 season to date,36,-0.13774999999999998,0,0.0225,0.0345,-0.058,0.01575,-0.1525,2026,80622,Los Angeles FC,0.19903356584128315,1,0.179970345133286,0.19196836814817073,0,5.895196506550218,0.024000000000749998,74.67248908296943,0.03680000000115,10.480349344978166,-0.0618666666686,7.860262008733624,0.016800000000525,18.777292576419214,-0.16266666667175,0.4366812227074236,30.131004366812228,80622,1.4018691588785046,1.043956043956044,527437.5,28.729135207933723,FALSE,FALSE,NA,Low,41,59,Insufficient Evidence,Wingers and attacking midfielders,1.1.0,2026-07-25 22:12:49 UTC,NA,NA,NA,Performance data through: 2026-07-25 (updates every day) · MLSPA compensation as of: 2026-04-16,FALSE,2026-07-25 22:12:44 UTC
Vj58lAnw58,asa_Vj58lAnw58_mls_blended,Cooper Sanchez,cooper sanchez,2008-03-26,USA,CM,NA,18.26420260095825,mls,KAqBN0Vqbg,CM,asa_live,TRUE,NA,mlspa_via_asa,1215,88025,116,88025,TRUE,0.6344647519582245,0.3655352480417755,blended,2025+2026 season to date,1257.402088772846,0.04606797515080579,0.008412532637075712,-0.01738287566399568,0.04325542450706761,-0.007213450976861436,0.020554551183938057,-0.0015582065364184714,2026,88025,Atlanta United FC,0.13647524696350208,1,0.07527240181507003,0.08029056193858378,0.00897336814649451,28.019323671497585,-0.01854173404217482,12.077294685990339,0.0461391194756473,77.77777777777777,-0.007694347708892647,22.22222222222222,0.021924854596885746,8.695652173913043,-0.001662086972231643,46.3768115942029,2.898550724637681,88025,3.826530612244898,4.34065934065934,510300,-0.9279798876072167,TRUE,FALSE,55.670103092783506,High,20.75,79.25,Fair Value,Central and defensive midfielders,1.1.0,2026-07-25 22:12:49 UTC,44,44,191,Performance data through: 2026-07-25 (updates every day) · MLSPA compensation as of: 2026-04-16,FALSE,2026-07-25 22:12:44 UTC
Vj58lXp258,asa_Vj58lXp258_mls_blended,Nicolás Romero,nicolas romero,2003-11-28,Argentina,CB,NA,22.590006844626966,mls,kRQand1MKZ,CB,asa_live,TRUE,NA,mlspa_via_asa,712,492500,2516,492500,TRUE,0.5042492917847026,0.49575070821529743,blended,2025+2026 season to date,1959.3087818696883,0.14929705634646478,0.009690766628985253,0.010250183527970563,0.024101662110368988,-0.001554004512761387,0.11380731589780083,-0.0069988673058994635,2026,492500,Minnesota United FC,0.1396251547943452,1,0.14702959218880568,0.15683156500629372,0.010336817737907294,60.638297872340424,0.010933529096843607,9.042553191489361,0.025708439585196974,70.2127659574468,-0.0016576048136639464,31.914893617021278,0.12139447029478112,83.51063829787235,-0.00746545845985939,35.638297872340424,57.97872340425532,492500,47.22222222222222,51.42857142857143,509583.5,10.756501182033098,TRUE,FALSE,69.79166666666667,Medium,29.75,70.25,Undervalued,Center backs,1.1.0,2026-07-25 22:12:49 UTC,30,30,132,Performance data through: 2026-07-25 (updates every day) · MLSPA compensation as of: 2026-04-16,FALSE,2026-07-25 22:12:44 UTC
Vj58lrom58,asa_Vj58lrom58_mls_blended,Rafael Mosquera,rafael mosquera,2005-05-24,Panama,W,NA,21.10335386721424,mls,a2lqRX2Mr0,W,asa_live,TRUE,NA,mlspa_via_asa,378,99925,14,99925,TRUE,0.35064935064935066,0.6493506493506493,blended,2025+2026 season to date,387.09090909090907,0.1491595547309833,0.00743877551020408,-0.028377551020408162,0.06810111317254175,0.09958441558441558,0.00424953617810761,-0.0018367346938775483,2026,99925,New York Red Bulls,0.19903356584128315,1,0.17947531024102004,0.19144033092973722,0.007934693877798977,13.100436681222707,-0.03026938775604796,27.074235807860262,0.07264118738631457,37.11790393013101,0.10622337662669609,94.75982532751091,0.004532838590123102,12.663755458515285,-0.0019591836735306095,23.580786026200872,29.694323144104803,99925,12.149532710280374,10.989010989010989,527437.5,17.54479043382443,FALSE,TRUE,NA,Low,41,59,Small-Sample Watchlist,Wingers and attacking midfielders,1.1.0,2026-07-25 22:12:49 UTC,NA,NA,NA,Performance data through: 2026-07-25 (updates every day) · MLSPA compensation as of: 2026-04-16,FALSE,2026-07-25 22:12:44 UTC
Vj58w7RmM8,asa_Vj58w7RmM8_mls_blended,Alex Roldan,alex roldan,1996-07-28,USA,CB,NA,29.924709103353862,mls,jYQJ19EqGR,CB,asa_live,TRUE,NA,mlspa_via_asa,842,658050,2646,658050,TRUE,0.5460440985732814,0.4539559014267186,blended,2025+2026 season to date,2043.1673151750974,0.15188407139769008,0.013151812735470317,0.06047331851028349,0.015342103637823477,0.0018756407880921502,0.0622669693039343,-0.001225773577913654,2026,658050,Seattle Sounders FC,0.1396251547943452,1,0.14910129260053334,0.15904137877887228,0.014028600251606732,74.46808510638297,0.0645048730796515,70.2127659574468,0.016364910547523114,48.93617021276596,0.002000683507360815,46.276595744680854,0.06641810059293882,40.42553191489362,-0.00130749181648209,68.61702127659575,60.638297872340424,658050,60.55555555555556,64.28571428571429,509583.5,0.08274231678486643,TRUE,FALSE,56.25,Medium,29.75,70.25,Fair Value,Center backs,1.1.0,2026-07-25 22:12:49 UTC,43,43,187,Performance data through: 2026-07-25 (updates every day) · MLSPA compensation as of: 2026-04-16,FALSE,2026-07-25 22:12:44 UTC
XVqK2D6R50,asa_XVqK2D6R50_mls_blended,Nikola Petkovic,nikola petkovic,2003-02-23,Serbia,CM,NA,23.351129363449697,mls,jYQJ19EqGR,CM,asa_live,TRUE,NA,mlspa_via_asa,160,516250,127,516250,TRUE,0.18604651162790697,0.813953488372093,blended,2025+2026 season to date,263.37209302325584,0.1929650430324116,0.08084195202343894,0.03562515107123237,0.09242172678996523,-0.04281163706280901,0.052179728987364955,-0.0252918787767808,2026,516250,Seattle Sounders FC,0.13647524696350208,1,0.15370748778452298,0.16395465364194808,0.08623141549436293,98.55072463768116,0.038000161143835365,72.94685990338164,0.0985831752457103,95.65217391304348,-0.04566574620175666,3.3816425120772946,0.05565837758826194,42.51207729468599,-0.02697800402940925,6.280193236714976,71.01449275362319,516250,50.51020408163265,53.51648351648352,510300,20.504288671990537,FALSE,TRUE,NA,Low,41,59,Small-Sample Watchlist,Central and defensive midfielders,1.1.0,2026-07-25 22:12:49 UTC,NA,NA,NA,Performance data through: 2026-07-25 (updates every day) · MLSPA compensation as of: 2026-04-16,FALSE,2026-07-25 22:12:44 UTC
XVqK2P7B50,asa_XVqK2P7B50_mls_blended,Jorge Alastuey,jorge alastuey,2003-05-14,Spain,W,NA,23.132101300479125,mls,gpMOLwl5zy,W,asa_live,FALSE,NA,NA,110,NA,0,NA,FALSE,1,0,blended,2025+2026 season to date,110,0.09392727272727272,0.03272727272727273,-0.01161818181818182,0.005727272727272721,0.01227272727272727,0.05702727272727272,-0.0022090909090909,2026,NA,Austin FC,0.19903356584128315,1,0.18274949226023926,0.19493279175034686,0.03490909091018182,36.68122270742358,-0.012392727273114546,42.35807860262009,0.006109090909281811,1.7467248908296944,0.013090909091318178,48.03493449781659,0.060829090910991805,84.71615720524018,-0.0023563636364372633,21.83406113537118,33.18777292576419,NA,NA,NA,527437.5,NA,FALSE,FALSE,NA,Insufficient,49,51,Insufficient Evidence,Wingers and attacking midfielders,1.1.0,2026-07-25 22:12:49 UTC,NA,NA,NA,Performance data through: 2026-07-25 (updates every day) · MLSPA compensation as of: 2026-04-16,FALSE,2026-07-25 22:12:44 UTC
XVqKG17Rq0,asa_XVqKG17Rq0_mls_blended,Emeka Eneli,emeka eneli,1999-10-18,USA,CM,NA,25.70294318959617,mls,a2lqR4JMr0,CM,asa_live,TRUE,NA,mlspa_via_asa,0,NA,2113,416000,TRUE,0,1,blended,2025+2026 season to date,2113,0.14992475153809748,0.00888073828679602,0.03237955513487931,0.01429862754377662,0.02429957406530998,0.06931661145291056,7.496450544249882e-4,2026,416000,Real Salt Lake,0.13647524696350208,1,0.1469502942049765,0.1567469804902066,0.009472787506211779,29.95169082125604,0.03453819214495059,69.08212560386474,0.015251869380505016,31.40096618357488,0.025919545670473963,85.99033816425121,0.07393771888541514,74.39613526570048,7.996213914116423e-4,69.08212560386474,66.18357487922705,416000,43.87755102040816,45.16483516483517,510300,22.30602385881889,FALSE,FALSE,NA,Low,41,59,Insufficient Evidence,Central and defensive midfielders,1.1.0,2026-07-25 22:12:49 UTC,NA,NA,NA,Performance data through: 2026-07-25 (updates every day) · MLSPA compensation as of: 2026-04-16,FALSE,2026-07-25 22:12:44 UTC
XVqKG1XWq0,asa_XVqKG1XWq0_mls_blended,Simon Becher,simon becher,1999-07-20,USA,FW,NA,26.94866529774127,mls,wvq9B9wQWn,FW,asa_live,TRUE,NA,mlspa_via_asa,1344,444375,1472,444375,TRUE,0.6575342465753424,0.34246575342465757,blended,2025+2026 season to date,1848.109589041096,0.29114974634135965,0.07281308362758443,-0.04137646239258062,0.2351141237875436,-0.028308196577469573,0.03411255238024334,0.01879464551603846,2026,444375,St. Louis City SC,0.21844855740004673,1,0.27333162514284187,0.29155373349480906,0.07766728920518383,70.2127659574468,-0.04413489322013187,49.645390070921984,0.2507883987145503,74.46808510638297,-0.03019540968357782,48.93617021276596,0.03638672254006332,65.95744680851064,0.020047621884400846,82.26950354609929,81.56028368794327,444375,46.61654135338346,48.46153846153846,540000,34.94374233455981,TRUE,FALSE,92.98245614035088,High,20.75,79.25,Elite Value,Strikers,1.1.0,2026-07-25 22:12:49 UTC,5,5,32,Performance data through: 2026-07-25 (updates every day) · MLSPA compensation as of: 2026-04-16,FALSE,2026-07-25 22:12:44 UTC
XVqKLXRaQ0,asa_XVqKLXRaQ0_mls_blended,Tiago,tiago,2005-04-08,Brazil,FW,NA,21.229295003422312,mls,jYQJ8EW5GR,FW,asa_live,TRUE,NA,mlspa_via_asa,743,600250,0,NA,FALSE,1,0,blended,2025+2026 season to date,743,0.148578734858681,0.04531493943472409,-0.06842664872139972,0.1241709286675639,-0.02112516823687752,0.03719919246298788,0.03144549125168237,2026,600250,Orlando City SC,0.21844855740004673,1,0.17979384545050486,0.191780101819865,0.04833593539854952,34.751773049645394,-0.07298842530510725,24.822695035460992,0.13244899058287388,26.24113475177305,-0.02253351278670686,56.02836879432624,0.03967913862842705,75.177304964539,0.03354185733617604,93.61702127659575,19.858156028368793,600250,54.13533834586466,60,540000,-34.27718231749587,TRUE,FALSE,31.57894736842105,Low,37.75,62.25,Below Expected Value by Current Model,Strikers,1.1.0,2026-07-25 22:12:49 UTC,40,40,292,Performance data through: 2026-07-25 (updates every day) · MLSPA compensation as of: 2026-04-16,FALSE,2026-07-25 22:12:44 UTC
XVqKWAZBq0,asa_XVqKWAZBq0_mls_blended,Brandon Servania,brandon servania,1999-03-12,USA,CM,NA,27.30458590006845,mls,EKXMeX3Q64,CM,asa_live,TRUE,NA,mlspa_via_asa,1398,303722,2238,303722,TRUE,0.6663489037178265,0.3336510962821735,blended,2025+2026 season to date,2144.711153479504,0.0656711268487542,0.016544607784255143,-0.001903513367767592,0.012507043603380716,-0.0031160929469403967,0.043953515028994805,-0.0023144332531684735,2026,303722,D.C. United,0.13647524696350208,1,0.08114906594445583,0.08655900367679119,0.017647581637090307,54.589371980676326,-0.0020304142590155485,24.154589371980677,0.013340846510689664,25.120772946859905,-0.003323832476840293,28.985507246376812,0.04688374936572624,26.570048309178745,-0.0024687288034568526,42.99516908212561,4.830917874396135,303722,34.69387755102041,36.48351648351648,510300,-29.86295967662427,TRUE,FALSE,32.98969072164948,High,20.75,79.25,Below Expected Value by Current Model,Central and defensive midfielders,1.1.0,2026-07-25 22:12:49 UTC,66,66,287,Performance data through: 2026-07-25 (updates every day) · MLSPA compensation as of: 2026-04-16,FALSE,2026-07-25 22:12:44 UTC
XVqKWX8Bq0,asa_XVqKWX8Bq0_mls_blended,Steven Alzate,steven alzate,1998-09-08,Colombia,CM,NA,27.811088295687885,mls,KAqBN0Vqbg,CM,asa_live,TRUE,NA,mlspa_via_asa,434,1377087,726,1377087,TRUE,0.38271604938271603,0.617283950617284,blended,2025+2026 season to date,882.1481481481483,0.09822941536577902,0.012696751060387423,0.02752105470287288,0.011247321701867156,0.0017110936201845308,0.04354232804232805,0.001510866238138963,2026,1377087,Atlanta United FC,0.13647524696350208,1,0.11371200999527359,0.12129281066541556,0.013543201131503143,41.54589371980676,0.029355791683981773,63.28502415458937,0.01199714314903321,22.22222222222222,0.0018251665282538693,45.410628019323674,0.046445149913267994,25.603864734299517,0.0016115906540652562,73.42995169082126,24.63768115942029,1377087,93.36734693877551,88.02197802197803,510300,-68.72966577935523,FALSE,TRUE,NA,Low,41,59,Small-Sample Watchlist,Central and defensive midfielders,1.1.0,2026-07-25 22:12:49 UTC,NA,NA,NA,Performance data through: 2026-07-25 (updates every day) · MLSPA compensation as of: 2026-04-16,FALSE,2026-07-25 22:12:44 UTC
XVqKYp2DM0,asa_XVqKYp2DM0_mls_blended,Yuya Kubo,yuya kubo,1993-12-24,Japan,FB,NA,31.51813826146475,mls,NWMWlBK5lz,FB,asa_live,TRUE,NA,mlspa_via_asa,0,NA,874,821667,TRUE,0,1,blended,2025+2026 season to date,874,0.16128947368421054,0.07164988558352403,-0.03205606407322654,0.07740617848970252,0.011708237986270019,0.04047940503432494,-0.00789816933638444,2026,821667,FC Cincinnati,0.11482828719990651,1,0.14237718610579642,0.15186899851759542,0.07642654462481396,98.46938775510205,-0.03419313501251017,8.673469387755102,0.08256659039159622,90.81632653061224,0.01248878718574496,69.89795918367346,0.04317803203796258,32.6530612244898,-0.00842471395907334,22.448979591836736,78.06122448979592,821667,89.83957219251337,75.49450549450549,336500,-11.778347702717454,FALSE,FALSE,NA,Low,41,59,Insufficient Evidence,Fullbacks and wingbacks,1.1.0,2026-07-25 22:12:49 UTC,NA,NA,NA,Performance data through: 2026-07-25 (updates every day) · MLSPA compensation as of: 2026-04-16,FALSE,2026-07-25 22:12:44 UTC
XVqKbElN50,asa_XVqKbElN50_mls_blended,Sergi Solans,sergi solans,2003-02-26,Spain,FW,NA,23.342915811088297,mls,a2lqR4JMr0,FW,asa_live,TRUE,NA,mlspa_via_asa,1058,88025,0,NA,FALSE,1,0,blended,2025+2026 season to date,1058,0.3821342155009451,0.08453875236294897,-0.03360964083175803,0.3906238185255198,-0.09346219281663516,0.03548109640831758,-0.00143761814744801,2026,88025,Real Salt Lake,0.21844855740004673,1,0.3228993573220917,0.34442598115432776,0.09017466918996353,82.97872340425532,-0.035850283554995546,59.57446808510638,0.4166654064402419,97.87234042553192,-0.09969300567419291,11.347517730496454,0.03784650283672145,68.79432624113475,-0.001533459357325798,23.404255319148938,95.0354609929078,88025,6.7669172932330826,4.34065934065934,540000,88.26854369967472,TRUE,FALSE,100,Medium,28.75,71.25,Elite Value,Strikers,1.1.0,2026-07-25 22:12:49 UTC,1,1,1,Performance data through: 2026-07-25 (updates every day) · MLSPA compensation as of: 2026-04-16,FALSE,2026-07-25 22:12:44 UTC
XVqKbEmN50,asa_XVqKbEmN50_mls_blended,Geiner Martínez,geiner martinez,2003-01-09,Colombia,CB,NA,23.474332648870636,mls,9z5k7Yg5A3,CB,asa_live,TRUE,NA,mlspa_via_asa,528,360204,0,NA,FALSE,1,0,blended,2025+2026 season to date,528,0.11878977272727272,0.01839204545454545,0.03736363636363637,0.01186363636363636,-0.0226875,0.07332954545454547,5.284090909090909e-4,2026,360204,Philadelphia Union,0.1396251547943452,1,0.12987242276294958,0.13853058428480863,0.01961818181879488,87.23404255319149,0.03985454545579092,34.57446808510638,0.012654545454940904,38.297872340425535,-0.02420000000075625,5.851063829787234,0.07821818182062615,52.12765957446808,5.636363636539772e-4,84.04255319148936,34.57446808510638,360204,37.77777777777778,41.64835164835165,509583.5,-3.2033096926713966,TRUE,FALSE,48.958333333333336,Low,37.75,62.25,Fair Value,Center backs,1.1.0,2026-07-25 22:12:49 UTC,50,50,219,Performance data through: 2026-07-25 (updates every day) · MLSPA compensation as of: 2026-04-16,FALSE,2026-07-25 22:12:44 UTC
XVqKbGA050,asa_XVqKbGA050_mls_blended,Ignacio Gómez,ignacio gomez,2006-04-04,Argentina,FB,NA,20.240930869267626,mls,jYQJ8EW5GR,FB,asa_live,FALSE,NA,NA,26,NA,0,NA,FALSE,1,0,blended,2025+2026 season to date,26,0.9616153846153844,0.14469230769230768,-0.1163076923076923,0.5846538461538461,0.06403846153846153,0.3970384615384616,-0.11250000000000002,2026,NA,Orlando City SC,0.11482828719990651,1,0.14999835833856853,0.15999824889947303,0.1543384615432846,98.9795918367347,-0.12406153846541539,2.0408163265306123,0.6236307692502576,100,0.06830769230982692,95.91836734693878,0.423507692320927,100,-0.12000000000375001,2.0408163265306123,84.18367346938776,NA,NA,NA,336500,NA,FALSE,FALSE,NA,Insufficient,49,51,Insufficient Evidence,Fullbacks and wingbacks,1.1.0,2026-07-25 22:12:49 UTC,NA,NA,NA,Performance data through: 2026-07-25 (updates every day) · MLSPA compensation as of: 2026-04-16,FALSE,2026-07-25 22:12:44 UTC
XVqKbj3B50,asa_XVqKbj3B50_mls_blended,Mbekezeli Mbokazi,mbekezeli mbokazi,2005-09-19,South Africa,CB,NA,20.78028747433265,mls,X0Oq66zq6D,CB,asa_live,TRUE,NA,mlspa_via_asa,1195,655620,0,NA,FALSE,1,0,blended,2025+2026 season to date,1195,0.04472887029288703,0.01984518828451883,0.02928200836820083,0.02647280334728033,-0.00332887029288702,-0.00793054393305439,-0.01961171548117155,2026,655620,Chicago Fire FC,0.1396251547943452,1,0.07644907681148029,0.08154568193479395,0.02116820083748159,89.36170212765957,0.031234142260390285,21.27659574468085,0.02823765690464811,73.93617021276596,-0.0035507949791904504,26.595744680851062,-0.008459246862189036,3.1914893617021276,-0.020919163180570043,12.23404255319149,1.5957446808510638,655620,60,63.956043956043956,509583.5,-58.40425531914894,TRUE,FALSE,7.291666666666667,Medium,28.75,71.25,Below Expected Value by Current Model,Center backs,1.1.0,2026-07-25 22:12:49 UTC,90,90,395,Performance data through: 2026-07-25 (updates every day) · MLSPA compensation as of: 2026-04-16,FALSE,2026-07-25 22:12:44 UTC
XVqKeBkKM0,asa_XVqKeBkKM0_mls_blended,Jacob Shaffelburg,jacob shaffelburg,1999-11-26,Canada,W,NA,26.595482546201232,mls,eVq3ya6MWO,W,asa_live,TRUE,NA,mlspa_via_asa,396,520000,1433,520000,TRUE,0.3613138686131387,0.6386861313868613,blended,2025+2026 season to date,1311.2372262773722,0.19392380972998302,0.03641289329720203,-0.011485726183138832,0.10519974875331727,0.02679695435027328,0.022577159982885172,0.014422779529444115,2026,520000,Los Angeles FC,0.19903356584128315,1,0.19552792962919177,0.20856312494432216,0.03884041951822926,40.17467248908297,-0.012251441262397612,42.79475982532751,0.1122130653403784,70.74235807860262,0.028583417974518063,63.31877729257642,0.024082303982496753,26.200873362445414,0.015384298165221149,81.22270742358079,48.03493449781659,520000,49.532710280373834,53.956043956043956,527437.5,-1.497775782557241,FALSE,TRUE,NA,Low,41,59,Small-Sample Watchlist,Wingers and attacking midfielders,1.1.0,2026-07-25 22:12:49 UTC,NA,NA,NA,Performance data through: 2026-07-25 (updates every day) · MLSPA compensation as of: 2026-04-16,FALSE,2026-07-25 22:12:44 UTC
XVqKeEmBM0,asa_XVqKeEmBM0_mls_blended,Facundo Torres,facundo torres,2000-04-13,Uruguay,W,NA,26.21492128678987,mls,gpMOLwl5zy,W,asa_live,TRUE,NA,mlspa_via_asa,1494,4405000,0,NA,FALSE,1,0,blended,2025+2026 season to date,1494,0.1830602409638554,0.03877108433734939,0.02742168674698794,0.081644578313253,0.021777108433734926,0.01173493975903614,0.00171084337349397,2026,4405000,Austin FC,0.19903356584128315,1,0.18763712488288914,0.200146266548003,0.04135582329446505,44.10480349344978,0.029249799197701192,79.91266375545851,0.08708755020352468,51.96506550218341,0.023228915663376492,58.07860262008734,0.01251726907669638,14.847161572052402,0.001824899598450596,51.52838427947598,40.17467248908297,4405000,94.85981308411215,97.6923076923077,527437.5,-54.685140595029175,TRUE,FALSE,9.67741935483871,High,28.75,71.25,Below Expected Value by Current Model,Wingers and attacking midfielders,1.1.0,2026-07-25 22:12:49 UTC,85,85,385,Performance data through: 2026-07-25 (updates every day) · MLSPA compensation as of: 2026-04-16,FALSE,2026-07-25 22:12:44 UTC
XVqKeYLNM0,asa_XVqKeYLNM0_mls_blended,Josh Atencio,josh atencio,2002-01-31,USA,CM,NA,24.413415468856947,mls,pzeQZ6xQKw,CM,asa_live,TRUE,NA,mlspa_via_asa,969,462500,1957,462500,TRUE,0.5805871779508688,0.4194128220491312,blended,2025+2026 season to date,1789.7908927501499,0.08835885161897511,0.009486946277255782,0.01399098992631573,0.015470541140206465,0.0033377863734767206,0.05997592088500729,-0.013903332983286863,2026,462500,Colorado Rapids,0.13647524696350208,1,0.10043933836545067,0.10713529425982869,0.010119409362722398,32.85024154589372,0.014923722588536477,45.893719806763286,0.01650191055006925,34.29951690821256,0.003560305465153095,48.792270531400966,0.06397431561267364,57.00483091787439,-0.014830221849302765,12.560386473429952,11.11111111111111,462500,47.95918367346939,49.78021978021978,510300,-36.84807256235828,TRUE,FALSE,26.804123711340207,High,20.75,79.25,Below Expected Value by Current Model,Central and defensive midfielders,1.1.0,2026-07-25 22:12:49 UTC,72,72,313,Performance data through: 2026-07-25 (updates every day) · MLSPA compensation as of: 2026-04-16,FALSE,2026-07-25 22:12:44 UTC
XVqKeYOKM0,asa_XVqKeYOKM0_mls_blended,Kai Wagner,kai wagner,1997-02-15,Germany,FB,NA,29.371663244353183,mls,9z5k7Yg5A3,FB,asa_live,TRUE,NA,NA,104,1088250,3429,1088250,TRUE,0.15,0.85,blended,2025+2026 season to date,3018.65,0.20053087396527355,0.010911207853825966,0.12570839137896225,0.005960506258833027,-0.002485694276196243,0.0572198642237028,0.003216598526145767,2026,1088250,Philadelphia Union,0.11482828719990651,1,0.1863207259655443,0.19874210770279127,0.011638621711111404,48.97959183673469,0.13408895080841668,100,0.006357873342953913,11.224489795918368,-0.0026514072280255157,32.142857142857146,0.06103452184052365,58.673469387755105,0.003431038427996038,80.61224489795919,96.42857142857143,1088250,97.86096256684492,84.17582417582418,336500,-1.4323911382734877,FALSE,TRUE,NA,Low,41,59,Small-Sample Watchlist,Fullbacks and wingbacks,1.1.0,2026-07-25 22:12:49 UTC,NA,NA,NA,Performance data through: 2026-07-25 (updates every day) · MLSPA compensation as of: 2026-04-16,FALSE,2026-07-25 22:12:44 UTC
XVqKezAwM0,asa_XVqKezAwM0_mls_blended,Harold Osorio,harold osorio,2003-08-20,El Salvador,CM,NA,21.86447638603696,mls,X0Oq66zq6D,CM,asa_live,FALSE,NA,NA,0,NA,6,NA,TRUE,0,1,blended,2025+2026 season to date,6,-0.0255,0,-0.054,0.0285,0,0,0,2026,NA,Chicago Fire FC,0.13647524696350208,1,0.13487153164703175,0.14386296709466292,0,6.280193236714976,-0.057600000001799996,4.830917874396135,0.03040000000095,60.38647342995169,0,38.888888888888886,0,4.106280193236715,0,61.83574879227053,52.17391304347826,NA,NA,NA,510300,NA,FALSE,FALSE,NA,Insufficient,41,59,Insufficient Evidence,Central and defensive midfielders,1.1.0,2026-07-25 22:12:49 UTC,NA,NA,NA,Performance data through: 2026-07-25 (updates every day) · MLSPA compensation as of: 2026-04-16,FALSE,2026-07-25 22:12:44 UTC
XVqKezaWM0,asa_XVqKezaWM0_mls_blended,Darius Johnson,darius johnson,2000-03-15,Grenada,W,NA,26.2943189596167,mls,0KPqjA456v,W,asa_live,FALSE,NA,NA,57,NA,0,NA,FALSE,1,0,blended,2025+2026 season to date,57,0.03205263157894737,0.06710526315789474,-0.15805263157894736,0.04168421052631579,0.0783157894736842,-4.736842105263157e-4,0.00347368421052631,2026,NA,San Jose Earthquakes,0.19903356584128315,1,0.18454663547149144,0.19684974450907575,0.0715789473706579,84.27947598253274,-0.16858947368947894,0.8733624454148472,0.044463157896126315,13.100436681222707,0.08353684210787367,89.51965065502183,-5.052631579105263e-4,7.423580786026201,0.00370526315801052,58.51528384279476,36.24454148471616,NA,NA,NA,527437.5,NA,FALSE,FALSE,NA,Insufficient,49,51,Insufficient Evidence,Wingers and attacking midfielders,1.1.0,2026-07-25 22:12:49 UTC,NA,NA,NA,Performance data through: 2026-07-25 (updates every day) · MLSPA compensation as of: 2026-04-16,FALSE,2026-07-25 22:12:44 UTC
Xj5Y44KGMb,asa_Xj5Y44KGMb_mls_blended,Adilson Malanda,adilson malanda,2001-10-29,France,CB,NA,23.67145790554415,mls,NPqxKXZ59d,CB,asa_live,TRUE,NA,mlspa_via_asa,0,NA,3557,1080000,TRUE,0,1,blended,2025+2026 season to date,3557,0.20365757660950237,0.00978689907225189,0.06707618779870676,0.0292847905538375,-0.0070137756536407,0.12003120607253304,-0.01550773123418611,2026,1080000,Charlotte FC,0.1396251547943452,1,0.19441546617190453,0.207376497256512,0.010439359010728247,61.702127659574465,0.07154793365418975,80.85106382978724,0.031237109925069496,77.65957446808511,-0.0074813606974505386,21.27659574468085,0.1280332864813696,87.23404255319149,-0.016541579983648774,16.48936170212766,93.61702127659575,1080000,88.33333333333333,83.95604395604396,509583.5,5.2836879432624215,FALSE,FALSE,NA,Low,41,59,Insufficient Evidence,Center backs,1.1.0,2026-07-25 22:12:49 UTC,NA,NA,NA,Performance data through: 2026-07-25 (updates every day) · MLSPA compensation as of: 2026-04-16,FALSE,2026-07-25 22:12:44 UTC
Xj5Y4dAlMb,asa_Xj5Y4dAlMb_mls_blended,Diego García,diego garcia,2006-10-17,USA,CM,NA,18.704996577686515,mls,mKAqBBmqbg,CM,asa_live,TRUE,NA,mlspa_via_asa,0,NA,24,94263,TRUE,0,1,blended,2025+2026 season to date,24,0.037875,0,-0.043875,0.067875,-0.039375,0.05325,0,2026,94263,FC Dallas,0.13647524696350208,1,0.13268292977259816,0.14152845842852746,0,6.280193236714976,-0.0468000000014625,7.246376811594203,0.0724000000022625,90.82125603864735,-0.0420000000013125,3.864734299516908,0.056800000001775,43.47826086956522,0,61.83574879227053,47.34299516908212,94263,8.673469387755102,9.12087912087912,510300,38.669525781327025,FALSE,FALSE,NA,Low,41,59,Insufficient Evidence,Central and defensive midfielders,1.1.0,2026-07-25 22:12:49 UTC,NA,NA,NA,Performance data through: 2026-07-25 (updates every day) · MLSPA compensation as of: 2026-04-16,FALSE,2026-07-25 22:12:44 UTC
Xj5Y4e3xMb,asa_Xj5Y4e3xMb_mls_blended,Sebastian Gomez,sebastian gomez,2006-05-21,USA,W,NA,20.112251882272417,mls,jYQJ19EqGR,W,asa_live,TRUE,NA,mlspa_via_asa,30,94740,0,NA,FALSE,1,0,blended,2025+2026 season to date,30,-0.28650000000000003,0.0066,-0.0252,0.0903,-0.3747,0.0165,0,2026,94740,Seattle Sounders FC,0.19903356584128315,1,0.17591291984884108,0.18764044784462758,0.00704000000022,12.663755458515285,-0.02688000000084,31.004366812227076,0.09632000000301,60.262008733624455,-0.39968000001249,1.3100436681222707,0.017600000000550002,20.524017467248907,0,38.646288209606986,27.510917030567686,94740,10.280373831775702,9.45054945054945,527437.5,17.230543198791985,FALSE,TRUE,NA,Low,49,51,Small-Sample Watchlist,Wingers and attacking midfielders,1.1.0,2026-07-25 22:12:49 UTC,NA,NA,NA,Performance data through: 2026-07-25 (updates every day) · MLSPA compensation as of: 2026-04-16,FALSE,2026-07-25 22:12:44 UTC
Xj5Y4k8RMb,asa_Xj5Y4k8RMb_mls_blended,Richard Chukwu,richard chukwu,2008-02-25,Canada,CB,NA,18.34633812457221,mls,kRQabn8MKZ,CB,asa_live,FALSE,NA,NA,72,NA,0,NA,FALSE,1,0,blended,2025+2026 season to date,72,0.156875,0,0.007500000000000001,-6.25e-4,-1.25e-4,0.15012499999999998,0,2026,NA,Toronto FC,0.1396251547943452,1,0.14147335249495108,0.1509049093326636,0,7.180851063829787,0.00800000000025,7.9787234042553195,-6.666666666875e-4,3.723404255319149,-1.333333333375e-4,36.702127659574465,0.16013333333833749,94.68085106382979,0,79.25531914893617,47.87234042553192,NA,NA,NA,509583.5,NA,FALSE,FALSE,NA,Insufficient,49,51,Insufficient Evidence,Center backs,1.1.0,2026-07-25 22:12:49 UTC,NA,NA,NA,Performance data through: 2026-07-25 (updates every day) · MLSPA compensation as of: 2026-04-16,FALSE,2026-07-25 22:12:44 UTC
Xj5Y4mJXMb,asa_Xj5Y4mJXMb_mls_blended,Ian Glavinovich,ian glavinovich,2001-10-27,Argentina,CB,NA,23.67693360711841,mls,9z5k7Yg5A3,CB,asa_live,TRUE,NA,mlspa_via_asa,0,NA,292,425750,TRUE,0,1,blended,2025+2026 season to date,292,0.25218493150684934,0.03035958904109589,0.05224315068493151,0.05045547945205479,-5.23972602739726e-4,0.11709246575342466,0.00255821917808219,2026,425750,Philadelphia Union,0.1396251547943452,1,0.17647207721592728,0.18823688236953817,0.032383561644847604,95.74468085106383,0.05572602739900171,62.234042553191486,0.05381917808387362,90.42553191489361,-5.589041096065069e-4,34.57446808510638,0.1248986301408894,86.17021276595744,0.0027287671233729434,93.08510638297872,85.1063829787234,425750,41.666666666666664,45.934065934065934,509583.5,43.43971631205674,FALSE,FALSE,NA,Low,41,59,Insufficient Evidence,Center backs,1.1.0,2026-07-25 22:12:49 UTC,NA,NA,NA,Performance data through: 2026-07-25 (updates every day) · MLSPA compensation as of: 2026-04-16,FALSE,2026-07-25 22:12:44 UTC
Xj5Y60Kxqb,asa_Xj5Y60Kxqb_mls_blended,Miki Yamane,miki yamane,1993-12-22,Japan,FB,NA,32.52292950034223,mls,kaDQ0wRqEv,FB,asa_live,TRUE,NA,mlspa_via_asa,994,916667,2478,916667,TRUE,0.5867768595041323,0.4132231404958677,blended,2025+2026 season to date,2017.9669421487602,0.10322517159266004,0.010552558381526021,0.022962009485121962,0.023097652732475535,0.018895203409841313,0.03514582874752366,-0.0074280811638284625,2026,916667,LA Galaxy,0.11482828719990651,1,0.10588443716712667,0.1129433996484646,0.011256062273979508,46.42857142857143,0.024492810118228826,59.69387755102041,0.024637496248743826,49.48979591836735,0.020154883637793906,79.59183673469387,0.03748888399853009,28.06122448979592,-0.007923286574997962,24.489795918367346,38.265306122448976,916667,93.58288770053476,79.78021978021978,336500,-55.31758157808578,TRUE,FALSE,7.5,High,20.75,79.25,Below Expected Value by Current Model,Fullbacks and wingbacks,1.1.0,2026-07-25 22:12:49 UTC,75,75,394,Performance data through: 2026-07-25 (updates every day) · MLSPA compensation as of: 2026-04-16,FALSE,2026-07-25 22:12:44 UTC
Xj5Y68Olqb,asa_Xj5Y68Olqb_mls_blended,Dániel Gazdag,daniel gazdag,1996-03-02,Hungary,FW,NA,30.32991101984942,mls,mvzqoLZQap,FW,asa_live,TRUE,NA,mlspa_via_asa,646,2647635,2858,2647635,TRUE,0.4799405646359584,0.5200594353640415,blended,2025+2026 season to date,2132.329866270431,0.1529048217926895,0.041597129924915544,-0.07886081352414484,0.18152196696117462,-0.028332593164101284,0.031569124804906215,0.005410006789939242,2026,2647635,Columbus Crew,0.21844855740004673,1,0.16729775503617586,0.17845093871083084,0.044370271921296486,28.368794326241133,-0.08411820109504986,11.347517730496454,0.19362343143130364,52.4822695035461,-0.030221432709319124,48.226950354609926,0.0336737331262856,62.4113475177305,0.005770673909448858,56.737588652482266,12.76595744680851,2647635,84.21052631578948,94.50549450549451,540000,-71.44456886898097,TRUE,FALSE,5.2631578947368425,Medium,29.75,70.25,Below Expected Value by Current Model,Strikers,1.1.0,2026-07-25 22:12:49 UTC,55,55,403,Performance data through: 2026-07-25 (updates every day) · MLSPA compensation as of: 2026-04-16,FALSE,2026-07-25 22:12:44 UTC
Xj5Y6AAaqb,asa_Xj5Y6AAaqb_mls_blended,Andre Dozzell,andre dozzell,1999-05-02,England,CM,NA,27.16495550992471,mls,EKXMeX3Q64,CM,asa_live,FALSE,NA,NA,94,NA,0,NA,FALSE,1,0,blended,2025+2026 season to date,94,0.1147021276595745,0,0.04164893617021276,0.00478723404255319,0.03734042553191489,0.03159574468085106,-6.702127659574468e-4,2026,NA,D.C. United,0.13647524696350208,1,0.13352615011253782,0.14242789345782456,0,6.280193236714976,0.04442553191628191,77.29468599033817,0.005106382978882977,8.21256038647343,0.03982978723528723,90.33816425120773,0.033702127660627655,14.492753623188406,-7.14893617043617e-4,53.6231884057971,49.27536231884058,NA,NA,NA,510300,NA,FALSE,FALSE,NA,Insufficient,49,51,Insufficient Evidence,Central and defensive midfielders,1.1.0,2026-07-25 22:12:49 UTC,NA,NA,NA,Performance data through: 2026-07-25 (updates every day) · MLSPA compensation as of: 2026-04-16,FALSE,2026-07-25 22:12:44 UTC
Xj5Y6KKaqb,asa_Xj5Y6KKaqb_mls_blended,Anders Dreyer,anders dreyer,1998-05-02,Denmark,W,NA,28.164271047227928,mls,zeQZBOzQKw,W,asa_live,TRUE,NA,mlspa_via_asa,1559,3561251,3926,3561251,TRUE,0.6901283753873395,0.3098716246126605,blended,2025+2026 season to date,2775.5559982293053,0.31398513130361894,0.07727404188645318,0.012502343149054313,0.14801688000925492,0.04526098357461645,0.015502479130853052,0.015428403553387062,2026,3561251,San Diego FC,0.19903356584128315,1,0.29355266349281056,0.313122841068783,0.08242564468145919,89.51965065502183,0.013335832692741346,66.8122270742358,0.1578846720148058,87.33624454148472,0.04827838248109958,75.9825327510917,0.016535977740093338,18.34061135371179,0.016456963790793814,85.1528384279476,93.44978165938865,3561251,92.5233644859813,96.15384615384616,527437.5,0.9264171734073443,TRUE,FALSE,61.29032258064516,High,14,86,Fair Value,Wingers and attacking midfielders,1.1.0,2026-07-25 22:12:49 UTC,37,37,167,Performance data through: 2026-07-25 (updates every day) · MLSPA compensation as of: 2026-04-16,FALSE,2026-07-25 22:12:44 UTC
Xj5Y6kWaqb,asa_Xj5Y6kWaqb_mls_blended,Timothy Tillman,timothy tillman,1999-01-04,Germany,W,NA,27.488021902806295,mls,eVq3ya6MWO,W,asa_live,TRUE,NA,mlspa_via_asa,1006,881400,2970,881400,TRUE,0.5896834701055099,0.4103165298944901,blended,2025+2026 season to date,2224.6400937866356,0.15993109879569434,0.02279061423141142,0.02280612099896977,0.04272370244058403,0.016938718959820943,0.052868840811396506,0.0018031013535116645,2026,881400,Los Angeles FC,0.19903356584128315,1,0.16823710573759165,0.17945291279237233,0.0243099885142652,24.45414847161572,0.02432652906632796,75.10917030567686,0.04557194927138042,13.973799126637555,0.0180679668910403,53.275109170305676,0.05639343020058523,79.91266375545851,0.0019233081104725455,52.40174672489083,22.270742358078603,881400,70.09345794392523,78.02197802197803,527437.5,-47.82271558584662,TRUE,FALSE,13.978494623655914,High,20.75,79.25,Below Expected Value by Current Model,Wingers and attacking midfielders,1.1.0,2026-07-25 22:12:49 UTC,81,81,367,Performance data through: 2026-07-25 (updates every day) · MLSPA compensation as of: 2026-04-16,FALSE,2026-07-25 22:12:44 UTC
Xj5Y6ko0qb,asa_Xj5Y6ko0qb_mls_blended,Jannes Horn,jannes horn,1997-02-06,Germany,FB,NA,28.396988364134156,mls,wvq9B9wQWn,FB,asa_live,TRUE,NA,mlspa_via_asa,0,NA,779,321667,TRUE,0,1,blended,2025+2026 season to date,779,0.1488754813863928,0.00359306803594351,0.04260847240051348,0.00709370988446726,0.02325673940949936,0.06593453145057766,0.00638896020539152,2026,321667,St. Louis City SC,0.11482828719990651,1,0.13406161879618847,0.14299906005373642,0.0038326059051261795,21.93877551020408,0.04544903722863466,83.6734693877551,0.0075666238770015345,12.755102040816327,0.024807188704241208,86.22448979591837,0.07033016688281399,71.93877551020408,0.00681489088596392,89.79591836734694,72.44897959183673,321667,47.05882352941177,37.91208791208791,336500,25.390156062424964,FALSE,FALSE,NA,Low,41,59,Insufficient Evidence,Fullbacks and wingbacks,1.1.0,2026-07-25 22:12:49 UTC,NA,NA,NA,Performance data through: 2026-07-25 (updates every day) · MLSPA compensation as of: 2026-04-16,FALSE,2026-07-25 22:12:44 UTC
Xj5Y6xmaqb,asa_Xj5Y6xmaqb_mls_blended,Cayman Togashi,cayman togashi,1993-08-10,Japan,FW,NA,32.889801505817935,mls,KAqBN0Vqbg,FW,asa_live,TRUE,NA,mlspa_via_asa,121,113400,133,113400,TRUE,0.15,0.85,blended,2025+2026 season to date,234.05,0.020574195868449007,0.011395599584350338,-0.015525377493320074,0.06087378984651712,-0.05733046976946499,0.016745352016404647,0.004415301683961966,2026,113400,Atlanta United FC,0.21844855740004673,1,0.16292131764647025,0.1737827388283323,0.012155306223686881,10.638297872340425,-0.016560402660058926,74.46808510638297,0.06493204250498072,9.21985815602837,-0.06115250108934033,24.113475177304963,0.017861708818056467,24.822695035460992,0.004709655129706607,55.319148936170215,9.929078014184396,113400,20.30075187969925,16.428571428571427,540000,-10.371673865514852,FALSE,TRUE,NA,Low,41,59,Small-Sample Watchlist,Strikers,1.1.0,2026-07-25 22:12:49 UTC,NA,NA,NA,Performance data through: 2026-07-25 (updates every day) · MLSPA compensation as of: 2026-04-16,FALSE,2026-07-25 22:12:44 UTC
Xj5Y6zYAqb,asa_Xj5Y6zYAqb_mls_blended,Edvard Tagseth,edvard tagseth,2001-01-23,Norway,CM,NA,25.43463381245722,mls,vzqoOgNqap,CM,asa_live,TRUE,NA,mlspa_via_asa,899,736667,2993,736667,TRUE,0.5622263914946842,0.43777360850531577,blended,2025+2026 season to date,2209.25641025641,0.051665592448671666,0.007956091417811038,0.006830039949375308,0.010137460829490193,0.002927558925798721,0.026577667465487006,-0.002763226139290611,2026,736667,Nashville SC,0.13647524696350208,1,0.06977920875052206,0.07443115600288283,0.008486497512596976,26.08695652173913,0.007285375946227996,36.71497584541063,0.01081329155179412,21.256038647342994,0.003122729520949554,47.34299516908212,0.028349511964072063,12.560386473429952,-0.0029474412153354256,39.130434782608695,1.4492753623188406,736667,70.91836734693878,69.56043956043956,510300,-69.46909198461994,TRUE,FALSE,6.185567010309279,Medium,29.75,70.25,Below Expected Value by Current Model,Central and defensive midfielders,1.1.0,2026-07-25 22:12:49 UTC,92,92,401,Performance data through: 2026-07-25 (updates every day) · MLSPA compensation as of: 2026-04-16,FALSE,2026-07-25 22:12:44 UTC
Xj5Y8R7AMb,asa_Xj5Y8R7AMb_mls_blended,Cristian Arango,cristian arango,1995-03-09,Colombia,FW,NA,30.313483915126625,mls,0KPqjA456v,FW,asa_live,TRUE,NA,mlspa_via_asa,0,NA,2839,2216667,TRUE,0,1,blended,2025+2026 season to date,2839,0.2894233885170835,0.08319373018668545,0.01221134202183867,0.14279535047551956,-0.01026805213103205,0.04785311729482212,0.01363790066924973,2026,2216667,San Jose Earthquakes,0.21844855740004673,1,0.27704045781914166,0.2955098216829858,0.08873997886857093,81.56028368794327,0.013025431490368292,91.48936170212765,0.1523150405119807,34.751773049645394,-0.010952588940109788,63.829787234042556,0.05104332511607203,88.65248226950355,0.01454709404765431,76.59574468085107,82.97872340425532,2216667,79.69924812030075,92.96703296703296,540000,3.279475283954568,FALSE,FALSE,NA,Low,41,59,Insufficient Evidence,Strikers,1.1.0,2026-07-25 22:12:49 UTC,NA,NA,NA,Performance data through: 2026-07-25 (updates every day) · MLSPA compensation as of: 2026-04-16,FALSE,2026-07-25 22:12:44 UTC
Xj5Y98pE5b,asa_Xj5Y98pE5b_mls_blended,Sal Mazzaferro,sal mazzaferro,2001-10-11,Canada,CB,NA,23.720739219712527,mls,KAqBN0Vqbg,CB,asa_live,FALSE,NA,NA,0,NA,81,NA,TRUE,0,1,blended,2025+2026 season to date,81,0.29655555555555557,0,0.04588888888888889,-0.00111111111111111,0.03066666666666666,0.22677777777777777,-0.00566666666666666,2026,NA,Atlanta United FC,0.1396251547943452,1,0.1582908852813614,0.16884361097206185,0,7.180851063829787,0.048948148149677774,49.46808510638298,-0.001185185185222221,1.5957446808510638,0.032711111112133325,96.80851063829788,0.24189629630385553,98.40425531914893,-0.006044444444633326,40.42553191489362,71.27659574468085,NA,NA,NA,509583.5,NA,FALSE,FALSE,NA,Insufficient,41,59,Insufficient Evidence,Center backs,1.1.0,2026-07-25 22:12:49 UTC,NA,NA,NA,Performance data through: 2026-07-25 (updates every day) · MLSPA compensation as of: 2026-04-16,FALSE,2026-07-25 22:12:44 UTC
Xj5Y9XmX5b,asa_Xj5Y9XmX5b_mls_blended,Beau Leroux,beau leroux,2003-08-31,USA,CM,NA,22.833675564681723,mls,0KPqjA456v,CM,asa_live,TRUE,NA,mlspa_via_asa,1274,249996,2322,249996,TRUE,0.6453900709219859,0.35460992907801414,blended,2025+2026 season to date,2097.404255319149,0.16831414591236465,0.04233362393283225,0.020130322094201358,0.051320570517502724,0.005931991863214026,0.045028254910738835,0.0035693825938754144,2026,249996,San Jose Earthquakes,0.13647524696350208,1,0.16123202637776146,0.1719808281416533,0.04515586552976552,92.27053140096618,0.021472343567819126,53.14009661835749,0.054741941887046924,83.09178743961353,0.006327457987626027,56.03864734299517,0.0480301385729557,28.019323671497585,0.003807341433586088,81.15942028985508,78.74396135265701,249996,32.142857142857146,32.857142857142854,510300,46.601104209799864,TRUE,FALSE,94.84536082474227,High,20.75,79.25,Elite Value,Central and defensive midfielders,1.1.0,2026-07-25 22:12:49 UTC,6,6,24,Performance data through: 2026-07-25 (updates every day) · MLSPA compensation as of: 2026-04-16,FALSE,2026-07-25 22:12:44 UTC
Xj5Y9eBx5b,asa_Xj5Y9eBx5b_mls_blended,Osman Bukari,osman bukari,1998-12-13,Ghana,W,NA,26.548939082819988,mls,gpMOLwl5zy,W,asa_live,TRUE,NA,mlspa_via_asa,0,NA,2621,1500000,TRUE,0,1,blended,2025+2026 season to date,2621,0.20522472338801984,0.03219534528805799,-0.01682907287294925,0.11165700114460132,0.030468141930560848,0.04064250286150324,0.0070908050362456995,2026,1500000,Austin FC,0.19903356584128315,1,0.20407144970654142,0.21767621302711324,0.034341701641668367,34.06113537117904,-0.01795101106504017,37.55458515283843,0.11910080122462997,75.54585152838428,0.03249935139361384,65.93886462882097,0.043352003053624875,61.1353711790393,0.007563525372231773,69.43231441048034,59.38864628820961,1500000,80.37383177570094,89.56043956043956,527437.5,-20.98518548749133,FALSE,FALSE,NA,Low,41,59,Insufficient Evidence,Wingers and attacking midfielders,1.1.0,2026-07-25 22:12:49 UTC,NA,NA,NA,Performance data through: 2026-07-25 (updates every day) · MLSPA compensation as of: 2026-04-16,FALSE,2026-07-25 22:12:44 UTC
Xj5Y9pj05b,asa_Xj5Y9pj05b_mls_blended,Daouda Amadou,daouda amadou,2002-10-02,Cameroon,CM,NA,22.746064339493497,mls,pzeQZ6xQKw,CM,asa_live,TRUE,NA,mlspa_via_asa,0,NA,17,80622,TRUE,0,1,blended,2025+2026 season to date,17,0.3944117647058823,0,0.2212941176470588,0.00476470588235294,0.04605882352941176,0.1222941176470588,0,2026,80622,Colorado Rapids,0.13647524696350208,1,0.14358208780891613,0.15315422700096326,0,6.280193236714976,0.23604705883090588,99.51690821256038,0.005082352941335293,7.729468599033816,0.04912941176624117,94.20289855072464,0.13044705882760585,96.61835748792271,0,61.83574879227053,63.28502415458937,80622,1.0204081632653061,1.043956043956044,510300,62.264615991324064,FALSE,FALSE,NA,Low,41,59,Insufficient Evidence,Central and defensive midfielders,1.1.0,2026-07-25 22:12:49 UTC,NA,NA,NA,Performance data through: 2026-07-25 (updates every day) · MLSPA compensation as of: 2026-04-16,FALSE,2026-07-25 22:12:44 UTC
Xj5Y9wax5b,asa_Xj5Y9wax5b_mls_blended,Peter Stroud,peter stroud,2002-04-23,USA,CM,NA,23.189596167008897,mls,a2lqRX2Mr0,CM,asa_live,TRUE,NA,mlspa_via_asa,0,NA,1897,145003,TRUE,0,1,blended,2025+2026 season to date,1897,0.1249325250395361,0.01382498682129678,0.0277970479704797,0.02225092250922509,-0.00371006852925672,0.0625065893516078,0.00226304691618344,2026,145003,New York Red Bulls,0.13647524696350208,1,0.12770610659915949,0.13621984704336032,0.014746652609844065,46.3768115942029,0.02965018450277158,64.2512077294686,0.023734317343915123,51.207729468599034,-0.003957406431330837,27.536231884057973,0.0666736953104652,59.42028985507246,0.0024139167106711043,76.32850241545894,37.68115942028985,145003,21.428571428571427,25.054945054945055,510300,16.252587991718425,FALSE,FALSE,NA,Low,41,59,Insufficient Evidence,Central and defensive midfielders,1.1.0,2026-07-25 22:12:49 UTC,NA,NA,NA,Performance data through: 2026-07-25 (updates every day) · MLSPA compensation as of: 2026-04-16,FALSE,2026-07-25 22:12:44 UTC
Xj5Y9ydx5b,asa_Xj5Y9ydx5b_mls_blended,Joseph Zalinsky,joseph zalinsky,2003-01-03,USA,FB,NA,22.491444216290212,mls,wvq9B9wQWn,FB,asa_live,TRUE,NA,mlspa_via_asa,0,NA,276,82638,TRUE,0,1,blended,2025+2026 season to date,276,-0.06224999999999999,0,-0.00459782608695652,0.02207608695652174,-0.01751086956521739,-0.04917391304347825,-0.01304347826086956,2026,82638,St. Louis City SC,0.11482828719990651,1,0.059036498082127756,0.06297226462290416,0,6.377551020408164,-0.004904347826240216,25.510204081632654,0.02354782608769239,46.93877551020408,-0.01867826087014891,13.775510204081632,-0.0524521739146826,2.5510204081632653,-0.013913043478695646,16.3265306122449,3.5714285714285716,82638,2.1390374331550803,2.197802197802198,336500,1.4323911382734913,FALSE,FALSE,NA,Low,41,59,Insufficient Evidence,Fullbacks and wingbacks,1.1.0,2026-07-25 22:12:49 UTC,NA,NA,NA,Performance data through: 2026-07-25 (updates every day) · MLSPA compensation as of: 2026-04-16,FALSE,2026-07-25 22:12:44 UTC
Xj5Y9zw05b,asa_Xj5Y9zw05b_mls_blended,Dylan Nealis,dylan nealis,1998-07-30,USA,CB,NA,27.920602327173167,mls,a2lqRX2Mr0,CB,asa_live,TRUE,NA,mlspa_via_asa,1286,412500,1238,412500,TRUE,0.6475327291037261,0.35246727089627394,blended,2025+2026 season to date,1722.3544813695871,0.13274023739683438,0.010528522761104794,0.05080437456378819,0.022061550400460733,0.00825681222515606,0.045777852886196915,-0.004688875439872319,2026,412500,New York Red Bulls,0.1396251547943452,1,0.1345190142681716,0.14348694855720032,0.01123042427886273,65.42553191489361,0.05419133286973422,59.57446808510638,0.0235323204278935,65.95744680851064,0.008807266373775024,73.93617021276596,0.04882970974680264,24.46808510638298,-0.005001467136020102,47.340425531914896,39.361702127659576,412500,40,44.83516483516483,509583.5,-0.6382978723404236,TRUE,FALSE,54.166666666666664,High,20.75,79.25,Fair Value,Center backs,1.1.0,2026-07-25 22:12:49 UTC,45,45,197,Performance data through: 2026-07-25 (updates every day) · MLSPA compensation as of: 2026-04-16,FALSE,2026-07-25 22:12:44 UTC
Xj5YLGKxMb,asa_Xj5YLGKxMb_mls_blended,Christopher McVey,christopher mcvey,1997-04-12,Sweden,CB,NA,29.218343600273784,mls,zeQZBOzQKw,CB,asa_live,TRUE,NA,mlspa_via_asa,1291,576813,3760,576813,TRUE,0.6484178804620794,0.3515821195379206,blended,2025+2026 season to date,2612.9487694625814,0.1821305235260801,0.012955395022281112,0.06861015260160083,0.030786435235153932,0.00853772294474069,0.06501965493657628,-0.0037788372142727317,2026,576813,San Diego FC,0.1396251547943452,1,0.17419288646151315,0.1858057455647538,0.013819088024198366,73.93617021276596,0.0731841627773279,82.97872340425532,0.03283886425185707,78.72340425531915,0.00910690447467466,76.06382978723404,0.06935429860118203,43.61702127659574,-0.004030759695350208,50.53191489361702,83.51063829787235,576813,55,58.79120879120879,509583.5,28.510638297872347,TRUE,FALSE,80.20833333333333,High,20.75,79.25,Strong Value,Center backs,1.1.0,2026-07-25 22:12:49 UTC,20,20,87,Performance data through: 2026-07-25 (updates every day) · MLSPA compensation as of: 2026-04-16,FALSE,2026-07-25 22:12:44 UTC
Xj5YLGRGMb,asa_Xj5YLGRGMb_mls_blended,Javain Brown,javain brown,1999-03-09,Jamaica,FB,NA,26.313483915126625,mls,a2lqR4JMr0,FB,asa_live,TRUE,NA,mlspa_via_asa,0,NA,210,313688,TRUE,0,1,blended,2025+2026 season to date,210,0.37932857142857146,0.03947142857142857,0.00964285714285714,0.04491428571428572,0.010842857142857138,0.27535714285714286,-9e-4,2026,313688,Real Salt Lake,0.11482828719990651,1,0.1834024349628937,0.19562926396653338,0.042102857144172855,91.3265306122449,0.010285714286035712,44.89795918367347,0.047908571430068575,77.04081632653062,0.01156571428607571,65.3061224489796,0.2937142857234643,98.9795918367347,-9.6000000003e-4,48.97959183673469,94.89795918367346,313688,45.98930481283423,37.252747252747255,336500,48.90865437083924,FALSE,FALSE,NA,Low,41,59,Insufficient Evidence,Fullbacks and wingbacks,1.1.0,2026-07-25 22:12:49 UTC,NA,NA,NA,Performance data through: 2026-07-25 (updates every day) · MLSPA compensation as of: 2026-04-16,FALSE,2026-07-25 22:12:44 UTC
Xj5YyNjE5b,asa_Xj5YyNjE5b_mls_blended,Yannick Bright,yannick bright,2001-09-03,Italy,CM,NA,24.82409308692676,mls,zeQZkL1MKw,CM,asa_live,TRUE,NA,mlspa_via_asa,1178,464192,1609,464192,TRUE,0.6272630457933972,0.3727369542066028,blended,2025+2026 season to date,1777.7337593184238,0.16535162434945605,0.008406560938173248,0.021788539703782833,0.02070749498130524,2.352382862373572e-4,0.09859966899449384,0.015614121445463511,2026,464192,Inter Miami CF,0.13647524696350208,1,0.15806492693698426,0.16860258873805203,0.008966998334331682,27.536231884057973,0.02324110901809464,55.55555555555556,0.022087994647415836,47.34299516908212,2.5092083866102226e-4,40.09661835748792,0.10517298026408008,90.33816425120773,0.01665506287568155,96.61835748792271,76.81159420289855,464192,48.46938775510204,50,510300,28.342206447796507,TRUE,FALSE,78.35051546391753,High,20.75,79.25,Strong Value,Central and defensive midfielders,1.1.0,2026-07-25 22:12:49 UTC,22,22,95,Performance data through: 2026-07-25 (updates every day) · MLSPA compensation as of: 2026-04-16,FALSE,2026-07-25 22:12:44 UTC
Xj5YyZOw5b,asa_Xj5YyZOw5b_mls_blended,Olwethu Makhanya,olwethu makhanya,2004-04-30,South Africa,CB,NA,22.168377823408623,mls,9z5k7Yg5A3,CB,asa_live,TRUE,NA,mlspa_via_asa,1324,338875,2745,338875,TRUE,0.6541501976284585,0.3458498023715415,blended,2025+2026 season to date,2273.3577075098815,0.1497869095444826,0.015911431672390328,0.04977141514935528,0.02484998056113523,-0.009110315557571436,0.07369013639603447,-0.00532573867686127,2026,338875,Philadelphia Union,0.1396251547943452,1,0.1476649833971926,0.15750931562859427,0.016972193784413395,81.91489361702128,0.053089509494304674,54.787234042553195,0.02650664593270591,72.34042553191489,-0.009717669928379875,17.5531914893617,0.07860281215822644,52.659574468085104,-0.0056807879221628796,43.61702127659574,58.51063829787234,338875,37.22222222222222,39.89010989010989,509583.5,21.28841607565012,TRUE,FALSE,76.04166666666667,High,20.75,79.25,Undervalued,Center backs,1.1.0,2026-07-25 22:12:49 UTC,24,24,105,Performance data through: 2026-07-25 (updates every day) · MLSPA compensation as of: 2026-04-16,FALSE,2026-07-25 22:12:44 UTC
Xj5Yyz3y5b,asa_Xj5Yyz3y5b_mls_blended,Jayden Da,jayden da,2002-04-08,USA,FW,NA,24.229979466119097,mls,19vQ2095K6,FW,asa_live,FALSE,NA,NA,13,NA,0,NA,FALSE,1,0,blended,2025+2026 season to date,13,-0.4063846153846154,0,-0.459,0.15646153846153846,-0.06023076923076923,-0.04361538461538461,0,2026,NA,New England Revolution,0.21844855740004673,1,0.2051976092006983,0.21887744982091809,0,4.25531914893617,-0.4896000000153,0.7092198581560284,0.16689230769752306,42.5531914893617,-0.06424615384816153,22.69503546099291,-0.04652307692453077,0.7092198581560284,0,31.56028368794326,37.5886524822695,NA,NA,NA,540000,NA,FALSE,FALSE,NA,Insufficient,49,51,Insufficient Evidence,Strikers,1.1.0,2026-07-25 22:12:49 UTC,NA,NA,NA,Performance data through: 2026-07-25 (updates every day) · MLSPA compensation as of: 2026-04-16,FALSE,2026-07-25 22:12:44 UTC
a35rB7Do5L,asa_a35rB7Do5L_mls_blended,Luke Brennan,luke brennan,2005-02-24,USA,W,NA,21.347022587268995,mls,KAqBN0Vqbg,W,asa_live,TRUE,NA,mlspa_via_asa,334,125000,615,125000,TRUE,0.3230174081237911,0.6769825918762089,blended,2025+2026 season to date,750.3442940038685,0.1925107090626032,0.04184693588715384,-0.02926510827003821,0.11032051705430014,-0.001277232627258575,0.04546775487097231,0.025417842147473696,2026,125000,Atlanta United FC,0.19903356584128315,1,0.1954090173567076,0.20843628518700175,0.04463673161435899,47.59825327510917,-0.03121611548901626,25.76419213973799,0.11767521819493083,75.10917030567686,-0.0013623814691183878,33.624454148471614,0.04849893853055272,69.43231441048034,0.027112364958152536,91.70305676855895,47.59825327510917,125000,21.02803738317757,21.86813186813187,527437.5,26.570215891931603,FALSE,TRUE,NA,Low,41,59,Small-Sample Watchlist,Wingers and attacking midfielders,1.1.0,2026-07-25 22:12:49 UTC,NA,NA,NA,Performance data through: 2026-07-25 (updates every day) · MLSPA compensation as of: 2026-04-16,FALSE,2026-07-25 22:12:44 UTC
a35rBOLG5L,asa_a35rBOLG5L_mls_blended,Omar Valencia,omar valencia,2004-06-08,Panama,FB,NA,22.06160164271047,mls,a2lqRX2Mr0,FB,asa_live,TRUE,NA,mlspa_via_asa,401,142375,1542,142375,TRUE,0.3642143505903724,0.6357856494096277,blended,2025+2026 season to date,1381.3814713896459,0.04246759401605191,0.00510123092908109,0.008990235265429017,0.014956117007177763,-0.03766418219022678,0.07313169138773735,-0.02204749838314656,2026,142375,New York Red Bulls,0.11482828719990651,1,0.06437978838004915,0.06867177427419842,0.00544131299118987,25.510204081632654,0.009589584283423958,41.83673469387755,0.015953191474821486,32.142857142857146,-0.04017512767083071,6.122448979591836,0.0780071374826909,79.59183673469387,-0.02351733160942458,9.693877551020408,4.081632653061225,142375,31.550802139037433,24.725274725274726,336500,-27.46916948597621,FALSE,TRUE,NA,Low,41,59,Small-Sample Watchlist,Fullbacks and wingbacks,1.1.0,2026-07-25 22:12:49 UTC,NA,NA,NA,Performance data through: 2026-07-25 (updates every day) · MLSPA compensation as of: 2026-04-16,FALSE,2026-07-25 22:12:44 UTC
a35rBgow5L,asa_a35rBgow5L_mls_blended,Neil Pierre,neil pierre,2007-10-19,USA,CB,NA,18.699520876112253,mls,9z5k7Yg5A3,CB,asa_live,TRUE,NA,mlspa_via_asa,44,129798,25,129798,TRUE,0.15,0.85,blended,2025+2026 season to date,65.25,0.14866568181818182,0.0367875,0.03359045454545455,0.037085727272727256,-0.004103999999999999,0.045306,0,2026,129798,Philadelphia Union,0.1396251547943452,1,0.14051188066928744,0.149879339385257,0.03924000000122625,98.40425531914893,0.035829818182937866,26.595744680851062,0.039558109092145265,84.04255319148936,-0.004377600000136799,23.93617021276596,0.0483264000015102,23.93617021276596,0,79.25531914893617,46.276595744680854,129798,18.333333333333332,22.857142857142858,509583.5,27.943262411347522,FALSE,TRUE,NA,Low,41,59,Small-Sample Watchlist,Center backs,1.1.0,2026-07-25 22:12:49 UTC,NA,NA,NA,Performance data through: 2026-07-25 (updates every day) · MLSPA compensation as of: 2026-04-16,FALSE,2026-07-25 22:12:44 UTC
a35rBoxG5L,asa_a35rBoxG5L_mls_blended,Bryan Ramirez,bryan ramirez,2000-08-11,Ecuador,FB,NA,25.88637919233402,mls,NWMWlBK5lz,FB,asa_live,TRUE,NA,mlspa_via_asa,1302,684100,0,NA,FALSE,1,0,blended,2025+2026 season to date,1302,0.12053225806451612,0.0175852534562212,0.00470046082949308,0.023536866359447,0.02187096774193548,0.05590783410138249,-0.00306912442396313,2026,684100,FC Cincinnati,0.11482828719990651,1,0.11873289817031751,0.12664842471896312,0.01875760368722212,65.81632653061224,0.0050138248849493005,34.183673469387756,0.025105990784194697,50.51020408163265,0.023329032258793545,85.20408163265306,0.05963502304333825,58.16326530612245,-0.0032737327189963097,39.795918367346935,55.10204081632653,684100,82.88770053475936,66.26373626373626,336500,-27.785659718432832,TRUE,FALSE,26.25,High,28.75,71.25,Below Expected Value by Current Model,Fullbacks and wingbacks,1.1.0,2026-07-25 22:12:49 UTC,60,60,315,Performance data through: 2026-07-25 (updates every day) · MLSPA compensation as of: 2026-04-16,FALSE,2026-07-25 22:12:44 UTC
a35rK94AqL,asa_a35rK94AqL_mls_blended,Corey Baird,corey baird,1996-01-30,USA,FW,NA,29.418206707734427,mls,NWMWlBK5lz,FW,asa_live,TRUE,NA,mlspa_via_asa,0,NA,1136,744241,TRUE,0,1,blended,2025+2026 season to date,1136,0.14686795774647887,0.03531866197183098,-0.01658186619718309,0.11571654929577466,-0.03209419014084507,0.0250669014084507,0.0194419014084507,2026,744241,FC Cincinnati,0.21844855740004673,1,0.17160779633642168,0.18304831609790337,0.037673239437797,20.56737588652482,-0.01768732394421469,73.75886524822695,0.12343098591935019,21.98581560283688,-0.03423380281797122,45.39007092198582,0.026738028169849642,47.5177304964539,0.020738028169662144,84.39716312056737,13.47517730496454,744241,59.3984962406015,70.32967032967034,540000,-45.923318935636964,FALSE,FALSE,NA,Low,41,59,Insufficient Evidence,Strikers,1.1.0,2026-07-25 22:12:49 UTC,NA,NA,NA,Performance data through: 2026-07-25 (updates every day) · MLSPA compensation as of: 2026-04-16,FALSE,2026-07-25 22:12:44 UTC
a35rKA2AqL,asa_a35rKA2AqL_mls_blended,Mauricio Pineda,mauricio pineda,1997-10-17,USA,CM,NA,28.70362765229295,mls,X0Oq66zq6D,CM,asa_live,TRUE,NA,mlspa_via_asa,557,320157,1838,320157,TRUE,0.44311853619729513,0.5568814638027049,blended,2025+2026 season to date,1580.5481304693717,0.07066311571413361,0.012371777458636414,4.0045603164174173e-4,0.014134757869532354,-0.004936929473511988,0.048214680271437514,4.7837355639755453e-4,2026,320157,Chicago Fire FC,0.13647524696350208,1,0.08877199310961734,0.0946901259865509,0.0131965626229579,41.06280193236715,4.2715310043120637e-4,26.08695652173913,0.01507707506130567,30.434782608695652,-0.005266058105244018,26.08695652173913,0.05142899229114051,34.29951690821256,5.10265126840004e-4,68.59903381642512,7.246376811594203,320157,35.714285714285715,37.69230769230769,510300,-28.467908902691512,TRUE,FALSE,37.11340206185567,Medium,29.75,70.25,Below Expected Value by Current Model,Central and defensive midfielders,1.1.0,2026-07-25 22:12:49 UTC,62,62,269,Performance data through: 2026-07-25 (updates every day) · MLSPA compensation as of: 2026-04-16,FALSE,2026-07-25 22:12:44 UTC
a35rKGpLqL,asa_a35rKGpLqL_mls_blended,Dániel Sallói,daniel salloi,1996-07-19,Hungary,W,NA,29.949349760438057,mls,kRQabn8MKZ,W,asa_live,TRUE,NA,mlspa_via_asa,1579,1343333,2454,1343333,TRUE,0.6928477402369461,0.30715225976305394,blended,2025+2026 season to date,2332.7516454585343,0.20096847478465546,0.0500891417438481,-0.006195935891755379,0.0879193679722694,0.036775961232085014,0.03398708522911971,-0.001607145500911374,2026,1343333,Toronto FC,0.19903356584128315,1,0.20057261945615495,0.21394412742658436,0.053428417861774276,58.51528384279476,-0.006608998284745603,48.03493449781659,0.09378065917335134,58.07860262008734,0.03922769198211654,72.48908296943232,0.03625289091219393,46.2882096069869,-0.001714288534359037,25.32751091703057,54.585152838427945,1343333,78.03738317757009,87.8021978021978,527437.5,-23.452230339142147,TRUE,FALSE,34.40860215053763,High,14,86,Below Expected Value by Current Model,Wingers and attacking midfielders,1.1.0,2026-07-25 22:12:49 UTC,62,62,280,Performance data through: 2026-07-25 (updates every day) · MLSPA compensation as of: 2026-04-16,FALSE,2026-07-25 22:12:44 UTC
a35rKXowqL,asa_a35rKXowqL_mls_blended,Joaquín Fernández,joaquin fernandez,1996-05-31,Spain,CB,NA,29.084188911704313,mls,Z2vQ1xlqrA,CB,asa_live,TRUE,NA,mlspa_via_asa,0,NA,1482,1072083,TRUE,0,1,blended,2025+2026 season to date,1482,0.13937246963562752,0.00649190283400809,0.06383805668016193,0.00715384615384615,0.00391700404858299,0.0570242914979757,9.473684210526316e-4,2026,1072083,Sporting Kansas City,0.1396251547943452,1,0.1394452895660937,0.14874164220848146,0.006924696356491692,39.8936170212766,0.068093927127634,76.06382978723404,0.007630769231007689,25.53191489361702,0.004178137651952423,55.319148936170215,0.06082591093307489,36.170212765957444,0.0010105263158210528,88.82978723404256,45.212765957446805,1072083,87.77777777777777,83.73626373626374,509583.5,-42.565011820330966,FALSE,FALSE,NA,Low,41,59,Insufficient Evidence,Center backs,1.1.0,2026-07-25 22:12:49 UTC,NA,NA,NA,Performance data through: 2026-07-25 (updates every day) · MLSPA compensation as of: 2026-04-16,FALSE,2026-07-25 22:12:44 UTC
a35rKYrAqL,asa_a35rKYrAqL_mls_blended,Aaron Herrera,aaron herrera,1997-06-06,USA,W,NA,29.06776180698152,mls,EKXMeX3Q64,W,asa_live,TRUE,NA,mlspa_via_asa,433,945220,2300,945220,TRUE,0.382171226831421,0.617828773168579,blended,2025+2026 season to date,1854.0061782877317,0.1454861276334472,0.021484439157296902,0.026488852219962392,0.053652903027744725,-0.005181242564948773,0.050262059173414184,-0.001220883380022254,2026,945220,D.C. United,0.19903356584128315,1,0.15857837785227877,0.1691502697143833,0.022916735101832845,22.707423580786028,0.02825477570217618,78.60262008733625,0.057229763231382805,23.14410480349345,-0.005526658736118065,29.694323144104803,0.05361286311998387,75.54585152838428,-0.001302275605397767,26.200873362445414,15.720524017467248,945220,71.49532710280374,80.87912087912088,527437.5,-55.774803085336494,FALSE,TRUE,NA,Low,41,59,Small-Sample Watchlist,Wingers and attacking midfielders,1.1.0,2026-07-25 22:12:49 UTC,NA,NA,NA,Performance data through: 2026-07-25 (updates every day) · MLSPA compensation as of: 2026-04-16,FALSE,2026-07-25 22:12:44 UTC
a35rlyZ4QL,asa_a35rlyZ4QL_mls_blended,Diego Chará,diego chara,1986-04-05,Colombia,CM,NA,40.238193018480494,mls,WBLMvYAQxe,CM,asa_live,TRUE,NA,mlspa_via_asa,771,388044,1762,388044,TRUE,0.5241332426920462,0.4758667573079538,blended,2025+2026 season to date,1609.4772263766145,0.10012942464645654,1.2404635669095512e-4,0.03256789106995558,0.007473581177066108,0.006277216499697898,0.06323805066703911,-0.009551361123993116,2026,388044,Portland Timbers FC,0.13647524696350208,1,0.10999940344953751,0.11733269701650666,1.3231611380782034e-4,13.043478260869565,0.034739083809038215,70.04830917874396,0.007971819922452968,14.009661835748792,0.006695697599886998,57.00483091787439,0.06745392071361632,61.35265700483092,-0.010188118532577702,17.8743961352657,21.73913043478261,388044,42.3469387755102,43.40659340659341,510300,-20.607808340727594,TRUE,FALSE,41.23711340206186,Medium,29.75,70.25,Below Expected Value by Current Model,Central and defensive midfielders,1.1.0,2026-07-25 22:12:49 UTC,58,58,252,Performance data through: 2026-07-25 (updates every day) · MLSPA compensation as of: 2026-04-16,FALSE,2026-07-25 22:12:44 UTC
a35rm92ML6,asa_a35rm92ML6_mls_blended,Mateusz Klich,mateusz klich,1990-06-13,Poland,CM,NA,35.04996577686516,mls,KAqBN0Vqbg,CM,asa_live,TRUE,NA,mlspa_via_asa,0,NA,891,1937338,TRUE,0,1,blended,2025+2026 season to date,891,0.1283030303030303,0.01231313131313131,0.0558989898989899,0.02593939393939394,-0.012838383838383828,0.04972727272727273,-0.0027373737373737298,2026,1937338,Atlanta United FC,0.13647524696350208,1,0.13159164867746564,0.14036442526034973,0.01313400673441717,40.57971014492754,0.05962558922745252,82.6086956521739,0.027668686869551515,57.00483091787439,-0.01369427609470403,14.492753623188406,0.05304242424408182,37.68115942028985,-0.0029198653199565576,39.61352657004831,44.927536231884055,1937338,97.95918367346938,92.63736263736264,510300,-53.03164744158533,FALSE,FALSE,NA,Low,41,59,Insufficient Evidence,Central and defensive midfielders,1.1.0,2026-07-25 22:12:49 UTC,NA,NA,NA,Performance data through: 2026-07-25 (updates every day) · MLSPA compensation as of: 2026-04-16,FALSE,2026-07-25 22:12:44 UTC
a35ry7P2ML,asa_a35ry7P2ML_mls_blended,João Klauss,joao klauss,1997-03-01,Brazil,FW,NA,29.333333333333332,mls,kaDQ0wRqEv,FW,asa_live,TRUE,NA,mlspa_via_asa,606,2915000,2695,2915000,TRUE,0.46401225114854516,0.5359877488514548,blended,2025+2026 season to date,2050.4869831546707,0.33029226745689233,0.09760599431196675,-0.028793967900399748,0.24113246554364473,-0.013880093872436904,0.02809061076748672,0.006137258606630731,2026,2915000,LA Galaxy,0.21844855740004673,1,0.30497381599472523,0.3253054037378727,0.10411306060268473,90.78014184397163,-0.030713565761386195,65.95744680851064,0.2572079632545921,77.30496453900709,-0.014805433464395367,60.283687943262414,0.029963318152922188,53.191489361702125,0.006546409180610688,58.86524822695036,92.19858156028369,2915000,85.71428571428571,95.16483516483517,540000,6.484295845997977,TRUE,FALSE,71.9298245614035,Medium,29.75,70.25,Undervalued,Strikers,1.1.0,2026-07-25 22:12:49 UTC,17,17,122,Performance data through: 2026-07-25 (updates every day) · MLSPA compensation as of: 2026-04-16,FALSE,2026-07-25 22:12:44 UTC
a35ryXO2ML,asa_a35ryXO2ML_mls_blended,Luis Díaz,luis diaz,1998-12-06,Costa Rica,W,NA,26.56810403832991,mls,19vQ2095K6,W,asa_live,TRUE,NA,mlspa_via_asa,0,NA,535,127333,TRUE,0,1,blended,2025+2026 season to date,535,0.23164485981308416,0.05524485981308411,0.00977383177570093,0.09659439252336448,0.02227289719626168,0.04390654205607477,0.00385233644859813,2026,127333,New England Revolution,0.19903356584128315,1,0.21440540925530388,0.22869910321280432,0.05892785046913121,70.74235807860262,0.010425420561073455,64.19213973799127,0.10303401869480859,65.93886462882097,0.023757757010088223,58.51528384279476,0.04683364486127664,67.24890829694323,0.004109158878633083,59.38864628820961,67.68558951965065,127333,21.49532710280374,22.63736263736264,527437.5,46.190262416846906,FALSE,FALSE,NA,Low,41,59,Insufficient Evidence,Wingers and attacking midfielders,1.1.0,2026-07-25 22:12:49 UTC,NA,NA,NA,Performance data through: 2026-07-25 (updates every day) · MLSPA compensation as of: 2026-04-16,FALSE,2026-07-25 22:12:44 UTC
a35ryZ7bML,asa_a35ryZ7bML_mls_blended,Tanner Beason,tanner beason,1997-03-23,USA,FB,NA,29.27310061601643,mls,19vQ2095K6,FB,asa_live,TRUE,NA,mlspa_via_asa,85,350000,2166,350000,TRUE,0.15,0.85,blended,2025+2026 season to date,1926.1,0.1517563271956982,0.003563642659279771,0.02151835913312693,0.012443004725435882,-0.0011135514094834575,0.11378168486231056,0.0015631872250285118,2026,350000,New England Revolution,0.11482828719990651,1,0.14298516849355852,0.15251751306456193,0.003801218836683877,21.428571428571427,0.022952916409386005,58.673469387755105,0.013272538374213041,27.040816326530614,-0.0011877881701528063,38.265306122448976,0.12136713052359066,93.36734693877551,0.0016673997067491856,72.95918367346938,79.08163265306122,350000,51.60427807486631,40.65934065934066,336500,27.477354578194912,FALSE,TRUE,NA,Low,41,59,Small-Sample Watchlist,Fullbacks and wingbacks,1.1.0,2026-07-25 22:12:49 UTC,NA,NA,NA,Performance data through: 2026-07-25 (updates every day) · MLSPA compensation as of: 2026-04-16,FALSE,2026-07-25 22:12:44 UTC
aDQ00AlQEv,asa_aDQ00AlQEv_mls_blended,Kevin Long,kevin long,1990-08-18,Republic of Ireland,CB,NA,34.86926762491444,mls,kRQabn8MKZ,CB,asa_live,TRUE,NA,mlspa_via_asa,0,NA,2111,468521,TRUE,0,1,blended,2025+2026 season to date,2111,0.15606110847939364,0.00645902415916627,0.03887778304121269,0.0234997631454287,0.00804926575082899,0.08777877783041212,-0.00860350544765514,2026,468521,Toronto FC,0.1396251547943452,1,0.15242349423703694,0.16258506052458685,0.0068896257699926555,39.361702127659576,0.04146963524525613,38.297872340425535,0.025066414022573938,69.14893617021276,0.00858588346781923,72.34042553191489,0.09363069635536556,70.74468085106383,-0.009177072477785599,33.51063829787234,64.8936170212766,468521,45.55555555555556,50.21978021978022,509583.5,19.33806146572104,FALSE,FALSE,NA,Low,41,59,Insufficient Evidence,Center backs,1.1.0,2026-07-25 22:12:49 UTC,NA,NA,NA,Performance data through: 2026-07-25 (updates every day) · MLSPA compensation as of: 2026-04-16,FALSE,2026-07-25 22:12:44 UTC
aDQ0LRYWQE,asa_aDQ0LRYWQE_mls_blended,Amine Bassi,amine bassi,1997-11-27,France,W,NA,27.592060232717316,mls,YgOMngl5wN,W,asa_live,TRUE,NA,mlspa_via_asa,0,NA,1954,700000,TRUE,0,1,blended,2025+2026 season to date,1954,0.10624974411463664,0.0159825997952917,0.00303531218014329,0.05359467758444217,-0.00420522006141248,0.038565506653019437,-7.231320368474922e-4,2026,700000,Houston Dynamo FC,0.19903356584128315,1,0.12804703974344944,0.13658350906394764,0.0170481064488439,18.34061135371179,0.0032376663255873532,59.82532751091703,0.057167656091858136,22.270742358078603,-0.004485568065646819,30.56768558951965,0.041136540431172916,56.76855895196506,-7.713408393280961e-4,30.131004366812228,2.6200873362445414,700000,62.61682242990654,67.14285714285714,527437.5,-59.996735093662,FALSE,FALSE,NA,Low,41,59,Insufficient Evidence,Wingers and attacking midfielders,1.1.0,2026-07-25 22:12:49 UTC,NA,NA,NA,Performance data through: 2026-07-25 (updates every day) · MLSPA compensation as of: 2026-04-16,FALSE,2026-07-25 22:12:44 UTC
aDQ0LoylQE,asa_aDQ0LoylQE_mls_blended,Griffin Dorsey,griffin dorsey,1999-03-05,USA,FB,NA,27.32375085557837,mls,jYQJ8EW5GR,FB,asa_live,TRUE,NA,mlspa_via_asa,1176,767891,3022,767891,TRUE,0.6268656716417911,0.3731343283582089,blended,2025+2026 season to date,2303.6119402985073,0.17297389470817415,0.026617357219762952,-0.00685751539174694,0.08784556465098164,0.0201155097162387,0.04608717450847304,-8.341959955352274e-4,2026,767891,Orlando City SC,0.11482828719990651,1,0.1609587338594507,0.1716893161221127,0.02839184770196773,81.12244897959184,-0.007314683084758653,22.959183673469386,0.09370193563064194,92.34693877551021,0.021456543697991798,82.14285714285714,0.049159652810574155,42.3469387755102,-8.898090619320491e-4,51.02040816326531,89.79591836734694,767891,87.70053475935829,71.86813186813187,336500,2.0953836079886514,TRUE,FALSE,62.5,High,20.75,79.25,Fair Value,Fullbacks and wingbacks,1.1.0,2026-07-25 22:12:49 UTC,31,31,162,Performance data through: 2026-07-25 (updates every day) · MLSPA compensation as of: 2026-04-16,FALSE,2026-07-25 22:12:44 UTC
aDQ0NJKG5E,asa_aDQ0NJKG5E_mls_blended,Victor Olatunji,victor olatunji,1999-09-05,Nigeria,FW,NA,26.819986310746064,mls,a2lqR4JMr0,FW,asa_live,TRUE,NA,mlspa_via_asa,362,626500,778,626500,TRUE,0.3408662900188324,0.6591337099811676,blended,2025+2026 season to date,874.8060263653484,0.3163798963008148,0.08258840573395494,-0.07231896213672606,0.2779143610300205,-0.05616086445035076,0.05694699577360463,0.027409960350311527,2026,626500,Real Salt Lake,0.21844855740004673,1,0.27653817997336555,0.2949740586474745,0.08809429945230489,80.1418439716312,-0.0771402262815851,21.27659574468085,0.29644198510795233,87.94326241134752,-0.059904922082246174,24.822695035460992,0.06074346216040984,92.90780141843972,0.02923729104124596,90.0709219858156,82.26950354609929,626500,55.6390977443609,62.1978021978022,540000,26.630405801738384,FALSE,TRUE,NA,Low,41,59,Small-Sample Watchlist,Strikers,1.1.0,2026-07-25 22:12:49 UTC,NA,NA,NA,Performance data through: 2026-07-25 (updates every day) · MLSPA compensation as of: 2026-04-16,FALSE,2026-07-25 22:12:44 UTC
aDQ0Njb35E,asa_aDQ0Njb35E_mls_blended,Malik Henry,malik henry,2002-07-23,Canada,W,NA,23.939767282683093,mls,kRQabn8MKZ,W,asa_live,TRUE,NA,mlspa_via_asa,638,88025,182,88025,TRUE,0.476831091180867,0.523168908819133,blended,2025+2026 season to date,733.2167414050822,0.05096533287340462,0.022274922387030004,-0.034753535701966196,0.06007864780958952,0.014524491203863395,-0.01107330113832356,-8.58916867885486e-5,2026,88025,Toronto FC,0.19903356584128315,1,0.11760186467025059,0.1254419889855207,0.0237599172135745,23.14410480349345,-0.037070438083255726,22.270742358078603,0.06408389099889811,27.94759825327511,0.015492790617938438,49.78165938864629,-0.011811521214580907,3.930131004366812,-9.161779924398157e-5,35.80786026200873,1.3100436681222707,88025,4.906542056074766,4.34065934065934,527437.5,-3.5964983879524954,TRUE,FALSE,50.53763440860215,Medium,29.75,70.25,Fair Value,Wingers and attacking midfielders,1.1.0,2026-07-25 22:12:49 UTC,47,47,212,Performance data through: 2026-07-25 (updates every day) · MLSPA compensation as of: 2026-04-16,FALSE,2026-07-25 22:12:44 UTC
aDQ0PGv3QE,asa_aDQ0PGv3QE_mls_blended,Alex Mighten,alex mighten,2002-04-11,England,W,NA,24.2217659137577,mls,zeQZBOzQKw,W,asa_live,TRUE,NA,mlspa_via_asa,515,332292,1236,332292,TRUE,0.42386831275720166,0.5761316872427984,blended,2025+2026 season to date,1227.0987654320988,0.18819475008989572,0.03859134603859523,-0.01653676135682608,0.07375370969675177,0.02828713891885412,0.02396389787846099,0.040135418914059695,2026,332292,San Diego FC,0.19903356584128315,1,0.1917541030782901,0.20453770995656792,0.04116410244245462,43.66812227074236,-0.017639212114499044,38.427947598253276,0.07867062367899368,44.10480349344978,0.03017294818105397,64.19213973799127,0.025561491071157186,28.38427947598253,0.04281111350966819,96.06986899563319,44.10480349344978,332292,35.981308411214954,39.120879120879124,527437.5,8.123495082234825,TRUE,FALSE,74.19354838709677,Medium,29.75,70.25,Fair Value,Wingers and attacking midfielders,1.1.0,2026-07-25 22:12:49 UTC,25,25,112,Performance data through: 2026-07-25 (updates every day) · MLSPA compensation as of: 2026-04-16,FALSE,2026-07-25 22:12:44 UTC
aDQ0PJpPQE,asa_aDQ0PJpPQE_mls_blended,Tai Baribo,tai baribo,1998-01-15,Israel,FW,NA,28.45722108145106,mls,EKXMeX3Q64,FW,asa_live,TRUE,NA,mlspa_via_asa,1134,2349000,2317,2349000,TRUE,0.6183206106870229,0.38167938931297707,blended,2025+2026 season to date,2018.351145038168,0.252856198954294,0.06811642292118988,-0.05343410306167161,0.24768936865583618,-0.02944798979991895,0.017953239744734405,0.0019792604941240785,2026,2349000,D.C. United,0.21844855740004673,1,0.24497162435410325,0.2613030659858758,0.07265751778487309,64.53900709219859,-0.05699637660089752,35.46099290780142,0.26420199324114824,80.85106382978724,-0.03141118912089515,47.5177304964539,0.019150122394981806,27.659574468085108,0.002111211193798326,43.97163120567376,71.63120567375887,2349000,82.70676691729324,93.84615384615384,540000,-11.075561243534366,TRUE,FALSE,43.85964912280702,High,20.75,79.25,Fair Value,Strikers,1.1.0,2026-07-25 22:12:49 UTC,33,33,240,Performance data through: 2026-07-25 (updates every day) · MLSPA compensation as of: 2026-04-16,FALSE,2026-07-25 22:12:44 UTC
aDQ0PKPRQE,asa_aDQ0PKPRQE_mls_blended,Marco Farfan,marco farfan,1998-11-12,USA,FB,NA,26.633812457221083,mls,mKAqBBmqbg,FB,asa_live,TRUE,NA,mlspa_via_asa,0,NA,1469,582813,TRUE,0,1,blended,2025+2026 season to date,1469,0.10219809394145676,0.01034785568413886,0.01738121170864533,0.01160381211708645,-0.01230224642614023,0.07783253914227366,-0.00266507828454731,2026,582813,FC Dallas,0.11482828719990651,1,0.10586078894149051,0.1129181748744519,0.011037712730093045,44.38775510204081,0.018539959156467726,54.08163265306123,0.012377399591945674,23.979591836734695,-0.013122396188292987,18.367346938775512,0.08302137508768632,83.6734693877551,-0.0028427501702726335,41.326530612244895,37.755102040816325,582813,76.47058823529412,59.34065934065934,336500,-38.71548619447779,FALSE,FALSE,NA,Low,41,59,Insufficient Evidence,Fullbacks and wingbacks,1.1.0,2026-07-25 22:12:49 UTC,NA,NA,NA,Performance data through: 2026-07-25 (updates every day) · MLSPA compensation as of: 2026-04-16,FALSE,2026-07-25 22:12:44 UTC
aDQ0PZY3QE,asa_aDQ0PZY3QE_mls_blended,Pep Biel,pep biel,1996-09-05,Spain,W,NA,29.81793292265571,mls,NPqxKXZ59d,W,asa_live,TRUE,NA,mlspa_via_asa,1553,3015563,2203,3015563,TRUE,0.6893031513537505,0.31069684864624947,blended,2025+2026 season to date,2237.4651575676876,0.20959528859387364,0.053899797697486714,0.02456187271563472,0.09541999440298395,0.009468256275639138,0.025689193951112535,5.561735510165568e-4,2026,3015563,Charlotte FC,0.19903356584128315,1,0.20736194534570968,0.22118607504233573,0.057493117545782485,68.5589519650655,0.026199330897495765,77.7292576419214,0.10178132736636354,64.62882096069869,0.010099473360997355,46.2882096069869,0.02740180688204301,29.694323144104803,5.93251787769533e-4,46.2882096069869,61.572052401746724,3015563,91.1214953271028,95.38461538461539,527437.5,-29.549442925356082,TRUE,FALSE,27.956989247311828,High,14,86,Below Expected Value by Current Model,Wingers and attacking midfielders,1.1.0,2026-07-25 22:12:49 UTC,68,68,308,Performance data through: 2026-07-25 (updates every day) · MLSPA compensation as of: 2026-04-16,FALSE,2026-07-25 22:12:44 UTC
aDQ0PjypQE,asa_aDQ0PjypQE_mls_blended,Timo Baumgartl,timo baumgartl,1996-03-04,Germany,CB,NA,30.324435318275153,mls,wvq9B9wQWn,CB,asa_live,TRUE,NA,mlspa_via_asa,1621,693333,1998,693333,TRUE,0.6984058595433003,0.30159414045669974,blended,2025+2026 season to date,2223.585092632486,0.15252797605878174,0.006814024709759301,0.05404839091568949,0.016294976148056715,0.0013458589998874334,0.07953578567796576,-0.005511060392576974,2026,693333,St. Louis City SC,0.1396251547943452,1,0.1497861806091379,0.1597719259880733,0.0072682930239703885,42.5531914893617,0.05765161697853707,63.829787234042556,0.01738130789180366,53.191489361702125,0.0014355829332581241,45.212765957446805,0.08483817139248134,61.170212765957444,-0.0058784644189324746,42.02127659574468,62.234042553191486,693333,64.44444444444444,66.7032967032967,509583.5,-2.210401891252957,TRUE,FALSE,52.083333333333336,High,14,86,Fair Value,Center backs,1.1.0,2026-07-25 22:12:49 UTC,47,47,206,Performance data through: 2026-07-25 (updates every day) · MLSPA compensation as of: 2026-04-16,FALSE,2026-07-25 22:12:44 UTC
aDQ0PkRRQE,asa_aDQ0PkRRQE_mls_blended,Eduard Atuesta,eduard atuesta,1997-06-18,Colombia,CM,NA,29.034907597535938,mls,jYQJ8EW5GR,CM,asa_live,TRUE,NA,mlspa_via_asa,851,825250,2651,825250,TRUE,0.5486782720825274,0.4513217279174726,blended,2025+2026 season to date,2047.4539007092199,0.1945799242211435,0.02136673945892465,0.05975006986159743,0.02788921738229506,0.009468463052152865,0.07822078307736871,-0.0021153486111952194,2026,825250,Orlando City SC,0.13647524696350208,1,0.18141149611546598,0.1935055958625441,0.02279118875689852,69.56521739130434,0.06373340785436225,84.54106280193237,0.029748498542044373,59.42028985507246,0.010099693922612006,64.73429951690821,0.08343550195180065,80.67632850241546,-0.002256371852012079,43.47826086956522,90.33816425120773,825250,77.55102040816327,75.71428571428571,510300,12.787143843044461,TRUE,FALSE,70.10309278350516,Medium,29.75,70.25,Undervalued,Central and defensive midfielders,1.1.0,2026-07-25 22:12:49 UTC,30,30,129,Performance data through: 2026-07-25 (updates every day) · MLSPA compensation as of: 2026-04-16,FALSE,2026-07-25 22:12:44 UTC
aDQ0PnvBQE,asa_aDQ0PnvBQE_mls_blended,Djordje Mihailovic,djordje mihailovic,1998-11-10,USA,W,NA,27.638603696098563,mls,kRQabn8MKZ,W,asa_live,TRUE,NA,mlspa_via_asa,465,2828204,3263,2828204,TRUE,0.39914163090128757,0.6008583690987124,blended,2025+2026 season to date,2425.600858369098,0.24271925332673924,0.03617156938439704,0.04906459181432079,0.0833973191420518,0.034395351443351714,0.03150688602473565,0.00818353551788225,2026,2828204,Toronto FC,0.19903356584128315,1,0.23405604435825603,0.2496597806566083,0.03858300734456256,39.737991266375545,0.05233556460357766,88.646288209607,0.0889571404209685,52.838427947598255,0.036688374874055005,69.86899563318778,0.03360734509410159,41.048034934497814,0.008729104552680517,72.92576419213974,77.7292576419214,2828204,90.65420560747664,94.94505494505495,527437.5,-12.924947965555248,TRUE,FALSE,43.01075268817204,Medium,29.75,70.25,Fair Value,Wingers and attacking midfielders,1.1.0,2026-07-25 22:12:49 UTC,54,54,244,Performance data through: 2026-07-25 (updates every day) · MLSPA compensation as of: 2026-04-16,FALSE,2026-07-25 22:12:44 UTC
aDQ0PwNpQE,asa_aDQ0PwNpQE_mls_blended,Chidozie Awaziem,chidozie awaziem,1997-01-01,Nigeria,CB,NA,28.49555099247091,mls,pzeQZ6xQKw,CB,asa_live,TRUE,NA,mlspa_via_asa,0,NA,1990,1397675,TRUE,0,1,blended,2025+2026 season to date,1990,0.16421608040201002,0.00876482412060301,0.027,0.04364773869346733,0.00657135678391959,0.07967939698492463,-0.00144723618090452,2026,1397675,Colorado Rapids,0.1396251547943452,1,0.15851934087899888,0.1690872969428828,0.00934914572893537,56.91489361702128,0.028800000000899998,17.5531914893617,0.04655758794115341,87.76595744680851,0.0070094472363999415,65.42553191489361,0.08499135678657559,61.702127659574465,-0.0015437185930130626,64.8936170212766,71.80851063829788,1397675,96.11111111111111,88.46153846153847,509583.5,-24.30260047281324,FALSE,FALSE,NA,Low,41,59,Insufficient Evidence,Center backs,1.1.0,2026-07-25 22:12:49 UTC,NA,NA,NA,Performance data through: 2026-07-25 (updates every day) · MLSPA compensation as of: 2026-04-16,FALSE,2026-07-25 22:12:44 UTC
aDQ0aG9pME,asa_aDQ0aG9pME_mls_blended,Aleksey Miranchuk,aleksey miranchuk,1995-10-17,Russia,W,NA,30.704996577686515,mls,KAqBN0Vqbg,W,asa_live,TRUE,NA,mlspa_via_asa,1360,5085441,3075,5085441,TRUE,0.6601941747572816,0.3398058252427184,blended,2025+2026 season to date,2404.902912621359,0.22308527113426477,0.04999084773857447,0.03932930381245559,0.09661680085247455,0.018557589391427893,0.019553528297418885,-9.627989580866632e-4,2026,5085441,Atlanta United FC,0.19903356584128315,1,0.21828277880908015,0.23283496407029491,0.053323570922812466,58.07860262008734,0.041951257401263604,84.71615720524018,0.10305792091252675,66.37554585152839,0.019794762018141673,54.585152838427945,0.020857096851231927,24.017467248908297,-0.001026985555324534,27.94759825327511,70.74235807860262,5085441,97.19626168224299,98.35164835164835,527437.5,-26.45390360364037,TRUE,FALSE,30.107526881720432,High,20.75,79.25,Below Expected Value by Current Model,Wingers and attacking midfielders,1.1.0,2026-07-25 22:12:49 UTC,66,66,298,Performance data through: 2026-07-25 (updates every day) · MLSPA compensation as of: 2026-04-16,FALSE,2026-07-25 22:12:44 UTC
aDQ0aNE3ME,asa_aDQ0aNE3ME_mls_blended,Michael Boxall,michael boxall,1988-08-18,New Zealand,CB,NA,37.86721423682409,mls,kRQand1MKZ,CB,asa_live,TRUE,NA,mlspa_via_asa,549,927500,3372,927500,TRUE,0.43955164131305047,0.5604483586869495,blended,2025+2026 season to date,2438.8318654923937,0.12725372611256264,0.0031024107542261567,0.06320185543452556,0.00923137940957748,0.004125364348418233,0.07804334570859535,-0.030450629542780126,2026,927500,Minnesota United FC,0.1396251547943452,1,0.1296963940644688,0.13834282033975662,0.0033092381379446474,20.21276595744681,0.06741531246560066,75.53191489361703,0.009846804703857024,31.914893617021278,0.004400388638450294,56.91489361702128,0.08324623542510315,57.97872340425532,-0.032480671513313825,7.446808510638298,34.04255319148936,927500,82.77777777777777,80.43956043956044,509583.5,-48.73522458628841,TRUE,FALSE,13.541666666666666,Medium,29.75,70.25,Below Expected Value by Current Model,Center backs,1.1.0,2026-07-25 22:12:49 UTC,84,84,369,Performance data through: 2026-07-25 (updates every day) · MLSPA compensation as of: 2026-04-16,FALSE,2026-07-25 22:12:44 UTC
aDQ0aVkWME,asa_aDQ0aVkWME_mls_blended,Jamal Thiaré,jamal thiare,1993-03-31,Senegal,FW,NA,33.25119780971937,mls,mvzqoLZQap,FW,asa_live,TRUE,NA,mlspa_via_asa,290,530000,1185,530000,TRUE,0.29292929292929293,0.7070707070707071,blended,2025+2026 season to date,1127.878787878788,0.24804372842347527,0.05100817031070195,-0.06827084771768316,0.25795205216724204,-0.06929102416570772,0.022123897199846566,0.05452148062907557,2026,530000,Columbus Crew,0.21844855740004673,1,0.23776690649671472,0.25361803360442126,0.05440871499978235,40.42553191489362,-0.0728222375678044,25.53191489361702,0.2751488556536566,83.68794326241135,-0.07391042577906459,18.43971631205674,0.0235988236805738,39.00709219858156,0.058156246006164654,97.87234042553192,65.95744680851064,530000,49.62406015037594,54.72527472527472,540000,16.3333866581347,FALSE,TRUE,NA,Low,41,59,Small-Sample Watchlist,Strikers,1.1.0,2026-07-25 22:12:49 UTC,NA,NA,NA,Performance data through: 2026-07-25 (updates every day) · MLSPA compensation as of: 2026-04-16,FALSE,2026-07-25 22:12:44 UTC
aDQ0aVwlME,asa_aDQ0aVwlME_mls_blended,Rob Holding,rob holding,1995-09-20,England,CB,NA,30.77891854893908,mls,pzeQZ6xQKw,CB,asa_live,TRUE,NA,mlspa_via_asa,1180,1200000,587,1200000,TRUE,0.6276595744680851,0.37234042553191493,blended,2025+2026 season to date,1398.563829787234,0.2126157191271884,0.007531827902424874,0.07019923339011924,0.03268858784298089,0.019069991663344082,0.08736618126789662,-0.0042401029395773655,2026,1200000,Colorado Rapids,0.1396251547943452,1,0.19070281449688284,0.20341633546969845,0.008033949762837594,47.340425531914896,0.07487918228513384,85.1063829787234,0.03486782703360257,80.85106382978724,0.02034132444153602,93.08510638297872,0.09319059335533526,70.2127659574468,-0.00452277646902386,48.93617021276596,90.95744680851064,1200000,90.55555555555556,85.93406593406593,509583.5,0.40189125295508177,TRUE,FALSE,57.291666666666664,High,20.75,79.25,Fair Value,Center backs,1.1.0,2026-07-25 22:12:49 UTC,42,42,184,Performance data through: 2026-07-25 (updates every day) · MLSPA compensation as of: 2026-04-16,FALSE,2026-07-25 22:12:44 UTC
aDQ0ao1PME,asa_aDQ0ao1PME_mls_blended,Sam Adekugbe,sam adekugbe,1995-01-16,England,FB,NA,30.455852156057496,mls,lgpMOvnQzy,FB,asa_live,TRUE,NA,mlspa_via_asa,0,NA,325,963000,TRUE,0,1,blended,2025+2026 season to date,325,0.1775630769230769,0.05892923076923076,-0.01764,0.06997846153846153,-0.00767076923076923,0.0016338461538461502,0.0723323076923077,2026,963000,Vancouver Whitecaps FC,0.11482828719990651,1,0.1368702403458853,0.14599492304017334,0.06285784615581046,96.42857142857143,-0.018816000000587998,14.795918367346939,0.07464369231002492,89.79591836734694,-0.008182153846409537,23.46938775510204,0.0017427692308236884,12.244897959183673,0.07715446154087262,100,74.48979591836735,963000,96.2566844919786,81.53846153846153,336500,-21.766888573611254,FALSE,FALSE,NA,Low,41,59,Insufficient Evidence,Fullbacks and wingbacks,1.1.0,2026-07-25 22:12:49 UTC,NA,NA,NA,Performance data through: 2026-07-25 (updates every day) · MLSPA compensation as of: 2026-04-16,FALSE,2026-07-25 22:12:44 UTC
aDQ0l7kWQE,asa_aDQ0l7kWQE_mls_blended,Mitja Ilenič,mitja ilenic,2004-12-26,Slovenia,FB,NA,20.511978097193705,mls,Vj58weDM8n,FB,asa_live,TRUE,NA,mlspa_via_asa,0,NA,1254,391700,TRUE,0,1,blended,2025+2026 season to date,1254,0.07622727272727273,0.02027511961722487,0.02641866028708133,0.02167464114832535,-0.00844736842105263,0.015344497607655501,9.617224880382777e-4,2026,391700,New York City FC,0.11482828719990651,1,0.08871951042068171,0.09463414445168447,0.02162679425904903,70.91836734693878,0.028179904307100708,64.28571428571429,0.02311961722560286,45.91836734693877,-0.009010526316071051,22.959183673469386,0.016367464115344017,15.306122448979592,0.0010258373206062203,68.87755102040816,17.346938775510203,391700,55.61497326203209,43.51648351648352,336500,-38.268034486521884,FALSE,FALSE,NA,Low,41,59,Insufficient Evidence,Fullbacks and wingbacks,1.1.0,2026-07-25 22:12:49 UTC,NA,NA,NA,Performance data through: 2026-07-25 (updates every day) · MLSPA compensation as of: 2026-04-16,FALSE,2026-07-25 22:12:44 UTC
aDQ0l9bRQE,asa_aDQ0l9bRQE_mls_blended,Kyle Hiebert,kyle hiebert,1997-07-30,Canada,CB,NA,27.920602327173167,mls,wvq9B9wQWn,CB,asa_live,TRUE,NA,mlspa_via_asa,0,NA,1884,269000,TRUE,0,1,blended,2025+2026 season to date,1884,0.17515127388535032,0.00853184713375796,0.02969426751592356,0.01177547770700637,0.0045764331210191,0.12053980891719744,3.343949044585987e-5,2026,269000,St. Louis City SC,0.1396251547943452,1,0.1665700856991172,0.17767475808461067,0.009100636942959553,55.851063829787236,0.03167388535130827,22.340425531914892,0.012560509554532643,37.765957446808514,0.004881528662572921,59.57446808510638,0.12857579618236192,87.76595744680851,3.566878981003185e-5,81.38297872340425,77.65957446808511,269000,31.11111111111111,34.175824175824175,509583.5,46.548463356974,FALSE,FALSE,NA,Low,41,59,Insufficient Evidence,Center backs,1.1.0,2026-07-25 22:12:49 UTC,NA,NA,NA,Performance data through: 2026-07-25 (updates every day) · MLSPA compensation as of: 2026-04-16,FALSE,2026-07-25 22:12:44 UTC
aDQ0lA2lQE,asa_aDQ0lA2lQE_mls_blended,Joshua Torquato,joshua torquato,2007-07-24,USA,FB,NA,17.93839835728953,mls,mKAqBBmqbg,FB,asa_live,TRUE,NA,mlspa_via_asa,0,NA,300,88622,TRUE,0,1,blended,2025+2026 season to date,300,-0.014489999999999998,0,-0.02355,0.00798,0.02822999999999999,-0.01368,-0.013469999999999998,2026,88622,FC Dallas,0.11482828719990651,1,0.07172219146660434,0.07650367090010204,0,6.377551020408164,-0.025120000000785,10.204081632653061,0.008512000000266,14.285714285714286,0.03011200000094099,89.28571428571429,-0.014592000000455999,6.122448979591836,-0.014368000000448997,15.306122448979592,6.63265306122449,88622,5.882352941176471,6.153846153846154,336500,0.7503001200480188,FALSE,FALSE,NA,Low,41,59,Insufficient Evidence,Fullbacks and wingbacks,1.1.0,2026-07-25 22:12:49 UTC,NA,NA,NA,Performance data through: 2026-07-25 (updates every day) · MLSPA compensation as of: 2026-04-16,FALSE,2026-07-25 22:12:44 UTC
aDQ0lp9pQE,asa_aDQ0lp9pQE_mls_blended,David Vazquez,david vazquez,2006-02-22,USA,CM,NA,20.35318275154004,mls,zeQZBOzQKw,CM,asa_live,TRUE,NA,mlspa_via_asa,824,155880,228,155880,TRUE,0.5406824146981627,0.4593175853018373,blended,2025+2026 season to date,928.724409448819,0.12280242436800662,0.033032117695814336,-0.060338271860754245,0.10787080397845006,-0.019728864484044754,0.02522378781599668,0.036742851222544545,2026,155880,San Diego FC,0.13647524696350208,1,0.1281687896242892,0.13671337560351413,0.035234258876636365,86.47342995169082,-0.06436082332014914,4.3478260869565215,0.11506219091394242,98.55072463768116,-0.021044122116972035,9.66183574879227,0.026905373671237253,11.11111111111111,0.03919237463860561,99.51690821256038,38.64734299516908,155880,23.979591836734695,25.934065934065934,510300,14.667751158434388,TRUE,FALSE,73.19587628865979,Medium,29.75,70.25,Fair Value,Central and defensive midfielders,1.1.0,2026-07-25 22:12:49 UTC,27,27,116,Performance data through: 2026-07-25 (updates every day) · MLSPA compensation as of: 2026-04-16,FALSE,2026-07-25 22:12:44 UTC
aDQ0lryRQE,asa_aDQ0lryRQE_mls_blended,Mihail Gherasimencov,mihail gherasimencov,2005-03-25,USA,FB,NA,21.267624914442163,mls,lgpMOvnQzy,FB,asa_live,TRUE,NA,mlspa_via_asa,256,97748,0,NA,FALSE,1,0,blended,2025+2026 season to date,256,0.0374765625,0.01086328125,0.011671875,0.0045703125,0.01768359375,-4.5703125e-4,-0.00685546875,2026,97748,Vancouver Whitecaps FC,0.11482828719990651,1,0.09169506112142979,0.09780806519924828,0.01158750000036211,47.95918367346939,0.012450000000389063,47.95918367346939,0.004875000000152343,8.673469387755102,0.018862500000589453,78.57142857142857,-4.875000000152344e-4,8.673469387755102,-0.007312500000228515,25,19.387755102040817,97748,10.16042780748663,10.10989010989011,336500,9.227327294554186,FALSE,TRUE,NA,Low,49,51,Small-Sample Watchlist,Fullbacks and wingbacks,1.1.0,2026-07-25 22:12:49 UTC,NA,NA,NA,Performance data through: 2026-07-25 (updates every day) · MLSPA compensation as of: 2026-04-16,FALSE,2026-07-25 22:12:44 UTC
aDQ0x9bpQE,asa_aDQ0x9bpQE_mls_blended,Rayan Elloumi,rayan elloumi,2007-09-17,Canada,FW,NA,18.78713210130048,mls,lgpMOvnQzy,FW,asa_live,TRUE,NA,mlspa_via_asa,155,103671,346,103671,TRUE,0.18128654970760233,0.8187134502923976,blended,2025+2026 season to date,438.27485380116957,0.18454809857012472,0.06132801947064192,-0.09045330088226346,0.16661490721022207,0.009789351992698508,0.0337457255856404,0.0035233951931852745,2026,103671,Vancouver Whitecaps FC,0.21844855740004673,1,0.20413855212246357,0.21774778893743243,0.06541655410406232,54.60992907801418,-0.09648352094409612,7.801418439716312,0.17772256769645736,46.808510638297875,0.01044197545920472,80.85106382978724,0.03599544062580795,64.53900709219859,0.0037582882061817395,51.06382978723404,36.170212765957444,103671,14.285714285714286,12.087912087912088,540000,21.88449848024316,FALSE,TRUE,NA,Low,41,59,Small-Sample Watchlist,Strikers,1.1.0,2026-07-25 22:12:49 UTC,NA,NA,NA,Performance data through: 2026-07-25 (updates every day) · MLSPA compensation as of: 2026-04-16,FALSE,2026-07-25 22:12:44 UTC
e7Mz0EpXqr,asa_e7Mz0EpXqr_mls_blended,Kaick,kaick,2005-11-29,Brazil,CM,NA,20.58590006844627,mls,mKAqBBmqbg,CM,asa_live,TRUE,NA,mlspa_via_asa,1367,251900,2017,251900,TRUE,0.6613449443638123,0.3386550556361877,blended,2025+2026 season to date,2050.0672472181905,0.10561000436780833,0.016036763705887476,-0.007523300134632111,0.03246463766259652,0.012131472469495495,0.05616794115043898,-0.0036675104859780327,2026,251900,FC Dallas,0.13647524696350208,1,0.11259818384772757,0.12010472944132936,0.017105881286814534,53.14009661835749,-0.008024853477191694,20.77294685990338,0.03462894684118511,65.70048309178743,0.012940237301199578,70.53140096618357,0.05991247056234051,47.34299516908212,-0.003912011185165485,35.265700483091784,23.67149758454106,251900,32.6530612244898,33.07692307692308,510300,-8.981563639948735,TRUE,FALSE,48.45360824742268,High,20.75,79.25,Fair Value,Central and defensive midfielders,1.1.0,2026-07-25 22:12:49 UTC,51,51,221,Performance data through: 2026-07-25 (updates every day) · MLSPA compensation as of: 2026-04-16,FALSE,2026-07-25 22:12:44 UTC
e7Mz913GQr,asa_e7Mz913GQr_mls_blended,Aaron Long,aaron long,1992-10-12,USA,CB,NA,33.71663244353183,mls,eVq3ya6MWO,CB,asa_live,TRUE,NA,mlspa_via_asa,378,1050000,1422,1050000,TRUE,0.35064935064935066,0.6493506493506493,blended,2025+2026 season to date,1301.3766233766232,0.22129156196425634,0.008013045724618958,0.09938039266339446,0.0017705314576923969,0.0011399333035861032,0.11467533641765107,-0.003687677602686643,2026,1050000,Los Angeles FC,0.1396251547943452,1,0.19552084210817194,0.20855556492190078,0.00854724877319399,50.53191489361702,0.10600575217760011,97.87234042553192,0.001888566888264241,13.829787234042554,0.0012159288571965078,44.148936170212764,0.12232035884931698,84.57446808510639,-0.0039335227763220085,51.59574468085106,94.14893617021276,1050000,86.66666666666667,83.18681318681318,509583.5,7.482269503546092,FALSE,TRUE,NA,Low,41,59,Small-Sample Watchlist,Center backs,1.1.0,2026-07-25 22:12:49 UTC,NA,NA,NA,Performance data through: 2026-07-25 (updates every day) · MLSPA compensation as of: 2026-04-16,FALSE,2026-07-25 22:12:44 UTC
e7Mz9GBOQr,asa_e7Mz9GBOQr_mls_blended,Mikael Uhre,mikael uhre,1994-09-30,Denmark,FW,NA,30.751540041067763,mls,9z5k7Yg5A3,FW,asa_live,TRUE,NA,mlspa_via_asa,0,NA,1562,2240000,TRUE,0,1,blended,2025+2026 season to date,1562,0.2545640204865557,0.07693790012804097,-0.07640204865556978,0.2027131882202305,-0.00218950064020486,0.03458258642765684,0.01892189500640205,2026,2240000,Philadelphia Union,0.21844855740004673,1,0.24454122777059575,0.26084397629678685,0.08206709347247497,73.75886524822695,-0.08149551856848783,12.056737588652481,0.21622740077500296,63.12056737588652,-0.0023354673496248342,68.08510638297872,0.03688809219065338,67.37588652482269,0.02018335467412625,82.97872340425532,70.92198581560284,2240000,80.45112781954887,93.2967032967033,540000,-9.529142003946035,FALSE,FALSE,NA,Low,41,59,Insufficient Evidence,Strikers,1.1.0,2026-07-25 22:12:49 UTC,NA,NA,NA,Performance data through: 2026-07-25 (updates every day) · MLSPA compensation as of: 2026-04-16,FALSE,2026-07-25 22:12:44 UTC
e7Mz9NpeQr,asa_e7Mz9NpeQr_mls_blended,Harry Toffolo,harry toffolo,1995-08-19,England,FB,NA,30.86652977412731,mls,NPqxKXZ59d,FB,asa_live,TRUE,NA,mlspa_via_asa,997,1020000,435,1020000,TRUE,0.5875073659398939,0.41249263406010606,blended,2025+2026 season to date,1176.4342958161462,0.09782238432934387,0.010657671753398486,0.029163696584235864,0.02850161542681811,0.003483835571901731,0.029164245219759,-0.003148680226769345,2026,1020000,Charlotte FC,0.11482828719990651,1,0.10356621721208484,0.1104706316963427,0.011368183203980307,46.93877551020408,0.031107943024157043,69.89795918367346,0.03040172312288937,57.6530612244898,0.0037160912768113077,49.48979591836735,0.031108528235381742,22.959183673469386,-0.0033585922419922575,38.265306122448976,35.204081632653065,1020000,96.79144385026738,82.6923076923077,336500,-61.58736221761432,TRUE,FALSE,6.25,High,20.75,79.25,Below Expected Value by Current Model,Fullbacks and wingbacks,1.1.0,2026-07-25 22:12:49 UTC,76,76,400,Performance data through: 2026-07-25 (updates every day) · MLSPA compensation as of: 2026-04-16,FALSE,2026-07-25 22:12:44 UTC
e7Mz9PWjQr,asa_e7Mz9PWjQr_mls_blended,Keegan Rosenberry,keegan rosenberry,1993-12-11,USA,FB,NA,32.55304585900068,mls,pzeQZ6xQKw,FB,asa_live,TRUE,NA,mlspa_via_asa,507,300000,1204,300000,TRUE,0.420049710024855,0.579950289975145,blended,2025+2026 season to date,1205.2601491300745,0.11721970674938825,0.007583090884568696,0.034690950078033175,0.029269378239340282,-0.0020411745438430823,0.049142001117512185,-0.0014245390262229984,2026,300000,Colorado Rapids,0.11482828719990651,1,0.11642488959775474,0.12418654890815255,0.0080886302771260455,34.183673469387756,0.037003680084391755,76.0204081632653,0.031220670122938613,58.673469387755105,-0.0021772528468339937,33.16326530612245,0.0524181345269844,46.93877551020408,-0.0015195082946853496,45.40816326530612,51.53061224489796,300000,44.38502673796791,36.043956043956044,336500,7.145585506930047,TRUE,FALSE,71.25,Medium,29.75,70.25,Fair Value,Fullbacks and wingbacks,1.1.0,2026-07-25 22:12:49 UTC,24,24,124,Performance data through: 2026-07-25 (updates every day) · MLSPA compensation as of: 2026-04-16,FALSE,2026-07-25 22:12:44 UTC
e7Mz9eaOQr,asa_e7Mz9eaOQr_mls_blended,Rodrigo de Paul,rodrigo de paul,1994-05-24,Argentina,CM,NA,32.10403832991102,mls,zeQZkL1MKw,CM,asa_live,TRUE,NA,mlspa_via_asa,1345,9688320,1593,9688320,TRUE,0.6577017114914425,0.3422982885085575,blended,2025+2026 season to date,1890.281173594132,0.3096306134571022,0.03127057035901261,0.08849739615708702,0.060454060475460335,0.05606424378047601,0.06315984970922604,0.010184492975840197,2026,9688320,Inter Miami CF,0.13647524696350208,1,0.26791113976963304,0.2857718824298723,0.0333552750506558,85.5072463768116,0.09439722257050939,91.78743961352657,0.06448433117583949,87.43961352657004,0.05980186003437655,95.65217391304348,0.06737050635861311,60.38647342995169,0.010863459174569027,92.27053140096618,99.51690821256038,9688320,100,99.67032967032966,510300,-0.4830917874396192,TRUE,FALSE,56.70103092783505,High,20.75,79.25,Fair Value,Central and defensive midfielders,1.1.0,2026-07-25 22:12:49 UTC,43,43,186,Performance data through: 2026-07-25 (updates every day) · MLSPA compensation as of: 2026-04-16,FALSE,2026-07-25 22:12:44 UTC
e7MzAxyGQr,asa_e7MzAxyGQr_mls_blended,Henry Kessler,henry kessler,1998-06-25,USA,CB,NA,27.017111567419576,mls,wvq9B9wQWn,CB,asa_live,TRUE,NA,mlspa_via_asa,0,NA,1551,1333333,TRUE,0,1,blended,2025+2026 season to date,1551,0.2024274661508704,0.00511798839458413,0.03199613152804642,0.02082591876208897,7.195357833655705e-4,0.14317021276595743,5.97678916827853e-4,2026,1333333,St. Louis City SC,0.1396251547943452,1,0.18490938766927342,0.19723668018672197,0.005459187621060338,29.25531914893617,0.03412920696431605,23.404255319148938,0.02221431334692243,65.42553191489361,7.675048356139264e-4,42.02127659574468,0.1527148936217936,91.48936170212765,6.375241779696325e-4,85.63829787234043,87.76595744680851,1333333,95,87.6923076923077,509583.5,-7.234042553191486,FALSE,FALSE,NA,Low,41,59,Insufficient Evidence,Center backs,1.1.0,2026-07-25 22:12:49 UTC,NA,NA,NA,Performance data through: 2026-07-25 (updates every day) · MLSPA compensation as of: 2026-04-16,FALSE,2026-07-25 22:12:44 UTC
e7MzJPvGMr,asa_e7MzJPvGMr_mls_blended,Julián Aude,julian aude,2003-03-24,Argentina,FB,NA,23.27173169062286,mls,kaDQ0wRqEv,FB,asa_live,TRUE,NA,mlspa_via_asa,648,385000,1394,385000,TRUE,0.4807121661721068,0.5192878338278932,blended,2025+2026 season to date,1371.887240356083,0.12764773041734606,0.004046645436780773,0.02503980284304501,0.008869735279216985,0.021350358041457882,0.06504259565156309,0.0032985931652823267,2026,385000,LA Galaxy,0.11482828719990651,1,0.12374706826332008,0.13199687281833297,0.004316421799367713,22.959183673469386,0.026709123033416004,62.244897959183675,0.009461050964793775,15.816326530612244,0.02277371524493342,84.18367346938776,0.06937876869716872,70.40816326530613,0.0035184993764111015,81.12244897959184,62.755102040816325,385000,55.080213903743314,42.967032967032964,336500,7.674888137073012,TRUE,FALSE,72.5,Medium,29.75,70.25,Undervalued,Fullbacks and wingbacks,1.1.0,2026-07-25 22:12:49 UTC,23,23,119,Performance data through: 2026-07-25 (updates every day) · MLSPA compensation as of: 2026-04-16,FALSE,2026-07-25 22:12:44 UTC
e7MzJV2GMr,asa_e7MzJV2GMr_mls_blended,Nicolás Fernández,nicolas fernandez,2000-01-11,Argentina,FW,NA,26.469541409993155,mls,Vj58weDM8n,FW,asa_live,TRUE,NA,mlspa_via_asa,1563,3650000,1462,3650000,TRUE,0.6906760936809545,0.3093239063190455,blended,2025+2026 season to date,2015.2315510384446,0.26968794253357864,0.06280470701881756,0.027381369717933104,0.07616168929420107,0.0394980163251933,0.03499508116352214,0.028847079013911415,2026,3650000,New York City FC,0.21844855740004673,1,0.2579323367754913,0.27512782590245516,0.06699168748883222,56.737588652482266,0.029206794366708023,93.61702127659575,0.08123913524968653,12.76595744680851,0.04213121741485612,92.19858156028369,0.037328086575590114,68.08510638297872,0.030770217615800413,90.78014184397163,76.59574468085107,3650000,90.97744360902256,96.48351648351648,540000,-14.381698928171488,TRUE,FALSE,40.35087719298246,High,14,86,Fair Value,Strikers,1.1.0,2026-07-25 22:12:49 UTC,35,35,255,Performance data through: 2026-07-25 (updates every day) · MLSPA compensation as of: 2026-04-16,FALSE,2026-07-25 22:12:44 UTC
e7MzJVJ7Mr,asa_e7MzJVJ7Mr_mls_blended,Ted Ku-Dipietro,ted kudipietro,2002-01-28,USA,W,NA,24.421629021218344,mls,pzeQZ6xQKw,W,asa_live,TRUE,NA,mlspa_via_asa,121,556000,1274,556000,TRUE,0.15,0.85,blended,2025+2026 season to date,1203.8999999999999,0.24324962310416856,0.051120013428130315,-0.0028453711872543103,0.11555630376117389,0.014656967707617053,0.04940431581405606,0.015357393580445524,2026,556000,Colorado Rapids,0.19903356584128315,1,0.2285428021286537,0.2437789889448487,0.054528014325043,61.572052401746724,-0.0030350625998327766,51.96506550218341,0.12326005734910402,76.85589519650655,0.01563409888861342,50.21834061135371,0.052697936869973275,73.79912663755458,0.016381219819653806,84.71615720524018,75.10917030567686,556000,53.271028037383175,57.362637362637365,527437.5,21.83814226829368,FALSE,TRUE,NA,Low,41,59,Small-Sample Watchlist,Wingers and attacking midfielders,1.1.0,2026-07-25 22:12:49 UTC,NA,NA,NA,Performance data through: 2026-07-25 (updates every day) · MLSPA compensation as of: 2026-04-16,FALSE,2026-07-25 22:12:44 UTC
e7MzJWAPMr,asa_e7MzJWAPMr_mls_blended,Tristan Brown,tristan brown,2007-10-17,USA,FB,NA,17.7056810403833,mls,mvzqoLZQap,FB,asa_live,TRUE,NA,mlspa_via_asa,0,NA,76,84986,TRUE,0,1,blended,2025+2026 season to date,76,-0.04073684210526316,0.04239473684210526,-0.06927631578947369,0.028421052631578944,-0.02924999999999999,-0.01196052631578947,-0.00106578947368421,2026,84986,Columbus Crew,0.11482828719990651,1,0.09733871644962117,0.10382796421617387,0.04522105263299211,92.34693877551021,-0.07389473684441447,3.061224489795918,0.030315789474631576,57.142857142857146,-0.03120000000097499,8.16326530612245,-0.012757894737240786,6.63265306122449,-0.0011368421052986837,47.95918367346939,26.53061224489796,84986,2.6737967914438503,2.4175824175824174,336500,23.85681545345411,FALSE,FALSE,NA,Low,41,59,Insufficient Evidence,Fullbacks and wingbacks,1.1.0,2026-07-25 22:12:49 UTC,NA,NA,NA,Performance data through: 2026-07-25 (updates every day) · MLSPA compensation as of: 2026-04-16,FALSE,2026-07-25 22:12:44 UTC
e7MzZ63OMr,asa_e7MzZ63OMr_mls_blended,Bernard Kamungo,bernard kamungo,2002-01-01,Tanzania,FB,NA,24.49555099247091,mls,mKAqBBmqbg,FB,asa_live,TRUE,NA,mlspa_via_asa,619,281000,1997,281000,TRUE,0.46929492039423804,0.530705079605762,blended,2025+2026 season to date,1678.8180439727066,0.17300868247025578,0.029389843673774493,-0.011541805885477187,0.05160528396840902,0.03476390742292361,0.04796853012650135,0.020822923164124502,2026,281000,FC Dallas,0.11482828719990651,1,0.1576901109614251,0.16820278503077643,0.03134916658633912,86.22448979591837,-0.012311259611560392,19.897959183673468,0.0550456362346898,81.12244897959184,0.03708150125227731,91.83673469387755,0.05116643213653373,45.91836734693877,0.0222111180424269,98.9795918367347,87.75510204081633,281000,42.24598930481283,34.94505494505494,336500,45.509112736003495,TRUE,FALSE,93.75,Medium,29.75,70.25,Elite Value,Fullbacks and wingbacks,1.1.0,2026-07-25 22:12:49 UTC,6,6,30,Performance data through: 2026-07-25 (updates every day) · MLSPA compensation as of: 2026-04-16,FALSE,2026-07-25 22:12:44 UTC
e7MzZNxJMr,asa_e7MzZNxJMr_mls_blended,Preston Plambeck,preston plambeck,2005-12-20,USA,CM,NA,20.528405201916495,mls,zeQZkL1MKw,CM,asa_live,FALSE,NA,NA,93,NA,0,NA,FALSE,1,0,blended,2025+2026 season to date,93,0.4026774193548387,0.059225806451612906,0.18125806451612905,0.01761290322580645,0.07567741935483871,0.06890322580645161,0,2026,NA,Inter Miami CF,0.13647524696350208,1,0.17219934802034811,0.18367930456077797,0.06317419355036129,96.61835748792271,0.19334193548991294,99.03381642512078,0.018787096774780642,41.06280193236715,0.08072258064768387,97.58454106280193,0.07349677419584516,73.42995169082126,0,61.83574879227053,84.05797101449275,NA,NA,NA,510300,NA,FALSE,FALSE,NA,Insufficient,49,51,Insufficient Evidence,Central and defensive midfielders,1.1.0,2026-07-25 22:12:49 UTC,NA,NA,NA,Performance data through: 2026-07-25 (updates every day) · MLSPA compensation as of: 2026-04-16,FALSE,2026-07-25 22:12:44 UTC
e7MzZpaXMr,asa_e7MzZpaXMr_mls_blended,Josh Bauer,josh bauer,1998-07-22,USA,FB,NA,27.942505133470227,mls,vzqoOgNqap,FB,asa_live,TRUE,NA,mlspa_via_asa,467,253667,1178,253667,TRUE,0.4001713796058269,0.5998286203941732,blended,2025+2026 season to date,1173.5981148243359,0.05639760650485987,0.018132205253992426,4.779657910012631e-4,0.023276818798800628,-0.017823460093138562,0.03411920775485443,-0.0017851310006503096,2026,253667,Nashville SC,0.11482828719990651,1,0.07616443424559656,0.08124206319784182,0.019341018938196328,66.83673469387755,5.098301770839461e-4,30.102040816326532,0.024828606719496563,50,-0.01901169076660858,13.26530612244898,0.036393821606315366,27.040816326530614,-0.0019041397340865012,43.87755102040816,8.673469387755102,253667,40.106951871657756,33.2967032967033,336500,-31.433482483902655,TRUE,FALSE,25,Medium,29.75,70.25,Below Expected Value by Current Model,Fullbacks and wingbacks,1.1.0,2026-07-25 22:12:49 UTC,61,61,320,Performance data through: 2026-07-25 (updates every day) · MLSPA compensation as of: 2026-04-16,FALSE,2026-07-25 22:12:44 UTC
e7MzZprjMr,asa_e7MzZprjMr_mls_blended,William Agada,william agada,1999-09-17,Nigeria,FW,NA,25.78781656399726,mls,Z2vQ1xlqrA,FW,asa_live,TRUE,NA,mlspa_via_asa,0,NA,1480,546875,TRUE,0,1,blended,2025+2026 season to date,1480,0.13801013513513516,0.06869797297297296,-0.07238310810810811,0.20934729729729729,-0.06705000000000001,0.014466891891891891,-0.015068918918918912,2026,546875,Sporting Kansas City,0.21844855740004673,1,0.16121352617309043,0.17196109459000358,0.07327783784012776,65.95744680851064,-0.07720864865106142,20.56737588652482,0.22330378379076202,65.95744680851064,-0.07152000000223502,20.56737588652482,0.01543135135183358,20.56737588652482,-0.016073513514015803,3.5460992907801416,9.21985815602837,546875,51.8796992481203,56.043956043956044,540000,-42.65984109209194,FALSE,FALSE,NA,Low,41,59,Insufficient Evidence,Strikers,1.1.0,2026-07-25 22:12:49 UTC,NA,NA,NA,Performance data through: 2026-07-25 (updates every day) · MLSPA compensation as of: 2026-04-16,FALSE,2026-07-25 22:12:44 UTC
e7MzzmEeMr,asa_e7MzzmEeMr_mls_blended,Manu Duah,manu duah,2005-06-05,Ghana,CB,NA,21.07049965776865,mls,zeQZBOzQKw,CB,asa_live,TRUE,NA,mlspa_via_asa,1460,92025,1707,92025,TRUE,0.6759259259259259,0.32407407407407407,blended,2025+2026 season to date,2013.1944444444443,0.17961863893770746,0.0025377929115407124,0.07957547354032415,0.00266446006639328,0.0062898774653388,0.09933712165592659,-0.01078608670181605,2026,92025,San Diego FC,0.1396251547943452,1,0.17043597343149833,0.1817983716659461,0.0027069791057280196,19.148936170212767,0.08488050511233161,89.36170212765957,0.002842090737574981,16.48936170212766,0.006709202629904382,64.8936170212766,0.1059595964362996,80.31914893617021,-0.011505159148963323,27.127659574468087,81.38297872340425,92025,7.777777777777778,8.131868131868131,509583.5,73.60520094562648,TRUE,FALSE,100,High,20.75,79.25,Elite Value,Center backs,1.1.0,2026-07-25 22:12:49 UTC,1,1,4,Performance data through: 2026-07-25 (updates every day) · MLSPA compensation as of: 2026-04-16,FALSE,2026-07-25 22:12:44 UTC
eV5D0G2Z5K,asa_eV5D0G2Z5K_mls_blended,Alvas Powell,alvas powell,1994-07-18,Jamaica,CB,NA,31.953456536618756,mls,NWMWlBK5lz,CB,asa_live,TRUE,NA,mlspa_via_asa,209,325750,1142,325750,TRUE,0.2299229922992299,0.7700770077007701,blended,2025+2026 season to date,1088.4279427942795,0.15497260321478734,0.0074222746267621495,0.03656388826273171,0.005420072480102644,0.0100234086455931,0.0925253593660592,0.00301759983353852,2026,325750,FC Cincinnati,0.1396251547943452,1,0.14951873170575175,0.15948664715778582,0.007917092935460368,46.276595744680854,0.03900148081479928,32.97872340425532,0.005781410645623489,22.340425531914892,0.010691635888966754,80.85106382978724,0.098693716660214,76.06382978723404,0.003218773155875008,94.14893617021276,61.702127659574465,325750,35.55555555555556,38.68131868131868,509583.5,26.146572104018908,FALSE,TRUE,NA,Low,41,59,Small-Sample Watchlist,Center backs,1.1.0,2026-07-25 22:12:49 UTC,NA,NA,NA,Performance data through: 2026-07-25 (updates every day) · MLSPA compensation as of: 2026-04-16,FALSE,2026-07-25 22:12:44 UTC
eV5D0on95K,asa_eV5D0on95K_mls_blended,Kim Kee-hee,kim keehee,1989-07-13,South Korea,CB,NA,36.96646132785763,mls,jYQJ19EqGR,CB,asa_live,TRUE,NA,mlspa_via_asa,64,113400,1170,113400,TRUE,0.15,0.85,blended,2025+2026 season to date,1058.5,0.11131844951923077,0.005145769230769227,0.06143911057692307,0.004178701923076918,0.008350024038461535,0.03516574519230769,-0.002960901442307691,2026,113400,Seattle Sounders FC,0.1396251547943452,1,0.12155904232301049,0.1296629784819298,0.005488820512992034,29.78723404255319,0.06553505128409924,71.27659574468085,0.004457282051421336,21.27659574468085,0.008906692307970638,75,0.03751012820630039,17.02127659574468,-0.003158294871893567,54.787234042553195,28.19148936170213,113400,12.222222222222221,16.428571428571427,509583.5,15.969267139479907,FALSE,TRUE,NA,Low,41,59,Small-Sample Watchlist,Center backs,1.1.0,2026-07-25 22:12:49 UTC,NA,NA,NA,Performance data through: 2026-07-25 (updates every day) · MLSPA compensation as of: 2026-04-16,FALSE,2026-07-25 22:12:44 UTC
eV5D21BAQK,asa_eV5D21BAQK_mls_blended,Wyatt Meyer,wyatt meyer,2001-11-12,USA,CB,NA,24.632443531827516,mls,Z2vQ1xlqrA,CB,asa_live,TRUE,NA,mlspa_via_asa,1074,116550,264,116550,TRUE,0.6054114994363021,0.3945885005636979,blended,2025+2026 season to date,1178.1713641488163,0.08442354207235832,0.008524341498411392,0.0011357230706159661,0.009588961771036176,-0.009566977554576195,0.07574554166239622,-0.0010040483755252582,2026,116550,Sporting Kansas City,0.1396251547943452,1,0.10304996261931534,0.1099199601307047,0.009092630931922962,54.787234042553195,0.0012114379420282214,4.25531914893617,0.010228225889424887,33.51063829787234,-0.010204776058533507,16.48936170212766,0.08079524444241415,55.851063829787236,-0.001070984933927077,70.2127659574468,11.702127659574469,116550,14.444444444444445,19.12087912087912,509583.5,-2.742316784869976,TRUE,FALSE,50,High,20.75,79.25,Fair Value,Center backs,1.1.0,2026-07-25 22:12:49 UTC,49,49,214,Performance data through: 2026-07-25 (updates every day) · MLSPA compensation as of: 2026-04-16,FALSE,2026-07-25 22:12:44 UTC
eV5D2NgaQK,asa_eV5D2NgaQK_mls_blended,Philippe Ndinga Ossibadjouo,philippe ndinga ossibadjouo,2005-06-03,Congo,FB,NA,21.075975359342916,mls,9z5k7Yg5A3,FB,asa_live,TRUE,NA,mlspa_via_asa,272,332250,0,NA,FALSE,1,0,blended,2025+2026 season to date,272,-0.04605882352941175,0.01330147058823529,0.06640808823529411,0.01469117647058823,-0.18886764705882353,0.04341176470588236,0.00499632352941176,2026,332250,Philadelphia Union,0.11482828719990651,1,0.06464331688066963,0.06895287134153572,0.014188235294561024,57.142857142857146,0.07083529411986066,93.87755102040816,0.01567058823578382,31.632653061224488,-0.20145882353570735,1.0204081632653061,0.04630588235438824,36.224489795918366,0.005329411764872421,86.73469387755102,4.591836734693878,332250,49.19786096256684,39.010989010989015,336500,-44.606024227872965,FALSE,TRUE,NA,Low,49,51,Small-Sample Watchlist,Fullbacks and wingbacks,1.1.0,2026-07-25 22:12:49 UTC,NA,NA,NA,Performance data through: 2026-07-25 (updates every day) · MLSPA compensation as of: 2026-04-16,FALSE,2026-07-25 22:12:44 UTC
eV5D2RJAQK,asa_eV5D2RJAQK_mls_blended,Noel Caliskan,noel caliskan,2000-08-29,Germany,CM,NA,25.83709787816564,mls,a2lqR4JMr0,CM,asa_live,TRUE,NA,mlspa_via_asa,1461,113400,2287,113400,TRUE,0.6760758907913004,0.32392410920869963,blended,2025+2026 season to date,2201.814437760296,0.13758712757276254,0.01439820772379627,0.02850086469465969,0.018102337477972893,0.006281700462971294,0.06482524629178826,0.0054787709215741035,2026,113400,Real Salt Lake,0.13647524696350208,1,0.1373490217379987,0.14650562319177693,0.015358088239195962,49.27536231884058,0.030400922341920367,64.73429951690821,0.01930915997710783,42.99516908212561,0.006700480494045437,57.48792270531401,0.06914692938006832,65.70048309178743,0.005844022316528336,85.99033816425121,55.55555555555556,113400,15.051020408163266,16.428571428571427,510300,40.50453514739229,TRUE,FALSE,92.78350515463917,High,20.75,79.25,Undervalued,Central and defensive midfielders,1.1.0,2026-07-25 22:12:49 UTC,8,8,33,Performance data through: 2026-07-25 (updates every day) · MLSPA compensation as of: 2026-04-16,FALSE,2026-07-25 22:12:44 UTC
eV5D2XxAQK,asa_eV5D2XxAQK_mls_blended,Bibi Karamoko,bibi karamoko,2005-11-01,USA,FW,NA,19.66324435318275,mls,EKXMeX3Q64,FW,asa_live,TRUE,NA,mlspa_via_asa,0,NA,25,80622,TRUE,0,1,blended,2025+2026 season to date,25,0.06732,0,-0.085320000000000007,0.06336,0.09252,0,-0.0032399999999999994,2026,80622,D.C. United,0.21844855740004673,1,0.21240341510404484,0.22656364278472793,0,4.25531914893617,-0.09100800000284401,9.21985815602837,0.067584000002112,9.929078014184396,0.098688000003084,95.74468085106383,0,9.574468085106384,-0.0034560000001079994,17.73049645390071,46.09929078014184,80622,1.5037593984962405,1.043956043956044,540000,44.5955313816456,FALSE,FALSE,NA,Low,41,59,Insufficient Evidence,Strikers,1.1.0,2026-07-25 22:12:49 UTC,NA,NA,NA,Performance data through: 2026-07-25 (updates every day) · MLSPA compensation as of: 2026-04-16,FALSE,2026-07-25 22:12:44 UTC
eV5DB6nQKn,asa_eV5DB6nQKn_mls_blended,Eric Maxim Choupo-Moting,eric maxim choupomoting,1989-03-23,Cameroon,FW,NA,37.27310061601643,mls,a2lqRX2Mr0,FW,asa_live,TRUE,NA,mlspa_via_asa,245,3530667,3088,3530667,TRUE,0.25925925925925924,0.7407407407407407,blended,2025+2026 season to date,2532.4074074074074,0.141553047125586,0.04548613372810264,-0.07199418948926721,0.15169769306686404,-0.02493039723661485,0.018062583271650622,0.02323122378485072,2026,3530667,New York Red Bulls,0.21844855740004673,1,0.15628207185448062,0.16670087664998873,0.048518542644825684,35.46099290780142,-0.07679380212428483,22.69503546099291,0.16181087260971155,39.00709219858156,-0.026592423719886852,52.4822695035461,0.01926675549036275,29.078014184397162,0.024779972037948475,87.23404255319149,4.964539007092198,3530667,89.47368421052632,96.04395604395604,540000,-84.50914520343412,FALSE,TRUE,NA,Low,41,59,Small-Sample Watchlist,Strikers,1.1.0,2026-07-25 22:12:49 UTC,NA,NA,NA,Performance data through: 2026-07-25 (updates every day) · MLSPA compensation as of: 2026-04-16,FALSE,2026-07-25 22:12:44 UTC
eV5DL18a5K,asa_eV5DL18a5K_mls_blended,Jakob Glesnes,jakob glesnes,1994-03-25,Norway,CB,NA,32.26830937713895,mls,kaDQ0wRqEv,CB,asa_live,TRUE,NA,mlspa_via_asa,1065,1268503,3269,1268503,TRUE,0.603399433427762,0.39660056657223797,blended,2025+2026 season to date,2361.487252124646,0.1516041758921693,0.005439035250013643,0.0654895426779334,0.005762116092714025,0.0014719073587663996,0.08091511607451576,-0.007473541561773957,2026,1268503,LA Galaxy,0.1396251547943452,1,0.14917721536632605,0.15912236306238703,0.005801637600195853,32.97872340425532,0.06985551219197861,79.7872340425532,0.006146257165753698,23.404255319148938,0.0015700345160665563,45.744680851063826,0.08630945714884732,63.829787234042556,-0.00797177766614134,34.57446808510638,61.170212765957444,1268503,92.77777777777777,86.81318681318682,509583.5,-31.607565011820327,TRUE,FALSE,22.916666666666668,High,20.75,79.25,Below Expected Value by Current Model,Center backs,1.1.0,2026-07-25 22:12:49 UTC,75,75,328,Performance data through: 2026-07-25 (updates every day) · MLSPA compensation as of: 2026-04-16,FALSE,2026-07-25 22:12:44 UTC
eV5DL1xR5K,asa_eV5DL1xR5K_mls_blended,Sean Zawadzki,sean zawadzki,2000-04-21,USA,CB,NA,26.193018480492817,mls,mvzqoLZQap,CB,asa_live,TRUE,NA,mlspa_via_asa,1646,900500,3018,900500,TRUE,0.7016197783461211,0.2983802216538789,blended,2025+2026 season to date,2546.5115089514065,0.1430297244665002,0.006969200144402126,0.04424232101000137,0.008199574928942962,0.024715395605904213,0.059913391772129364,-0.0010101589948798236,2026,900500,Columbus Crew,0.1396251547943452,1,0.1423805160344059,0.15187255044144565,0.007433813487594574,43.08510638297872,0.047191809078809537,46.276595744680854,0.008746213257812479,27.659574468085108,0.026363088647121675,95.74468085106383,0.06390761789226844,38.829787234042556,-0.001077502927905484,69.68085106382979,50.53191489361702,900500,80,78.79120879120879,509583.5,-29.46808510638298,TRUE,FALSE,23.958333333333332,High,14,86,Below Expected Value by Current Model,Center backs,1.1.0,2026-07-25 22:12:49 UTC,74,74,324,Performance data through: 2026-07-25 (updates every day) · MLSPA compensation as of: 2026-04-16,FALSE,2026-07-25 22:12:44 UTC
eV5DL9aZ5K,asa_eV5DL9aZ5K_mls_blended,Luca Petrasso,luca petrasso,2000-06-16,Canada,FB,NA,26.039698836413415,mls,APk5LGOMOW,FB,asa_live,TRUE,NA,mlspa_via_asa,1432,134736,2997,134736,TRUE,0.6716697936210131,0.3283302063789869,blended,2025+2026 season to date,2416.005628517824,0.09405994737702054,0.007016484120142653,0.02810123021708387,0.01862721210891942,-7.663911566350537e-4,0.028402231969305143,0.0126791801182045,2026,134736,CF Montréal,0.11482828719990651,1,0.09819157225726169,0.10473767707768553,0.007484249728386045,32.6530612244898,0.02997464556582617,67.85714285714286,0.019869026250134952,38.265306122448976,-8.174839004362703e-4,38.775510204081634,0.030295714101538893,22.448979591836736,0.013524458793174106,93.87755102040816,28.06122448979592,134736,31.016042780748663,23.626373626373628,336500,-2.954818290952744,TRUE,FALSE,60,High,20.75,79.25,Fair Value,Fullbacks and wingbacks,1.1.0,2026-07-25 22:12:49 UTC,33,33,172,Performance data through: 2026-07-25 (updates every day) · MLSPA compensation as of: 2026-04-16,FALSE,2026-07-25 22:12:44 UTC
eV5DLDVJ5K,asa_eV5DLDVJ5K_mls_blended,Eryk Williamson,eryk williamson,1997-06-11,USA,CM,NA,28.05475701574264,mls,NPqxKXZ59d,CM,asa_live,TRUE,NA,mlspa_via_asa,0,NA,838,775000,TRUE,0,1,blended,2025+2026 season to date,838,0.00613245823389021,0.00563842482100238,-0.00731384248210023,0.03500119331742243,-0.02594749403341289,0.0363436754176611,-0.03758949880668257,2026,775000,Charlotte FC,0.13647524696350208,1,0.06051748830187847,0.06455198752402094,0.006014319809257153,21.256038647342994,-0.007801431981150706,21.73913043478261,0.0373346062064173,68.59903381642512,-0.027677326969838663,6.763285024154589,0.038766587113383294,17.8743961352657,-0.04009546539504772,3.3816425120772946,0.4830917874396135,775000,75,72.36263736263736,510300,-74.51690821256038,FALSE,FALSE,NA,Low,41,59,Insufficient Evidence,Central and defensive midfielders,1.1.0,2026-07-25 22:12:49 UTC,NA,NA,NA,Performance data through: 2026-07-25 (updates every day) · MLSPA compensation as of: 2026-04-16,FALSE,2026-07-25 22:12:44 UTC
eV5DLKnn5K,asa_eV5DLKnn5K_mls_blended,Lachlan Brook,lachlan brook,2001-02-08,Australia,W,NA,24.39151266255989,mls,a2lqR4JMr0,W,asa_live,TRUE,NA,mlspa_via_asa,0,NA,133,274883,TRUE,0,1,blended,2025+2026 season to date,133,0.14657142857142855,0.05217293233082706,-0.01089473684210526,0.04290225563909774,0.04818045112781955,0.01468421052631579,-4.7368421052631577e-4,2026,274883,Real Salt Lake,0.19903356584128315,1,0.1895145150133286,0.20214881602053433,0.05565112782128796,63.75545851528384,-0.0116210526319421,44.10480349344978,0.045762406016467666,14.847161572052402,0.05139248120461354,76.85589519650655,0.015663157895226314,17.03056768558952,-5.052631579105263e-4,32.751091703056765,41.92139737991266,274883,32.242990654205606,34.505494505494504,527437.5,9.678406725707056,FALSE,FALSE,NA,Low,41,59,Insufficient Evidence,Wingers and attacking midfielders,1.1.0,2026-07-25 22:12:49 UTC,NA,NA,NA,Performance data through: 2026-07-25 (updates every day) · MLSPA compensation as of: 2026-04-16,FALSE,2026-07-25 22:12:44 UTC
eV5DLNDm5K,asa_eV5DLNDm5K_mls_blended,Brenner,brenner,2000-01-16,Brazil,FW,NA,25.45653661875428,mls,NWMWlBK5lz,FW,asa_live,TRUE,NA,mlspa_via_asa,0,NA,959,280120,TRUE,0,1,blended,2025+2026 season to date,959,0.2586913451511992,0.06532742440041711,-0.00309697601668404,0.18616579770594371,0.00128571428571428,0.02303962460896767,-0.01403023983315954,2026,280120,FC Cincinnati,0.21844855740004673,1,0.24320342170623993,0.25941698316142936,0.06968258602928916,61.702127659574465,-0.0033034410845662085,82.97872340425532,0.19857685089254548,54.60992907801418,0.0013714285714714225,72.34042553191489,0.024575599583666834,43.262411347517734,-0.01496558915583785,4.25531914893617,70.2127659574468,280120,36.090225563909776,34.72527472527472,540000,34.12254039353703,FALSE,FALSE,NA,Low,41,59,Insufficient Evidence,Strikers,1.1.0,2026-07-25 22:12:49 UTC,NA,NA,NA,Performance data through: 2026-07-25 (updates every day) · MLSPA compensation as of: 2026-04-16,FALSE,2026-07-25 22:12:44 UTC
eV5DLWdm5K,asa_eV5DLWdm5K_mls_blended,Ronald Hernández,ronald hernandez,1997-09-21,Venezuela,FB,NA,28.774811772758383,mls,KAqBN0Vqbg,FB,asa_live,TRUE,NA,mlspa_via_asa,202,159000,1447,159000,TRUE,0.22394678492239467,0.7760532150776054,blended,2025+2026 season to date,1324.949002217295,0.0970838917432964,0.004812388043463264,0.027928317169708096,0.018641987321425017,-0.0056850583131702985,0.055512285529967204,-0.004126028008096879,2026,159000,Atlanta United FC,0.11482828719990651,1,0.10261475893079203,0.10945574286293198,0.005133213913187894,24.489795918367346,0.029790204981952912,66.83673469387755,0.019884786476808084,38.775510204081634,-0.006064062200904487,26.020408163265305,0.05921310456714876,55.10204081632653,-0.004401096542107539,35.204081632653065,32.142857142857146,159000,33.155080213903744,26.483516483516482,336500,-1.0122230710465985,FALSE,TRUE,NA,Low,41,59,Small-Sample Watchlist,Fullbacks and wingbacks,1.1.0,2026-07-25 22:12:49 UTC,NA,NA,NA,Performance data through: 2026-07-25 (updates every day) · MLSPA compensation as of: 2026-04-16,FALSE,2026-07-25 22:12:44 UTC
eV5DLY8A5K,asa_eV5DLY8A5K_mls_blended,Mason Toye,mason toye,1998-10-16,USA,FW,NA,26.70773442847365,mls,Z2vQ1xlqrA,FW,asa_live,TRUE,NA,mlspa_via_asa,0,NA,639,392500,TRUE,0,1,blended,2025+2026 season to date,639,0.2547183098591549,0.06426760563380282,-0.04366197183098591,0.20326760563380283,0.00908450704225352,0.02671830985915493,-0.00495774647887323,2026,392500,Sporting Kansas City,0.21844855740004673,1,0.2371542650847684,0.2529645494316581,0.06855211267819859,59.57446808510638,-0.046572769954507036,48.93617021276596,0.2168187793494986,63.829787234042556,0.009690140845373238,80.1418439716312,0.028499530517322534,48.93617021276596,-0.00528826291096337,10.638297872340425,65.2482269503546,392500,42.10526315789474,43.79120879120879,540000,23.142963792459867,FALSE,FALSE,NA,Low,41,59,Insufficient Evidence,Strikers,1.1.0,2026-07-25 22:12:49 UTC,NA,NA,NA,Performance data through: 2026-07-25 (updates every day) · MLSPA compensation as of: 2026-04-16,FALSE,2026-07-25 22:12:44 UTC
eV5DLYJa5K,asa_eV5DLYJa5K_mls_blended,Akil Watts,akil watts,2000-02-04,USA,FB,NA,25.404517453798768,mls,wvq9B9wQWn,FB,asa_live,TRUE,NA,mlspa_via_asa,0,NA,1617,104000,TRUE,0,1,blended,2025+2026 season to date,1617,0.12719109461966605,0.02198515769944341,0.00933395176252319,0.03889981447124304,-0.01628014842300556,0.07270686456400742,5.454545454545455e-4,2026,104000,St. Louis City SC,0.11482828719990651,1,0.12384527393772841,0.13210162553770516,0.023450834880139142,76.53061224489795,0.009956215213669201,42.857142857142854,0.04149313543728924,71.42857142857143,-0.0173654916517486,14.795918367346939,0.07755398887069814,79.08163265306122,5.818181818363637e-4,64.28571428571429,63.265306122448976,104000,14.171122994652407,12.967032967032967,336500,49.09418312779657,FALSE,FALSE,NA,Low,41,59,Insufficient Evidence,Fullbacks and wingbacks,1.1.0,2026-07-25 22:12:49 UTC,NA,NA,NA,Performance data through: 2026-07-25 (updates every day) · MLSPA compensation as of: 2026-04-16,FALSE,2026-07-25 22:12:44 UTC
eV5DLnOY5K,asa_eV5DLnOY5K_mls_blended,Jeisson Palacios,jeisson palacios,1994-03-20,Colombia,CB,NA,32.28199863107461,mls,vzqoOgNqap,CB,asa_live,TRUE,NA,mlspa_via_asa,1224,1097500,2270,1097500,TRUE,0.6361746361746362,0.3638253638253638,blended,2025+2026 season to date,2049.8835758835758,0.17852757883264492,0.014218210501250142,0.07979464359310175,0.016713864745803067,0.0070050097539084265,0.05250721926602983,0.008288630972551676,2026,1097500,Nashville SC,0.1396251547943452,1,0.16971909583535066,0.18103370223003135,0.015166091201807425,77.65957446808511,0.08511428650196835,89.8936170212766,0.0178281223960804,54.255319148936174,0.007472010404402488,65.95744680851064,0.05600770055218206,32.97872340425532,0.008841206370998075,97.87234042553192,80.85106382978724,1097500,88.88888888888889,84.50549450549451,509583.5,-8.03782505910165,TRUE,FALSE,40.625,High,20.75,79.25,Fair Value,Center backs,1.1.0,2026-07-25 22:12:49 UTC,58,58,254,Performance data through: 2026-07-25 (updates every day) · MLSPA compensation as of: 2026-04-16,FALSE,2026-07-25 22:12:44 UTC
eV5DRabAQK,asa_eV5DRabAQK_mls_blended,Micah Chisholm,micah chisholm,2004-11-19,Canada,CB,NA,21.61259411362081,mls,kRQabn8MKZ,CB,asa_live,FALSE,NA,NA,85,NA,0,NA,FALSE,1,0,blended,2025+2026 season to date,85,0.15734117647058823,0,-0.00105882352941176,-0.00105882352941176,0.0077294117647058805,0.19069411764705876,-0.03896470588235293,2026,NA,Toronto FC,0.1396251547943452,1,0.14182349325052135,0.15127839280528355,0,7.180851063829787,-0.0011294117647411715,2.6595744680851063,-0.0011294117647411715,2.127659574468085,0.008244705882610587,71.27659574468085,0.20340705882988583,96.80851063829788,-0.04156235294247528,5.851063829787234,50,NA,NA,NA,509583.5,NA,FALSE,FALSE,NA,Insufficient,49,51,Insufficient Evidence,Center backs,1.1.0,2026-07-25 22:12:49 UTC,NA,NA,NA,Performance data through: 2026-07-25 (updates every day) · MLSPA compensation as of: 2026-04-16,FALSE,2026-07-25 22:12:44 UTC
eV5DkvNOMK,asa_eV5DkvNOMK_mls_blended,Stuart Hawkins,stuart hawkins,2006-09-18,USA,CB,NA,19.78370978781657,mls,jYQJ19EqGR,CB,asa_live,TRUE,NA,mlspa_via_asa,120,125421,152,125421,TRUE,0.15,0.85,blended,2025+2026 season to date,249.2,0.23619493421052634,0.031119868421052625,0.04211585526315789,0.07304388157894737,4.648026315789421e-4,0.09067677631578946,-0.00122625,2026,125421,Seattle Sounders FC,0.1396251547943452,1,0.1679638135679113,0.17916140114470416,0.033194526316826796,96.80851063829788,0.04492357894877228,43.61702127659574,0.07791347368664532,96.80851063829788,4.957894736996983e-4,40.42553191489362,0.09672189473986466,73.93617021276596,-0.001308000000040875,68.08510638297872,78.72340425531915,125421,17.77777777777778,22.197802197802197,509583.5,60.945626477541374,FALSE,TRUE,NA,Low,41,59,Small-Sample Watchlist,Center backs,1.1.0,2026-07-25 22:12:49 UTC,NA,NA,NA,Performance data through: 2026-07-25 (updates every day) · MLSPA compensation as of: 2026-04-16,FALSE,2026-07-25 22:12:44 UTC
eV5DkwDaMK,asa_eV5DkwDaMK_mls_blended,Jack Neeley,jack neeley,2005-03-11,USA,FB,NA,20.306639288158795,mls,NPqxKXZ59d,FB,asa_live,TRUE,NA,mlspa_via_asa,0,NA,7,106000,TRUE,0,1,blended,2025+2026 season to date,7,0.2687142857142857,0,0.0642857142857143,-0.0025714285714285696,0,0.207,0,2026,106000,Charlotte FC,0.11482828719990651,1,0.116602919802214,0.12437644779291503,0,6.377551020408164,0.06857142857357143,93.36734693877551,-0.002742857142942855,1.0204081632653061,0,42.3469387755102,0.22080000000689998,98.46938775510205,0,59.94897959183673,52.04081632653061,106000,16.577540106951872,14.395604395604396,336500,35.46327621957874,FALSE,FALSE,NA,Low,41,59,Insufficient Evidence,Fullbacks and wingbacks,1.1.0,2026-07-25 22:12:49 UTC,NA,NA,NA,Performance data through: 2026-07-25 (updates every day) · MLSPA compensation as of: 2026-04-16,FALSE,2026-07-25 22:12:44 UTC
eV5DkxpAMK,asa_eV5DkxpAMK_mls_blended,Nariman Akhundzade,nariman akhundzade,2004-04-23,Azerbaijan,W,NA,22.187542778918548,mls,mvzqoLZQap,W,asa_live,TRUE,NA,mlspa_via_asa,171,633389,0,NA,FALSE,1,0,blended,2025+2026 season to date,171,0.0706842105263158,0.04157894736842105,-0.060631578947368425,0.06542105263157895,0.02510526315789473,0.00205263157894736,-0.00284210526315789,2026,633389,Columbus Crew,0.19903356584128315,1,0.17056697730839154,0.18193810913463654,0.044350877194368414,47.161572052401745,-0.06467368421254738,11.353711790393014,0.06978245614253158,34.49781659388646,0.02677894736925789,61.1353711790393,0.0021894736842789386,10.91703056768559,-0.003031578947463153,20.087336244541486,24.017467248908297,633389,58.41121495327103,62.857142857142854,527437.5,-34.39374770436273,FALSE,TRUE,NA,Low,49,51,Small-Sample Watchlist,Wingers and attacking midfielders,1.1.0,2026-07-25 22:12:49 UTC,NA,NA,NA,Performance data through: 2026-07-25 (updates every day) · MLSPA compensation as of: 2026-04-16,FALSE,2026-07-25 22:12:44 UTC
eV5Dky89MK,asa_eV5Dky89MK_mls_blended,Nelson Palacio,nelson palacio,2001-06-16,Colombia,CM,NA,24.041067761806985,mls,a2lqR4JMr0,CM,asa_live,TRUE,NA,mlspa_via_asa,0,NA,689,423167,TRUE,0,1,blended,2025+2026 season to date,689,0.08413497822931786,0.02382583454281567,0.03677068214804063,0.00595645863570391,0.00633526850507982,0.051896952104499273,-0.04065021770682148,2026,423167,Real Salt Lake,0.13647524696350208,1,0.10849817546788304,0.11573138716935852,0.02541422351313091,72.94685990338164,0.03922206095913569,74.39613526570048,0.0063535558782827194,10.144927536231885,0.006757619738962983,57.971014492753625,0.05535674891319579,41.54589371980676,-0.043360232221964584,2.4154589371980677,20.77294685990338,423167,44.38775510204081,45.824175824175825,510300,-23.614808242137432,FALSE,FALSE,NA,Low,41,59,Insufficient Evidence,Central and defensive midfielders,1.1.0,2026-07-25 22:12:49 UTC,NA,NA,NA,Performance data through: 2026-07-25 (updates every day) · MLSPA compensation as of: 2026-04-16,FALSE,2026-07-25 22:12:44 UTC
eV5DpPa5Kn,asa_eV5DpPa5Kn_mls_blended,Robert Lewandowski,robert lewandowski,1988-08-21,Poland,FW,NA,37.8590006844627,mls,X0Oq66zq6D,FW,asa_live,FALSE,NA,NA,67,NA,0,NA,FALSE,1,0,blended,2025+2026 season to date,67,2.6865671641790415e-4,0.05601492537313433,-0.02270149253731343,0.19061194029850745,-0.20202985074626867,-0.01356716417910447,-0.00805970149253731,2026,NA,Chicago Fire FC,0.21844855740004673,1,0.19653243544232088,0.20963459781169336,0.059749253733210446,50.354609929078016,-0.02421492537389104,73.04964539007092,0.20331940299142834,57.4468085106383,-0.2154985074694209,3.5460992907801416,-0.014471641791497007,2.127659574468085,-0.008597014925641787,7.092198581560283,32.6241134751773,NA,NA,NA,540000,NA,FALSE,FALSE,NA,Insufficient,49,51,Insufficient Evidence,Strikers,1.1.0,2026-07-25 22:12:49 UTC,NA,NA,NA,Performance data through: 2026-07-25 (updates every day) · MLSPA compensation as of: 2026-04-16,FALSE,2026-07-25 22:12:44 UTC
eV5Dz67ZQK,asa_eV5Dz67ZQK_mls_blended,Jovan Lukić,jovan lukic,2002-01-20,Serbia,CM,NA,24.4435318275154,mls,9z5k7Yg5A3,CM,asa_live,TRUE,NA,mlspa_via_asa,1278,441375,3188,441375,TRUE,0.6461071789686552,0.3538928210313448,blended,2025+2026 season to date,2406.210313447927,0.1277195651539583,0.014169645269863095,0.026066714410586715,0.013540619334638359,0.011076998171860348,0.06859234896280669,-0.005726760995796925,2026,441375,Philadelphia Union,0.13647524696350208,1,0.12946708396933385,0.13809822290493834,0.01511428828832629,47.82608695652174,0.027804495372161387,60.38647342995169,0.01444332729073227,28.502415458937197,0.01181546471702027,67.6328502415459,0.07316517222928022,72.94685990338164,-0.0061085450623742784,27.536231884057973,41.54589371980676,441375,45.91836734693877,47.8021978021978,510300,-4.37247362713201,TRUE,FALSE,52.577319587628864,High,20.75,79.25,Fair Value,Central and defensive midfielders,1.1.0,2026-07-25 22:12:49 UTC,47,47,204,Performance data through: 2026-07-25 (updates every day) · MLSPA compensation as of: 2026-04-16,FALSE,2026-07-25 22:12:44 UTC
eV5DzBzEQK,asa_eV5DzBzEQK_mls_blended,Jackson Castro,jackson castro,2002-12-24,USA,CM,NA,22.518822724161534,mls,lgpMOvnQzy,CM,asa_live,FALSE,NA,NA,0,NA,8,NA,TRUE,0,1,blended,2025+2026 season to date,8,-0.31275,0,-0.131625,-0.005625,-0.1755,0,0,2026,NA,Vancouver Whitecaps FC,0.13647524696350208,1,0.13056438845082444,0.13926868101856488,0,6.280193236714976,-0.1404000000043875,1.4492753623188406,-0.0060000000001874994,1.932367149758454,-0.18720000000585,0.4830917874396135,0,4.106280193236715,0,61.83574879227053,43.47826086956522,NA,NA,NA,510300,NA,FALSE,FALSE,NA,Insufficient,41,59,Insufficient Evidence,Central and defensive midfielders,1.1.0,2026-07-25 22:12:49 UTC,NA,NA,NA,Performance data through: 2026-07-25 (updates every day) · MLSPA compensation as of: 2026-04-16,FALSE,2026-07-25 22:12:44 UTC
eV5DzD0ZQK,asa_eV5DzD0ZQK_mls_blended,Dennis Gjengaar,dennis gjengaar,2004-02-24,Norway,W,NA,21.349760438056126,mls,a2lqRX2Mr0,W,asa_live,TRUE,NA,mlspa_via_asa,0,NA,886,418769,TRUE,0,1,blended,2025+2026 season to date,886,0.2305970654627539,0.04373024830699774,-0.013479683972911959,0.14190744920993228,-0.02950902934537246,0.08911625282167042,-0.00116817155756207,2026,418769,New York Red Bulls,0.19903356584128315,1,0.2178527183746769,0.23237623294025045,0.0466455981955886,49.34497816593886,-0.014378329571555411,40.61135371179039,0.151367945828658,85.58951965065502,-0.03147629796938092,13.100436681222707,0.09505733634608565,95.19650655021834,-0.0012460496614384803,26.637554585152838,69.86899563318778,418769,40.654205607476634,45.38461538461539,527437.5,29.214790025711146,FALSE,FALSE,NA,Low,41,59,Insufficient Evidence,Wingers and attacking midfielders,1.1.0,2026-07-25 22:12:49 UTC,NA,NA,NA,Performance data through: 2026-07-25 (updates every day) · MLSPA compensation as of: 2026-04-16,FALSE,2026-07-25 22:12:44 UTC
eV5DzXvnQK,asa_eV5DzXvnQK_mls_blended,Brayan Vera,brayan vera,1999-01-15,Colombia,CB,NA,27.457905544147845,mls,APk5LGOMOW,CB,asa_live,TRUE,NA,mlspa_via_asa,1346,748000,2342,748000,TRUE,0.6578690127077224,0.34213098729227764,blended,2025+2026 season to date,2147.2707722385144,0.16044026084931295,0.016068899930129638,0.05457075061793941,0.014066885209773835,-0.0015800541432617636,0.09272326081675686,-0.015409481582025038,2026,748000,CF Montréal,0.1396251547943452,1,0.15589427151357507,0.16628722295300988,0.01714015992600724,82.44680851063829,0.05820880066095439,65.42553191489361,0.015004677557560986,45.744680851063826,-0.0016853910861985497,31.382978723404257,0.09890481154096475,77.12765957446808,-0.01643678035467369,17.02127659574468,68.08510638297872,748000,67.22222222222223,70.65934065934066,509583.5,0.8628841607564937,TRUE,FALSE,58.333333333333336,High,20.75,79.25,Fair Value,Center backs,1.1.0,2026-07-25 22:12:49 UTC,41,41,179,Performance data through: 2026-07-25 (updates every day) · MLSPA compensation as of: 2026-04-16,FALSE,2026-07-25 22:12:44 UTC
eV5DzeZaQK,asa_eV5DzeZaQK_mls_blended,Léo Chú,leo chu,2000-04-06,Brazil,W,NA,25.234770704996578,mls,mKAqBBmqbg,W,asa_live,TRUE,NA,mlspa_via_asa,0,NA,233,600000,TRUE,0,1,blended,2025+2026 season to date,233,0.16424034334763946,0.0532274678111588,-0.02344635193133047,0.28085407725321887,-0.16953218884120172,0.02723175965665236,-0.00409442060085836,2026,600000,FC Dallas,0.19903356584128315,1,0.18930148800092422,0.2019215872072959,0.0567759656670103,66.37554585152839,-0.025009442060867377,33.18777292576419,0.29957768241279525,97.81659388646288,-0.18083433476959956,3.930131004366812,0.029047210301336907,31.441048034934497,-0.004367381974385398,15.283842794759826,41.48471615720524,600000,54.67289719626168,59.89010989010989,527437.5,-13.188181039056438,FALSE,FALSE,NA,Low,41,59,Insufficient Evidence,Wingers and attacking midfielders,1.1.0,2026-07-25 22:12:49 UTC,NA,NA,NA,Performance data through: 2026-07-25 (updates every day) · MLSPA compensation as of: 2026-04-16,FALSE,2026-07-25 22:12:44 UTC
eV5Dzm8EQK,asa_eV5Dzm8EQK_mls_blended,Kenny Nielsen,kenny nielsen,2002-02-13,USA,CB,NA,24.37782340862423,mls,eVq3ya6MWO,CB,asa_live,TRUE,NA,mlspa_via_asa,203,88025,112,88025,TRUE,0.2248062015503876,0.7751937984496124,blended,2025+2026 season to date,289.82170542635663,0.3044775747508306,0.02634966777408637,0.08107475083056478,0.051921926910299,0.014636212624584713,0.13530149501661132,-0.004806478405315609,2026,88025,Los Angeles FC,0.1396251547943452,1,0.1933188433210348,0.20620676621554773,0.02810631229323712,94.14893617021276,0.0864797342219716,92.02127659574468,0.05538338870604967,91.48936170212765,0.015611960133378235,89.36170212765957,0.14432159468889547,90.42553191489361,-0.005126910299163532,46.276595744680854,92.02127659574468,88025,3.611111111111111,4.34065934065934,509583.5,88.41016548463357,FALSE,TRUE,NA,Low,41,59,Small-Sample Watchlist,Center backs,1.1.0,2026-07-25 22:12:49 UTC,NA,NA,NA,Performance data through: 2026-07-25 (updates every day) · MLSPA compensation as of: 2026-04-16,FALSE,2026-07-25 22:12:44 UTC
eV5Dzr7EQK,asa_eV5Dzr7EQK_mls_blended,CJ Fodrey,cj fodrey,2004-02-10,USA,FW,NA,22.38740588637919,mls,gpMOLwl5zy,FW,asa_live,TRUE,NA,mlspa_via_asa,312,120000,521,120000,TRUE,0.308300395256917,0.691699604743083,blended,2025+2026 season to date,672.3754940711462,0.24796987588477612,0.05282210973121012,-0.028226487523992323,0.1754766316675897,0.02773213378043137,0.021903621038896006,-0.0017381328093587064,2026,120000,Austin FC,0.21844855740004673,1,0.2340488351437579,0.24965209082781006,0.05634358371505153,44.680851063829785,-0.030108253359866027,66.66666666666667,0.18717507378461157,49.645390070921984,0.0295809427000512,89.36170212765957,0.023363862442219194,36.170212765957444,-0.001854008330040558,21.98581560283688,63.12056737588652,120000,24.81203007518797,20.54945054945055,540000,38.30853730069855,FALSE,TRUE,NA,Low,41,59,Small-Sample Watchlist,Strikers,1.1.0,2026-07-25 22:12:49 UTC,NA,NA,NA,Performance data through: 2026-07-25 (updates every day) · MLSPA compensation as of: 2026-04-16,FALSE,2026-07-25 22:12:44 UTC
eVq3alzDMW,asa_eVq3alzDMW_mls_blended,Mikkel Desler,mikkel desler,1995-02-19,Denmark,FB,NA,31.362080766598226,mls,gpMOLwl5zy,FB,asa_live,TRUE,NA,mlspa_via_asa,631,550000,1631,550000,TRUE,0.4740796393688956,0.5259203606311045,blended,2025+2026 season to date,1488.7761081893314,0.12538751721091307,0.0158506947243513,0.024267493865337303,0.0210111923333645,-0.0013664417021633359,0.07051022013846119,-0.004885642148437876,2026,550000,Austin FC,0.11482828719990651,1,0.12235438312738703,0.13051134200662465,0.016907407706503078,63.265306122448976,0.02588532679050204,61.734693877551024,0.02241193848962251,44.89795918367347,-0.0014575378156864397,36.224489795918366,0.0752109014833756,76.53061224489795,-0.005211351625163256,32.142857142857146,60.714285714285715,550000,72.99465240641712,56.64835164835165,336500,-12.280366692131402,TRUE,FALSE,51.25,Medium,29.75,70.25,Fair Value,Fullbacks and wingbacks,1.1.0,2026-07-25 22:12:49 UTC,40,40,209,Performance data through: 2026-07-25 (updates every day) · MLSPA compensation as of: 2026-04-16,FALSE,2026-07-25 22:12:44 UTC
eVq3eJOwMW,asa_eVq3eJOwMW_mls_blended,Kevin Pierre,kevin pierre,2003-06-21,USA,CM,NA,23.028062970568104,mls,Vj58weDM8n,CM,asa_live,TRUE,NA,mlspa_via_asa,34,90226,0,NA,FALSE,1,0,blended,2025+2026 season to date,34,0.03758823529411764,0,-0.09714705882352942,0.00555882352941176,0.0481764705882353,0.07279411764705883,0.00820588235294117,2026,90226,New York City FC,0.13647524696350208,1,0.13117215800962342,0.13991696854797073,0,6.280193236714976,-0.10362352941500295,1.932367149758454,0.005929411764891171,9.66183574879227,0.05138823529572353,94.68599033816425,0.07764705882595589,76.81159420289855,0.00875294117674411,90.33816425120773,43.96135265700483,90226,5.612244897959184,7.362637362637362,510300,38.349107759045644,FALSE,TRUE,NA,Low,49,51,Small-Sample Watchlist,Central and defensive midfielders,1.1.0,2026-07-25 22:12:49 UTC,NA,NA,NA,Performance data through: 2026-07-25 (updates every day) · MLSPA compensation as of: 2026-04-16,FALSE,2026-07-25 22:12:44 UTC
eVq3ejEvMW,asa_eVq3ejEvMW_mls_blended,Seymour Reid,seymour reid,2008-03-04,Jamaica,FW,NA,18.324435318275153,mls,Vj58weDM8n,FW,asa_live,TRUE,NA,mlspa_via_asa,134,102840,125,102840,TRUE,0.1606714628297362,0.8393285371702638,blended,2025+2026 season to date,238.91606714628296,0.2419187050359712,0.052948920863309344,0.08135611510791367,0.27037985611510795,-0.20659208633093523,0.03768129496402878,0.006144604316546761,2026,102840,New York City FC,0.21844855740004673,1,0.22513265320904968,0.24014149676382407,0.056478848922628264,45.39007092198582,0.08677985611781978,97.87234042553192,0.2884051798651278,86.52482269503547,-0.2203648920932173,2.8368794326241136,0.04019338129622007,75.88652482269504,0.006554244604521365,59.57446808510638,57.4468085106383,102840,13.533834586466165,11.868131868131869,540000,43.912973924172135,FALSE,TRUE,NA,Low,41,59,Small-Sample Watchlist,Strikers,1.1.0,2026-07-25 22:12:49 UTC,NA,NA,NA,Performance data through: 2026-07-25 (updates every day) · MLSPA compensation as of: 2026-04-16,FALSE,2026-07-25 22:12:44 UTC
eVq3epZwMW,asa_eVq3epZwMW_mls_blended,Álvaro Augusto,alvaro augusto,2005-04-17,Brazil,CB,NA,20.205338809034902,mls,mKAqBBmqbg,CB,asa_live,TRUE,NA,mlspa_via_asa,0,NA,443,92740,TRUE,0,1,blended,2025+2026 season to date,443,0.18954853273137695,0.00637923250564334,-0.00670428893905191,0.02446049661399548,0.00193002257336343,0.16447855530474045,-9.954853273137698e-4,2026,92740,FC Dallas,0.1396251547943452,1,0.16082942749435006,0.1715513893326677,0.0068045146728988705,37.765957446808514,-0.00715124153521218,2.127659574468085,0.026091196389077195,70.74468085106383,0.002058690744985326,46.808510638297875,0.1754437923305391,95.74468085106383,-0.0010618510158345372,70.74468085106383,72.87234042553192,92740,8.333333333333334,8.351648351648352,509583.5,64.53900709219859,FALSE,FALSE,NA,Low,41,59,Insufficient Evidence,Center backs,1.1.0,2026-07-25 22:12:49 UTC,NA,NA,NA,Performance data through: 2026-07-25 (updates every day) · MLSPA compensation as of: 2026-04-16,FALSE,2026-07-25 22:12:44 UTC
eVq3jBAv5W,asa_eVq3jBAv5W_mls_blended,Jeremy Ebobisse,jeremy ebobisse,1997-02-14,USA,FW,NA,29.37440109514031,mls,eVq3ya6MWO,FW,asa_live,TRUE,NA,mlspa_via_asa,236,722500,1007,722500,TRUE,0.25213675213675213,0.7478632478632479,blended,2025+2026 season to date,989.0982905982906,0.1484953021159575,0.05244151516308915,-0.030195172255748227,0.12636339851806586,-0.03760098540982355,0.01819484760522496,0.019291698495149338,2026,722500,Los Angeles FC,0.21844855740004673,1,0.17490773577017232,0.18656825149401407,0.05593761617570981,43.97163120567376,-0.03220818374047128,62.4113475177305,0.13478762509014902,29.78723404255319,-0.04010771777173182,37.5886524822695,0.019407837446179785,30.49645390070922,0.02057781172880235,83.68794326241135,15.602836879432624,722500,58.64661654135338,68.18681318681318,540000,-43.04377966192076,FALSE,TRUE,NA,Low,41,59,Small-Sample Watchlist,Strikers,1.1.0,2026-07-25 22:12:49 UTC,NA,NA,NA,Performance data through: 2026-07-25 (updates every day) · MLSPA compensation as of: 2026-04-16,FALSE,2026-07-25 22:12:44 UTC
eVq3jBjj5W,asa_eVq3jBjj5W_mls_blended,Tom Barlow,tom barlow,1995-07-08,USA,FW,NA,30.981519507186857,mls,NWMWlBK5lz,FW,asa_live,TRUE,NA,mlspa_via_asa,703,121733,535,121733,TRUE,0.5010691375623664,0.4989308624376336,blended,2025+2026 season to date,969.9280114041339,0.15695482977065167,0.05459046369262128,-0.07337966706856469,0.17706908427202056,-0.016260982807202187,0.036953171108639035,-0.02201723942686233,2026,121733,FC Cincinnati,0.21844855740004673,1,0.18045669502155404,0.19248714136233952,0.058229827940615715,48.226950354609926,-0.07827164487558166,18.43971631205674,0.18887368989605757,51.773049645390074,-0.017345048328224366,58.86524822695036,0.039416715850446746,73.04964539007092,-0.023485055389387062,1.4184397163120568,20.56737588652482,121733,25.56390977443609,20.98901098901099,540000,-4.996533887911269,TRUE,FALSE,59.64912280701754,Medium,29.75,70.25,Fair Value,Strikers,1.1.0,2026-07-25 22:12:49 UTC,24,24,174,Performance data through: 2026-07-25 (updates every day) · MLSPA compensation as of: 2026-04-16,FALSE,2026-07-25 22:12:44 UTC
eVq3jDBG5W,asa_eVq3jDBG5W_mls_blended,Gustav Berggren,gustav berggren,1997-09-07,Sweden,CM,NA,28.81314168377823,mls,a2lqRX2Mr0,CM,asa_live,TRUE,NA,mlspa_via_asa,393,1310000,395,1310000,TRUE,0.3595608417200366,0.6404391582799633,blended,2025+2026 season to date,645.9734675205855,0.11868593002652088,0.014887465690759372,0.027511146884083983,0.037556684077038,0.003308904767971096,0.03619928891565428,-7.775603089858363e-4,2026,1310000,New York Red Bulls,0.13647524696350208,1,0.1272523966812471,0.13573588979757198,0.01587996340397291,50.24154589371981,0.029345223343939953,62.80193236714976,0.04006046301675909,71.98067632850241,0.003529498419279466,48.309178743961354,0.03861257484457121,16.908212560386474,-8.293976629441441e-4,51.690821256038646,37.19806763285024,1310000,92.85714285714286,87.14285714285714,510300,-55.65907522429262,FALSE,TRUE,NA,Low,41,59,Small-Sample Watchlist,Central and defensive midfielders,1.1.0,2026-07-25 22:12:49 UTC,NA,NA,NA,Performance data through: 2026-07-25 (updates every day) · MLSPA compensation as of: 2026-04-16,FALSE,2026-07-25 22:12:44 UTC
eVq3jJYw5W,asa_eVq3jJYw5W_mls_blended,Jonathan González,jonathan gonzalez,1999-04-13,Mexico,CM,NA,27.21697467488022,mls,0KPqjA456v,CM,asa_live,TRUE,NA,mlspa_via_asa,230,275625,0,NA,FALSE,1,0,blended,2025+2026 season to date,230,0.07532608695652174,0.01087826086956521,-0.03165652173913043,0.0055173913043478195,0.01772608695652174,0.07364347826086956,-7.826086956521738e-4,2026,275625,San Jose Earthquakes,0.13647524696350208,1,0.11953029900976053,0.12749898561439557,0.011603478261232167,36.71497584541063,-0.03376695652279434,9.178743961352657,0.005885217391488254,9.178743961352657,0.018907826087547392,79.71014492753623,0.07855304348071565,77.77777777777777,-8.347826087217391e-4,51.207729468599034,30.434782608695652,275625,33.673469387755105,34.61538461538461,510300,-3.238686779059453,FALSE,TRUE,NA,Low,49,51,Small-Sample Watchlist,Central and defensive midfielders,1.1.0,2026-07-25 22:12:49 UTC,NA,NA,NA,Performance data through: 2026-07-25 (updates every day) · MLSPA compensation as of: 2026-04-16,FALSE,2026-07-25 22:12:44 UTC
eVq3jYZv5W,asa_eVq3jYZv5W_mls_blended,Derrick Jones,derrick jones,1997-03-03,USA,CM,NA,28.32854209445585,mls,mvzqoLZQap,CM,asa_live,TRUE,NA,mlspa_via_asa,0,NA,16,387500,TRUE,0,1,blended,2025+2026 season to date,16,0.2750625,0.2041875,-0.08437499999999999,0.0095625,0.0523125,0.093375,0,2026,387500,Columbus Crew,0.13647524696350208,1,0.14007491587354098,0.14941324360311287,0.21780000000680624,100,-0.0900000000028125,2.4154589371980677,0.01020000000031875,19.806763285024154,0.055800000001743746,95.16908212560386,0.0996000000031125,87.92270531400966,0,61.83574879227053,57.00483091787439,387500,41.326530612244895,43.13186813186813,510300,15.678300305629499,FALSE,FALSE,NA,Low,41,59,Insufficient Evidence,Central and defensive midfielders,1.1.0,2026-07-25 22:12:49 UTC,NA,NA,NA,Performance data through: 2026-07-25 (updates every day) · MLSPA compensation as of: 2026-04-16,FALSE,2026-07-25 22:12:44 UTC
eVq3jbrg5W,asa_eVq3jbrg5W_mls_blended,Toyosi Olusanya,toyosi olusanya,1997-10-14,England,FW,NA,27.71252566735113,mls,YgOMngl5wN,FW,asa_live,TRUE,NA,mlspa_via_asa,0,NA,96,363219,TRUE,0,1,blended,2025+2026 season to date,96,0.04903125,0.01959374999999999,-0.07453125000000001,0.0808125,-0.03084375,0.0234375,0.03056249999999999,2026,363219,Houston Dynamo FC,0.21844855740004673,1,0.19508065293107474,0.20808602979964907,0.020900000000653115,12.056737588652481,-0.07950000000248438,17.02127659574468,0.08620000000269375,13.47517730496454,-0.03290000000102813,46.09929078014184,0.02500000000078125,43.97163120567376,0.03260000000101874,92.90780141843972,31.20567375886525,363219,40.6015037593985,41.75824175824176,540000,-9.395830000533248,FALSE,FALSE,NA,Low,41,59,Insufficient Evidence,Strikers,1.1.0,2026-07-25 22:12:49 UTC,NA,NA,NA,Performance data through: 2026-07-25 (updates every day) · MLSPA compensation as of: 2026-04-16,FALSE,2026-07-25 22:12:44 UTC
eVq3jmnV5W,asa_eVq3jmnV5W_mls_blended,David Martínez,david martinez,1998-01-21,Argentina,CB,NA,27.44147843942505,mls,zeQZkL1MKw,CB,asa_live,TRUE,NA,mlspa_via_asa,0,NA,446,839839,TRUE,0,1,blended,2025+2026 season to date,446,0.22552466367713003,0.01908968609865471,0.03916816143497758,0.02736322869955157,0.031015695067264565,0.14319282511210762,-0.03430493273542601,2026,839839,Inter Miami CF,0.1396251547943452,1,0.17625152282658424,0.18800162435423157,0.020362331839201348,88.29787234042553,0.04177937219861502,38.829787234042556,0.029187443947100447,75,0.033083408072782726,97.34042553191489,0.1527390134576879,92.02127659574468,-0.03659192825226457,6.914893617021277,84.57446808510639,839839,76.66666666666667,76.48351648351648,509583.5,7.907801418439718,FALSE,FALSE,NA,Low,41,59,Insufficient Evidence,Center backs,1.1.0,2026-07-25 22:12:49 UTC,NA,NA,NA,Performance data through: 2026-07-25 (updates every day) · MLSPA compensation as of: 2026-04-16,FALSE,2026-07-25 22:12:44 UTC
eVq3jx6G5W,asa_eVq3jx6G5W_mls_blended,Andrés Cubas,andres cubas,1996-05-11,Paraguay,CM,NA,30.138261464750173,mls,lgpMOvnQzy,CM,asa_live,TRUE,NA,mlspa_via_asa,1061,1153333,2681,1153333,TRUE,0.6024985803520727,0.3975014196479273,blended,2025+2026 season to date,2126.701306076093,0.08681386525280112,0.007375107307591366,0.022568994889267457,0.006523616566068115,-0.007948496804124171,0.06781022680265633,-0.009515583508657995,2026,1153333,Vancouver Whitecaps FC,0.13647524696350208,1,0.0977416588325461,0.10425776942464056,0.007866781128343294,24.63768115942029,0.024073594549304255,57.00483091787439,0.006958524337356776,11.594202898550725,-0.008478396591330732,20.77294685990338,0.07233090859176043,70.04830917874396,-0.010149955742885713,18.357487922705314,10.144927536231885,1153333,90.81632653061224,85.16483516483517,510300,-80.67139899438035,TRUE,FALSE,2.0618556701030926,High,20.75,79.25,Below Expected Value by Current Model,Central and defensive midfielders,1.1.0,2026-07-25 22:12:49 UTC,96,96,418,Performance data through: 2026-07-25 (updates every day) · MLSPA compensation as of: 2026-04-16,FALSE,2026-07-25 22:12:44 UTC
eVq3jyYV5W,asa_eVq3jyYV5W_mls_blended,Justen Glad,justen glad,1997-02-28,USA,CB,NA,29.336071184120467,mls,a2lqR4JMr0,CB,asa_live,TRUE,NA,mlspa_via_asa,1208,1330000,3246,1330000,TRUE,0.6331236897274634,0.36687631027253664,blended,2025+2026 season to date,2398.8805031446536,0.1269083865192574,0.006714647345353932,0.04859215987165626,0.018959625199083917,0.008411664864739179,0.05839127402085584,-0.014160984782431787,2026,1330000,Real Salt Lake,0.1396251547943452,1,0.12945268962071532,0.13808286893307808,0.007162290501934682,42.02127659574468,0.05183163719805308,52.12765957446808,0.020223600212988167,61.702127659574465,0.008972442522668846,75.53191489361703,0.0622840256241926,37.765957446808514,-0.01510505043506594,19.680851063829788,33.51063829787234,1330000,94.44444444444444,87.52747252747253,509583.5,-60.9338061465721,TRUE,FALSE,6.25,High,20.75,79.25,Below Expected Value by Current Model,Center backs,1.1.0,2026-07-25 22:12:49 UTC,91,91,399,Performance data through: 2026-07-25 (updates every day) · MLSPA compensation as of: 2026-04-16,FALSE,2026-07-25 22:12:44 UTC
eVq3r1eD5W,asa_eVq3r1eD5W_mls_blended,Ronald Donkor,ronald donkor,2004-11-20,Mali,CM,NA,21.609856262833677,mls,a2lqRX2Mr0,CM,asa_live,TRUE,NA,mlspa_via_asa,1420,175400,1017,175400,TRUE,0.6698113207547169,0.33018867924528306,blended,2025+2026 season to date,1755.801886792453,0.17464317916179664,0.015435690432459504,0.0521532601435966,0.039875200367340116,0.030908014693604935,0.04141434296209718,-0.005143329437301711,2026,175400,New York Red Bulls,0.13647524696350208,1,0.16492217526610942,0.17591698695601413,0.01646473646180466,52.17391304347826,0.05563014415490815,80.67632850241546,0.042533547059825295,74.8792270531401,0.032968549007542196,88.88888888888889,0.0441752991609508,22.22222222222222,-0.005486218066626602,29.468599033816425,80.67632850241546,175400,26.020408163265305,28.021978021978022,510300,54.65592033915016,TRUE,FALSE,95.87628865979381,High,20.75,79.25,Elite Value,Central and defensive midfielders,1.1.0,2026-07-25 22:12:49 UTC,5,5,20,Performance data through: 2026-07-25 (updates every day) · MLSPA compensation as of: 2026-04-16,FALSE,2026-07-25 22:12:44 UTC
eVq3rBnV5W,asa_eVq3rBnV5W_mls_blended,Mateo Silvetti,mateo silvetti,2006-01-14,Argentina,W,NA,20.459958932238195,mls,zeQZkL1MKw,W,asa_live,TRUE,NA,mlspa_via_asa,770,607078,518,607078,TRUE,0.5238095238095238,0.47619047619047616,blended,2025+2026 season to date,1016.6666666666666,0.20143667953667954,0.05443121897407613,-0.008353502482073907,0.10335206839492554,0.0021565912851627157,0.0316457804743519,0.018204522890237173,2026,607078,Inter Miami CF,0.19903356584128315,1,0.20054480228890353,0.21391445578151527,0.058059966907495576,69.86899563318778,-0.00891040264782395,46.2882096069869,0.11024220629136565,69.86899563318778,0.002300364037578783,38.8646288209607,0.03375549917369689,41.48471615720524,0.019418157750193135,87.33624454148472,54.148471615720524,607078,55.60747663551402,60.54945054945055,527437.5,-1.4590050197934943,TRUE,FALSE,55.913978494623656,Medium,29.75,70.25,Fair Value,Wingers and attacking midfielders,1.1.0,2026-07-25 22:12:49 UTC,42,42,190,Performance data through: 2026-07-25 (updates every day) · MLSPA compensation as of: 2026-04-16,FALSE,2026-07-25 22:12:44 UTC
eVq3rXzD5W,asa_eVq3rXzD5W_mls_blended,Ender Echenique,ender echenique,2004-04-02,Venezuela,FB,NA,22.245037645448324,mls,NWMWlBK5lz,FB,asa_live,TRUE,NA,mlspa_via_asa,948,446580,915,446580,TRUE,0.5752427184466019,0.4247572815533981,blended,2025+2026 season to date,1336.6529126213593,0.21791081091835107,0.03328028012096132,-0.005029673324844824,0.06701559764443736,0.058632172131147534,0.06110831808053477,0.00290411626611491,2026,446580,FC Cincinnati,0.11482828719990651,1,0.18597451824144068,0.19837281946373586,0.035498965463468084,88.26530612244898,-0.005364984880002134,24.489795918367346,0.07148330415630037,88.26530612244898,0.06254098360851178,95.40816326530613,0.06518220595460736,66.3265306122449,0.003097724017286041,78.06122448979592,95.91836734693878,446580,62.5668449197861,48.57142857142857,336500,33.35152242715268,TRUE,FALSE,88.75,High,20.75,79.25,Strong Value,Fullbacks and wingbacks,1.1.0,2026-07-25 22:12:49 UTC,10,10,50,Performance data through: 2026-07-25 (updates every day) · MLSPA compensation as of: 2026-04-16,FALSE,2026-07-25 22:12:44 UTC
eVq3rkkw5W,asa_eVq3rkkw5W_mls_blended,Tomás Avilés,tomas aviles,2004-02-03,Argentina,CB,NA,22.406570841889117,mls,APk5LGOMOW,CB,asa_live,TRUE,NA,mlspa_via_asa,253,522500,1398,522500,TRUE,0.2654774396642183,0.7345225603357817,blended,2025+2026 season to date,1279.8625393494228,0.16501414552643784,0.009959450391580232,0.06872387175803538,0.00545087795936932,0.014504839022017655,0.06994780431346234,-0.0035726979180270967,2026,522500,CF Montréal,0.1396251547943452,1,0.1569106836400557,0.16737139588795644,0.010623413751350895,62.234042553191486,0.07330546321086186,84.04255319148936,0.005814269823508971,22.872340425531913,0.01547182829063566,88.29787234042553,0.07461099127002475,48.93617021276596,-0.003810877779347993,52.12765957446808,69.68085106382979,522500,51.666666666666664,54.065934065934066,509583.5,18.014184397163127,FALSE,TRUE,NA,Low,41,59,Small-Sample Watchlist,Center backs,1.1.0,2026-07-25 22:12:49 UTC,NA,NA,NA,Performance data through: 2026-07-25 (updates every day) · MLSPA compensation as of: 2026-04-16,FALSE,2026-07-25 22:12:44 UTC
eVq3v9n5WO,asa_eVq3v9n5WO_mls_blended,Olivier Giroud,olivier giroud,1986-09-30,France,FW,NA,38.75154004106776,mls,eVq3ya6MWO,FW,asa_live,TRUE,NA,mlspa_via_asa,0,NA,595,3675000,TRUE,0,1,blended,2025+2026 season to date,595,0.3628134453781512,0.07876134453781514,-0.04773781512605042,0.2833411764705882,0.00251092436974789,0.030569747899159665,0.01536806722689075,2026,3675000,Los Angeles FC,0.21844855740004673,1,0.2903289827950025,0.309684248324347,0.08401210084296153,75.177304964539,-0.05092033613604505,43.97163120567376,0.3022305882447388,90.78014184397163,0.0026783193278147803,73.75886524822695,0.032607731093455966,58.86524822695036,0.016392605042529068,78.72340425531915,90.0709219858156,3675000,91.72932330827068,96.64835164835165,540000,-1.6584013224550773,FALSE,FALSE,NA,Low,41,59,Insufficient Evidence,Strikers,1.1.0,2026-07-25 22:12:49 UTC,NA,NA,NA,Performance data through: 2026-07-25 (updates every day) · MLSPA compensation as of: 2026-04-16,FALSE,2026-07-25 22:12:44 UTC
eVq3x2B6QW,asa_eVq3x2B6QW_mls_blended,Dante Polvara,dante polvara,2000-06-21,USA,CB,NA,26.026009582477755,mls,wvq9B9wQWn,CB,asa_live,TRUE,NA,mlspa_via_asa,1520,436806,0,NA,FALSE,1,0,blended,2025+2026 season to date,1520,0.12755723684210526,0.01190131578947368,0.029522368421052627,0.01201973684210526,-0.0018296052631578898,0.07642302631578947,-4.796052631578947e-4,2026,436806,St. Louis City SC,0.1396251547943452,1,0.1309726853191543,0.13970419767813033,0.012694736842501969,71.27659574468085,0.03149052631677355,21.80851063829787,0.012821052631979602,38.829787234042556,-0.0019515789474294025,30.319148936170212,0.08151789473938953,56.38297872340426,-5.115789473844078e-4,76.59574468085107,35.638297872340424,436806,43.333333333333336,47.252747252747255,509583.5,-7.695035460992912,TRUE,FALSE,42.708333333333336,High,22,78,Fair Value,Center backs,1.1.0,2026-07-25 22:12:49 UTC,56,56,245,Performance data through: 2026-07-25 (updates every day) · MLSPA compensation as of: 2026-04-16,FALSE,2026-07-25 22:12:44 UTC
eVq3xWKgQW,asa_eVq3xWKgQW_mls_blended,José Caicedo,jose caicedo,2002-05-23,Colombia,CM,NA,24.10677618069815,mls,WBLMvYAQxe,CM,asa_live,TRUE,NA,mlspa_via_asa,662,1075009,0,NA,FALSE,1,0,blended,2025+2026 season to date,662,0.10329607250755288,0.00857854984894259,0.00528851963746223,0.01506344410876132,0.01360876132930513,0.06346223564954682,-0.00270543806646525,2026,1075009,Portland Timbers FC,0.13647524696350208,1,0.11907064039469197,0.12700868309164046,0.00915045317249138,28.985507246376812,0.0056410876134693295,34.29951690821256,0.01606767371651419,33.333333333333336,0.014516012085045764,74.8792270531401,0.06769305136163202,62.31884057971015,-0.0028858006043197813,40.57971014492754,29.95169082125604,1075009,88.26530612244898,83.84615384615384,510300,-58.31361530119294,TRUE,FALSE,10.309278350515465,Low,37.75,62.25,Below Expected Value by Current Model,Central and defensive midfielders,1.1.0,2026-07-25 22:12:49 UTC,88,88,383,Performance data through: 2026-07-25 (updates every day) · MLSPA compensation as of: 2026-04-16,FALSE,2026-07-25 22:12:44 UTC
eVq3xk1VQW,asa_eVq3xk1VQW_mls_blended,Sebastian Berhalter,sebastian berhalter,2001-05-10,USA,CM,NA,25.14168377823409,mls,lgpMOvnQzy,CM,asa_live,TRUE,NA,mlspa_via_asa,1262,480000,3145,480000,TRUE,0.6432212028542303,0.35677879714576965,blended,2025+2026 season to date,2384.0693170234454,0.21593643616633362,0.04076064380624553,0.09252500692813699,0.017695679759630108,0.02210882280013418,0.05120043464943626,-0.008354151777249456,2026,480000,Vancouver Whitecaps FC,0.13647524696350208,1,0.19995935639485715,0.21328998016117962,0.043478020061353914,90.82125603864735,0.0986933407264303,92.7536231884058,0.018875391744195304,41.54589371980676,0.023582744320880086,84.05797101449275,0.054613796961105354,40.57971014492754,-0.008911095229344558,19.806763285024154,95.16908212560386,480000,48.97959183673469,50.989010989010985,510300,46.18949028886917,TRUE,FALSE,93.81443298969072,High,20.75,79.25,Elite Value,Central and defensive midfielders,1.1.0,2026-07-25 22:12:49 UTC,7,7,28,Performance data through: 2026-07-25 (updates every day) · MLSPA compensation as of: 2026-04-16,FALSE,2026-07-25 22:12:44 UTC
eVq3y38yMW,asa_eVq3y38yMW_mls_blended,Benjamin Cremaschi,benjamin cremaschi,2005-03-02,USA,W,NA,20.331279945242983,mls,zeQZkL1MKw,W,asa_live,TRUE,NA,mlspa_via_asa,0,NA,1540,502500,TRUE,0,1,blended,2025+2026 season to date,1540,0.09750974025974024,0.02112662337662337,-0.03186818181818181,0.06846428571428571,-0.00891233766233766,0.05284285714285714,-0.00414350649350649,2026,502500,Inter Miami CF,0.19903356584128315,1,0.12597436425456537,0.13437265520906888,0.022535064935769147,22.270742358078603,-0.03399272727378953,23.580786026200872,0.07302857143085358,37.99126637554585,-0.009506493506790581,25.32751091703057,0.056365714287475714,79.47598253275109,-0.004419740259878372,14.847161572052402,2.183406113537118,502500,48.13084112149533,52.857142857142854,527437.5,-45.94743500795821,FALSE,FALSE,NA,Low,41,59,Insufficient Evidence,Wingers and attacking midfielders,1.1.0,2026-07-25 22:12:49 UTC,NA,NA,NA,Performance data through: 2026-07-25 (updates every day) · MLSPA compensation as of: 2026-04-16,FALSE,2026-07-25 22:12:44 UTC
eVq3y3LXMW,asa_eVq3y3LXMW_mls_blended,Caleb Swann,caleb swann,2007-02-04,USA,W,NA,19.4031485284052,mls,mKAqBBmqbg,W,asa_live,TRUE,NA,mlspa_via_asa,14,88025,0,NA,FALSE,1,0,blended,2025+2026 season to date,14,0.7823571428571429,0,-0.01735714285714286,0.009,0,0.7907142857142857,0,2026,88025,FC Dallas,0.19903356584128315,1,0.212334103427964,0.2264897103302394,0,5.895196506550218,-0.018514285714864288,36.68122270742358,0.009600000000299999,2.6200873362445414,0,35.58951965065502,0.8434285714549286,100,0,38.646288209606986,66.37554585152839,88025,4.906542056074766,4.34065934065934,527437.5,61.46900379545362,FALSE,TRUE,NA,Low,49,51,Small-Sample Watchlist,Wingers and attacking midfielders,1.1.0,2026-07-25 22:12:49 UTC,NA,NA,NA,Performance data through: 2026-07-25 (updates every day) · MLSPA compensation as of: 2026-04-16,FALSE,2026-07-25 22:12:44 UTC
eVq3y6KGMW,asa_eVq3y6KGMW_mls_blended,David Martínez,david martinez,2006-02-07,Venezuela,W,NA,20.39425051334702,mls,eVq3ya6MWO,W,asa_live,TRUE,NA,mlspa_via_asa,947,550000,1413,550000,TRUE,0.5749848208864602,0.4250151791135398,blended,2025+2026 season to date,1547.5464480874316,0.2812987094853024,0.06514527861891337,0.01026500605230896,0.09606290920763094,0.054202707876509694,0.046440553950630174,0.009182253779309223,2026,550000,Los Angeles FC,0.19903356584128315,1,0.2583147660039542,0.2755357504128283,0.0694882971956791,81.22270742358079,0.010949339789471723,64.62882096069869,0.10246710315800843,65.06550218340611,0.05781622173675043,82.09606986899563,0.049536590882220205,70.74235807860262,0.009794404031569245,75.10917030567686,88.646288209607,550000,51.86915887850467,56.64835164835165,527437.5,36.77712933110232,TRUE,FALSE,92.47311827956989,High,20.75,79.25,Elite Value,Wingers and attacking midfielders,1.1.0,2026-07-25 22:12:49 UTC,8,8,36,Performance data through: 2026-07-25 (updates every day) · MLSPA compensation as of: 2026-04-16,FALSE,2026-07-25 22:12:44 UTC
eVq3yPAGMW,asa_eVq3yPAGMW_mls_blended,Morris Duggan,morris duggan,2000-10-24,Germany,CB,NA,25.683778234086244,mls,kRQand1MKZ,CB,asa_live,TRUE,NA,mlspa_via_asa,1627,113400,1747,113400,TRUE,0.6991834980661796,0.30081650193382037,blended,2025+2026 season to date,2152.526428878384,0.1683375688054099,0.01641388651033917,0.032185498917783786,0.04375425882026503,-0.002084208941646909,0.07884725168248398,-7.791181838151423e-4,2026,113400,Minnesota United FC,0.1396251547943452,1,0.16207879205911038,0.1728840448684537,0.017508145611575578,82.97872340425532,0.03433119884670889,23.93617021276596,0.04667120940974117,88.82978723404256,-0.0022231562044928432,29.25531914893617,0.08410373513061115,59.57446808510638,-8.310593960954558e-4,73.93617021276596,74.46808510638297,113400,12.222222222222221,16.428571428571427,509583.5,62.24586288416075,TRUE,FALSE,92.70833333333333,High,14,86,Elite Value,Center backs,1.1.0,2026-07-25 22:12:49 UTC,8,8,34,Performance data through: 2026-07-25 (updates every day) · MLSPA compensation as of: 2026-04-16,FALSE,2026-07-25 22:12:44 UTC
eVq3yR3yMW,asa_eVq3yR3yMW_mls_blended,Owen Gene,owen gene,2003-03-19,France,CM,NA,23.28542094455852,mls,kRQand1MKZ,CM,asa_live,TRUE,NA,mlspa_via_asa,865,450100,795,450100,TRUE,0.5527156549520766,0.44728434504792336,blended,2025+2026 season to date,1220.591054313099,0.1729861233347399,0.008102007354270899,0.024105648321176683,0.022934293809150647,0.019856025076858155,0.0976223762734342,3.657724998492977e-4,2026,450100,Minnesota United FC,0.13647524696350208,1,0.16095347834791285,0.17168371024313883,0.008642141178159025,26.570048309178745,0.025712691543391984,57.48792270531401,0.024463246730525166,52.17391304347826,0.021179760082643898,81.15942028985508,0.10413053469491723,89.85507246376811,3.901573331847766e-4,68.1159420289855,78.26086956521739,450100,47.44897959183673,49.010989010989015,510300,30.81188997338066,TRUE,FALSE,80.41237113402062,Medium,29.75,70.25,Strong Value,Central and defensive midfielders,1.1.0,2026-07-25 22:12:49 UTC,20,20,86,Performance data through: 2026-07-25 (updates every day) · MLSPA compensation as of: 2026-04-16,FALSE,2026-07-25 22:12:44 UTC
eVq3ydEvMW,asa_eVq3ydEvMW_mls_blended,Monsef Bakrar,monsef bakrar,2001-01-13,Algeria,FW,NA,24.46269678302533,mls,Vj58weDM8n,FW,asa_live,TRUE,NA,mlspa_via_asa,0,NA,703,468720,TRUE,0,1,blended,2025+2026 season to date,703,0.19646372688477953,0.07490611664295875,-0.04905832147937411,0.21128876244665715,-0.08185775248933144,0.0458321479374111,-0.00464722617354196,2026,468720,New York City FC,0.21844855740004673,1,0.20658720985420417,0.22035969051803736,0.0798998577549862,72.34042553191489,-0.052328876246301,41.13475177304964,0.2253746799501439,69.50354609929079,-0.08731493599134879,14.184397163120567,0.04888762446809958,85.81560283687944,-0.0049570412519329985,11.347517730496454,39.00709219858156,468720,47.36842105263158,50.32967032967033,540000,-8.361328854050022,FALSE,FALSE,NA,Low,41,59,Insufficient Evidence,Strikers,1.1.0,2026-07-25 22:12:49 UTC,NA,NA,NA,Performance data through: 2026-07-25 (updates every day) · MLSPA compensation as of: 2026-04-16,FALSE,2026-07-25 22:12:44 UTC
eVq3yp76MW,asa_eVq3yp76MW_mls_blended,Alonso Martínez,alonso martinez,1998-10-15,Costa Rica,FW,NA,26.71047227926078,mls,Vj58weDM8n,FW,asa_live,TRUE,NA,mlspa_via_asa,0,NA,3029,800333,TRUE,0,1,blended,2025+2026 season to date,3029,0.34089765599207655,0.09641498844503137,-0.04551997358864311,0.27633773522614724,-0.04286068009243975,0.0225817101353582,0.03394387586662265,2026,800333,New York City FC,0.21844855740004673,1,0.32065255840177126,0.34202939563924445,0.10284265434458062,90.0709219858156,-0.04855463849606999,46.09929078014184,0.2947602509171016,87.23404255319149,-0.04571805876669775,34.04255319148936,0.024087157478468138,41.843971631205676,0.03620680092552895,94.32624113475177,94.32624113475177,800333,61.65413533834587,74.17582417582418,540000,32.6721057964059,FALSE,FALSE,NA,Low,41,59,Insufficient Evidence,Strikers,1.1.0,2026-07-25 22:12:49 UTC,NA,NA,NA,Performance data through: 2026-07-25 (updates every day) · MLSPA compensation as of: 2026-04-16,FALSE,2026-07-25 22:12:44 UTC
eVq3yvnvMW,asa_eVq3yvnvMW_mls_blended,Edward Davis,edward davis,2006-06-17,USA,FW,NA,19.039014373716633,mls,9z5k7Yg5A3,FW,asa_live,TRUE,NA,mlspa_via_asa,0,NA,8,82622,TRUE,0,1,blended,2025+2026 season to date,8,-0.212625,0,0,0.023625,-0.23625,0,0,2026,82622,Philadelphia Union,0.21844855740004673,1,0.21277653690794085,0.2269616393755628,0,4.25531914893617,0,86.52482269503547,0.0252000000007875,4.25531914893617,-0.252000000007875,2.127659574468085,0,9.574468085106384,0,31.56028368794326,47.5177304964539,82622,3.007518796992481,2.087912087912088,540000,44.51021169946142,FALSE,FALSE,NA,Low,41,59,Insufficient Evidence,Strikers,1.1.0,2026-07-25 22:12:49 UTC,NA,NA,NA,Performance data through: 2026-07-25 (updates every day) · MLSPA compensation as of: 2026-04-16,FALSE,2026-07-25 22:12:44 UTC
gOMn6NBlMw,asa_gOMn6NBlMw_mls_blended,Yaw Yeboah,yaw yeboah,1997-03-28,Ghana,CM,NA,28.26009582477755,mls,eVq3ya6MWO,CM,asa_live,TRUE,NA,mlspa_via_asa,0,NA,559,550000,TRUE,0,1,blended,2025+2026 season to date,559,0.06555992844364938,0.00867799642218246,-0.00998211091234347,0.03013953488372093,-0.02331305903398927,0.05055456171735242,0.00948300536672629,2026,550000,Los Angeles FC,0.13647524696350208,1,0.10227191387239107,0.10909004146729287,0.00925652951728389,29.468599033816425,-0.010647584973499106,18.840579710144926,0.03214883721030697,61.83574879227053,-0.024867262970365657,7.729468599033816,0.05392486583352773,39.61352657004831,0.010115205724824142,91.30434782608695,14.009661835748792,550000,53.06122448979592,56.64835164835165,510300,-39.051562654047125,FALSE,FALSE,NA,Low,41,59,Insufficient Evidence,Central and defensive midfielders,1.1.0,2026-07-25 22:12:49 UTC,NA,NA,NA,Performance data through: 2026-07-25 (updates every day) · MLSPA compensation as of: 2026-04-16,FALSE,2026-07-25 22:12:44 UTC
gOMn6eOBMw,asa_gOMn6eOBMw_mls_blended,Timo Werner,timo werner,1996-03-06,Germany,W,NA,30.31895961670089,mls,0KPqjA456v,W,asa_live,TRUE,NA,mlspa_via_asa,586,4268039,0,NA,FALSE,1,0,blended,2025+2026 season to date,586,0.5048907849829352,0.0645665529010239,0.07269112627986349,0.10867576791808874,0.2484215017064846,0.00651194539249146,0.00402389078498293,2026,4268039,San Jose Earthquakes,0.19903356584128315,1,0.3501569473058768,0.3735007438046072,0.06887098976324436,79.47598253275109,0.07753720136761076,93.88646288209607,0.1159208191162505,73.79912663755458,0.2649829351618643,98.2532751091703,0.006946075085541289,13.100436681222707,0.004292150170782588,59.82532751091703,98.2532751091703,4268039,93.92523364485982,97.47252747252747,527437.5,4.328041464310488,TRUE,FALSE,67.74193548387096,Low,37.75,62.25,Fair Value,Wingers and attacking midfielders,1.1.0,2026-07-25 22:12:49 UTC,31,31,139,Performance data through: 2026-07-25 (updates every day) · MLSPA compensation as of: 2026-04-16,FALSE,2026-07-25 22:12:44 UTC
gOMn6jW8Mw,asa_gOMn6jW8Mw_mls_blended,Júnior Alonso,junior alonso,1993-02-09,Paraguay,CB,NA,33.38809034907597,mls,KAqBN0Vqbg,CB,asa_live,FALSE,NA,NA,104,NA,0,NA,FALSE,1,0,blended,2025+2026 season to date,104,-0.03115384615384616,0,0.09467307692307693,0.00138461538461538,0.00874038461538461,-0.1390673076923077,0.00311538461538461,2026,NA,Atlanta United FC,0.1396251547943452,1,0.11439643874518057,0.12202286799867249,0,7.180851063829787,0.10098461538777116,96.80851063829788,0.001476923076969226,11.702127659574469,0.009323076923368263,77.12765957446808,-0.14833846154309713,1.5957446808510638,0.0033230769231807635,94.68085106382979,21.80851063829787,NA,NA,NA,509583.5,NA,FALSE,FALSE,NA,Insufficient,49,51,Insufficient Evidence,Center backs,1.1.0,2026-07-25 22:12:49 UTC,NA,NA,NA,Performance data through: 2026-07-25 (updates every day) · MLSPA compensation as of: 2026-04-16,FALSE,2026-07-25 22:12:44 UTC
gOMn6n8XMw,asa_gOMn6n8XMw_mls_blended,Christian Ramírez,christian ramirez,1991-04-04,USA,FW,NA,35.24161533196441,mls,gpMOLwl5zy,FW,asa_live,TRUE,NA,mlspa_via_asa,792,577500,1079,577500,TRUE,0.5308310991957105,0.4691689008042895,blended,2025+2026 season to date,1298.2332439678285,0.24240509035523414,0.0616368745760522,-0.03463065232677461,0.21478429101019464,-0.02297937594883556,0.021956780307453773,0.001637172737143666,2026,577500,Austin FC,0.21844855740004673,1,0.23483282819051354,0.25048835007770887,0.06574599954984357,55.319148936170215,-0.03693936248304727,58.156028368794324,0.2291032437513671,70.2127659574468,-0.024511334346190575,54.60992907801418,0.023420565662015915,37.5886524822695,0.0017463175863411495,42.5531914893617,64.53900709219859,577500,53.38345864661654,58.9010989010989,540000,11.155548445582049,TRUE,FALSE,77.19298245614036,Medium,29.75,70.25,Undervalued,Strikers,1.1.0,2026-07-25 22:12:49 UTC,14,14,100,Performance data through: 2026-07-25 (updates every day) · MLSPA compensation as of: 2026-04-16,FALSE,2026-07-25 22:12:44 UTC
gOMn6oPAMw,asa_gOMn6oPAMw_mls_blended,Federico Bernardeschi,federico bernardeschi,1994-02-16,Italy,W,NA,31.370294318959616,mls,kRQabn8MKZ,W,asa_live,TRUE,NA,mlspa_via_asa,0,NA,1443,6295381,TRUE,0,1,blended,2025+2026 season to date,1443,0.28085239085239083,0.07095218295218295,0.04204365904365904,0.06602494802494803,0.06454677754677754,0.03483991683991684,0.00244490644490644,2026,6295381,Toronto FC,0.19903356584128315,1,0.25682336735426814,0.2739449251864468,0.07568232848469354,87.33624454148472,0.044846569647971096,86.02620087336244,0.07042661122881207,34.93449781659389,0.0688498960520476,86.02620087336244,0.0371625779637393,48.90829694323144,0.0026079002079816994,54.585152838427945,87.33624454148472,6295381,98.59813084112149,99.23076923076923,527437.5,-11.261886299636771,FALSE,FALSE,NA,Low,41,59,Insufficient Evidence,Wingers and attacking midfielders,1.1.0,2026-07-25 22:12:49 UTC,NA,NA,NA,Performance data through: 2026-07-25 (updates every day) · MLSPA compensation as of: 2026-04-16,FALSE,2026-07-25 22:12:44 UTC
gOMnBnmMwN,asa_gOMnBnmMwN_mls_blended,Johnny Russell,johnny russell,1990-04-08,Scotland,W,NA,35.23066392881588,mls,a2lqR4JMr0,W,asa_live,TRUE,NA,mlspa_via_asa,0,NA,420,325500,TRUE,0,1,blended,2025+2026 season to date,420,0.2623714285714286,0.08072142857142857,-0.02614285714285714,0.15585,0.02552142857142857,0.02905714285714285,-0.00263571428571428,2026,325500,Real Salt Lake,0.19903356584128315,1,0.22511386225957833,0.24012145308438734,0.08610285714554786,91.70305676855895,-0.027885714286585712,29.25764192139738,0.16624000000519498,89.51965065502183,0.027222857143707854,61.572052401746724,0.03099428571525428,36.24454148471616,-0.0028114285715164222,20.96069868995633,74.23580786026201,325500,35.046728971962615,38.57142857142857,527437.5,39.1890788882994,FALSE,FALSE,NA,Low,41,59,Insufficient Evidence,Wingers and attacking midfielders,1.1.0,2026-07-25 22:12:49 UTC,NA,NA,NA,Performance data through: 2026-07-25 (updates every day) · MLSPA compensation as of: 2026-04-16,FALSE,2026-07-25 22:12:44 UTC
gOMnR0wlMw,asa_gOMnR0wlMw_mls_blended,Julian Gressel,julian gressel,1993-12-16,Germany,W,NA,32.539356605065024,mls,kRQand1MKZ,W,asa_live,TRUE,NA,mlspa_via_asa,71,1204005,1220,1204005,TRUE,0.15,0.85,blended,2025+2026 season to date,1108,0.04751352689909951,0.010659836065573764,0.021370152966982223,0.023272491341491564,0.004236067882706071,-0.005228151119833751,-0.006796870237820357,2026,1204005,Minnesota United FC,0.19903356584128315,1,0.10074070685537011,0.10745675398241947,0.01137049180363401,15.283842794759826,0.022794829832160045,73.36244541484716,0.024823990765033416,6.986899563318778,0.004518472408361012,41.48471615720524,-0.00557669452799694,5.676855895196507,-0.007249994920568276,9.170305676855895,0.4366812227074236,1204005,76.16822429906541,86.04395604395604,527437.5,-75.731543076358,FALSE,TRUE,NA,Low,41,59,Small-Sample Watchlist,Wingers and attacking midfielders,1.1.0,2026-07-25 22:12:49 UTC,NA,NA,NA,Performance data through: 2026-07-25 (updates every day) · MLSPA compensation as of: 2026-04-16,FALSE,2026-07-25 22:12:44 UTC
gOMnR6e6Mw,asa_gOMnR6e6Mw_mls_blended,Nick Lima,nick lima,1994-11-17,USA,FB,NA,30.62012320328542,mls,0KPqjA456v,FB,asa_live,TRUE,NA,mlspa_via_asa,0,NA,529,375000,TRUE,0,1,blended,2025+2026 season to date,529,0.05786200378071834,0.015294896030245742,0.03438374291115312,0.01144990548204158,-0.01076937618147447,0.01138185255198487,-0.00387901701323251,2026,375000,San Jose Earthquakes,0.11482828719990651,1,0.0881363793799326,0.09401213800819933,0.016314555766105288,61.224489795918366,0.036675992439709454,75.51020408163265,0.01221323251455935,23.46938775510204,-0.011487334593931748,19.897959183673468,0.01214064272249659,14.285714285714286,-0.0041376181475773115,36.734693877551024,15.816326530612244,375000,54.27807486631016,42.527472527472526,336500,-38.46174833569792,FALSE,FALSE,NA,Low,41,59,Insufficient Evidence,Fullbacks and wingbacks,1.1.0,2026-07-25 22:12:49 UTC,NA,NA,NA,Performance data through: 2026-07-25 (updates every day) · MLSPA compensation as of: 2026-04-16,FALSE,2026-07-25 22:12:44 UTC
gOMnR96lMw,asa_gOMnR96lMw_mls_blended,Alex Muyl,alex muyl,1995-09-30,USA,W,NA,30.751540041067763,mls,vzqoOgNqap,W,asa_live,TRUE,NA,mlspa_via_asa,743,655000,2651,655000,TRUE,0.5148995148995149,0.4851004851004851,blended,2025+2026 season to date,2029.001386001386,0.11490537756512859,0.024630970464995364,-0.036254973802691645,0.08000615858292207,0.007878825783390104,0.03723046651677357,0.0014139300197391481,2026,655000,Nashville SC,0.19903356584128315,1,0.13410541041199836,0.14304577111060177,0.026273035163482752,25.32751091703057,-0.03867197205741292,21.397379912663755,0.08533990249111707,50.21834061135371,0.008404080835878737,44.10480349344978,0.03971249761913283,54.585152838427945,0.0015081920211022224,49.34497816593886,4.366812227074236,655000,59.81308411214953,63.84615384615385,527437.5,-55.4462718850753,TRUE,FALSE,8.602150537634408,Medium,29.75,70.25,Below Expected Value by Current Model,Wingers and attacking midfielders,1.1.0,2026-07-25 22:12:49 UTC,86,86,390,Performance data through: 2026-07-25 (updates every day) · MLSPA compensation as of: 2026-04-16,FALSE,2026-07-25 22:12:44 UTC
gOMnR9bXMw,asa_gOMnR9bXMw_mls_blended,Tom Pearce,tom pearce,1998-04-12,England,W,NA,27.21971252566735,mls,APk5LGOMOW,W,asa_live,TRUE,NA,mlspa_via_asa,0,NA,1030,507625,TRUE,0,1,blended,2025+2026 season to date,1030,0.13554174757281554,0.03345728155339805,0.01669805825242718,0.03281067961165049,-0.00819611650485437,0.05789708737864078,0.00287475728155339,2026,507625,CF Montréal,0.19903356584128315,1,0.15891296902133123,0.16950716696138374,0.035687766991406494,37.11790393013101,0.01781126213647893,69.43231441048034,0.034998058253520876,10.043668122270743,-0.008742524272117864,26.200873362445414,0.0617568932058134,85.58951965065502,0.003066407767086108,55.89519650655022,16.157205240174672,507625,49.06542056074766,53.2967032967033,527437.5,-32.90821532057299,FALSE,FALSE,NA,Low,41,59,Insufficient Evidence,Wingers and attacking midfielders,1.1.0,2026-07-25 22:12:49 UTC,NA,NA,NA,Performance data through: 2026-07-25 (updates every day) · MLSPA compensation as of: 2026-04-16,FALSE,2026-07-25 22:12:44 UTC
gOMnRE8BMw,asa_gOMnRE8BMw_mls_blended,Marcel Hartel,marcel hartel,1996-01-19,Germany,W,NA,30.4476386036961,mls,wvq9B9wQWn,W,asa_live,TRUE,NA,mlspa_via_asa,1413,2407813,3409,2407813,TRUE,0.6687174633222905,0.33128253667770946,blended,2025+2026 season to date,2542.3421675343116,0.31123897044889803,0.06941616822039375,0.045192116661208453,0.11752374223905791,0.04389604200456546,0.035710495602173306,-4.995942785008414e-4,2026,2407813,St. Louis City SC,0.19903356584128315,1,0.28981442812498076,0.30913539000963997,0.07404391277073387,86.02620087336244,0.048204924440128756,86.8995633187773,0.1253586583922459,77.29257641921397,0.046822444806333026,75.10917030567686,0.038091195310175206,50.65502183406114,-5.32900563750884e-4,31.87772925764192,93.01310043668123,2407813,87.85046728971963,94.06593406593407,527437.5,5.162633146961596,TRUE,FALSE,68.81720430107526,High,20.75,79.25,Undervalued,Wingers and attacking midfielders,1.1.0,2026-07-25 22:12:49 UTC,30,30,134,Performance data through: 2026-07-25 (updates every day) · MLSPA compensation as of: 2026-04-16,FALSE,2026-07-25 22:12:44 UTC
gOMnYNjlQw,asa_gOMnYNjlQw_mls_blended,Stiven Jimenez,stiven jimenez,2007-06-24,USA,CM,NA,19.019849418206707,mls,NWMWlBK5lz,CM,asa_live,TRUE,NA,mlspa_via_asa,15,113400,121,113400,TRUE,0.15,0.85,blended,2025+2026 season to date,117.85,-0.023539834710743807,0,0.003925785123966935,0.010059917355371898,-0.006871983471074381,0.13678438016528927,-0.1674379338842975,2026,113400,FC Cincinnati,0.13647524696350208,1,0.11020544495011506,0.11755247461712957,0,6.280193236714976,0.0041875041323622565,30.434782608695652,0.010730578512732023,20.77294685990338,-0.007330115702708405,23.18840579710145,0.1459033388475347,97.58454106280193,-0.1786004628154986,0.4830917874396135,22.705314009661837,113400,15.051020408163266,16.428571428571427,510300,7.654293601498571,FALSE,TRUE,NA,Low,41,59,Small-Sample Watchlist,Central and defensive midfielders,1.1.0,2026-07-25 22:12:49 UTC,NA,NA,NA,Performance data through: 2026-07-25 (updates every day) · MLSPA compensation as of: 2026-04-16,FALSE,2026-07-25 22:12:44 UTC
gOMnYVweQw,asa_gOMnYVweQw_mls_blended,Gonzalo Lujan,gonzalo lujan,2001-04-07,Argentina,CB,NA,25.232032854209447,mls,zeQZkL1MKw,CB,asa_live,TRUE,NA,mlspa_via_asa,976,921750,1964,921750,TRUE,0.5823389021479713,0.41766109785202865,blended,2025+2026 season to date,1796.2863961813841,0.09333109454670951,0.008035217446252104,0.033862013862897306,0.009432219084329379,4.532175823534848e-4,0.05495025859261455,-0.013401832021737333,2026,921750,Inter Miami CF,0.1396251547943452,1,0.10492254546544974,0.11191738183331047,0.008570898609603418,51.06382978723404,0.03611948145488586,27.659574468085108,0.010061033690265744,32.97872340425532,4.8343208785882433e-4,39.8936170212766,0.058613609167287195,34.57446808510638,-0.014295287490299883,23.93617021276596,13.297872340425531,921750,81.66666666666667,80,509583.5,-68.36879432624114,TRUE,FALSE,3.125,High,20.75,79.25,Below Expected Value by Current Model,Center backs,1.1.0,2026-07-25 22:12:49 UTC,94,94,413,Performance data through: 2026-07-25 (updates every day) · MLSPA compensation as of: 2026-04-16,FALSE,2026-07-25 22:12:44 UTC
gOMnYZnAQw,asa_gOMnYZnAQw_mls_blended,Mamadou Fall,mamadou fall,2002-11-21,Senegal,CB,NA,23.60848733744011,mls,wvq9B9wQWn,CB,asa_live,TRUE,NA,mlspa_via_asa,51,496350,0,NA,FALSE,1,0,blended,2025+2026 season to date,51,0.06282352941176471,0,0.02205882352941176,1.7647058823529413e-4,-0.014823529411764702,0.04270588235294118,0.012705882352941171,2026,496350,St. Louis City SC,0.1396251547943452,1,0.13360843759847482,0.1425156667761601,0,7.180851063829787,0.02352941176544117,15.957446808510639,1.8823529412352944e-4,7.446808510638298,-0.015811764706376467,9.042553191489361,0.045552941177894116,21.27659574468085,0.013552941176894111,98.93617021276596,38.297872340425535,496350,48.888888888888886,51.86813186813187,509583.5,-10.591016548463351,FALSE,TRUE,NA,Low,49,51,Small-Sample Watchlist,Center backs,1.1.0,2026-07-25 22:12:49 UTC,NA,NA,NA,Performance data through: 2026-07-25 (updates every day) · MLSPA compensation as of: 2026-04-16,FALSE,2026-07-25 22:12:44 UTC
gOMnYnlxQw,asa_gOMnYnlxQw_mls_blended,Allen Obando,allen obando,2006-06-13,Ecuador,FW,NA,19.04996577686516,mls,zeQZkL1MKw,FW,asa_live,TRUE,NA,mlspa_via_asa,0,NA,178,620833,TRUE,0,1,blended,2025+2026 season to date,178,0.3423539325842696,0.05035955056179774,-0.03463483146067416,0.16649999999999998,0.1102247191011236,0.029224719101123592,0.02067977528089887,2026,620833,Inter Miami CF,0.21844855740004673,1,0.2467970879691877,0.2632502271753601,0.05371685393426291,39.716312056737586,-0.0369438202258736,57.4468085106383,0.17760000000554999,46.09929078014184,0.11757303371153932,96.45390070921985,0.03117303370883932,56.02836879432624,0.022058426966981456,85.1063829787234,73.04964539007092,620833,54.88721804511278,61.53846153846154,540000,18.16242734495814,FALSE,FALSE,NA,Low,41,59,Insufficient Evidence,Strikers,1.1.0,2026-07-25 22:12:49 UTC,NA,NA,NA,Performance data through: 2026-07-25 (updates every day) · MLSPA compensation as of: 2026-04-16,FALSE,2026-07-25 22:12:44 UTC
gOMnYzdxQw,asa_gOMnYzdxQw_mls_blended,Tsiki Ntsabeleng,tsiki ntsabeleng,1998-02-09,South Africa,CM,NA,27.38945927446954,mls,mKAqBBmqbg,CM,asa_live,TRUE,NA,mlspa_via_asa,0,NA,415,227000,TRUE,0,1,blended,2025+2026 season to date,415,0.13337349397590362,0.02895180722891566,0.01433493975903614,0.0418987951807229,0.04359036144578313,0.0042722891566265,3.253012048192771e-4,2026,227000,FC Dallas,0.13647524696350208,1,0.1352070425400012,0.1442208453805082,0.03088192771180843,82.1256038647343,0.01529060241011638,46.85990338164251,0.044692048194167715,76.32850241545894,0.04649638554362168,92.7536231884058,0.004557108433877344,6.763285024154589,3.4698795181807227e-4,67.6328502415459,52.65700483091788,227000,31.122448979591837,31.978021978021978,510300,21.53455585132604,FALSE,FALSE,NA,Low,41,59,Insufficient Evidence,Central and defensive midfielders,1.1.0,2026-07-25 22:12:49 UTC,NA,NA,NA,Performance data through: 2026-07-25 (updates every day) · MLSPA compensation as of: 2026-04-16,FALSE,2026-07-25 22:12:44 UTC
gOMna9OOQw,asa_gOMna9OOQw_mls_blended,Forster Ajago,forster ajago,2001-08-16,Ghana,FW,NA,23.874058863791923,mls,a2lqR4JMr0,FW,asa_live,TRUE,NA,mlspa_via_asa,0,NA,295,80622,TRUE,0,1,blended,2025+2026 season to date,295,0.06177966101694914,0.03776949152542373,-0.04759322033898305,0.15242033898305085,-0.11513898305084748,0.027915254237288127,0.00640677966101695,2026,80622,Real Salt Lake,0.21844855740004673,1,0.16680908875980785,0.17792969468268868,0.040287457628377626,23.404255319148938,-0.05076610169650169,44.680851063829785,0.16258169492033492,40.42553191489362,-0.12281491525807528,8.51063829787234,0.029776271187371178,52.4822695035461,0.006833898305298306,60.99290780141844,11.347517730496454,80622,1.5037593984962405,1.043956043956044,540000,9.843758332000213,FALSE,FALSE,NA,Low,41,59,Insufficient Evidence,Strikers,1.1.0,2026-07-25 22:12:49 UTC,NA,NA,NA,Performance data through: 2026-07-25 (updates every day) · MLSPA compensation as of: 2026-04-16,FALSE,2026-07-25 22:12:44 UTC
gOMnd9ROqw,asa_gOMnd9ROqw_mls_blended,Ayoub Lajhar,ayoub lajhar,2004-07-10,Libya,FB,NA,21.973990417522245,mls,NWMWlBK5lz,FB,asa_live,FALSE,NA,NA,52,NA,0,NA,FALSE,1,0,blended,2025+2026 season to date,52,-0.1410576923076923,0,0.07805769230769231,0.01523076923076923,0.00951923076923077,0.1888269230769231,-0.4326923076923077,2026,NA,FC Cincinnati,0.11482828719990651,1,0.09442020294469924,0.10071488314415987,0,6.377551020408164,0.08326153846414039,96.42857142857143,0.01624615384666154,33.673469387755105,0.010153846154163461,63.775510204081634,0.20141538462167885,97.95918367346938,-0.46153846155288464,0.5102040816326531,23.979591836734695,NA,NA,NA,336500,NA,FALSE,FALSE,NA,Insufficient,49,51,Insufficient Evidence,Fullbacks and wingbacks,1.1.0,2026-07-25 22:12:49 UTC,NA,NA,NA,Performance data through: 2026-07-25 (updates every day) · MLSPA compensation as of: 2026-04-16,FALSE,2026-07-25 22:12:44 UTC
gOMndX0Jqw,asa_gOMndX0Jqw_mls_blended,Ricky Louis,ricky louis,2004-10-04,Haiti,W,NA,21.738535249828885,mls,mKAqBBmqbg,W,asa_live,TRUE,NA,mlspa_via_asa,25,88858,0,NA,FALSE,1,0,blended,2025+2026 season to date,25,-0.20844,0,-0.01512,0.06984,-0.24804,-0.01152,-0.0036,2026,88858,FC Dallas,0.19903356584128315,1,0.1827346232076318,0.19491693142756508,0,5.895196506550218,-0.016128000000504,39.301310043668124,0.07449600000232799,40.61135371179039,-0.26457600000826803,2.6200873362445414,-0.012288000000384,3.493449781659389,-0.00384000000012,17.467248908296945,32.751091703056765,88858,7.009345794392523,6.318681318681318,527437.5,25.741745908664242,FALSE,TRUE,NA,Low,49,51,Small-Sample Watchlist,Wingers and attacking midfielders,1.1.0,2026-07-25 22:12:49 UTC,NA,NA,NA,Performance data through: 2026-07-25 (updates every day) · MLSPA compensation as of: 2026-04-16,FALSE,2026-07-25 22:12:44 UTC
gOMndYAxqw,asa_gOMndYAxqw_mls_blended,Troy Putt,troy putt,2006-09-27,New Zealand,W,NA,19.759069130732374,mls,kRQand1MKZ,W,asa_live,FALSE,NA,NA,8,NA,0,NA,FALSE,1,0,blended,2025+2026 season to date,8,0.207,0,0.05175,0.0225,-0.320625,0.453375,0,2026,NA,Minnesota United FC,0.19903356584128315,1,0.19913838734337153,0.21241427983956757,0,5.895196506550218,0.055200000001724994,90.39301310043668,0.024000000000749998,5.895196506550218,-0.3420000000106875,1.7467248908296944,0.48360000001511244,99.56331877729258,0,38.646288209606986,53.275109170305676,NA,NA,NA,527437.5,NA,FALSE,FALSE,NA,Insufficient,49,51,Insufficient Evidence,Wingers and attacking midfielders,1.1.0,2026-07-25 22:12:49 UTC,NA,NA,NA,Performance data through: 2026-07-25 (updates every day) · MLSPA compensation as of: 2026-04-16,FALSE,2026-07-25 22:12:44 UTC
gOMnl3ZXqw,asa_gOMnl3ZXqw_mls_blended,Marcelo Weigandt,marcelo weigandt,2000-01-11,Argentina,FB,NA,25.470225872689937,mls,zeQZkL1MKw,FB,asa_live,TRUE,NA,mlspa_via_asa,0,NA,1890,734708,TRUE,0,1,blended,2025+2026 season to date,1890,0.10769523809523812,0.01363809523809523,0.0236,0.0156047619047619,-0.00496666666666666,0.06370952380952381,-0.00389047619047619,2026,734708,Inter Miami CF,0.11482828719990651,1,0.10941404510841123,0.11670831478595244,0.014547301587756183,57.6530612244898,0.025173333334119998,60.204081632653065,0.01664507936559952,35.204081632653065,-0.005297777777943326,28.571428571428573,0.06795682539894905,68.87755102040816,-0.0041498412699709514,36.224489795918366,42.3469387755102,734708,84.49197860962566,69.45054945054945,336500,-42.14503983411546,FALSE,FALSE,NA,Low,41,59,Insufficient Evidence,Fullbacks and wingbacks,1.1.0,2026-07-25 22:12:49 UTC,NA,NA,NA,Performance data through: 2026-07-25 (updates every day) · MLSPA compensation as of: 2026-04-16,FALSE,2026-07-25 22:12:44 UTC
gOMnl3y6qw,asa_gOMnl3y6qw_mls_blended,Jeong Sang-Bin,jeong sangbin,2002-04-01,South Korea,W,NA,24.249144421629023,mls,wvq9B9wQWn,W,asa_live,TRUE,NA,mlspa_via_asa,447,791833,1097,791833,TRUE,0.3897122929380994,0.6102877070619006,blended,2025+2026 season to date,1116.485614646905,0.14800967606828164,0.038071512303905625,-0.018555982512344436,0.07282365236409992,0.036410939242238684,0.013996282164482832,0.005263272505899018,2026,791833,St. Louis City SC,0.19903356584128315,1,0.16584514966769104,0.1769014929843986,0.04060961312543505,42.35807860262009,-0.01979304801378593,35.80786026200873,0.07767856252413403,42.79475982532751,0.03883833519293496,71.17903930131004,0.014929367642581563,16.157205240174672,0.005614157339801062,63.31877729257642,20.96069868995633,791833,68.22429906542057,73.4065934065934,527437.5,-47.263600375464236,FALSE,TRUE,NA,Low,41,59,Small-Sample Watchlist,Wingers and attacking midfielders,1.1.0,2026-07-25 22:12:49 UTC,NA,NA,NA,Performance data through: 2026-07-25 (updates every day) · MLSPA compensation as of: 2026-04-16,FALSE,2026-07-25 22:12:44 UTC
gOMnl6zBqw,asa_gOMnl6zBqw_mls_blended,Osaze De Rosario,osaze de rosario,2001-07-19,Canada,FW,NA,24.95003422313484,mls,jYQJ19EqGR,FW,asa_live,TRUE,NA,mlspa_via_asa,503,315000,358,315000,TRUE,0.41812136325852034,0.5818786367414797,blended,2025+2026 season to date,711.3125519534497,0.4171237548586634,0.08009213001017011,-0.07289140277797126,0.3583080566739576,0.013308808983128775,0.04471420610484961,-0.006408044135471382,2026,315000,Seattle Sounders FC,0.21844855740004673,1,0.32621856349327055,0.3479664677370292,0.0854316053468512,78.01418439716312,-0.07775082963226573,19.858156028368793,0.382195260464165,96.45390070921985,0.014196062915780986,82.97872340425532,0.04769515317999672,83.68794326241135,-0.006835247078049743,8.51063829787234,95.74468085106383,315000,38.34586466165413,37.362637362637365,540000,57.3988161894097,TRUE,FALSE,96.49122807017544,Medium,29.75,70.25,Elite Value,Strikers,1.1.0,2026-07-25 22:12:49 UTC,3,3,18,Performance data through: 2026-07-25 (updates every day) · MLSPA compensation as of: 2026-04-16,FALSE,2026-07-25 22:12:44 UTC
gOMnlGZmqw,asa_gOMnlGZmqw_mls_blended,Mohamed Farsi,mohamed farsi,1999-12-16,Canada,FB,NA,26.54072553045859,mls,mvzqoLZQap,FB,asa_live,TRUE,NA,mlspa_via_asa,345,530000,1643,530000,TRUE,0.33014354066985646,0.6698564593301435,blended,2025+2026 season to date,1445.5741626794259,0.11779856138991865,0.023262793291534037,-0.025510986146825586,0.06362804241278788,-0.0016737226511195807,0.05503084566393021,0.003061588819611688,2026,530000,Columbus Crew,0.11482828719990651,1,0.11692733190994081,0.1247224873745011,0.02481364617841173,77.55102040816327,-0.027211718557464324,9.183673469387756,0.06786991190909468,87.75510204081633,-0.00178530416125001,34.183673469387756,0.05869956871002659,54.59183673469388,0.0032656947410211867,79.08163265306122,52.55102040816327,530000,70.32085561497327,54.72527472527472,336500,-17.76983520681,FALSE,TRUE,NA,Low,41,59,Small-Sample Watchlist,Fullbacks and wingbacks,1.1.0,2026-07-25 22:12:49 UTC,NA,NA,NA,Performance data through: 2026-07-25 (updates every day) · MLSPA compensation as of: 2026-04-16,FALSE,2026-07-25 22:12:44 UTC
gOMnlKNeqw,asa_gOMnlKNeqw_mls_blended,Liel Abada,liel abada,2001-10-03,Israel,W,NA,24.7419575633128,mls,NPqxKXZ59d,W,asa_live,TRUE,NA,mlspa_via_asa,498,2648500,1741,2648500,TRUE,0.41569282136894825,0.5843071786310517,blended,2025+2026 season to date,1515.278797996661,0.2784507618000132,0.06349388891499233,0.017206071961789655,0.10916779353680603,0.058117694242462305,0.02845581090061072,0.002009502243352165,2026,2648500,Charlotte FC,0.19903356584128315,1,0.25592403027868055,0.27298563230579004,0.06772681484477495,77.7292576419214,0.0183531434264825,70.74235807860262,0.11644564644289869,74.23580786026201,0.061992207193897045,85.1528384279476,0.03035286496159996,34.06113537117904,0.002143469059642626,53.711790393013104,86.8995633187773,2648500,89.25233644859813,94.61538461538461,527437.5,-2.3527731298208323,TRUE,FALSE,52.68817204301075,Medium,29.75,70.25,Fair Value,Wingers and attacking midfielders,1.1.0,2026-07-25 22:12:49 UTC,45,45,202,Performance data through: 2026-07-25 (updates every day) · MLSPA compensation as of: 2026-04-16,FALSE,2026-07-25 22:12:44 UTC
gOMnlNzlqw,asa_gOMnlNzlqw_mls_blended,Luke Hille,luke hille,2003-02-19,USA,W,NA,22.362765229295004,mls,kRQand1MKZ,W,asa_live,FALSE,NA,NA,0,NA,3,NA,TRUE,0,1,blended,2025+2026 season to date,3,-0.26399999999999996,0,0,0.039,-0.234,-0.06899999999999999,0,2026,NA,Minnesota United FC,0.19903356584128315,1,0.19672991625998323,0.20984524401720644,0,5.895196506550218,0,55.02183406113537,0.0416000000013,11.790393013100436,-0.2496000000078,3.056768558951965,-0.07360000000229999,1.7467248908296944,0,38.646288209606986,50.21834061135371,NA,NA,NA,527437.5,NA,FALSE,FALSE,NA,Insufficient,41,59,Insufficient Evidence,Wingers and attacking midfielders,1.1.0,2026-07-25 22:12:49 UTC,NA,NA,NA,Performance data through: 2026-07-25 (updates every day) · MLSPA compensation as of: 2026-04-16,FALSE,2026-07-25 22:12:44 UTC
gOMnlWY8qw,asa_gOMnlWY8qw_mls_blended,Jaziel Orozco,jaziel orozco,2004-06-02,USA,CB,NA,22.078028747433265,mls,wvq9B9wQWn,CB,asa_live,TRUE,NA,mlspa_via_asa,834,88025,622,88025,TRUE,0.5436766623207301,0.4563233376792699,blended,2025+2026 season to date,1117.833116036506,0.08205093130206215,0.009404861719565517,0.05373313573994809,0.01758061223206462,-0.011234992894184132,0.047173040241136596,-0.03460572573646856,2026,88025,St. Louis City SC,0.1396251547943452,1,0.10216029685852154,0.10897098331916165,0.01003185250118338,60.1063829787234,0.05731534479106907,63.297872340425535,0.018752653048121615,56.91489361702128,-0.011983992420837574,13.829787234042554,0.05031790959211814,25,-0.03691277412005332,6.382978723404255,9.574468085106384,88025,3.611111111111111,4.34065934065934,509583.5,5.963356973995273,TRUE,FALSE,63.541666666666664,Medium,29.75,70.25,Fair Value,Center backs,1.1.0,2026-07-25 22:12:49 UTC,36,36,157,Performance data through: 2026-07-25 (updates every day) · MLSPA compensation as of: 2026-04-16,FALSE,2026-07-25 22:12:44 UTC
gOMnlp9eqw,asa_gOMnlp9eqw_mls_blended,Matti Peltola,matti peltola,2002-07-03,Finland,CM,NA,23.994524298425738,mls,EKXMeX3Q64,CM,asa_live,TRUE,NA,mlspa_via_asa,1531,876000,1729,876000,TRUE,0.6862393545495293,0.31376064545047067,blended,2025+2026 season to date,2073.492155983864,0.12253824921922778,0.013580673142705743,0.03131713597685901,0.006745643372645654,0.003082221984295635,0.06349573274634021,0.0043168419963815026,2026,876000,D.C. United,0.13647524696350208,1,0.12566606787687679,0.1340438057395241,0.014486051352672148,45.410628019323674,0.03340494504302685,68.1159420289855,0.007195352931046886,12.077294685990339,0.0032877034500180848,47.82608695652174,0.06772878159821275,62.80193236714976,0.004604631462950831,83.57487922705315,35.265700483091784,876000,81.12244897959184,77.91208791208791,510300,-45.85674849650005,TRUE,FALSE,18.556701030927837,High,14,86,Below Expected Value by Current Model,Central and defensive midfielders,1.1.0,2026-07-25 22:12:49 UTC,80,80,348,Performance data through: 2026-07-25 (updates every day) · MLSPA compensation as of: 2026-04-16,FALSE,2026-07-25 22:12:44 UTC
gOMnlrDeqw,asa_gOMnlrDeqw_mls_blended,George Campbell,george campbell,2001-06-22,USA,CB,NA,24.024640657084188,mls,APk5LGOMOW,CB,asa_live,TRUE,NA,mlspa_via_asa,0,NA,1499,517500,TRUE,0,1,blended,2025+2026 season to date,1499,0.19911674449633088,0.01510006671114076,0.07027084723148767,0.01905070046697798,-0.05200667111407605,0.14654569713142093,1.561040693795864e-4,2026,517500,CF Montréal,0.1396251547943452,1,0.182111049488617,0.19425178612726185,0.016106737825720144,80.31914893617021,0.07495557038259588,85.63829787234043,0.020320747165411535,62.234042553191486,-0.05547378252341468,1.5957446808510638,0.1563154102784005,93.08510638297872,1.6651100734342894e-4,81.91489361702128,86.70212765957447,517500,50.55555555555556,53.62637362637363,509583.5,36.146572104018915,FALSE,FALSE,NA,Low,41,59,Insufficient Evidence,Center backs,1.1.0,2026-07-25 22:12:49 UTC,NA,NA,NA,Performance data through: 2026-07-25 (updates every day) · MLSPA compensation as of: 2026-04-16,FALSE,2026-07-25 22:12:44 UTC
gjMN614vMK,asa_gjMN614vMK_mls_blended,Ramiro Enrique,ramiro enrique,2001-05-04,Argentina,FW,NA,24.15879534565366,mls,jYQJ8EW5GR,FW,asa_live,TRUE,NA,mlspa_via_asa,0,NA,1123,421363,TRUE,0,1,blended,2025+2026 season to date,1123,0.29157435440783613,0.08640961709706145,-0.05561086375779162,0.37288691006233304,-0.15279964381121994,0.04000712377560107,6.812110418521817e-4,2026,421363,Orlando City SC,0.21844855740004673,1,0.2661097704236959,0.28385042179414594,0.09217025823974587,83.68794326241135,-0.05931825467683142,33.333333333333336,0.39774603741225145,97.16312056737588,-0.16298628673706125,5.673758865248227,0.04267426536197471,79.43262411347517,7.266251113317009e-4,36.87943262411348,80.1418439716312,421363,44.3609022556391,45.604395604395606,540000,35.78094171599211,FALSE,FALSE,NA,Low,41,59,Insufficient Evidence,Strikers,1.1.0,2026-07-25 22:12:49 UTC,NA,NA,NA,Performance data through: 2026-07-25 (updates every day) · MLSPA compensation as of: 2026-04-16,FALSE,2026-07-25 22:12:44 UTC
gjMN6B9KMK,asa_gjMN6B9KMK_mls_blended,Mateja Djordjevic,mateja djordjevic,2003-01-17,Serbia,CB,NA,23.45242984257358,mls,gpMOLwl5zy,CB,asa_live,TRUE,NA,mlspa_via_asa,89,335000,348,335000,TRUE,0.15,0.85,blended,2025+2026 season to date,384.8,0.036781179775280906,0,0.0038256247578457962,0.0014387737311119643,0.003648208058891902,0.02970961836497481,-0.001841045137543588,2026,335000,Austin FC,0.1396251547943452,1,0.09943997852775711,0.10606931043292225,0,7.180851063829787,0.00408066640849637,5.319148936170213,0.001534691979900721,12.23404255319149,0.0038914219296063025,52.659574468085104,0.03169025959029678,13.297872340425531,-0.001963781480107862,61.702127659574465,8.51063829787234,335000,36.666666666666664,39.395604395604394,509583.5,-28.156028368794324,FALSE,TRUE,NA,Low,41,59,Small-Sample Watchlist,Center backs,1.1.0,2026-07-25 22:12:49 UTC,NA,NA,NA,Performance data through: 2026-07-25 (updates every day) · MLSPA compensation as of: 2026-04-16,FALSE,2026-07-25 22:12:44 UTC
gjMN6gkKMK,asa_gjMN6gkKMK_mls_blended,Felipe Andrade,felipe andrade,2002-05-29,Brazil,FB,NA,24.09034907597536,mls,YgOMngl5wN,FB,asa_live,TRUE,NA,mlspa_via_asa,1215,252500,1973,252500,TRUE,0.6344647519582245,0.3655352480417755,blended,2025+2026 season to date,1936.201044386423,0.13726974521576532,0.02051170673544548,0.029628361734591928,0.035925787954619745,-3.639379667283761e-4,0.060403726548615186,-0.008835899790778642,2026,252500,Houston Dynamo FC,0.11482828719990651,1,0.13196067287730928,0.1407580510735286,0.021879153851825567,71.93877551020408,0.031603585851219,71.42857142857143,0.03832084048612525,66.83673469387755,-3.8820049785573245e-4,39.795918367346935,0.06443064165386965,63.265306122448976,-0.009424959777125081,20.408163265306122,70.91836734693878,252500,39.57219251336898,33.18681318681319,336500,31.346174833569798,TRUE,FALSE,86.25,High,20.75,79.25,Strong Value,Fullbacks and wingbacks,1.1.0,2026-07-25 22:12:49 UTC,12,12,61,Performance data through: 2026-07-25 (updates every day) · MLSPA compensation as of: 2026-04-16,FALSE,2026-07-25 22:12:44 UTC
gjMN6r64MK,asa_gjMN6r64MK_mls_blended,Lucas Bartlett,lucas bartlett,1997-07-26,USA,CB,NA,28.930869267624914,mls,EKXMeX3Q64,CB,asa_live,TRUE,NA,mlspa_via_asa,1627,585625,2925,585625,TRUE,0.6991834980661796,0.30081650193382037,blended,2025+2026 season to date,2506.8882681564246,0.19625344616706888,0.01822475290073055,0.01606654325476843,0.061754057717100255,-0.002976893325840461,0.0912855112227695,0.011899474397540577,2026,585625,D.C. United,0.1396251547943452,1,0.1853174317722559,0.1976719272299169,0.01943973642805341,86.70212765957447,0.01713764613895521,10.638297872340425,0.06587099490029874,94.68085106382979,-0.0031753528809957215,27.127659574468087,0.09737121197399698,75,0.012692772691106597,98.40425531914893,88.29787234042553,585625,56.666666666666664,59.45054945054945,509583.5,31.631205673758863,TRUE,FALSE,82.29166666666667,High,14,86,Strong Value,Center backs,1.1.0,2026-07-25 22:12:49 UTC,18,18,79,Performance data through: 2026-07-25 (updates every day) · MLSPA compensation as of: 2026-04-16,FALSE,2026-07-25 22:12:44 UTC
gjMN7Xz05K,asa_gjMN7Xz05K_mls_blended,Gage Guerra,gage guerra,2002-12-21,USA,FW,NA,23.526351813826142,mls,WBLMvYAQxe,FW,asa_live,TRUE,NA,mlspa_via_asa,327,88025,206,88025,TRUE,0.3184031158714703,0.6815968841285297,blended,2025+2026 season to date,467.4089581304771,0.25190088012024847,0.04359164689310934,-0.010769268583204919,0.26671611158903774,-0.06827836757073577,0.017820222913377638,0.0028205348786644064,2026,88025,Portland Timbers FC,0.21844855740004673,1,0.23309703415358612,0.24863683643826176,0.04649775668743635,31.914893617021278,-0.011487219822444222,78.01418439716312,0.2844971857038641,85.81560283687944,-0.0728302587443941,19.148936170212767,0.019008237774863487,26.95035460992908,0.0030085705373360514,48.226950354609926,62.4113475177305,88025,6.7669172932330826,4.34065934065934,540000,55.64443022449741,FALSE,TRUE,NA,Low,41,59,Small-Sample Watchlist,Strikers,1.1.0,2026-07-25 22:12:49 UTC,NA,NA,NA,Performance data through: 2026-07-25 (updates every day) · MLSPA compensation as of: 2026-04-16,FALSE,2026-07-25 22:12:44 UTC
gjMNRGojMK,asa_gjMNRGojMK_mls_blended,Guilherme,guilherme,1995-04-13,Brazil,W,NA,31.21697467488022,mls,YgOMngl5wN,W,asa_live,TRUE,NA,mlspa_via_asa,1407,1925230,0,NA,FALSE,1,0,blended,2025+2026 season to date,1407,0.36992750533049035,0.07233262260127932,0.04073347547974414,0.07753304904051173,0.08502345415778252,0.06918550106609808,0.025119402985074618,2026,1925230,Houston Dynamo FC,0.19903356584128315,1,0.3188381362754209,0.3400940120377436,0.0771547974437757,88.20960698689956,0.04344904051308486,85.1528384279476,0.08270191897913028,48.03493449781659,0.09069168443780214,91.26637554585153,0.07379786780614414,92.5764192139738,0.02679402985158357,91.26637554585153,97.37991266375546,1925230,85.04672897196262,92.52747252747253,527437.5,12.33318369179284,TRUE,FALSE,80.64516129032258,High,28.75,71.25,Undervalued,Wingers and attacking midfielders,1.1.0,2026-07-25 22:12:49 UTC,19,19,85,Performance data through: 2026-07-25 (updates every day) · MLSPA compensation as of: 2026-04-16,FALSE,2026-07-25 22:12:44 UTC
gjMNRerBMK,asa_gjMNRerBMK_mls_blended,Hirving Lozano,hirving lozano,1995-07-30,Mexico,W,NA,29.921971252566735,mls,zeQZBOzQKw,W,asa_live,TRUE,NA,mlspa_via_asa,0,NA,2182,7633333,TRUE,0,1,blended,2025+2026 season to date,2182,0.34795600366636115,0.09186434463794683,0.01590054995417048,0.1949395050412466,-0.01042300641613198,0.03474197983501375,0.02093263061411549,2026,7633333,San Diego FC,0.19903356584128315,1,0.3158375771045183,0.3368934155886808,0.09798863428353877,94.75982532751091,0.016960586618311863,68.99563318777292,0.20793547205049437,93.88646288209607,-0.011117873510888212,23.580786026200872,0.03705811182517273,48.47161572052402,0.02232813932242094,88.646288209607,96.5065502183406,7633333,99.06542056074767,99.34065934065934,527437.5,-2.5588703424070616,FALSE,FALSE,NA,Low,41,59,Insufficient Evidence,Wingers and attacking midfielders,1.1.0,2026-07-25 22:12:49 UTC,NA,NA,NA,Performance data through: 2026-07-25 (updates every day) · MLSPA compensation as of: 2026-04-16,FALSE,2026-07-25 22:12:44 UTC
gjMNRxjvMK,asa_gjMNRxjvMK_mls_blended,Maximiliano Falcón,maximiliano falcon,1997-05-01,Uruguay,CB,NA,29.166324435318277,mls,zeQZkL1MKw,CB,asa_live,TRUE,NA,mlspa_via_asa,924,674250,2685,674250,TRUE,0.5689655172413793,0.43103448275862066,blended,2025+2026 season to date,2081.3275862068967,0.07266691320142005,0.0035129585546412705,0.033421316426782616,0.026034135316619425,0.008090307400170622,0.015352770591958614,-0.013744575088752509,2026,674250,Inter Miami CF,0.1396251547943452,1,0.08765014209236956,0.0934934849014492,0.003747155791734454,21.80851063829787,0.03564940418968217,26.06382978723404,0.027769744338595193,72.87234042553192,0.00862966122711834,73.40425531914893,0.016376288631934282,7.446808510638298,-0.014660880095127496,22.872340425531913,4.25531914893617,674250,62.22222222222222,65.71428571428571,509583.5,-57.96690307328605,TRUE,FALSE,8.333333333333334,High,20.75,79.25,Below Expected Value by Current Model,Center backs,1.1.0,2026-07-25 22:12:49 UTC,89,89,391,Performance data through: 2026-07-25 (updates every day) · MLSPA compensation as of: 2026-04-16,FALSE,2026-07-25 22:12:44 UTC
gjMNjJbkMK,asa_gjMNjJbkMK_mls_blended,Jacob Bartlett,jacob bartlett,2005-10-07,USA,CM,NA,20.73100616016427,mls,Z2vQ1xlqrA,CM,asa_live,TRUE,NA,mlspa_via_asa,936,91025,2178,91025,TRUE,0.57212713936430315,0.42787286063569685,blended,2025+2026 season to date,1867.9070904645478,0.09909811776354341,0.0032418365697427665,7.932217260401293e-4,0.0177708682737578,-0.01669274990401907,0.10085079007456203,-0.006865848976540238,2026,91025,Sporting Kansas City,0.13647524696350208,1,0.10818528218988077,0.115397634339479,0.0034579590078336786,16.908212560386474,8.461031744692452e-4,26.570048309178745,0.018955592825934016,42.028985507246375,-0.017805599898176767,12.560386473429952,0.10757417608289453,92.27053140096618,-0.0073235722418717826,23.67149758454106,20.28985507246377,91025,6.63265306122449,7.802197802197802,510300,13.65720201123928,TRUE,FALSE,71.1340206185567,High,20.75,79.25,Fair Value,Central and defensive midfielders,1.1.0,2026-07-25 22:12:49 UTC,29,29,125,Performance data through: 2026-07-25 (updates every day) · MLSPA compensation as of: 2026-04-16,FALSE,2026-07-25 22:12:44 UTC
gjMNjWyKMK,asa_gjMNjWyKMK_mls_blended,Alex Freeman,alex freeman,2004-08-09,USA,FB,NA,20.892539356605067,mls,jYQJ8EW5GR,FB,asa_live,TRUE,NA,mlspa_via_asa,0,NA,2878,108000,TRUE,0,1,blended,2025+2026 season to date,2878,0.2998207088255733,0.03883321751216122,0.029482974287699786,0.0943342599027102,0.05769944405837387,0.07634051424600416,0.00313029881862404,2026,108000,Orlando City SC,0.11482828719990651,1,0.2679071225761771,0.28576759742351915,0.04142209868093307,90.81632653061224,0.03144850590786254,70.91836734693878,0.10062321056603536,92.85714285714286,0.06154607366418877,94.89795918367346,0.08142988186494912,82.14285714285714,0.0033389854066366528,80.10204081632654,100,108000,17.112299465240643,14.505494505494505,336500,82.88770053475936,FALSE,FALSE,NA,Low,41,59,Insufficient Evidence,Fullbacks and wingbacks,1.1.0,2026-07-25 22:12:49 UTC,NA,NA,NA,Performance data through: 2026-07-25 (updates every day) · MLSPA compensation as of: 2026-04-16,FALSE,2026-07-25 22:12:44 UTC
gjMNjY0kMK,asa_gjMNjY0kMK_mls_blended,Dominik Fitz,dominik fitz,1999-06-16,Austria,CM,NA,27.041752224503764,mls,kRQand1MKZ,CM,asa_live,TRUE,NA,mlspa_via_asa,15,893000,187,893000,TRUE,0.15,0.85,blended,2025+2026 season to date,173.95,0.06706636363636359,0.027204545454545453,0.02609181818181817,0.10168363636363638,-0.13914,0.04839545454545455,0.0028309090909090853,2026,893000,Minnesota United FC,0.13647524696350208,1,0.12087517557031681,0.1289335206123671,0.029018181819088634,79.71014492753623,0.027831272728142443,60.869565217391305,0.10846254545793492,98.06763285024155,-0.148416000004638,0.966183574879227,0.05162181818343137,35.265700483091784,0.0030196363637307213,77.77777777777777,30.917874396135264,893000,82.65306122448979,78.46153846153847,510300,-51.73518682835453,FALSE,TRUE,NA,Low,41,59,Small-Sample Watchlist,Central and defensive midfielders,1.1.0,2026-07-25 22:12:49 UTC,NA,NA,NA,Performance data through: 2026-07-25 (updates every day) · MLSPA compensation as of: 2026-04-16,FALSE,2026-07-25 22:12:44 UTC
gjMNjxPBMK,asa_gjMNjxPBMK_mls_blended,Ian Pilcher,ian pilcher,2003-03-21,USA,FB,NA,23.279945242984255,mls,zeQZBOzQKw,FB,asa_live,TRUE,NA,mlspa_via_asa,226,88025,1529,88025,TRUE,0.24406047516198703,0.755939524838013,blended,2025+2026 season to date,1381.8315334773217,0.12079186342659623,0.003154774432957068,0.04239893520094586,0.0041021793207491756,0.010240087607903072,0.060232882062698556,6.630048013425098e-4,2026,88025,San Diego FC,0.11482828719990651,1,0.11898638920965529,0.12691881516093184,0.0033650927285926984,19.897959183673468,0.04522553088242222,82.65306122448979,0.004375657942269193,8.16326530612245,0.010922760115437946,64.28571428571429,0.06424840753555289,62.755102040816325,7.072051214541107e-4,65.3061224489796,56.12244897959184,88025,4.278074866310161,4.34065934065934,336500,51.844374113281674,FALSE,TRUE,NA,Low,41,59,Small-Sample Watchlist,Fullbacks and wingbacks,1.1.0,2026-07-25 22:12:49 UTC,NA,NA,NA,Performance data through: 2026-07-25 (updates every day) · MLSPA compensation as of: 2026-04-16,FALSE,2026-07-25 22:12:44 UTC
gjMNrbKMKp,asa_gjMNrbKMKp_mls_blended,Christian Benteke,christian benteke,1990-12-03,Belgium,FW,NA,34.57631759069131,mls,EKXMeX3Q64,FW,asa_live,TRUE,NA,mlspa_via_asa,0,NA,2092,4937500,TRUE,0,1,blended,2025+2026 season to date,2092,0.3796735181644359,0.09803202676864246,-0.04533986615678776,0.31970650095602293,-0.04399330783938814,0.02895745697896749,0.02231070745697896,2026,4937500,D.C. United,0.21844855740004673,1,0.34373927728084247,0.3666552291110233,0.10456749522315303,91.48936170212765,-0.04836252390208494,46.808510638297875,0.3410202676970813,95.0354609929078,-0.046926195030147125,31.914893617021278,0.030887954111863906,53.90070921985816,0.02379808795485458,86.52482269503547,96.45390070921985,4937500,96.2406015037594,98.02197802197803,540000,0.21329920546045855,FALSE,FALSE,NA,Low,41,59,Insufficient Evidence,Strikers,1.1.0,2026-07-25 22:12:49 UTC,NA,NA,NA,Performance data through: 2026-07-25 (updates every day) · MLSPA compensation as of: 2026-04-16,FALSE,2026-07-25 22:12:44 UTC
gjMNv4DpMK,asa_gjMNv4DpMK_mls_blended,Alexander Hack,alexander hack,1993-09-08,Germany,CB,NA,31.811088295687885,mls,a2lqRX2Mr0,CB,asa_live,TRUE,NA,mlspa_via_asa,0,NA,1666,1031400,TRUE,0,1,blended,2025+2026 season to date,1666,0.2139255702280912,0.01480732292917167,0.09062665066026412,0.03776650660264106,0.00427851140456182,0.08254501800720289,-0.0160984393757503,2026,1031400,New York Red Bulls,0.1396251547943452,1,0.19425202686522816,0.20720216199605176,0.015794477791610025,78.72340425531915,0.09666842737396929,94.68085106382979,0.04028427371074268,85.63829787234043,0.004563745498341892,57.97872340425532,0.08804801921043458,64.8936170212766,-0.0171716686680036,14.893617021276595,93.08510638297872,1031400,86.11111111111111,83.07692307692308,509583.5,6.973995271867608,FALSE,FALSE,NA,Low,41,59,Insufficient Evidence,Center backs,1.1.0,2026-07-25 22:12:49 UTC,NA,NA,NA,Performance data through: 2026-07-25 (updates every day) · MLSPA compensation as of: 2026-04-16,FALSE,2026-07-25 22:12:44 UTC
gjMNv7PpMK,asa_gjMNv7PpMK_mls_blended,Aníbal Godoy,anibal godoy,1990-02-10,Panama,CM,NA,36.38603696098563,mls,zeQZBOzQKw,CM,asa_live,TRUE,NA,mlspa_via_asa,963,358333,2291,358333,TRUE,0.5790739627179795,0.4209260372820205,blended,2025+2026 season to date,1927.3415514131088,0.1607837998725962,0.006485310896543327,0.06035735982758751,0.017926127834793942,0.014585533656366131,0.06211883962263903,-6.893719653337754e-4,2026,358333,San Diego FC,0.13647524696350208,1,0.15501286173512857,0.16534705252263757,0.006917664956529059,23.18840579710145,0.06438118381810526,85.02415458937197,0.019121203024377743,42.51207729468599,0.015557902567276724,76.81159420289855,0.06626009559955226,58.45410628019324,-7.353300963790062e-4,53.14009661835749,73.42995169082126,358333,39.795918367346935,41.31868131868132,510300,33.63403332347432,TRUE,FALSE,82.47422680412372,High,20.75,79.25,Strong Value,Central and defensive midfielders,1.1.0,2026-07-25 22:12:49 UTC,18,18,77,Performance data through: 2026-07-25 (updates every day) · MLSPA compensation as of: 2026-04-16,FALSE,2026-07-25 22:12:44 UTC
gjMNvJR4MK,asa_gjMNvJR4MK_mls_blended,Paddy McNair,paddy mcnair,1995-04-27,Northern Ireland,CB,NA,30.17932922655715,mls,zeQZBOzQKw,CB,asa_live,TRUE,NA,mlspa_via_asa,0,NA,1965,762803,TRUE,0,1,blended,2025+2026 season to date,1965,0.1558854961832061,0.01096030534351145,0.0958763358778626,0.0169969465648855,-0.00560152671755725,0.03685190839694657,8.01526717557252e-4,2026,762803,San Diego FC,0.1396251547943452,1,0.1520819075542328,0.16222070139625103,0.011690992366777557,68.08510638297872,0.1022680916062493,97.34042553191489,0.01813007633644443,54.787234042553195,-0.005974961832247784,22.872340425531913,0.03930870229130474,18.085106382978722,8.549618320877864e-4,86.17021276595744,64.36170212765957,762803,70,71.75824175824175,509583.5,-5.638297872340431,FALSE,FALSE,NA,Low,41,59,Insufficient Evidence,Center backs,1.1.0,2026-07-25 22:12:49 UTC,NA,NA,NA,Performance data through: 2026-07-25 (updates every day) · MLSPA compensation as of: 2026-04-16,FALSE,2026-07-25 22:12:44 UTC
gjMNvjYvMK,asa_gjMNvjYvMK_mls_blended,Darlington Nagbe,darlington nagbe,1990-07-19,Liberia,CM,NA,34.95140314852841,mls,mvzqoLZQap,CM,asa_live,TRUE,NA,mlspa_via_asa,0,NA,3178,1565833,TRUE,0,1,blended,2025+2026 season to date,3178,0.09547702957835116,0.00773127753303964,0.01371239773442416,0.00988640654499685,0.0127863436123348,0.04836721208307111,0.0029933920704845805,2026,1565833,Columbus Crew,0.13647524696350208,1,0.10198812815725285,0.1087873367044693,0.008246696035499991,25.603864734299517,0.014626557583842851,44.927536231884055,0.010545500314992854,20.28985507246377,0.013638766520249998,73.91304347826087,0.051591692890221426,34.78260869565217,0.003192951541949999,79.71014492753623,13.043478260869565,1565833,94.89795918367346,90.10989010989012,510300,-81.8544809228039,FALSE,FALSE,NA,Low,41,59,Insufficient Evidence,Central and defensive midfielders,1.1.0,2026-07-25 22:12:49 UTC,NA,NA,NA,Performance data through: 2026-07-25 (updates every day) · MLSPA compensation as of: 2026-04-16,FALSE,2026-07-25 22:12:44 UTC
gjMNvnjDMK,asa_gjMNvnjDMK_mls_blended,Dario Župarić,dario zuparic,1992-05-03,Croatia,CB,NA,33.16084873374401,mls,WBLMvYAQxe,CB,asa_live,TRUE,NA,mlspa_via_asa,0,NA,1963,907950,TRUE,0,1,blended,2025+2026 season to date,1963,0.1008476821192053,0.00409424350483953,0.03838869077941925,0.0068222109016811,0.00387417218543046,0.05219358125318391,-0.00452521650534895,2026,907950,Portland Timbers FC,0.1396251547943452,1,0.10992551419297976,0.11725388180950926,0.004367193071965306,23.93617021276596,0.04094793683266015,37.234042553191486,0.00727702496202058,24.46808510638298,0.004132450331254963,54.255319148936174,0.05567315333846928,31.382978723404257,-0.004826897605856387,47.87234042553192,17.02127659574468,907950,80.55555555555556,79.01098901098901,509583.5,-63.53427895981088,FALSE,FALSE,NA,Low,41,59,Insufficient Evidence,Center backs,1.1.0,2026-07-25 22:12:49 UTC,NA,NA,NA,Performance data through: 2026-07-25 (updates every day) · MLSPA compensation as of: 2026-04-16,FALSE,2026-07-25 22:12:44 UTC
gjMNvrO4MK,asa_gjMNvrO4MK_mls_blended,Steven Moreira,steven moreira,1994-08-13,France,FB,NA,31.88227241615332,mls,mvzqoLZQap,FB,asa_live,TRUE,NA,mlspa_via_asa,1303,922000,3002,922000,TRUE,0.6505242136794808,0.34947578632051923,blended,2025+2026 season to date,2352.1263105341986,0.1575438205117374,0.015340714444655467,0.05696125598411178,0.009038433688574396,0.02567561981478149,0.04977359344061855,7.542031389957029e-4,2026,922000,Columbus Crew,0.11482828719990651,1,0.14886217301730453,0.1587863178900869,0.016363428741477188,61.734693877551024,0.06075867305161794,89.79591836734694,0.009640995934780636,16.3265306122449,0.02738732780328944,88.26530612244898,0.05309183300498558,47.95918367346939,8.044833482872232e-4,65.81632653061224,82.14285714285714,922000,94.11764705882354,80.10989010989012,336500,-11.974789915966397,TRUE,FALSE,52.5,High,20.75,79.25,Fair Value,Fullbacks and wingbacks,1.1.0,2026-07-25 22:12:49 UTC,39,39,205,Performance data through: 2026-07-25 (updates every day) · MLSPA compensation as of: 2026-04-16,FALSE,2026-07-25 22:12:44 UTC
gpMO1r1yqz,asa_gpMO1r1yqz_mls_blended,Jesús Barea,jesus barea,2002-04-28,Spain,FW,NA,24.175222450376456,mls,a2lqR4JMr0,FW,asa_live,TRUE,NA,mlspa_via_asa,33,89761,347,89761,TRUE,0.15,0.85,blended,2025+2026 season to date,327.95,0.34345268535499085,0.10044714435420485,-0.05461328268273513,0.21824233691380665,0.022535721771024367,0.046401401624312284,0.010439363374377777,2026,89761,Real Salt Lake,0.21844855740004673,1,0.26262669605280164,0.280135142465076,0.1071436206478334,94.32624113475177,-0.05825416819673791,34.04255319148936,0.2327918260486685,71.63120567375887,0.024038103223177183,87.23404255319149,0.04949482840081315,87.23404255319149,0.011135320933017608,70.2127659574468,79.43262411347517,89761,9.774436090225564,7.032967032967033,540000,69.65818802324961,FALSE,TRUE,NA,Low,41,59,Small-Sample Watchlist,Strikers,1.1.0,2026-07-25 22:12:49 UTC,NA,NA,NA,Performance data through: 2026-07-25 (updates every day) · MLSPA compensation as of: 2026-04-16,FALSE,2026-07-25 22:12:44 UTC
gpMOL01y5z,asa_gpMOL01y5z_mls_blended,Lucas Sanabria,lucas sanabria,2003-12-26,Uruguay,CM,NA,22.51334702258727,mls,kaDQ0wRqEv,CM,asa_live,TRUE,NA,mlspa_via_asa,1178,742800,1106,742800,TRUE,0.6272630457933972,0.3727369542066028,blended,2025+2026 season to date,1590.2470713525026,0.10843519229991508,0.02403712540947143,0.010731245197557322,0.03794586888825979,-0.0029073078011889837,0.04650533829417236,-0.007877077688356852,2026,742800,LA Galaxy,0.13647524696350208,1,0.11611653246386433,0.12385763463199251,0.02563960043757076,73.42995169082126,0.01144666154441885,42.99516908212561,0.04047559348207531,72.46376811594203,-0.0031011283213651596,30.434782608695652,0.0496056941820007,31.884057971014492,-0.008402216201176545,20.77294685990338,27.053140096618357,742800,71.42857142857143,70,510300,-44.375431331953074,TRUE,FALSE,19.587628865979383,High,20.75,79.25,Below Expected Value by Current Model,Central and defensive midfielders,1.1.0,2026-07-25 22:12:49 UTC,79,79,342,Performance data through: 2026-07-25 (updates every day) · MLSPA compensation as of: 2026-04-16,FALSE,2026-07-25 22:12:44 UTC
gpMOLX225z,asa_gpMOLX225z_mls_blended,Joaquín Valiente,joaquin valiente,2001-04-13,Uruguay,W,NA,25.215605749486652,mls,mKAqBBmqbg,W,asa_live,TRUE,NA,mlspa_via_asa,1051,442022,0,NA,FALSE,1,0,blended,2025+2026 season to date,1051,0.09864034253092292,0.02360894386298763,-8.73453853472883e-4,0.04626736441484301,-0.00228639391056137,0.03242911512844909,-5.052331113225499e-4,2026,442022,FC Dallas,0.19903356584128315,1,0.13512485736206536,0.14413318119070723,0.025182873454640434,24.890829694323145,-9.316841104001903e-4,53.275109170305676,0.04935185537737479,17.467248908296945,-0.0024388201713416743,32.314410480349345,0.03459105613809334,43.66812227074236,-5.389153187608944e-4,31.441048034934497,5.240174672489083,442022,43.45794392523364,47.91208791208791,527437.5,-38.21776925274456,TRUE,FALSE,19.35483870967742,Medium,28.75,71.25,Below Expected Value by Current Model,Wingers and attacking midfielders,1.1.0,2026-07-25 22:12:49 UTC,76,76,343,Performance data through: 2026-07-25 (updates every day) · MLSPA compensation as of: 2026-04-16,FALSE,2026-07-25 22:12:44 UTC
gpMOLj2r5z,asa_gpMOLj2r5z_mls_blended,Nicklaus Sullivan,nicklaus sullivan,2002-07-21,USA,FB,NA,22.94592744695414,mls,kaDQ0wRqEv,FB,asa_live,FALSE,NA,NA,0,NA,15,NA,TRUE,0,1,blended,2025+2026 season to date,15,0.4974,0.165,0.0084,0.1464,0.1776,0,0,2026,NA,LA Galaxy,0.11482828719990651,1,0.12415930458527463,0.1324365915617649,0.1760000000055,99.48979591836735,0.00896000000028,40.30612244897959,0.15616000000488,96.93877551020408,0.18944000000592,100,0,10.204081632653061,0,59.94897959183673,64.28571428571429,NA,NA,NA,336500,NA,FALSE,FALSE,NA,Insufficient,41,59,Insufficient Evidence,Fullbacks and wingbacks,1.1.0,2026-07-25 22:12:49 UTC,NA,NA,NA,Performance data through: 2026-07-25 (updates every day) · MLSPA compensation as of: 2026-04-16,FALSE,2026-07-25 22:12:44 UTC
gpMOa2rRqz,asa_gpMOa2rRqz_mls_blended,Besard Šabović,besard sabovic,1998-01-05,Sweden,CM,NA,28.484599589322382,mls,gpMOLwl5zy,CM,asa_live,TRUE,NA,mlspa_via_asa,524,650000,2010,650000,TRUE,0.42810457516339867,0.5718954248366013,blended,2025+2026 season to date,1673.5098039215686,0.09629053263096284,0.016738915715539943,0.005030875036581795,0.01683106526192566,0.0012013462101258404,0.058814127889961945,-0.002325797483172373,2026,650000,Austin FC,0.13647524696350208,1,0.10689564572875325,0.11402202211423332,0.017854843430467237,56.03864734299517,0.005366266705854944,32.85024154589372,0.017953136279948406,36.71497584541063,0.001281435957507608,43.47826086956522,0.06273506975125322,54.106280193236714,-0.0024808506487947243,42.51207729468599,18.840579710144926,650000,61.224489795918366,63.57142857142857,510300,-42.38391008577344,TRUE,FALSE,22.68041237113402,Medium,29.75,70.25,Below Expected Value by Current Model,Central and defensive midfielders,1.1.0,2026-07-25 22:12:49 UTC,76,76,330,Performance data through: 2026-07-25 (updates every day) · MLSPA compensation as of: 2026-04-16,FALSE,2026-07-25 22:12:44 UTC
gpMOa67Eqz,asa_gpMOa67Eqz_mls_blended,Ronaldo Vieira,ronaldo vieira,1998-07-19,England,CM,NA,27.95071868583162,mls,0KPqjA456v,CM,asa_live,TRUE,NA,mlspa_via_asa,1254,853854,592,853854,TRUE,0.6417604912998977,0.35823950870010235,blended,2025+2026 season to date,1466.0777891504606,0.1145027421228803,0.028329870812470608,0.01180109408282387,0.022939462364104123,0.0010835465711361311,0.0540635494757808,-0.0037147811834352183,2026,853854,San Jose Earthquakes,0.13647524696350208,1,0.12088367461903471,0.12894258626433314,0.030218528867579645,81.15942028985508,0.012587833688738831,43.96135265700483,0.024468759855809045,52.65700483091788,0.0011557830092479913,42.51207729468599,0.057667786109301636,45.410628019323674,-0.003962433262454726,34.29951690821256,31.40096618357488,853854,80.10204081632654,77.03296703296704,510300,-48.701074632751656,TRUE,FALSE,16.49484536082474,High,20.75,79.25,Below Expected Value by Current Model,Central and defensive midfielders,1.1.0,2026-07-25 22:12:49 UTC,82,82,356,Performance data through: 2026-07-25 (updates every day) · MLSPA compensation as of: 2026-04-16,FALSE,2026-07-25 22:12:44 UTC
gpMOa6DOqz,asa_gpMOa6DOqz_mls_blended,Agustín Bouzat,agustin bouzat,1994-03-28,Argentina,CM,NA,32.26009582477755,mls,YgOMngl5wN,CM,asa_live,TRUE,NA,mlspa_via_asa,702,705746,0,NA,FALSE,1,0,blended,2025+2026 season to date,702,0.1205,0.026846153846153843,-0.0051025641025641,0.01729487179487179,0.01319230769230769,0.0711025641025641,-0.00283333333333333,2026,705746,Houston Dynamo FC,0.13647524696350208,1,0.12786186496013918,0.1363859892950772,0.028635897436792304,79.22705314009661,-0.005442735042905125,22.705314009661837,0.01844786324843974,40.09661835748792,0.014071794872234613,74.39613526570048,0.07584273504510512,75.84541062801932,-0.003022222222316663,38.16425120772947,38.16425120772947,705746,67.85714285714286,67.36263736263736,510300,-29.69289164941339,TRUE,FALSE,35.05154639175258,Low,37.75,62.25,Below Expected Value by Current Model,Central and defensive midfielders,1.1.0,2026-07-25 22:12:49 UTC,64,64,278,Performance data through: 2026-07-25 (updates every day) · MLSPA compensation as of: 2026-04-16,FALSE,2026-07-25 22:12:44 UTC
gpMOa6zrqz,asa_gpMOa6zrqz_mls_blended,Derrick Etienne Jr.,derrick etienne jr,1996-11-25,Haiti,W,NA,29.596167008898018,mls,kRQabn8MKZ,W,asa_live,TRUE,NA,mlspa_via_asa,815,375000,1124,375000,TRUE,0.5379537953795379,0.4620462046204621,blended,2025+2026 season to date,1334.3399339933994,0.0922011063739826,0.031710341425601626,-0.0254152355449068,0.07767159719530672,-0.00813535816215073,0.015969437299601843,4.003241605299298e-4,2026,375000,Toronto FC,0.19903356584128315,1,0.12533875428887029,0.1336946712456396,0.03382436418836541,33.18777292576419,-0.027109584582081094,30.56768558951965,0.08284970367758289,48.47161572052402,-0.008677715373231958,26.637554585152838,0.01703406645344095,19.650655021834062,4.2701243791193593e-4,44.54148471615721,1.7467248908296944,375000,38.55140186915888,42.527472527472526,527437.5,-36.804676978329184,TRUE,FALSE,21.50537634408602,Medium,29.75,70.25,Below Expected Value by Current Model,Wingers and attacking midfielders,1.1.0,2026-07-25 22:12:49 UTC,74,74,335,Performance data through: 2026-07-25 (updates every day) · MLSPA compensation as of: 2026-04-16,FALSE,2026-07-25 22:12:44 UTC
gpMOaaB2qz,asa_gpMOaaB2qz_mls_blended,Manu García,manu garcia,1998-01-02,Spain,CM,NA,28.49281314168378,mls,Z2vQ1xlqrA,CM,asa_live,TRUE,NA,mlspa_via_asa,1298,2425313,2364,2425313,TRUE,0.6496496496496497,0.35035035035035034,blended,2025+2026 season to date,2126.228228228228,0.19766630844042013,0.013900184448407796,0.10364527979756408,0.02086557369552293,0.008622299964939555,0.041628328836450665,0.009004641697535091,2026,2425313,Sporting Kansas City,0.13647524696350208,1,0.18419911721042848,0.19647905836393034,0.014826863412098322,46.85990338164251,0.11055496512085652,95.65217391304348,0.022256611942586643,48.309178743961354,0.009197119962889602,63.28502415458937,0.04440355076026832,23.18840579710145,0.009604951144337586,90.82125603864735,91.78743961352657,2425313,98.46938775510205,94.17582417582418,510300,-6.681948141575475,TRUE,FALSE,51.54639175257732,High,20.75,79.25,Fair Value,Central and defensive midfielders,1.1.0,2026-07-25 22:12:49 UTC,48,48,208,Performance data through: 2026-07-25 (updates every day) · MLSPA compensation as of: 2026-04-16,FALSE,2026-07-25 22:12:44 UTC
gpMOalORqz,asa_gpMOalORqz_mls_blended,Nick Scardina,nick scardina,2001-06-22,USA,FB,NA,24.024640657084188,mls,NPqxKXZ59d,FB,asa_live,TRUE,NA,mlspa_via_asa,0,NA,900,104000,TRUE,0,1,blended,2025+2026 season to date,900,0.17240000000000005,0.00123999999999999,0.00529,0.0156,-0.00151,0.14890000000000003,0.00288,2026,104000,Charlotte FC,0.11482828719990651,1,0.14937131487996264,0.15932940254360586,0.0013226666667079893,14.795918367346939,0.005642666666843,35.714285714285715,0.01664000000052,34.69387755102041,-0.0016106666667170001,35.714285714285715,0.15882666667163003,96.42857142857143,0.003072000000096,77.55102040816327,83.16326530612245,104000,14.171122994652407,12.967032967032967,336500,68.99214231147005,FALSE,FALSE,NA,Low,41,59,Insufficient Evidence,Fullbacks and wingbacks,1.1.0,2026-07-25 22:12:49 UTC,NA,NA,NA,Performance data through: 2026-07-25 (updates every day) · MLSPA compensation as of: 2026-04-16,FALSE,2026-07-25 22:12:44 UTC
gpMOalwDqz,asa_gpMOalwDqz_mls_blended,Ian Harkes,ian harkes,1995-03-30,USA,CM,NA,31.255304585900067,mls,0KPqjA456v,CM,asa_live,TRUE,NA,mlspa_via_asa,622,450000,2386,450000,TRUE,0.47049924357034795,0.5295007564296521,blended,2025+2026 season to date,1885.38880484115,0.18646176701459477,0.025783269272470655,0.014362356433710007,0.04473849345590072,0.013608806033176378,0.07439229468926783,0.01357654713006913,2026,450000,San Jose Earthquakes,0.13647524696350208,1,0.1743944751799184,0.18602077353105945,0.027502153891494806,76.81159420289855,0.015319846863102752,47.34299516908212,0.04772105968778538,78.26086956521739,0.014516059769175096,75.3623188405797,0.07935178100436543,78.74396135265701,0.01448165027252629,95.16908212560386,85.5072463768116,450000,46.93877551020408,48.9010989010989,510300,38.56847086660751,TRUE,FALSE,90.72164948453609,Medium,29.75,70.25,Elite Value,Central and defensive midfielders,1.1.0,2026-07-25 22:12:49 UTC,10,10,42,Performance data through: 2026-07-25 (updates every day) · MLSPA compensation as of: 2026-04-16,FALSE,2026-07-25 22:12:44 UTC
gpMOe7GOqz,asa_gpMOe7GOqz_mls_blended,Emiro Garcés,emiro garces,2001-10-11,Colombia,CB,NA,24.720054757015745,mls,kaDQ0wRqEv,CB,asa_live,TRUE,NA,mlspa_via_asa,879,518000,1928,518000,TRUE,0.5566814439518682,0.44331855604813175,blended,2025+2026 season to date,1733.718176060798,0.09706052730469153,0.0031182099600829283,0.05020908238051816,0.003730395570493426,-0.0034916184674895403,0.06875083631375495,-0.025256378452668447,2026,518000,LA Galaxy,0.1396251547943452,1,0.10800391230968832,0.11520417313393434,0.0033260906241923973,20.74468085106383,0.053556354540893004,56.91489361702128,0.003979088608650668,19.680851063829788,-0.0037243930321052303,26.06382978723404,0.0733342254036303,47.340425531914896,-0.026940137017021557,9.574468085106384,15.425531914893616,518000,51.111111111111114,53.73626373626374,509583.5,-35.685579196217496,TRUE,FALSE,19.270833333333332,Medium,29.75,70.25,Below Expected Value by Current Model,Center backs,1.1.0,2026-07-25 22:12:49 UTC,79,79,346,Performance data through: 2026-07-25 (updates every day) · MLSPA compensation as of: 2026-04-16,FALSE,2026-07-25 22:12:44 UTC
gpMOeAdDqz,asa_gpMOeAdDqz_mls_blended,Santiago Morales,santiago morales,2007-02-09,USA,W,NA,19.38945927446954,mls,zeQZkL1MKw,W,asa_live,TRUE,NA,mlspa_via_asa,82,138333,50,138333,TRUE,0.15,0.85,blended,2025+2026 season to date,124.5,-0.01190656097560975,0,-0.06772543902439024,0.03006373170731707,-0.030247682926829257,0.05598834146341464,1.4487804878048852e-5,2026,138333,Inter Miami CF,0.19903356584128315,1,0.16278505543589575,0.17363739247038162,0,5.895196506550218,-0.07224046829494044,10.043668122270743,0.032067980488807,8.296943231441048,-0.032264195122959465,12.663755458515285,0.05972089756284189,82.96943231441048,1.5453658537068368e-5,41.48471615720524,18.777292576419214,138333,23.364485981308412,24.395604395604394,527437.5,-4.587193404889199,FALSE,TRUE,NA,Low,41,59,Small-Sample Watchlist,Wingers and attacking midfielders,1.1.0,2026-07-25 22:12:49 UTC,NA,NA,NA,Performance data through: 2026-07-25 (updates every day) · MLSPA compensation as of: 2026-04-16,FALSE,2026-07-25 22:12:44 UTC
gpMOeEDEqz,asa_gpMOeEDEqz_mls_blended,Rubén Ramos Jr.,ruben ramos jr,2007-01-22,USA,W,NA,19.43874058863792,mls,kaDQ0wRqEv,W,asa_live,TRUE,NA,mlspa_via_asa,130,113400,159,113400,TRUE,0.1566265060240964,0.8433734939759037,blended,2025+2026 season to date,264.0963855421687,0.10954494203228003,0.07714480563764492,-0.02896947033416685,0.06411782223232554,-0.022668174585132976,0.02880375085246646,-0.008883791770857009,2026,113400,LA Galaxy,0.19903356584128315,1,0.1716828877334562,0.18312841358807602,0.08228779268272607,89.08296943231441,-0.03090076835741029,26.200873362445414,0.06839234371661783,33.18777292576419,-0.024179386224897445,18.34061135371179,0.030724000910257683,34.93449781659389,-0.009476044555876936,6.11353711790393,24.890829694323145,113400,17.05607476635514,16.428571428571427,527437.5,7.834754927968003,FALSE,TRUE,NA,Low,41,59,Small-Sample Watchlist,Wingers and attacking midfielders,1.1.0,2026-07-25 22:12:49 UTC,NA,NA,NA,Performance data through: 2026-07-25 (updates every day) · MLSPA compensation as of: 2026-04-16,FALSE,2026-07-25 22:12:44 UTC
gpMOeEnOqz,asa_gpMOeEnOqz_mls_blended,Zavier Gozo,zavier gozo,2007-03-22,USA,FB,NA,19.277207392197127,mls,a2lqR4JMr0,FB,asa_live,TRUE,NA,mlspa_via_asa,1506,126123,2094,126123,TRUE,0.6826835902085222,0.3173164097914778,blended,2025+2026 season to date,2170.4605621033543,0.21847470950546438,0.0674638274879399,-0.01039189940433358,0.10157712879954903,0.029288570894175033,0.02939120840011742,0.0011458733280165837,2026,126123,Real Salt Lake,0.11482828719990651,1,0.19602795309463816,0.20909648330748162,0.07196141598938469,97.95918367346938,-0.011084692698302215,20.918367346938776,0.10834893738957153,94.38775510204081,0.03124114228809632,90.81632653061224,0.03135062229443829,23.46938775510204,0.001222264883255885,69.38775510204081,97.95918367346938,126123,29.41176470588235,22.52747252747253,336500,68.54741896758703,TRUE,FALSE,96.25,High,14,86,Elite Value,Fullbacks and wingbacks,1.1.0,2026-07-25 22:12:49 UTC,4,4,19,Performance data through: 2026-07-25 (updates every day) · MLSPA compensation as of: 2026-04-16,FALSE,2026-07-25 22:12:44 UTC
gpMOeEzyqz,asa_gpMOeEzyqz_mls_blended,Tomás Jacob,tomas jacob,2004-04-20,Argentina,FB,NA,22.195756331279945,mls,KAqBN0Vqbg,FB,asa_live,TRUE,NA,mlspa_via_asa,1357,642500,0,NA,FALSE,1,0,blended,2025+2026 season to date,1357,0.05035887988209285,0.01262122328666175,0.00501400147383935,0.03025644804716286,-0.02293441414885777,0.02588577745025792,-4.8415622697126016e-4,2026,642500,Atlanta United FC,0.11482828719990651,1,0.07012466648949611,0.0747996442578,0.013462638172859908,55.10204081632653,0.005348268238929107,34.69387755102041,0.03227354458464893,61.224489795918366,-0.024463375092879436,10.714285714285714,0.02761149594780464,19.897959183673468,-5.164333087854827e-4,53.57142857142857,6.122448979591836,642500,80.21390374331551,63.18681318681319,336500,-74.09145476372368,TRUE,FALSE,2.5,High,28.75,71.25,Below Expected Value by Current Model,Fullbacks and wingbacks,1.1.0,2026-07-25 22:12:49 UTC,79,79,415,Performance data through: 2026-07-25 (updates every day) · MLSPA compensation as of: 2026-04-16,FALSE,2026-07-25 22:12:44 UTC
gpMOeGdrqz,asa_gpMOeGdrqz_mls_blended,Antony,antony,2001-09-08,Brazil,W,NA,24.810403832991103,mls,WBLMvYAQxe,W,asa_live,TRUE,NA,mlspa_via_asa,1233,666042,2831,666042,TRUE,0.6378685980341439,0.36213140196585614,blended,2025+2026 season to date,2258.193998965339,0.14537033194129806,0.05342103088578652,-0.04050155829617513,0.10837971607304614,0.0020540333602384222,0.03093275470033475,-0.00891564478193264,2026,666042,Portland Timbers FC,0.19903356584128315,1,0.1566354666213256,0.1670778310679685,0.05698243294661966,67.24890829694323,-0.04320166218393686,17.903930131004365,0.11560503048152854,73.36244541484716,0.002190968917656118,37.99126637554585,0.03299493834805482,38.8646288209607,-0.009510021101025338,5.676855895196507,13.973799126637555,666042,61.6822429906542,65.16483516483517,527437.5,-47.708443864016644,TRUE,FALSE,15.053763440860216,High,20.75,79.25,Below Expected Value by Current Model,Wingers and attacking midfielders,1.1.0,2026-07-25 22:12:49 UTC,80,80,362,Performance data through: 2026-07-25 (updates every day) · MLSPA compensation as of: 2026-04-16,FALSE,2026-07-25 22:12:44 UTC
gpMOeP02qz,asa_gpMOeP02qz_mls_blended,Cesar Abadia-Reda,cesar abadiareda,2006-02-21,USA,FB,NA,20.355920602327178,mls,zeQZkL1MKw,FB,asa_live,TRUE,NA,mlspa_via_asa,50,88025,0,NA,FALSE,1,0,blended,2025+2026 season to date,50,-0.03546,0,-0.02196,0.0036,0.012959999999999998,-0.00863999999999999,-0.021420000000000005,2026,88025,Inter Miami CF,0.11482828719990651,1,0.10326764972299063,0.11015215970796559,0,6.377551020408164,-0.023424000000732,11.224489795918368,0.00384000000012,6.63265306122449,0.013824000000431998,72.44897959183673,-0.009216000000287989,7.142857142857143,-0.022848000000714005,10.204081632653061,34.69387755102041,88025,4.278074866310161,4.34065934065934,336500,30.415802684710247,FALSE,TRUE,NA,Low,49,51,Small-Sample Watchlist,Fullbacks and wingbacks,1.1.0,2026-07-25 22:12:49 UTC,NA,NA,NA,Performance data through: 2026-07-25 (updates every day) · MLSPA compensation as of: 2026-04-16,FALSE,2026-07-25 22:12:44 UTC
gpMOeWWRqz,asa_gpMOeWWRqz_mls_blended,Jules-Anthony Vilsaint,julesanthony vilsaint,2003-01-06,Canada,W,NA,23.482546201232033,mls,kRQabn8MKZ,W,asa_live,TRUE,NA,mlspa_via_asa,134,156875,493,156875,TRUE,0.1606714628297362,0.8393285371702638,blended,2025+2026 season to date,547.7889688249401,0.11233136573905174,0.0921325535920148,-0.07466632130401156,0.19519378493148687,-0.07844960380579917,-0.02628803245436106,0.00440898477972186,2026,156875,Toronto FC,0.19903356584128315,1,0.15765443598479228,0.16816473172236693,0.09827472383455355,95.63318777292577,-0.07964407606010121,6.550218340611353,0.20820670393342577,94.32314410480349,-0.08367957739546743,6.11353711790393,-0.028040567952194728,3.056768558951965,0.004702917098516951,62.00873362445415,14.847161572052402,156875,24.766355140186917,26.153846153846153,527437.5,-9.919193568134515,FALSE,TRUE,NA,Low,41,59,Small-Sample Watchlist,Wingers and attacking midfielders,1.1.0,2026-07-25 22:12:49 UTC,NA,NA,NA,Performance data through: 2026-07-25 (updates every day) · MLSPA compensation as of: 2026-04-16,FALSE,2026-07-25 22:12:44 UTC
gpMOo1JyMz,asa_gpMOo1JyMz_mls_blended,Theo Corbeanu,theo corbeanu,2002-05-17,Canada,W,NA,24.123203285420946,mls,kRQabn8MKZ,W,asa_live,TRUE,NA,mlspa_via_asa,117,496625,2554,496625,TRUE,0.15,0.85,blended,2025+2026 season to date,2287.9,0.21831704867176677,0.05088469218721763,-0.03952132702849226,0.055501201734835255,0.1057723811818565,0.03645160381904704,0.009228496777302569,2026,496625,Toronto FC,0.19903356584128315,1,0.21431064619997406,0.22859802262044934,0.054277005001394964,60.698689956331876,-0.042156082165042456,18.777292576419214,0.05920128185234098,24.890829694323145,0.11282387326417267,96.06986899563319,0.03888171074153189,52.838427947598255,0.009843729896097024,75.54585152838428,67.24890829694323,496625,46.728971962616825,51.97802197802198,527437.5,20.519936334326403,FALSE,TRUE,NA,Low,41,59,Small-Sample Watchlist,Wingers and attacking midfielders,1.1.0,2026-07-25 22:12:49 UTC,NA,NA,NA,Performance data through: 2026-07-25 (updates every day) · MLSPA compensation as of: 2026-04-16,FALSE,2026-07-25 22:12:44 UTC
gpMOoOERMz,asa_gpMOoOERMz_mls_blended,Julian Gaines,julian gaines,2002-11-05,USA,W,NA,22.652977412731005,mls,vzqoOgNqap,W,asa_live,TRUE,NA,mlspa_via_asa,0,NA,46,80622,TRUE,0,1,blended,2025+2026 season to date,46,0.1543695652173913,0.05145652173913042,0.08002173913043478,0.01134782608695652,-0.03189130434782608,0.04323913043478261,1.956521739130435e-4,2026,80622,Nashville SC,0.19903356584128315,1,0.19585315712812676,0.20891003427653032,0.054886956523454336,62.00873362445415,0.08535652174179782,94.75982532751091,0.012104347826465215,3.056768558951965,-0.034017391305410864,12.22707423580786,0.04612173913187609,65.50218340611353,2.086956521804348e-4,43.66812227074236,49.78165938864629,80622,1.4018691588785046,1.043956043956044,527437.5,48.379790229767785,FALSE,FALSE,NA,Low,41,59,Insufficient Evidence,Wingers and attacking midfielders,1.1.0,2026-07-25 22:12:49 UTC,NA,NA,NA,Performance data through: 2026-07-25 (updates every day) · MLSPA compensation as of: 2026-04-16,FALSE,2026-07-25 22:12:44 UTC
gpMOoOjEMz,asa_gpMOoOjEMz_mls_blended,Justin Haak,justin haak,2001-09-12,USA,CB,NA,24.799452429842574,mls,kaDQ0wRqEv,CB,asa_live,TRUE,NA,mlspa_via_asa,1439,810561,3862,810561,TRUE,0.6727442730247779,0.3272557269752221,blended,2025+2026 season to date,2702.8616175783077,0.14656080862694226,0.008005315212125478,0.047369171188615944,0.013537302722321204,0.01747768126594726,0.0745275402508565,-0.01435620201292414,2026,810561,LA Galaxy,0.1396251547943452,1,0.14530087321898852,0.15498759810509777,0.008539002893200686,50,0.050527115936102644,51.06382978723404,0.014439789570927194,44.148936170212764,0.018642860017592997,92.02127659574468,0.0794960429367312,54.787234042553195,-0.015313282147597623,19.148936170212767,56.38297872340426,810561,73.88888888888889,74.94505494505495,509583.5,-17.50591016548463,TRUE,FALSE,31.25,High,20.75,79.25,Below Expected Value by Current Model,Center backs,1.1.0,2026-07-25 22:12:49 UTC,67,67,293,Performance data through: 2026-07-25 (updates every day) · MLSPA compensation as of: 2026-04-16,FALSE,2026-07-25 22:12:44 UTC
gpMOoOpOMz,asa_gpMOoOpOMz_mls_blended,Bryce Duke,bryce duke,2001-02-28,USA,FB,NA,25.336071184120467,mls,zeQZBOzQKw,FB,asa_live,TRUE,NA,mlspa_via_asa,108,336500,775,336500,TRUE,0.15,0.85,blended,2025+2026 season to date,766.75,0.10785632258064515,0.01970245161290322,-0.013365935483870965,0.033645822580645156,0.0049398387096774195,0.06146470967741936,0.0014694354838709648,2026,336500,San Diego FC,0.11482828719990651,1,0.11091699846983982,0.11831146503819304,0.021015948387753516,69.38775510204081,-0.014256997849907893,18.367346938775512,0.03588887742047636,65.81632653061224,0.005269161290487242,53.06122448979592,0.06556235699129614,66.83673469387755,0.0015673978495113438,72.44897959183673,45.40816326530612,336500,50.26737967914438,39.67032967032967,336500,-4.859216413838261,FALSE,TRUE,NA,Low,41,59,Small-Sample Watchlist,Fullbacks and wingbacks,1.1.0,2026-07-25 22:12:49 UTC,NA,NA,NA,Performance data through: 2026-07-25 (updates every day) · MLSPA compensation as of: 2026-04-16,FALSE,2026-07-25 22:12:44 UTC
gpMOoZ47Mz,asa_gpMOoZ47Mz_mls_blended,Jorge Ruvalcaba,jorge ruvalcaba,2001-07-23,USA,W,NA,24.93908281998631,mls,a2lqRX2Mr0,W,asa_live,TRUE,NA,mlspa_via_asa,1355,788528,0,NA,FALSE,1,0,blended,2025+2026 season to date,1355,0.2156280442804428,0.07924649446494465,-0.06212324723247233,0.10956752767527678,0.07767896678966789,0.01641254612546125,-0.00515424354243542,2026,788528,New York Red Bulls,0.19903356584128315,1,0.21053510972110992,0.2245707837095351,0.08452959409858252,91.26637554585153,-0.06626479705004126,10.91703056768559,0.11687202952394748,74.67248908296943,0.08285756457823505,88.646288209607,0.01750671586770575,20.087336244541486,-0.005497859778769589,13.100436681222707,65.50218340611353,788528,67.75700934579439,73.2967032967033,527437.5,-2.254825939680856,TRUE,FALSE,53.763440860215056,High,28.75,71.25,Fair Value,Wingers and attacking midfielders,1.1.0,2026-07-25 22:12:49 UTC,44,44,198,Performance data through: 2026-07-25 (updates every day) · MLSPA compensation as of: 2026-04-16,FALSE,2026-07-25 22:12:44 UTC
gpMOogB1Mz,asa_gpMOogB1Mz_mls_blended,Telasco Segovia,telasco segovia,2003-04-02,Venezuela,CM,NA,23.247091033538673,mls,zeQZkL1MKw,CM,asa_live,TRUE,NA,mlspa_via_asa,1379,360000,2017,360000,TRUE,0.6632996632996633,0.3367003367003367,blended,2025+2026 season to date,2058.124579124579,0.1674742159179442,0.029632534710373082,-0.011389758481478862,0.08490397422772236,0.02576643551457632,0.04662579331096932,-0.008064763364217999,2026,360000,Inter Miami CF,0.13647524696350208,1,0.16047703395035157,0.17117550288572422,0.031608037025385706,82.6086956521739,-0.012149075713957111,17.391304347826086,0.09056423917906732,92.7536231884058,0.027484197883073623,87.43961352657004,0.0497341795332548,32.367149758454104,-0.00860241425543469,20.28985507246377,77.29468599033817,360000,40.816326530612244,41.53846153846154,510300,36.47835945972592,TRUE,FALSE,86.5979381443299,High,20.75,79.25,Strong Value,Central and defensive midfielders,1.1.0,2026-07-25 22:12:49 UTC,14,14,59,Performance data through: 2026-07-25 (updates every day) · MLSPA compensation as of: 2026-04-16,FALSE,2026-07-25 22:12:44 UTC
gpMOopORMz,asa_gpMOopORMz_mls_blended,Hernán López,hernan lopez,2000-09-07,Argentina,CM,NA,24.81314168377823,mls,0KPqjA456v,CM,asa_live,TRUE,NA,mlspa_via_asa,0,NA,280,1020000,TRUE,0,1,blended,2025+2026 season to date,280,0.27392142857142854,0.06737142857142857,0.00430714285714285,0.03609642857142857,0.12416785714285712,0.03998571428571428,0.00199285714285714,2026,1020000,San Jose Earthquakes,0.13647524696350208,1,0.18020812292966049,0.1922219977976448,0.07186285714510285,97.10144927536231,0.004594285714429278,31.884057971014492,0.038502857144060355,70.53140096618357,0.1324457142898532,99.51690821256038,0.04265142857276142,20.28985507246377,0.002125714285780711,74.8792270531401,89.85507246376811,1020000,87.24489795918367,82.6923076923077,510300,2.6101745045844353,FALSE,FALSE,NA,Low,41,59,Insufficient Evidence,Central and defensive midfielders,1.1.0,2026-07-25 22:12:49 UTC,NA,NA,NA,Performance data through: 2026-07-25 (updates every day) · MLSPA compensation as of: 2026-04-16,FALSE,2026-07-25 22:12:44 UTC
gpMOov07Mz,asa_gpMOov07Mz_mls_blended,Nectarios Triantis,nectarios triantis,2003-05-11,Australia,CM,NA,23.14031485284052,mls,kRQand1MKZ,CM,asa_live,TRUE,NA,mlspa_via_asa,1281,732665,797,732665,TRUE,0.6466431095406361,0.3533568904593639,blended,2025+2026 season to date,1562.625441696113,0.15254952031754618,0.025817159502095496,0.030940709639948397,0.02771046016200327,0.009979800577253034,0.07253860672625828,-0.014437216290012328,2026,732665,Minnesota United FC,0.13647524696350208,1,0.1480898650177998,0.15796252269058944,0.027538303469762434,77.29468599033817,0.033003423616976314,67.6328502415459,0.02955782417372717,58.93719806763285,0.01064512061606923,65.70048309178743,0.07737451384376012,76.32850241545894,-0.01539969737649439,11.594202898550725,68.1159420289855,732665,69.89795918367346,69.12087912087912,510300,-1.7820171546879635,TRUE,FALSE,54.63917525773196,High,20.75,79.25,Fair Value,Central and defensive midfielders,1.1.0,2026-07-25 22:12:49 UTC,45,45,195,Performance data through: 2026-07-25 (updates every day) · MLSPA compensation as of: 2026-04-16,FALSE,2026-07-25 22:12:44 UTC
gpMOoypDMz,asa_gpMOoypDMz_mls_blended,Zach Booth,zach booth,2004-02-17,USA,FB,NA,22.368240930869263,mls,a2lqR4JMr0,FB,asa_live,TRUE,NA,mlspa_via_asa,382,217500,0,NA,FALSE,1,0,blended,2025+2026 season to date,382,0.12072251308900524,0.02775392670157068,-0.02052094240837696,0.02749476439790576,0.030887434554973822,0.04450523560209425,0.01060209424083769,2026,217500,Real Salt Lake,0.11482828719990651,1,0.1171211530752993,0.12492922995088995,0.029604188482600526,84.18367346938776,-0.021889005236286122,12.755102040816327,0.029327748692015966,55.61224489795919,0.032946596859668324,91.3265306122449,0.04747225131038404,39.795918367346935,0.011308900523913605,91.3265306122449,53.57142857142857,217500,36.898395721925134,30.76923076923077,336500,16.673032849503436,FALSE,TRUE,NA,Low,49,51,Small-Sample Watchlist,Fullbacks and wingbacks,1.1.0,2026-07-25 22:12:49 UTC,NA,NA,NA,Performance data through: 2026-07-25 (updates every day) · MLSPA compensation as of: 2026-04-16,FALSE,2026-07-25 22:12:44 UTC
gpMOz1KyQz,asa_gpMOz1KyQz_mls_blended,Diego Rubio,diego rubio,1993-05-15,Chile,FW,NA,32.12867898699521,mls,gpMOLwl5zy,FW,asa_live,TRUE,NA,mlspa_via_asa,0,NA,1098,208000,TRUE,0,1,blended,2025+2026 season to date,1098,0.23440983606557378,0.0445,0.06119672131147541,0.05601639344262295,0.00472131147540983,0.06449180327868853,0.00348360655737704,2026,208000,Austin FC,0.21844855740004673,1,0.22876980826856777,0.24402112882743127,0.04746666666815,33.333333333333336,0.06527650273428033,97.16312056737588,0.05975081967399836,6.382978723404255,0.005036065573927863,75.177304964539,0.06879125683275082,95.0354609929078,0.00371584699465163,50.354609929078016,59.57446808510638,208000,33.08270676691729,30.274725274725274,540000,26.49176131818909,FALSE,FALSE,NA,Low,41,59,Insufficient Evidence,Strikers,1.1.0,2026-07-25 22:12:49 UTC,NA,NA,NA,Performance data through: 2026-07-25 (updates every day) · MLSPA compensation as of: 2026-04-16,FALSE,2026-07-25 22:12:44 UTC
jYQJ14KyqG,asa_jYQJ14KyqG_mls_blended,Philip Zinckernagel,philip zinckernagel,1994-12-16,Denmark,W,NA,31.540041067761805,mls,X0Oq66zq6D,W,asa_live,TRUE,NA,mlspa_via_asa,1326,1635665,2967,1635665,TRUE,0.6544916090819348,0.3455083909180652,blended,2025+2026 season to date,2351.1233958538996,0.30533749227684187,0.08422920486656278,0.03418614682534533,0.0947943189497104,0.03510470156918602,0.035890938028081854,0.021132182037955517,2026,1635665,Chicago Fire FC,0.19903356584128315,1,0.28372458515444077,0.30263955750752763,0.08984448519380794,93.01310043668123,0.036465223281507884,83.84279475982532,0.10111394021618424,64.19213973799127,0.03744501500830191,70.3056768558952,0.03828366723115034,51.96506550218341,0.022540994174523623,89.08296943231441,91.70305676855895,1635665,82.24299065420561,90.87912087912088,527437.5,9.460066114353339,TRUE,FALSE,75.26881720430107,High,20.75,79.25,Undervalued,Wingers and attacking midfielders,1.1.0,2026-07-25 22:12:49 UTC,24,24,107,Performance data through: 2026-07-25 (updates every day) · MLSPA compensation as of: 2026-04-16,FALSE,2026-07-25 22:12:44 UTC
jYQJ1PaVqG,asa_jYQJ1PaVqG_mls_blended,Antônio Carlos,antonio carlos,1993-03-07,Brazil,CB,NA,33.31690622861054,mls,YgOMngl5wN,CB,asa_live,TRUE,NA,mlspa_via_asa,1171,832676,701,832676,TRUE,0.6258685195082844,0.37413148049171563,blended,2025+2026 season to date,1433.2661678246927,0.13617141885570816,0.013564856191544333,0.027600253436527642,0.03081879898228917,0.00492004016557243,0.07318092272549485,-0.013913452645720283,2026,832676,Houston Dynamo FC,0.1396251547943452,1,0.13719058771612314,0.14633662690177102,0.01446917993809945,76.06382978723404,0.02944027033321616,19.148936170212767,0.03287338558213574,79.25531914893617,0.00524804284344126,60.638297872340424,0.07805965090963388,51.59574468085106,-0.014841016155898749,22.340425531914892,40.42553191489362,832676,76.11111111111111,76.04395604395604,509583.5,-35.685579196217496,TRUE,FALSE,19.270833333333332,High,20.75,79.25,Below Expected Value by Current Model,Center backs,1.1.0,2026-07-25 22:12:49 UTC,78,78,345,Performance data through: 2026-07-25 (updates every day) · MLSPA compensation as of: 2026-04-16,FALSE,2026-07-25 22:12:44 UTC
jYQJB7wVQG,asa_jYQJB7wVQG_mls_blended,Cole Bassett,cole bassett,2001-07-28,USA,CM,NA,24.92539356605065,mls,WBLMvYAQxe,CM,asa_live,TRUE,NA,mlspa_via_asa,1090,850000,2415,850000,TRUE,0.6089385474860335,0.3910614525139665,blended,2025+2026 season to date,2034.4134078212292,0.1762681807141122,0.042302914743745444,0.03253109059995142,0.05335176099101287,-0.0028573232936604303,0.052132086470731115,-0.001192348797668203,2026,850000,Portland Timbers FC,0.13647524696350208,1,0.16720515355995255,0.17835216380285623,0.04512310906140524,91.30434782608695,0.03469982997436588,69.56521739130434,0.056908545058858784,85.02415458937197,-0.0030478115133330363,30.917874396135264,0.055607558903850926,42.028985507246375,-0.0012718387175524948,47.82608695652174,81.64251207729468,850000,79.59183673469387,76.81318681318682,510300,2.0506753426008117,TRUE,FALSE,60.824742268041234,High,20.75,79.25,Fair Value,Central and defensive midfielders,1.1.0,2026-07-25 22:12:49 UTC,39,39,169,Performance data through: 2026-07-25 (updates every day) · MLSPA compensation as of: 2026-04-16,FALSE,2026-07-25 22:12:44 UTC
jYQJBvJGQG,asa_jYQJBvJGQG_mls_blended,Jon Bell,jon bell,1997-08-26,USA,CB,NA,28.84599589322382,mls,gpMOLwl5zy,CB,asa_live,TRUE,NA,mlspa_via_asa,851,225000,1508,225000,TRUE,0.5486782720825274,0.4513217279174726,blended,2025+2026 season to date,1531.5931656995485,0.14587646029685647,0.011759641678937342,0.043597776398216596,0.014907002755131873,0.004555987666039015,0.0775773258289766,-0.006521274030444976,2026,225000,Austin FC,0.1396251547943452,1,0.14411684530002578,0.15372463499149805,0.012543617791258486,70.74468085106383,0.04650429482621763,44.680851063829785,0.01590080293930423,48.40425531914894,0.004859720177260149,59.04255319148936,0.08274914755349429,57.4468085106383,-0.006956025632692017,37.234042553191486,53.723404255319146,225000,28.333333333333332,31.53846153846154,509583.5,25.390070921985814,TRUE,FALSE,79.16666666666667,Medium,29.75,70.25,Fair Value,Center backs,1.1.0,2026-07-25 22:12:49 UTC,21,21,91,Performance data through: 2026-07-25 (updates every day) · MLSPA compensation as of: 2026-04-16,FALSE,2026-07-25 22:12:44 UTC
jYQJYXpPqG,asa_jYQJYXpPqG_mls_blended,Tyrese Spicer,tyrese spicer,2000-12-04,Trinidad & Tobago,W,NA,25.571526351813823,mls,jYQJ8EW5GR,W,asa_live,TRUE,NA,mlspa_via_asa,548,311875,1385,311875,TRUE,0.4391025641025641,0.5608974358974359,blended,2025+2026 season to date,1324.8429487179487,0.17622513711469037,0.04581092057761733,0.0035911639128019977,0.11866464176617605,-0.03802425541516246,0.05423886594001666,-0.008056199666759236,2026,311875,Orlando City SC,0.19903356584128315,1,0.1833348378022559,0.19555716032851744,0.048864981950985514,52.838427947598255,0.003830574840441836,60.698689956331876,0.1265756178878766,78.16593886462883,-0.040559205777440765,10.043668122270743,0.05785479033782573,80.78602620087337,-0.008593279644811725,7.860262008733624,33.624454148471614,311875,34.11214953271028,37.032967032967036,527437.5,-0.48769538423866976,TRUE,FALSE,58.064516129032256,Medium,29.75,70.25,Fair Value,Wingers and attacking midfielders,1.1.0,2026-07-25 22:12:49 UTC,40,40,180,Performance data through: 2026-07-25 (updates every day) · MLSPA compensation as of: 2026-04-16,FALSE,2026-07-25 22:12:44 UTC
jYQJYzKDqG,asa_jYQJYzKDqG_mls_blended,Chris Applewhite,chris applewhite,2007-08-23,USA,CB,NA,17.856262833675565,mls,vzqoOgNqap,CB,asa_live,TRUE,NA,mlspa_via_asa,0,NA,221,90067,TRUE,0,1,blended,2025+2026 season to date,221,0.05367420814479638,0,0.0826289592760181,8.552036199095022e-4,-0.00728959276018099,-0.02679638009049773,0.00427601809954751,2026,90067,Nashville SC,0.1396251547943452,1,0.11648854187162863,0.12425444466695348,0,7.180851063829787,0.08813755656384027,92.55319148936171,9.122171945986424e-4,10.638297872340425,-0.007775565611102709,20.21276595744681,-0.028582805430757457,2.127659574468085,0.0045610859729932115,95.74468085106383,25,90067,6.666666666666667,7.252747252747253,509583.5,18.333333333333332,FALSE,FALSE,NA,Low,41,59,Insufficient Evidence,Center backs,1.1.0,2026-07-25 22:12:49 UTC,NA,NA,NA,Performance data through: 2026-07-25 (updates every day) · MLSPA compensation as of: 2026-04-16,FALSE,2026-07-25 22:12:44 UTC
jYQJa30DqG,asa_jYQJa30DqG_mls_blended,Joseph Rosales,joseph rosales,2000-11-06,Honduras,W,NA,25.648186173853524,mls,gpMOLwl5zy,W,asa_live,TRUE,NA,mlspa_via_asa,1471,529875,1811,529875,TRUE,0.6775679410409949,0.32243205895900506,blended,2025+2026 season to date,2054.924458774758,0.12253385816397619,0.019318403247872852,0.014574226393239931,0.02601498315860315,0.01704611259153527,0.05272838360996224,-0.0071482508372373,2026,529875,Austin FC,0.19903356584128315,1,0.1398224195973086,0.1491439142417899,0.020606296798374987,20.96069868995633,0.0155458414866084,68.5589519650655,0.02774931537004386,7.860262008733624,0.018182520098205826,53.711790393013104,0.05624360918571733,79.03930131004367,-0.007624800893291395,8.733624454148472,6.550218340611353,529875,50.467289719626166,54.395604395604394,527437.5,-43.917071379014814,TRUE,FALSE,16.129032258064516,High,20.75,79.25,Below Expected Value by Current Model,Wingers and attacking midfielders,1.1.0,2026-07-25 22:12:49 UTC,79,79,358,Performance data through: 2026-07-25 (updates every day) · MLSPA compensation as of: 2026-04-16,FALSE,2026-07-25 22:12:44 UTC
jYQJa3GEqG,asa_jYQJa3GEqG_mls_blended,Japhet Sery Larsen,japhet sery larsen,2000-04-10,Denmark,CB,NA,26.223134839151268,mls,9z5k7Yg5A3,CB,asa_live,TRUE,NA,mlspa_via_asa,876,675300,0,NA,FALSE,1,0,blended,2025+2026 season to date,876,0.15390410958904108,0.005496575342465749,0.04628424657534247,0.02616780821917808,-0.01278082191780822,0.08792465753424658,8.116438356164385e-4,2026,675300,Philadelphia Union,0.1396251547943452,1,0.14809965642046552,0.1579729668534332,0.005863013698813352,34.04255319148936,0.04936986301524144,50.53191489361702,0.027912328767995546,73.40425531914893,-0.013632876712754795,11.170212765957446,0.09378630137279384,71.27659574468085,8.657534246845892e-4,86.70212765957447,60.1063829787234,675300,62.77777777777778,65.82417582417582,509583.5,-2.671394799054376,TRUE,FALSE,51.041666666666664,Low,37.75,62.25,Fair Value,Center backs,1.1.0,2026-07-25 22:12:49 UTC,48,48,210,Performance data through: 2026-07-25 (updates every day) · MLSPA compensation as of: 2026-04-16,FALSE,2026-07-25 22:12:44 UTC
jYQJaDnDqG,asa_jYQJaDnDqG_mls_blended,Leo Afonso,leo afonso,2001-07-13,Brazil,W,NA,23.967145790554415,mls,zeQZkL1MKw,W,asa_live,TRUE,NA,mlspa_via_asa,0,NA,191,80622,TRUE,0,1,blended,2025+2026 season to date,191,-0.07718324607329843,0.04900523560209424,-0.04005235602094241,0.11304188481675394,-0.03609424083769633,-0.16030366492146597,-0.00278010471204188,2026,80622,Inter Miami CF,0.19903356584128315,1,0.1323364595509101,0.14115889019204866,0.05227225131053403,55.89519650655022,-0.042722513090340315,18.34061135371179,0.12057801047497226,75.9825327510917,-0.03850052356141256,10.480349344978166,-0.17099057592157382,0.8733624454148472,-0.0029654450262706755,20.524017467248907,3.056768558951965,80622,1.4018691588785046,1.043956043956044,527437.5,1.6548994000734605,FALSE,FALSE,NA,Low,41,59,Insufficient Evidence,Wingers and attacking midfielders,1.1.0,2026-07-25 22:12:49 UTC,NA,NA,NA,Performance data through: 2026-07-25 (updates every day) · MLSPA compensation as of: 2026-04-16,FALSE,2026-07-25 22:12:44 UTC
jYQJaaBdqG,asa_jYQJaaBdqG_mls_blended,Jack McGlynn,jack mcglynn,2003-07-07,USA,CM,NA,22.98425735797399,mls,YgOMngl5wN,CM,asa_live,TRUE,NA,mlspa_via_asa,955,910320,2582,910320,TRUE,0.5770392749244713,0.42296072507552873,blended,2025+2026 season to date,2047.0845921450152,0.2362863762838709,0.0321581092434025,0.1228758624078854,0.016633410948677922,0.021610341172093102,0.037573559923336323,0.005435092588475637,2026,910320,Houston Dynamo FC,0.13647524696350208,1,0.21366274054139042,0.22790692325127188,0.0343019831940346,85.99033816425121,0.13106758657250694,98.55072463768116,0.017742305012477564,36.231884057971016,0.02305103058428632,83.57487922705315,0.040078463919477864,18.840579710144926,0.005797432094555182,85.5072463768116,97.58454106280193,910320,83.16326530612245,79.23076923076923,510300,14.421275756679478,TRUE,FALSE,72.16494845360825,High,20.75,79.25,Undervalued,Central and defensive midfielders,1.1.0,2026-07-25 22:12:49 UTC,28,28,120,Performance data through: 2026-07-25 (updates every day) · MLSPA compensation as of: 2026-04-16,FALSE,2026-07-25 22:12:44 UTC
jYQJal6kqG,asa_jYQJal6kqG_mls_blended,Miguel Navarro,miguel navarro,1999-02-26,Venezuela,FB,NA,27.342915811088297,mls,pzeQZ6xQKw,FB,asa_live,TRUE,NA,mlspa_via_asa,761,548781,0,NA,FALSE,1,0,blended,2025+2026 season to date,761,0.08277398160315375,0.00241261498028909,0.04242181340341656,0.02429172141918528,-0.00489618922470433,0.04345072273324573,-0.02490670170827858,2026,548781,Colorado Rapids,0.11482828719990651,1,0.09690519641435996,0.10336554284521413,0.0025734559790554497,17.346938775510203,0.04524993429839173,83.16326530612245,0.025911169514607355,52.55102040816327,-0.005222601839847825,29.081632653061224,0.046347437583577136,36.734693877551024,-0.02656714848966071,8.16326530612245,25.510204081632654,548781,72.19251336898395,56.37362637362637,336500,-46.6823092873513,TRUE,FALSE,11.25,Low,37.75,62.25,Below Expected Value by Current Model,Fullbacks and wingbacks,1.1.0,2026-07-25 22:12:49 UTC,72,72,379,Performance data through: 2026-07-25 (updates every day) · MLSPA compensation as of: 2026-04-16,FALSE,2026-07-25 22:12:44 UTC
jYQJamlEqG,asa_jYQJamlEqG_mls_blended,Bongokuhle Hlongwane,bongokuhle hlongwane,2000-06-20,South Africa,FB,NA,26.028747433264886,mls,kRQand1MKZ,FB,asa_live,TRUE,NA,mlspa_via_asa,502,1142500,3039,1142500,TRUE,0.4176372712146423,0.5823627287853577,blended,2025+2026 season to date,2271.800332778702,0.17736488544101386,0.02583249372138899,-0.03311632143203249,0.07809640891373869,0.006096505002357056,0.08882679739098868,0.011629001844572964,2026,1142500,Minnesota United FC,0.11482828719990651,1,0.1642992281540538,0.17525251003646736,0.027554659970342673,80.10204081632654,-0.035324076195271864,7.653061224489796,0.08330283617725781,91.3265306122449,0.006502938669384077,57.142857142857146,0.09474858388668216,88.26530612244898,0.012404268634598795,93.36734693877551,90.3061224489796,1142500,98.39572192513369,85,336500,-8.089599476154092,TRUE,FALSE,55,Medium,29.75,70.25,Fair Value,Fullbacks and wingbacks,1.1.0,2026-07-25 22:12:49 UTC,37,37,193,Performance data through: 2026-07-25 (updates every day) · MLSPA compensation as of: 2026-04-16,FALSE,2026-07-25 22:12:44 UTC
jYQJanvVqG,asa_jYQJanvVqG_mls_blended,Daniel Edelman,daniel edelman,2003-04-28,USA,CM,NA,23.17590691307324,mls,wvq9B9wQWn,CM,asa_live,TRUE,NA,mlspa_via_asa,1381,676350,2239,676350,TRUE,0.6636232580490149,0.3363767419509851,blended,2025+2026 season to date,2134.1475252282557,0.13219672276808891,0.014259332667862681,0.02903003803742102,0.016885328003272547,0.0075861990887587695,0.06019786820461783,0.004237956766156025,2026,676350,St. Louis City SC,0.13647524696350208,1,0.13313563132864056,0.14201134008832111,0.015209954846195504,48.792270531400966,0.030965373907550088,66.66666666666667,0.018011016537386893,37.19806763285024,0.008091945694928894,60.869565217391305,0.06421105942026561,57.48792270531401,0.004520487217374358,83.09178743961353,48.792270531400966,676350,64.28571428571429,65.93406593406593,510300,-15.493443754313326,TRUE,FALSE,44.329896907216494,High,20.75,79.25,Below Expected Value by Current Model,Central and defensive midfielders,1.1.0,2026-07-25 22:12:49 UTC,55,55,238,Performance data through: 2026-07-25 (updates every day) · MLSPA compensation as of: 2026-04-16,FALSE,2026-07-25 22:12:44 UTC
jYQJg3nEMG,asa_jYQJg3nEMG_mls_blended,Palmer Ault,palmer ault,2004-04-19,USA,FW,NA,22.198494182067076,mls,wvq9B9wQWn,FW,asa_live,FALSE,NA,NA,13,NA,0,NA,FALSE,1,0,blended,2025+2026 season to date,13,1.1956153846153847,0.4472307692307692,-0.19315384615384618,0.29907692307692313,0.4866923076923077,0.17515384615384616,-0.019384615384615382,2026,NA,St. Louis City SC,0.21844855740004673,1,0.23917150805877332,0.25511627527066394,0.47704615386106153,100,-0.2060307692372077,2.127659574468085,0.3190153846253539,92.90780141843972,0.5191384615546846,100,0.18683076923660769,100,-0.02067692307756923,2.8368794326241136,67.37588652482269,NA,NA,NA,540000,NA,FALSE,FALSE,NA,Insufficient,49,51,Insufficient Evidence,Strikers,1.1.0,2026-07-25 22:12:49 UTC,NA,NA,NA,Performance data through: 2026-07-25 (updates every day) · MLSPA compensation as of: 2026-04-16,FALSE,2026-07-25 22:12:44 UTC
jYQJg6lWMG,asa_jYQJg6lWMG_mls_blended,Augustin Anello,augustin anello,2002-04-22,USA,W,NA,24.191649555099247,mls,9z5k7Yg5A3,W,asa_live,TRUE,NA,mlspa_via_asa,434,539630,0,NA,FALSE,1,0,blended,2025+2026 season to date,434,0.2991566820276498,0.0919700460829493,-0.03508755760368663,0.16405299539170506,0.00269585253456221,0.06762442396313365,0.00790092165898617,2026,539630,Philadelphia Union,0.19903356584128315,1,0.24105816199687613,0.25712870613803646,0.09810138249154492,95.19650655021834,-0.037426728111768656,21.83406113537118,0.1749898617566205,90.82969432314411,0.002875576036956219,39.301310043668124,0.07213271889626337,92.13973799126637,0.00842764976984861,71.61572052401746,82.53275109170306,539630,51.401869158878505,55.27472527472528,527437.5,31.130881932824558,FALSE,TRUE,NA,Low,49,51,Small-Sample Watchlist,Wingers and attacking midfielders,1.1.0,2026-07-25 22:12:49 UTC,NA,NA,NA,Performance data through: 2026-07-25 (updates every day) · MLSPA compensation as of: 2026-04-16,FALSE,2026-07-25 22:12:44 UTC
jYQJg7nEMG,asa_jYQJg7nEMG_mls_blended,Antone Bossenberry,antone bossenberry,2008-08-14,Canada,CM,NA,17.87816563997262,mls,kRQabn8MKZ,CM,asa_live,FALSE,NA,NA,49,NA,0,NA,FALSE,1,0,blended,2025+2026 season to date,49,-0.04977551020408162,0,-0.08320408163265305,0.02975510204081632,0.02626530612244897,-0.027183673469387746,0.00459183673469387,2026,NA,Toronto FC,0.13647524696350208,1,0.12241317130678159,0.13057404939798078,0,6.280193236714976,-0.08875102041093673,2.898550724637681,0.03173877551119591,61.35265700483092,0.028016326531487744,87.92270531400966,-0.028995918368253052,1.932367149758454,0.004897959183826523,84.54106280193237,31.884057971014492,NA,NA,NA,510300,NA,FALSE,FALSE,NA,Insufficient,49,51,Insufficient Evidence,Central and defensive midfielders,1.1.0,2026-07-25 22:12:49 UTC,NA,NA,NA,Performance data through: 2026-07-25 (updates every day) · MLSPA compensation as of: 2026-04-16,FALSE,2026-07-25 22:12:44 UTC
jYQJgEJdMG,asa_jYQJgEJdMG_mls_blended,Cavan Sullivan,cavan sullivan,2009-09-28,USA,W,NA,16.75564681724846,mls,9z5k7Yg5A3,W,asa_live,TRUE,NA,mlspa_via_asa,749,614000,320,614000,TRUE,0.5169082125603864,0.48309178743961356,blended,2025+2026 season to date,903.5893719806763,0.20811645962732916,0.0425194099378882,0.012683618012422355,0.09060170807453416,0.03184161490683229,0.015874223602484472,0.014595885093167697,2026,614000,Philadelphia Union,0.19903356584128315,1,0.2044919751948217,0.21812477354795956,0.04535403726849806,48.03493449781659,0.013529192547006633,67.68558951965065,0.09664182194918983,60.698689956331876,0.033964389235015824,67.24890829694323,0.016932505176512576,19.213973799126638,0.015568944099865405,81.6593886462882,59.82532751091703,614000,56.54205607476636,61.0989010989011,527437.5,3.2832714361506703,TRUE,FALSE,64.51612903225806,Medium,29.75,70.25,Fair Value,Wingers and attacking midfielders,1.1.0,2026-07-25 22:12:49 UTC,34,34,154,Performance data through: 2026-07-25 (updates every day) · MLSPA compensation as of: 2026-04-16,FALSE,2026-07-25 22:12:44 UTC
jYQJgRABMG,asa_jYQJgRABMG_mls_blended,Ethan Kohler,ethan kohler,2005-05-20,USA,CB,NA,21.114305270362767,mls,19vQ2095K6,CB,asa_live,TRUE,NA,mlspa_via_asa,1011,308800,0,NA,FALSE,1,0,blended,2025+2026 season to date,1011,0.06251928783382789,0.00851038575667655,0.03935608308605341,0.02233531157270029,0.00270623145400593,-0.00773590504451038,-0.00265281899109792,2026,308800,New England Revolution,0.1396251547943452,1,0.09123655672042652,0.09731899383816284,0.009077744807405332,54.255319148936174,0.041979821959768834,39.361702127659576,0.023824332344958152,67.02127659574468,0.0028866468843631995,50.53191489361702,-0.008251632047735602,3.723404255319149,-0.002829673590592875,56.38297872340426,5.851063829787234,308800,33.888888888888886,36.7032967032967,509583.5,-28.03782505910165,TRUE,FALSE,26.041666666666668,Medium,28.75,71.25,Below Expected Value by Current Model,Center backs,1.1.0,2026-07-25 22:12:49 UTC,72,72,316,Performance data through: 2026-07-25 (updates every day) · MLSPA compensation as of: 2026-04-16,FALSE,2026-07-25 22:12:44 UTC
jYQJgokGMG,asa_jYQJgokGMG_mls_blended,Lazar Stefanovic,lazar stefanovic,2006-08-10,USA,CB,NA,19.890485968514717,mls,kRQabn8MKZ,CB,asa_live,TRUE,NA,mlspa_via_asa,252,125306,682,125306,TRUE,0.2647058823529412,0.7352941176470589,blended,2025+2026 season to date,753.4705882352941,0.09284411887922324,0.004859243697478992,0.0500794253185145,0.010856628428497498,-0.0012594322186352523,0.034723822666896685,-0.0064155690135291625,2026,125306,Toronto FC,0.1396251547943452,1,0.11358237635822033,0.12115453478588777,0.0051831932774729,27.127659574468087,0.05341805367475145,55.851063829787236,0.011580403657425886,34.57446808510638,-0.0013433943665862502,33.51063829787234,0.03703874417918059,15.957446808510639,-0.006843273614644959,37.765957446808514,20.74468085106383,125306,17.22222222222222,22.087912087912088,509583.5,3.5224586288416084,FALSE,TRUE,NA,Low,41,59,Small-Sample Watchlist,Center backs,1.1.0,2026-07-25 22:12:49 UTC,NA,NA,NA,Performance data through: 2026-07-25 (updates every day) · MLSPA compensation as of: 2026-04-16,FALSE,2026-07-25 22:12:44 UTC
jYQJgrOWMG,asa_jYQJgrOWMG_mls_blended,Luca Bombino,luca bombino,2006-07-10,USA,FB,NA,19.975359342915812,mls,zeQZBOzQKw,FB,asa_live,TRUE,NA,mlspa_via_asa,1029,177200,2848,177200,TRUE,0.5951417004048583,0.40485829959514175,blended,2025+2026 season to date,2182.036437246964,0.14945988458614123,0.0154855594582827,0.030982136358614777,0.02088997667028418,-0.01158338180152195,0.0923238468361916,0.0013617470642899314,2026,177200,San Diego FC,0.11482828719990651,1,0.14199091036511946,0.15145697106086045,0.016517930089351065,62.755102040816325,0.0330476121168885,72.95918367346938,0.02228264178233279,43.87755102040816,-0.012355607255342859,18.877551020408163,0.09847876996168184,90.81632653061224,0.0014525302019546516,71.42857142857143,77.04081632653062,177200,34.224598930481285,28.13186813186813,336500,42.81621739604933,TRUE,FALSE,92.5,High,20.75,79.25,Elite Value,Fullbacks and wingbacks,1.1.0,2026-07-25 22:12:49 UTC,7,7,35,Performance data through: 2026-07-25 (updates every day) · MLSPA compensation as of: 2026-04-16,FALSE,2026-07-25 22:12:44 UTC
jYQJzApVQG,asa_jYQJzApVQG_mls_blended,Silvan Hefti,silvan hefti,1997-10-25,Switzerland,FB,NA,28.681724845995895,mls,EKXMeX3Q64,FB,asa_live,TRUE,NA,mlspa_via_asa,1463,434833,0,NA,FALSE,1,0,blended,2025+2026 season to date,1463,0.10919343814080656,0.00684688995215311,0.02879015721120984,0.005634996582365,0.01899043062200956,0.05423376623376624,-0.00530280246069719,2026,434833,D.C. United,0.11482828719990651,1,0.11083226966550844,0.11822108764690341,0.00730334928252488,31.632653061224488,0.03070950102625017,68.36734693877551,0.006010663021377166,10.714285714285714,0.020256459330776546,80.61224489795919,0.05784935065115845,52.55102040816327,-0.00565632262492043,30.612244897959183,44.38775510204081,434833,60.962566844919785,46.7032967032967,336500,-16.57481174287897,TRUE,FALSE,45,High,28.75,71.25,Below Expected Value by Current Model,Fullbacks and wingbacks,1.1.0,2026-07-25 22:12:49 UTC,45,45,236,Performance data through: 2026-07-25 (updates every day) · MLSPA compensation as of: 2026-04-16,FALSE,2026-07-25 22:12:44 UTC
jYQJzWGyQG,asa_jYQJzWGyQG_mls_blended,Miles Robinson,miles robinson,1997-03-14,USA,CB,NA,29.297741273100616,mls,NWMWlBK5lz,CB,asa_live,TRUE,NA,mlspa_via_asa,748,3950000,2882,3950000,TRUE,0.5165745856353591,0.4834254143646409,blended,2025+2026 season to date,2141.232044198895,0.19327646738567827,0.01506936078766663,0.06238197269391651,0.032261522270062605,0.011349628672537866,0.09192141689127795,-0.019707433929783257,2026,3950000,FC Cincinnati,0.1396251547943452,1,0.18153328511005762,0.1936355041234459,0.01607398484068005,79.7872340425532,0.06654077087559034,73.40425531914893,0.0344122904224755,79.7872340425532,0.012106270584418712,82.97872340425532,0.09804951135376053,75.53191489361703,-0.02102126285909239,11.702127659574469,86.17021276595744,3950000,100,97.25274725274726,509583.5,-13.829787234042556,TRUE,FALSE,36.458333333333336,Medium,29.75,70.25,Fair Value,Center backs,1.1.0,2026-07-25 22:12:49 UTC,62,62,272,Performance data through: 2026-07-25 (updates every day) · MLSPA compensation as of: 2026-04-16,FALSE,2026-07-25 22:12:44 UTC
jYQJznnkQG,asa_jYQJznnkQG_mls_blended,Chris Durkin,chris durkin,2000-02-08,USA,CM,NA,26.392881587953458,mls,wvq9B9wQWn,CM,asa_live,TRUE,NA,mlspa_via_asa,1347,668500,1225,668500,TRUE,0.6580361504640938,0.3419638495359062,blended,2025+2026 season to date,1765.9057156814852,0.10622625444901947,0.017042780375462346,0.006997627189615465,0.04052732221369251,-0.016739409588945486,0.07481261776816246,-0.016414683508967822,2026,668500,St. Louis City SC,0.13647524696350208,1,0.11389747963284372,0.12149064494549655,0.018178965734394596,57.48792270531401,0.007464135669156417,38.64734299516908,0.043229143695956256,75.3623188405797,-0.017855370228766498,12.077294685990339,0.07980012562186704,79.22705314009661,-0.017508995743446165,9.66183574879227,25.120772946859905,668500,63.265306122448976,65.38461538461539,510300,-38.144533175589075,TRUE,FALSE,24.742268041237114,High,20.75,79.25,Below Expected Value by Current Model,Central and defensive midfielders,1.1.0,2026-07-25 22:12:49 UTC,74,74,321,Performance data through: 2026-07-25 (updates every day) · MLSPA compensation as of: 2026-04-16,FALSE,2026-07-25 22:12:44 UTC
jYQJznrBQG,asa_jYQJznrBQG_mls_blended,Prince Owusu,prince owusu,1997-01-07,Germany,FW,NA,29.478439425051334,mls,APk5LGOMOW,FW,asa_live,TRUE,NA,mlspa_via_asa,1323,1330000,3120,1330000,TRUE,0.6539792387543253,0.3460207612456747,blended,2025+2026 season to date,2402.584775086505,0.303047454275828,0.054997252747252756,-0.031717051979162705,0.2369853131297768,-0.012565287653522945,0.03882837750484809,0.01651885052663599,2026,1330000,CF Montréal,0.21844855740004673,1,0.28614224029265034,0.3052183896550318,0.05866373626556951,48.93617021276596,-0.03383152211216412,60.99290780141844,0.25278433401299477,75.177304964539,-0.013402973497509985,60.99290780141844,0.04141693600646557,77.30496453900709,0.017620107228962352,79.43262411347517,86.52482269503547,1330000,70.67669172932331,87.52747252747253,540000,15.848130965712159,TRUE,FALSE,82.45614035087719,High,20.75,79.25,Strong Value,Strikers,1.1.0,2026-07-25 22:12:49 UTC,11,11,78,Performance data through: 2026-07-25 (updates every day) · MLSPA compensation as of: 2026-04-16,FALSE,2026-07-25 22:12:44 UTC
jYQJzoGVQG,asa_jYQJzoGVQG_mls_blended,Maxime Dominguez,maxime dominguez,1996-02-01,Switzerland,CM,NA,29.412731006160165,mls,kRQabn8MKZ,CM,asa_live,TRUE,NA,mlspa_via_asa,0,NA,1567,337577,TRUE,0,1,blended,2025+2026 season to date,1567,0.10567389917038926,0.02520229738353542,0.007788130185067,0.03295022335673261,0.00352074026802807,0.04343777919591576,-0.00722527121888959,2026,337577,Toronto FC,0.13647524696350208,1,0.11420219112971906,0.12181567054217374,0.02688245054327786,75.84541062801932,0.008307338864331071,40.09661835748792,0.03514690491494646,67.14975845410628,0.003755456286013966,49.27536231884058,0.04633363114375807,25.120772946859905,-0.007706955967056404,22.22222222222222,25.603864734299517,337577,37.244897959183675,39.78021978021978,510300,-11.641033224884158,FALSE,FALSE,NA,Low,41,59,Insufficient Evidence,Central and defensive midfielders,1.1.0,2026-07-25 22:12:49 UTC,NA,NA,NA,Performance data through: 2026-07-25 (updates every day) · MLSPA compensation as of: 2026-04-16,FALSE,2026-07-25 22:12:44 UTC
jYQJzpAkQG,asa_jYQJzpAkQG_mls_blended,Brandt Bronico,brandt bronico,1995-06-20,USA,CM,NA,31.030800821355236,mls,NPqxKXZ59d,CM,asa_live,TRUE,NA,mlspa_via_asa,580,551667,2781,551667,TRUE,0.453125,0.546875,blended,2025+2026 season to date,2100.859375,0.09133248129045309,0.01066572866100323,-0.009929659688511325,0.04925548644822006,-0.009059253640776699,0.04794980026294498,0.0024503792475728155,2026,551667,Charlotte FC,0.13647524696350208,1,0.10136101504328107,0.10811841604954518,0.01137677723875897,36.231884057971016,-0.010591637001409734,19.32367149758454,0.05253918554640991,81.15942028985508,-0.009663203883797121,18.840579710144926,0.051146453615406304,33.81642512077295,0.002613737864159349,77.29468599033817,12.077294685990339,551667,53.57142857142857,56.92307692307692,510300,-41.49413388543823,TRUE,FALSE,23.711340206185568,Medium,29.75,70.25,Below Expected Value by Current Model,Central and defensive midfielders,1.1.0,2026-07-25 22:12:49 UTC,75,75,326,Performance data through: 2026-07-25 (updates every day) · MLSPA compensation as of: 2026-04-16,FALSE,2026-07-25 22:12:44 UTC
jYQJzwXkQG,asa_jYQJzwXkQG_mls_blended,Jeppe Tverskov,jeppe tverskov,1993-03-12,Denmark,CM,NA,33.30321697467488,mls,zeQZBOzQKw,CM,asa_live,TRUE,NA,mlspa_via_asa,1054,1096667,3850,1096667,TRUE,0.6009122006841505,0.3990877993158495,blended,2025+2026 season to date,2590.4880273660206,0.21623509899450605,0.009309733595936554,0.056092567637607546,0.03283735876438271,0.014515030579454746,0.10060697626205037,0.002873432155074116,2026,1096667,San Diego FC,0.13647524696350208,1,0.201235540679877,0.21465124339857666,0.00993038250264265,31.40096618357488,0.05983207214865113,83.09178743961353,0.03502651601643613,66.66666666666667,0.015482699285235563,75.84541062801932,0.10731410801620729,91.78743961352657,0.0030649942988415046,78.26086956521739,96.13526570048309,1096667,89.28571428571429,84.3956043956044,510300,6.849551414768797,TRUE,FALSE,67.01030927835052,High,20.75,79.25,Undervalued,Central and defensive midfielders,1.1.0,2026-07-25 22:12:49 UTC,33,33,142,Performance data through: 2026-07-25 (updates every day) · MLSPA compensation as of: 2026-04-16,FALSE,2026-07-25 22:12:44 UTC
kRQa207YMK,asa_kRQa207YMK_mls_blended,Paxton Pomykal,paxton pomykal,1999-12-17,USA,CM,NA,25.53867214236824,mls,mKAqBBmqbg,CM,asa_live,TRUE,NA,mlspa_via_asa,0,NA,62,1158000,TRUE,0,1,blended,2025+2026 season to date,62,0.09711290322580644,0.04412903225806452,0.06314516129032258,-0.00420967741935483,-0.03251612903225806,0.03135483870967742,-0.00479032258064516,2026,1158000,FC Dallas,0.13647524696350208,1,0.13278874347145203,0.1416413263739751,0.04707096774340645,93.71980676328502,0.06735483871178226,85.99033816425121,-0.004490322580785474,2.898550724637681,-0.0346838709688258,5.314009661835748,0.033445161291367737,14.009661835748792,-0.005109677419514515,29.95169082125604,47.82608695652174,1158000,91.3265306122449,85.27472527472527,510300,-43.50044365572315,FALSE,FALSE,NA,Low,41,59,Insufficient Evidence,Central and defensive midfielders,1.1.0,2026-07-25 22:12:49 UTC,NA,NA,NA,Performance data through: 2026-07-25 (updates every day) · MLSPA compensation as of: 2026-04-16,FALSE,2026-07-25 22:12:44 UTC
kRQa22abMK,asa_kRQa22abMK_mls_blended,Bill Tuiloma,bill tuiloma,1995-03-27,New Zealand,FB,NA,30.26420260095825,mls,NPqxKXZ59d,FB,asa_live,TRUE,NA,mlspa_via_asa,0,NA,469,524938,TRUE,0,1,blended,2025+2026 season to date,469,0.08464605543710021,0.01692537313432835,0.01972707889125799,0.034426439232409387,0.00798294243070362,0.00923027718550106,-0.00364605543710021,2026,524938,Charlotte FC,0.11482828719990651,1,0.10158650357338064,0.10835893714832556,0.018053731343847752,64.28571428571429,0.02104221748466609,57.142857142857146,0.036721535182384225,66.3265306122449,0.008515138593016626,61.734693877551024,0.009845628998175471,13.775510204081632,-0.003889125799695092,37.244897959183675,30.612244897959183,524938,69.5187165775401,54.175824175824175,336500,-38.90647167958092,FALSE,FALSE,NA,Low,41,59,Insufficient Evidence,Fullbacks and wingbacks,1.1.0,2026-07-25 22:12:49 UTC,NA,NA,NA,Performance data through: 2026-07-25 (updates every day) · MLSPA compensation as of: 2026-04-16,FALSE,2026-07-25 22:12:44 UTC
kRQa2AvjMK,asa_kRQa2AvjMK_mls_blended,Evander,evander,1998-06-09,Brazil,W,NA,28.060232717316907,mls,NWMWlBK5lz,W,asa_live,TRUE,NA,mlspa_via_asa,1395,4736411,3427,4736411,TRUE,0.665871121718377,0.33412887828162297,blended,2025+2026 season to date,2540.059665871122,0.3608237968456306,0.07774135132142408,0.08906390568230804,0.05360337053846577,0.08874431737855984,0.019707286862087052,0.03196356506278583,2026,4736411,FC Cincinnati,0.19903356584128315,1,0.3299090535183958,0.3519029904306191,0.08292410807877706,89.95633187772926,0.0950014993974307,96.5065502183406,0.05717692857615027,22.707423580786028,0.0946606052067553,92.5764192139738,0.021021105986883098,24.45414847161572,0.03409446940137034,94.75982532751091,97.81659388646288,4736411,95.79439252336448,97.91208791208791,527437.5,2.0222013630984037,TRUE,FALSE,62.365591397849464,High,20.75,79.25,Fair Value,Wingers and attacking midfielders,1.1.0,2026-07-25 22:12:49 UTC,36,36,163,Performance data through: 2026-07-25 (updates every day) · MLSPA compensation as of: 2026-04-16,FALSE,2026-07-25 22:12:44 UTC
kRQa2j0LMK,asa_kRQa2j0LMK_mls_blended,Kyle Smith,kyle smith,1992-01-09,USA,CB,NA,34.47501711156742,mls,NWMWlBK5lz,CB,asa_live,TRUE,NA,mlspa_via_asa,792,118400,1359,118400,TRUE,0.5308310991957105,0.4691689008042895,blended,2025+2026 season to date,1429.6005361930295,0.08809877403547396,0.014342013919713077,0.032341232711325746,0.01929599364380448,-0.017235920494291856,0.05824942740976155,-0.01889397315483906,2026,118400,FC Cincinnati,0.1396251547943452,1,0.10333124362937361,0.11021999320810956,0.01529814818150535,78.19148936170212,0.03449731489315884,24.46808510638298,0.020582393220701312,63.829787234042556,-0.01838498186115251,7.446808510638298,0.062132722572353964,37.234042553191486,-0.02015357136579146,13.297872340425531,12.23404255319149,118400,15.555555555555555,19.89010989010989,509583.5,-3.3215130023640658,TRUE,FALSE,47.916666666666664,Medium,29.75,70.25,Fair Value,Center backs,1.1.0,2026-07-25 22:12:49 UTC,51,51,223,Performance data through: 2026-07-25 (updates every day) · MLSPA compensation as of: 2026-04-16,FALSE,2026-07-25 22:12:44 UTC
kRQaP8xjqK,asa_kRQaP8xjqK_mls_blended,Matthew Arana,matthew arana,2010-08-28,Mexico,CM,NA,15.841204654346338,mls,YgOMngl5wN,CM,asa_live,TRUE,NA,mlspa_via_asa,9,101986,0,NA,FALSE,1,0,blended,2025+2026 season to date,9,-0.36699999999999994,0,-0.06199999999999999,0.00299999999999999,0.127,-0.43499999999999994,0,2026,101986,Houston Dynamo FC,0.13647524696350208,1,0.12903472607241584,0.13763704114821138,0,6.280193236714976,-0.06613333333539999,3.864734299516908,0.003200000000099989,5.797101449275362,0.1354666666709,100,-0.4640000000144999,0.4830917874396135,0,61.83574879227053,41.06280193236715,101986,11.224489795918368,11.538461538461538,510300,29.838312136448785,FALSE,TRUE,NA,Low,49,51,Small-Sample Watchlist,Central and defensive midfielders,1.1.0,2026-07-25 22:12:49 UTC,NA,NA,NA,Performance data through: 2026-07-25 (updates every day) · MLSPA compensation as of: 2026-04-16,FALSE,2026-07-25 22:12:44 UTC
kRQaPd61qK,asa_kRQaPd61qK_mls_blended,Agustín Resch,agustin resch,2002-02-28,Argentina,CB,NA,24.33675564681725,mls,YgOMngl5wN,CB,asa_live,TRUE,NA,mlspa_via_asa,1016,88025,0,NA,FALSE,1,0,blended,2025+2026 season to date,1016,0.09404822834645672,0,0.02043602362204724,0.00265748031496062,-0.01034645669291338,0.0850748031496063,-0.00377362204724409,2026,88025,Houston Dynamo FC,0.1396251547943452,1,0.11097035450285095,0.11836837814007335,0,7.180851063829787,0.02179842519753159,14.893617021276595,0.0028346456693799107,15.957446808510639,-0.01103622047278582,14.893617021276595,0.09074645669574921,67.55319148936171,-0.004025196850519484,51.06382978723404,18.617021276595743,88025,3.611111111111111,4.34065934065934,509583.5,15.005910165484632,TRUE,FALSE,72.91666666666667,Medium,28.75,71.25,Fair Value,Center backs,1.1.0,2026-07-25 22:12:49 UTC,27,27,118,Performance data through: 2026-07-25 (updates every day) · MLSPA compensation as of: 2026-04-16,FALSE,2026-07-25 22:12:44 UTC
kRQabvYbMK,asa_kRQabvYbMK_mls_blended,Walker Zimmerman,walker zimmerman,1993-05-19,USA,CB,NA,33.1170431211499,mls,kRQabn8MKZ,CB,asa_live,TRUE,NA,mlspa_via_asa,1123,1708037,2043,1708037,TRUE,0.6160175534832694,0.38398244651673064,blended,2025+2026 season to date,1907.4761382336806,0.20206709422673091,0.018058505972389026,0.05170207408517209,0.04369869097991643,0.005007756977050462,0.09927513828442733,-0.015675072072224464,2026,1708037,Toronto FC,0.1396251547943452,1,0.18712571030360306,0.19960075766341412,0.019262406371150245,85.63829787234043,0.05514887902590697,60.638297872340424,0.046611937046700816,88.29787234042553,0.005341607442354085,61.702127659574465,0.10589348084003165,79.7872340425532,-0.01672007687756193,15.957446808510639,89.36170212765957,1708037,98.88888888888889,91.31868131868131,509583.5,-9.527186761229316,TRUE,FALSE,39.583333333333336,High,20.75,79.25,Fair Value,Center backs,1.1.0,2026-07-25 22:12:49 UTC,59,59,259,Performance data through: 2026-07-25 (updates every day) · MLSPA compensation as of: 2026-04-16,FALSE,2026-07-25 22:12:44 UTC
kRQabyN8MK,asa_kRQabyN8MK_mls_blended,Jonathan Rodríguez,jonathan rodriguez,1993-07-06,Uruguay,W,NA,31.98631074606434,mls,WBLMvYAQxe,W,asa_live,TRUE,NA,mlspa_via_asa,0,NA,190,3627500,TRUE,0,1,blended,2025+2026 season to date,190,0.47467894736842103,0.06323684210526316,0.08422105263157896,0.11458421052631579,0.01577368421052631,0.0178578947368421,0.17900526315789475,2026,3627500,Portland Timbers FC,0.19903356584128315,1,0.26532802468958216,0.2830165596777319,0.06745263158105527,77.29257641921397,0.0898357894764916,95.63318777292577,0.12222315789855631,76.41921397379913,0.01682526315842052,51.52838427947598,0.019048421053226836,21.397379912663755,0.1909389473743879,100,89.51965065502183,3627500,92.99065420560747,96.37362637362638,527437.5,-3.4710035505856354,FALSE,FALSE,NA,Low,41,59,Insufficient Evidence,Wingers and attacking midfielders,1.1.0,2026-07-25 22:12:49 UTC,NA,NA,NA,Performance data through: 2026-07-25 (updates every day) · MLSPA compensation as of: 2026-04-16,FALSE,2026-07-25 22:12:44 UTC
kRQao7Bg5K,asa_kRQao7Bg5K_mls_blended,André Franco,andre franco,1998-04-12,Portugal,CM,NA,27.21971252566735,mls,X0Oq66zq6D,CM,asa_live,TRUE,NA,mlspa_via_asa,0,NA,435,697083,TRUE,0,1,blended,2025+2026 season to date,435,0.24467586206896555,0.03086896551724138,0.1196689655172414,0.01922068965517241,0.012206896551724132,0.056544827586206894,0.00616551724137931,2026,697083,Chicago Fire FC,0.13647524696350208,1,0.18195086780492875,0.1940809256646557,0.032926896552753104,84.54106280193237,0.12764689655571312,98.06763285024155,0.020502068966157926,44.44444444444444,0.013020689655579303,71.01449275362319,0.060314482760505515,48.792270531400966,0.006576551724343448,87.92270531400966,90.82125603864735,697083,66.83673469387755,67.03296703296704,510300,23.984521344769803,FALSE,FALSE,NA,Low,41,59,Insufficient Evidence,Central and defensive midfielders,1.1.0,2026-07-25 22:12:49 UTC,NA,NA,NA,Performance data through: 2026-07-25 (updates every day) · MLSPA compensation as of: 2026-04-16,FALSE,2026-07-25 22:12:44 UTC
kRQaoNZj5K,asa_kRQaoNZj5K_mls_blended,Miguel Berry,miguel berry,1997-09-16,Spain,FW,NA,27.789185489390828,mls,kaDQ0wRqEv,FW,asa_live,TRUE,NA,mlspa_via_asa,0,NA,764,231667,TRUE,0,1,blended,2025+2026 season to date,764,0.14581413612565444,0.03721335078534031,-0.05235078534031414,0.16819633507853404,-0.03300785340314136,0.0191544502617801,0.00660863874345549,2026,231667,LA Galaxy,0.21844855740004673,1,0.17776476131966865,0.18961574541357204,0.03969424083893678,22.69503546099291,-0.05584083769808011,36.87943262411348,0.17940942408937618,47.5177304964539,-0.03520837696445104,43.262411347517734,0.020431413613203924,32.6241134751773,0.0070492146599061434,62.4113475177305,17.73049645390071,231667,33.83458646616541,32.08791208791209,540000,-16.104090012264702,FALSE,FALSE,NA,Low,41,59,Insufficient Evidence,Strikers,1.1.0,2026-07-25 22:12:49 UTC,NA,NA,NA,Performance data through: 2026-07-25 (updates every day) · MLSPA compensation as of: 2026-04-16,FALSE,2026-07-25 22:12:44 UTC
kRQaodJm5K,asa_kRQaodJm5K_mls_blended,Keisuke Kurokawa,keisuke kurokawa,1997-04-13,Japan,FB,NA,29.215605749486652,mls,EKXMeX3Q64,FB,asa_live,TRUE,NA,mlspa_via_asa,1612,615500,0,NA,FALSE,1,0,blended,2025+2026 season to date,1612,0.09851426799007444,0.00783870967741935,0.05822084367245657,0.01781017369727047,0.00453908188585608,0.02336538461538461,-0.01325992555831265,2026,615500,D.C. United,0.11482828719990651,1,0.10293940882456777,0.10980203608297028,0.00836129032284193,35.204081632653065,0.062102233252561034,91.3265306122449,0.018997518611015507,37.755102040816325,0.004841687345064454,51.53061224489796,0.024923076923855765,18.877551020408163,-0.01414392059597549,15.816326530612244,32.6530612244898,615500,78.6096256684492,61.20879120879121,336500,-45.9565644439594,TRUE,FALSE,12.5,High,22,78,Below Expected Value by Current Model,Fullbacks and wingbacks,1.1.0,2026-07-25 22:12:49 UTC,71,71,372,Performance data through: 2026-07-25 (updates every day) · MLSPA compensation as of: 2026-04-16,FALSE,2026-07-25 22:12:44 UTC
kRQaopnY5K,asa_kRQaopnY5K_mls_blended,David Schnegg,david schnegg,1998-09-29,Austria,FB,NA,27.753593429158112,mls,NPqxKXZ59d,FB,asa_live,TRUE,NA,mlspa_via_asa,598,756250,2994,756250,TRUE,0.46070878274268107,0.539291217257319,blended,2025+2026 season to date,2212.637904468413,0.12885455348292885,0.010385382475274119,0.00968043791743734,0.030164140299088163,-0.005278733121095817,0.09177051792336599,-0.00786719201114092,2026,756250,Charlotte FC,0.11482828719990651,1,0.12586243005444084,0.13425325872893232,0.011077741307305239,44.89795918367347,0.010325800445589176,45.40816326530612,0.032175082986699514,60.714285714285715,-0.005630648662678163,28.06122448979592,0.0978885524546494,90.3061224489796,-0.008391671478812554,22.959183673469386,65.81632653061224,756250,87.16577540106952,71.26373626373626,336500,-21.34944887045728,TRUE,FALSE,37.5,Medium,29.75,70.25,Below Expected Value by Current Model,Fullbacks and wingbacks,1.1.0,2026-07-25 22:12:49 UTC,51,51,268,Performance data through: 2026-07-25 (updates every day) · MLSPA compensation as of: 2026-04-16,FALSE,2026-07-25 22:12:44 UTC
kRQaorKj5K,asa_kRQaorKj5K_mls_blended,Alan Montes Castro,alan montes castro,2000-10-26,Mexico,CB,NA,24.67898699520876,mls,Z2vQ1xlqrA,CB,asa_live,TRUE,NA,mlspa_via_asa,0,NA,509,422500,TRUE,0,1,blended,2025+2026 season to date,509,0.14995874263261297,0.01909626719056974,0.06186836935166994,0.06752652259332025,-0.0801335952848723,0.08283889980353634,-0.001237721021611,2026,422500,Sporting Kansas City,0.1396251547943452,1,0.14436798275618318,0.15399251494474098,0.020369351670577598,88.82978723404256,0.06599292731051022,72.34042553191489,0.07202829076845914,96.27659574468085,-0.08547583497320156,1.0638297872340425,0.0883614931265334,65.42553191489361,-0.001320235756426324,67.55319148936171,54.787234042553195,422500,41.111111111111114,45.714285714285715,509583.5,13.67612293144208,FALSE,FALSE,NA,Low,41,59,Insufficient Evidence,Center backs,1.1.0,2026-07-25 22:12:49 UTC,NA,NA,NA,Performance data through: 2026-07-25 (updates every day) · MLSPA compensation as of: 2026-04-16,FALSE,2026-07-25 22:12:44 UTC
kRQaovVo5K,asa_kRQaovVo5K_mls_blended,Gabriel Pec,gabriel pec,2001-02-11,Brazil,W,NA,25.38261464750171,mls,kaDQ0wRqEv,W,asa_live,TRUE,NA,mlspa_via_asa,1365,2459000,2764,2459000,TRUE,0.6610169491525424,0.3389830508474576,blended,2025+2026 season to date,2301.9491525423728,0.3940894706412085,0.11552867409761616,0.02231702799395899,0.11898270394522448,0.08707102245053139,0.0420366160563173,0.00815342609756012,2026,2459000,LA Galaxy,0.19903356584128315,1,0.3537601827288331,0.3773441949225473,0.12323058570797486,97.81659388646288,0.023804829860966825,73.79912663755458,0.12691488421220554,78.60262008733625,0.09287575728346918,92.13973799126637,0.04483905712813967,63.75545851528384,0.008696987837669241,72.48908296943232,98.68995633187772,2459000,88.3177570093458,94.28571428571429,527437.5,10.372199322531927,TRUE,FALSE,78.49462365591398,High,20.75,79.25,Undervalued,Wingers and attacking midfielders,1.1.0,2026-07-25 22:12:49 UTC,21,21,94,Performance data through: 2026-07-25 (updates every day) · MLSPA compensation as of: 2026-04-16,FALSE,2026-07-25 22:12:44 UTC
kRQaw1eO5K,asa_kRQaw1eO5K_mls_blended,Nicolás Rodríguez,nicolas rodriguez,2004-04-24,Colombia,W,NA,21.1854893908282,mls,jYQJ8EW5GR,W,asa_live,TRUE,NA,mlspa_via_asa,0,NA,294,262000,TRUE,0,1,blended,2025+2026 season to date,294,0.06563265306122448,0.02929591836734693,-0.02305102040816326,0.0308265306122449,-0.00658163265306122,0.03342857142857143,0.00171428571428571,2026,262000,Orlando City SC,0.19903356584128315,1,0.15516346700757258,0.16550769814658287,0.031248979592813256,31.004366812227076,-0.024587755102809177,33.624454148471614,0.03288163265408878,8.733624454148472,-0.007020408163484689,28.38427947598253,0.03565714285825715,45.851528384279476,0.0018285714286285669,51.96506550218341,13.100436681222707,262000,30.8411214953271,33.62637362637363,527437.5,-17.740684814104394,FALSE,FALSE,NA,Low,41,59,Insufficient Evidence,Wingers and attacking midfielders,1.1.0,2026-07-25 22:12:49 UTC,NA,NA,NA,Performance data through: 2026-07-25 (updates every day) · MLSPA compensation as of: 2026-04-16,FALSE,2026-07-25 22:12:44 UTC
kRQawAyb5K,asa_kRQawAyb5K_mls_blended,Emilio Aristizábal,emilio aristizabal,2005-08-05,Colombia,FW,NA,20.903490759753595,mls,kRQabn8MKZ,FW,asa_live,TRUE,NA,mlspa_via_asa,597,344788,0,NA,FALSE,1,0,blended,2025+2026 season to date,597,0.250070351758794,0.06723618090452262,4.673366834170854e-4,0.17342713567839196,-0.03904522613065327,0.0448643216080402,0.00312060301507537,2026,344788,Toronto FC,0.21844855740004673,1,0.23421982827070012,0.24983448349655413,0.07171859296706533,63.12056737588652,4.984924623271357e-4,87.23404255319149,0.184988944729399,48.93617021276596,-0.04164824120733166,36.170212765957444,0.047855276383405025,84.39716312056737,0.003328643216184415,48.93617021276596,63.829787234042556,344788,39.097744360902254,40.10989010989011,540000,24.7320428731403,TRUE,FALSE,87.71929824561404,Low,37.75,62.25,Undervalued,Strikers,1.1.0,2026-07-25 22:12:49 UTC,8,8,54,Performance data through: 2026-07-25 (updates every day) · MLSPA compensation as of: 2026-04-16,FALSE,2026-07-25 22:12:44 UTC
kRQawPbO5K,asa_kRQawPbO5K_mls_blended,Nicholas Simmonds,nicholas simmonds,2006-12-17,Jamaica,FW,NA,19.53730321697467,mls,mKAqBBmqbg,FW,asa_live,TRUE,NA,mlspa_via_asa,132,102704,0,NA,FALSE,1,0,blended,2025+2026 season to date,132,0.06859090909090909,0.03845454545454545,-0.05420454545454546,0.10363636363636364,-0.01629545454545454,0,-0.003,2026,102704,FC Dallas,0.21844855740004673,1,0.19142504704921864,0.2041867168588807,0.04101818181946363,25.53191489361702,-0.057818181819988636,34.751773049645394,0.11054545454890909,18.43971631205674,-0.01738181818236136,58.156028368794324,0,9.574468085106384,-0.0032000000001,18.43971631205674,27.659574468085108,102704,12.781954887218046,11.758241758241759,540000,14.877619580867062,FALSE,TRUE,NA,Low,49,51,Small-Sample Watchlist,Strikers,1.1.0,2026-07-25 22:12:49 UTC,NA,NA,NA,Performance data through: 2026-07-25 (updates every day) · MLSPA compensation as of: 2026-04-16,FALSE,2026-07-25 22:12:44 UTC
kRQawobY5K,asa_kRQawobY5K_mls_blended,Aiden Hezarkhani,aiden hezarkhani,2007-06-28,USA,W,NA,19.00889801505818,mls,a2lqR4JMr0,W,asa_live,TRUE,NA,mlspa_via_asa,640,94383,75,94383,TRUE,0.47761194029850745,0.5223880597014925,blended,2025+2026 season to date,679.179104477612,0.10230671641791045,0.03698955223880597,-0.024418656716417905,0.04462388059701492,0.02867910447761194,0.018738805970149253,-0.002305970149253731,2026,94383,Real Salt Lake,0.19903356584128315,1,0.14767652385994512,0.15752162545553067,0.03945552238929269,41.048034934497814,-0.026046567164993054,32.314410480349345,0.04759880597163671,15.720524017467248,0.030591044777075374,64.62882096069869,0.019988059702117162,22.270742358078603,-0.0024597014926141785,21.397379912663755,9.606986899563319,94383,9.813084112149532,9.340659340659341,527437.5,-0.20609721258621327,TRUE,FALSE,59.13978494623656,Medium,29.75,70.25,Fair Value,Wingers and attacking midfielders,1.1.0,2026-07-25 22:12:49 UTC,39,39,176,Performance data through: 2026-07-25 (updates every day) · MLSPA compensation as of: 2026-04-16,FALSE,2026-07-25 22:12:44 UTC
kRQay0LQKZ,asa_kRQay0LQKZ_mls_blended,Andy Najar,andy najar,1993-03-16,Honduras,FB,NA,33.29226557152635,mls,vzqoOgNqap,FB,asa_live,TRUE,NA,mlspa_via_asa,911,603333,3116,603333,TRUE,0.5654872749844817,0.4345127250155183,blended,2025+2026 season to date,2264.941651148355,0.19044187147252245,0.008807330699005314,0.09461859854705576,0.023075888727131903,0.020197897318579183,0.05319560961266772,-0.009453453431917436,2026,603333,Nashville SC,0.11482828719990651,1,0.1746062433558435,0.18624665958538658,0.00939448607923258,38.265306122448976,0.10092650512001343,98.9795918367347,0.02461428130970989,48.97959183673469,0.021544423807157726,82.65306122448979,0.056741983588618754,51.53061224489796,-0.010083683661027047,19.387755102040817,93.87755102040816,603333,77.54010695187166,60.32967032967033,336500,16.3374440685365,TRUE,FALSE,80,High,20.75,79.25,Strong Value,Fullbacks and wingbacks,1.1.0,2026-07-25 22:12:49 UTC,17,17,88,Performance data through: 2026-07-25 (updates every day) · MLSPA compensation as of: 2026-04-16,FALSE,2026-07-25 22:12:44 UTC
ljqE20nYQx,asa_ljqE20nYQx_mls_blended,Sebastian Kowalczyk,sebastian kowalczyk,1998-08-22,Poland,W,NA,26.85831622176591,mls,YgOMngl5wN,W,asa_live,TRUE,NA,mlspa_via_asa,0,NA,1702,594618,TRUE,0,1,blended,2025+2026 season to date,1702,0.13591480611045828,0.02228848413631022,0.00298766157461809,0.055306110458284374,-0.005726792009400701,0.04767038777908342,0.01338895417156286,2026,594618,Houston Dynamo FC,0.19903356584128315,1,0.15236626390302774,0.16252401483497514,0.02377438307947385,23.580786026200872,0.0031868390130255515,59.38864628820961,0.0589931844906802,24.45414847161572,-0.006108578143551641,29.25764192139738,0.050848413632611326,71.17903930131004,0.014281551116780014,78.60262008733625,11.790393013100436,594618,54.205607476635514,59.56043956043956,527437.5,-42.41521446353508,FALSE,FALSE,NA,Low,41,59,Insufficient Evidence,Wingers and attacking midfielders,1.1.0,2026-07-25 22:12:49 UTC,NA,NA,NA,Performance data through: 2026-07-25 (updates every day) · MLSPA compensation as of: 2026-04-16,FALSE,2026-07-25 22:12:44 UTC
ljqE2EWkQx,asa_ljqE2EWkQx_mls_blended,Cristhian Paredes,cristhian paredes,1998-05-18,Paraguay,CM,NA,27.121149897330596,mls,WBLMvYAQxe,CM,asa_live,TRUE,NA,mlspa_via_asa,0,NA,1301,714000,TRUE,0,1,blended,2025+2026 season to date,1301,0.16669715603382013,0.01396003074558032,0.01512221368178324,0.04879093005380477,-0.01151114527286702,0.1074465795541891,-0.00711145272867025,2026,714000,Portland Timbers FC,0.13647524696350208,1,0.15715841566444042,0.1676356433806417,0.014890699462417676,47.34299516908212,0.016130361261072864,48.792270531400966,0.05204365872568478,80.67632850241546,-0.012278554958108525,15.458937198067632,0.11460968486138326,93.23671497584542,-0.007585549577485315,22.705314009661837,74.8792270531401,714000,68.36734693877551,67.91208791208791,510300,6.511880114364587,FALSE,FALSE,NA,Low,41,59,Insufficient Evidence,Central and defensive midfielders,1.1.0,2026-07-25 22:12:49 UTC,NA,NA,NA,Performance data through: 2026-07-25 (updates every day) · MLSPA compensation as of: 2026-04-16,FALSE,2026-07-25 22:12:44 UTC
ljqE2EwAQx,asa_ljqE2EwAQx_mls_blended,Mamadou Fofana,mamadou fofana,1998-01-21,Mali,CB,NA,28.44079397672827,mls,19vQ2095K6,CB,asa_live,TRUE,NA,mlspa_via_asa,1426,916250,2849,916250,TRUE,0.6707431796801505,0.3292568203198495,blended,2025+2026 season to date,2364.052681091251,0.175251462528979,0.0022045102059213032,0.042529415843620924,0.007083905593783293,0.010373420457145762,0.12312161468746605,-0.010061404258958346,2026,916250,New England Revolution,0.1396251547943452,1,0.16803978752160006,0.1792424400286414,0.002351477553056207,18.617021276595743,0.0453647102346133,44.148936170212764,0.007556165966938309,25,0.01106498182130126,81.38297872340425,0.13132972233740117,88.29787234042553,-0.010732164543224282,30.851063829787233,79.25531914893617,916250,81.11111111111111,79.67032967032966,509583.5,-1.8557919621749477,TRUE,FALSE,53.125,High,20.75,79.25,Fair Value,Center backs,1.1.0,2026-07-25 22:12:49 UTC,46,46,201,Performance data through: 2026-07-25 (updates every day) · MLSPA compensation as of: 2026-04-16,FALSE,2026-07-25 22:12:44 UTC
ljqE2PbYQx,asa_ljqE2PbYQx_mls_blended,Javairô Dilrosun,javairo dilrosun,1998-06-22,Netherlands,W,NA,27.025325119780973,mls,eVq3ya6MWO,W,asa_live,FALSE,NA,NA,0,NA,470,NA,TRUE,0,1,blended,2025+2026 season to date,470,0.1333340425531915,0.06897446808510638,-0.04488510638297872,0.06026170212765957,0.01447659574468085,0.02732553191489361,0.00718085106382978,2026,NA,Los Angeles FC,0.19903356584128315,1,0.17017489673342984,0.18151988985466433,0.07357276595974595,85.58951965065502,-0.0478774468100068,14.410480349344978,0.06427914893817893,29.25764192139738,0.015441702128142127,49.34497816593886,0.029147234043464032,31.87772925764192,0.0076595744683244605,70.3056768558952,23.14410480349345,NA,NA,NA,527437.5,NA,FALSE,FALSE,NA,Insufficient,41,59,Insufficient Evidence,Wingers and attacking midfielders,1.1.0,2026-07-25 22:12:49 UTC,NA,NA,NA,Performance data through: 2026-07-25 (updates every day) · MLSPA compensation as of: 2026-04-16,FALSE,2026-07-25 22:12:44 UTC
ljqE2PwVQx,asa_ljqE2PwVQx_mls_blended,Memo Rodríguez,memo rodriguez,1995-12-27,USA,CM,NA,29.51129363449692,mls,Z2vQ1xlqrA,CM,asa_live,TRUE,NA,mlspa_via_asa,0,NA,766,114966,TRUE,0,1,blended,2025+2026 season to date,766,0.16365665796344647,0.02253524804177546,0.09613315926892951,0.02355744125326371,0.00511096605744125,0.04642167101827676,-0.0301018276762402,2026,114966,Sporting Kansas City,0.13647524696350208,1,0.15171753160915172,0.16183203372148575,0.02403759791197833,71.98067632850241,0.10254203655672925,93.71980676328502,0.02512793733759987,53.14009661835749,0.005451697128107699,51.207729468599034,0.04951644908770927,31.40096618357488,-0.03210861618899294,4.830917874396135,69.08212560386474,114966,16.836734693877553,18.13186813186813,510300,52.24539090998719,FALSE,FALSE,NA,Low,41,59,Insufficient Evidence,Central and defensive midfielders,1.1.0,2026-07-25 22:12:49 UTC,NA,NA,NA,Performance data through: 2026-07-25 (updates every day) · MLSPA compensation as of: 2026-04-16,FALSE,2026-07-25 22:12:44 UTC
ljqE2VkOQx,asa_ljqE2VkOQx_mls_blended,Luciano Acosta,luciano acosta,1994-05-31,Argentina,W,NA,31.085557837097877,mls,mKAqBBmqbg,W,asa_live,TRUE,NA,mlspa_via_asa,0,NA,1912,4296413,TRUE,0,1,blended,2025+2026 season to date,1912,0.3150517782426778,0.03723326359832635,0.09553556485355648,0.08517991631799163,0.02057949790794979,0.03858891213389121,0.03793462343096233,2026,4296413,FC Dallas,0.19903356584128315,1,0.28734042177737656,0.30649644990544633,0.03971548117278922,41.48471615720524,0.10190460251364476,97.81659388646288,0.09085857740869707,55.02183406113537,0.021951464435832426,57.64192139737991,0.041161506277436914,57.20524017467249,0.040463598327624306,95.63318777292577,92.13973799126637,4296413,94.39252336448598,97.58241758241758,527437.5,-2.2527853732196093,FALSE,FALSE,NA,Low,41,59,Insufficient Evidence,Wingers and attacking midfielders,1.1.0,2026-07-25 22:12:49 UTC,NA,NA,NA,Performance data through: 2026-07-25 (updates every day) · MLSPA compensation as of: 2026-04-16,FALSE,2026-07-25 22:12:44 UTC
ljqE2XRzQx,asa_ljqE2XRzQx_mls_blended,Joedrick Pupe,joedrick pupe,1997-06-04,Belgium,CB,NA,28.073921971252567,mls,lgpMOvnQzy,CB,asa_live,TRUE,NA,mlspa_via_asa,0,NA,42,460600,TRUE,0,1,blended,2025+2026 season to date,42,0.11849999999999998,0,0.0075,6.428571428571427e-4,0.00921428571428571,0.09878571428571428,0.00235714285714285,2026,460600,Vancouver Whitecaps FC,0.1396251547943452,1,0.13824313532181795,0.14745934434788058,0,7.180851063829787,0.00800000000025,7.446808510638298,6.857142857357141e-4,9.574468085106384,0.009828571428878566,77.65957446808511,0.10537142857472143,78.72340425531915,0.0025142857143642785,92.55319148936171,43.08510638297872,460600,45,49.56043956043956,509583.5,-1.9148936170212778,FALSE,FALSE,NA,Low,41,59,Insufficient Evidence,Center backs,1.1.0,2026-07-25 22:12:49 UTC,NA,NA,NA,Performance data through: 2026-07-25 (updates every day) · MLSPA compensation as of: 2026-04-16,FALSE,2026-07-25 22:12:44 UTC
ljqE2ekNQx,asa_ljqE2ekNQx_mls_blended,Žan Kolmanič,zan kolmanic,2000-03-03,Slovenia,FB,NA,26.327173169062284,mls,gpMOLwl5zy,FB,asa_live,TRUE,NA,mlspa_via_asa,320,375000,965,375000,TRUE,0.3137254901960784,0.6862745098039216,blended,2025+2026 season to date,982.2549019607843,0.21380970740627858,0.008711063700091434,0.03802548003657421,0.01639018591892715,0.011407634867418468,0.13622231027125875,0.0030530326120085305,2026,375000,Austin FC,0.11482828719990651,1,0.1762753935291488,0.18802708643696792,0.0092918012803879,37.244897959183675,0.04056051204028001,79.08163265306122,0.0174828649807353,36.734693877551024,0.012168143858959955,67.85714285714286,0.14530379762721674,95.40816326530613,0.0032565681195775337,78.57142857142857,94.38775510204081,375000,54.27807486631016,42.527472527472526,336500,40.10968023573065,FALSE,TRUE,NA,Low,41,59,Small-Sample Watchlist,Fullbacks and wingbacks,1.1.0,2026-07-25 22:12:49 UTC,NA,NA,NA,Performance data through: 2026-07-25 (updates every day) · MLSPA compensation as of: 2026-04-16,FALSE,2026-07-25 22:12:44 UTC
ljqE2vBzQx,asa_ljqE2vBzQx_mls_blended,John Nelson,john nelson,1998-07-11,USA,FB,NA,27.97262149212868,mls,kaDQ0wRqEv,FB,asa_live,TRUE,NA,mlspa_via_asa,1069,350000,2288,350000,TRUE,0.604296212549463,0.395703787450537,blended,2025+2026 season to date,1974.3702656868286,0.07835583396253268,0.004990003636838002,-0.0061518043855522606,0.015001630647475754,5.990316918807535e-4,0.06701498614443781,-0.003098013772547405,2026,350000,LA Galaxy,0.11482828719990651,1,0.08685634852879531,0.09264677176694354,0.005322670546126869,25,-0.006561924678127471,23.46938775510204,0.016001739357807524,32.6530612244898,6.389671380261048e-4,43.36734693877551,0.07148265188963417,73.46938775510205,-0.0033045480241538326,39.285714285714285,13.775510204081632,350000,51.60427807486631,40.65934065934066,336500,-37.828767870784674,TRUE,FALSE,17.5,High,20.75,79.25,Below Expected Value by Current Model,Fullbacks and wingbacks,1.1.0,2026-07-25 22:12:49 UTC,67,67,353,Performance data through: 2026-07-25 (updates every day) · MLSPA compensation as of: 2026-04-16,FALSE,2026-07-25 22:12:44 UTC
ljqE9kzoqx,asa_ljqE9kzoqx_mls_blended,Dieng Mamadou,dieng mamadou,2004-02-04,Senegal,FW,NA,22.403832991101982,mls,kRQand1MKZ,FW,asa_live,TRUE,NA,mlspa_via_asa,321,91172,136,91172,TRUE,0.3143976493633692,0.6856023506366308,blended,2025+2026 season to date,414.2419196865818,0.07033735668606325,0.043952583971884535,-0.13962988995794204,0.2576423056979893,-0.11550483954600449,0.024298237022526935,-4.2104050239096614e-4,2026,91172,Minnesota United FC,0.21844855740004673,1,0.1579562163520603,0.1684866307807962,0.04688275623814192,32.6241134751773,-0.14893854929312583,2.8368794326241136,0.2748184594197767,82.97872340425532,-0.12320516218625495,7.801418439716312,0.02591811949150534,45.39007092198582,-4.491098692310652e-4,26.24113475177305,5.673758865248227,91172,10.526315789473685,7.912087912087912,540000,-4.852556924225458,FALSE,TRUE,NA,Low,41,59,Small-Sample Watchlist,Strikers,1.1.0,2026-07-25 22:12:49 UTC,NA,NA,NA,Performance data through: 2026-07-25 (updates every day) · MLSPA compensation as of: 2026-04-16,FALSE,2026-07-25 22:12:44 UTC
ljqEJ8KkQx,asa_ljqEJ8KkQx_mls_blended,Ian James,ian james,2008-06-06,USA,CB,NA,18.067077344284737,mls,Z2vQ1xlqrA,CB,asa_live,TRUE,NA,mlspa_via_asa,873,117998,559,117998,TRUE,0.5549904640813732,0.4450095359186268,blended,2025+2026 season to date,1121.7603305785124,0.10026460610458007,0.004909653852408768,0.007790163162581443,0.013555828624132415,0.014384931542680765,0.10719416199347895,-0.047570133070702264,2026,117998,Sporting Kansas City,0.1396251547943452,1,0.11398099205820694,0.12157972486588677,0.0052369641093996736,28.19148936170213,0.008309507373679878,8.51063829787234,0.01445955053285977,44.680851063829785,0.01534392697933898,87.76595744680851,0.11434043946328401,81.38297872340425,-0.050741475277001416,4.787234042553192,21.27659574468085,117998,15,19.67032967032967,509583.5,6.276595744680851,TRUE,FALSE,64.58333333333333,Medium,29.75,70.25,Fair Value,Center backs,1.1.0,2026-07-25 22:12:49 UTC,35,35,153,Performance data through: 2026-07-25 (updates every day) · MLSPA compensation as of: 2026-04-16,FALSE,2026-07-25 22:12:44 UTC
ljqEJEozQx,asa_ljqEJEozQx_mls_blended,Harbor Miller,harbor miller,2007-06-21,USA,W,NA,19.028062970568104,mls,kaDQ0wRqEv,W,asa_live,TRUE,NA,mlspa_via_asa,763,88025,696,88025,TRUE,0.5215311004784688,0.47846889952153115,blended,2025+2026 season to date,1096.0143540669856,0.14674491479482404,0.03959551700568034,-0.003917210738444855,0.04542542484738492,0.026027529639144883,0.03409946496334881,0.005514189077709948,2026,88025,LA Galaxy,0.19903356584128315,1,0.165243101766322,0.17625930855625158,0.04223521814071222,44.97816593886463,-0.004178358121138419,51.52838427947598,0.04845378650539143,16.593886462882097,0.027762698282622126,62.88209606986899,0.03637276262870871,46.724890829694324,0.005881801683074417,65.06550218340611,20.087336244541486,88025,4.906542056074766,4.34065934065934,527437.5,15.18079418846672,TRUE,FALSE,83.87096774193549,Medium,29.75,70.25,Fair Value,Wingers and attacking midfielders,1.1.0,2026-07-25 22:12:49 UTC,16,16,71,Performance data through: 2026-07-25 (updates every day) · MLSPA compensation as of: 2026-04-16,FALSE,2026-07-25 22:12:44 UTC
ljqEJEvzQx,asa_ljqEJEvzQx_mls_blended,Snyder Brunell,snyder brunell,2007-03-23,USA,CM,NA,19.274469541409992,mls,jYQJ19EqGR,CM,asa_live,TRUE,NA,mlspa_via_asa,994,98051,323,98051,TRUE,0.5867768595041323,0.4132231404958677,blended,2025+2026 season to date,1127.4710743801652,0.2517904788709742,0.03909883361783164,-0.012338685800549008,0.08681996008494741,0.04524105292399691,0.08552524846389187,0.007444069580855391,2026,98051,Seattle Sounders FC,0.13647524696350208,1,0.21173820814377314,0.2258540886937493,0.041705422526990374,89.3719806763285,-0.01316126485433023,15.942028985507246,0.0926079574268379,93.71980676328502,0.048257123120438075,93.71980676328502,0.09122693169766884,85.5072463768116,0.007940340886493886,89.3719806763285,97.10144927536231,98051,9.693877551020408,10.32967032967033,510300,87.4075717243419,TRUE,FALSE,100,High,20.75,79.25,Elite Value,Central and defensive midfielders,1.1.0,2026-07-25 22:12:49 UTC,1,1,2,Performance data through: 2026-07-25 (updates every day) · MLSPA compensation as of: 2026-04-16,FALSE,2026-07-25 22:12:44 UTC
ljqEJGGOQx,asa_ljqEJGGOQx_mls_blended,Federico Redondo,federico redondo,2003-01-18,Argentina,CM,NA,22.45037645448323,mls,zeQZkL1MKw,CM,asa_live,TRUE,NA,mlspa_via_asa,0,NA,1022,837000,TRUE,0,1,blended,2025+2026 season to date,1022,0.08468101761252446,0.00370743639921722,1.3209393346379648e-4,0.014926614481409,-0.001206457925636,0.0682573385518591,-0.00113600782778864,2026,837000,Inter Miami CF,0.13647524696350208,1,0.10384041194704145,0.11076310608030557,0.003954598825955283,17.391304347826086,1.4090019569911938e-4,25.603864734299517,0.01592172211400049,32.367149758454104,-0.0012868884540519485,35.265700483091784,0.07280782779092496,71.4975845410628,-0.0012117416830124163,48.792270531400966,15.458937198067632,837000,79.08163265306122,76.37362637362638,510300,-63.62269545499359,FALSE,FALSE,NA,Low,41,59,Insufficient Evidence,Central and defensive midfielders,1.1.0,2026-07-25 22:12:49 UTC,NA,NA,NA,Performance data through: 2026-07-25 (updates every day) · MLSPA compensation as of: 2026-04-16,FALSE,2026-07-25 22:12:44 UTC
ljqEJWxzQx,asa_ljqEJWxzQx_mls_blended,Dominik Marczuk,dominik marczuk,2003-11-01,Poland,FB,NA,22.663928815879533,mls,a2lqR4JMr0,FB,asa_live,TRUE,NA,mlspa_via_asa,240,795500,1222,795500,TRUE,0.2553191489361702,0.7446808510638299,blended,2025+2026 season to date,1150,0.14076779433784864,0.02772621791969913,-0.013126501723717657,0.05348926245777762,0.026052738795835216,0.04543351499112024,0.0011925618971340992,2026,795500,Real Salt Lake,0.11482828719990651,1,0.13187424903341133,0.14066586564003455,0.02957463244860328,83.6734693877551,-0.014001601839069717,18.877551020408163,0.0570552132900791,83.16326530612245,0.027789588049759322,88.77551020408163,0.04846241599204271,41.326530612244895,0.001272066023649458,69.89795918367346,70.40816326530613,795500,88.77005347593582,73.73626373626374,336500,-18.361890210629696,FALSE,TRUE,NA,Low,41,59,Small-Sample Watchlist,Fullbacks and wingbacks,1.1.0,2026-07-25 22:12:49 UTC,NA,NA,NA,Performance data through: 2026-07-25 (updates every day) · MLSPA compensation as of: 2026-04-16,FALSE,2026-07-25 22:12:44 UTC
ljqEJonzQx,asa_ljqEJonzQx_mls_blended,Bruno Damiani,bruno damiani,2002-04-18,Uruguay,FW,NA,24.202600958247775,mls,9z5k7Yg5A3,FW,asa_live,TRUE,NA,mlspa_via_asa,1330,847600,2522,847600,TRUE,0.6551724137931034,0.3448275862068966,blended,2025+2026 season to date,2199.655172413793,0.22918806248852464,0.05732642753620357,-0.039600618791091585,0.198221013895454,-0.04560427411195274,0.03717235246090561,0.02167316149900579,2026,847600,Philadelphia Union,0.21844855740004673,1,0.22688645652055425,0.24201222029615407,0.06114818937386135,51.06382978723404,-0.04224066004515104,50.354609929078016,0.21143574816175828,60.99290780141844,-0.04864455905426973,30.49645390070922,0.03965050929287173,74.46808510638297,0.023118038932995282,85.81560283687944,58.86524822695036,847600,64.66165413533835,76.7032967032967,540000,-5.796405908387996,TRUE,FALSE,52.63157894736842,High,20.75,79.25,Fair Value,Strikers,1.1.0,2026-07-25 22:12:49 UTC,28,28,203,Performance data through: 2026-07-25 (updates every day) · MLSPA compensation as of: 2026-04-16,FALSE,2026-07-25 22:12:44 UTC
ljqEJzLkQx,asa_ljqEJzLkQx_mls_blended,Nolan Miller,nolan miller,2004-03-08,USA,CB,NA,22.313483915126625,mls,jYQJ8EW5GR,CB,asa_live,TRUE,NA,mlspa_via_asa,370,88025,0,NA,FALSE,1,0,blended,2025+2026 season to date,370,0.10651621621621624,9.729729729729732e-5,0.02904324324324324,0.01758648648648649,-0.00294324324324324,0.12347027027027029,-0.06073783783783784,2026,88025,Orlando City SC,0.1396251547943452,1,0.12699597203773932,0.1354623701778218,1.0378378378702705e-4,14.361702127659575,0.030979459460427565,20.21276595744681,0.018758918919505138,57.4468085106383,-0.003139459459557564,27.659574468085108,0.13170162162573731,88.82978723404256,-0.06478702702905162,2.6595744680851063,30.851063829787233,88025,3.611111111111111,4.34065934065934,509583.5,27.239952718676122,FALSE,TRUE,NA,Low,49,51,Small-Sample Watchlist,Center backs,1.1.0,2026-07-25 22:12:49 UTC,NA,NA,NA,Performance data through: 2026-07-25 (updates every day) · MLSPA compensation as of: 2026-04-16,FALSE,2026-07-25 22:12:44 UTC
ljqEL4wo5x,asa_ljqEL4wo5x_mls_blended,Gerardo Valenzuela,gerardo valenzuela,2004-09-28,USA,CM,NA,21.754962354551676,mls,NWMWlBK5lz,CM,asa_live,TRUE,NA,mlspa_via_asa,972,142542,971,142542,TRUE,0.5813397129186603,0.41866028708133973,blended,2025+2026 season to date,1378.5191387559807,0.21001912150941907,0.049984965309772894,-0.008676662075796177,0.08933407144511404,-0.0064466520727903456,0.06326864538112438,0.02255475352199429,2026,142542,FC Cincinnati,0.13647524696350208,1,0.18771641851141058,0.2002308464184285,0.053317296332090584,95.65217391304348,-0.009255106214471811,19.806763285024154,0.09528967621109945,94.68599033816425,-0.006876428877857924,23.67149758454106,0.06748655507530829,61.83574879227053,0.024058403757545734,98.06763285024155,94.20289855072464,142542,20.918367346938776,24.835164835164836,510300,73.28453120378586,TRUE,FALSE,98.96907216494846,High,20.75,79.25,Elite Value,Central and defensive midfielders,1.1.0,2026-07-25 22:12:49 UTC,2,2,6,Performance data through: 2026-07-25 (updates every day) · MLSPA compensation as of: 2026-04-16,FALSE,2026-07-25 22:12:44 UTC
ljqELGYo5x,asa_ljqELGYo5x_mls_blended,William Reilly,william reilly,2002-12-03,USA,CM,NA,23.575633127994525,mls,KAqBN0Vqbg,CM,asa_live,TRUE,NA,mlspa_via_asa,448,88025,564,88025,TRUE,0.3902439024390244,0.6097560975609756,blended,2025+2026 season to date,791.9024390243902,0.12263175550448512,0.011569148936170214,0.0029698643339017006,0.0394326302913485,-0.0017833975832159546,0.06756394098895396,0.00287956853732671,2026,88025,Atlanta United FC,0.13647524696350208,1,0.1285991959245422,0.13717247565713164,0.012340425532300532,38.64734299516908,0.0031678552895941427,28.502415458937197,0.04206147231208615,73.91304347826087,-0.0019022907554897982,34.29951690821256,0.07206820372380303,69.56521739130434,0.003071539773244476,78.74396135265701,39.61352657004831,88025,3.826530612244898,4.34065934065934,510300,35.78699595780341,FALSE,TRUE,NA,Low,41,59,Small-Sample Watchlist,Central and defensive midfielders,1.1.0,2026-07-25 22:12:49 UTC,NA,NA,NA,Performance data through: 2026-07-25 (updates every day) · MLSPA compensation as of: 2026-04-16,FALSE,2026-07-25 22:12:44 UTC
ljqELX2N5x,asa_ljqELX2N5x_mls_blended,Finn Sundstrom,finn sundstrom,2006-11-19,USA,FB,NA,19.613963039014372,mls,9z5k7Yg5A3,FB,asa_live,TRUE,NA,mlspa_via_asa,63,102285,0,NA,FALSE,1,0,blended,2025+2026 season to date,63,0.04114285714285714,0,-0.05071428571428571,0.01042857142857143,0.00585714285714285,0.07814285714285714,-0.00257142857142857,2026,102285,Philadelphia Union,0.11482828719990651,1,0.10782650425330906,0.11501493787379054,0,6.377551020408164,-0.054095238096928566,4.081632653061225,0.011123809524157143,19.387755102040817,0.006247619047814278,55.61224489795919,0.0833523809549857,84.18367346938776,-0.0027428571429428555,42.3469387755102,39.795918367346935,102285,12.29946524064171,11.648351648351648,336500,27.496453126705227,FALSE,TRUE,NA,Low,49,51,Small-Sample Watchlist,Fullbacks and wingbacks,1.1.0,2026-07-25 22:12:49 UTC,NA,NA,NA,Performance data through: 2026-07-25 (updates every day) · MLSPA compensation as of: 2026-04-16,FALSE,2026-07-25 22:12:44 UTC
ljqELmRk5x,asa_ljqELmRk5x_mls_blended,Victor Loturi,victor loturi,2001-05-21,Canada,CM,NA,25.111567419575632,mls,APk5LGOMOW,CM,asa_live,TRUE,NA,mlspa_via_asa,1467,146500,2826,146500,TRUE,0.6769727734194739,0.3230272265805261,blended,2025+2026 season to date,2379.874942316567,0.07012878175528114,0.00891770006966101,0.005228970163335964,0.018391712397014856,-0.015366640311093731,0.04716789185789153,0.005789147578471509,2026,146500,CF Montréal,0.13647524696350208,1,0.08348769107044379,0.08905353714458963,0.009512213407935668,30.434782608695652,0.005577568174399327,33.81642512077295,0.019617826557428903,43.47826086956522,-0.0163910829990122,13.043478260869565,0.050312417983323234,33.333333333333336,0.006175090750562581,87.43961352657004,5.797101449275362,146500,21.93877551020408,25.384615384615383,510300,-16.141674060928718,TRUE,FALSE,43.29896907216495,High,20.75,79.25,Below Expected Value by Current Model,Central and defensive midfielders,1.1.0,2026-07-25 22:12:49 UTC,56,56,243,Performance data through: 2026-07-25 (updates every day) · MLSPA compensation as of: 2026-04-16,FALSE,2026-07-25 22:12:44 UTC
ljqELmeo5x,asa_ljqELmeo5x_mls_blended,Ousseni Bouda,ousseni bouda,2000-04-28,Burkina Faso,W,NA,26.17385352498289,mls,0KPqjA456v,W,asa_live,TRUE,NA,mlspa_via_asa,1427,350000,1555,350000,TRUE,0.6708979783732957,0.3291020216267043,blended,2025+2026 season to date,1938.7536436295252,0.25251830167030237,0.055885409911156064,-0.01232611032249579,0.13645135352087764,0.02599675735490864,0.039317797359625206,0.0071930938462305884,2026,350000,San Jose Earthquakes,0.19903356584128315,1,0.23987790957162952,0.2558697702177341,0.05961110390709598,72.92576419213974,-0.013147851011073046,41.92139737991266,0.14554811042681787,83.84279475982532,0.027729874512769107,62.00873362445415,0.04193898385157748,59.82532751091703,0.007672633436219064,70.74235807860262,81.22270742358079,350000,36.91588785046729,40.65934065934066,527437.5,44.30681957311349,TRUE,FALSE,96.7741935483871,High,20.75,79.25,Elite Value,Wingers and attacking midfielders,1.1.0,2026-07-25 22:12:49 UTC,4,4,17,Performance data through: 2026-07-25 (updates every day) · MLSPA compensation as of: 2026-04-16,FALSE,2026-07-25 22:12:44 UTC
ljqELmrw5x,asa_ljqELmrw5x_mls_blended,Santiago Muñoz,santiago munoz,2002-08-14,Mexico,W,NA,22.88021902806297,mls,Z2vQ1xlqrA,W,asa_live,TRUE,NA,mlspa_via_asa,0,NA,1011,335026,TRUE,0,1,blended,2025+2026 season to date,1011,0.2135786350148368,0.05333234421364985,-0.03831454005934718,0.16225816023738873,-0.02736498516320475,0.03913353115727003,0.02453412462908012,2026,335026,Sporting Kansas City,0.19903356584128315,1,0.20816147703585963,0.22203890884518898,0.05688783382967092,66.8122270742358,-0.040868842731247475,20.087336244541486,0.1730753709252899,90.39301310043668,-0.029189317508330564,14.847161572052402,0.041742433235725816,58.51528384279476,0.026169732938503262,90.82969432314411,63.31877729257642,335026,36.44859813084112,39.56043956043956,527437.5,26.8701791617353,FALSE,FALSE,NA,Low,41,59,Insufficient Evidence,Wingers and attacking midfielders,1.1.0,2026-07-25 22:12:49 UTC,NA,NA,NA,Performance data through: 2026-07-25 (updates every day) · MLSPA compensation as of: 2026-04-16,FALSE,2026-07-25 22:12:44 UTC
ljqEVeEoQx,asa_ljqEVeEoQx_mls_blended,Rodrigo Schlegel,rodrigo schlegel,1997-04-03,Argentina,CB,NA,28.243668720054757,mls,jYQJ8EW5GR,CB,asa_live,TRUE,NA,mlspa_via_asa,0,NA,3085,609667,TRUE,0,1,blended,2025+2026 season to date,3085,0.14176823338735817,0.00771636952998379,0.05792090761750404,0.00837277147487844,0.007690113452188,0.0707513776337115,-0.01068330632090762,2026,609667,Orlando City SC,0.1396251547943452,1,0.14141929250382823,0.15084724534213076,0.008230794165573254,48.40425531914894,0.06178230146060167,67.55319148936171,0.008930956240149428,28.19148936170213,0.008202787682590203,70.74468085106383,0.07546813614498399,49.46808510638298,-0.011395526742657572,27.659574468085108,47.340425531914896,609667,57.77777777777778,60.76923076923077,509583.5,-10.437352245862883,FALSE,FALSE,NA,Low,41,59,Insufficient Evidence,Center backs,1.1.0,2026-07-25 22:12:49 UTC,NA,NA,NA,Performance data through: 2026-07-25 (updates every day) · MLSPA compensation as of: 2026-04-16,FALSE,2026-07-25 22:12:44 UTC
ljqEj6gkQx,asa_ljqEj6gkQx_mls_blended,Dany Rosero,dany rosero,1993-10-06,Colombia,CB,NA,31.734428473648187,mls,Z2vQ1xlqrA,CB,asa_live,TRUE,NA,mlspa_via_asa,0,NA,212,530000,TRUE,0,1,blended,2025+2026 season to date,212,0.30506603773584906,0.03069339622641509,0.05663207547169811,0.13168867924528302,-0.00148584905660377,0.08902358490566038,-0.00148584905660377,2026,530000,Sporting Kansas City,0.1396251547943452,1,0.1828190798972994,0.1950070185632133,0.032739622642532544,96.27659574468085,0.06040754717169905,65.95744680851064,0.1404679245326915,98.93617021276596,-0.001584905660426883,32.4468085106383,0.0949584905690052,72.34042553191489,-0.001584905660426883,63.829787234042556,87.23404255319149,530000,52.5,54.72527472527472,509583.5,34.734042553191486,FALSE,FALSE,NA,Low,41,59,Insufficient Evidence,Center backs,1.1.0,2026-07-25 22:12:49 UTC,NA,NA,NA,Performance data through: 2026-07-25 (updates every day) · MLSPA compensation as of: 2026-04-16,FALSE,2026-07-25 22:12:44 UTC
ljqEj8WNQx,asa_ljqEj8WNQx_mls_blended,Andrew Farrell,andrew farrell,1992-04-02,USA,CB,NA,34.24503764544832,mls,19vQ2095K6,CB,asa_live,TRUE,NA,mlspa_via_asa,103,113400,46,113400,TRUE,0.15,0.85,blended,2025+2026 season to date,142.1,0.238543404390038,0,0.03443582735331363,-0.002358558463486698,0.009862484170536083,0.19340454833262985,0.0031991029970451614,2026,113400,New England Revolution,0.1396251547943452,1,0.15856638005717763,0.16913747206627502,0,7.180851063829787,0.036731549178015736,30.851063829787233,-0.00251579569446443,1.0638297872340425,0.010519983115567238,79.7872340425532,0.20629818489458532,97.34042553191489,0.0034123765302881423,95.2127659574468,72.34042553191489,113400,12.222222222222221,16.428571428571427,509583.5,60.11820330969267,FALSE,TRUE,NA,Low,41,59,Small-Sample Watchlist,Center backs,1.1.0,2026-07-25 22:12:49 UTC,NA,NA,NA,Performance data through: 2026-07-25 (updates every day) · MLSPA compensation as of: 2026-04-16,FALSE,2026-07-25 22:12:44 UTC
ljqEjLaEQx,asa_ljqEjLaEQx_mls_blended,Diego Fagundez,diego fagundez,1995-02-14,Uruguay,W,NA,31.37577002053388,mls,19vQ2095K6,W,asa_live,TRUE,NA,mlspa_via_asa,251,316250,2684,316250,TRUE,0.26393270241850686,0.7360672975814931,blended,2025+2026 season to date,2226.6046267087277,0.1428334375455439,0.019342424085714148,0.04588028132595542,0.048363979558735726,-0.002796297253969069,0.03260733309199978,-5.64283262892147e-4,2026,316250,New England Revolution,0.19903356584128315,1,0.15476297189174176,0.16508050335634997,0.020631919025406505,21.397379912663755,0.04893896674921512,87.77292576419214,0.051588244864263576,19.213973799126638,-0.00298271707099355,31.441048034934497,0.034781155299220004,44.54148471615721,-6.019021471037662e-4,31.004366812227076,12.663755458515285,316250,34.57943925233645,37.472527472527474,527437.5,-21.915683793821167,FALSE,TRUE,NA,Low,41,59,Small-Sample Watchlist,Wingers and attacking midfielders,1.1.0,2026-07-25 22:12:49 UTC,NA,NA,NA,Performance data through: 2026-07-25 (updates every day) · MLSPA compensation as of: 2026-04-16,FALSE,2026-07-25 22:12:44 UTC
ljqEjV8oQx,asa_ljqEjV8oQx_mls_blended,Nathan Byrne,nathan byrne,1992-06-05,England,FB,NA,34.06981519507187,mls,NPqxKXZ59d,FB,asa_live,TRUE,NA,mlspa_via_asa,1438,498750,2024,498750,TRUE,0.6725912067352666,0.3274087932647334,blended,2025+2026 season to date,2100.6753975678203,0.08102299441315994,0.0015912067352666032,0.0457174523121975,0.004887477491800912,0.0066259849070277365,0.023067397959749606,-8.665249928824144e-4,2026,498750,Charlotte FC,0.11482828719990651,1,0.08853340299107146,0.094435629860094,0.0016972871843374169,15.306122448979592,0.04876528246786792,84.6938775510204,0.005213309324750556,9.183673469387756,0.007067717234383785,59.183673469387756,0.024605224491168493,17.857142857142858,-9.242933257701262e-4,50,16.836734693877553,498750,67.37967914438502,52.30769230769231,336500,-50.54294445050747,TRUE,FALSE,8.75,High,20.75,79.25,Below Expected Value by Current Model,Fullbacks and wingbacks,1.1.0,2026-07-25 22:12:49 UTC,74,74,389,Performance data through: 2026-07-25 (updates every day) · MLSPA compensation as of: 2026-04-16,FALSE,2026-07-25 22:12:44 UTC
odMX70VAQY,asa_odMX70VAQY_mls_blended,Calvin Harris,calvin harris,2000-03-20,England,W,NA,26.28062970568104,mls,Z2vQ1xlqrA,W,asa_live,TRUE,NA,mlspa_via_asa,1292,375000,1480,375000,TRUE,0.6485943775100401,0.3514056224899599,blended,2025+2026 season to date,1812.0803212851406,0.3293201522305438,0.0662523404428525,-0.027384829859980465,0.15325826278085314,0.06630533620970366,0.05617618446760013,0.014712858189514814,2026,375000,Sporting Kansas City,0.19903356584128315,1,0.29691163285258754,0.31670574171932375,0.07066916314125107,83.4061135371179,-0.02921048518489199,27.94759825327511,0.16347548030468528,88.646288209607,0.07072569195922741,86.46288209606988,0.05992126343397934,83.4061135371179,0.015693715402639564,82.53275109170306,94.32314410480349,375000,38.55140186915888,42.527472527472526,527437.5,55.77174223564461,TRUE,FALSE,100,High,20.75,79.25,Elite Value,Wingers and attacking midfielders,1.1.0,2026-07-25 22:12:49 UTC,1,1,5,Performance data through: 2026-07-25 (updates every day) · MLSPA compensation as of: 2026-04-16,FALSE,2026-07-25 22:12:44 UTC
odMX70eoQY,asa_odMX70eoQY_mls_blended,Bret Halsey,bret halsey,2000-06-01,USA,FB,NA,25.08145106091718,mls,NWMWlBK5lz,FB,asa_live,TRUE,NA,mlspa_via_asa,0,NA,37,104000,TRUE,0,1,blended,2025+2026 season to date,37,0.18316216216216216,0,-0.01483783783783783,-0.0017027027027027,0.09535135135135137,0.10435135135135136,0,2026,104000,FC Cincinnati,0.11482828719990651,1,0.11879744477228242,0.12671727442772782,0,6.377551020408164,-0.015827027027521614,17.346938775510203,-0.00181621621627297,1.530612244897959,0.1017081081112865,97.95918367346938,0.11130810811158649,91.83673469387755,0,59.94897959183673,55.61224489795919,104000,14.171122994652407,12.967032967032967,336500,41.44112190330678,FALSE,FALSE,NA,Low,41,59,Insufficient Evidence,Fullbacks and wingbacks,1.1.0,2026-07-25 22:12:49 UTC,NA,NA,NA,Performance data through: 2026-07-25 (updates every day) · MLSPA compensation as of: 2026-04-16,FALSE,2026-07-25 22:12:44 UTC
odMX7PRaQY,asa_odMX7PRaQY_mls_blended,Ignatius Ganago,ignatius ganago,1999-02-16,Cameroon,W,NA,26.3709787816564,mls,19vQ2095K6,W,asa_live,TRUE,NA,mlspa_via_asa,0,NA,1744,1300000,TRUE,0,1,blended,2025+2026 season to date,1744,0.24516743119266057,0.0667104357798165,-0.05601261467889908,0.20235550458715593,-0.0398394495412844,0.04006651376146789,0.03188704128440366,2026,1300000,New England Revolution,0.19903356584128315,1,0.23335842129043086,0.24891564938423819,0.07115779816736129,83.84279475982532,-0.05974678899269277,11.790393013100436,0.21584587156637816,95.19650655021834,-0.04249541284536467,9.606986899563319,0.04273761468023463,60.262008733624455,0.034012844037760136,94.32314410480349,76.85589519650655,1300000,77.57009345794393,87.03296703296704,527437.5,-0.7141982614373745,FALSE,FALSE,NA,Low,41,59,Insufficient Evidence,Wingers and attacking midfielders,1.1.0,2026-07-25 22:12:49 UTC,NA,NA,NA,Performance data through: 2026-07-25 (updates every day) · MLSPA compensation as of: 2026-04-16,FALSE,2026-07-25 22:12:44 UTC
odMX7XZoQY,asa_odMX7XZoQY_mls_blended,Zac McGraw,zac mcgraw,1997-06-08,USA,CB,NA,28.06297056810404,mls,WBLMvYAQxe,CB,asa_live,TRUE,NA,mlspa_via_asa,0,NA,274,321750,TRUE,0,1,blended,2025+2026 season to date,274,-0.04358759124087592,0,0.04004014598540146,-8.868613138686132e-4,-0.00942700729927007,0.00893430656934306,-0.08224817518248176,2026,321750,Portland Timbers FC,0.1396251547943452,1,0.08218774928673583,0.08766693257525782,0,7.180851063829787,0.042709489052429564,40.95744680851064,-9.459854014894161e-4,2.6595744680851063,-0.010055474452868975,17.02127659574468,0.009529927007597075,5.851063829787234,-0.08773138686405547,1.0638297872340425,2.6595744680851063,321750,35,38.02197802197802,509583.5,-32.340425531914896,FALSE,FALSE,NA,Low,41,59,Insufficient Evidence,Center backs,1.1.0,2026-07-25 22:12:49 UTC,NA,NA,NA,Performance data through: 2026-07-25 (updates every day) · MLSPA compensation as of: 2026-04-16,FALSE,2026-07-25 22:12:44 UTC
odMX84koMY,asa_odMX84koMY_mls_blended,Son Heung-Min,son heungmin,1992-07-08,South Korea,FW,NA,33.97946611909651,mls,eVq3ya6MWO,FW,asa_live,TRUE,NA,mlspa_via_asa,1320,11152852,1232,11152852,TRUE,0.6534653465346535,0.3465346534653465,blended,2025+2026 season to date,1746.930693069307,0.35485092259225925,0.10537088208820883,0.018254061656165613,0.11748695994599462,0.06932025202520252,0.03176823807380738,0.012650528802880284,2026,11152852,Los Angeles FC,0.21844855740004673,1,0.31997924131210365,0.3413111907435765,0.11239560756426845,96.45390070921985,0.019470999100518457,92.19858156028369,0.1253194239463105,23.404255319148938,0.0739416021625267,95.0354609929078,0.03388612061312015,63.12056737588652,0.013493897390160653,75.177304964539,93.61702127659575,11152852,99.24812030075188,99.78021978021978,540000,-5.6310990241561285,TRUE,FALSE,56.14035087719298,High,20.75,79.25,Fair Value,Strikers,1.1.0,2026-07-25 22:12:49 UTC,26,26,189,Performance data through: 2026-07-25 (updates every day) · MLSPA compensation as of: 2026-04-16,FALSE,2026-07-25 22:12:44 UTC
odMX8YarMY,asa_odMX8YarMY_mls_blended,Alexandru Mihail Baluta,alexandru mihail baluta,1993-09-13,Romania,CM,NA,31.797399041752225,mls,eVq3ya6MWO,CM,asa_live,TRUE,NA,mlspa_via_asa,0,NA,24,768900,TRUE,0,1,blended,2025+2026 season to date,24,0.65925,0.14325,-0.062625,0.518625,0.06187499999999999,0,-0.001875,2026,768900,Los Angeles FC,0.13647524696350208,1,0.15658196823413661,0.16702076612163178,0.15280000000477498,99.51690821256038,-0.0668000000020875,3.3816425120772946,0.5532000000172875,100,0.06600000000206249,96.13526570048309,0,4.106280193236715,-0.0020000000000625,45.410628019323674,74.39613526570048,768900,73.46938775510205,71.97802197802197,510300,0.9267475105984317,FALSE,FALSE,NA,Low,41,59,Insufficient Evidence,Central and defensive midfielders,1.1.0,2026-07-25 22:12:49 UTC,NA,NA,NA,Performance data through: 2026-07-25 (updates every day) · MLSPA compensation as of: 2026-04-16,FALSE,2026-07-25 22:12:44 UTC
odMX8xmrMY,asa_odMX8xmrMY_mls_blended,Sebastien Ibeagha,sebastien ibeagha,1992-01-21,USA,CB,NA,34.44216290212184,mls,mKAqBBmqbg,CB,asa_live,TRUE,NA,mlspa_via_asa,1122,793625,3306,793625,TRUE,0.6158068057080132,0.38419319429198684,blended,2025+2026 season to date,2392.1427003293084,0.15712407438028053,0.008817099336402625,0.04549208305027681,0.024532134966660755,-0.0037139120369909166,0.087265891174812385,-0.005269222110881118,2026,793625,FC Dallas,0.1396251547943452,1,0.15361510010896465,0.16385610678801613,0.009404905959123369,57.4468085106383,0.04852488858847834,48.40425531914894,0.026167610631922543,71.27659574468085,-0.0039615061729141084,25,0.09308361725604207,69.68085106382979,-0.0056205035851155,44.680851063829785,67.02127659574468,793625,71.66666666666667,73.51648351648352,509583.5,-4.645390070921991,TRUE,FALSE,45.833333333333336,High,20.75,79.25,Fair Value,Center backs,1.1.0,2026-07-25 22:12:49 UTC,53,53,232,Performance data through: 2026-07-25 (updates every day) · MLSPA compensation as of: 2026-04-16,FALSE,2026-07-25 22:12:44 UTC
odMXE2rG5Y,asa_odMXE2rG5Y_mls_blended,Puso Dithejane,puso dithejane,2004-07-24,South Africa,W,NA,21.93566050650239,mls,X0Oq66zq6D,W,asa_live,TRUE,NA,mlspa_via_asa,255,283252,0,NA,FALSE,1,0,blended,2025+2026 season to date,255,0.30720000000000003,0.0966,-0.02650588235294117,0.0999529411764706,0.05339999999999999,-0.02791764705882353,0.11167058823529412,2026,283252,Chicago Fire FC,0.19903356584128315,1,0.23129373041493556,0.24671331245030773,0.10304000000322,96.06986899563319,-0.02827294117735411,28.820960698689955,0.10661647059156708,68.5589519650655,0.05696000000177999,81.6593886462882,-0.029778823530342353,2.6200873362445414,0.11911529412136941,98.68995633187772,75.9825327510917,283252,32.71028037383178,35.38461538461539,527437.5,43.27225237725992,FALSE,TRUE,NA,Low,49,51,Small-Sample Watchlist,Wingers and attacking midfielders,1.1.0,2026-07-25 22:12:49 UTC,NA,NA,NA,Performance data through: 2026-07-25 (updates every day) · MLSPA compensation as of: 2026-04-16,FALSE,2026-07-25 22:12:44 UTC
odMXE98x5Y,asa_odMXE98x5Y_mls_blended,Owen Graham-Roache,owen grahamroache,2008-02-11,Canada,FW,NA,18.38466803559206,mls,APk5LGOMOW,FW,asa_live,TRUE,NA,mlspa_via_asa,18,93915,150,93915,TRUE,0.15,0.85,blended,2025+2026 season to date,145.5,0.001662000000000015,0.018666,-0.015434999999999999,0.312534,-0.328077,0.018053999999999997,-0.004079999999999999,2026,93915,CF Montréal,0.21844855740004673,1,0.1761381025352489,0.18788064271013674,0.0199104000006222,11.347517730496454,-0.016464000000514498,75.177304964539,0.33336960001041777,94.32624113475177,-0.3499488000109359,1.4184397163120568,0.019257600000601796,28.368794326241133,-0.004352000000136,14.184397163120567,17.02127659574468,93915,11.278195488721805,8.901098901098901,540000,5.743081107022876,FALSE,TRUE,NA,Low,41,59,Small-Sample Watchlist,Strikers,1.1.0,2026-07-25 22:12:49 UTC,NA,NA,NA,Performance data through: 2026-07-25 (updates every day) · MLSPA compensation as of: 2026-04-16,FALSE,2026-07-25 22:12:44 UTC
odMXEANx5Y,asa_odMXEANx5Y_mls_blended,Tahir Reid-Brown,tahir reidbrown,2006-07-02,USA,CB,NA,19.99726214921287,mls,jYQJ8EW5GR,CB,asa_live,TRUE,NA,mlspa_via_asa,289,139508,0,NA,FALSE,1,0,blended,2025+2026 season to date,289,0.08831833910034602,0,0.014480968858131481,0.00641522491349481,0.00731833910034602,0.06686159169550174,-0.00675778546712802,2026,139508,Orlando City SC,0.1396251547943452,1,0.12294611122228023,0.1311425186411971,0,7.180851063829787,0.015446366782489613,10.106382978723405,0.006842906574608305,23.93617021276596,0.007806228373946365,69.68085106382979,0.07131903114409724,46.808510638297875,-0.0072083044984951475,36.702127659574465,28.72340425531915,139508,21.11111111111111,24.505494505494507,509583.5,7.612293144208039,FALSE,TRUE,NA,Low,49,51,Small-Sample Watchlist,Center backs,1.1.0,2026-07-25 22:12:49 UTC,NA,NA,NA,Performance data through: 2026-07-25 (updates every day) · MLSPA compensation as of: 2026-04-16,FALSE,2026-07-25 22:12:44 UTC
odMXEZjr5Y,asa_odMXEZjr5Y_mls_blended,Sam Williams,sam williams,2005-03-18,USA,CM,NA,20.28747433264887,mls,X0Oq66zq6D,CM,asa_live,TRUE,NA,mlspa_via_asa,0,NA,354,91951,TRUE,0,1,blended,2025+2026 season to date,354,0.03927966101694915,0.01055084745762711,-0.00455084745762711,0.0141864406779661,-0.0029745762711864397,0.02196610169491525,1.016949152542373e-4,2026,91951,Chicago Fire FC,0.13647524696350208,1,0.10040896035440383,0.10710289104804438,0.01125423728848728,35.265700483091784,-0.0048542372882872786,23.18840579710145,0.015132203390303387,30.917874396135264,-0.003172881356031355,29.468599033816425,0.02343050847530847,9.66183574879227,1.0847457627457628e-4,66.18357487922705,10.628019323671497,91951,7.142857142857143,8.021978021978022,510300,3.4851621808143536,FALSE,FALSE,NA,Low,41,59,Insufficient Evidence,Central and defensive midfielders,1.1.0,2026-07-25 22:12:49 UTC,NA,NA,NA,Performance data through: 2026-07-25 (updates every day) · MLSPA compensation as of: 2026-04-16,FALSE,2026-07-25 22:12:44 UTC
odMXGB1xQY,asa_odMXGB1xQY_mls_blended,Nicolás Dubersarsky,nicolas dubersarsky,2004-12-21,Argentina,CM,NA,21.52498288843258,mls,gpMOLwl5zy,CM,asa_live,TRUE,NA,mlspa_via_asa,742,347986,820,347986,TRUE,0.5145631067961165,0.4854368932038835,blended,2025+2026 season to date,1140.0582524271845,0.04215973749196577,0.004473207942897732,0.0032643685937552873,0.010740874801258408,-0.0020316295118568343,0.0750200433002943,-0.049307127634383136,2026,347986,Austin FC,0.13647524696350208,1,0.07468123819689107,0.07965998741250652,0.004771421805906687,18.357487922705314,0.0034819931667811185,28.985507246376812,0.011456933121700331,21.73913043478261,-0.0021670714793816776,33.81642512077295,0.08002137952281459,79.71014492753623,-0.05259426947831892,1.4492753623188406,2.4154589371980677,347986,37.755102040816325,40.21978021978022,510300,-35.33964310361826,TRUE,FALSE,27.835051546391753,Medium,29.75,70.25,Below Expected Value by Current Model,Central and defensive midfielders,1.1.0,2026-07-25 22:12:49 UTC,71,71,309,Performance data through: 2026-07-25 (updates every day) · MLSPA compensation as of: 2026-04-16,FALSE,2026-07-25 22:12:44 UTC
odMXGL8JQY,asa_odMXGL8JQY_mls_blended,Logan Farrington,logan farrington,2001-12-14,USA,FW,NA,24.54483230663929,mls,mKAqBBmqbg,FW,asa_live,TRUE,NA,mlspa_via_asa,939,417000,1907,417000,TRUE,0.5729103111653447,0.42708968883465526,blended,2025+2026 season to date,1753.4600366076875,0.25512695400171426,0.06253626966959339,-0.026886684137596525,0.15239727467571546,-0.018064304369150866,0.04103982469774342,0.04410457346540938,2026,417000,FC Dallas,0.21844855740004673,1,0.24577602489364161,0.2621610932280769,0.06670535431631748,56.02836879432624,-0.02867912974766585,68.08510638297872,0.16255709299250973,39.716312056737586,-0.0192685913276964,57.4468085106383,0.04377581301229431,80.85106382978724,0.04704487836457349,97.16312056737588,72.34042553191489,417000,43.609022556390975,45.27472527472528,540000,28.731402975523913,TRUE,FALSE,89.47368421052632,High,20.75,79.25,Strong Value,Strikers,1.1.0,2026-07-25 22:12:49 UTC,7,7,48,Performance data through: 2026-07-25 (updates every day) · MLSPA compensation as of: 2026-04-16,FALSE,2026-07-25 22:12:44 UTC
odMXR02JqY,asa_odMXR02JqY_mls_blended,DJ Taylor,dj taylor,1997-08-26,USA,FB,NA,28.84599589322382,mls,kRQand1MKZ,FB,asa_live,TRUE,NA,mlspa_via_asa,139,240117,254,240117,TRUE,0.16567342073897498,0.834326579261025,blended,2025+2026 season to date,350.9189511323003,5.765581447730109e-4,0,0.026939776449278766,0.013748115961071007,0.006650014546751376,-0.015748754141131638,-0.031012594671196495,2026,240117,Minnesota United FC,0.11482828719990651,1,0.07266581175724274,0.07751019921014778,0,6.377551020408164,0.028735761546795344,65.3061224489796,0.014664657025600679,28.571428571428573,0.007093348850089802,59.69387755102041,-0.016798671084398704,5.1020408163265305,-0.03308010098364335,5.612244897959184,8.16326530612245,240117,39.037433155080215,32.747252747252745,336500,-30.874167848957768,FALSE,TRUE,NA,Low,41,59,Small-Sample Watchlist,Fullbacks and wingbacks,1.1.0,2026-07-25 22:12:49 UTC,NA,NA,NA,Performance data through: 2026-07-25 (updates every day) · MLSPA compensation as of: 2026-04-16,FALSE,2026-07-25 22:12:44 UTC
odMXR6GGqY,asa_odMXR6GGqY_mls_blended,Jonathan Dean,jonathan dean,1997-05-15,USA,FB,NA,29.127994524298423,mls,X0Oq66zq6D,FB,asa_live,TRUE,NA,mlspa_via_asa,974,210700,2159,210700,TRUE,0.5818399044205496,0.41816009557945044,blended,2025+2026 season to date,1876.8076463560335,0.07291284794334295,0.004532165927076951,0.0075758614850563,0.018874630827693025,0.00480755477197228,0.05557340863701335,-0.01845077370546897,2026,210700,Chicago Fire FC,0.11482828719990651,1,0.08306675052473178,0.08860453389581613,0.0048343103223664865,23.46938775510204,0.008080918917645915,38.775510204081634,0.020132939550168382,39.795918367346935,0.00512805842359735,52.55102040816327,0.05927830254800002,56.12244897959184,-0.019680825286448596,11.73469387755102,11.224489795918368,210700,36.36363636363637,30.439560439560438,336500,-25.139146567718,TRUE,FALSE,30,High,20.75,79.25,Below Expected Value by Current Model,Fullbacks and wingbacks,1.1.0,2026-07-25 22:12:49 UTC,57,57,299,Performance data through: 2026-07-25 (updates every day) · MLSPA compensation as of: 2026-04-16,FALSE,2026-07-25 22:12:44 UTC
odMXRLKWqY,asa_odMXRLKWqY_mls_blended,Claudio Bravo,claudio bravo,1997-03-13,Argentina,FB,NA,28.301163586584533,mls,WBLMvYAQxe,FB,asa_live,TRUE,NA,mlspa_via_asa,0,NA,369,556654,TRUE,0,1,blended,2025+2026 season to date,369,0.262,0.0234390243902439,0.07546341463414634,0.02360975609756097,0.04136585365853658,0.16558536585365852,-0.06746341463414635,2026,556654,Portland Timbers FC,0.11482828719990651,1,0.17087200445814646,0.18226347142771862,0.02500162601704146,78.06122448979592,0.08049430894560487,95.91836734693878,0.025183739838185358,51.02040816326531,0.04412357723715121,93.36734693877551,0.17662439024942192,96.93877551020408,-0.07196097561200489,2.5510204081632653,93.36734693877551,556654,73.79679144385027,57.472527472527474,336500,19.570555494925244,FALSE,FALSE,NA,Low,41,59,Insufficient Evidence,Fullbacks and wingbacks,1.1.0,2026-07-25 22:12:49 UTC,NA,NA,NA,Performance data through: 2026-07-25 (updates every day) · MLSPA compensation as of: 2026-04-16,FALSE,2026-07-25 22:12:44 UTC
odMXRO3xqY,asa_odMXRO3xqY_mls_blended,Lalas Abubakar,lalas abubakar,1994-12-25,Ghana,CB,NA,31.515400410677618,mls,mKAqBBmqbg,CB,asa_live,TRUE,NA,mlspa_via_asa,57,495000,1981,495000,TRUE,0.15,0.85,blended,2025+2026 season to date,1740.85,0.03874215574271366,0.007885562847046945,0.03188248625096309,0.016344974627381166,-0.015266284970376472,0.06667294162969259,-0.06877752464199367,2026,495000,FC Dallas,0.1396251547943452,1,0.0646001985181922,0.06890687842155835,0.008411267037112927,49.46808510638298,0.03400798533542338,22.872340425531913,0.017434639603084744,53.723404255319146,-0.01628403730224378,8.51063829787234,0.07111780440722786,45.744680851063826,-0.0733626929537525,2.127659574468085,1.0638297872340425,495000,48.333333333333336,51.7032967032967,509583.5,-47.269503546099294,FALSE,TRUE,NA,Low,41,59,Small-Sample Watchlist,Center backs,1.1.0,2026-07-25 22:12:49 UTC,NA,NA,NA,Performance data through: 2026-07-25 (updates every day) · MLSPA compensation as of: 2026-04-16,FALSE,2026-07-25 22:12:44 UTC
odMXRxV2qY,asa_odMXRxV2qY_mls_blended,Dénis Bouanga,denis bouanga,1994-11-11,Gabon,W,NA,31.63586584531143,mls,eVq3ya6MWO,W,asa_live,TRUE,NA,mlspa_via_asa,1505,4939217,3294,4939217,TRUE,0.6825396825396826,0.31746031746031744,blended,2025+2026 season to date,2550.7142857142853,0.4042652342539931,0.09177093540512744,0.00804335650471482,0.1615173141023258,0.10092609196684138,0.02774456216001883,0.014262974114964744,2026,4939217,Los Angeles FC,0.19903356584128315,1,0.36518235022164747,0.3895278402485967,0.0978889977685283,94.32314410480349,0.00857958027196392,62.88209606986899,0.17228513504786477,89.95633187772926,0.10765449810132834,95.19650655021834,0.029594199638278234,32.751091703056765,0.015213839056437826,80.349344978165945,99.12663755458516,4939217,96.26168224299066,98.13186813186813,527437.5,2.8649553115944997,TRUE,FALSE,63.44086021505376,High,14,86,Fair Value,Wingers and attacking midfielders,1.1.0,2026-07-25 22:12:49 UTC,35,35,158,Performance data through: 2026-07-25 (updates every day) · MLSPA compensation as of: 2026-04-16,FALSE,2026-07-25 22:12:44 UTC
odMXRxZJqY,asa_odMXRxZJqY_mls_blended,James Sands,james sands,2000-07-06,USA,CB,NA,25.984941820670773,mls,Vj58weDM8n,CB,asa_live,TRUE,NA,mlspa_via_asa,104,1318750,0,NA,FALSE,1,0,blended,2025+2026 season to date,104,0.06724038461538462,0,0.01886538461538461,-6.057692307692308e-4,0.01583653846153846,0.03461538461538462,-0.00147115384615384,2026,1318750,New York City FC,0.1396251547943452,1,0.12893195010881695,0.13752741345370248,0,7.180851063829787,0.020123076923705765,13.297872340425531,-6.461538461740385e-4,4.25531914893617,0.016892307692835576,90.42553191489361,0.03692307692423077,15.425531914893616,-0.0015692307692798011,64.36170212765957,32.4468085106383,1318750,93.88888888888889,87.36263736263736,509583.5,-61.44208037825059,FALSE,TRUE,NA,Low,49,51,Small-Sample Watchlist,Center backs,1.1.0,2026-07-25 22:12:49 UTC,NA,NA,NA,Performance data through: 2026-07-25 (updates every day) · MLSPA compensation as of: 2026-04-16,FALSE,2026-07-25 22:12:44 UTC
odMXrvAqYL,asa_odMXrvAqYL_mls_blended,Erik Sviatchenko,erik sviatchenko,1991-10-04,Denmark,CB,NA,34.74058863791923,mls,YgOMngl5wN,CB,asa_live,TRUE,NA,mlspa_via_asa,704,925000,1072,925000,TRUE,0.5014245014245015,0.49857549857549854,blended,2025+2026 season to date,1238.4729344729344,0.10401057213930347,0.01661882893226176,0.04204900975889781,0.015543269230769227,-0.012473904515882126,0.0436943647148871,-0.001420995981630306,2026,925000,Houston Dynamo FC,0.1396251547943452,1,0.11563366932629097,0.12334258061856483,0.01772675086163317,83.51063829787235,0.044852277077559295,43.08510638297872,0.016579487180005285,50.53191489361702,-0.013305498150690065,12.23404255319149,0.046607322364002716,22.340425531914892,-0.001515729047119693,65.95744680851064,24.46808510638298,925000,82.22222222222223,80.21978021978022,509583.5,-57.75413711583925,TRUE,FALSE,9.375,Medium,29.75,70.25,Below Expected Value by Current Model,Center backs,1.1.0,2026-07-25 22:12:49 UTC,88,88,386,Performance data through: 2026-07-25 (updates every day) · MLSPA compensation as of: 2026-04-16,FALSE,2026-07-25 22:12:44 UTC
p6qb3zlDQ0,asa_p6qb3zlDQ0_mls_blended,Nicolas Fleuriau Chateau,nicolas fleuriau chateau,2002-05-21,Canada,FB,NA,23.1129363449692,mls,lgpMOvnQzy,FB,asa_live,TRUE,NA,mlspa_via_asa,0,NA,18,80622,TRUE,0,1,blended,2025+2026 season to date,18,0.4765,0.1805,-0.039,0.28950000000000004,0.011,0.05049999999999999,-0.016,2026,80622,Vancouver Whitecaps FC,0.11482828719990651,1,0.1253624147571908,0.13371990907851558,0.19253333333935,100,-0.0416000000013,7.142857142857143,0.30880000000965,98.9795918367347,0.011733333333699998,65.81632653061224,0.05386666666834999,49.48979591836735,-0.0170666666672,12.755102040816327,65.3061224489796,80622,1.0695187165775402,1.043956043956044,336500,64.23660373240206,FALSE,FALSE,NA,Low,41,59,Insufficient Evidence,Fullbacks and wingbacks,1.1.0,2026-07-25 22:12:49 UTC,NA,NA,NA,Performance data through: 2026-07-25 (updates every day) · MLSPA compensation as of: 2026-04-16,FALSE,2026-07-25 22:12:44 UTC
p6qbOD1bQ0,asa_p6qbOD1bQ0_mls_blended,Eddie Segura,eddie segura,1997-02-02,Colombia,FB,NA,29.4072553045859,mls,eVq3ya6MWO,FB,asa_live,TRUE,NA,mlspa_via_asa,1438,722500,3126,722500,TRUE,0.6725912067352666,0.3274087932647334,blended,2025+2026 season to date,2461.4798877455564,0.10941555869567948,0.005953234497234032,0.04213168351141666,0.011311897498693772,0.007312609413070135,0.0430049061942835,-2.987724190186233e-4,2026,722500,Los Angeles FC,0.11482828719990651,1,0.11047636497944303,0.11784145598175512,0.006350116797248075,29.081632653061224,0.04494046241358216,82.14285714285714,0.012066023998983752,22.959183673469386,0.007800116707518564,60.714285714285715,0.04587189994200257,35.204081632653065,-3.186905802964906e-4,55.61224489795919,42.857142857142854,722500,83.42245989304813,68.18681318681318,336500,-40.565317035905274,TRUE,FALSE,15,High,20.75,79.25,Below Expected Value by Current Model,Fullbacks and wingbacks,1.1.0,2026-07-25 22:12:49 UTC,69,69,363,Performance data through: 2026-07-25 (updates every day) · MLSPA compensation as of: 2026-04-16,FALSE,2026-07-25 22:12:44 UTC
p6qbON3aQ0,asa_p6qbON3aQ0_mls_blended,Franco Negri,franco negri,1995-02-20,Argentina,FB,NA,31.359342915811087,mls,YgOMngl5wN,FB,asa_live,TRUE,NA,mlspa_via_asa,346,115605,871,115605,TRUE,0.33078393881453155,0.6692160611854685,blended,2025+2026 season to date,928.8871892925431,0.09797304695817866,0.01328966617127628,0.05298482217534185,0.015142939150401838,-0.0036302046174481258,0.04735645606355632,-0.0271706319849495,2026,115605,Houston Dynamo FC,0.11482828719990651,1,0.10458775615050064,0.11156027323068694,0.01417564391647102,56.63265306122449,0.05651714365546413,88.26530612244898,0.01615246842760006,33.16326530612245,-0.003872218258732341,30.102040816326532,0.05051355313603862,44.89795918367347,-0.02898200745151849,7.653061224489796,36.224489795918366,115605,22.459893048128343,18.681318681318682,336500,13.764596747790023,FALSE,TRUE,NA,Low,41,59,Small-Sample Watchlist,Fullbacks and wingbacks,1.1.0,2026-07-25 22:12:49 UTC,NA,NA,NA,Performance data through: 2026-07-25 (updates every day) · MLSPA compensation as of: 2026-04-16,FALSE,2026-07-25 22:12:44 UTC
p6qbONo3Q0,asa_p6qbONo3Q0_mls_blended,Aiden O'Neill,aiden oneill,1998-07-04,Australia,CM,NA,27.991786447638603,mls,Vj58weDM8n,CM,asa_live,TRUE,NA,mlspa_via_asa,991,630938,2067,630938,TRUE,0.5860437610881135,0.4139562389118865,blended,2025+2026 season to date,1846.6475458308694,0.09592583806182996,0.013361698877091127,0.002681481144520763,0.007391773574606103,0.021441021750083035,0.05789256449451935,-0.00684270177899045,2026,630938,New York City FC,0.13647524696350208,1,0.10586991250870378,0.1129279066794797,0.014252478802675925,44.44444444444444,0.002860246554244863,28.019323671497585,0.007884558479826236,13.526570048309178,0.02287042320080327,83.09178743961353,0.06175206879608373,51.690821256038646,-0.0072988818978179035,24.154589371980677,17.391304347826086,630938,60.204081632653065,62.637362637362635,510300,-42.81277728482698,TRUE,FALSE,21.649484536082475,High,20.75,79.25,Below Expected Value by Current Model,Central and defensive midfielders,1.1.0,2026-07-25 22:12:49 UTC,77,77,334,Performance data through: 2026-07-25 (updates every day) · MLSPA compensation as of: 2026-04-16,FALSE,2026-07-25 22:12:44 UTC
p6qbOeRXQ0,asa_p6qbOeRXQ0_mls_blended,Jordan Morris,jordan morris,1994-10-26,USA,FW,NA,31.679671457905545,mls,jYQJ19EqGR,FW,asa_live,TRUE,NA,mlspa_via_asa,648,2372500,1178,2372500,TRUE,0.4807121661721068,0.5192878338278932,blended,2025+2026 season to date,1259.7210682492582,0.3171986619175487,0.05525639443204546,-0.03512954235161946,0.2822370083579774,0.0012311391333699427,0.005201730035819907,0.00840193230995551,2026,2372500,Seattle Sounders FC,0.21844855740004673,1,0.2853390117140484,0.3043616125044963,0.058940154062690375,49.645390070921984,-0.03747151184289841,56.737588652482266,0.30105280892458375,90.0709219858156,0.0013132150756356435,71.63120567375887,0.0055485120383812914,14.893617021276595,0.008962061130899274,66.66666666666667,85.81560283687944,2372500,83.45864661654136,93.95604395604396,540000,2.356956220338077,TRUE,FALSE,68.42105263157895,Medium,29.75,70.25,Fair Value,Strikers,1.1.0,2026-07-25 22:12:49 UTC,19,19,137,Performance data through: 2026-07-25 (updates every day) · MLSPA compensation as of: 2026-04-16,FALSE,2026-07-25 22:12:44 UTC
p6qbOkywQ0,asa_p6qbOkywQ0_mls_blended,Pablo Ruiz,pablo ruiz,1998-12-20,Argentina,CM,NA,27.529089664613277,mls,a2lqR4JMr0,CM,asa_live,TRUE,NA,mlspa_via_asa,85,911500,1354,911500,TRUE,0.15,0.85,blended,2025+2026 season to date,1235.8999999999999,0.1790205022156573,0.01853641063515509,0.11932013728386481,0.012776156486228162,-0.005363824832739589,0.03679573638022417,-0.0030441137370753268,2026,911500,Real Salt Lake,0.13647524696350208,1,0.16511606670648296,0.17612380449241902,0.01977217134478331,62.80193236714976,0.12727481310676647,97.58454106280193,0.013627900252402578,26.08695652173913,-0.005721413155101022,25.120772946859905,0.039248785473465636,18.357487922705314,-0.003247054652981819,37.68115942028985,81.15942028985508,911500,84.18367346938776,79.45054945054945,510300,-3.0242531795326784,FALSE,TRUE,NA,Low,41,59,Small-Sample Watchlist,Central and defensive midfielders,1.1.0,2026-07-25 22:12:49 UTC,NA,NA,NA,Performance data through: 2026-07-25 (updates every day) · MLSPA compensation as of: 2026-04-16,FALSE,2026-07-25 22:12:44 UTC
p6qbOn3DQ0,asa_p6qbOn3DQ0_mls_blended,Jonathan Bamba,jonathan bamba,1996-03-26,France,W,NA,30.26420260095825,mls,X0Oq66zq6D,W,asa_live,TRUE,NA,mlspa_via_asa,844,5581806,3018,5581806,TRUE,0.5466321243523317,0.45336787564766834,blended,2025+2026 season to date,2212.2642487046633,0.26514047451045025,0.04993478507195171,-0.004348202237353087,0.09747197128112156,0.07800343019602593,0.04515469488766881,-0.0010762046889646547,2026,5581806,Chicago Fire FC,0.19903356584128315,1,0.25103648509346366,0.2677722507747291,0.05326377074507965,57.64192139737991,-0.004638082386654899,50.65502183406114,0.10397010270311206,67.24890829694323,0.0832036588783611,89.08296943231441,0.04816500788168522,68.5589519650655,-0.0011479516682648386,27.510917030567686,85.1528384279476,5581806,98.13084112149532,98.79120879120879,527437.5,-12.978002693547722,TRUE,FALSE,41.935483870967744,Medium,29.75,70.25,Fair Value,Wingers and attacking midfielders,1.1.0,2026-07-25 22:12:49 UTC,55,55,249,Performance data through: 2026-07-25 (updates every day) · MLSPA compensation as of: 2026-04-16,FALSE,2026-07-25 22:12:44 UTC
p6qbOnb8Q0,asa_p6qbOnb8Q0_mls_blended,Saba Lobjanidze,saba lobjanidze,1994-12-18,Georgia,W,NA,31.534565366187543,mls,KAqBN0Vqbg,W,asa_live,TRUE,NA,mlspa_via_asa,727,998750,2141,998750,TRUE,0.5094604064470918,0.4905395935529082,blended,2025+2026 season to date,1777.2452697967765,0.1831553717964118,0.06379358419904117,-0.019133095400737165,0.08526266501746035,0.04492969576202202,0.00904527385542125,-7.427516367958e-4,2026,998750,Atlanta United FC,0.19903356584128315,1,0.18716291638929147,0.19964044415481633,0.06804648981443703,78.16593886462883,-0.02040863509475741,35.37117903930131,0.09094684268813313,55.45851528384279,0.04792500881432114,75.54585152838428,0.009648292112750843,14.410480349344978,-7.92268412606945e-4,29.25764192139738,39.737991266375545,998750,72.42990654205607,82.3076923076923,527437.5,-32.69191527568053,TRUE,FALSE,25.806451612903224,Medium,29.75,70.25,Below Expected Value by Current Model,Wingers and attacking midfielders,1.1.0,2026-07-25 22:12:49 UTC,70,70,317,Performance data through: 2026-07-25 (updates every day) · MLSPA compensation as of: 2026-04-16,FALSE,2026-07-25 22:12:44 UTC
p6qbOpVDQ0,asa_p6qbOpVDQ0_mls_blended,Lucas Halter,lucas halter,2000-05-02,Brazil,CB,NA,26.16290212183436,mls,YgOMngl5wN,CB,asa_live,TRUE,NA,mlspa_via_asa,349,1416921,0,NA,FALSE,1,0,blended,2025+2026 season to date,349,0.14755873925501434,0.0226676217765043,0.0394813753581662,0.07777650429799426,-0.01095988538681948,0.02421489971346705,-0.00562177650429799,2026,1416921,Houston Dynamo FC,0.1396251547943452,1,0.14254277436944904,0.1520456259988304,0.024178796562360175,92.02127659574468,0.04211346705002666,39.8936170212766,0.08296160458711976,97.34042553191489,-0.011690544412972775,14.361702127659575,0.025829226361838684,10.106382978723405,-0.005996561604771915,41.48936170212766,51.06382978723404,1416921,96.66666666666667,88.9010989010989,509583.5,-45.60283687943263,FALSE,TRUE,NA,Low,49,51,Small-Sample Watchlist,Center backs,1.1.0,2026-07-25 22:12:49 UTC,NA,NA,NA,Performance data through: 2026-07-25 (updates every day) · MLSPA compensation as of: 2026-04-16,FALSE,2026-07-25 22:12:44 UTC
p6qbPXRpM0,asa_p6qbPXRpM0_mls_blended,Alex Harris,alex harris,2005-02-16,USA,W,NA,21.36892539356605,mls,pzeQZ6xQKw,W,asa_live,TRUE,NA,mlspa_via_asa,116,90025,66,90025,TRUE,0.15,0.85,blended,2025+2026 season to date,172.1,-0.046184482758620686,0.01510603448275862,-0.14938295454545455,0.043922257053291544,0.03323452194357367,0.014202978056426323,-0.003267319749216296,2026,90025,Colorado Rapids,0.19903356584128315,1,0.14437480899107794,0.15399979626196228,0.016113103448779396,16.593886462882097,-0.15934181818679763,1.3100436681222707,0.04685040752497505,15.283842794759826,0.035450156740919725,68.5589519650655,0.015149843260661511,16.593886462882097,-0.0034851410659396263,18.777292576419214,8.296943231441048,90025,7.94392523364486,7.142857142857143,527437.5,0.35301799779618825,FALSE,TRUE,NA,Low,41,59,Small-Sample Watchlist,Wingers and attacking midfielders,1.1.0,2026-07-25 22:12:49 UTC,NA,NA,NA,Performance data through: 2026-07-25 (updates every day) · MLSPA compensation as of: 2026-04-16,FALSE,2026-07-25 22:12:44 UTC
p6qbPrmDM0,asa_p6qbPrmDM0_mls_blended,Charles-Emile Brunet,charlesemile brunet,2003-11-26,Canada,CM,NA,22.595482546201232,mls,vzqoOgNqap,CM,asa_live,TRUE,NA,mlspa_via_asa,80,88025,0,NA,FALSE,1,0,blended,2025+2026 season to date,80,0.057487500000000004,0,-0.0387,0.0072,0.0252,0.0684,-0.0046125,2026,88025,Nashville SC,0.13647524696350208,1,0.1271825708501489,0.1356614089110649,0,6.280193236714976,-0.04128000000129,8.21256038647343,0.00768000000024,13.043478260869565,0.02688000000084,86.95652173913044,0.07296000000228,71.98067632850241,-0.00492000000015375,30.434782608695652,36.231884057971016,88025,3.826530612244898,4.34065934065934,510300,32.40535344572612,FALSE,TRUE,NA,Low,49,51,Small-Sample Watchlist,Central and defensive midfielders,1.1.0,2026-07-25 22:12:49 UTC,NA,NA,NA,Performance data through: 2026-07-25 (updates every day) · MLSPA compensation as of: 2026-04-16,FALSE,2026-07-25 22:12:44 UTC
p6qbeZ1p50,asa_p6qbeZ1p50_mls_blended,Robin Lod,robin lod,1993-04-17,Finland,FW,NA,33.204654346338124,mls,X0Oq66zq6D,FW,asa_live,TRUE,NA,mlspa_via_asa,988,866667,3055,866667,TRUE,0.5853080568720379,0.4146919431279621,blended,2025+2026 season to date,2254.883886255924,0.19599841957477837,0.04478779446327595,-0.022766805834580864,0.10589436748086037,0.020108747799039723,0.04598764844362051,0.001986667222562656,2026,866667,Chicago Fire FC,0.21844855740004673,1,0.20071667896179202,0.2140977908992687,0.04777364742898727,34.04255319148936,-0.024284592890978483,72.34042553191489,0.1129539919831142,19.148936170212767,0.021449330986312663,85.81560283687944,0.04905349167472813,86.52482269503547,0.002119111704133055,44.680851063829785,34.04255319148936,866667,65.41353383458646,77.36263736263736,540000,-31.3709806430971,TRUE,FALSE,35.08771929824562,High,20.75,79.25,Below Expected Value by Current Model,Strikers,1.1.0,2026-07-25 22:12:49 UTC,38,38,277,Performance data through: 2026-07-25 (updates every day) · MLSPA compensation as of: 2026-04-16,FALSE,2026-07-25 22:12:44 UTC
p6qbekPD50,asa_p6qbekPD50_mls_blended,Tyler Boyd,tyler boyd,1994-12-30,USA,W,NA,31.50171115674196,mls,eVq3ya6MWO,W,asa_live,TRUE,NA,mlspa_via_asa,571,1435000,206,1435000,TRUE,0.4492525570416995,0.5507474429583006,blended,2025+2026 season to date,684.45397324941,0.08926872808659186,0.025189110325177788,-0.024546248271752995,0.08819907877750874,-0.032569889926898035,0.019193601857722307,0.01380307532483405,2026,1435000,Los Angeles FC,0.19903356584128315,1,0.14054257987452712,0.14991208520418034,0.026868384347695944,26.200873362445414,-0.0261826648240214,31.87772925764192,0.09407901736561596,58.51528384279476,-0.03474121592311023,11.790393013100436,0.02047317531554358,23.580786026200872,0.014723280346949755,79.47598253275109,7.423580786026201,1435000,79.4392523364486,89.12087912087912,527437.5,-72.0156715504224,TRUE,FALSE,1.075268817204301,Medium,29.75,70.25,Below Expected Value by Current Model,Wingers and attacking midfielders,1.1.0,2026-07-25 22:12:49 UTC,93,93,421,Performance data through: 2026-07-25 (updates every day) · MLSPA compensation as of: 2026-04-16,FALSE,2026-07-25 22:12:44 UTC
p6qbgGEpQ0,asa_p6qbgGEpQ0_mls_blended,Kerwin Vargas,kerwin vargas,2002-01-02,Colombia,W,NA,24.49281314168378,mls,NPqxKXZ59d,W,asa_live,TRUE,NA,mlspa_via_asa,995,733750,2215,733750,TRUE,0.5870206489675516,0.4129793510324484,blended,2025+2026 season to date,1909.7492625368732,0.2229932919155397,0.049775860484628134,-0.004553930362172635,0.06912165644539442,0.046697437024311304,0.05514550030963463,0.006806768013743778,2026,733750,Charlotte FC,0.19903356584128315,1,0.2172652951554081,0.2317496481730108,0.053094251185262537,57.20524017467249,-0.004857525719802609,49.78165938864629,0.07372976687739144,38.8646288209607,0.049810599494155304,76.41921397379913,0.05882186699878179,82.09606986899563,0.007260552548220256,68.5589519650655,68.5589519650655,733750,64.95327102803738,69.34065934065934,527437.5,3.6056809370281258,TRUE,FALSE,65.59139784946237,High,20.75,79.25,Fair Value,Wingers and attacking midfielders,1.1.0,2026-07-25 22:12:49 UTC,33,33,149,Performance data through: 2026-07-25 (updates every day) · MLSPA compensation as of: 2026-04-16,FALSE,2026-07-25 22:12:44 UTC
p6qbgNaBQ0,asa_p6qbgNaBQ0_mls_blended,Baltasar Rodríguez,baltasar rodriguez,2003-07-09,Argentina,W,NA,21.97946611909651,mls,zeQZkL1MKw,W,asa_live,TRUE,NA,mlspa_via_asa,0,NA,1109,440000,TRUE,0,1,blended,2025+2026 season to date,1109,0.1620649233543733,0.03225067628494139,-0.00676825969341749,0.05465734896302976,0.00389540126239855,0.08151127141568981,-0.00348151487826871,2026,440000,Inter Miami CF,0.19903356584128315,1,0.1750439669425219,0.1867135647445248,0.03440072137167917,34.49781659388646,-0.007219477006537598,46.724890829694324,0.058301172229053656,24.017467248908297,0.004155094680021633,40.17467248908297,0.08694535617945284,93.88646288209607,-0.0037136158702693414,18.34061135371179,26.637554585152838,440000,42.52336448598131,47.527472527472526,527437.5,-15.885809900828473,FALSE,FALSE,NA,Low,41,59,Insufficient Evidence,Wingers and attacking midfielders,1.1.0,2026-07-25 22:12:49 UTC,NA,NA,NA,Performance data through: 2026-07-25 (updates every day) · MLSPA compensation as of: 2026-04-16,FALSE,2026-07-25 22:12:44 UTC
p6qbgzx4Q0,asa_p6qbgzx4Q0_mls_blended,Jasper Löeffelsend,jasper loeffelsend,1997-09-10,NA,FB,NA,27.805612594113622,mls,zeQZBOzQKw,FB,asa_live,TRUE,NA,mlspa_via_asa,0,NA,680,280833,TRUE,0,1,blended,2025+2026 season to date,680,0.04284264705882353,0.01535294117647059,-0.05010882352941176,0.029858823529411764,9.661764705882354e-4,0.04469558823529412,0.00207794117647058,2026,280833,San Diego FC,0.11482828719990651,1,0.07658591587495618,0.08169164360250612,0.016376470588747062,62.244897959183675,-0.05344941176637617,4.591836734693878,0.03184941176570118,60.204081632653065,0.0010305882353263236,44.38775510204081,0.047675294119136916,40.816326530612244,0.0022164705883045504,75.51020408163265,9.183673469387756,280833,41.711229946524064,34.83516483516483,336500,-32.52755647713631,FALSE,FALSE,NA,Low,41,59,Insufficient Evidence,Fullbacks and wingbacks,1.1.0,2026-07-25 22:12:49 UTC,NA,NA,NA,Performance data through: 2026-07-25 (updates every day) · MLSPA compensation as of: 2026-04-16,FALSE,2026-07-25 22:12:44 UTC
p6qboAn8Q0,asa_p6qboAn8Q0_mls_blended,Luca Orellano,luca orellano,2000-03-22,Argentina,FB,NA,25.27583846680356,mls,NWMWlBK5lz,FB,asa_live,TRUE,NA,mlspa_via_asa,0,NA,2192,943950,TRUE,0,1,blended,2025+2026 season to date,2192,0.2230784671532847,0.04589096715328467,0.00230748175182481,0.04480702554744525,0.08614461678832117,0.0382007299270073,0.00572764598540146,2026,943950,FC Cincinnati,0.11482828719990651,1,0.19981553449854725,0.21313657013844425,0.04895036496503334,93.36734693877551,0.0024613138686900467,32.6530612244898,0.04779416058543517,76.53061224489795,0.0918875912437474,96.42857142857143,0.04074744525674781,31.632653061224488,0.0061094890512858125,87.75510204081633,98.46938775510205,943950,95.18716577540107,80.76923076923077,336500,3.282221979700978,FALSE,FALSE,NA,Low,41,59,Insufficient Evidence,Fullbacks and wingbacks,1.1.0,2026-07-25 22:12:49 UTC,NA,NA,NA,Performance data through: 2026-07-25 (updates every day) · MLSPA compensation as of: 2026-04-16,FALSE,2026-07-25 22:12:44 UTC
p6qboGWbQ0,asa_p6qboGWbQ0_mls_blended,Carlos Harvey,carlos harvey,2000-02-03,Panama,CB,NA,26.406570841889117,mls,kRQand1MKZ,CB,asa_live,TRUE,NA,mlspa_via_asa,123,317063,1824,317063,TRUE,0.15,0.85,blended,2025+2026 season to date,1673.3999999999999,0.14462055519897304,0.018126809210526316,0.018045304476893446,0.03727274350128369,-0.01132066150513478,0.0925962251283697,-0.010099865612965338,2026,317063,Minnesota United FC,0.1396251547943452,1,0.14330215973720797,0.1528556370577986,0.019335263158498962,86.17021276595744,0.01924832477595452,12.76595744680851,0.03975759306927836,84.57446808510639,-0.012075372272521121,13.297872340425531,0.09876930680668088,76.59574468085107,-0.010773189987499689,30.319148936170212,52.659574468085104,317063,34.44444444444444,37.582417582417584,509583.5,18.21513002364066,FALSE,TRUE,NA,Low,41,59,Small-Sample Watchlist,Center backs,1.1.0,2026-07-25 22:12:49 UTC,NA,NA,NA,Performance data through: 2026-07-25 (updates every day) · MLSPA compensation as of: 2026-04-16,FALSE,2026-07-25 22:12:44 UTC
raMy4ylQd2,asa_raMy4ylQd2_mls_blended,Omar González,omar gonzalez,1988-10-11,USA,CB,NA,36.720054757015745,mls,X0Oq66zq6D,CB,asa_live,TRUE,NA,mlspa_via_asa,0,NA,511,123333,TRUE,0,1,blended,2025+2026 season to date,511,0.00699217221135028,0,0.04769471624266144,0.00118003913894324,0.00986301369863013,-0.00260665362035225,-0.04913894324853229,2026,123333,Chicago Fire FC,0.1396251547943452,1,0.07862114570351675,0.08386255541970523,0,7.180851063829787,0.05087436399376202,51.59574468085106,0.001258708414912124,11.170212765957446,0.01052054794553424,80.31914893617021,-0.0027804305284626217,4.25531914893617,-0.052414872800072405,4.25531914893617,2.127659574468085,123333,16.666666666666668,21.53846153846154,509583.5,-14.539007092198583,FALSE,FALSE,NA,Low,41,59,Insufficient Evidence,Center backs,1.1.0,2026-07-25 22:12:49 UTC,NA,NA,NA,Performance data through: 2026-07-25 (updates every day) · MLSPA compensation as of: 2026-04-16,FALSE,2026-07-25 22:12:44 UTC
raMyA6KRMd,asa_raMyA6KRMd_mls_blended,Jon Gallagher,jon gallagher,1996-02-23,Republic of Ireland,FB,NA,30.351813826146476,mls,gpMOLwl5zy,FB,asa_live,TRUE,NA,mlspa_via_asa,1452,400000,2796,400000,TRUE,0.6747211895910781,0.3252788104089219,blended,2025+2026 season to date,2361.4795539033457,0.1036668614483782,0.012297866442235586,0.006930197680169756,0.04352205354436237,-0.006292092793209625,0.04293308151315474,0.00427575506166536,2026,400000,Austin FC,0.11482828719990651,1,0.1059281822946053,0.11299006111777658,0.01311772420546122,53.57142857142857,0.007392210859078746,37.244897959183675,0.04642352378210393,75.51020408163265,-0.006711565646300002,23.979591836734695,0.04579528694879616,34.69387755102041,0.004560805399252243,84.6938775510204,38.775510204081634,400000,57.75401069518717,44.23076923076923,336500,-18.978500491105535,TRUE,FALSE,41.25,High,20.75,79.25,Below Expected Value by Current Model,Fullbacks and wingbacks,1.1.0,2026-07-25 22:12:49 UTC,48,48,251,Performance data through: 2026-07-25 (updates every day) · MLSPA compensation as of: 2026-04-16,FALSE,2026-07-25 22:12:44 UTC
raMyAExNMd,asa_raMyAExNMd_mls_blended,Nick Fernandez,nick fernandez,2001-12-22,USA,W,NA,24.522929500342233,mls,0KPqjA456v,W,asa_live,TRUE,NA,mlspa_via_asa,449,115304,127,115304,TRUE,0.3907745865970409,0.6092254134029591,blended,2025+2026 season to date,526.3716275021758,0.15200090458666554,0.044294237371764564,0.022420221623733062,0.019707201743385205,-0.0024141362225283203,0.05799335951152319,0.010000020558787851,2026,115304,San Jose Earthquakes,0.19903356584128315,1,0.1770544447005531,0.18885807435315843,0.047247186531358676,50.65502183406114,0.023914903066062608,74.23580786026201,0.021021015193601125,5.240174672489083,-0.0025750786374440127,31.87772925764192,0.061859583480891184,86.02620087336244,0.010666688596373708,75.9825327510917,28.820960698689955,115304,19.1588785046729,18.46153846153846,527437.5,9.662082194017056,FALSE,TRUE,NA,Low,41,59,Small-Sample Watchlist,Wingers and attacking midfielders,1.1.0,2026-07-25 22:12:49 UTC,NA,NA,NA,Performance data through: 2026-07-25 (updates every day) · MLSPA compensation as of: 2026-04-16,FALSE,2026-07-25 22:12:44 UTC
raMyAGEBMd,asa_raMyAGEBMd_mls_blended,Fafa Picault,fafa picault,1991-02-23,USA,W,NA,35.351129363449694,mls,KAqBN0Vqbg,W,asa_live,TRUE,NA,mlspa_via_asa,332,142250,875,142250,TRUE,0.32170542635658916,0.6782945736434108,blended,2025+2026 season to date,925.5077519379845,0.21897209302325576,0.061172093023255825,-0.005841279069767439,0.17749360465116276,-0.046744186046511635,0.03254302325581395,3.4883720930232467e-4,2026,142250,Atlanta United FC,0.19903356584128315,1,0.2111300376197445,0.22520537346809846,0.06525023256017862,76.41921397379913,-0.006230697674613311,48.90829694323144,0.18932651163382339,92.13973799126637,-0.04986046511783722,8.733624454148472,0.034712558140619645,44.10480349344978,3.7209302326744086e-4,44.10480349344978,65.93886462882097,142250,23.83177570093458,24.615384615384617,527437.5,42.10708892788639,FALSE,TRUE,NA,Low,41,59,Small-Sample Watchlist,Wingers and attacking midfielders,1.1.0,2026-07-25 22:12:49 UTC,NA,NA,NA,Performance data through: 2026-07-25 (updates every day) · MLSPA compensation as of: 2026-04-16,FALSE,2026-07-25 22:12:44 UTC
raMyAWZAMd,asa_raMyAWZAMd_mls_blended,Kévin Denkey,kevin denkey,2000-11-30,Togo,FW,NA,25.582477754962355,mls,NWMWlBK5lz,FW,asa_live,TRUE,NA,mlspa_via_asa,1414,3810000,2827,3810000,TRUE,0.6688741721854304,0.33112582781456956,blended,2025+2026 season to date,2350.092715231788,0.28330889142037896,0.08301241692571865,-0.0479569949724561,0.20493337927050914,0.008780034329058991,0.022902627354349975,0.011637428513198343,2026,3810000,FC Cincinnati,0.21844855740004673,1,0.2701173736720489,0.2881251985925227,0.08854657805686697,80.85106382978724,-0.051154127972218404,43.262411347517734,0.21859560456204086,64.53900709219859,0.009365369951288924,78.72340425531915,0.024429469178736726,42.5531914893617,0.012413257081132813,72.34042553191489,80.85106382978724,3810000,93.98496240601504,97.03296703296704,540000,-13.133898576227807,TRUE,FALSE,42.10526315789474,High,20.75,79.25,Fair Value,Strikers,1.1.0,2026-07-25 22:12:49 UTC,34,34,248,Performance data through: 2026-07-25 (updates every day) · MLSPA compensation as of: 2026-04-16,FALSE,2026-07-25 22:12:44 UTC
raMyAZR2Md,asa_raMyAZR2Md_mls_blended,Cristian Roldan,cristian roldan,1995-06-03,USA,CM,NA,31.077344284736483,mls,jYQJ19EqGR,CM,asa_live,TRUE,NA,mlspa_via_asa,1080,1766000,3269,1766000,TRUE,0.6067415730337079,0.3932584269662921,blended,2025+2026 season to date,2365.561797752809,0.16946985058826358,0.0351161646175685,0.03299450713374877,0.05012068666843106,0.010221754926256519,0.04144474773235811,-4.28010490099366e-4,2026,1766000,Seattle Sounders FC,0.13647524696350208,1,0.16279429852596694,0.17364725176645787,0.037457242259910276,87.43961352657004,0.03519414094376517,70.53140096618357,0.05346206578133048,82.6086956521739,0.010903205255014346,66.18357487922705,0.04420773091589681,22.705314009661837,-4.565445227869241e-4,56.52173913043478,79.22705314009661,1766000,96.42857142857143,91.42857142857143,510300,-17.201518288474816,TRUE,FALSE,42.2680412371134,High,20.75,79.25,Below Expected Value by Current Model,Central and defensive midfielders,1.1.0,2026-07-25 22:12:49 UTC,57,57,247,Performance data through: 2026-07-25 (updates every day) · MLSPA compensation as of: 2026-04-16,FALSE,2026-07-25 22:12:44 UTC
raMyAywlMd,asa_raMyAywlMd_mls_blended,Miguel Almirón,miguel almiron,1994-02-10,Paraguay,W,NA,32.38603696098563,mls,KAqBN0Vqbg,W,asa_live,TRUE,NA,mlspa_via_asa,952,7871000,3016,7871000,TRUE,0.576271186440678,0.423728813559322,blended,2025+2026 season to date,2229.966101694915,0.3424807989351385,0.06531687818318443,0.044971134578454856,0.09375801054585389,0.08926203508647985,0.04369300694921677,0.005479733591948668,2026,7871000,Atlanta United FC,0.19903356584128315,1,0.3120675937010668,0.3328720999582068,0.0696713367309073,81.6593886462882,0.04796921021851755,86.46288209606988,0.10000854458536942,63.75545851528384,0.09521283742855391,93.44978165938865,0.04660587408062099,66.8122270742358,0.0058450491649279035,64.62882096069869,95.63318777292577,7871000,99.53271028037383,99.45054945054945,527437.5,-3.8995225074480686,TRUE,FALSE,49.46236559139785,High,20.75,79.25,Fair Value,Wingers and attacking midfielders,1.1.0,2026-07-25 22:12:49 UTC,48,48,217,Performance data through: 2026-07-25 (updates every day) · MLSPA compensation as of: 2026-04-16,FALSE,2026-07-25 22:12:44 UTC
raMyZWeR5d,asa_raMyZWeR5d_mls_blended,Sebastian Schonlau,sebastian schonlau,1994-08-05,Germany,CB,NA,31.904175222450377,mls,lgpMOvnQzy,CB,asa_live,TRUE,NA,mlspa_via_asa,29,776833,0,NA,FALSE,1,0,blended,2025+2026 season to date,29,0.2433103448275862,0.03382758620689655,0.10520689655172416,0.15362068965517242,0.00310344827586206,0.023586206896551724,-0.0760344827586207,2026,776833,Vancouver Whitecaps FC,0.1396251547943452,1,0.1444055530629684,0.15403258993864646,0.036082758621817236,97.87234042553192,0.11222068965867933,98.40425531914893,0.16386206897063793,100,0.0033103448276896458,51.59574468085106,0.025158620690441377,9.574468085106384,-0.08110344827839655,1.5957446808510638,55.851063829787236,776833,70.55555555555556,72.52747252747253,509583.5,-14.704491725768321,FALSE,TRUE,NA,Low,49,51,Small-Sample Watchlist,Center backs,1.1.0,2026-07-25 22:12:49 UTC,NA,NA,NA,Performance data through: 2026-07-25 (updates every day) · MLSPA compensation as of: 2026-04-16,FALSE,2026-07-25 22:12:44 UTC
raMyZX9N5d,asa_raMyZX9N5d_mls_blended,Anton Salétros,anton saletros,1996-04-12,Sweden,CM,NA,30.217659137577,mls,X0Oq66zq6D,CM,asa_live,TRUE,NA,mlspa_via_asa,1302,750000,0,NA,FALSE,1,0,blended,2025+2026 season to date,1302,0.1465852534562212,0.01217972350230414,0.06138248847926268,0.03185944700460829,0.02392396313364055,0.02733179723502304,-0.01009216589861751,2026,750000,Chicago Fire FC,0.13647524696350208,1,0.1433959769600953,0.15295570876221484,0.012991705069530405,40.09661835748792,0.06547465437992626,85.5072463768116,0.033983410139310825,64.2512077294686,0.025518894010014052,85.02415458937197,0.029153917051602304,13.043478260869565,-0.01076497695886175,17.391304347826086,62.31884057971015,750000,72.1938775510204,70.82417582417582,510300,-9.875036971310259,TRUE,FALSE,46.391752577319586,High,28.75,71.25,Fair Value,Central and defensive midfielders,1.1.0,2026-07-25 22:12:49 UTC,53,53,229,Performance data through: 2026-07-25 (updates every day) · MLSPA compensation as of: 2026-04-16,FALSE,2026-07-25 22:12:44 UTC
raMyeRERMd,asa_raMyeRERMd_mls_blended,Tate Johnson,tate johnson,2005-07-10,USA,FB,NA,20.974674880219027,mls,lgpMOvnQzy,FB,asa_live,TRUE,NA,mlspa_via_asa,1198,89025,2510,89025,TRUE,0.631190727081138,0.368809272918862,blended,2025+2026 season to date,2123.7112750263436,0.15372060755922567,0.004733577806791794,0.05149274136331386,0.011884753924239815,0.015565417990839592,0.06572846233611392,0.00431565413792669,2026,89025,Vancouver Whitecaps FC,0.11482828719990651,1,0.14515310907671278,0.15482998301999873,0.0050491496607357,23.979591836734695,0.05492559078925121,86.22448979591837,0.012677070852918627,24.489795918367346,0.01660311252408108,75.51020408163265,0.07011035982737912,71.42857142857143,0.004603364413932325,85.20408163265306,81.63265306122449,89025,6.951871657754011,6.483516483516484,336500,74.68078140347048,TRUE,FALSE,100,High,20.75,79.25,Elite Value,Fullbacks and wingbacks,1.1.0,2026-07-25 22:12:49 UTC,1,1,3,Performance data through: 2026-07-25 (updates every day) · MLSPA compensation as of: 2026-04-16,FALSE,2026-07-25 22:12:44 UTC
raMyeZ2NMd,asa_raMyeZ2NMd_mls_blended,Pablo Ortíz,pablo ortiz,2000-06-08,Colombia,CB,NA,25.062286105407257,mls,YgOMngl5wN,CB,asa_live,TRUE,NA,mlspa_via_asa,0,NA,1622,443400,TRUE,0,1,blended,2025+2026 season to date,1622,0.06898150431565968,0.00529901356350185,0.03682120838471023,0.01621331689272503,0.00400616522811344,0.01600246609124537,-0.00936066584463625,2026,443400,Houston Dynamo FC,0.1396251547943452,1,0.08805719751422462,0.0939276773514415,0.005652281134578607,31.382978723404257,0.03927595561158495,33.51063829787234,0.01729420468611381,52.659574468085104,0.0042732429101212084,55.851063829787236,0.017069297164528475,7.9787234042553195,-0.00998471023459069,32.97872340425532,4.787234042553192,443400,43.888888888888886,48.24175824175824,509583.5,-39.10165484633569,FALSE,FALSE,NA,Low,41,59,Insufficient Evidence,Center backs,1.1.0,2026-07-25 22:12:49 UTC,NA,NA,NA,Performance data through: 2026-07-25 (updates every day) · MLSPA compensation as of: 2026-04-16,FALSE,2026-07-25 22:12:44 UTC
raMyedmkMd,asa_raMyedmkMd_mls_blended,Griffin Dillon,griffin dillon,2003-04-25,USA,CM,NA,23.184120465434635,mls,a2lqR4JMr0,CM,asa_live,TRUE,NA,mlspa_via_asa,390,92668,0,NA,FALSE,1,0,blended,2025+2026 season to date,390,0.12117692307692307,0.01913076923076923,0.04536923076923076,0.03837692307692308,-0.025499999999999995,0.0453923076923077,-0.00159230769230769,2026,92668,Real Salt Lake,0.13647524696350208,1,0.1304486345233346,0.13914521016257186,0.020406153846791536,65.21739130434783,0.04839384615535845,77.77777777777777,0.04093538461666385,73.42995169082126,-0.027200000000849996,7.246376811594203,0.04841846153997462,28.502415458937197,-0.001698461538514613,45.893719806763286,42.99516908212561,92668,7.653061224489796,8.241758241758241,510300,35.34210785763581,FALSE,TRUE,NA,Low,49,51,Small-Sample Watchlist,Central and defensive midfielders,1.1.0,2026-07-25 22:12:49 UTC,NA,NA,NA,Performance data through: 2026-07-25 (updates every day) · MLSPA compensation as of: 2026-04-16,FALSE,2026-07-25 22:12:44 UTC
raMyeeOAMd,asa_raMyeeOAMd_mls_blended,Tomás Ángel,tomas angel,2003-02-20,Colombia,FW,NA,22.360027378507873,mls,zeQZBOzQKw,FW,asa_live,TRUE,NA,mlspa_via_asa,0,NA,851,443750,TRUE,0,1,blended,2025+2026 season to date,851,0.10572620446533489,0.05154641598119859,-0.02914688601645123,0.13268390129259694,-0.06999059929494712,0.026830787309048174,-0.00619741480611045,2026,443750,San Diego FC,0.21844855740004673,1,0.15233779079257617,0.16249364351715917,0.05498284371499671,41.13475177304964,-0.031090011751852872,65.2482269503546,0.1415294947165262,31.914893617021278,-0.07465663925027662,17.73049645390071,0.028619506463879077,49.645390070921984,-0.006610575793391061,9.21985815602837,3.5460992907801416,443750,45.86466165413534,48.35164835164835,540000,-42.3185623633552,FALSE,FALSE,NA,Low,41,59,Insufficient Evidence,Strikers,1.1.0,2026-07-25 22:12:49 UTC,NA,NA,NA,Performance data through: 2026-07-25 (updates every day) · MLSPA compensation as of: 2026-04-16,FALSE,2026-07-25 22:12:44 UTC
raMyekYkMd,asa_raMyekYkMd_mls_blended,Miguel Perez,miguel perez,2005-04-28,USA,CM,NA,21.17453798767967,mls,wvq9B9wQWn,CM,asa_live,TRUE,NA,mlspa_via_asa,310,113400,0,NA,FALSE,1,0,blended,2025+2026 season to date,310,0.14966129032258063,0.04404193548387097,0.0469741935483871,0.01997419354838709,0.04497096774193548,0.00223548387096774,-0.00853548387096774,2026,113400,St. Louis City SC,0.13647524696350208,1,0.14096719580011124,0.1503650088581509,0.0469780645175971,93.23671497584542,0.05010580645317871,79.22705314009661,0.021305806452278704,46.3768115942029,0.047969032259563546,93.23671497584542,0.0023845161291067723,6.280193236714976,-0.009104516129316773,19.32367149758454,58.45410628019324,113400,15.051020408163266,16.428571428571427,510300,43.40308587202997,FALSE,TRUE,NA,Low,49,51,Small-Sample Watchlist,Central and defensive midfielders,1.1.0,2026-07-25 22:12:49 UTC,NA,NA,NA,Performance data through: 2026-07-25 (updates every day) · MLSPA compensation as of: 2026-04-16,FALSE,2026-07-25 22:12:44 UTC
raMyeneJMd,asa_raMyeneJMd_mls_blended,Ryan Sailor,ryan sailor,1998-11-27,USA,CB,NA,26.5927446954141,mls,zeQZkL1MKw,CB,asa_live,TRUE,NA,mlspa_via_asa,0,NA,108,104000,TRUE,0,1,blended,2025+2026 season to date,108,0.1401666666666667,3.333333333333334e-4,0.09333333333333334,0.1370833333333333,-0.14475,0.04883333333333333,0.00533333333333333,2026,104000,Inter Miami CF,0.1396251547943452,1,0.13970775830029256,0.14902160885830232,3.555555555666667e-4,15.425531914893616,0.09955555555866667,96.27659574468085,0.14622222222679163,99.46808510638297,-0.15440000000482498,0.5319148936170213,0.05208888889051667,27.127659574468087,0.005688888889066663,96.27659574468085,45.744680851063826,104000,10.277777777777779,12.967032967032967,509583.5,35.46690307328605,FALSE,FALSE,NA,Low,41,59,Insufficient Evidence,Center backs,1.1.0,2026-07-25 22:12:49 UTC,NA,NA,NA,Performance data through: 2026-07-25 (updates every day) · MLSPA compensation as of: 2026-04-16,FALSE,2026-07-25 22:12:44 UTC
raMyoAOeqd,asa_raMyoAOeqd_mls_blended,Mauricio Gonzalez,mauricio gonzalez,2004-09-15,Colombia,W,NA,21.790554414784395,mls,kRQand1MKZ,W,asa_live,TRUE,NA,mlspa_via_asa,127,240000,0,NA,FALSE,1,0,blended,2025+2026 season to date,127,0.4072677165354331,0.10048818897637796,-0.04145669291338583,0.26674015748031493,0.05803937007874016,0.02374015748031496,-2.834645669291339e-4,2026,240000,Minnesota United FC,0.19903356584128315,1,0.23541009560491044,0.25110410198641814,0.10718740157815276,96.94323144104804,-0.044220472442326776,17.467248908296945,0.2845228346545606,96.94323144104804,0.06190866141925748,84.71615720524018,0.025322834646460627,27.94759825327511,-3.023622047338583e-4,34.93449781659389,79.03930131004367,240000,29.906542056074766,32.637362637362635,527437.5,49.1327592539689,FALSE,TRUE,NA,Low,49,51,Small-Sample Watchlist,Wingers and attacking midfielders,1.1.0,2026-07-25 22:12:49 UTC,NA,NA,NA,Performance data through: 2026-07-25 (updates every day) · MLSPA compensation as of: 2026-04-16,FALSE,2026-07-25 22:12:44 UTC
raMyoLlNqd,asa_raMyoLlNqd_mls_blended,Lucas Herrington,lucas herrington,2007-07-05,Australia,CB,NA,18.989733059548257,mls,pzeQZ6xQKw,CB,asa_live,TRUE,NA,mlspa_via_asa,1549,235004,0,NA,FALSE,1,0,blended,2025+2026 season to date,1549,0.180453195610071,0.006594577146546149,0.07485280826339574,0.01269528728211749,0.03168302130406714,0.05371530019367333,9.122014202711424e-4,2026,235004,Colorado Rapids,0.1396251547943452,1,0.16905402181321877,0.18032428993973515,0.0070342156232023785,40.95744680851064,0.07984299548345056,87.23404255319149,0.013541639768015167,40.42553191489362,0.03379522272539438,98.40425531914893,0.05729632020837539,34.04255319148936,9.730148483196253e-4,88.29787234042553,80.31914893617021,235004,29.444444444444443,32.417582417582416,509583.5,50.874704491725765,TRUE,FALSE,90.625,High,22,78,Elite Value,Center backs,1.1.0,2026-07-25 22:12:49 UTC,10,10,43,Performance data through: 2026-07-25 (updates every day) · MLSPA compensation as of: 2026-04-16,FALSE,2026-07-25 22:12:44 UTC
raMyob1lqd,asa_raMyob1lqd_mls_blended,Sydney Wathuta,sydney wathuta,NA,Canada,W,NA,26,mls,pzeQZ6xQKw,W,asa_live,FALSE,NA,NA,0,NA,7,NA,TRUE,0,1,blended,2025+2026 season to date,7,0.28157142857142864,0,-0.072,0.09771428571428573,0.2558571428571429,0,0,2026,NA,Colorado Rapids,0.19903356584128315,1,0.1999854028085171,0.21331776300241775,0,5.895196506550218,-0.07680000000239999,6.986899563318778,0.10422857143182858,67.68558951965065,0.27291428572281434,98.68995633187772,0,8.951965065502183,0,38.646288209606986,53.711790393013104,NA,NA,NA,527437.5,NA,FALSE,FALSE,NA,Insufficient,41,59,Insufficient Evidence,Wingers and attacking midfielders,1.1.0,2026-07-25 22:12:49 UTC,NA,NA,NA,Performance data through: 2026-07-25 (updates every day) · MLSPA compensation as of: 2026-04-16,FALSE,2026-07-25 22:12:44 UTC
raMyr4Ne5d,asa_raMyr4Ne5d_mls_blended,David Brekalo,david brekalo,1998-12-03,Slovenia,CB,NA,27.575633127994525,mls,jYQJ8EW5GR,CB,asa_live,TRUE,NA,mlspa_via_asa,1041,683000,2816,683000,TRUE,0.597932222860425,0.402067777139575,blended,2025+2026 season to date,2173.222860425043,0.15308647802334083,0.020250330433136645,0.020090870744347553,0.026884047340869927,0.016815544064278626,0.07116275586131274,-0.0021170704206046713,2026,683000,Orlando City SC,0.1396251547943452,1,0.15017405650372323,0.1601856602756439,0.021600352462687433,89.8936170212766,0.02143026212797375,14.361702127659575,0.028676317164490723,74.46808510638297,0.017936580335791052,91.48936170212765,0.07590693958777235,50.53191489361702,-0.0022582084487155515,60.1063829787234,62.765957446808514,683000,63.333333333333336,66.04395604395604,509583.5,-0.5673758865248217,TRUE,FALSE,55.208333333333336,High,20.75,79.25,Fair Value,Center backs,1.1.0,2026-07-25 22:12:49 UTC,44,44,192,Performance data through: 2026-07-25 (updates every day) · MLSPA compensation as of: 2026-04-16,FALSE,2026-07-25 22:12:44 UTC
raMyrEDR5d,asa_raMyrEDR5d_mls_blended,Patrickson Delgado,patrickson delgado,2003-10-17,Ecuador,CM,NA,22.704996577686515,mls,mKAqBBmqbg,CM,asa_live,TRUE,NA,mlspa_via_asa,627,286280,1949,286280,TRUE,0.4724943481537302,0.5275056518462697,blended,2025+2026 season to date,1655.1085154483796,0.1602787405130759,0.04056486254810401,-0.010973388088030766,0.056635901625589694,-0.002456574836167024,0.07860641033621864,-0.0020984710726386457,2026,286280,FC Dallas,0.13647524696350208,1,0.15394552149859994,0.16420855627030478,0.04326918671932977,90.33816425120773,-0.011704947294265263,17.8743961352657,0.06041162840251687,86.47342995169082,-0.0026203464919933783,32.85024154589372,0.08384683769458676,81.64251207729468,-0.002238369144217838,43.96135265700483,71.98067632850241,286280,34.183673469387756,35.604395604395606,510300,37.797002859114656,TRUE,FALSE,89.69072164948453,Medium,29.75,70.25,Strong Value,Central and defensive midfielders,1.1.0,2026-07-25 22:12:49 UTC,11,11,46,Performance data through: 2026-07-25 (updates every day) · MLSPA compensation as of: 2026-04-16,FALSE,2026-07-25 22:12:44 UTC
raMyrW2A5d,asa_raMyrW2A5d_mls_blended,Matheus Pereira,matheus pereira,2000-12-21,Brazil,FB,NA,25.52498288843258,mls,kRQabn8MKZ,FB,asa_live,TRUE,NA,mlspa_via_asa,139,650800,0,NA,FALSE,1,0,blended,2025+2026 season to date,139,0.26268345323741005,0.0209136690647482,0.10955395683453235,0.02097841726618705,0.03755395683453238,0.07446043165467625,-7.76978417266187e-4,2026,650800,Toronto FC,0.11482828719990651,1,0.14263866349112841,0.15214790772862494,0.022307913669761866,73.9795918367347,0.1168575539604863,99.48979591836735,0.022376978417965467,44.38775510204081,0.040057553958086335,92.85714285714286,0.07942446043413669,81.12244897959184,-8.287769784431654e-4,52.04081632653061,78.57142857142857,650800,80.74866310160428,63.73626373626374,336500,-2.17723453017571,FALSE,TRUE,NA,Low,49,51,Small-Sample Watchlist,Fullbacks and wingbacks,1.1.0,2026-07-25 22:12:49 UTC,NA,NA,NA,Performance data through: 2026-07-25 (updates every day) · MLSPA compensation as of: 2026-04-16,FALSE,2026-07-25 22:12:44 UTC
raMyrrNJ5d,asa_raMyrrNJ5d_mls_blended,Bode Hidalgo,bode hidalgo,2002-02-22,USA,FB,NA,24.35318275154004,mls,APk5LGOMOW,FB,asa_live,TRUE,NA,mlspa_via_asa,296,320800,1357,320800,TRUE,0.2971887550200803,0.7028112449799198,blended,2025+2026 season to date,1249.714859437751,0.11272102082783957,0.008194522794438476,0.0350614994983619,0.010722061421811048,0.007166348518613883,0.05448883078370964,-0.0029122421890953555,2026,320800,CF Montréal,0.11482828719990651,1,0.11340456392465206,0.12096486819007568,0.008740824314340858,36.224489795918366,0.037398932799421414,76.53061224489795,0.011436865516955852,20.918367346938776,0.007644105086760353,60.204081632653065,0.058121419504439914,53.06122448979592,-0.003106391668465454,40.30612244897959,47.95918367346939,320800,46.524064171122994,37.8021978021978,336500,1.4351195023463958,FALSE,TRUE,NA,Low,41,59,Small-Sample Watchlist,Fullbacks and wingbacks,1.1.0,2026-07-25 22:12:49 UTC,NA,NA,NA,Performance data through: 2026-07-25 (updates every day) · MLSPA compensation as of: 2026-04-16,FALSE,2026-07-25 22:12:44 UTC
raMyrwkR5d,asa_raMyrwkR5d_mls_blended,Boris Enow,boris enow,2000-03-30,Cameroon,CM,NA,25.253935660506503,mls,EKXMeX3Q64,CM,asa_live,TRUE,NA,mlspa_via_asa,0,NA,1838,613900,TRUE,0,1,blended,2025+2026 season to date,1838,0.07877203482045703,0.00749183895538628,0.00797660500544069,0.00813329706202394,0.00154243743199129,0.05990533188248096,-0.00627747551686615,2026,613900,D.C. United,0.13647524696350208,1,0.09297298940857313,0.0991711887055771,0.007991294885995093,25.120772946859905,0.008508378672735958,41.06280193236715,0.008675516866429978,16.42512077294686,0.0016452665941754571,44.927536231884055,0.0638990206766432,56.52173913043478,-0.006695973884866476,25.120772946859905,8.21256038647343,613900,57.6530612244898,60.989010989010985,510300,-49.44050083801637,FALSE,FALSE,NA,Low,41,59,Insufficient Evidence,Central and defensive midfielders,1.1.0,2026-07-25 22:12:49 UTC,NA,NA,NA,Performance data through: 2026-07-25 (updates every day) · MLSPA compensation as of: 2026-04-16,FALSE,2026-07-25 22:12:44 UTC
raMyyJaAMd,asa_raMyyJaAMd_mls_blended,Paul Marie,paul marie,1995-03-24,France,W,NA,31.27173169062286,mls,0KPqjA456v,W,asa_live,TRUE,NA,mlspa_via_asa,322,382500,114,382500,TRUE,0.3150684931506849,0.6849315068493151,blended,2025+2026 season to date,400.0821917808219,0.34451287465238434,0.0649452569780616,0.017593212483262947,0.1877825728705325,0.020266453805747243,0.027368936038726956,0.02655644247605315,2026,382500,San Jose Earthquakes,0.19903356584128315,1,0.25723246309818015,0.2743812939799666,0.06927494077876388,80.349344978165945,0.018766093316066917,71.17903930131004,0.20030141106816074,93.01310043668123,0.02161755072680594,56.76855895196506,0.029193531775554383,32.314410480349345,0.028326871975341908,93.01310043668123,87.77292576419214,382500,39.25233644859813,42.857142857142854,527437.5,48.52058931559401,FALSE,TRUE,NA,Low,41,59,Small-Sample Watchlist,Wingers and attacking midfielders,1.1.0,2026-07-25 22:12:49 UTC,NA,NA,NA,Performance data through: 2026-07-25 (updates every day) · MLSPA compensation as of: 2026-04-16,FALSE,2026-07-25 22:12:44 UTC
vzqo70PBqa,asa_vzqo70PBqa_mls_blended,Amar Sejdić,amar sejdic,1996-11-29,USA,CM,NA,29.58521560574949,mls,mvzqoLZQap,CM,asa_live,TRUE,NA,mlspa_via_asa,228,214550,426,214550,TRUE,0.24568965517241378,0.7543103448275862,blended,2025+2026 season to date,549.3362068965517,0.12067350655658085,0.02492115407965031,0.03010800145701796,0.01363345373967945,0.006795440747935886,0.0463385897280233,-0.0011231331957260744,2026,214550,Columbus Crew,0.13647524696350208,1,0.1289226543579483,0.13751749798610896,0.026582564352457705,74.8792270531401,0.03211520155515609,67.14975845410628,0.014542350656112528,28.985507246376812,0.007248470131358126,58.93719806763285,0.04942782904476947,30.434782608695652,-0.0011980087421452504,49.27536231884058,40.57971014492754,214550,30.102040816326532,30.65934065934066,510300,10.477669328601007,FALSE,TRUE,NA,Low,41,59,Small-Sample Watchlist,Central and defensive midfielders,1.1.0,2026-07-25 22:12:49 UTC,NA,NA,NA,Performance data through: 2026-07-25 (updates every day) · MLSPA compensation as of: 2026-04-16,FALSE,2026-07-25 22:12:44 UTC
vzqo78BJqa,asa_vzqo78BJqa_mls_blended,Omir Fernández,omir fernandez,1999-02-08,USA,W,NA,26.392881587953458,mls,WBLMvYAQxe,W,asa_live,TRUE,NA,mlspa_via_asa,0,NA,832,661875,TRUE,0,1,blended,2025+2026 season to date,832,0.2586201923076923,0.04024038461538461,-0.00925961538461538,0.1235985576923077,0.03649759615384615,0.0714375,-0.00389423076923076,2026,661875,Portland Timbers FC,0.19903356584128315,1,0.23365372870444823,0.2492306439591999,0.04292307692441826,46.2882096069869,-0.009876923077231725,45.414847161572055,0.1318384615425815,79.91266375545851,0.038930769231985816,71.61572052401746,0.07620000000238125,93.01310043668123,-0.004153846153975952,16.593886462882097,77.29257641921397,661875,60.74766355140187,64.72527472527473,527437.5,16.5449128678121,FALSE,FALSE,NA,Low,41,59,Insufficient Evidence,Wingers and attacking midfielders,1.1.0,2026-07-25 22:12:49 UTC,NA,NA,NA,Performance data through: 2026-07-25 (updates every day) · MLSPA compensation as of: 2026-04-16,FALSE,2026-07-25 22:12:44 UTC
vzqo7Azvqa,asa_vzqo7Azvqa_mls_blended,Emir Karic,emir karic,1997-06-09,Austria,FB,NA,29.05954825462012,mls,Z2vQ1xlqrA,FB,asa_live,FALSE,NA,NA,136,NA,0,NA,FALSE,1,0,blended,2025+2026 season to date,136,0.1134264705882353,0,0.02395588235294118,0.01402941176470588,-0.01363235294117647,0.0907279411764706,-0.00165441176470588,2026,NA,Sporting Kansas City,0.11482828719990651,1,0.114569255869489,0.12220720626460724,0,6.377551020408164,0.025552941177269122,60.96938775510204,0.014964705882820586,29.591836734693878,-0.014541176471042647,17.857142857142858,0.09677647059125956,89.79591836734694,-0.0017647058824080857,44.38775510204081,48.97959183673469,NA,NA,NA,336500,NA,FALSE,FALSE,NA,Insufficient,49,51,Insufficient Evidence,Fullbacks and wingbacks,1.1.0,2026-07-25 22:12:49 UTC,NA,NA,NA,Performance data through: 2026-07-25 (updates every day) · MLSPA compensation as of: 2026-04-16,FALSE,2026-07-25 22:12:44 UTC
vzqo7EpLqa,asa_vzqo7EpLqa_mls_blended,Anthony Markanich,anthony markanich,1999-12-26,USA,FB,NA,26.51334702258727,mls,kRQand1MKZ,FB,asa_live,TRUE,NA,mlspa_via_asa,1426,395700,2433,395700,TRUE,0.6707431796801505,0.3292568203198495,blended,2025+2026 season to date,2227.081843838194,0.22388955773913027,0.0382947802615263,-0.01472269349130546,0.10441380686306466,0.006013562921865732,0.07076244732296863,0.01912765386101035,2026,395700,Minnesota United FC,0.11482828719990651,1,0.20074315946058102,0.21412603676464453,0.040847765613571216,90.3061224489796,-0.015704206391216582,17.857142857142858,0.11137472732408277,94.89795918367346,0.006414467116857233,56.63265306122449,0.07547994381352528,77.55102040816327,0.020402830785715295,97.95918367346938,98.9795918367347,395700,57.219251336898395,44.065934065934066,336500,41.7603404998363,TRUE,FALSE,91.25,High,20.75,79.25,Elite Value,Fullbacks and wingbacks,1.1.0,2026-07-25 22:12:49 UTC,8,8,40,Performance data through: 2026-07-25 (updates every day) · MLSPA compensation as of: 2026-04-16,FALSE,2026-07-25 22:12:44 UTC
vzqo7XWpqa,asa_vzqo7XWpqa_mls_blended,Jackson Ragen,jackson ragen,1998-09-24,USA,CB,NA,27.76728268309377,mls,jYQJ19EqGR,CB,asa_live,TRUE,NA,mlspa_via_asa,1394,635000,2478,635000,TRUE,0.6657115568290354,0.3342884431709646,blended,2025+2026 season to date,2222.3667621776503,0.27375161478315774,0.010874411150502646,0.11341739109319607,0.02861104365985139,0.013800422514690885,0.11017925307173038,-0.0031309067068136507,2026,635000,Seattle Sounders FC,0.1396251547943452,1,0.24523800093546813,0.2615872010060073,0.011599371894231969,67.55319148936171,0.12097855050318972,98.93617021276596,0.03051844657146185,76.06382978723404,0.014720450682796957,85.63829787234043,0.11752453661351837,82.44680851063829,-0.003339633820705591,53.723404255319146,100,635000,58.888888888888886,62.967032967032964,509583.5,41.111111111111114,TRUE,FALSE,85.41666666666667,High,20.75,79.25,Strong Value,Center backs,1.1.0,2026-07-25 22:12:49 UTC,15,15,65,Performance data through: 2026-07-25 (updates every day) · MLSPA compensation as of: 2026-04-16,FALSE,2026-07-25 22:12:44 UTC
vzqo7YOpqa,asa_vzqo7YOpqa_mls_blended,Cengiz Ünder,cengiz under,1997-07-14,Turkey,W,NA,27.964407939767284,mls,eVq3ya6MWO,W,asa_live,TRUE,NA,mlspa_via_asa,0,NA,528,1663889.4,TRUE,0,1,blended,2025+2026 season to date,528,0.2597556818181818,0.07032954545454545,0.00124431818181818,0.04639772727272728,0.07762500000000001,0.04813636363636363,0.01602272727272727,2026,1663889.4,Los Angeles FC,0.19903356584128315,1,0.22745668395812935,0.2426204628962532,0.07501818182052614,86.46288209606988,0.0013272727273142026,56.76855895196506,0.04949090909245569,17.903930131004365,0.08280000000258751,88.20960698689956,0.051345454547059084,72.0524017467249,0.017090909091443177,85.58951965065502,74.67248908296943,1663889.4,83.17757009345794,91.20879120879121,527437.5,-8.50508101048851,FALSE,FALSE,NA,Low,41,59,Insufficient Evidence,Wingers and attacking midfielders,1.1.0,2026-07-25 22:12:49 UTC,NA,NA,NA,Performance data through: 2026-07-25 (updates every day) · MLSPA compensation as of: 2026-04-16,FALSE,2026-07-25 22:12:44 UTC
vzqo7jLvqa,asa_vzqo7jLvqa_mls_blended,Nouhou,nouhou,1997-06-23,Cameroon,FB,NA,29.021218343600275,mls,jYQJ19EqGR,FB,asa_live,TRUE,NA,mlspa_via_asa,1479,835000,2760,835000,TRUE,0.6787517209729234,0.32124827902707664,blended,2025+2026 season to date,2365.6452501147314,0.16764583873735456,0.005919159167547933,0.03558142945507512,0.006736097531775639,0.005456082766326792,0.1149628170082008,-0.001009747191571722,2026,835000,Seattle Sounders FC,0.11482828719990651,1,0.15695995817856456,0.16742395539570087,0.0063137697789151,28.571428571428573,0.037953524753266174,77.55102040816327,0.007185170700785218,12.244897959183673,0.005819821617597114,54.59183673469388,0.12262700481257961,93.87755102040816,-0.0010770636710434951,48.46938775510204,87.24489795918367,835000,90.37433155080214,76.26373626373626,336500,-3.129433591618465,TRUE,FALSE,58.75,High,20.75,79.25,Fair Value,Fullbacks and wingbacks,1.1.0,2026-07-25 22:12:49 UTC,34,34,178,Performance data through: 2026-07-25 (updates every day) · MLSPA compensation as of: 2026-04-16,FALSE,2026-07-25 22:12:44 UTC
vzqo7joZqa,asa_vzqo7joZqa_mls_blended,Teenage Hadebe,teenage hadebe,1995-09-17,Zimbabwe,CB,NA,30.78713210130048,mls,NWMWlBK5lz,CB,asa_live,TRUE,NA,mlspa_via_asa,335,1230000,1485,1230000,TRUE,0.32367149758454106,0.6763285024154589,blended,2025+2026 season to date,1339.3478260869565,0.2062750109793588,0.007784365393061039,0.050191948470209344,0.017716732542819497,-0.007209837505489675,0.1483973063973064,-0.010605504318547794,2026,1230000,FC Cincinnati,0.1396251547943452,1,0.18565472142990946,0.19803170286475857,0.008303323086191253,48.93617021276596,0.053538078369896366,56.38297872340426,0.01889784804626469,57.97872340425532,-0.007690493339429314,20.74468085106383,0.15829046016207338,93.61702127659575,-0.01131253794013783,28.19148936170213,88.82978723404256,1230000,91.66666666666667,86.48351648351648,509583.5,-2.836879432624116,FALSE,TRUE,NA,Low,41,59,Small-Sample Watchlist,Center backs,1.1.0,2026-07-25 22:12:49 UTC,NA,NA,NA,Performance data through: 2026-07-25 (updates every day) · MLSPA compensation as of: 2026-04-16,FALSE,2026-07-25 22:12:44 UTC
vzqo7mXJqa,asa_vzqo7mXJqa_mls_blended,Iván Angulo,ivan angulo,1999-03-22,Colombia,FB,NA,27.277207392197127,mls,jYQJ8EW5GR,FB,asa_live,TRUE,NA,mlspa_via_asa,1552,582656,2578,582656,TRUE,0.6891651865008881,0.3108348134991119,blended,2025+2026 season to date,2353.332149200711,0.16655427913744802,0.02224458080189387,0.03419966391394874,0.04883514800050158,0.02025836184575868,0.04013356078968509,8.829637856600511e-4,2026,582656,Orlando City SC,0.11482828719990651,1,0.15604560839043286,0.16644864895499656,0.023727552856094947,77.04081632653062,0.03647964150935198,74.48979591836735,0.05209082453549619,79.08163265306122,0.021608919302817872,83.16326530612245,0.04280913151033521,32.142857142857146,9.418280380668199e-4,68.36734693877551,86.73469387755102,582656,75.93582887700535,59.23076923076923,336500,10.798865000545675,TRUE,FALSE,76.25,High,14,86,Undervalued,Fullbacks and wingbacks,1.1.0,2026-07-25 22:12:49 UTC,20,20,104,Performance data through: 2026-07-25 (updates every day) · MLSPA compensation as of: 2026-04-16,FALSE,2026-07-25 22:12:44 UTC
vzqo7o4kqa,asa_vzqo7o4kqa_mls_blended,Milan Iloski,milan iloski,1999-07-29,USA,FW,NA,26.924024640657084,mls,9z5k7Yg5A3,FW,asa_live,TRUE,NA,mlspa_via_asa,1418,628194,1523,628194,TRUE,0.6694995278564684,0.3305004721435316,blended,2025+2026 season to date,1921.3522190745987,0.31276774072344915,0.087853664026011,0.0019349148746603114,0.1443205718175883,0.02338635539294556,0.026030059391502155,0.02924217522074183,2026,628194,Philadelphia Union,0.21844855740004673,1,0.2903228361337953,0.30967769188572575,0.09371057496400685,84.39716312056737,0.002063909199702163,87.94326241134752,0.15394194327690489,35.46099290780142,0.02494544575325481,87.94326241134752,0.027765396685136633,48.226950354609926,0.031191653569766022,91.48936170212765,89.36170212765957,628194,56.390977443609025,62.417582417582416,540000,32.970724684050545,TRUE,FALSE,91.2280701754386,High,20.75,79.25,Elite Value,Strikers,1.1.0,2026-07-25 22:12:49 UTC,6,6,41,Performance data through: 2026-07-25 (updates every day) · MLSPA compensation as of: 2026-04-16,FALSE,2026-07-25 22:12:44 UTC
vzqo7zWLqa,asa_vzqo7zWLqa_mls_blended,Hugo Cuypers,hugo cuypers,1997-02-07,Belgium,FW,NA,29.39356605065024,mls,X0Oq66zq6D,FW,asa_live,TRUE,NA,mlspa_via_asa,1135,3528044,3425,3528044,TRUE,0.6185286103542235,0.38147138964577654,blended,2025+2026 season to date,2441.539509536785,0.3898196264842181,0.09258542134887328,-0.03936049642992104,0.251296417987629,-0.015629702261381488,0.07531506593209888,0.025612919906919385,2026,3528044,Chicago Fire FC,0.21844855740004673,1,0.3560135091781298,0.37974774313520554,0.09875778277521767,89.36170212765957,-0.04198452952656112,53.191489361702125,0.2680495125285141,81.56028368794327,-0.016671682412661246,59.57446808510638,0.08033607033008265,97.16312056737588,0.027320447901567773,88.65248226950355,98.58156028368795,3528044,88.7218045112782,95.93406593406593,540000,9.859755772409756,TRUE,FALSE,75.43859649122807,High,20.75,79.25,Undervalued,Strikers,1.1.0,2026-07-25 22:12:49 UTC,15,15,106,Performance data through: 2026-07-25 (updates every day) · MLSPA compensation as of: 2026-04-16,FALSE,2026-07-25 22:12:44 UTC
vzqo7zdZqa,asa_vzqo7zdZqa_mls_blended,Oliver Larraz,oliver larraz,2001-09-16,USA,CM,NA,24.78850102669405,mls,lgpMOvnQzy,CM,asa_live,TRUE,NA,mlspa_via_asa,347,496667,2458,496667,TRUE,0.3314231136580707,0.6685768863419292,blended,2025+2026 season to date,1990.361986628462,0.14364892835743645,0.018195665402253557,0.02727751264218818,0.020814777080161613,0.005211372257362073,0.06849818031758761,0.0036514206578833817,2026,496667,Vancouver Whitecaps FC,0.13647524696350208,1,0.14198730389777442,0.15145312416235895,0.019408709763010314,61.35265700483092,0.029096013485909976,62.31884057971015,0.022202428886199548,47.82608695652174,0.005558797074693257,51.690821256038646,0.07306472567437673,72.46376811594203,0.0038948487018639877,81.64251207729468,60.38647342995169,496667,49.48979591836735,52.08791208791209,510300,10.896677511584343,FALSE,TRUE,NA,Low,41,59,Small-Sample Watchlist,Central and defensive midfielders,1.1.0,2026-07-25 22:12:49 UTC,NA,NA,NA,Performance data through: 2026-07-25 (updates every day) · MLSPA compensation as of: 2026-04-16,FALSE,2026-07-25 22:12:44 UTC
vzqoG6aLqa,asa_vzqoG6aLqa_mls_blended,Juan Manuel Sanabria,juan manuel sanabria,2000-03-29,Uruguay,FB,NA,26.255989048596852,mls,a2lqR4JMr0,FB,asa_live,TRUE,NA,mlspa_via_asa,1124,500000,0,NA,FALSE,1,0,blended,2025+2026 season to date,1124,0.08757384341637012,0.02005782918149466,0.030250889679715297,0.02466192170818505,-0.01593416370106761,0.02940213523131673,-8.647686832740215e-4,2026,500000,Real Salt Lake,0.11482828719990651,1,0.09705914867746167,0.10352975859252775,0.021395017794262897,70.40816326530613,0.03226761565937135,71.93877551020408,0.026306049822886115,53.57142857142857,-0.016996441281669925,15.306122448979592,0.03136227758105125,23.979591836734695,-9.224199288544485e-4,50.51020408163265,26.020408163265305,500000,67.9144385026738,52.472527472527474,336500,-41.8940303394085,TRUE,FALSE,13.75,Medium,28.75,71.25,Below Expected Value by Current Model,Fullbacks and wingbacks,1.1.0,2026-07-25 22:12:49 UTC,70,70,368,Performance data through: 2026-07-25 (updates every day) · MLSPA compensation as of: 2026-04-16,FALSE,2026-07-25 22:12:44 UTC
vzqoJ3pj5a,asa_vzqoJ3pj5a_mls_blended,Julian Hall,julian hall,2008-03-24,USA,FW,NA,18.269678302532512,mls,a2lqRX2Mr0,FW,asa_live,TRUE,NA,mlspa_via_asa,1522,257241,829,257241,TRUE,0.684968496849685,0.31503150315031503,blended,2025+2026 season to date,1783.1611161116111,0.2254692606775756,0.06060219441727044,-0.0523405993796002,0.19450056242053637,-0.0040450207867590085,0.01550478437469802,0.01124733963142997,2026,257241,New York Red Bulls,0.21844855740004673,1,0.22370168317807765,0.23861512873073953,0.06464234071377521,53.191489361702125,-0.05582997267331823,37.5886524822695,0.20746726658838882,58.86524822695036,-0.0043146888393444435,65.95744680851064,0.01653843666686138,22.69503546099291,0.011997162273900212,71.63120567375887,56.02836879432624,257241,35.338345864661655,33.40659340659341,540000,20.690022929664586,TRUE,FALSE,84.21052631578948,High,14,86,Undervalued,Strikers,1.1.0,2026-07-25 22:12:49 UTC,10,10,70,Performance data through: 2026-07-25 (updates every day) · MLSPA compensation as of: 2026-04-16,FALSE,2026-07-25 22:12:44 UTC
vzqoJLyY5a,asa_vzqoJLyY5a_mls_blended,Tarik Scott,tarik scott,2005-04-23,USA,W,NA,20.188911704312115,mls,mKAqBBmqbg,W,asa_live,TRUE,NA,mlspa_via_asa,0,NA,63,155942,TRUE,0,1,blended,2025+2026 season to date,63,0.2297142857142857,0.00942857142857142,-0.03414285714285715,0.24514285714285716,0.02057142857142857,-0.00585714285714285,-0.00542857142857142,2026,155942,FC Dallas,0.19903356584128315,1,0.20194892836315217,0.2154121902607606,0.010057142857457133,14.410480349344978,-0.03641904762018572,22.707423580786028,0.26148571429388573,96.06986899563319,0.021942857143542854,57.20524017467249,-0.006247619047814278,5.240174672489083,-0.0057904761906571334,12.663755458515285,56.76855895196506,155942,24.299065420560748,26.043956043956044,527437.5,32.46949353140431,FALSE,FALSE,NA,Low,41,59,Insufficient Evidence,Wingers and attacking midfielders,1.1.0,2026-07-25 22:12:49 UTC,NA,NA,NA,Performance data through: 2026-07-25 (updates every day) · MLSPA compensation as of: 2026-04-16,FALSE,2026-07-25 22:12:44 UTC
vzqoJNWB5a,asa_vzqoJNWB5a_mls_blended,Enes Sali,enes sali,2006-02-23,Romania,W,NA,19.351129363449697,mls,mKAqBBmqbg,W,asa_live,TRUE,NA,mlspa_via_asa,0,NA,17,370000,TRUE,0,1,blended,2025+2026 season to date,17,0.04023529411764706,0,0.08205882352941177,0.01376470588235294,-0.009,-0.04288235294117647,-0.00370588235294117,2026,370000,FC Dallas,0.19903356584128315,1,0.19465824879217164,0.207635465384805,0,5.895196506550218,0.08752941176744118,95.19650655021834,0.014682352941635292,4.366812227074236,-0.009600000000299999,24.890829694323145,-0.04574117647201764,2.183406113537118,-0.003952941176594111,17.03056768558952,45.851528384279476,370000,37.850467289719624,42.1978021978022,527437.5,8.001061094559851,FALSE,FALSE,NA,Low,41,59,Insufficient Evidence,Wingers and attacking midfielders,1.1.0,2026-07-25 22:12:49 UTC,NA,NA,NA,Performance data through: 2026-07-25 (updates every day) · MLSPA compensation as of: 2026-04-16,FALSE,2026-07-25 22:12:44 UTC
vzqoJNzk5a,asa_vzqoJNzk5a_mls_blended,Aiden Harangi,aiden harangi,2006-02-08,USA,FB,NA,19.392197125256672,mls,zeQZBOzQKw,FB,asa_live,TRUE,NA,mlspa_via_asa,0,NA,369,80622,TRUE,0,1,blended,2025+2026 season to date,369,0.12446341463414634,0.00663414634146341,-0.00870731707317073,0.05797560975609755,0.01302439024390243,0.060853658536585364,-0.0053170731707317,2026,80622,San Diego FC,0.11482828719990651,1,0.11849739145505048,0.12639721755600375,0.007076422764448776,30.102040816326532,-0.009287804878339023,21.93877551020408,0.06184065040843657,85.20408163265306,0.013892682927263405,72.95918367346938,0.06491056910771952,64.79591836734694,-0.005671544715624382,30.102040816326532,54.59183673469388,80622,1.0695187165775402,1.043956043956044,336500,53.52231801811634,FALSE,FALSE,NA,Low,41,59,Insufficient Evidence,Fullbacks and wingbacks,1.1.0,2026-07-25 22:12:49 UTC,NA,NA,NA,Performance data through: 2026-07-25 (updates every day) · MLSPA compensation as of: 2026-04-16,FALSE,2026-07-25 22:12:44 UTC
vzqoJzL75a,asa_vzqoJzL75a_mls_blended,Nicholas Markanich,nicholas markanich,1999-12-26,USA,FW,NA,26.51334702258727,mls,YgOMngl5wN,FW,asa_live,TRUE,NA,mlspa_via_asa,120,202778,0,NA,FALSE,1,0,blended,2025+2026 season to date,120,0.361425,0.06967499999999999,-0.025875,0.294975,-0.01095,0.03705,-0.00345,2026,202778,Houston Dynamo FC,0.21844855740004673,1,0.24227796450003894,0.2584298288081175,0.07432000000232249,66.66666666666667,-0.027600000000862497,70.2127659574468,0.3146400000098325,92.19858156028369,-0.011680000000364999,62.4113475177305,0.039520000001235,73.75886524822695,-0.0036800000001149997,15.602836879432624,69.50354609929079,202778,32.330827067669176,29.89010989010989,540000,37.17271903162161,FALSE,TRUE,NA,Low,49,51,Small-Sample Watchlist,Strikers,1.1.0,2026-07-25 22:12:49 UTC,NA,NA,NA,Performance data through: 2026-07-25 (updates every day) · MLSPA compensation as of: 2026-04-16,FALSE,2026-07-25 22:12:44 UTC
vzqoOO2Zqa,asa_vzqoOO2Zqa_mls_blended,Hamady Diop,hamady diop,2002-06-06,Senegal,FB,NA,23.069130732375086,mls,zeQZBOzQKw,FB,asa_live,TRUE,NA,mlspa_via_asa,0,NA,239,122500,TRUE,0,1,blended,2025+2026 season to date,239,0.21596234309623433,0.01012970711297071,0.08710041841004185,0.00372803347280334,0.01946861924686192,0.10468619246861928,-0.00915062761506276,2026,122500,San Diego FC,0.11482828719990651,1,0.14363763089385448,0.1532134729582327,0.010805020920839748,42.857142857142854,0.09290711297361465,97.44897959183673,0.003976569037781164,7.142857142857143,0.020766527197301668,81.12244897959184,0.11166527197001677,92.34693877551021,-0.009760669456371966,19.897959183673468,80.61224489795919,122500,27.272727272727273,21.428571428571427,336500,53.33951762523191,FALSE,FALSE,NA,Low,41,59,Insufficient Evidence,Fullbacks and wingbacks,1.1.0,2026-07-25 22:12:49 UTC,NA,NA,NA,Performance data through: 2026-07-25 (updates every day) · MLSPA compensation as of: 2026-04-16,FALSE,2026-07-25 22:12:44 UTC
vzqod7xBQa,asa_vzqod7xBQa_mls_blended,Shapi Suleymanov,shapi suleymanov,1999-12-16,Russia,W,NA,26.54072553045859,mls,Z2vQ1xlqrA,W,asa_live,TRUE,NA,mlspa_via_asa,817,1065028,2210,1065028,TRUE,0.5385629531970996,0.46143704680290043,blended,2025+2026 season to date,1836.77587343441,0.12667977104132053,0.038507893944048896,-0.028497364708268583,0.042033457914376134,0.036600309613222096,0.02965277682494325,0.00838269745299874,2026,1065028,Sporting Kansas City,0.19903356584128315,1,0.14449522848788166,0.1541282437252236,0.04107508687493575,43.23144104803494,-0.030397189023103066,26.637554585152838,0.04483568844340233,13.537117903930131,0.03904033025532358,72.0524017467249,0.031629628614261225,36.68122270742358,0.008941543950144747,73.79912663755458,8.733624454148472,1065028,73.83177570093459,83.62637362637362,527437.5,-65.09815124678612,TRUE,FALSE,3.225806451612903,Medium,29.75,70.25,Below Expected Value by Current Model,Wingers and attacking midfielders,1.1.0,2026-07-25 22:12:49 UTC,91,91,412,Performance data through: 2026-07-25 (updates every day) · MLSPA compensation as of: 2026-04-16,FALSE,2026-07-25 22:12:44 UTC
vzqodDnvQa,asa_vzqodDnvQa_mls_blended,Rida Zouhir,rida zouhir,2003-11-23,Canada,W,NA,21.60438056125941,mls,EKXMeX3Q64,W,asa_live,TRUE,NA,mlspa_via_asa,0,NA,412,95362,TRUE,0,1,blended,2025+2026 season to date,412,0.0960509708737864,0.03272330097087379,-0.012451456310679608,0.03628398058252427,-0.01588106796116505,0.05535436893203883,2.184466019417476e-5,2026,95362,D.C. United,0.19903356584128315,1,0.15710784536044456,0.16758170172304446,0.03490485437002282,36.24454148471616,-0.013281553398473298,41.48471615720524,0.03870291262256869,11.353711790393014,-0.01693980582577209,20.96069868995633,0.059044660196019894,82.53275109170306,2.3300970874514566e-5,41.92139737991266,14.410480349344978,95362,10.74766355140187,9.67032967032967,527437.5,3.6628167979431083,FALSE,FALSE,NA,Low,41,59,Insufficient Evidence,Wingers and attacking midfielders,1.1.0,2026-07-25 22:12:49 UTC,NA,NA,NA,Performance data through: 2026-07-25 (updates every day) · MLSPA compensation as of: 2026-04-16,FALSE,2026-07-25 22:12:44 UTC
vzqodKdZQa,asa_vzqodKdZQa_mls_blended,Capita,capita,2002-01-10,Angola,W,NA,24.470910335386723,mls,Z2vQ1xlqrA,W,asa_live,TRUE,NA,mlspa_via_asa,734,658720,0,NA,FALSE,1,0,blended,2025+2026 season to date,734,0.10926294277929156,0.02901089918256131,-0.01725204359673024,0.06982970027247956,-0.0263133514986376,0.05206267029972752,0.001925068119891,2026,658720,Sporting Kansas City,0.19903356584128315,1,0.14963953486114684,0.15961550385687795,0.030944959129032428,30.131004366812228,-0.018402179837087324,37.11790393013101,0.07448501362630586,40.17467248908297,-0.028067574932757217,15.720524017467248,0.05553351498811144,78.16593886462883,0.002053405994614569,53.275109170305676,10.480349344978166,658720,60.2803738317757,64.50549450549451,527437.5,-49.80002448679753,TRUE,FALSE,12.903225806451612,Low,37.75,62.25,Below Expected Value by Current Model,Wingers and attacking midfielders,1.1.0,2026-07-25 22:12:49 UTC,82,82,371,Performance data through: 2026-07-25 (updates every day) · MLSPA compensation as of: 2026-04-16,FALSE,2026-07-25 22:12:44 UTC
vzqodVa7Qa,asa_vzqodVa7Qa_mls_blended,Hamzat Ojediran,hamzat ojediran,2003-11-14,Nigeria,CM,NA,22.628336755646817,mls,pzeQZ6xQKw,CM,asa_live,TRUE,NA,mlspa_via_asa,1165,881667,0,NA,FALSE,1,0,blended,2025+2026 season to date,1165,0.08431416309012875,0.02209442060085836,-0.00744721030042918,0.0170420600858369,-0.00950214592274678,0.06581974248927037,-0.00369270386266094,2026,881667,Colorado Rapids,0.13647524696350208,1,0.10204597630487322,0.1088490413952663,0.023567381974985396,71.4975845410628,-0.007943690987372699,21.256038647342994,0.018178197425460764,38.16425120772947,-0.010135622317913304,17.391304347826086,0.07020772532408238,67.6328502415459,-0.0039388841202947595,34.78260869565217,13.526570048309178,881667,81.63265306122449,78.13186813186813,510300,-68.1060830129153,TRUE,FALSE,7.216494845360825,Medium,28.75,71.25,Below Expected Value by Current Model,Central and defensive midfielders,1.1.0,2026-07-25 22:12:49 UTC,91,91,396,Performance data through: 2026-07-25 (updates every day) · MLSPA compensation as of: 2026-04-16,FALSE,2026-07-25 22:12:44 UTC
vzqodWY7Qa,asa_vzqodWY7Qa_mls_blended,Alejandro Alvarado Jr.,alejandro alvarado jr,2003-07-29,USA,CM,NA,22.924024640657084,mls,zeQZBOzQKw,CM,asa_live,TRUE,NA,mlspa_via_asa,132,95547,566,95547,TRUE,0.15865384615384615,0.8413461538461539,blended,2025+2026 season to date,608.2019230769231,0.12635035845338405,0.017377871024734978,0.006162425251427016,0.03176076209567817,-0.017204067851318297,0.06289484659554227,0.025358521337319924,2026,95547,San Diego FC,0.13647524696350208,1,0.13137843611990507,0.140136998532278,0.018536395760296573,57.971014492753625,0.006573253601727565,35.7487922705314,0.03387814623644874,63.768115942028984,-0.01835100570864632,11.594202898550725,0.06708783637067492,59.90338164251208,0.02704908942731987,98.55072463768116,44.44444444444444,95547,9.183673469387756,9.89010989010989,510300,35.26077097505669,FALSE,TRUE,NA,Low,41,59,Small-Sample Watchlist,Central and defensive midfielders,1.1.0,2026-07-25 22:12:49 UTC,NA,NA,NA,Performance data through: 2026-07-25 (updates every day) · MLSPA compensation as of: 2026-04-16,FALSE,2026-07-25 22:12:44 UTC
vzqodXdjQa,asa_vzqodXdjQa_mls_blended,Jamar Ricketts,jamar ricketts,2001-10-24,USA,FB,NA,24.684462696783022,mls,0KPqjA456v,FB,asa_live,TRUE,NA,mlspa_via_asa,1026,114987,1029,114987,TRUE,0.5944380069524913,0.40556199304750873,blended,2025+2026 season to date,1443.3232908458865,0.1923591884030553,0.018219783857923236,0.03426081301582046,0.041723567526663036,0.02519628963984203,0.05933898124719181,0.013619753115614723,2026,114987,San Jose Earthquakes,0.11482828719990651,1,0.16959306963453102,0.1808992742824862,0.019434436115725442,67.34693877551021,0.03654486721801718,75,0.044505138696498026,74.48979591836735,0.026876042283338043,87.24489795918367,0.06329491333231589,60.204081632653065,0.014527736657109696,95.91836734693878,92.34693877551021,114987,21.390374331550802,18.24175824175824,336500,70.95656444395941,TRUE,FALSE,97.5,High,20.75,79.25,Elite Value,Fullbacks and wingbacks,1.1.0,2026-07-25 22:12:49 UTC,3,3,14,Performance data through: 2026-07-25 (updates every day) · MLSPA compensation as of: 2026-04-16,FALSE,2026-07-25 22:12:44 UTC
vzqoddNJQa,asa_vzqoddNJQa_mls_blended,Garrison Tubbs,garrison tubbs,2002-02-17,USA,CB,NA,23.367556468172484,mls,EKXMeX3Q64,CB,asa_live,TRUE,NA,mlspa_via_asa,0,NA,626,104000,TRUE,0,1,blended,2025+2026 season to date,626,0.07556549520766774,0,0.01706549520766773,1.8690095846645363e-4,-0.00432747603833865,0.06491214057507987,-0.00227156549520766,2026,104000,D.C. United,0.1396251547943452,1,0.10691606270522605,0.11404380022247165,0,7.180851063829787,0.018203194888747762,11.170212765957446,1.9936102237044724e-4,7.9787234042553195,-0.00461597444103881,23.404255319148938,0.06923961661558226,43.08510638297872,-0.0024230031949638896,58.51063829787234,14.361702127659575,104000,10.277777777777779,12.967032967032967,509583.5,4.083924349881796,FALSE,FALSE,NA,Low,41,59,Insufficient Evidence,Center backs,1.1.0,2026-07-25 22:12:49 UTC,NA,NA,NA,Performance data through: 2026-07-25 (updates every day) · MLSPA compensation as of: 2026-04-16,FALSE,2026-07-25 22:12:44 UTC
vzqoddvZQa,asa_vzqoddvZQa_mls_blended,Dante Sealy,dante sealy,2003-04-17,USA,W,NA,23.20602327173169,mls,pzeQZ6xQKw,W,asa_live,TRUE,NA,mlspa_via_asa,969,168022,2689,168022,TRUE,0.5805871779508688,0.4194128220491312,blended,2025+2026 season to date,2096.801078490114,0.1978246841925952,0.04713022853910067,0.02532213970727333,0.08222564044402544,0.01680980855140475,0.02339347932604283,0.0029433876247481837,2026,168022,Colorado Rapids,0.19903356584128315,1,0.19809364321778916,0.21129988610557823,0.05027224377661172,54.148471615720524,0.027010282355268957,78.16593886462883,0.08770734980970132,52.40174672489083,0.017930462455392062,52.40174672489083,0.02495304461522547,27.074235807860262,0.0031396134664961758,56.33187772925764,51.52838427947598,168022,26.635514018691588,27.36263736263736,527437.5,24.89287026078439,TRUE,FALSE,88.17204301075269,High,20.75,79.25,Fair Value,Wingers and attacking midfielders,1.1.0,2026-07-25 22:12:49 UTC,12,12,53,Performance data through: 2026-07-25 (updates every day) · MLSPA compensation as of: 2026-04-16,FALSE,2026-07-25 22:12:44 UTC
vzqoddyjQa,asa_vzqoddyjQa_mls_blended,Ousman Jabang,ousman jabang,2001-03-29,USA,CB,NA,24.257357973990416,mls,APk5LGOMOW,CB,asa_live,TRUE,NA,NA,0,NA,91,71401,TRUE,0,1,blended,2025+2026 season to date,91,0.061813186813186816,0,9.89010989010989e-4,0.00336263736263736,-0.00405494505494505,0.03936263736263736,0.02215384615384615,2026,71401,CF Montréal,0.1396251547943452,1,0.12937784786773823,0.13800303772990005,0,7.180851063829787,0.001054945054978022,3.723404255319149,0.003586813186925272,18.085106382978722,-0.0043252747254098846,24.46808510638298,0.04198681318812527,19.148936170212767,0.023630769231507687,100,32.97872340425532,71401,0.5555555555555556,0.10989010989010989,509583.5,32.42316784869976,FALSE,FALSE,NA,Low,41,59,Insufficient Evidence,Center backs,1.1.0,2026-07-25 22:12:49 UTC,NA,NA,NA,Performance data through: 2026-07-25 (updates every day) · MLSPA compensation as of: 2026-04-16,FALSE,2026-07-25 22:12:44 UTC
vzqodgRYQa,asa_vzqodgRYQa_mls_blended,Sunusi Ibrahim,sunusi ibrahim,2002-10-01,Nigeria,FW,NA,22.748802190280628,mls,APk5LGOMOW,FW,asa_live,TRUE,NA,mlspa_via_asa,0,NA,134,410000,TRUE,0,1,blended,2025+2026 season to date,134,0.22956716417910447,0.0981268656716418,-0.08214179104477612,0.25871641791044775,-0.03277611940298507,0,-0.01235820895522388,2026,410000,CF Montréal,0.21844855740004673,1,0.22047838479567852,0.23517694378940637,0.10466865671968882,92.19858156028369,-0.08761791045049926,9.929078014184396,0.27596417911310145,84.39716312056737,-0.03496119403094328,43.97163120567376,0,9.574468085106384,-0.013182089552650746,5.673758865248227,53.90070921985816,410000,42.857142857142854,44.67032967032967,540000,11.043566362715303,FALSE,FALSE,NA,Low,41,59,Insufficient Evidence,Strikers,1.1.0,2026-07-25 22:12:49 UTC,NA,NA,NA,Performance data through: 2026-07-25 (updates every day) · MLSPA compensation as of: 2026-04-16,FALSE,2026-07-25 22:12:44 UTC
vzqodkKBQa,asa_vzqodkKBQa_mls_blended,Zorhan Bassong,zorhan bassong,1999-05-07,Canada,CM,NA,27.15126625598905,mls,Z2vQ1xlqrA,CM,asa_live,TRUE,NA,mlspa_via_asa,429,540833,1868,540833,TRUE,0.3799822852081488,0.6200177147918512,blended,2025+2026 season to date,1587.193091231178,0.14674342760359074,0.02098694719512634,0.03926865221539214,0.02143049220188793,0.024072626853272584,0.062151488023548904,-0.02116677888563717,2026,540833,Sporting Kansas City,0.13647524696350208,1,0.14392661714055788,0.15352172495472596,0.02238607700883433,68.59903381642512,0.041886562364393906,75.84541062801932,0.02285919168272814,50.24154589371981,0.025677468644293176,85.5072463768116,0.06629492056052388,58.93719806763285,-0.02257789747871854,8.695652173913043,63.768115942028984,540833,51.02040816326531,55.494505494505496,510300,12.747707778763676,FALSE,TRUE,NA,Low,41,59,Small-Sample Watchlist,Central and defensive midfielders,1.1.0,2026-07-25 22:12:49 UTC,NA,NA,NA,Performance data through: 2026-07-25 (updates every day) · MLSPA compensation as of: 2026-04-16,FALSE,2026-07-25 22:12:44 UTC
vzqodxN7Qa,asa_vzqodxN7Qa_mls_blended,Jacen Russell-Rowe,jacen russellrowe,2002-09-13,Canada,FW,NA,22.798083504449007,mls,mvzqoLZQap,FW,asa_live,TRUE,NA,mlspa_via_asa,0,NA,2027,130789,TRUE,0,1,blended,2025+2026 season to date,2027,0.1793739516526887,0.06673408978786383,-0.06387025160335472,0.19968722249629992,-0.05146916625555008,0.02918006906758757,-8.880118401578688e-4,2026,130789,Columbus Crew,0.21844855740004673,1,0.18829849046061212,0.20085172316426286,0.07118302910927922,62.4113475177305,-0.06812826837904071,26.95035460992908,0.21299970400270948,61.702127659574465,-0.05490044400763572,26.24113475177305,0.03112540700639941,55.319148936170215,-9.472126295313271e-4,24.822695035460992,24.822695035460992,130789,27.06766917293233,23.296703296703296,540000,-2.2449741374713383,FALSE,FALSE,NA,Low,41,59,Insufficient Evidence,Strikers,1.1.0,2026-07-25 22:12:49 UTC,NA,NA,NA,Performance data through: 2026-07-25 (updates every day) · MLSPA compensation as of: 2026-04-16,FALSE,2026-07-25 22:12:44 UTC
vzqorGW75a,asa_vzqorGW75a_mls_blended,Gastón Brugman,gaston brugman,1992-09-07,Uruguay,CM,NA,32.813141683778234,mls,vzqoOgNqap,CM,asa_live,TRUE,NA,mlspa_via_asa,0,NA,1548,1409000,TRUE,0,1,blended,2025+2026 season to date,1548,0.24634302325581395,0.01897674418604651,0.1151686046511628,0.04629651162790697,0.00786046511627906,0.05707558139534883,9.651162790697674e-4,2026,1409000,Nashville SC,0.13647524696350208,1,0.21565370026913466,0.23003061362759877,0.020241860465748832,63.768115942028984,0.12284651163174594,96.61835748792271,0.049382945737977316,79.71014492753623,0.008384496124293013,61.83574879227053,0.06088062015694127,49.27536231884058,0.0010294573643732559,70.04830917874396,98.06763285024155,1409000,94.38775510204081,88.68131868131869,510300,3.679877748200738,FALSE,FALSE,NA,Low,41,59,Insufficient Evidence,Central and defensive midfielders,1.1.0,2026-07-25 22:12:49 UTC,NA,NA,NA,Performance data through: 2026-07-25 (updates every day) · MLSPA compensation as of: 2026-04-16,FALSE,2026-07-25 22:12:44 UTC
vzqorrRk5a,asa_vzqorrRk5a_mls_blended,Carles Gil,carles gil,1992-11-22,Spain,W,NA,33.60438056125941,mls,19vQ2095K6,W,asa_live,TRUE,NA,mlspa_via_asa,1509,4952083,3430,4952083,TRUE,0.6831145314622001,0.31688546853779986,blended,2025+2026 season to date,2595.917157084654,0.2832932530187267,0.038313587272844854,0.09251721621197144,0.03264506979795087,0.07535160429042599,0.030151051819550818,0.014314723625982755,2026,4952083,New England Revolution,0.19903356584128315,1,0.26747437855435113,0.2853060038002237,0.04086782642564497,42.79475982532751,0.09868503062918678,97.37991266375546,0.034821407785569095,9.170305676855895,0.0803750445789661,87.77292576419214,0.03216112194185924,37.11790393013101,0.015269038534858762,80.78602620087337,89.95633187772926,4952083,96.72897196261682,98.24175824175825,527437.5,-6.77264008488757,TRUE,FALSE,46.236559139784944,High,14,86,Fair Value,Wingers and attacking midfielders,1.1.0,2026-07-25 22:12:49 UTC,51,51,231,Performance data through: 2026-07-25 (updates every day) · MLSPA compensation as of: 2026-04-16,FALSE,2026-07-25 22:12:44 UTC
vzqowm7qap,asa_vzqowm7qap_mls_blended,Lionel Messi,lionel messi,1987-06-24,Argentina,FW,NA,39.01984941820671,mls,zeQZkL1MKw,FW,asa_live,TRUE,NA,mlspa_via_asa,1420,28333332,3326,28333332,TRUE,0.6698113207547169,0.33018867924528306,blended,2025+2026 season to date,2518.2075471698117,0.6930653717423615,0.1463048976616481,0.13888959824822156,0.17565171972679516,0.18347198289066136,0.018869256798919883,0.029877916416115455,2026,28333332,Inter Miami CF,0.21844855740004673,1,0.601740440897442,0.6418564703106628,0.1560585575106348,98.58156028368795,0.14814890480273266,98.58156028368795,0.18736183438110324,50.354609929078016,0.19570344842282117,97.87234042553192,0.020127207252810184,31.914893617021278,0.031869777511519086,92.19858156028369,100,28333332,100,100,540000,0,TRUE,FALSE,63.1578947368421,High,20.75,79.25,Fair Value,Strikers,1.1.0,2026-07-25 22:12:49 UTC,22,22,159,Performance data through: 2026-07-25 (updates every day) · MLSPA compensation as of: 2026-04-16,FALSE,2026-07-25 22:12:44 UTC
wvq9X6JB5W,asa_wvq9X6JB5W_mls_blended,Alan Carleton,alan carleton,2005-03-20,USA,W,NA,20.281998631074607,mls,vzqoOgNqap,W,asa_live,FALSE,NA,NA,0,NA,52,NA,TRUE,0,1,blended,2025+2026 season to date,52,0.00986538461538461,0,-0.04188461538461538,0.0083076923076923,0.04949999999999999,3.461538461538462e-4,-0.00640384615384615,2026,NA,Nashville SC,0.19903356584128315,1,0.1839465329827759,0.1962096351877592,0,5.895196506550218,-0.044676923078319226,16.593886462882097,0.008861538461815376,2.183406113537118,0.052800000001649985,77.7292576419214,3.692307692423077e-4,10.480349344978166,-0.006830769230982688,10.91703056768559,34.93449781659389,NA,NA,NA,527437.5,NA,FALSE,FALSE,NA,Insufficient,41,59,Insufficient Evidence,Wingers and attacking midfielders,1.1.0,2026-07-25 22:12:49 UTC,NA,NA,NA,Performance data through: 2026-07-25 (updates every day) · MLSPA compensation as of: 2026-04-16,FALSE,2026-07-25 22:12:44 UTC
wvq9XO7B5W,asa_wvq9XO7B5W_mls_blended,Colin Guske,colin guske,2007-01-29,USA,CM,NA,19.419575633127995,mls,jYQJ8EW5GR,CM,asa_live,TRUE,NA,mlspa_via_asa,322,98830,69,98830,TRUE,0.3150684931506849,0.6849315068493151,blended,2025+2026 season to date,369.26027397260276,0.02536854420148047,0.002439334637964775,0.006968050710456907,0.009278099208712667,0.0026899940440738472,0.004929720071471098,-9.366544711988411e-4,2026,98830,Orlando City SC,0.13647524696350208,1,0.09414679030041975,0.10042324299025263,0.0026019569472437378,14.97584541062802,0.007432587424719635,38.16425120772947,0.009896639156269448,18.840579710144926,0.0028693269804351035,46.3768115942029,0.0052583680764001625,7.246376811594203,-9.990981026433189e-4,50.24154589371981,8.695652173913043,98830,10.204081632653061,10.659340659340659,510300,-1.508429458740018,FALSE,TRUE,NA,Low,41,59,Small-Sample Watchlist,Central and defensive midfielders,1.1.0,2026-07-25 22:12:49 UTC,NA,NA,NA,Performance data through: 2026-07-25 (updates every day) · MLSPA compensation as of: 2026-04-16,FALSE,2026-07-25 22:12:44 UTC
wvq9XOgm5W,asa_wvq9XOgm5W_mls_blended,Marcos Zambrano-Delgado,marcos zambranodelgado,2005-01-20,USA,W,NA,21.44284736481862,mls,19vQ2095K6,W,asa_live,TRUE,NA,mlspa_via_asa,68,135659,0,NA,FALSE,1,0,blended,2025+2026 season to date,68,-0.02117647058823525,0.01244117647058823,0.00344117647058823,0.3527205882352942,-0.3891176470588235,-0.0038382352941176397,0.00317647058823529,2026,135659,New England Revolution,0.19903356584128315,1,0.17661697530654177,0.18839144033286512,0.013270588235708817,16.157205240174672,0.003670588235408818,60.262008733624455,0.3762352941294045,98.68995633187772,-0.4150588235423823,0.8733624454148472,-0.004094117647186757,6.11353711790393,0.003388235294223525,57.20524017467249,28.38427947598253,135659,22.429906542056074,23.736263736263737,527437.5,5.954372933926457,FALSE,TRUE,NA,Low,49,51,Small-Sample Watchlist,Wingers and attacking midfielders,1.1.0,2026-07-25 22:12:49 UTC,NA,NA,NA,Performance data through: 2026-07-25 (updates every day) · MLSPA compensation as of: 2026-04-16,FALSE,2026-07-25 22:12:44 UTC
wvq9XOlw5W,asa_wvq9XOlw5W_mls_blended,Micah Burton,micah burton,2006-03-26,USA,W,NA,20.265571526351813,mls,gpMOLwl5zy,W,asa_live,TRUE,NA,mlspa_via_asa,40,136000,0,NA,FALSE,1,0,blended,2025+2026 season to date,40,0.03352500000000002,0.007875,0.011925,0.27630000000000005,-0.262575,0,0,2026,136000,Austin FC,0.19903356584128315,1,0.18868928047620295,0.2012685658475728,0.0084000000002625,13.537117903930131,0.0127200000003975,65.93886462882097,0.29472000000921006,97.37991266375546,-0.2800800000087525,2.183406113537118,0,8.951965065502183,0,38.646288209606986,40.61135371179039,136000,22.897196261682243,23.956043956043956,527437.5,17.71415745010815,FALSE,TRUE,NA,Low,49,51,Small-Sample Watchlist,Wingers and attacking midfielders,1.1.0,2026-07-25 22:12:49 UTC,NA,NA,NA,Performance data through: 2026-07-25 (updates every day) · MLSPA compensation as of: 2026-04-16,FALSE,2026-07-25 22:12:44 UTC
wvq9Xdlw5W,asa_wvq9Xdlw5W_mls_blended,Tadeo Allende,tadeo allende,1999-02-20,Argentina,W,NA,27.359342915811087,mls,zeQZkL1MKw,W,asa_live,TRUE,NA,mlspa_via_asa,493,1000000,2908,1000000,TRUE,0.413243922883487,0.586756077116513,blended,2025+2026 season to date,2199.2866722548197,0.21711463477345494,0.05879240549237817,-0.09807041649419873,0.2548726996429193,-0.018085287745687528,0.01912369380764224,4.815400704015053e-4,2026,1000000,Inter Miami CF,0.19903356584128315,1,0.21323913267971456,0.22745507486547017,0.0627118991938298,75.10917030567686,-0.10460844426374766,3.056768558951965,0.27186421296094304,96.5065502183406,-0.01929097359600287,20.524017467248907,0.020398606728789178,23.14410480349345,5.13642741777657e-4,44.97816593886463,66.8122270742358,1000000,72.89719626168224,82.47252747252747,527437.5,-6.084969187446433,TRUE,FALSE,47.31182795698925,Medium,29.75,70.25,Fair Value,Wingers and attacking midfielders,1.1.0,2026-07-25 22:12:49 UTC,50,50,227,Performance data through: 2026-07-25 (updates every day) · MLSPA compensation as of: 2026-04-16,FALSE,2026-07-25 22:12:44 UTC
wvq9Xp1B5W,asa_wvq9Xp1B5W_mls_blended,Gabriel Pirani,gabriel pirani,2002-04-12,Brazil,FW,NA,24.21902806297057,mls,EKXMeX3Q64,FW,asa_live,TRUE,NA,mlspa_via_asa,507,866700,2082,866700,TRUE,0.420049710024855,0.579950289975145,blended,2025+2026 season to date,1714.4565037282518,0.15742385555919003,0.04333164131423564,0.0021088869204376947,0.08415677997464359,-0.009819721174990269,0.03448807031031757,0.0031581982145457853,2026,866700,D.C. United,0.21844855740004673,1,0.17324390706827342,0.18479350087859978,0.04622041740329574,31.20567375886525,0.002249479381870504,88.65248226950355,0.08976723197575838,14.184397163120567,-0.010474369253650277,64.53900709219859,0.03678727499882168,66.66666666666667,0.003368744762287444,49.645390070921984,14.184397163120567,866700,66.16541353383458,77.47252747252747,540000,-51.981016370714016,TRUE,FALSE,14.035087719298245,Medium,29.75,70.25,Below Expected Value by Current Model,Strikers,1.1.0,2026-07-25 22:12:49 UTC,50,50,366,Performance data through: 2026-07-25 (updates every day) · MLSPA compensation as of: 2026-04-16,FALSE,2026-07-25 22:12:44 UTC
wvq9eLBwqW,asa_wvq9eLBwqW_mls_blended,Alhassan Yusuf,alhassan yusuf,2000-07-18,Nigeria,CM,NA,25.95208761122519,mls,19vQ2095K6,CM,asa_live,TRUE,NA,mlspa_via_asa,1308,995311,3309,995311,TRUE,0.651394422310757,0.34860557768924305,blended,2025+2026 season to date,2461.535856573705,0.11291236414270386,0.014756918382679615,0.0052267010832463415,0.025160825419988223,0.012215167886929165,0.057590927766720965,-0.002038176396860426,2026,995311,New England Revolution,0.13647524696350208,1,0.11753021947897976,0.12536556744816274,0.01574071294201682,49.75845410628019,0.005575147822303654,33.333333333333336,0.026838213782159465,56.03864734299517,0.013029512413131614,71.4975845410628,0.06143032295308873,50.72463768115942,-0.002174054823385727,44.44444444444444,28.985507246376812,995311,86.73469387755102,82.08791208791209,510300,-57.74918663117421,TRUE,FALSE,12.371134020618557,High,20.75,79.25,Below Expected Value by Current Model,Central and defensive midfielders,1.1.0,2026-07-25 22:12:49 UTC,86,86,374,Performance data through: 2026-07-25 (updates every day) · MLSPA compensation as of: 2026-04-16,FALSE,2026-07-25 22:12:44 UTC
wvq9eWbBqW,asa_wvq9eWbBqW_mls_blended,Deandre Kerr,deandre kerr,2002-11-29,Canada,FW,NA,23.586584531143053,mls,kRQabn8MKZ,FW,asa_live,TRUE,NA,mlspa_via_asa,440,165319,1026,165319,TRUE,0.38596491228070173,0.6140350877192983,blended,2025+2026 season to date,1070,0.1010941674361342,0.026072191443521076,-0.027479809172052935,0.12831751308094802,-0.04504378270236996,0.010894659895352411,0.008333394890735608,2026,165319,Toronto FC,0.21844855740004673,1,0.14325742131538421,0.1528079160745184,0.027810337540624886,13.47517730496454,-0.02931179645110579,67.37588652482269,0.13687201395728846,30.49645390070922,-0.04804670155069608,31.20567375886525,0.011620970555405728,18.43971631205674,0.008888954550395761,65.95744680851064,2.127659574468085,165319,29.32330827067669,27.252747252747252,540000,-27.195648696208607,FALSE,TRUE,NA,Low,41,59,Small-Sample Watchlist,Strikers,1.1.0,2026-07-25 22:12:49 UTC,NA,NA,NA,Performance data through: 2026-07-25 (updates every day) · MLSPA compensation as of: 2026-04-16,FALSE,2026-07-25 22:12:44 UTC
wvq9eXy3qW,asa_wvq9eXy3qW_mls_blended,Sam Sarver,sam sarver,2003-03-03,USA,FB,NA,23.329226557152634,mls,mKAqBBmqbg,FB,asa_live,TRUE,NA,mlspa_via_asa,313,113400,254,113400,TRUE,0.3089832181638697,0.6910167818361304,blended,2025+2026 season to date,488.5182625863771,0.36725220169295225,0.03732665894551928,-0.01972667138226675,0.11956587201032251,0.10517850619116835,0.06370607301925366,0.061201762908955244,2026,113400,FC Dallas,0.11482828719990651,1,0.22811411471592358,0.24332172237125563,0.03981510287646479,89.79591836734694,-0.021041782808408755,13.26530612244898,0.12753693014832954,95.40816326530613,0.11219040660741886,98.9795918367347,0.0679531445559941,68.36734693877551,0.06528188043825899,99.48979591836735,99.48979591836735,113400,19.518716577540108,16.428571428571427,336500,79.97107934082725,FALSE,TRUE,NA,Low,41,59,Small-Sample Watchlist,Fullbacks and wingbacks,1.1.0,2026-07-25 22:12:49 UTC,NA,NA,NA,Performance data through: 2026-07-25 (updates every day) · MLSPA compensation as of: 2026-04-16,FALSE,2026-07-25 22:12:44 UTC
wvq9eY8YqW,asa_wvq9eY8YqW_mls_blended,Robert Voloder,robert voloder,2001-05-09,Germany,CB,NA,25.144421629021217,mls,a2lqRX2Mr0,CB,asa_live,TRUE,NA,mlspa_via_asa,793,685250,1664,685250,TRUE,0.5311453449430676,0.46885465505693236,blended,2025+2026 season to date,1573.1741460147355,0.14456602124014628,0.007661030320985106,0.058728793665309906,0.003889188005564424,0.021256828339945386,0.051528103907980835,0.0015020770003606571,2026,685250,New York Red Bulls,0.1396251547943452,1,0.1432018784387435,0.15274867033943312,0.008171765675972813,47.87234042553192,0.06264404657828819,69.14893617021276,0.004148467206065025,20.21276595744681,0.022673950229983638,94.14893617021276,0.05496331083689716,29.78723404255319,0.0016022154671014369,89.36170212765957,52.12765957446808,685250,63.888888888888886,66.37362637362638,509583.5,-11.761229314420802,TRUE,FALSE,37.5,Medium,29.75,70.25,Fair Value,Center backs,1.1.0,2026-07-25 22:12:49 UTC,61,61,267,Performance data through: 2026-07-25 (updates every day) · MLSPA compensation as of: 2026-04-16,FALSE,2026-07-25 22:12:44 UTC
wvq9eZdYqW,asa_wvq9eZdYqW_mls_blended,Benji Kikanović,benji kikanovic,2000-01-06,USA,FB,NA,26.483230663928815,mls,0KPqjA456v,FB,asa_live,TRUE,NA,mlspa_via_asa,1234,478700,464,478700,TRUE,0.6380558428128231,0.3619441571871769,blended,2025+2026 season to date,1401.94208893485,0.13856362996113114,0.008449354562635944,0.03785504849695111,0.03696003904717755,0.01728896694362229,0.037202546089933314,8.076748208108989e-4,2026,478700,San Jose Earthquakes,0.11482828719990651,1,0.13144993484704723,0.14021326384123203,0.00901264486709332,36.734693877551024,0.04037871839800968,78.57142857142857,0.03942404165155472,67.85714285714286,0.018441564740440074,78.06122448979592,0.039682715830502285,31.122448979591837,8.615198088918814e-4,67.85714285714286,69.38775510204081,478700,66.84491978609626,50.879120879120876,336500,2.542835315944558,TRUE,FALSE,63.75,High,20.75,79.25,Fair Value,Fullbacks and wingbacks,1.1.0,2026-07-25 22:12:49 UTC,30,30,156,Performance data through: 2026-07-25 (updates every day) · MLSPA compensation as of: 2026-04-16,FALSE,2026-07-25 22:12:44 UTC
wvq9ebLaqW,asa_wvq9ebLaqW_mls_blended,Reed Baker-Whiting,reed bakerwhiting,2005-03-31,USA,FB,NA,21.251197809719372,mls,vzqoOgNqap,FB,asa_live,TRUE,NA,mlspa_via_asa,473,283000,632,283000,TRUE,0.4032395566922421,0.5967604433077579,blended,2025+2026 season to date,850.152600170503,0.0812217779792159,0.0069206675515555635,0.05505542426106381,0.026156884327754218,-0.006086972708731262,0.04171509275146491,-0.04253931820389135,2026,283000,Nashville SC,0.11482828719990651,1,0.09512645637654013,0.10146822013814702,0.007382045388556623,32.142857142857146,0.05872578588030324,89.28571428571429,0.02790067661714306,54.08163265306123,-0.006492770889516245,25,0.04449609893628641,34.183673469387756,-0.045375272752235414,4.081632653061225,25,283000,42.780748663101605,35.27472527472528,336500,-17.780748663101605,TRUE,FALSE,42.5,Medium,29.75,70.25,Below Expected Value by Current Model,Fullbacks and wingbacks,1.1.0,2026-07-25 22:12:49 UTC,47,47,246,Performance data through: 2026-07-25 (updates every day) · MLSPA compensation as of: 2026-04-16,FALSE,2026-07-25 22:12:44 UTC
wvq9ed47qW,asa_wvq9ed47qW_mls_blended,Brendan McSorley,brendan mcsorley,2002-02-01,USA,W,NA,24.410677618069816,mls,wvq9B9wQWn,W,asa_live,TRUE,NA,mlspa_via_asa,245,88025,328,88025,TRUE,0.25925925925925924,0.7407407407407407,blended,2025+2026 season to date,487.96296296296293,0.4254809523809523,0.12433763066202089,-0.009638792102206733,0.22197212543554004,0.027655052264808362,0.053989663182346104,0.007165272938443663,2026,88025,St. Louis City SC,0.19903356584128315,1,0.30059762771907517,0.32063746957703343,0.13262680604363353,99.12663755458516,-0.010281378242675141,44.97816593886463,0.23677026713864177,95.63318777292577,0.029498722416717423,63.75545851528384,0.05758897406296883,80.349344978165945,0.007642957801245417,69.86899563318778,95.19650655021834,88025,4.906542056074766,4.34065934065934,527437.5,90.28996449414358,FALSE,TRUE,NA,Low,41,59,Small-Sample Watchlist,Wingers and attacking midfielders,1.1.0,2026-07-25 22:12:49 UTC,NA,NA,NA,Performance data through: 2026-07-25 (updates every day) · MLSPA compensation as of: 2026-04-16,FALSE,2026-07-25 22:12:44 UTC
wvq9edxmqW,asa_wvq9edxmqW_mls_blended,Ian Smith,ian smith,2002-07-16,USA,FB,NA,23.958932238193015,mls,WBLMvYAQxe,FB,asa_live,TRUE,NA,mlspa_via_asa,406,88025,1192,88025,TRUE,0.3670886075949367,0.6329113924050633,blended,2025+2026 season to date,1160.4303797468356,0.1371689533599524,0.021498303943104723,0.014296649149847684,0.04018613541755161,0.0020624567642025787,0.06162624852846585,-0.0025008404432200243,2026,88025,Portland Timbers FC,0.11482828719990651,1,0.1295546791175622,0.13819165772971814,0.022931524206694982,75,0.015249759093647418,51.02040816326531,0.042865211113394586,72.95918367346938,0.0021999538818848322,46.93877551020408,0.06573466509908445,67.34693877551021,-0.0026675631395180538,42.857142857142854,67.85714285714286,88025,4.278074866310161,4.34065934065934,336500,63.5790679908327,FALSE,TRUE,NA,Low,41,59,Small-Sample Watchlist,Fullbacks and wingbacks,1.1.0,2026-07-25 22:12:49 UTC,NA,NA,NA,Performance data through: 2026-07-25 (updates every day) · MLSPA compensation as of: 2026-04-16,FALSE,2026-07-25 22:12:44 UTC
wvq9ena3qW,asa_wvq9ena3qW_mls_blended,Jack Jasinski,jack jasinski,2003-12-04,USA,FB,NA,22.573579739904176,mls,0KPqjA456v,FB,asa_live,TRUE,NA,mlspa_via_asa,436,90287,0,NA,FALSE,1,0,blended,2025+2026 season to date,436,0.12851834862385322,0.04904587155963302,-0.00241513761467889,0.10135321100917433,-0.05591972477064219,0.0440091743119266,-0.00755504587155963,2026,90287,San Jose Earthquakes,0.11482828719990651,1,0.12058974162156746,0.12862905773369163,0.05231559633191008,94.89795918367346,-0.002576146789071321,27.551020408163264,0.10811009174649772,93.36734693877551,-0.05964770642388233,3.5714285714285716,0.04694311926752201,37.755102040816325,-0.008058715596582106,23.46938775510204,57.6530612244898,90287,8.0213903743315509,7.472527472527473,336500,49.631670850158244,FALSE,TRUE,NA,Low,49,51,Small-Sample Watchlist,Fullbacks and wingbacks,1.1.0,2026-07-25 22:12:49 UTC,NA,NA,NA,Performance data through: 2026-07-25 (updates every day) · MLSPA compensation as of: 2026-04-16,FALSE,2026-07-25 22:12:44 UTC
wvq9g7AaMW,asa_wvq9g7AaMW_mls_blended,Tim Parker,tim parker,1993-02-23,USA,CB,NA,33.34976043805612,mls,a2lqRX2Mr0,CB,asa_live,TRUE,NA,mlspa_via_asa,481,387500,987,387500,TRUE,0.4072819644369179,0.5927180355630821,blended,2025+2026 season to date,1066.0127011007621,0.1410513989226584,0.010524348280397059,0.07489098672239537,0.024024429351252992,0.0043364260363557726,0.02639845424901364,8.767542832435549e-4,2026,387500,New York Red Bulls,0.1396251547943452,1,0.14053774949104092,0.14990693279512823,0.011225971499441007,64.8936170212766,0.07988371917305143,87.76595744680851,0.025626057975470674,69.68085106382979,0.004625521105590705,58.51063829787234,0.028158351199827833,11.702127659574469,9.352045688223504e-4,87.76595744680851,46.808510638297875,387500,38.888888888888886,43.13186813186813,509583.5,7.919621749408989,TRUE,FALSE,65.625,Medium,29.75,70.25,Fair Value,Center backs,1.1.0,2026-07-25 22:12:49 UTC,34,34,148,Performance data through: 2026-07-25 (updates every day) · MLSPA compensation as of: 2026-04-16,FALSE,2026-07-25 22:12:44 UTC
wvq9gNr3MW,asa_wvq9gNr3MW_mls_blended,Souleyman Doumbia,souleyman doumbia,1996-09-24,Ivory Coast,FB,NA,28.76659822039699,mls,NPqxKXZ59d,FB,asa_live,TRUE,NA,mlspa_via_asa,0,NA,664,541250,TRUE,0,1,blended,2025+2026 season to date,664,0.25564608433734937,0,0.06056024096385541,0.0028328313253012,0.0188539156626506,0.1741852409638554,-7.861445783132531e-4,2026,541250,Charlotte FC,0.11482828719990651,1,0.18880219329109485,0.20138900618346126,0,6.377551020408164,0.06459759036346445,91.83673469387755,0.0030216867470823743,5.612244897959184,0.020110843374122438,79.08163265306122,0.18579759036725194,97.44897959183673,-8.385542168936748e-4,51.53061224489796,96.93877551020408,541250,71.12299465240642,55.604395604395606,336500,25.815780857797662,FALSE,FALSE,NA,Low,41,59,Insufficient Evidence,Fullbacks and wingbacks,1.1.0,2026-07-25 22:12:49 UTC,NA,NA,NA,Performance data through: 2026-07-25 (updates every day) · MLSPA compensation as of: 2026-04-16,FALSE,2026-07-25 22:12:44 UTC
wvq9gPmNMW,asa_wvq9gPmNMW_mls_blended,Jack Elliott,jack elliott,1995-08-25,England,CB,NA,30.850102669404517,mls,X0Oq66zq6D,CB,asa_live,TRUE,NA,mlspa_via_asa,1261,1054275,3635,1054275,TRUE,0.6430392656807751,0.3569607343192249,blended,2025+2026 season to date,2558.552269250383,0.1374255324073912,0.013333796514845536,0.05189191293496916,0.03446821969253258,0.00938160989361321,0.04084609654423571,-0.012496103172805043,2026,1054275,Chicago Fire FC,0.1396251547943452,1,0.13784337365859378,0.14703293190709482,0.014222716282946366,75,0.05535137379903017,61.170212765957444,0.036766101006517025,82.44680851063829,0.010007050553500145,78.72340425531915,0.04356916964854629,20.74468085106383,-0.013329176718075248,24.46808510638298,42.02127659574468,1054275,87.22222222222223,83.2967032967033,509583.5,-45.20094562647755,TRUE,FALSE,14.583333333333334,High,20.75,79.25,Below Expected Value by Current Model,Center backs,1.1.0,2026-07-25 22:12:49 UTC,83,83,364,Performance data through: 2026-07-25 (updates every day) · MLSPA compensation as of: 2026-04-16,FALSE,2026-07-25 22:12:44 UTC
wvq9go6aMW,asa_wvq9go6aMW_mls_blended,Diego Rossi,diego rossi,1998-03-05,Uruguay,FW,NA,28.32306639288159,mls,mvzqoLZQap,FW,asa_live,TRUE,NA,mlspa_via_asa,1410,3476827,3003,3476827,TRUE,0.6682464454976303,0.33175355450236965,blended,2025+2026 season to date,2406.255924170616,0.2188386902197329,0.07073325489676201,-0.009755483379180061,0.1260841149371955,-0.0014439929738507982,0.027106446160474598,0.00611435057833162,2026,3476827,Columbus Crew,0.21844855740004673,1,0.2187608260266249,0.23334488110235857,0.07544880522557058,69.50354609929079,-0.010405848938117248,78.72340425531915,0.134489722603878,28.368794326241133,-0.0015402591721556513,68.79432624113475,0.028913542572076453,51.06382978723404,0.006521973950424206,58.156028368794324,51.06382978723404,3476827,87.96992481203007,95.82417582417582,540000,-36.90609502479603,TRUE,FALSE,29.82456140350877,High,20.75,79.25,Below Expected Value by Current Model,Strikers,1.1.0,2026-07-25 22:12:49 UTC,41,41,301,Performance data through: 2026-07-25 (updates every day) · MLSPA compensation as of: 2026-04-16,FALSE,2026-07-25 22:12:44 UTC
wvq9gxBmMW,asa_wvq9gxBmMW_mls_blended,Joao Ortíz,joao ortiz,1996-05-01,Ecuador,CM,NA,30.16563997262149,mls,WBLMvYAQxe,CM,asa_live,TRUE,NA,mlspa_via_asa,511,600625,1214,600625,TRUE,0.42196531791907516,0.5780346820809248,blended,2025+2026 season to date,1212.7341040462427,0.1184502439880448,0.01422791353830959,0.019576218545812197,0.017601176475389647,-0.00946889373494205,0.0898739397369255,-0.013360110573450126,2026,600625,Portland Timbers FC,0.13647524696350208,1,0.12441637093470177,0.1327107956678291,0.015176441108004493,48.309178743961354,0.020881299782852216,51.207729468599034,0.01877458824100233,40.57971014492754,-0.01010015331758715,17.8743961352657,0.095865535722383,87.43961352657004,-0.01425078461212547,13.526570048309178,33.81642512077295,600625,56.63265306122449,60.10989010989011,510300,-22.81622794045154,TRUE,FALSE,39.175257731958766,Medium,29.75,70.25,Below Expected Value by Current Model,Central and defensive midfielders,1.1.0,2026-07-25 22:12:49 UTC,60,60,260,Performance data through: 2026-07-25 (updates every day) · MLSPA compensation as of: 2026-04-16,FALSE,2026-07-25 22:12:44 UTC
wvq9gzx1MW,asa_wvq9gzx1MW_mls_blended,Sergi Palencia,sergi palencia,1996-03-23,Spain,FB,NA,30.272416153319643,mls,eVq3ya6MWO,FB,asa_live,TRUE,NA,mlspa_via_asa,679,745000,3407,745000,TRUE,0.49238578680203043,0.5076142131979695,blended,2025+2026 season to date,2408.4416243654823,0.11194018819335615,0.010884057542239634,0.007677864304029606,0.02792853811831759,0.01179032099803905,0.05970622335578777,-0.006046816125057546,2026,745000,Los Angeles FC,0.11482828719990651,1,0.11251618720556755,0.12001726635635593,0.011609661378751746,48.46938775510204,0.008189721924554175,39.285714285714285,0.029790440660469715,56.63265306122449,0.012576342398301332,70.40816326530613,0.06368663824816383,61.734693877551024,-0.006449937200262943,28.06122448979592,46.42857142857143,745000,86.09625668449198,70.43956043956044,336500,-39.667685255920546,TRUE,FALSE,16.25,Medium,29.75,70.25,Below Expected Value by Current Model,Fullbacks and wingbacks,1.1.0,2026-07-25 22:12:49 UTC,68,68,357,Performance data through: 2026-07-25 (updates every day) · MLSPA compensation as of: 2026-04-16,FALSE,2026-07-25 22:12:44 UTC
wvq9jYdBQW,asa_wvq9jYdBQW_mls_blended,Stephen Afrifa,stephen afrifa,2001-02-19,Canada,W,NA,25.360711841204655,mls,Z2vQ1xlqrA,W,asa_live,TRUE,NA,mlspa_via_asa,343,113400,192,113400,TRUE,0.3288590604026846,0.6711409395973154,blended,2025+2026 season to date,471.8590604026846,0.19079428331735374,0.05350041946308724,-0.07797734899328859,0.12242617449664428,-0.0268531279961649,0.03833125599232981,0.08136691035474591,2026,113400,Sporting Kansas City,0.19903356584128315,1,0.1954064284183154,0.20843352365271664,0.057067114095743075,67.68558951965065,-0.08317583892877374,5.240174672489083,0.1305879194671681,79.47598253275109,-0.028643336530137665,15.283842794759826,0.04088667305976284,56.33187772925764,0.08679137104777454,97.81659388646288,47.161572052401745,113400,17.05607476635514,16.428571428571427,527437.5,30.105497286046603,FALSE,TRUE,NA,Low,41,59,Small-Sample Watchlist,Wingers and attacking midfielders,1.1.0,2026-07-25 22:12:49 UTC,NA,NA,NA,Performance data through: 2026-07-25 (updates every day) · MLSPA compensation as of: 2026-04-16,FALSE,2026-07-25 22:12:44 UTC
wvq9jvANQW,asa_wvq9jvANQW_mls_blended,Markus Anderson,markus anderson,2003-12-11,USA,FW,NA,21.555099247091032,mls,9z5k7Yg5A3,FW,asa_live,TRUE,NA,mlspa_via_asa,0,NA,118,122000,TRUE,0,1,blended,2025+2026 season to date,118,0.03889830508474577,0.0263135593220339,-0.01327118644067796,0.1201271186440678,-0.07901694915254237,-0.01609322033898305,8.389830508474577e-4,2026,122000,Philadelphia Union,0.21844855740004673,1,0.18894029866299172,0.20153631858015586,0.02806779661104661,14.184397163120567,-0.014155932203832197,75.88652482269504,0.12813559322434323,24.113475177304963,-0.08428474576534575,14.893617021276595,-0.017166101695451692,1.4184397163120568,8.949152542652543e-4,37.5886524822695,25.53191489361702,122000,26.31578947368421,21.0989010989011,540000,-0.783874580067188,FALSE,FALSE,NA,Low,41,59,Insufficient Evidence,Strikers,1.1.0,2026-07-25 22:12:49 UTC,NA,NA,NA,Performance data through: 2026-07-25 (updates every day) · MLSPA compensation as of: 2026-04-16,FALSE,2026-07-25 22:12:44 UTC
wvq9opZMWn,asa_wvq9opZMWn_mls_blended,Jordi Alba,jordi alba,1989-03-21,Spain,FB,NA,36.27926078028747,mls,zeQZkL1MKw,FB,asa_live,TRUE,NA,mlspa_via_asa,0,NA,3463,6000000,TRUE,0,1,blended,2025+2026 season to date,3463,0.19737106555010103,0.01678891134854172,0.06695293098469535,0.05720184810857638,-0.00261449610164597,0.05885994802194629,1.8192318798729423e-4,2026,6000000,Inter Miami CF,0.11482828719990651,1,0.185181632370156,0.19752707453433913,0.0179081721056708,63.775510204081634,0.07141645971924013,94.38775510204081,0.06101530465105486,84.6938775510204,-0.0027887958418428512,31.122448979591837,0.0627839445587047,59.183673469387756,1.940514005258446e-4,62.755102040816325,95.40816326530613,6000000,100,99.01098901098901,336500,-4.591836734693871,FALSE,FALSE,NA,Low,41,59,Insufficient Evidence,Fullbacks and wingbacks,1.1.0,2026-07-25 22:12:49 UTC,NA,NA,NA,Performance data through: 2026-07-25 (updates every day) · MLSPA compensation as of: 2026-04-16,FALSE,2026-07-25 22:12:44 UTC
wvq9pAjl5W,asa_wvq9pAjl5W_mls_blended,Ryan Hollingshead,ryan hollingshead,1991-04-16,USA,FB,NA,35.20876112251882,mls,eVq3ya6MWO,FB,asa_live,TRUE,NA,mlspa_via_asa,890,550000,2660,550000,TRUE,0.559748427672956,0.44025157232704404,blended,2025+2026 season to date,2061.069182389937,0.12405431976166834,0.020665143992055608,0.0010152929493545217,0.051894339622641505,0.02332105263157894,0.031704965243296926,-0.004546474677259182,2026,550000,Los Angeles FC,0.11482828719990651,1,0.1219740959276959,0.13010570232694144,0.022042820258881487,72.95918367346938,0.0010829791460119996,31.632653061224488,0.05535396226588075,81.63265306122449,0.02487578947446157,86.73469387755102,0.033818629593906885,25.510204081632654,-0.00484957298922801,33.16326530612245,59.183673469387756,550000,72.99465240641712,56.64835164835165,336500,-13.810978937029361,TRUE,FALSE,47.5,Medium,29.75,70.25,Fair Value,Fullbacks and wingbacks,1.1.0,2026-07-25 22:12:49 UTC,43,43,224,Performance data through: 2026-07-25 (updates every day) · MLSPA compensation as of: 2026-04-16,FALSE,2026-07-25 22:12:44 UTC
xW5p7L4KMg,asa_xW5p7L4KMg_mls_blended,Elías Baez,elias baez,2004-10-18,Argentina,FB,NA,21.700205338809035,mls,KAqBN0Vqbg,FB,asa_live,TRUE,NA,mlspa_via_asa,1380,293706,0,NA,FALSE,1,0,blended,2025+2026 season to date,1380,0.08278695652173913,0.02730652173913043,0.00756521739130434,0.02943260869565217,-0.00893478260869565,0.04132173913043479,-0.01390434782608695,2026,293706,Atlanta United FC,0.11482828719990651,1,0.09249645066663834,0.09866288071416411,0.029126956522649343,83.16326530612245,0.00806956521764347,38.265306122448976,0.031394782609676736,59.183673469387756,-0.00953043478290652,21.93877551020408,0.044076521740507836,33.673469387755105,-0.014831304348289559,14.285714285714286,19.897959183673468,293706,43.850267379679146,35.824175824175825,336500,-23.952308196005678,TRUE,FALSE,32.5,High,28.75,71.25,Below Expected Value by Current Model,Fullbacks and wingbacks,1.1.0,2026-07-25 22:12:49 UTC,55,55,288,Performance data through: 2026-07-25 (updates every day) · MLSPA compensation as of: 2026-04-16,FALSE,2026-07-25 22:12:44 UTC
xW5p7lPJMg,asa_xW5p7lPJMg_mls_blended,Andy Rojas,andy rojas,2005-12-05,Costa Rica,CM,NA,20.569472963723477,mls,a2lqRX2Mr0,CM,asa_live,TRUE,NA,mlspa_via_asa,58,213131,0,NA,FALSE,1,0,blended,2025+2026 season to date,58,0.14416287874137929,7.706327586206898e-6,-0.03258620689655173,0.10055172413793104,-0.04546551724137931,0.05399999999999999,0.0676551724137931,2026,213131,New York Red Bulls,0.13647524696350208,1,0.13715288015972832,0.14629640550828196,8.220082758877568e-6,12.560386473429952,-0.034758620690741385,8.695652173913043,0.10725517241714483,97.10144927536231,-0.048496551725653446,2.898550724637681,0.05760000000179999,44.927536231884055,0.07216551724363447,100,55.072463768115945,213131,29.591836734693878,30.54945054945055,510300,25.480627033422067,FALSE,TRUE,NA,Low,49,51,Small-Sample Watchlist,Central and defensive midfielders,1.1.0,2026-07-25 22:12:49 UTC,NA,NA,NA,Performance data through: 2026-07-25 (updates every day) · MLSPA compensation as of: 2026-04-16,FALSE,2026-07-25 22:12:44 UTC
xW5pYyddqg,asa_xW5pYyddqg_mls_blended,Lineker Rodrigues,lineker rodrigues,2002-03-12,Brazil,W,NA,24.303901437371664,mls,a2lqR4JMr0,W,asa_live,FALSE,NA,NA,38,NA,0,NA,FALSE,1,0,blended,2025+2026 season to date,38,0.1269473684210526,0,-0.07792105263157895,0.07863157894736843,-0.01231578947368421,0.14044736842105263,-0.00189473684210526,2026,NA,Real Salt Lake,0.19903356584128315,1,0.19474003057173964,0.20772269928301362,0,5.895196506550218,-0.08311578947628158,5.676855895196507,0.08387368421314738,49.34497816593886,-0.013136842105673684,22.707423580786028,0.14981052632047104,98.2532751091703,-0.002021052631642102,23.14410480349345,46.2882096069869,NA,NA,NA,527437.5,NA,FALSE,FALSE,NA,Insufficient,49,51,Insufficient Evidence,Wingers and attacking midfielders,1.1.0,2026-07-25 22:12:49 UTC,NA,NA,NA,Performance data through: 2026-07-25 (updates every day) · MLSPA compensation as of: 2026-04-16,FALSE,2026-07-25 22:12:44 UTC
xW5pbAlQg1,asa_xW5pbAlQg1_mls_blended,Maxime Chanot,maxime chanot,1989-11-21,Luxembourg,CB,NA,35.60848733744011,mls,eVq3ya6MWO,CB,asa_live,TRUE,NA,mlspa_via_asa,0,NA,74,400000,TRUE,0,1,blended,2025+2026 season to date,74,0.4013513513513514,0,-0.0197027027027027,-0.00291891891891891,-1.2162162162162164e-4,0.42409459459459464,0,2026,400000,Los Angeles FC,0.1396251547943452,1,0.16836067192374943,0.1795847167242781,0,7.180851063829787,-0.021016216216872972,1.0638297872340425,-0.0031135135136108015,0.5319148936170213,-1.297297297337838e-4,37.234042553191486,0.4523675675817041,100,0,79.25531914893617,79.7872340425532,400000,39.44444444444444,44.23076923076923,509583.5,40.34278959810875,FALSE,FALSE,NA,Low,41,59,Insufficient Evidence,Center backs,1.1.0,2026-07-25 22:12:49 UTC,NA,NA,NA,Performance data through: 2026-07-25 (updates every day) · MLSPA compensation as of: 2026-04-16,FALSE,2026-07-25 22:12:44 UTC
xW5pr1oYQg,asa_xW5pr1oYQg_mls_blended,Josh Sargent,josh sargent,2000-02-20,USA,FW,NA,26.360027378507873,mls,kRQabn8MKZ,FW,asa_live,TRUE,NA,mlspa_via_asa,786,5265667,0,NA,FALSE,1,0,blended,2025+2026 season to date,786,0.3422290076335878,0.08190458015267177,-0.011896946564885488,0.1945648854961832,0.01194274809160305,0.057206106870229,0.00850763358778626,2026,5265667,Toronto FC,0.21844855740004673,1,0.2886443971428774,0.307887356962024,0.08736488549891337,79.43262411347517,-0.012690076336274418,77.30496453900709,0.2075358778690809,59.57446808510638,0.01273893129810801,81.56028368794327,0.06101984733015114,93.61702127659575,0.00907480916058893,67.37588652482269,88.65248226950355,5265667,96.99248120300751,98.57142857142857,540000,-8.339998933503963,TRUE,FALSE,49.12280701754386,Low,37.75,62.25,Fair Value,Strikers,1.1.0,2026-07-25 22:12:49 UTC,30,30,218,Performance data through: 2026-07-25 (updates every day) · MLSPA compensation as of: 2026-04-16,FALSE,2026-07-25 22:12:44 UTC
xW5pr6gRQg,asa_xW5pr6gRQg_mls_blended,Diogo Gonçalves,diogo goncalves,1997-02-06,Portugal,W,NA,28.396988364134156,mls,a2lqR4JMr0,W,asa_live,TRUE,NA,mlspa_via_asa,0,NA,2540,1797108,TRUE,0,1,blended,2025+2026 season to date,2540,0.20703543307086614,0.05635984251968504,0.03299173228346457,0.07626968503937008,-7.440944881889764e-4,0.04012086614173229,0.00203740157480314,2026,1797108,Real Salt Lake,0.19903356584128315,1,0.20550641385502227,0.2192068414522073,0.06011716535620937,73.79912663755458,0.03519118110346193,82.53275109170306,0.08135433071120374,46.2882096069869,-7.93700787426378e-4,34.49781659388646,0.04279559055251847,60.698689956331876,0.002173228346524596,54.148471615720524,60.262008733624455,1797108,83.64485981308411,91.64835164835165,527437.5,-23.382851079459655,FALSE,FALSE,NA,Low,41,59,Insufficient Evidence,Wingers and attacking midfielders,1.1.0,2026-07-25 22:12:49 UTC,NA,NA,NA,Performance data through: 2026-07-25 (updates every day) · MLSPA compensation as of: 2026-04-16,FALSE,2026-07-25 22:12:44 UTC
xW5prAjYQg,asa_xW5prAjYQg_mls_blended,Raoul Petretta,raoul petretta,1997-03-24,Italy,FB,NA,28.27104722792608,mls,kRQabn8MKZ,FB,asa_live,TRUE,NA,mlspa_via_asa,0,NA,2069,854750,TRUE,0,1,blended,2025+2026 season to date,2069,0.09843885935234412,0.00250120831319478,0.02264137264378927,0.02211068148864185,-0.01435911068148864,0.06976848719188014,-0.00422377960367327,2026,854750,Toronto FC,0.11482828719990651,1,0.10212325677030494,0.10893147389172937,0.0026679555341578057,17.857142857142858,0.024150797487463266,59.183673469387756,0.023584726921954995,47.44897959183673,-0.015316384727399853,16.836734693877553,0.07441971967366444,76.0204081632653,-0.004505364910725613,34.183673469387756,31.632653061224488,854750,91.44385026737967,77.14285714285714,336500,-59.811197206155185,FALSE,FALSE,NA,Low,41,59,Insufficient Evidence,Fullbacks and wingbacks,1.1.0,2026-07-25 22:12:49 UTC,NA,NA,NA,Performance data through: 2026-07-25 (updates every day) · MLSPA compensation as of: 2026-04-16,FALSE,2026-07-25 22:12:44 UTC
xW5prK4BQg,asa_xW5prK4BQg_mls_blended,Ariel Lassiter,ariel lassiter,1994-09-27,Costa Rica,W,NA,31.759069130732374,mls,WBLMvYAQxe,W,asa_live,TRUE,NA,mlspa_via_asa,371,358000,685,358000,TRUE,0.3464052287581699,0.6535947712418301,blended,2025+2026 season to date,818.7124183006536,0.13054910139238177,0.02847567932282401,-0.006672023553947121,0.0631562902533276,0.008981291786787707,0.03116616573636754,0.005441697847022018,2026,358000,Portland Timbers FC,0.19903356584128315,1,0.15951246150630788,0.1701466256120455,0.0303740579452948,28.820960698689955,-0.007116825124432663,47.59825327510917,0.06736670960565465,32.751091703056765,0.00958004457287293,45.851528384279476,0.03324391011983091,39.737991266375545,0.005804477703671543,64.19213973799127,17.467248908296945,358000,37.38317757009346,41.20879120879121,527437.5,-19.915928661796514,FALSE,TRUE,NA,Low,41,59,Small-Sample Watchlist,Wingers and attacking midfielders,1.1.0,2026-07-25 22:12:49 UTC,NA,NA,NA,Performance data through: 2026-07-25 (updates every day) · MLSPA compensation as of: 2026-04-16,FALSE,2026-07-25 22:12:44 UTC
xW5prZBdQg,asa_xW5prZBdQg_mls_blended,Henry Wingo,henry wingo,1995-10-04,USA,FB,NA,30.740588637919235,mls,kRQabn8MKZ,FB,asa_live,TRUE,NA,mlspa_via_asa,21,796031,309,796031,TRUE,0.15,0.85,blended,2025+2026 season to date,283.65,0.1336002773925104,0.02140714285714286,0.02667253814147017,0.01041615811373093,-0.009120457697642163,0.1462914008321775,-0.06206650485436893,2026,796031,Toronto FC,0.11482828719990651,1,0.12085406099963729,0.12891099840364156,0.022834285714999288,74.48979591836735,0.0284507073517906,64.79591836734694,0.01111056865499353,18.877551020408163,-0.009728488211122323,21.428571428571427,0.1560441608925324,95.91836734693878,-0.06620427184672907,3.061224489795918,58.673469387755105,796031,89.3048128342246,73.84615384615384,336500,-30.6313434464695,FALSE,TRUE,NA,Low,41,59,Small-Sample Watchlist,Fullbacks and wingbacks,1.1.0,2026-07-25 22:12:49 UTC,NA,NA,NA,Performance data through: 2026-07-25 (updates every day) · MLSPA compensation as of: 2026-04-16,FALSE,2026-07-25 22:12:44 UTC
xW5prbllQg,asa_xW5prbllQg_mls_blended,Artur,artur,1996-03-11,Brazil,CM,NA,30.305270362765228,mls,YgOMngl5wN,CM,asa_live,TRUE,NA,mlspa_via_asa,604,958379,3237,958379,TRUE,0.46319018404907975,0.5368098159509203,blended,2025+2026 season to date,2341.653374233129,0.06966674081886773,0.008233296565213185,0.020219243420117466,0.0077355751462669904,0.0021473444509515164,0.040649795737930476,-0.009318514501611919,2026,958379,Houston Dynamo FC,0.13647524696350208,1,0.08329346653641782,0.0888463643082888,0.008782183003168506,27.053140096618357,0.021567192982132607,53.6231884057971,0.008251280156275976,14.97584541062802,0.0022905007477531957,45.893719806763286,0.04335978212181417,20.77294685990338,-0.009939748802029996,18.840579710144926,5.314009661835748,958379,85.71428571428571,81.20879120879121,510300,-80.40027605244995,TRUE,FALSE,3.0927835051546393,Medium,29.75,70.25,Below Expected Value by Current Model,Central and defensive midfielders,1.1.0,2026-07-25 22:12:49 UTC,95,95,414,Performance data through: 2026-07-25 (updates every day) · MLSPA compensation as of: 2026-04-16,FALSE,2026-07-25 22:12:44 UTC
xW5prl1KQg,asa_xW5prl1KQg_mls_blended,Dominique Badji,dominique badji,1992-10-16,Senegal,FW,NA,32.70636550308008,mls,EKXMeX3Q64,FW,asa_live,TRUE,NA,mlspa_via_asa,0,NA,866,435000,TRUE,0,1,blended,2025+2026 season to date,866,0.1968048498845266,0.03810969976905312,-0.07506581986143188,0.16522170900692842,0.00843879907621247,0.061441108545034644,-0.0013406466512702,2026,435000,D.C. United,0.21844855740004673,1,0.20566312035472584,0.21937399505189634,0.040650346421593646,24.822695035460992,-0.0800702078546962,16.31205673758865,0.1762364896128977,44.680851063829785,0.009001385681574596,78.01418439716312,0.06553718245008498,94.32624113475177,-0.0014300230947329015,24.113475177304963,38.297872340425535,435000,45.11278195488722,46.86813186813187,540000,-6.814909614461683,FALSE,FALSE,NA,Low,41,59,Insufficient Evidence,Strikers,1.1.0,2026-07-25 22:12:49 UTC,NA,NA,NA,Performance data through: 2026-07-25 (updates every day) · MLSPA compensation as of: 2026-04-16,FALSE,2026-07-25 22:12:44 UTC
xW5pro36Qg,asa_xW5pro36Qg_mls_blended,Sergio Córdova,sergio cordova,1997-08-09,Venezuela,FW,NA,28.892539356605067,mls,wvq9B9wQWn,FW,asa_live,TRUE,NA,mlspa_via_asa,563,1213500,0,NA,FALSE,1,0,blended,2025+2026 season to date,563,0.1385968028419183,0.03449733570159858,-0.03459325044404973,0.11602486678507994,-0.0106785079928952,0.02367495559502664,0.00967140319715808,2026,1213500,St. Louis City SC,0.21844855740004673,1,0.17979289289770253,0.19177908576354247,0.036797158082855067,19.148936170212767,-0.03689946714147282,58.86524822695036,0.12375985790795276,22.69503546099291,-0.01139040852611083,63.12056737588652,0.025253285968817582,44.680851063829785,0.010316163410624333,69.50354609929079,19.148936170212767,1213500,69.92481203007519,86.15384615384616,540000,-50.775875859862424,TRUE,FALSE,15.789473684210526,Low,37.75,62.25,Below Expected Value by Current Model,Strikers,1.1.0,2026-07-25 22:12:49 UTC,49,49,359,Performance data through: 2026-07-25 (updates every day) · MLSPA compensation as of: 2026-04-16,FALSE,2026-07-25 22:12:44 UTC
xW5pw3PYMg,asa_xW5pw3PYMg_mls_blended,Conrad Wallem,conrad wallem,2000-06-09,Norway,FB,NA,26.05886379192334,mls,wvq9B9wQWn,FB,asa_live,TRUE,NA,mlspa_via_asa,1203,657188,2726,657188,TRUE,0.6321597477666842,0.36784025223331585,blended,2025+2026 season to date,2205.732527588019,0.09977234192912375,0.018240236966075494,-0.0031615782933769867,0.03749979123205473,0.019640093700759774,0.05500233943470344,-0.02744854111109269,2026,657188,St. Louis City SC,0.11482828719990651,1,0.10299202415957337,0.10985815910697799,0.019456252764421866,67.85714285714286,-0.003372350179707505,26.53061224489796,0.0399997773154417,68.87755102040816,0.020949433281465094,81.63265306122449,0.058669162065517075,54.08163265306123,-0.029278443852747155,7.142857142857143,33.16326530612245,657188,81.28342245989305,64.17582417582418,336500,-48.1201571537706,TRUE,FALSE,10,High,20.75,79.25,Below Expected Value by Current Model,Fullbacks and wingbacks,1.1.0,2026-07-25 22:12:49 UTC,73,73,384,Performance data through: 2026-07-25 (updates every day) · MLSPA compensation as of: 2026-04-16,FALSE,2026-07-25 22:12:44 UTC
xW5pw8KGMg,asa_xW5pw8KGMg_mls_blended,Lawrence Ennali,lawrence ennali,2002-03-07,Germany,FB,NA,24.317590691307323,mls,YgOMngl5wN,FB,asa_live,TRUE,NA,mlspa_via_asa,1312,574250,1149,574250,TRUE,0.6520874751491054,0.34791252485089463,blended,2025+2026 season to date,1711.751491053678,0.14700411110361333,0.031757306033252185,-0.05007996927053865,0.0687379833271909,0.04828567109094779,0.044161603486132815,0.004141516436628269,2026,574250,Houston Dynamo FC,0.11482828719990651,1,0.13865308616994937,0.14789662525256775,0.03387445976986091,87.75510204081633,-0.05341863389024389,5.1020408163265305,0.07332051555129489,89.28571428571429,0.05150471583195383,93.87755102040816,0.04710571038668039,38.775510204081634,0.004417617532541537,84.18367346938776,75.51020408163265,574250,74.33155080213903,58.35164835164835,336500,1.1786532794936164,TRUE,FALSE,61.25,High,20.75,79.25,Fair Value,Fullbacks and wingbacks,1.1.0,2026-07-25 22:12:49 UTC,32,32,168,Performance data through: 2026-07-25 (updates every day) · MLSPA compensation as of: 2026-04-16,FALSE,2026-07-25 22:12:44 UTC
xW5pwBoGMg,asa_xW5pwBoGMg_mls_blended,Shane Donovan,shane donovan,2007-01-06,USA,W,NA,19.482546201232033,mls,Z2vQ1xlqrA,W,asa_live,FALSE,NA,NA,6,NA,0,NA,FALSE,1,0,blended,2025+2026 season to date,6,0.207,0,0.0735,0.1335,0,0,0,2026,NA,Sporting Kansas City,0.19903356584128315,1,0.199112441427013,0.21238660419545097,0,5.895196506550218,0.07840000000245,94.32314410480349,0.14240000000445,82.96943231441048,0,35.58951965065502,0,8.951965065502183,0,38.646288209606986,52.838427947598255,NA,NA,NA,527437.5,NA,FALSE,FALSE,NA,Insufficient,49,51,Insufficient Evidence,Wingers and attacking midfielders,1.1.0,2026-07-25 22:12:49 UTC,NA,NA,NA,Performance data through: 2026-07-25 (updates every day) · MLSPA compensation as of: 2026-04-16,FALSE,2026-07-25 22:12:44 UTC
xW5pwEwGMg,asa_xW5pwEwGMg_mls_blended,Finn Surman,finn surman,2003-09-23,New Zealand,CB,NA,22.770704996577688,mls,WBLMvYAQxe,CB,asa_live,TRUE,NA,mlspa_via_asa,1600,303233,3460,303233,TRUE,0.6956521739130435,0.30434782608695654,blended,2025+2026 season to date,2653.04347826087,0.22972747675295302,0.008486215129429502,0.04366117366172405,0.008614237245539079,0.0020374742397587333,0.15965463935662225,0.007273737119879366,2026,303233,Portland Timbers FC,0.1396251547943452,1,0.21310876460341027,0.22731601558407458,0.009051962805007675,53.723404255319146,0.04657191857396102,45.744680851063826,0.009188519728862159,29.78723404255319,0.0021733058558105647,47.340425531914896,0.1702982819857189,95.2127659574468,0.007758652928113782,97.34042553191489,98.40425531914893,303233,32.77777777777778,36.37362637362637,509583.5,65.62647754137114,TRUE,FALSE,94.79166666666667,High,14,86,Elite Value,Center backs,1.1.0,2026-07-25 22:12:49 UTC,6,6,25,Performance data through: 2026-07-25 (updates every day) · MLSPA compensation as of: 2026-04-16,FALSE,2026-07-25 22:12:44 UTC
xW5pxANJ5g,asa_xW5pxANJ5g_mls_blended,Marcus Ingvartsen,marcus ingvartsen,1996-01-04,Denmark,FW,NA,30.48870636550308,mls,zeQZBOzQKw,FW,asa_live,TRUE,NA,mlspa_via_asa,1328,1800000,580,1800000,TRUE,0.6548323471400395,0.34516765285996054,blended,2025+2026 season to date,1528.1972386587772,0.1985920730463171,0.06414956131401756,-0.057060293817588245,0.237670424403183,-0.07433630891654763,0.021570495817180162,0.006598194246072225,2026,1800000,San Diego FC,0.21844855740004673,1,0.20419018697853236,0.21780286611724087,0.06842619873709038,58.86524822695036,-0.06086431340732947,31.20567375886525,0.25351511937131754,75.88652482269504,-0.07929206284679535,16.31205673758865,0.023008528872377858,35.46099290780142,0.0070380738626969796,61.702127659574465,36.87943262411348,1800000,78.19548872180451,91.86813186813187,540000,-41.31605609769103,TRUE,FALSE,26.31578947368421,High,20.75,79.25,Below Expected Value by Current Model,Strikers,1.1.0,2026-07-25 22:12:49 UTC,43,43,314,Performance data through: 2026-07-25 (updates every day) · MLSPA compensation as of: 2026-04-16,FALSE,2026-07-25 22:12:44 UTC
xW5pxRGB5g,asa_xW5pxRGB5g_mls_blended,Thiago Martins,thiago martins,1995-03-17,Brazil,CB,NA,31.290896646132783,mls,Vj58weDM8n,CB,asa_live,TRUE,NA,mlspa_via_asa,1510,2262000,3504,2262000,TRUE,0.6832579185520362,0.3167420814479638,blended,2025+2026 season to date,2619.8642533936654,0.17140457602429804,0.0052224369305150856,0.08889451589908882,0.009813317423913712,0.00830492158928903,0.06879934141201263,-0.009629957230521291,2026,2262000,New York City FC,0.1396251547943452,1,0.16548269508851796,0.1765148747666019,0.0055705993927235055,30.851063829787233,0.094820816961991225,94.14893617021276,0.01046753858583507,34.04255319148936,0.008858583028851797,74.46808510638297,0.07338596417510679,47.87234042553192,-0.010271954379543709,31.382978723404257,76.59574468085107,2262000,99.44444444444444,93.51648351648352,509583.5,-22.848699763593373,TRUE,FALSE,29.166666666666668,High,14,86,Below Expected Value by Current Model,Center backs,1.1.0,2026-07-25 22:12:49 UTC,69,69,302,Performance data through: 2026-07-25 (updates every day) · MLSPA compensation as of: 2026-04-16,FALSE,2026-07-25 22:12:44 UTC
xW5py2Jdqg,asa_xW5py2Jdqg_mls_blended,Markus Cimermancic,markus cimermancic,2004-10-01,Canada,W,NA,21.74674880219028,mls,kRQabn8MKZ,W,asa_live,TRUE,NA,mlspa_via_asa,150,101881,326,101881,TRUE,0.17647058823529413,0.8235294117647058,blended,2025+2026 season to date,418.4705882352941,0.12359900396968602,0.0028396607722843705,-0.047196831468783826,0.045472638036809815,-0.0019030891374954796,0.13252949837603753,-0.008142872609166366,2026,101881,Toronto FC,0.19903356584128315,1,0.16803890988918993,0.1792415038874039,0.003028971490531317,11.790393013100436,-0.05034328690160931,13.100436681222707,0.048504147240779553,17.03056768558952,-0.0020299617467252813,32.751091703056765,0.141364798272191,97.81659388646288,-0.00868573078338222,6.986899563318778,21.83406113537118,101881,12.616822429906541,11.31868131868132,527437.5,9.217238705464638,FALSE,TRUE,NA,Low,41,59,Small-Sample Watchlist,Wingers and attacking midfielders,1.1.0,2026-07-25 22:12:49 UTC,NA,NA,NA,Performance data through: 2026-07-25 (updates every day) · MLSPA compensation as of: 2026-04-16,FALSE,2026-07-25 22:12:44 UTC
xW5pyAAGqg,asa_xW5pyAAGqg_mls_blended,Anthony Ramirez,anthony ramirez,2005-12-22,USA,W,NA,19.523613963039015,mls,mKAqBBmqbg,W,asa_live,TRUE,NA,mlspa_via_asa,0,NA,11,80622,TRUE,0,1,blended,2025+2026 season to date,11,0.07363636363636364,0,-0.135,0.05563636363636364,-0.01390909090909091,0,0.16690909090909092,2026,80622,FC Dallas,0.19903356584128315,1,0.19677600573612092,0.20989440612508817,0,5.895196506550218,-0.1440000000045,1.7467248908296944,0.05934545454730909,25.32751091703057,-0.014836363636827273,21.83406113537118,0,8.951965065502183,0.1780363636419273,99.56331877729258,50.65502183406114,80622,1.4018691588785046,1.043956043956044,527437.5,49.25315267518263,FALSE,FALSE,NA,Low,41,59,Insufficient Evidence,Wingers and attacking midfielders,1.1.0,2026-07-25 22:12:49 UTC,NA,NA,NA,Performance data through: 2026-07-25 (updates every day) · MLSPA compensation as of: 2026-04-16,FALSE,2026-07-25 22:12:44 UTC
xW5pyAVYqg,asa_xW5pyAVYqg_mls_blended,Stas Kornzeniowski,stas kornzeniowski,2003-01-30,USA,FW,NA,23.416837782340863,mls,9z5k7Yg5A3,FW,asa_live,TRUE,NA,mlspa_via_asa,185,88025,0,NA,FALSE,1,0,blended,2025+2026 season to date,185,0.4917405405405405,0.09865945945945948,-0.09423243243243246,0.312372972972973,0.04821081081081081,0.00715135135135135,0.11957837837837838,2026,88025,Philadelphia Union,0.21844855740004673,1,0.2828549483312459,0.3017119448960908,0.10523675676004542,92.90780141843972,-0.10051459459773569,7.092198581560283,0.3331978378482503,93.61702127659575,0.05142486486647189,93.61702127659575,0.007628108108346485,17.02127659574468,0.12755027027425622,100,84.39716312056737,88025,6.7669172932330826,4.34065934065934,540000,77.63024582733429,FALSE,TRUE,NA,Low,49,51,Small-Sample Watchlist,Strikers,1.1.0,2026-07-25 22:12:49 UTC,NA,NA,NA,Performance data through: 2026-07-25 (updates every day) · MLSPA compensation as of: 2026-04-16,FALSE,2026-07-25 22:12:44 UTC
xW5pyEZBqg,asa_xW5pyEZBqg_mls_blended,Samuel Bassett,samuel bassett,2003-04-13,USA,W,NA,22.217659137577,mls,pzeQZ6xQKw,W,asa_live,TRUE,NA,mlspa_via_asa,0,NA,414,80622,TRUE,0,1,blended,2025+2026 season to date,414,-0.03571739130434783,0.0307391304347826,-0.10221739130434782,0.06971739130434783,0.02308695652173913,-0.007239130434782601,-0.04980434782608695,2026,80622,Colorado Rapids,0.19903356584128315,1,0.10318850049780068,0.11006773386776034,0.03278840579812608,32.314410480349345,-0.10903188406137825,2.6200873362445414,0.07436521739362827,39.737991266375545,0.024626086957291304,59.38864628820961,-0.007721739130676079,4.8034934497816595,-0.05312463768281955,0.8733624454148472,0.8733624454148472,80622,1.4018691588785046,1.043956043956044,527437.5,-0.5285067134636574,FALSE,FALSE,NA,Low,41,59,Insufficient Evidence,Wingers and attacking midfielders,1.1.0,2026-07-25 22:12:49 UTC,NA,NA,NA,Performance data through: 2026-07-25 (updates every day) · MLSPA compensation as of: 2026-04-16,FALSE,2026-07-25 22:12:44 UTC
xW5pyPEYqg,asa_xW5pyPEYqg_mls_blended,Érik Dueñas,erik duenas,2004-10-18,USA,CM,NA,20.700889801505816,mls,YgOMngl5wN,CM,asa_live,TRUE,NA,mlspa_via_asa,0,NA,201,170625,TRUE,0,1,blended,2025+2026 season to date,201,0.14807462686567163,0.04656716417910447,0.06940298507462686,0.03497014925373134,-0.028970149253731335,0.03394029850746269,-0.00783582089552239,2026,170625,Houston Dynamo FC,0.13647524696350208,1,0.1393859527816495,0.14867834963840568,0.049671641792597004,94.68599033816425,0.07402985074858208,88.40579710144928,0.0373014925384791,68.1159420289855,-0.030901492538279094,5.797101449275362,0.03620298507575821,15.458937198067632,-0.008358208955485075,21.256038647342994,56.52173913043478,170625,25.510204081632654,27.692307692307693,510300,31.011535048802127,FALSE,FALSE,NA,Low,41,59,Insufficient Evidence,Central and defensive midfielders,1.1.0,2026-07-25 22:12:49 UTC,NA,NA,NA,Performance data through: 2026-07-25 (updates every day) · MLSPA compensation as of: 2026-04-16,FALSE,2026-07-25 22:12:44 UTC
xW5pygjdqg,asa_xW5pygjdqg_mls_blended,Jalen Neal,jalen neal,2003-08-24,USA,CB,NA,22.85284052019165,mls,APk5LGOMOW,CB,asa_live,TRUE,NA,mlspa_via_asa,623,756250,1066,756250,TRUE,0.4708994708994709,0.5291005291005291,blended,2025+2026 season to date,1187.021164021164,0.11222618728542073,0.005840014805171593,0.0052796645862847914,0.011109890109890106,4.034664522469377e-4,0.09052060599098927,-9.274546591619736e-4,2026,756250,CF Montréal,0.1396251547943452,1,0.12142550782864402,0.12952054168793448,0.006229349125711033,35.1063829787234,0.005631642225546433,6.382978723404255,0.011850549450919776,35.638297872340424,4.3036421574351575e-4,39.361702127659576,0.09655531306007258,73.40425531914893,-9.89284969803687e-4,71.80851063829788,27.659574468085108,756250,68.33333333333333,71.26373626373626,509583.5,-40.67375886524822,TRUE,FALSE,16.666666666666668,Medium,29.75,70.25,Below Expected Value by Current Model,Center backs,1.1.0,2026-07-25 22:12:49 UTC,81,81,355,Performance data through: 2026-07-25 (updates every day) · MLSPA compensation as of: 2026-04-16,FALSE,2026-07-25 22:12:44 UTC
xW5pykn0qg,asa_xW5pykn0qg_mls_blended,Juan Berrocal,juan berrocal,1999-02-05,Spain,CB,NA,27.40041067761807,mls,KAqBN0Vqbg,CB,asa_live,TRUE,NA,mlspa_via_asa,821,1424666.6,653,1424666.6,TRUE,0.539776462853386,0.460223537146614,blended,2025+2026 season to date,1121.525969756739,0.1381822448961099,0.003912520275107149,0.06209482860171987,0.018147548411065896,0.002191088920503459,0.08215392770734979,-0.030317669019636263,2026,1424666.6,Atlanta United FC,0.1396251547943452,1,0.13868513939445054,0.14793081535870342,0.00417335496024471,23.404255319148938,0.06623448384390436,72.87234042553192,0.01935738497240854,59.04255319148936,0.0023371615152767257,48.40425531914894,0.08763085622391158,64.36170212765957,-0.03233884695528927,7.9787234042553195,44.680851063829785,1424666.6,97.22222222222223,89.01098901098901,509583.5,-52.541371158392444,TRUE,FALSE,11.458333333333334,Medium,29.75,70.25,Below Expected Value by Current Model,Center backs,1.1.0,2026-07-25 22:12:49 UTC,86,86,377,Performance data through: 2026-07-25 (updates every day) · MLSPA compensation as of: 2026-04-16,FALSE,2026-07-25 22:12:44 UTC
xW5pynPBqg,asa_xW5pynPBqg_mls_blended,Guilherme Biro,guilherme biro,2000-05-01,Brazil,FB,NA,26.16563997262149,mls,gpMOLwl5zy,FB,asa_live,TRUE,NA,mlspa_via_asa,1054,325000,3085,325000,TRUE,0.6009122006841505,0.3990877993158495,blended,2025+2026 season to date,2285.1858608893954,0.14861947130799896,0.017715625687246002,0.02804641763489426,0.06251309994843923,-0.019863290021049362,0.05940835949873316,7.992585597356543e-4,2026,325000,Austin FC,0.11482828719990651,1,0.14159229474385016,0.15103178106482656,0.01889666740031959,66.3265306122449,0.029916178811488756,67.34693877551021,0.06668063994708562,87.24489795918367,-0.021187509356448097,12.244897959183673,0.06336891680062898,60.714285714285715,8.525424637446732e-4,67.34693877551021,76.53061224489795,325000,48.663101604278076,38.35164835164835,336500,27.867510640619876,TRUE,FALSE,85,High,20.75,79.25,Strong Value,Fullbacks and wingbacks,1.1.0,2026-07-25 22:12:49 UTC,13,13,66,Performance data through: 2026-07-25 (updates every day) · MLSPA compensation as of: 2026-04-16,FALSE,2026-07-25 22:12:44 UTC
xW5pynj0qg,asa_xW5pynj0qg_mls_blended,Matheus Nascimento,matheus nascimento,2004-03-03,Brazil,FW,NA,22.327173169062284,mls,kaDQ0wRqEv,FW,asa_live,TRUE,NA,mlspa_via_asa,193,707000,1309,707000,TRUE,0.21612541993281076,0.7838745800671892,blended,2025+2026 season to date,1219.0918253079508,0.1631499062823745,0.05296273451862675,-0.05789526980495954,0.1761185273457851,-0.04142497499865262,0.029641723206639874,0.0037471660149349297,2026,707000,LA Galaxy,0.21844855740004673,1,0.18138933224702392,0.19348195440287183,0.05649358348830062,46.09929078014184,-0.06175495446055335,28.368794326241133,0.18785976250804137,51.06382978723404,-0.04418663999994363,35.46099290780142,0.03161783808807059,57.4468085106383,0.003996977082722164,53.191489361702125,21.27659574468085,707000,57.142857142857146,67.58241758241758,540000,-35.86626139817629,FALSE,TRUE,NA,Low,41,59,Small-Sample Watchlist,Strikers,1.1.0,2026-07-25 22:12:49 UTC,NA,NA,NA,Performance data through: 2026-07-25 (updates every day) · MLSPA compensation as of: 2026-04-16,FALSE,2026-07-25 22:12:44 UTC
xW5pyrwKqg,asa_xW5pyrwKqg_mls_blended,Obinna Nwobodo,obinna nwobodo,1996-11-29,Nigeria,CM,NA,29.58521560574949,mls,NWMWlBK5lz,CM,asa_live,TRUE,NA,mlspa_via_asa,559,1849724,1019,1849724,TRUE,0.44400317712470216,0.5559968228752978,blended,2025+2026 season to date,1125.5607625099285,0.09049424477423006,0.01563917497647945,-0.01504798658685921,0.014013912002375823,0.007302522135034033,0.08145450343396046,-0.012867881186760521,2026,1849724,FC Cincinnati,0.13647524696350208,1,0.10648243940229635,0.11358126869933219,0.016681786642099388,52.65700483091788,-0.016051185693151424,14.009661835748792,0.014948172803001342,29.95169082125604,0.007789356944279719,60.38647342995169,0.0868848036656063,83.57487922705315,-0.013725739932973486,14.492753623188406,17.8743961352657,1849724,97.44897959183673,92.08791208791209,510300,-79.57458345657103,TRUE,FALSE,4.123711340206185,Medium,29.75,70.25,Below Expected Value by Current Model,Central and defensive midfielders,1.1.0,2026-07-25 22:12:49 UTC,94,94,409,Performance data through: 2026-07-25 (updates every day) · MLSPA compensation as of: 2026-04-16,FALSE,2026-07-25 22:12:44 UTC
xW5pyx70qg,asa_xW5pyx70qg_mls_blended,Tucker Lepley,tucker lepley,2002-01-17,USA,CM,NA,23.45242984257358,mls,kaDQ0wRqEv,CM,asa_live,TRUE,NA,mlspa_via_asa,0,NA,646,82308,TRUE,0,1,blended,2025+2026 season to date,646,0.1690356037151703,0.04362074303405573,-0.05092105263157894,0.07353250773993808,0.03052476780185758,0.06411455108359133,0.0081640866873065,2026,82308,LA Galaxy,0.13647524696350208,1,0.15335645921195928,0.1635802231645351,0.04652879257111347,92.7536231884058,-0.05431578947538157,5.797101449275362,0.0784346749250517,91.78743961352657,0.03255975232299891,88.40579710144928,0.06838885449130123,63.768115942028984,0.00870835913339907,89.85507246376811,70.53140096618357,82308,2.0408163265306123,1.978021978021978,510300,68.49058463965295,FALSE,FALSE,NA,Low,41,59,Insufficient Evidence,Central and defensive midfielders,1.1.0,2026-07-25 22:12:49 UTC,NA,NA,NA,Performance data through: 2026-07-25 (updates every day) · MLSPA compensation as of: 2026-04-16,FALSE,2026-07-25 22:12:44 UTC
xW5pyyaJqg,asa_xW5pyyaJqg_mls_blended,Braian Ojeda,braian ojeda,2000-06-27,Paraguay,CM,NA,26.00958247775496,mls,jYQJ8EW5GR,CM,asa_live,TRUE,NA,mlspa_via_asa,1628,910500,2431,910500,TRUE,0.6993127147766323,0.30068728522336774,blended,2025+2026 season to date,2358.970790378007,0.12314247509615915,0.01681545501193773,0.016238309295313537,0.01584856259568206,0.011496753171025453,0.0571951389271735,0.005548256095026864,2026,910500,Orlando City SC,0.13647524696350208,1,0.1258460040212905,0.13423573762690474,0.017936485346627427,57.00483091787439,0.017320863248875717,49.75845410628019,0.01690513343592248,34.78260869565217,0.012263203382810374,69.08212560386474,0.061008148190891565,49.75845410628019,0.005918139834880263,86.47342995169082,35.7487922705314,910500,83.6734693877551,79.34065934065934,510300,-47.9246771172237,TRUE,FALSE,17.52577319587629,High,14,86,Below Expected Value by Current Model,Central and defensive midfielders,1.1.0,2026-07-25 22:12:49 UTC,81,81,352,Performance data through: 2026-07-25 (updates every day) · MLSPA compensation as of: 2026-04-16,FALSE,2026-07-25 22:12:44 UTC
zeQZ7DJzMK,asa_zeQZ7DJzMK_mls_blended,Tristan Muyumba,tristan muyumba,1997-03-07,France,CM,NA,29.31690622861054,mls,KAqBN0Vqbg,CM,asa_live,TRUE,NA,mlspa_via_asa,1370,641600,1323,641600,TRUE,0.6618357487922706,0.3381642512077294,blended,2025+2026 season to date,1817.391304347826,0.14646241085806302,0.01792417759374281,0.033652818035426725,0.039766390614216704,-0.009981550494593972,0.06574361628709455,-6.430411778237844e-4,2026,641600,Atlanta United FC,0.13647524696350208,1,0.143983582409413,0.15358248790817333,0.019119122767256472,60.38647342995169,0.035896339238910266,71.01449275362319,0.042417483323156695,74.39613526570048,-0.010646987194566289,15.942028985507246,0.07012652404175897,67.14975845410628,-6.85910589700138e-4,54.106280193236714,64.2512077294686,641600,60.714285714285715,63.07692307692308,510300,3.5369220151828884,TRUE,FALSE,61.855670103092784,High,20.75,79.25,Fair Value,Central and defensive midfielders,1.1.0,2026-07-25 22:12:49 UTC,38,38,164,Performance data through: 2026-07-25 (updates every day) · MLSPA compensation as of: 2026-04-16,FALSE,2026-07-25 22:12:44 UTC
zeQZJ7YgQK,asa_zeQZJ7YgQK_mls_blended,Rudy Camacho,rudy camacho,1991-03-05,France,CB,NA,35.32375085557837,mls,mvzqoLZQap,CB,asa_live,TRUE,NA,mlspa_via_asa,1556,415000,12,415000,TRUE,0.6897163120567376,0.31028368794326244,blended,2025+2026 season to date,1559.723404255319,0.16963297872340427,0.006371010638297871,0.1314906914893617,0.007284574468085104,-6.369680851063854e-4,0.04434175531914894,-0.019218085106382975,2026,415000,Columbus Crew,0.1396251547943452,1,0.1612964045482295,0.17204949819015466,0.006795744681063429,37.234042553191486,0.1402567375930355,100,0.007770212766200263,26.595744680851062,-6.794326241347101e-4,34.04255319148936,0.047297872341903593,22.872340425531913,-0.020499290780782442,12.76595744680851,73.93617021276596,415000,40.55555555555556,45.05494505494506,509583.5,33.3806146572104,TRUE,FALSE,83.33333333333333,High,14,86,Strong Value,Center backs,1.1.0,2026-07-25 22:12:49 UTC,17,17,74,Performance data through: 2026-07-25 (updates every day) · MLSPA compensation as of: 2026-04-16,FALSE,2026-07-25 22:12:44 UTC
zeQZJxR1QK,asa_zeQZJxR1QK_mls_blended,Eric Miller,eric miller,1993-01-15,USA,FB,NA,32.45722108145106,mls,WBLMvYAQxe,FB,asa_live,TRUE,NA,mlspa_via_asa,0,NA,529,104000,TRUE,0,1,blended,2025+2026 season to date,529,0.0674234404536862,0,-0.04089981096408317,0.0488109640831758,0.01156899810964083,0.04989981096408318,-0.00195652173913043,2026,104000,Portland Timbers FC,0.11482828719990651,1,0.0926164502391,0.09879088025812723,0,6.377551020408164,-0.04362646502971871,6.63265306122449,0.05206502835701455,78.57142857142857,0.012340264650669185,68.87755102040816,0.05322646503001872,48.46938775510204,-0.002086956521804343,43.36734693877551,21.428571428571427,104000,14.171122994652407,12.967032967032967,336500,7.25744843391902,FALSE,FALSE,NA,Low,41,59,Insufficient Evidence,Fullbacks and wingbacks,1.1.0,2026-07-25 22:12:49 UTC,NA,NA,NA,Performance data through: 2026-07-25 (updates every day) · MLSPA compensation as of: 2026-04-16,FALSE,2026-07-25 22:12:44 UTC
zeQZKbYMKw,asa_zeQZKbYMKw_mls_blended,Luis Suárez,luis suarez,1987-01-24,Uruguay,FW,NA,39.43326488706366,mls,zeQZkL1MKw,FW,asa_live,TRUE,NA,mlspa_via_asa,811,803125,2766,803125,TRUE,0.5367306419589676,0.4632693580410324,blended,2025+2026 season to date,2092.403044341496,0.27212033374918,0.09209787803396927,-0.024682788976285258,0.21655616871790528,-0.049894264906233526,0.02996728545977366,0.0080760554200505,2026,803125,Inter Miami CF,0.21844855740004673,1,0.2601596186262493,0.27750359321000456,0.09823773657263715,88.65248226950355,-0.0263283082421937,70.92198581560284,0.23099324663965085,70.92198581560284,-0.0532205492349789,29.078014184397162,0.031965104491424146,58.156028368794324,0.008614459114989734,64.53900709219859,78.01418439716312,803125,63.1578947368421,74.50549450549451,540000,14.856289660321018,TRUE,FALSE,80.70175438596492,Medium,29.75,70.25,Undervalued,Strikers,1.1.0,2026-07-25 22:12:49 UTC,12,12,84,Performance data through: 2026-07-25 (updates every day) · MLSPA compensation as of: 2026-04-16,FALSE,2026-07-25 22:12:44 UTC
zeQZX6bK5K,asa_zeQZX6bK5K_mls_blended,Roald Mitchell,roald mitchell,2003-01-13,USA,FW,NA,23.463381245722108,mls,a2lqRX2Mr0,FW,asa_live,TRUE,NA,mlspa_via_asa,48,145408,0,NA,FALSE,1,0,blended,2025+2026 season to date,48,0.3853125,0.0365625,-0.00375,0.08437499999999999,0.16668750000000002,0.035625,0.0658125,2026,145408,New York Red Bulls,0.21844855740004673,1,0.2308088494444877,0.24619610608181386,0.03900000000121875,21.98581560283688,-0.004000000000125,82.26950354609929,0.0900000000028125,14.893617021276595,0.17780000000555626,97.16312056737588,0.038000000001187494,70.2127659574468,0.07020000000219374,98.58156028368795,60.99290780141844,145408,28.571428571428573,25.274725274725274,540000,32.42147922998987,FALSE,TRUE,NA,Low,49,51,Small-Sample Watchlist,Strikers,1.1.0,2026-07-25 22:12:49 UTC,NA,NA,NA,Performance data through: 2026-07-25 (updates every day) · MLSPA compensation as of: 2026-04-16,FALSE,2026-07-25 22:12:44 UTC
zeQZX96N5K,asa_zeQZX96N5K_mls_blended,Jimer Fory,jimer fory,2002-05-24,Colombia,FB,NA,24.10403832991102,mls,WBLMvYAQxe,FB,asa_live,TRUE,NA,mlspa_via_asa,1425,470000,2521,470000,TRUE,0.6705882352941176,0.3294117647058824,blended,2025+2026 season to date,2255.4470588235295,0.13662154308514363,0.00887820463401544,0.05229071526238421,0.021639436451454837,-0.009494230767435885,0.06841074363581212,-0.005103326131087097,2026,470000,Portland Timbers FC,0.11482828719990651,1,0.13204224139900778,0.14084505749667636,0.009470084943245742,39.285714285714285,0.055776762948286186,87.24489795918367,0.023082065548939806,45.40816326530612,-0.010127179485581419,20.918367346938776,0.07297145988047996,75,-0.005443547873329681,31.122448979591837,71.42857142857143,470000,65.77540106951872,50.43956043956044,336500,5.653170359052709,TRUE,FALSE,70,High,20.75,79.25,Undervalued,Fullbacks and wingbacks,1.1.0,2026-07-25 22:12:49 UTC,25,25,130,Performance data through: 2026-07-25 (updates every day) · MLSPA compensation as of: 2026-04-16,FALSE,2026-07-25 22:12:44 UTC
zeQZXXm15K,asa_zeQZXXm15K_mls_blended,Jake Davis,jake davis,2002-01-03,USA,FB,NA,24.490075290896645,mls,Z2vQ1xlqrA,FB,asa_live,FALSE,NA,NA,1288,NA,2090,NA,TRUE,0.647887323943662,0.352112676056338,blended,2025+2026 season to date,2023.9154929577464,0.10717536318388801,0.009210263976201703,0.02916887930453534,0.019078287909273822,0.0017436942227527787,0.05160684200899175,-0.0036326042378673935,2026,NA,Sporting Kansas City,0.11482828719990651,1,0.10892532594828906,0.1161870143484725,0.009824281574922157,39.795918367346935,0.031113471259143325,70.40816326530613,0.02035017377052802,40.816326530612244,0.0018599405043277539,46.42857142857143,0.05504729814464476,51.02040816326531,-0.0038747778538463064,37.755102040816325,41.83673469387755,NA,NA,NA,336500,NA,FALSE,FALSE,NA,Insufficient,20.75,79.25,Insufficient Evidence,Fullbacks and wingbacks,1.1.0,2026-07-25 22:12:49 UTC,NA,NA,NA,Performance data through: 2026-07-25 (updates every day) · MLSPA compensation as of: 2026-04-16,FALSE,2026-07-25 22:12:44 UTC
zeQZe4aYqK,asa_zeQZe4aYqK_mls_blended,Zakaria Taifi,zakaria taifi,2005-10-01,USA,FB,NA,20.747433264887064,mls,jYQJ8EW5GR,FB,asa_live,TRUE,NA,mlspa_via_asa,402,99923,85,99923,TRUE,0.3647912885662432,0.6352087114337568,blended,2025+2026 season to date,455.9927404718693,0.06314220134514784,0.008844827586206897,0.02558759474751788,0.01985822568591865,-0.0028690082203480325,0.01653090637343866,-0.004810344827586207,2026,99923,Orlando City SC,0.11482828719990651,1,0.09250949746784436,0.09867679730211763,0.009434482758915518,38.775510204081634,0.027293434398205325,62.755102040816325,0.021182107398975164,42.3469387755102,-0.003060275435133535,30.612244897959183,0.0176329667988856,16.3265306122449,-0.005131034482918966,32.6530612244898,20.408163265306122,99923,11.764705882352942,10.87912087912088,336500,8.64345738295318,FALSE,TRUE,NA,Low,41,59,Small-Sample Watchlist,Fullbacks and wingbacks,1.1.0,2026-07-25 22:12:49 UTC,NA,NA,NA,Performance data through: 2026-07-25 (updates every day) · MLSPA compensation as of: 2026-04-16,FALSE,2026-07-25 22:12:44 UTC
zeQZeWKjqK,asa_zeQZeWKjqK_mls_blended,Hugo Picard,hugo picard,2003-05-09,France,W,NA,23.145790554414784,mls,mvzqoLZQap,W,asa_live,TRUE,NA,mlspa_via_asa,913,781244,883,781244,TRUE,0.5660260384376937,0.4339739615623063,blended,2025+2026 season to date,1296.1990080595165,0.17908851145035487,0.03967924262030122,-0.027753292718631667,0.10519962732020904,0.029135014979508926,0.032286274669499446,5.416445794679246e-4,2026,781244,Columbus Crew,0.19903356584128315,1,0.18539957510121263,0.1977595467808068,0.04232452546297727,45.414847161572055,-0.029603512234132223,27.510917030567686,0.11221293581172963,70.3056768558952,0.031077349312447353,65.06550218340611,0.034438692981875615,43.23144104803494,5.777542181171744e-4,45.851528384279476,38.427947598253276,781244,66.82242990654206,72.63736263736264,527437.5,-28.39448230828878,TRUE,FALSE,29.032258064516128,High,20.75,79.25,Below Expected Value by Current Model,Wingers and attacking midfielders,1.1.0,2026-07-25 22:12:49 UTC,67,67,303,Performance data through: 2026-07-25 (updates every day) · MLSPA compensation as of: 2026-04-16,FALSE,2026-07-25 22:12:44 UTC
zeQZkkOjMK,asa_zeQZkkOjMK_mls_blended,Chris Rindov,chris rindov,2001-10-08,USA,CB,NA,24.72826830937714,mls,kaDQ0wRqEv,CB,asa_live,TRUE,NA,mlspa_via_asa,9,122150,572,122150,TRUE,0.15,0.85,blended,2025+2026 season to date,495.2,0.18935061188811186,0,0.03811888111888111,0.00855655594405594,-0.0059782342657342625,0.1497634615384615,-0.0011100524475524424,2026,122150,LA Galaxy,0.1396251547943452,1,0.1621087617636962,0.17291601255334624,0,7.180851063829787,0.040660139861410476,35.638297872340424,0.009126993007278221,29.25531914893617,-0.006376783216982488,22.340425531914892,0.1597476923126844,94.14893617021276,-0.0011840559440929404,69.14893617021276,75,122150,16.11111111111111,21.208791208791208,509583.5,58.888888888888886,FALSE,TRUE,NA,Low,41,59,Small-Sample Watchlist,Center backs,1.1.0,2026-07-25 22:12:49 UTC,NA,NA,NA,Performance data through: 2026-07-25 (updates every day) · MLSPA compensation as of: 2026-04-16,FALSE,2026-07-25 22:12:44 UTC
