asa_player_id,player_id,display_name,normalized_name,birth_date,nationality,primary_position,is_domestic_player,age,league_id,team_id,position_group,data_source,compensation_known,salary_as_of,salary_source,minutes_2026,salary_2026,minutes_2025,salary_2025,has_2025_prior,blend_weight_2026,blend_weight_2025,evaluation_period,season_label,minutes,goals_added_p90,goals_added_shooting_p90,goals_added_passing_p90,goals_added_receiving_p90,goals_added_dribbling_p90,goals_added_defending_p90,goals_added_fouling_p90,season_year,guaranteed_compensation,club,prior_goals_added_p90,metric_coverage,adjusted_goals_added_p90,adjusted_goals_added_p96,goals_added_shooting_p96,pct_goals_added_shooting,goals_added_passing_p96,pct_goals_added_passing,goals_added_receiving_p96,pct_goals_added_receiving,goals_added_dribbling_p96,pct_goals_added_dribbling,goals_added_defending_p96,pct_goals_added_defending,goals_added_fouling_p96,pct_goals_added_fouling,sporting_impact,compensation,compensation_percentile,compensation_percentile_league,position_median_compensation,value_surplus,official_eligible,small_sample_watchlist,undervaluation_score,data_confidence,model_uncertainty,model_confidence,value_label,position_label,model_version,calculation_timestamp,undervaluation_rank,position_rank,display_rank,data_cutoff_label,is_synthetic,data_version
0Oq624oPq6,asa_0Oq624oPq6_mls_blended,Kalani Kossa-Rienzi,kalani kossarienzi,2002-06-27,USA,FB,NA,24.01095140314853,mls,jYQJ19EqGR,FB,asa_live,TRUE,NA,mlspa_via_asa,1057,113400,1634,113400,TRUE,0.601593625498008,0.398406374501992,blended,2025+2026 season to date,1707.996015936255,0.177490654273969,0.028220766174678797,0.01765878886970043,0.03899418378244322,0.006017484181128258,0.07617994606640757,0.010419485199610716,2026,113400,Seattle Sounders FC,0.11638469243644946,1,0.16160519483237681,0.17237887449325545,0.03010215058726474,85.56701030927834,0.01883604146160242,54.63917525773196,0.04159379603590591,70.61855670103093,0.006418649793404058,57.7319587628866,0.08125860914004074,81.95876288659794,0.011114117546598747,91.75257731958763,89.69072164948453,113400,19.18918918918919,16.41053787047201,343925,70.50153246029534,TRUE,FALSE,97.5609756097561,High,20.75,79.25,Elite Value,Fullbacks and wingbacks,1.1.0,2026-08-01 14:43:31 UTC,3,3,14,Performance data through: 2026-08-01 (updates every day) · MLSPA compensation as of: 2026-04-16,FALSE,2026-08-01 14:43:25 UTC
0Oq624zdq6,asa_0Oq624zdq6_mls_blended,Noah Streit,noah streit,2005-10-11,Switzerland,W,NA,20.720054757015745,mls,APk5LGOMOW,W,asa_live,TRUE,NA,mlspa_via_asa,716,451333,0,NA,FALSE,1,0,blended,2025+2026 season to date,716,0.14191340782122905,0.03205307262569832,-0.0289608938547486,0.08800139664804468,0.05322067039106145,0.03007960893854749,-0.0324804469273743,2026,451333,CF Montréal,0.20277985605674193,1,0.16966406811097656,0.18097500599069713,0.034189944135146644,34.93449781659389,-0.030891620112697204,24.017467248908297,0.09386815642751438,57.64192139737991,0.0567687150855729,80.78602620087337,0.03208491620211998,37.99126637554585,-0.0346458100569486,1.3100436681222707,20.087336244541486,451333,44.60093896713615,49.28649835345774,520000,-24.513602722594666,TRUE,FALSE,36.458333333333336,Low,37.75,62.25,Below Expected Value by Current Model,Wingers and attacking midfielders,1.1.0,2026-08-01 14:43:31 UTC,62,62,279,Performance data through: 2026-08-01 (updates every day) · MLSPA compensation as of: 2026-04-16,FALSE,2026-08-01 14:43:25 UTC
0Oq62JVPq6,asa_0Oq62JVPq6_mls_blended,Joyeux Masanka Bungi,joyeux masanka bungi,2007-01-24,Belgium,FB,NA,19.433264887063658,mls,a2lqRX2Mr0,FB,asa_live,TRUE,NA,mlspa_via_asa,103,222500,0,NA,FALSE,1,0,blended,2025+2026 season to date,103,-0.29018446601941744,0,-0.04526213592233009,-0.00428155339805825,-0.04805825242718447,0.022019417475728147,-0.21460194174757288,2026,222500,New York Red Bulls,0.11638469243644946,1,0.05681623821034093,0.060603987426257534,0,6.443298969072165,-0.04827961165199417,5.670103092783505,-0.004566990291404852,0.5154639175257731,-0.05126213592393204,4.123711340206185,0.02348737864151067,16.49484536082474,-0.22890873787123114,1.0309278350515463,1.5463917525773196,222500,37.83783783783784,31.06476399560922,343925,-36.29144608526052,FALSE,TRUE,NA,Low,49,51,Small-Sample Watchlist,Fullbacks and wingbacks,1.1.0,2026-08-01 14:43:31 UTC,NA,NA,NA,Performance data through: 2026-08-01 (updates every day) · MLSPA compensation as of: 2026-04-16,FALSE,2026-08-01 14:43:25 UTC
0Oq630dXQ6,asa_0Oq630dXQ6_mls_blended,Kévin Cabral,kevin cabral,1999-07-10,France,W,NA,25.976728268309376,mls,pzeQZ6xQKw,W,asa_live,TRUE,NA,mlspa_via_asa,0,NA,861,2100000,TRUE,0,1,blended,2025+2026 season to date,861,0.11438675958188156,0.03173519163763066,-0.04598257839721254,0.11775261324041812,-0.02564111498257839,0.04101742160278746,-0.00449477351916376,2026,2100000,Colorado Rapids,0.20277985605674193,1,0.1506878258959926,0.1607336809607484,0.033850871081197206,34.49781659388646,-0.04904808362522613,13.537117903930131,0.1256027874603711,77.7292576419214,-0.02735052264893832,17.03056768558952,0.043751916377673866,62.44541484716157,-0.004794425087257837,13.100436681222707,9.170305676855895,2100000,85.44600938967136,92.75521405049396,520000,-76.27570371281547,FALSE,FALSE,NA,Low,41,59,Insufficient Evidence,Wingers and attacking midfielders,1.1.0,2026-08-01 14:43:31 UTC,NA,NA,NA,Performance data through: 2026-08-01 (updates every day) · MLSPA compensation as of: 2026-04-16,FALSE,2026-08-01 14:43:25 UTC
0Oq6320dQ6,asa_0Oq6320dQ6_mls_blended,Kai Trewin,kai trewin,2001-05-18,Australia,CM,NA,25.11978097193703,mls,Vj58weDM8n,CM,asa_live,TRUE,NA,mlspa_via_asa,1402,311542,0,NA,FALSE,1,0,blended,2025+2026 season to date,1402,0.1626034236804565,0.013628388017118399,0.06463052781740371,0.00647717546362339,-0.00988587731811697,0.08851711840228245,-7.639087018544937e-4,2026,311542,New York City FC,0.13644825463003651,1,0.15476471167733363,0.16508235912764804,0.014536947218713904,45.75471698113208,0.06893922967405164,86.32075471698113,0.006908987161414188,10.377358490566039,-0.010544935806320963,17.452830188679247,0.09441825963205185,87.26415094339623,-8.148359486702569e-4,52.35849056603774,74.05660377358491,311542,34.343434343434346,36.88254665203073,535541.5,39.713169430150565,TRUE,FALSE,88.23529411764706,High,28.75,71.25,Strong Value,Central and defensive midfielders,1.1.0,2026-08-01 14:43:31 UTC,13,13,54,Performance data through: 2026-08-01 (updates every day) · MLSPA compensation as of: 2026-04-16,FALSE,2026-08-01 14:43:25 UTC
0Oq632k7Q6,asa_0Oq632k7Q6_mls_blended,Danny Leyva,danny leyva,2003-05-05,USA,CM,NA,22.157426420260094,mls,jYQJ19EqGR,CM,asa_live,TRUE,NA,mlspa_via_asa,0,NA,840,349900,TRUE,0,1,blended,2025+2026 season to date,840,0.16733571428571423,0.01669285714285714,0.02656071428571428,0.04234285714285714,-0.00883928571428571,0.05847857142857142,0.0321,2026,349900,Seattle Sounders FC,0.13644825463003651,1,0.15446593942918185,0.1647636687296095,0.017805714286270712,56.132075471698116,0.028331428572313924,62.264150943396224,0.04516571428712571,78.77358490566037,-0.009428571428866066,19.81132075471698,0.062377142859092134,55.18867924528302,0.03424000000107,98.58490566037736,73.58490566037736,349900,37.37373737373738,40.39517014270033,535541.5,36.21116828663998,FALSE,FALSE,NA,Low,41,59,Insufficient Evidence,Central and defensive midfielders,1.1.0,2026-08-01 14:43:31 UTC,NA,NA,NA,Performance data through: 2026-08-01 (updates every day) · MLSPA compensation as of: 2026-04-16,FALSE,2026-08-01 14:43:25 UTC
0Oq633dAQ6,asa_0Oq633dAQ6_mls_blended,Griffin Yow,griffin yow,2002-09-25,USA,W,NA,23.76454483230664,mls,19vQ2095K6,W,asa_live,TRUE,NA,mlspa_via_asa,829,810875,0,NA,FALSE,1,0,blended,2025+2026 season to date,829,0.10296260554885406,0.04545597104945718,-0.02268998793727382,0.06659348612786489,0.006524728588661029,0.00424487334137515,0.0028335343787696,2026,810875,New England Revolution,0.20277985605674193,1,0.14487327756056345,0.15453149606943012,0.04848636912093619,51.96506550218341,-0.024202653800515072,32.751091703056765,0.07103305187194234,35.37117903930131,0.006959710494789256,41.92139737991266,0.004527864897608322,11.790393013100436,0.0030224366707820244,55.45851528384279,6.550218340611353,810875,69.48356807511738,75.08232711306258,520000,-62.933349734506024,TRUE,FALSE,3.125,Low,37.75,62.25,Below Expected Value by Current Model,Wingers and attacking midfielders,1.1.0,2026-08-01 14:43:31 UTC,94,94,424,Performance data through: 2026-08-01 (updates every day) · MLSPA compensation as of: 2026-04-16,FALSE,2026-08-01 14:43:25 UTC
0Oq63DL6Q6,asa_0Oq63DL6Q6_mls_blended,Cody Baker,cody baker,2004-01-07,USA,FB,NA,22.480492813141684,mls,jYQJ19EqGR,FB,asa_live,TRUE,NA,mlspa_via_asa,137,119104,133,119104,TRUE,0.16367980884109917,0.8363201911589009,blended,2025+2026 season to date,248.23058542413384,0.1905625353706848,0.0016129032258064507,0.057494057724957554,0.0019875495189586863,-2.9428409734009488e-5,0.12875551782682512,7.419354838709666e-4,2026,119104,Seattle Sounders FC,0.11638469243644946,1,0.1380924800280248,0.14729864536782952,0.0017204301075806443,15.463917525773196,0.06132699490853786,90.20618556701031,0.00212005282028885,4.639175257731959,-3.139030371725773e-5,41.23711340206186,0.13733921901957197,94.84536082474227,7.913978494870956e-4,66.49484536082474,75.25773195876289,119104,24.324324324324323,20.197585071350165,343925,50.933407634438566,FALSE,TRUE,NA,Low,41,59,Small-Sample Watchlist,Fullbacks and wingbacks,1.1.0,2026-08-01 14:43:31 UTC,NA,NA,NA,Performance data through: 2026-08-01 (updates every day) · MLSPA compensation as of: 2026-04-16,FALSE,2026-08-01 14:43:25 UTC
0Oq63JA7Q6,asa_0Oq63JA7Q6_mls_blended,Wyatt Omsberg,wyatt omsberg,1995-09-21,USA,CB,NA,29.776865160848732,mls,19vQ2095K6,CB,asa_live,TRUE,NA,mlspa_via_asa,0,NA,470,137500,TRUE,0,1,blended,2025+2026 season to date,470,0.14436382978723408,0.01191063829787234,0.03858510638297872,0.0207,-0.02650212765957447,0.0977744680851064,0.00189574468085106,2026,137500,New England Revolution,0.13407640205361335,1,0.13859517872165236,0.1478348573077157,0.012704680851460851,72.25130890052355,0.041157446809796806,38.21989528795812,0.02208000000069,67.01570680628272,-0.02826893617109617,6.282722513089006,0.10429276596070597,79.05759162303664,0.0020221276596376556,90.05235602094241,50.261780104712045,137500,19.88950276243094,24.149286498353458,501667,30.372277342281105,FALSE,FALSE,NA,Low,41,59,Insufficient Evidence,Center backs,1.1.0,2026-08-01 14:43:31 UTC,NA,NA,NA,Performance data through: 2026-08-01 (updates every day) · MLSPA compensation as of: 2026-04-16,FALSE,2026-08-01 14:43:25 UTC
0Oq63P32Q6,asa_0Oq63P32Q6_mls_blended,Nkosi Tafari,nkosi tafari,1997-03-23,USA,CB,NA,29.27310061601643,mls,eVq3ya6MWO,CB,asa_live,TRUE,NA,mlspa_via_asa,1488,481500,2247,481500,TRUE,0.680073126142596,0.31992687385740404,blended,2025+2026 season to date,2206.8756855575866,0.15655158553879275,0.006442908643578395,0.053837196090826774,0.017812426318577115,0.0020373618206359165,0.07925765859659314,-0.0028359659314186126,2026,481500,Los Angeles FC,0.13407640205361335,1,0.15174727227315954,0.16186375709642842,0.006872435886698385,39.26701570680628,0.057426342498676466,62.303664921465966,0.018999921407076004,59.68586387434555,0.0021731859420795565,47.12041884816754,0.0845415025056746,62.303664921465966,-0.003025030326941052,55.49738219895288,68.58638743455498,481500,46.408839779005525,51.042810098792536,501667,22.177547655549454,TRUE,FALSE,73.19587628865979,High,20.75,79.25,Undervalued,Center backs,1.1.0,2026-08-01 14:43:31 UTC,27,27,119,Performance data through: 2026-08-01 (updates every day) · MLSPA compensation as of: 2026-04-16,FALSE,2026-08-01 14:43:25 UTC
0Oq63YndQ6,asa_0Oq63YndQ6_mls_blended,Onni Valakari,onni valakari,1999-08-18,Finland,CM,NA,26.869267624914443,mls,zeQZBOzQKw,CM,asa_live,TRUE,NA,mlspa_via_asa,1598,781800,3268,781800,TRUE,0.6953872932985204,0.30461270670147955,blended,2025+2026 season to date,2593.474325500435,0.21392734994934662,0.035266602963782034,0.01450997887578257,0.10387481424430589,0.010345786821172792,0.04001845892282469,0.009911708121478622,2026,781800,San Diego FC,0.13644825463003651,1,0.1993703338429775,0.212661689439155,0.03761770982920972,87.26415094339623,0.015477310801318407,48.58490566037736,0.11079980186405544,98.58490566037736,0.011035505942929172,67.9245283018868,0.042686356185680285,21.22641509433962,0.01057248866324092,91.98113207547169,94.33962264150944,781800,74.74747474747475,72.88693743139407,535541.5,19.59214789403468,TRUE,FALSE,75.49019607843137,High,14,86,Strong Value,Central and defensive midfielders,1.1.0,2026-08-01 14:43:31 UTC,26,26,110,Performance data through: 2026-08-01 (updates every day) · MLSPA compensation as of: 2026-04-16,FALSE,2026-08-01 14:43:25 UTC
0Oq6712Q6D,asa_0Oq6712Q6D_mls_blended,Ashley Westwood,ashley westwood,1990-04-01,England,CM,NA,36.24914442162902,mls,NPqxKXZ59d,CM,asa_live,TRUE,NA,mlspa_via_asa,1561,833333,3542,833333,TRUE,0.6904024767801857,0.30959752321981426,blended,2025+2026 season to date,2657.594427244582,0.19104757068211098,0.012829342013485234,0.0961907774551468,0.015080392215134433,0.00604686442915006,0.05772518718325691,0.0031750073859375194,2026,833333,Charlotte FC,0.13644825463003651,1,0.18099119615087317,0.19305727590029775,0.013684631481478561,41.9811320754717,0.10260349595536294,93.39622641509433,0.016085751696646073,33.0188679245283,0.0064499887246282925,55.660377358490564,0.061573532997398206,52.35849056603774,0.0033866745451058542,80.66037735849056,90.56603773584905,833333,78.28282828282828,76.18002195389681,535541.5,12.283209453020774,TRUE,FALSE,69.6078431372549,High,14,86,Undervalued,Central and defensive midfielders,1.1.0,2026-08-01 14:43:31 UTC,32,32,135,Performance data through: 2026-08-01 (updates every day) · MLSPA compensation as of: 2026-04-16,FALSE,2026-08-01 14:43:25 UTC
0Oq6ENn256,asa_0Oq6ENn256_mls_blended,Danny Musovski,danny musovski,1995-11-30,USA,FW,NA,30.584531143052704,mls,jYQJ19EqGR,FW,asa_live,TRUE,NA,mlspa_via_asa,745,712924,1913,712924,TRUE,0.5155709342560554,0.4844290657439446,blended,2025+2026 season to date,1671.712802768166,0.2171006379588212,0.07942211819692976,-0.08915140443188745,0.24909911785506922,-0.047758804898916,0.03052717393467027,-0.005037562697044622,2026,712924,Seattle Sounders FC,0.21108432719581333,1,0.2155116226337299,0.22987906414982892,0.08471692607937248,79.43262411347517,-0.09509483139698499,9.21985815602837,0.26570572572037715,82.26950354609929,-0.05094272522710236,30.49645390070922,0.03256231886466586,60.283687943262414,-0.005373400210348849,9.929078014184396,53.191489361702125,712924,58.208955223880594,67.83754116355654,535000,-5.017465862178469,TRUE,FALSE,56.89655172413793,Medium,29.75,70.25,Fair Value,Strikers,1.1.0,2026-08-01 14:43:31 UTC,26,26,190,Performance data through: 2026-08-01 (updates every day) · MLSPA compensation as of: 2026-04-16,FALSE,2026-08-01 14:43:25 UTC
0Oq6J43rq6,asa_0Oq6J43rq6_mls_blended,Sharod George,sharod george,2004-05-10,USA,CM,NA,21.14168377823409,mls,19vQ2095K6,CM,asa_live,FALSE,NA,NA,0,NA,11,NA,TRUE,0,1,blended,2025+2026 season to date,11,0.11454545454545452,0,0.02454545454545454,-0.01963636363636363,-0.02781818181818182,0.13745454545454547,0,2026,NA,New England Revolution,0.13644825463003651,1,0.1360539325335874,0.14512419470702836,0,6.60377358490566,0.026181818182636356,59.905660377358494,-0.020945454546109084,1.4150943396226414,-0.029672727273654546,5.660377358490566,0.14661818182276365,98.11320754716981,0,60.613207547169814,52.83018867924528,NA,NA,NA,535541.5,NA,FALSE,FALSE,NA,Insufficient,41,59,Insufficient Evidence,Central and defensive midfielders,1.1.0,2026-08-01 14:43:31 UTC,NA,NA,NA,Performance data through: 2026-08-01 (updates every day) · MLSPA compensation as of: 2026-04-16,FALSE,2026-08-01 14:43:25 UTC
0Oq6L8EgM6,asa_0Oq6L8EgM6_mls_blended,Ayoub Jabbari,ayoub jabbari,2000-01-30,Morocco,FW,NA,26.417522245037645,mls,NWMWlBK5lz,FW,asa_live,TRUE,NA,mlspa_via_asa,494,474800,207,474800,TRUE,0.4137353433835846,0.5862646566164154,blended,2025+2026 season to date,615.356783919598,0.2153905032408419,0.04030886315636151,0.0431522103269973,0.13182375646347683,-0.04761346588012526,0.03614969776418323,0.011569441409948283,2026,474800,FC Cincinnati,0.21108432719581333,1,0.21326462081586006,0.22748226221069287,0.04299612070146257,26.24113475177305,0.04602902435023553,96.45390070921985,0.1406120068987694,32.6241134751773,-0.05078769694038739,31.20567375886525,0.03855967761633377,72.34042553191489,0.012340737504330483,73.04964539007092,49.645390070921984,474800,48.507462686567166,50.71350164654226,535000,1.1379273843548177,TRUE,FALSE,65.51724137931035,Medium,29.75,70.25,Fair Value,Strikers,1.1.0,2026-08-01 14:43:31 UTC,21,21,154,Performance data through: 2026-08-01 (updates every day) · MLSPA compensation as of: 2026-04-16,FALSE,2026-08-01 14:43:25 UTC
0Oq6L8n2M6,asa_0Oq6L8n2M6_mls_blended,Or Blorian,or blorian,2000-03-07,Israel,CB,NA,26.316221765913756,mls,Z2vQ1xlqrA,CB,asa_live,FALSE,NA,NA,254,NA,0,NA,FALSE,1,0,blended,2025+2026 season to date,254,0.10055905511811022,0.00354330708661417,0.01318110236220472,0.00698031496062992,0.00846850393700787,0.06813779527559055,2.480314960629921e-4,2026,NA,Sporting Kansas City,0.13407640205361335,1,0.12410754242642623,0.1323813785923249,0.003779527559173225,20.94240837696335,0.014059842520124405,9.947643979057592,0.007445669291571258,25.130890052356023,0.009033070866424011,75.39267015706807,0.07268031496290119,49.21465968586387,2.6456692914212596e-4,81.67539267015707,31.413612565445025,NA,NA,NA,501667,NA,FALSE,FALSE,NA,Insufficient,49,51,Insufficient Evidence,Center backs,1.1.0,2026-08-01 14:43:31 UTC,NA,NA,NA,Performance data through: 2026-08-01 (updates every day) · MLSPA compensation as of: 2026-04-16,FALSE,2026-08-01 14:43:25 UTC
0Oq6LeJ7M6,asa_0Oq6LeJ7M6_mls_blended,Philip Quinton,philip quinton,1999-11-16,USA,CB,NA,26.622861054072555,mls,a2lqR4JMr0,CB,asa_live,TRUE,NA,mlspa_via_asa,1075,175000,941,175000,TRUE,0.6056338028169014,0.3943661971830986,blended,2025+2026 season to date,1446.0985915492959,0.14707409318824743,0.0019767643052790674,0.0488447920252653,0.01686698956758617,0.0032263405726601882,0.07843942045471554,-0.002280213737258832,2026,175000,Real Salt Lake,0.13407640205361335,1,0.14326263722371574,0.1528134797100722,0.002108548592363564,16.75392670157068,0.05210111149524448,52.87958115183246,0.017991455539320817,55.49738219895288,0.003441429944278412,53.403141361256544,0.08366871515431122,60.73298429319372,-0.0024322279864854275,57.59162303664922,57.068062827225134,175000,23.756906077348066,27.771679473106477,501667,33.31115674987707,TRUE,FALSE,83.50515463917526,High,20.75,79.25,Undervalued,Center backs,1.1.0,2026-08-01 14:43:31 UTC,17,17,74,Performance data through: 2026-08-01 (updates every day) · MLSPA compensation as of: 2026-04-16,FALSE,2026-08-01 14:43:25 UTC
0Oq6LgZgM6,asa_0Oq6LgZgM6_mls_blended,Justin Ellis,justin ellis,2007-05-14,USA,FW,NA,19.132101300479125,mls,jYQJ8EW5GR,FW,asa_live,TRUE,NA,mlspa_via_asa,765,112424,8,112424,TRUE,0.5221843003412969,0.4778156996587031,blended,2025+2026 season to date,768.8225255972696,0.13656348122866893,0.03039726962457338,0.005344709897610916,0.06856894197952218,0.03135870307167235,-0.0012624573378839541,0.00215631399317406,2026,112424,Orlando City SC,0.21108432719581333,1,0.1692284226247618,0.1805103174720535,0.032423754267224845,14.893617021276595,0.0057010238909631335,89.36170212765957,0.07314020478044263,9.21985815602837,0.033449283277495793,90.0709219858156,-0.001346621160451633,4.25531914893617,0.002300068259457541,45.39007092198582,13.47517730496454,112424,19.402985074626866,14.928649835345773,535000,-5.927807769662326,TRUE,FALSE,55.172413793103445,Medium,29.75,70.25,Fair Value,Strikers,1.1.0,2026-08-01 14:43:31 UTC,27,27,198,Performance data through: 2026-08-01 (updates every day) · MLSPA compensation as of: 2026-04-16,FALSE,2026-08-01 14:43:25 UTC
0Oq6LpK2M6,asa_0Oq6LpK2M6_mls_blended,Wayne Frederick,wayne frederick,2004-06-13,Trinidad & Tobago,CM,NA,22.04791238877481,mls,pzeQZ6xQKw,CM,asa_live,TRUE,NA,mlspa_via_asa,1115,113400,273,113400,TRUE,0.6143250688705234,0.3856749311294766,blended,2025+2026 season to date,1220.2892561983472,0.06403280356007629,0.012797202797202792,-0.021477558804831525,0.04164488239033694,-0.009691036236490782,0.03684615384615385,0.003913159567705017,2026,113400,Colorado Rapids,0.13644825463003651,1,0.08790223557151354,0.09376238461254452,0.013650349650776218,41.509433962264154,-0.022909396059202877,9.90566037735849,0.04442120788441423,76.88679245283019,-0.010337105319246535,17.92452830188679,0.039302564103792306,18.39622641509434,0.004174036872349123,82.0754716981132,6.132075471698113,113400,14.393939393939394,16.41053787047201,535541.5,-8.261863922241282,TRUE,FALSE,49.01960784313726,High,20.75,79.25,Fair Value,Central and defensive midfielders,1.1.0,2026-08-01 14:43:31 UTC,53,53,224,Performance data through: 2026-08-01 (updates every day) · MLSPA compensation as of: 2026-04-16,FALSE,2026-08-01 14:43:25 UTC
0Oq6lLZgM6,asa_0Oq6lLZgM6_mls_blended,Maxi Urruti,maxi urruti,1991-02-22,Argentina,FW,NA,34.35455167693361,mls,19vQ2095K6,FW,asa_live,TRUE,NA,mlspa_via_asa,0,NA,720,104000,TRUE,0,1,blended,2025+2026 season to date,720,0.17921249999999997,0.0593125,-0.07335,0.1892625,-0.019725,0.0308375,-0.007125,2026,104000,New England Revolution,0.21108432719581333,1,0.19369969417991512,0.20661300713169944,0.06326666666864375,52.4822695035461,-0.07824000000244499,20.56737588652482,0.20188000000630874,55.319148936170215,-0.021040000000657498,57.4468085106383,0.03289333333436125,62.4113475177305,-0.0076000000002375,7.092198581560283,34.04255319148936,104000,16.417910447761194,12.952799121844127,535000,17.624642743728167,FALSE,FALSE,NA,Low,41,59,Insufficient Evidence,Strikers,1.1.0,2026-08-01 14:43:31 UTC,NA,NA,NA,Performance data through: 2026-08-01 (updates every day) · MLSPA compensation as of: 2026-04-16,FALSE,2026-08-01 14:43:25 UTC
0Oq6lyNdM6,asa_0Oq6lyNdM6_mls_blended,Wil Trapp,wil trapp,1993-01-15,USA,CM,NA,33.45653661875428,mls,kRQand1MKZ,CM,asa_live,TRUE,NA,mlspa_via_asa,1086,602500,3350,602500,TRUE,0.6080627099664053,0.3919372900335947,blended,2025+2026 season to date,2398.9899216125423,0.11937601744914841,0.004090922765790302,0.04587689492069329,0.008953067807658232,0.0028651953000952677,0.06015834600792232,-0.002568409353010978,2026,602500,Minnesota United FC,0.13644825463003651,1,0.12279161489237858,0.13097772255596354,0.004363650950312686,17.452830188679247,0.04893535458360207,76.88679245283019,0.009549938995133882,17.452830188679247,0.0030562083201971253,48.113207547169814,0.06416890241045575,57.075471698113205,-0.0027396366432973236,41.9811320754717,33.490566037735846,602500,56.56565656565657,60.26344676180022,535541.5,-23.07509052792072,TRUE,FALSE,38.23529411764706,High,20.75,79.25,Below Expected Value by Current Model,Central and defensive midfielders,1.1.0,2026-08-01 14:43:31 UTC,64,64,271,Performance data through: 2026-08-01 (updates every day) · MLSPA compensation as of: 2026-04-16,FALSE,2026-08-01 14:43:25 UTC
0Oq6w6j2Q6,asa_0Oq6w6j2Q6_mls_blended,Gabe Segal,gabe segal,2001-05-17,USA,FW,NA,24.123203285420946,mls,YgOMngl5wN,FW,asa_live,TRUE,NA,mlspa_via_asa,0,NA,230,104000,TRUE,0,1,blended,2025+2026 season to date,230,0.2991521739130435,0.13621304347826088,-0.10322608695652172,0.2821304347826087,-0.05020434782608696,0.0202695652173913,0.0139695652173913,2026,104000,Houston Dynamo FC,0.21108432719581333,1,0.23548867026203374,0.25118791495401893,0.1452939130480187,97.87234042553192,-0.11010782609039736,6.382978723404255,0.30093913044418696,89.36170212765957,-0.05355130434949957,28.368794326241133,0.021620869565893038,34.04255319148936,0.014900869565683037,78.01418439716312,68.08510638297872,104000,16.417910447761194,12.952799121844127,535000,51.66719593521753,FALSE,FALSE,NA,Low,41,59,Insufficient Evidence,Strikers,1.1.0,2026-08-01 14:43:31 UTC,NA,NA,NA,Performance data through: 2026-08-01 (updates every day) · MLSPA compensation as of: 2026-04-16,FALSE,2026-08-01 14:43:25 UTC
0Oq6wjlzQ6,asa_0Oq6wjlzQ6_mls_blended,Jack Skahan,jack skahan,1998-02-07,USA,W,NA,28.39425051334702,mls,0KPqjA456v,W,asa_live,TRUE,NA,mlspa_via_asa,684,225000,88,225000,TRUE,0.49421965317919075,0.5057803468208093,blended,2025+2026 season to date,728.5086705202312,0.2726428336836574,0.06000394114555964,0.053757323962165,0.15487371912769313,-0.026449323436678926,0.03584747766684183,-0.005390304781923273,2026,225000,San Jose Earthquakes,0.20277985605674193,1,0.24109032107586637,0.2571630091556271,0.06400420389059708,75.9825327510917,0.05734114556143458,90.39301310043668,0.16519863374136845,87.77292576419214,-0.028212611666672497,16.157205240174672,0.038237309512492865,51.09170305676856,-0.005749658434231168,12.22707423580786,80.349344978165945,225000,29.577464788732396,31.50384193194292,520000,50.771880189433546,TRUE,FALSE,97.91666666666667,Medium,29.75,70.25,Elite Value,Wingers and attacking midfielders,1.1.0,2026-08-01 14:43:31 UTC,3,3,13,Performance data through: 2026-08-01 (updates every day) · MLSPA compensation as of: 2026-04-16,FALSE,2026-08-01 14:43:25 UTC
0Oq6wmbrQ6,asa_0Oq6wmbrQ6_mls_blended,Kye Rowles,kye rowles,1998-06-24,Australia,CB,NA,28.019164955509925,mls,EKXMeX3Q64,CB,asa_live,TRUE,NA,mlspa_via_asa,1514,751667,3013,751667,TRUE,0.6838301716350497,0.31616982836495033,blended,2025+2026 season to date,2466.6196928635954,0.1395581207720474,0.006893021837619634,0.050030592365332874,0.01754574621086403,0.001505886416315208,0.06626507357008518,-0.002682199628169522,2026,751667,D.C. United,0.13407640205361335,1,0.13848559415953188,0.14771796710811685,0.0073525566270240435,42.40837696335078,0.053365965191356085,55.49738219895288,0.01871546262550649,58.1151832460733,0.0016062788441197514,44.50261780104712,0.07068274514363303,46.07329842931937,-0.0028610129368035636,56.02094240837696,49.21465968586387,751667,67.95580110497238,71.02085620197585,501667,-18.74114141910851,TRUE,FALSE,28.8659793814433,High,14,86,Below Expected Value by Current Model,Center backs,1.1.0,2026-08-01 14:43:31 UTC,70,70,313,Performance data through: 2026-08-01 (updates every day) · MLSPA compensation as of: 2026-04-16,FALSE,2026-08-01 14:43:25 UTC
0Oq6wvbgQ6,asa_0Oq6wvbgQ6_mls_blended,Vitor Costa,vitor costa,1994-07-01,Brazil,FB,NA,32,mls,0KPqjA456v,FB,asa_live,TRUE,NA,mlspa_via_asa,109,463333,1790,463333,TRUE,0.15,0.85,blended,2025+2026 season to date,1630.5,0.16851995822869148,0.020838770949720666,0.0028190835938701284,0.07325106273384245,-0.023065939982573926,0.0814599520783148,0.013217028855517393,2026,463333,San Jose Earthquakes,0.11638469243644946,1,0.15449567691268826,0.16479538871201732,0.022228022347063336,73.19587628865979,0.0030070225002221066,30.927835051546392,0.07813446691854031,90.72164948453609,-0.024603669315514384,9.793814432989691,0.08689061555291779,87.11340206185567,0.014098164112992454,95.36082474226804,85.56701030927834,463333,64.86486486486487,49.83534577387486,343925,20.702145444413475,FALSE,TRUE,NA,Low,41,59,Small-Sample Watchlist,Fullbacks and wingbacks,1.1.0,2026-08-01 14:43:31 UTC,NA,NA,NA,Performance data through: 2026-08-01 (updates every day) · MLSPA compensation as of: 2026-04-16,FALSE,2026-08-01 14:43:25 UTC
0x5g213RM7,asa_0x5g213RM7_mls_blended,Sergio Reguilón,sergio reguilon,1996-12-16,Spain,FB,NA,29.53867214236824,mls,zeQZkL1MKw,FB,asa_live,TRUE,NA,mlspa_via_asa,575,1800000,0,NA,FALSE,1,0,blended,2025+2026 season to date,575,0.1430921739130435,0.02678086956521739,0.058695652173913045,0.03969391304347826,-2.034782608695652e-4,0.06500347826086957,-0.04687826086956521,2026,1800000,Inter Miami CF,0.11638469243644946,1,0.12945431103137847,0.1380845984377855,0.02856626087045791,81.95876288659794,0.06260869565413044,91.23711340206185,0.042340173914366605,71.1340206185567,-2.1704347826765214e-4,39.69072164948454,0.06933704348042766,69.58762886597938,-0.05000347826243216,3.0927835051546393,67.52577319587628,1800000,99.45945945945945,91.87705817782657,343925,-31.93368626358317,TRUE,FALSE,23.170731707317074,Low,37.75,62.25,Below Expected Value by Current Model,Fullbacks and wingbacks,1.1.0,2026-08-01 14:43:31 UTC,64,64,337,Performance data through: 2026-08-01 (updates every day) · MLSPA compensation as of: 2026-04-16,FALSE,2026-08-01 14:43:25 UTC
0x5g2BmPM7,asa_0x5g2BmPM7_mls_blended,Enea Mihaj,enea mihaj,1998-07-05,Albania,CB,NA,27.98904859685147,mls,KAqBN0Vqbg,CB,asa_live,TRUE,NA,mlspa_via_asa,1429,1557000,714,1557000,TRUE,0.6712071395021136,0.32879286049788636,blended,2025+2026 season to date,1663.7581023954908,0.1216546293482165,0.010874367971707233,0.05865181112369795,0.011626999696073819,0.004018622385544161,0.044020335423977,-0.007537507252783687,2026,1557000,Atlanta United FC,0.13407640205361335,1,0.12494697035203282,0.13327676837966657,0.011599325836850194,65.96858638743456,0.06256193186723287,67.53926701570681,0.012402133009532974,38.7434554973822,0.004286530544714393,57.068062827225134,0.04695502445370948,24.607329842931936,-0.00804000773655385,34.031413612565444,32.460732984293195,1557000,97.79005524861878,89.90120746432491,501667,-65.32932226432558,TRUE,FALSE,4.123711340206185,High,20.75,79.25,Below Expected Value by Current Model,Center backs,1.1.0,2026-08-01 14:43:31 UTC,94,94,420,Performance data through: 2026-08-01 (updates every day) · MLSPA compensation as of: 2026-04-16,FALSE,2026-08-01 14:43:25 UTC
0x5g2EKLM7,asa_0x5g2EKLM7_mls_blended,Indiana Vassilev,indiana vassilev,2001-02-16,USA,W,NA,25.36892539356605,mls,9z5k7Yg5A3,W,asa_live,TRUE,NA,mlspa_via_asa,1187,665000,2371,665000,TRUE,0.6290408055113937,0.37095919448860626,blended,2025+2026 season to date,2066.5442501324856,0.10817148989612829,0.026521181687306675,0.009873687019691428,0.044861240653658846,0.00701770264570771,0.02035819879720443,-4.605209074408001e-4,2026,665000,Philadelphia Union,0.20277985605674193,1,0.1294593495270149,0.1380899728331312,0.028289260467344493,27.074235807860262,0.010531932821333313,65.06550218340611,0.04785199003206481,16.157205240174672,0.007485549488988814,42.35807860262009,0.021715412051029996,24.017467248908297,-4.912223012855375e-4,31.87772925764192,3.056768558951965,665000,61.971830985915496,65.09330406147092,520000,-58.91506242696353,TRUE,FALSE,6.25,High,20.75,79.25,Below Expected Value by Current Model,Wingers and attacking midfielders,1.1.0,2026-08-01 14:43:31 UTC,91,91,410,Performance data through: 2026-08-01 (updates every day) · MLSPA compensation as of: 2026-04-16,FALSE,2026-08-01 14:43:25 UTC
0x5g2EwmM7,asa_0x5g2EwmM7_mls_blended,Michael Edwards,michael edwards,2000-11-27,USA,CB,NA,24.591375770020537,mls,pzeQZ6xQKw,CB,asa_live,TRUE,NA,mlspa_via_asa,0,NA,35,160000,TRUE,0,1,blended,2025+2026 season to date,35,-0.5485001520857143,0,-0.01182857142857142,-1.4437800000000001e-5,-0.00797142857142857,-0.5286857142857143,0,2026,160000,Colorado Rapids,0.13407640205361335,1,0.09645407229790237,0.10288434378764433,0,6.806282722513089,-0.012617142857537133,1.5706806282722514,-1.540032000048126e-5,6.806282722513089,-0.008502857143122856,19.3717277486911,-0.5639314285890514,0.5235602094240838,0,78.01047120418848,8.900523560209423,160000,22.099447513812155,26.619099890230515,501667,-13.198923953602732,FALSE,FALSE,NA,Low,41,59,Insufficient Evidence,Center backs,1.1.0,2026-08-01 14:43:31 UTC,NA,NA,NA,Performance data through: 2026-08-01 (updates every day) · MLSPA compensation as of: 2026-04-16,FALSE,2026-08-01 14:43:25 UTC
0x5g2RXXM7,asa_0x5g2RXXM7_mls_blended,Stijn Spierings,stijn spierings,1996-03-12,Netherlands,CM,NA,30.302532511978097,mls,a2lqR4JMr0,CM,asa_live,TRUE,NA,mlspa_via_asa,1001,783333,0,NA,FALSE,1,0,blended,2025+2026 season to date,1001,0.1836233766233766,0.0264965034965035,0.08186313686313686,0.01989710289710289,0.01183216783216783,0.0558071928071928,-0.012272727272727272,2026,783333,Real Salt Lake,0.13644825463003651,1,0.1659437556389893,0.17700667268712006,0.02826293706382028,77.83018867924528,0.08732067932340809,89.15094339622641,0.02122357642423965,44.81132075471698,0.012620979021373425,70.28301886792453,0.05952767232953256,47.16981132075472,-0.013090909091318182,15.566037735849056,82.54716981132076,783333,75.25252525252525,73.10647639956092,535541.5,7.294644558795511,TRUE,FALSE,64.70588235294117,Medium,28.75,71.25,Undervalued,Central and defensive midfielders,1.1.0,2026-08-01 14:43:31 UTC,37,37,156,Performance data through: 2026-08-01 (updates every day) · MLSPA compensation as of: 2026-04-16,FALSE,2026-08-01 14:43:25 UTC
0x5g2pW7M7,asa_0x5g2pW7M7_mls_blended,Shaq Moore,shaq moore,1996-11-02,USA,CB,NA,29.659137577002053,mls,mKAqBBmqbg,CB,asa_live,TRUE,NA,mlspa_via_asa,1684,870000,3403,870000,TRUE,0.7063758389261745,0.2936241610738255,blended,2025+2026 season to date,2683.203020134228,0.09974685975856283,0.010014980983025237,0.025985588121022307,0.014892779540160966,0.005573873822347832,0.05524071560427338,-0.011961078312266903,2026,870000,FC Dallas,0.13407640205361335,1,0.10602052765260254,0.11308856283297673,0.010682646382227419,62.303664921465966,0.027717960663289982,17.801047120418847,0.015885631510001455,48.69109947643979,0.00594546541069015,63.35078534031414,0.05892342997973296,36.64921465968586,-0.012758483533483399,25.654450261780106,14.659685863874346,870000,78.45303867403315,77.66190998902306,501667,-63.79335281015881,TRUE,FALSE,5.154639175257732,High,14,86,Below Expected Value by Current Model,Center backs,1.1.0,2026-08-01 14:43:31 UTC,93,93,416,Performance data through: 2026-08-01 (updates every day) · MLSPA compensation as of: 2026-04-16,FALSE,2026-08-01 14:43:25 UTC
0x5g2xoXM7,asa_0x5g2xoXM7_mls_blended,Raheem Edwards,raheem edwards,1995-07-17,Canada,FB,NA,30.95687885010267,mls,kRQabn8MKZ,FB,asa_live,TRUE,NA,mlspa_via_asa,838,414340,1621,414340,TRUE,0.5448634590377113,0.4551365409622887,blended,2025+2026 season to date,1575.7763328998699,0.10154317439587213,0.007759713015693722,0.03524644839472816,0.013758978989193357,-0.014645315988380717,0.060884797950180855,-0.0014614479655432723,2026,414340,Toronto FC,0.11638469243644946,1,0.10563592542441097,0.11267832045622624,0.008277027216998627,34.5360824742268,0.037596211622218254,76.80412371134021,0.014676244255598214,30.412371134020617,-0.015621670388094274,15.463917525773196,0.0649437844822224,64.94845360824742,-0.0015588778299615387,45.876288659793815,36.08247422680412,414340,57.83783783783784,44.89571899012075,343925,-21.755363611033715,TRUE,FALSE,34.146341463414636,Medium,29.75,70.25,Below Expected Value by Current Model,Fullbacks and wingbacks,1.1.0,2026-08-01 14:43:31 UTC,55,55,290,Performance data through: 2026-08-01 (updates every day) · MLSPA compensation as of: 2026-04-16,FALSE,2026-08-01 14:43:25 UTC
0x5gJ0wjM7,asa_0x5gJ0wjM7_mls_blended,Andy Batioja,andy batioja,2006-01-31,Colombia,FW,NA,19.41409993155373,mls,YgOMngl5wN,FW,asa_live,FALSE,NA,NA,0,NA,14,NA,TRUE,0,1,blended,2025+2026 season to date,14,-0.02635714285714286,0,-0.1272857142857143,0.09257142857142855,0.00835714285714285,0,0,2026,NA,Houston Dynamo FC,0.21108432719581333,1,0.2056703523086124,0.2193817091360422,0,3.900709219858156,-0.13577142857567145,2.8368794326241136,0.09874285714594284,18.43971631205674,0.008914285714564277,79.43262411347517,0,8.51063829787234,0,31.914893617021278,46.09929078014184,NA,NA,NA,535000,NA,FALSE,FALSE,NA,Insufficient,41,59,Insufficient Evidence,Strikers,1.1.0,2026-08-01 14:43:31 UTC,NA,NA,NA,Performance data through: 2026-08-01 (updates every day) · MLSPA compensation as of: 2026-04-16,FALSE,2026-08-01 14:43:25 UTC
0x5gJBgZM7,asa_0x5gJBgZM7_mls_blended,Donavan Phillip,donavan phillip,2005-04-01,St. Lucia,W,NA,21.248459958932237,mls,pzeQZ6xQKw,W,asa_live,TRUE,NA,mlspa_via_asa,4,88025,0,NA,FALSE,1,0,blended,2025+2026 season to date,4,0.31275,0,0.21825,0.0945,0,0,0,2026,88025,Colorado Rapids,0.20277985605674193,1,0.20350813515570387,0.21707534417286772,0,6.11353711790393,0.232800000007275,99.56331877729258,0.10080000000315,64.19213973799127,0,34.06113537117904,0,8.296943231441048,0,37.77292576419214,55.45851528384279,88025,5.164319248826291,4.33589462129528,520000,50.294196035016505,FALSE,TRUE,NA,Low,49,51,Small-Sample Watchlist,Wingers and attacking midfielders,1.1.0,2026-08-01 14:43:31 UTC,NA,NA,NA,Performance data through: 2026-08-01 (updates every day) · MLSPA compensation as of: 2026-04-16,FALSE,2026-08-01 14:43:25 UTC
0x5gJEVLM7,asa_0x5gJEVLM7_mls_blended,Jacob Murrell,jacob murrell,2004-03-28,USA,FW,NA,22.258726899383984,mls,EKXMeX3Q64,FW,asa_live,TRUE,NA,mlspa_via_asa,135,113400,1020,113400,TRUE,0.16167664670658682,0.8383233532934131,blended,2025+2026 season to date,990.0898203592814,0.12989482212046494,0.0422071151814019,-0.03813138429024304,0.12219394152870727,-0.027638886932018308,0.03280176118351531,-0.0015377245508982032,2026,113400,D.C. United,0.21108432719581333,1,0.1605306405638546,0.1712326832734626,0.045020922861568925,29.078014184397162,-0.04067347657753029,53.191489361702125,0.1303402043013609,26.95035460992908,-0.02948147939507416,50.354609929078016,0.034988545263509724,64.53900709219859,-0.0016402395210093409,24.113475177304963,8.51063829787234,113400,20.895522388059703,16.41053787047201,535000,-12.384884090187363,FALSE,TRUE,NA,Low,41,59,Small-Sample Watchlist,Strikers,1.1.0,2026-08-01 14:43:31 UTC,NA,NA,NA,Performance data through: 2026-08-01 (updates every day) · MLSPA compensation as of: 2026-04-16,FALSE,2026-08-01 14:43:25 UTC
0x5gJJWPM7,asa_0x5gJJWPM7_mls_blended,Ariath Piol,ariath piol,2004-10-11,Australia,FW,NA,21.71937029431896,mls,a2lqR4JMr0,FW,asa_live,TRUE,NA,mlspa_via_asa,176,348859,1036,348859,TRUE,0.2009132420091324,0.7990867579908676,blended,2025+2026 season to date,1003.8538812785388,0.06320992225101812,0.028227323213624582,-0.050319418733802294,0.16248204368752314,-0.09188180303591263,0.014330803406145867,3.70973713439467e-4,2026,348859,Real Salt Lake,0.21108432719581333,1,0.11852957699172853,0.12643154879512808,0.030109144762140466,14.184397163120567,-0.053674046651066426,39.00709219858156,0.17331417993877407,44.680851063829785,-0.09800725657470287,12.056737588652481,0.015286190300366617,19.148936170212767,3.957052943477972e-4,36.87943262411348,0.7092198581560284,348859,40.298507462686565,40.28540065861691,535000,-39.58928760453054,FALSE,TRUE,NA,Low,41,59,Small-Sample Watchlist,Strikers,1.1.0,2026-08-01 14:43:31 UTC,NA,NA,NA,Performance data through: 2026-08-01 (updates every day) · MLSPA compensation as of: 2026-04-16,FALSE,2026-08-01 14:43:25 UTC
0x5gJWwjM7,asa_0x5gJWwjM7_mls_blended,Dawid Bugaj,dawid bugaj,2004-07-09,Poland,FB,NA,21.976728268309376,mls,APk5LGOMOW,FB,asa_live,TRUE,NA,mlspa_via_asa,1117,267600,1891,267600,TRUE,0.6147495872317006,0.3852504127682994,blended,2025+2026 season to date,1845.5085305448542,0.11480283194123775,0.016309872940414968,0.0019129302634761257,0.01862017138215461,-0.011526435361197365,0.07224685159579003,0.01723944112059935,2026,267600,CF Montréal,0.11638469243644946,1,0.11519093784447725,0.12287033370461542,0.01739719780365296,63.91752577319588,0.0020404589477716318,29.896907216494846,0.01986151614158559,39.175257731958766,-0.012294864385661405,17.010309278350515,0.07706330837125093,78.35051546391753,0.018388737195880623,97.42268041237114,47.93814432989691,267600,40.54054054054054,33.91877058177827,343925,7.397603789356367,TRUE,FALSE,74.39024390243902,High,20.75,79.25,Fair Value,Fullbacks and wingbacks,1.1.0,2026-08-01 14:43:31 UTC,22,22,114,Performance data through: 2026-08-01 (updates every day) · MLSPA compensation as of: 2026-04-16,FALSE,2026-08-01 14:43:25 UTC
0x5gJY2rM7,asa_0x5gJY2rM7_mls_blended,Bruno Caicedo,bruno caicedo,2005-01-15,Ecuador,W,NA,21.45653661875428,mls,lgpMOvnQzy,W,asa_live,TRUE,NA,mlspa_via_asa,399,430150,0,NA,FALSE,1,0,blended,2025+2026 season to date,399,0.6266165413533835,0.15965413533834583,0.01100751879699248,0.13240601503759397,0.27457894736842103,0.03809774436090225,0.01087218045112782,2026,430150,Vancouver Whitecaps FC,0.20277985605674193,1,0.3720599736076528,0.396863971860565,0.17029774436622402,99.56331877729258,0.011741353383825563,65.93886462882097,0.14123308271118043,81.6593886462882,0.29288421053546837,99.56331877729258,0.040637593986232325,55.02183406113537,0.011596992481565413,75.54585152838428,99.56331877729258,430150,41.78403755868545,46.212952799121844,520000,57.77928121860713,FALSE,TRUE,NA,Low,49,51,Small-Sample Watchlist,Wingers and attacking midfielders,1.1.0,2026-08-01 14:43:31 UTC,NA,NA,NA,Performance data through: 2026-08-01 (updates every day) · MLSPA compensation as of: 2026-04-16,FALSE,2026-08-01 14:43:25 UTC
0x5gJg07M7,asa_0x5gJg07M7_mls_blended,Malachi Jones,malachi jones,2003-09-23,Sierra Leone,W,NA,22.770704996577688,mls,Vj58weDM8n,W,asa_live,TRUE,NA,mlspa_via_asa,416,113400,0,NA,FALSE,1,0,blended,2025+2026 season to date,416,0.39920192307692304,0.09235817307692308,-0.05718028846153845,0.1678629807692308,0.10384615384615384,0.03859615384615385,0.05371874999999999,2026,113400,New York City FC,0.20277985605674193,1,0.28320463940358775,0.3020849487066004,0.09851538461846322,95.63318777292577,-0.06099230769421369,10.91703056768559,0.17905384615944164,90.82969432314411,0.1107692307726923,95.19650655021834,0.04116923077051731,57.64192139737991,0.05730000000179061,97.37991266375546,91.70305676855895,113400,17.6056338028169,16.41053787047201,520000,74.09742296574206,FALSE,TRUE,NA,Low,49,51,Small-Sample Watchlist,Wingers and attacking midfielders,1.1.0,2026-08-01 14:43:31 UTC,NA,NA,NA,Performance data through: 2026-08-01 (updates every day) · MLSPA compensation as of: 2026-04-16,FALSE,2026-08-01 14:43:25 UTC
0x5gLEbRq7,asa_0x5gLEbRq7_mls_blended,Louis Munteanu,louis munteanu,2002-06-16,Romania,FW,NA,24.041067761806985,mls,EKXMeX3Q64,FW,asa_live,TRUE,NA,mlspa_via_asa,898,1634100,0,NA,FALSE,1,0,blended,2025+2026 season to date,898,0.17491870824053452,0.077271714922049,-0.03915701559020044,0.14566369710467708,-0.01708797327394209,0.00597327394209354,0.0022550111358574597,2026,1634100,D.C. United,0.21108432719581333,1,0.18940426990486514,0.20203122123816963,0.08242316258609465,74.46808510638297,-0.04176748329751904,51.773049645390074,0.15537461024984434,36.170212765957444,-0.018227171492774495,58.156028368794324,0.006371492205098885,13.47517730496454,0.0024053452116564573,46.09929078014184,31.20567375886525,1634100,76.86567164179104,90.77936333699232,535000,-45.65999788292579,TRUE,FALSE,18.96551724137931,Low,37.75,62.25,Below Expected Value by Current Model,Strikers,1.1.0,2026-08-01 14:43:31 UTC,48,48,355,Performance data through: 2026-08-01 (updates every day) · MLSPA compensation as of: 2026-04-16,FALSE,2026-08-01 14:43:25 UTC
0x5gLj27q7,asa_0x5gLj27q7_mls_blended,Sekou Bangoura,sekou bangoura,2002-04-05,Guinea,CM,NA,24.238193018480494,mls,mvzqoLZQap,CM,asa_live,TRUE,NA,mlspa_via_asa,684,542167,0,NA,FALSE,1,0,blended,2025+2026 season to date,684,0.07175,0.01786842105263158,-0.04618421052631578,0.063,-0.00103947368421052,0.04371052631578947,-0.00560526315789473,2026,542167,Columbus Crew,0.13644825463003651,1,0.1019828292663722,0.10878168455419644,0.01905964912340263,60.84905660377358,-0.049263157896276305,5.660377358490566,0.0672000000021,89.62264150943396,-0.0011087719298592039,35.84905660377358,0.046624561404965785,27.830188679245282,-0.005978947368607887,29.245283018867923,12.264150943396226,542167,51.01010101010101,55.7628979143798,535541.5,-38.745950066704786,TRUE,FALSE,23.529411764705884,Low,37.75,62.25,Below Expected Value by Current Model,Central and defensive midfielders,1.1.0,2026-08-01 14:43:31 UTC,79,79,336,Performance data through: 2026-08-01 (updates every day) · MLSPA compensation as of: 2026-04-16,FALSE,2026-08-01 14:43:25 UTC
0x5gLm2bq7,asa_0x5gLm2bq7_mls_blended,Jackson Hopkins,jackson hopkins,2004-07-01,USA,W,NA,21.998631074606433,mls,EKXMeX3Q64,W,asa_live,TRUE,NA,mlspa_via_asa,1306,157833,920,157833,TRUE,0.6510468594217348,0.3489531405782652,blended,2025+2026 season to date,1627.036889332004,0.17678792968919327,0.039695933937318476,0.0025452338636265124,0.09042212492955916,-0.005092613463955956,0.06110921583076856,-0.011891965408123456,2026,157833,D.C. United,0.20277985605674193,1,0.18379057786948766,0.19604328306691318,0.0423423295344629,44.97816593886463,0.0027149161212864543,58.07860262008734,0.09645026659454384,60.262008733624455,-0.005432121028389441,29.25764192139738,0.06518316355485677,88.646288209607,-0.012684763102394752,3.493449781659389,32.314410480349345,157833,25.821596244131456,26.125137211855105,520000,6.492814236217889,TRUE,FALSE,70.83333333333333,High,20.75,79.25,Fair Value,Wingers and attacking midfielders,1.1.0,2026-08-01 14:43:31 UTC,29,29,129,Performance data through: 2026-08-01 (updates every day) · MLSPA compensation as of: 2026-04-16,FALSE,2026-08-01 14:43:25 UTC
0x5gLpbwq7,asa_0x5gLpbwq7_mls_blended,Caden Clark,caden clark,2003-05-27,USA,W,NA,23.096509240246405,mls,EKXMeX3Q64,W,asa_live,TRUE,NA,mlspa_via_asa,132,432000,1877,432000,TRUE,0.15865384615384615,0.8413461538461539,blended,2025+2026 season to date,1711.2067307692307,0.1178912205186263,0.02502944039178722,-0.0021274595559608164,0.061001547067743134,-0.01857033203044956,0.04831234375640342,0.004245680889102901,2026,432000,D.C. United,0.20277985605674193,1,0.13992870450687925,0.14925728481200215,0.026698069752074016,26.200873362445414,-0.002269290193095786,51.96506550218341,0.06506831687429272,29.694323144104803,-0.019808354166431875,19.650655021834062,0.05153316667510739,72.92576419213974,0.004528726281851283,60.698689956331876,4.8034934497816595,432000,42.72300469483568,46.432491767288695,520000,-37.91951124505402,FALSE,TRUE,NA,Low,41,59,Small-Sample Watchlist,Wingers and attacking midfielders,1.1.0,2026-08-01 14:43:31 UTC,NA,NA,NA,Performance data through: 2026-08-01 (updates every day) · MLSPA compensation as of: 2026-04-16,FALSE,2026-08-01 14:43:25 UTC
0x5gP3gXq7,asa_0x5gP3gXq7_mls_blended,Matt Miazga,matt miazga,1995-07-19,USA,CB,NA,30.951403148528406,mls,NWMWlBK5lz,CB,asa_live,TRUE,NA,mlspa_via_asa,828,1639000,1720,1639000,TRUE,0.5418848167539267,0.45811518324607325,blended,2025+2026 season to date,1615.958115183246,0.05917804091075124,0.007147304578107874,0.02730169396079386,0.0015151817240959468,0.007060392061366126,0.04075258736150006,-0.024599118775112627,2026,1639000,FC Cincinnati,0.13407640205361335,1,0.07945776387925198,0.08475494814051737,0.007623791550219976,44.50261780104712,0.029121806892423507,19.3717277486911,0.0016161938390861826,13.089005235602095,0.0075310848656925476,67.53926701570681,0.043469426520291815,21.465968586387433,-0.026239060027606773,10.471204188481675,3.141361256544503,1639000,98.34254143646409,90.99890230515916,501667,-95.20118017991959,TRUE,FALSE,1.0309278350515463,Medium,29.75,70.25,Below Expected Value by Current Model,Center backs,1.1.0,2026-08-01 14:43:31 UTC,97,97,434,Performance data through: 2026-08-01 (updates every day) · MLSPA compensation as of: 2026-04-16,FALSE,2026-08-01 14:43:25 UTC
0x5gPv8mq7,asa_0x5gPv8mq7_mls_blended,Duane Holmes,duane holmes,1994-11-06,USA,FB,NA,31.64955509924709,mls,YgOMngl5wN,FB,asa_live,TRUE,NA,mlspa_via_asa,572,628000,726,628000,TRUE,0.449685534591195,0.550314465408805,blended,2025+2026 season to date,971.5283018867924,0.15113575939497897,0.024469709964135347,2.9518166224855563e-4,0.027646440823327612,0.01396791673163886,0.06561086854826134,0.01914564166536722,2026,628000,Houston Dynamo FC,0.11638469243644946,1,0.13786801222804332,0.1470592130478418,0.026101023962560026,79.38144329896907,3.1486043974163203e-4,28.8659793814433,0.02948953687913767,55.670103092783506,0.01489911118088038,76.28865979381443,0.06998492645366579,70.10309278350516,0.02042201777702989,98.45360824742268,74.74226804123711,628000,79.45945945945945,62.34906695938529,343925,-4.717191418222342,TRUE,FALSE,59.75609756097561,Medium,29.75,70.25,Fair Value,Fullbacks and wingbacks,1.1.0,2026-08-01 14:43:31 UTC,34,34,179,Performance data through: 2026-08-01 (updates every day) · MLSPA compensation as of: 2026-04-16,FALSE,2026-08-01 14:43:25 UTC
0x5gPvZRq7,asa_0x5gPvZRq7_mls_blended,Eriq Zavaleta,eriq zavaleta,1992-08-02,USA,CB,NA,32.91170431211499,mls,kaDQ0wRqEv,CB,asa_live,TRUE,NA,mlspa_via_asa,0,NA,170,198311,TRUE,0,1,blended,2025+2026 season to date,170,0.16046470588235295,0,0.0036,0.00894705882352941,0.00741176470588235,0.1405058823529412,0,2026,198311,LA Galaxy,0.13407640205361335,1,0.13990239121060782,0.14922921729597843,0,6.806282722513089,0.00384000000012,4.712041884816754,0.00954352941206294,31.93717277486911,0.007905882353188232,69.10994764397905,0.14987294118115416,91.62303664921465,0,78.01047120418848,51.832460732984295,198311,25.414364640883978,29.198682766191,501667,26.418096092100317,FALSE,FALSE,NA,Low,41,59,Insufficient Evidence,Center backs,1.1.0,2026-08-01 14:43:31 UTC,NA,NA,NA,Performance data through: 2026-08-01 (updates every day) · MLSPA compensation as of: 2026-04-16,FALSE,2026-08-01 14:43:25 UTC
0x5gWWz757,asa_0x5gWWz757_mls_blended,Herman Johansson,herman johansson,1997-10-16,Sweden,FB,NA,28.70636550308008,mls,mKAqBBmqbg,FB,asa_live,TRUE,NA,mlspa_via_asa,1212,740000,0,NA,FALSE,1,0,blended,2025+2026 season to date,1212,-0.03383168316831683,0.00525742574257425,7.797029702970297e-4,0.03651980198019802,-0.02290841584158415,-0.03387623762376238,-0.0196039603960396,2026,740000,FC Dallas,0.11638469243644946,1,0.01590883855511572,0.016969427792653726,0.0056079207922544476,26.804123711340207,8.316831683428218e-4,29.38144329896907,0.038954455446761876,67.52577319587628,-0.02443564356512004,10.824742268041238,-0.03613465346647574,3.0927835051546393,-0.020910891089762372,10.309278350515465,0.5154639175257731,740000,85.13513513513513,69.75850713501647,343925,-84.61967121760935,TRUE,FALSE,1.2195121951219512,High,28.75,71.25,Below Expected Value by Current Model,Fullbacks and wingbacks,1.1.0,2026-08-01 14:43:31 UTC,82,82,432,Performance data through: 2026-08-01 (updates every day) · MLSPA compensation as of: 2026-04-16,FALSE,2026-08-01 14:43:25 UTC
0x5gWlZb57,asa_0x5gWlZb57_mls_blended,Samuel Gidi,samuel gidi,2004-04-15,Ghana,CM,NA,22.209445585215605,mls,NWMWlBK5lz,CM,asa_live,TRUE,NA,mlspa_via_asa,1398,671050,733,671050,TRUE,0.6663489037178265,0.3336510962821735,blended,2025+2026 season to date,1642.5662535748331,0.07529258814670504,0.005624185055083963,0.009250177847544009,0.011696083582493293,-6.211079999531793e-4,0.06239387411124997,-0.013050624449713034,2026,671050,FC Cincinnati,0.13644825463003651,1,0.09165482486167684,0.09776514652217712,0.005999130725610366,20.754716981132077,0.00986685637102195,41.509433962264154,0.012475822488382715,23.11320754716981,-6.625151999707614e-4,36.79245283018868,0.06655346572074643,59.905660377358494,-0.013920666080128924,14.622641509433961,8.018867924528301,671050,63.13131313131313,65.64215148188804,535541.5,-55.11244520678483,TRUE,FALSE,10.784313725490197,High,20.75,79.25,Below Expected Value by Current Model,Central and defensive midfielders,1.1.0,2026-08-01 14:43:31 UTC,92,92,391,Performance data through: 2026-08-01 (updates every day) · MLSPA compensation as of: 2026-04-16,FALSE,2026-08-01 14:43:25 UTC
0x5gZDPM7O,asa_0x5gZDPM7O_mls_blended,Kei Kamara,kei kamara,1984-09-01,Sierra Leone,FW,NA,40.82956878850103,mls,NWMWlBK5lz,FW,asa_live,TRUE,NA,mlspa_via_asa,0,NA,900,119000,TRUE,0,1,blended,2025+2026 season to date,900,0.09605,0.03533,-0.03947,0.14678,-0.08796,0.04178999999999999,-4.2e-4,2026,119000,FC Cincinnati,0.21108432719581333,1,0.14206373087832533,0.15153464627494914,0.037685333334511,20.56737588652482,-0.042101333334649,50.354609929078016,0.156565333338226,36.87943262411348,-0.09382400000293199,12.76595744680851,0.04457600000139299,81.56028368794327,-4.48000000014e-4,28.368794326241133,2.8368794326241136,119000,24.62686567164179,20.08781558726674,535000,-21.78998623901768,FALSE,FALSE,NA,Low,41,59,Insufficient Evidence,Strikers,1.1.0,2026-08-01 14:43:31 UTC,NA,NA,NA,Performance data through: 2026-08-01 (updates every day) · MLSPA compensation as of: 2026-04-16,FALSE,2026-08-01 14:43:25 UTC
0x5gk2PL57,asa_0x5gk2PL57_mls_blended,Ezekiel Alladoh,ezekiel alladoh,2005-09-13,Ghana,FW,NA,20.79671457905544,mls,9z5k7Yg5A3,FW,asa_live,TRUE,NA,mlspa_via_asa,683,540000,0,NA,FALSE,1,0,blended,2025+2026 season to date,683,0.06630746705710104,0.02609077598828697,-0.03954465592972181,0.1264216691068814,-0.06198535871156661,0.0143103953147877,0.00101464128843338,2026,540000,Philadelphia Union,0.21108432719581333,1,0.13401293555532973,0.14294713126348546,0.02783016105504246,12.76595744680851,-0.042180966326354756,49.645390070921984,0.13484978038488757,31.20567375886525,-0.06611771596107056,21.98581560283688,0.015264421669583892,18.43971631205674,0.0010822840410294266,41.13475177304964,1.4184397163120568,540000,50.74626865671642,55.3238199780461,535000,-49.32782894040436,TRUE,FALSE,15.517241379310345,Low,37.75,62.25,Below Expected Value by Current Model,Strikers,1.1.0,2026-08-01 14:43:31 UTC,50,50,371,Performance data through: 2026-08-01 (updates every day) · MLSPA compensation as of: 2026-04-16,FALSE,2026-08-01 14:43:25 UTC
0x5gkPbP57,asa_0x5gkPbP57_mls_blended,Anderson Rosa,anderson rosa,2001-11-13,Brazil,FB,NA,23.630390143737166,mls,pzeQZ6xQKw,FB,asa_live,FALSE,NA,NA,0,NA,43,NA,TRUE,0,1,blended,2025+2026 season to date,43,0.060279069767441865,0,0.08099999999999999,8.372093023255815e-4,0,-0.02155813953488372,0,2026,NA,Colorado Rapids,0.11638469243644946,1,0.11263268345547382,0.1201415290229265,0,6.443298969072165,0.08640000000269998,97.9381443298969,8.930232558418606e-4,3.0927835051546393,0,42.2680412371134,-0.022995348837927906,3.6082474226804124,0,59.5360824742268,44.329896907216494,NA,NA,NA,343925,NA,FALSE,FALSE,NA,Insufficient,41,59,Insufficient Evidence,Fullbacks and wingbacks,1.1.0,2026-08-01 14:43:31 UTC,NA,NA,NA,Performance data through: 2026-08-01 (updates every day) · MLSPA compensation as of: 2026-04-16,FALSE,2026-08-01 14:43:25 UTC
2lqR72mAQr,asa_2lqR72mAQr_mls_blended,Kenji Cabrera,kenji cabrera,2003-01-27,Peru,W,NA,23.42505133470226,mls,lgpMOvnQzy,W,asa_live,TRUE,NA,mlspa_via_asa,382,440053,307,440053,TRUE,0.35304990757855825,0.6469500924214417,blended,2025+2026 season to date,580.6136783733826,0.2843401921884314,0.05255818035126168,0.030503067669354005,0.1055440160879539,0.04880947635877582,0.038963973700530445,0.00796147802055549,2026,440053,Vancouver Whitecaps FC,0.20277985605674193,1,0.24289039148271988,0.25908308425633086,0.05606205904309773,66.8122270742358,0.03253660551499438,81.6593886462882,0.11258028383066895,70.74235807860262,0.05206344145098785,76.85589519650655,0.04156157194853127,58.07860262008734,0.00849224322219124,71.61572052401746,82.09606986899563,440053,43.66197183098591,47.63995609220637,520000,38.434098038009715,FALSE,TRUE,NA,Low,41,59,Small-Sample Watchlist,Wingers and attacking midfielders,1.1.0,2026-08-01 14:43:31 UTC,NA,NA,NA,Performance data through: 2026-08-01 (updates every day) · MLSPA compensation as of: 2026-04-16,FALSE,2026-08-01 14:43:25 UTC
2lqR7A8JQr,asa_2lqR7A8JQr_mls_blended,Bernardo Rhein Goncalves,bernardo rhein goncalves,2007-09-21,USA,FB,NA,18.77618069815195,mls,jYQJ8EW5GR,FB,asa_live,FALSE,NA,NA,95,NA,0,NA,FALSE,1,0,blended,2025+2026 season to date,95,0.14466315789473683,0,0.03448421052631579,-0.0032210526315789405,0.024726315789473683,0.08602105263157896,0.0026526315789473605,2026,NA,Orlando City SC,0.11638469243644946,1,0.12025009418974053,0.12826676713973156,0,6.443298969072165,0.03678315789588631,75.25773195876289,-0.0034357894737915714,1.0309278350515463,0.026374736842929472,89.17525773195877,0.0917557894765516,88.14432989690722,0.002829473684298939,78.35051546391753,56.70103092783505,NA,NA,NA,343925,NA,FALSE,FALSE,NA,Insufficient,49,51,Insufficient Evidence,Fullbacks and wingbacks,1.1.0,2026-08-01 14:43:31 UTC,NA,NA,NA,Performance data through: 2026-08-01 (updates every day) · MLSPA compensation as of: 2026-04-16,FALSE,2026-08-01 14:43:25 UTC
2lqR7V9AQr,asa_2lqR7V9AQr_mls_blended,Georgi Minoungou,georgi minoungou,2002-07-25,Ivory Coast,W,NA,23.93429158110883,mls,pzeQZ6xQKw,W,asa_live,TRUE,NA,mlspa_via_asa,966,113400,888,113400,TRUE,0.5798319327731093,0.4201680672268907,blended,2025+2026 season to date,1339.109243697479,0.1676985496901463,0.04276455176665261,-0.06745145355439473,0.11852460173258492,0.05047041789688849,0.034525940105772035,-0.011135508257356994,2026,113400,Colorado Rapids,0.20277985605674193,1,0.17855342230156335,0.19045698379428602,0.04561552188585493,47.161572052401745,-0.0719482171269361,9.606986899563319,0.1264262418520414,78.60262008733625,0.05383511242503007,78.60262008733625,0.0368276694473077,48.90829694323144,-0.011877875474885311,3.930131004366812,25.76419213973799,113400,17.6056338028169,16.41053787047201,520000,8.15855833692109,TRUE,FALSE,73.95833333333333,High,20.75,79.25,Fair Value,Wingers and attacking midfielders,1.1.0,2026-08-01 14:43:31 UTC,26,26,117,Performance data through: 2026-08-01 (updates every day) · MLSPA compensation as of: 2026-04-16,FALSE,2026-08-01 14:43:25 UTC
2lqR7YEaQr,asa_2lqR7YEaQr_mls_blended,Jackson Travis,jackson travis,2004-02-23,USA,FB,NA,22.351813826146476,mls,pzeQZ6xQKw,FB,asa_live,TRUE,NA,mlspa_via_asa,892,127500,748,127500,TRUE,0.5603015075376885,0.4396984924623115,blended,2025+2026 season to date,1220.894472361809,0.05780334829226347,0.003126981834305211,-0.0015801332867546305,0.009765730389917501,0.005084735173192161,0.03648905288474458,0.004916981296858619,2026,127500,Colorado Rapids,0.11638469243644946,1,0.07710639249389778,0.08224681866272784,0.003335447290029791,19.072164948453608,-0.001685475505924277,27.835051546391753,0.010416779082904191,19.587628865979383,0.0054237175182411295,53.608247422680414,0.038921656411610515,30.927835051546392,0.005244780050146426,87.11340206185567,9.278350515463918,127500,29.72972972972973,22.722283205268937,343925,-20.451379214265813,TRUE,FALSE,36.58536585365854,Medium,29.75,70.25,Below Expected Value by Current Model,Fullbacks and wingbacks,1.1.0,2026-08-01 14:43:31 UTC,53,53,278,Performance data through: 2026-08-01 (updates every day) · MLSPA compensation as of: 2026-04-16,FALSE,2026-08-01 14:43:25 UTC
2lqR7wZaQr,asa_2lqR7wZaQr_mls_blended,Max Arfsten,max arfsten,2001-04-19,USA,W,NA,25.19917864476386,mls,mvzqoLZQap,W,asa_live,TRUE,NA,mlspa_via_asa,1642,895000,3136,895000,TRUE,0.7011101622544833,0.2988898377455167,blended,2025+2026 season to date,2579.3185311699403,0.14806980450164692,0.029166211723801388,-0.008615129773087708,0.08855652220324509,0.013223210473343905,0.0263172387763816,-5.782489020373237e-4,2026,895000,Columbus Crew,0.20277985605674193,1,0.15839466833999202,0.1689543129012713,0.031110625839693686,30.56768558951965,-0.009189471758247393,47.59825327510917,0.09446029035307997,58.51528384279476,0.014104757838674271,48.47161572052402,0.02807172136235095,29.25764192139738,-6.167988288590869e-4,29.25764192139738,13.537117903930131,895000,70.89201877934272,78.59495060373216,520000,-57.35490087541259,TRUE,FALSE,7.291666666666667,High,14,86,Below Expected Value by Current Model,Wingers and attacking midfielders,1.1.0,2026-08-01 14:43:31 UTC,90,90,406,Performance data through: 2026-08-01 (updates every day) · MLSPA compensation as of: 2026-04-16,FALSE,2026-08-01 14:43:25 UTC
2lqR7yoAQr,asa_2lqR7yoAQr_mls_blended,Mykhi Joyner,mykhi joyner,2006-08-30,USA,FB,NA,19.835728952772072,mls,wvq9B9wQWn,FB,asa_live,TRUE,NA,mlspa_via_asa,118,130680,476,130680,TRUE,0.15,0.85,blended,2025+2026 season to date,522.5999999999999,0.2359492736077482,0.057157082324455204,0.016749969733656167,0.1437145278450363,-0.021643038740920092,0.07773205205811136,-0.0377613196125908,2026,130680,St. Louis City SC,0.11638469243644946,1,0.17204516822490548,0.18351484611230068,0.06096755448132412,96.3917525773196,0.01786663438312491,52.06185567010309,0.15329549637282922,96.90721649484536,-0.0230859079910362,11.34020618556701,0.08291418886457652,83.50515463917526,-0.04027874092135556,4.123711340206185,93.81443298969072,130680,30.27027027027027,23.161361141602633,343925,63.54416271942044,FALSE,TRUE,NA,Low,41,59,Small-Sample Watchlist,Fullbacks and wingbacks,1.1.0,2026-08-01 14:43:31 UTC,NA,NA,NA,Performance data through: 2026-08-01 (updates every day) · MLSPA compensation as of: 2026-04-16,FALSE,2026-08-01 14:43:25 UTC
2lqRJ0l4qr,asa_2lqRJ0l4qr_mls_blended,Hosei Kijima,hosei kijima,2002-07-01,Japan,W,NA,24,mls,EKXMeX3Q64,W,asa_live,TRUE,NA,mlspa_via_asa,121,113400,1778,113400,TRUE,0.15,0.85,blended,2025+2026 season to date,1632.3,0.16966415021985887,0.0223354830387937,0.013795933075514319,0.05117887077131887,0.025253107772685433,0.05555591968875792,0.0015448358727886222,2026,113400,D.C. United,0.20277985605674193,1,0.17856502532720547,0.19046936035497133,0.023824515242124464,24.45414847161572,0.014715661947675138,68.12227074235808,0.05459079549111276,20.524017467248907,0.026936648291706233,60.262008733624455,0.05925964766986031,83.4061135371179,0.001647824931026025,51.09170305676856,26.200873362445414,113400,17.6056338028169,16.41053787047201,520000,8.595239559628514,FALSE,TRUE,NA,Low,41,59,Small-Sample Watchlist,Wingers and attacking midfielders,1.1.0,2026-08-01 14:43:31 UTC,NA,NA,NA,Performance data through: 2026-08-01 (updates every day) · MLSPA compensation as of: 2026-04-16,FALSE,2026-08-01 14:43:25 UTC
2lqRJVwJqr,asa_2lqRJVwJqr_mls_blended,Morrison Agyemang,morrison agyemang,2004-12-21,Ghana,CB,NA,21.52498288843258,mls,NPqxKXZ59d,CB,asa_live,TRUE,NA,mlspa_via_asa,1581,262080,0,NA,FALSE,1,0,blended,2025+2026 season to date,1581,0.234865275142315,0.02126755218216319,0.06285199240986718,0.05540037950664136,0.01248956356736243,0.08329411764705884,-4.3833017077798866e-4,2026,262080,Charlotte FC,0.13407640205361335,1,0.2071379372912279,0.22094713311754768,0.02268538899501632,91.62303664921465,0.06704212523928672,73.29842931937172,0.05909373814226413,93.717277486911,0.013322201138936243,84.29319371727749,0.08884705882630589,67.53926701570681,-4.6755218217779893e-4,75.39267015706807,97.90575916230367,262080,30.386740331491712,33.69923161361142,501667,67.51901883081196,TRUE,FALSE,96.90721649484536,High,22,78,Elite Value,Center backs,1.1.0,2026-08-01 14:43:31 UTC,4,4,16,Performance data through: 2026-08-01 (updates every day) · MLSPA compensation as of: 2026-04-16,FALSE,2026-08-01 14:43:25 UTC
2lqRJgb2qr,asa_2lqRJgb2qr_mls_blended,Wiktor Bogacz,wiktor bogacz,2004-07-14,Poland,FW,NA,20.9637234770705,mls,a2lqRX2Mr0,FW,asa_live,TRUE,NA,mlspa_via_asa,0,NA,414,516240,TRUE,0,1,blended,2025+2026 season to date,414,0.05945652173913043,0.03513043478260869,-0.0295,0.15871739130434784,-0.10721739130434783,0.00654347826086956,-0.00421739130434782,2026,516240,New York Red Bulls,0.21108432719581333,1,0.1491771166839132,0.15912225780114664,0.03747246376928695,19.148936170212767,-0.031466666667649995,63.829787234042556,0.16929855072992828,43.262411347517734,-0.11436521739487827,8.51063829787234,0.0069797101451456465,14.184397163120567,-0.004498550724778254,14.184397163120567,3.5460992907801416,516240,49.25373134328358,53.34796926454446,535000,-45.70763205250344,FALSE,FALSE,NA,Low,41,59,Insufficient Evidence,Strikers,1.1.0,2026-08-01 14:43:31 UTC,NA,NA,NA,Performance data through: 2026-08-01 (updates every day) · MLSPA compensation as of: 2026-04-16,FALSE,2026-08-01 14:43:25 UTC
2lqRR1wxqr,asa_2lqRR1wxqr_mls_blended,Marlon,marlon,1995-09-07,Brazil,CB,NA,29.815195071868583,mls,eVq3ya6MWO,CB,asa_live,TRUE,NA,mlspa_via_asa,0,NA,718,1000000,TRUE,0,1,blended,2025+2026 season to date,718,0.08741782729805013,0.00517688022284122,0.09229387186629526,-7.395543175487465e-4,0.0125974930362117,-0.01677158774373259,-0.00513927576601671,2026,1000000,Los Angeles FC,0.13407640205361335,1,0.10865845313518058,0.11590235001448122,0.0055220055712031976,30.89005235602094,0.09844679666045807,94.76439790575917,-7.888579387433148e-4,4.712041884816754,0.013437325905712396,84.81675392670157,-0.017889693593873816,4.712041884816754,-0.0054818941505891325,44.50261780104712,17.801047120418847,1000000,86.1878453038674,82.49176728869374,501667,-68.38679818344856,FALSE,FALSE,NA,Low,41,59,Insufficient Evidence,Center backs,1.1.0,2026-08-01 14:43:31 UTC,NA,NA,NA,Performance data through: 2026-08-01 (updates every day) · MLSPA compensation as of: 2026-04-16,FALSE,2026-08-01 14:43:25 UTC
2lqRR3wJqr,asa_2lqRR3wJqr_mls_blended,Bjørn Inge Utvik,bjorn inge utvik,1996-02-28,Norway,CB,NA,29.3388090349076,mls,lgpMOvnQzy,CB,asa_live,TRUE,NA,mlspa_via_asa,0,NA,1157,622083,TRUE,0,1,blended,2025+2026 season to date,1157,0.13794036300777873,0.00509507346585998,0.04479775280898876,0.028960242005185825,0.007148660328435601,0.05191529818496111,2.33362143474503e-5,2026,622083,Vancouver Whitecaps FC,0.13407640205361335,1,0.1366208544292362,0.1457289113957393,0.005434745030420482,29.319371727748692,0.047784269664414604,47.64397905759162,0.030890924806496887,77.4869109947644,0.00762523768390293,68.06282722513089,0.055376318065689024,31.93717277486911,2.4891961971391528e-5,80.10471204188482,45.54973821989529,622083,58.56353591160221,61.800219538968165,501667,-13.01379769170692,FALSE,FALSE,NA,Low,41,59,Insufficient Evidence,Center backs,1.1.0,2026-08-01 14:43:31 UTC,NA,NA,NA,Performance data through: 2026-08-01 (updates every day) · MLSPA compensation as of: 2026-04-16,FALSE,2026-08-01 14:43:25 UTC
2lqRR4Rxqr,asa_2lqRR4Rxqr_mls_blended,Lewis Morgan,lewis morgan,1996-09-30,Scotland,W,NA,29.749486652977417,mls,zeQZBOzQKw,W,asa_live,TRUE,NA,mlspa_via_asa,436,1868508,165,1868508,TRUE,0.38380281690140844,0.6161971830985915,blended,2025+2026 season to date,537.6725352112676,0.21454801536491674,0.04993717989756721,-0.009990556978233032,0.13386395646606913,0.02643365877080665,0.015042973751600509,-7.391965428937249e-4,2026,1868508,San Diego FC,0.20277985605674193,1,0.20834157601935088,0.22223101442758567,0.053266325225736266,60.262008733624455,-0.010656594110448253,45.851528384279476,0.14278822023493587,82.53275109170306,0.028195902689741547,61.572052401746724,0.01604583866887531,17.903930131004365,-7.884763124446131e-4,27.074235807860262,61.1353711790393,1868508,84.03755868544602,92.31613611416026,520000,-22.90218750640671,FALSE,TRUE,NA,Low,41,59,Small-Sample Watchlist,Wingers and attacking midfielders,1.1.0,2026-08-01 14:43:31 UTC,NA,NA,NA,Performance data through: 2026-08-01 (updates every day) · MLSPA compensation as of: 2026-04-16,FALSE,2026-08-01 14:43:25 UTC
2lqRRZy2qr,asa_2lqRRZy2qr_mls_blended,Ilie Sánchez,ilie sanchez,1990-11-21,Spain,CM,NA,35.60848733744011,mls,gpMOLwl5zy,CM,asa_live,TRUE,NA,mlspa_via_asa,986,225000,1966,225000,TRUE,0.5848161328588375,0.4151838671411625,blended,2025+2026 season to date,1802.2514827995255,0.14792797848115471,0.019025839629574652,0.003907896880419086,0.02209477849418767,0.02412281381347679,0.08229639276961007,-0.0035197431061135378,2026,225000,Austin FC,0.13644825463003651,1,0.14506073732843244,0.1547314531551633,0.020294228938847157,64.15094339622641,0.004168423339243955,31.60377358490566,0.023567763727870006,49.056603773584904,0.025731001401846,85.37735849056604,0.08778281895699395,84.43396226415095,-0.0037543926466384317,35.84905660377358,64.62264150943396,225000,29.7979797979798,31.50384193194292,535541.5,34.82466171145416,TRUE,FALSE,83.33333333333333,High,20.75,79.25,Strong Value,Central and defensive midfielders,1.1.0,2026-08-01 14:43:31 UTC,18,18,75,Performance data through: 2026-08-01 (updates every day) · MLSPA compensation as of: 2026-04-16,FALSE,2026-08-01 14:43:25 UTC
2lqRRkw2qr,asa_2lqRRkw2qr_mls_blended,Alfredo Morales,alfredo morales,1990-05-12,USA,CM,NA,35.13757700205339,mls,wvq9B9wQWn,CM,asa_live,TRUE,NA,mlspa_via_asa,0,NA,1275,205571,TRUE,0,1,blended,2025+2026 season to date,1275,0.13114588235294117,0.00669176470588235,0.07810588235294118,0.01651764705882353,-0.02296941176470588,0.07404705882352941,-0.02124705882352941,2026,205571,St. Louis City SC,0.13644825463003651,1,0.13284264148161168,0.14169881758481387,0.007137882353164232,23.11320754716981,0.08331294117907412,88.67924528301887,0.017618823529962354,35.37735849056604,-0.024500705883118586,8.018867924528301,0.07898352941423294,78.30188679245283,-0.02266352941247294,8.018867924528301,48.58490566037736,205571,27.77777777777778,29.967069154774972,535541.5,20.80712788259958,FALSE,FALSE,NA,Low,41,59,Insufficient Evidence,Central and defensive midfielders,1.1.0,2026-08-01 14:43:31 UTC,NA,NA,NA,Performance data through: 2026-08-01 (updates every day) · MLSPA compensation as of: 2026-04-16,FALSE,2026-08-01 14:43:25 UTC
2lqRj3Zxqr,asa_2lqRj3Zxqr_mls_blended,Olger Escobar,olger escobar,2006-09-11,Guatemala,W,NA,19.802874743326488,mls,APk5LGOMOW,W,asa_live,TRUE,NA,mlspa_via_asa,398,93421,526,93421,TRUE,0.36247723132969034,0.6375227686703097,blended,2025+2026 season to date,733.3369763205828,0.13002948326372873,0.035407747927444985,0.003991896777410707,0.04046973758025307,0.02350735523281182,0.017790531696066817,0.008862214049741315,2026,93421,CF Montréal,0.20277985605674193,1,0.1627670615736494,0.17361819901731826,0.03776826445712157,39.737991266375545,0.00425802322937115,61.572052401746724,0.04316772008695227,11.790393013100436,0.025074512249116186,59.38864628820961,0.01897656714306429,20.524017467248907,0.009453028320019477,74.23580786026201,17.03056768558952,93421,8.92018779342723,8.45225027442371,520000,8.11037989216229,FALSE,TRUE,NA,Low,41,59,Small-Sample Watchlist,Wingers and attacking midfielders,1.1.0,2026-08-01 14:43:31 UTC,NA,NA,NA,Performance data through: 2026-08-01 (updates every day) · MLSPA compensation as of: 2026-04-16,FALSE,2026-08-01 14:43:25 UTC
2lqRj7nDqr,asa_2lqRj7nDqr_mls_blended,Jason Shokalook,jason shokalook,2002-09-30,USA,FW,NA,23.750855578370977,mls,X0Oq66zq6D,FW,asa_live,TRUE,NA,mlspa_via_asa,95,88025,16,88025,TRUE,0.15,0.85,blended,2025+2026 season to date,108.6,1.9088061513157892,0.001904210526315789,1.6089628618421052,0.02890865131578947,0.2155938157894737,0.05386292763157895,-4.263157894736835e-4,2026,88025,Chicago Fire FC,0.21108432719581333,1,0.47127708770869703,0.5026955602383194,0.0020311578948003155,8.51063829787234,1.716227052685211,100,0.030835894737805725,4.25531914893617,0.22996673684929175,99.29078014184397,0.05745378947547964,92.90780141843972,-4.547368421194729e-4,26.95035460992908,99.29078014184397,88025,7.08955223880597,4.33589462129528,535000,92.201227903038,FALSE,TRUE,NA,Low,41,59,Small-Sample Watchlist,Strikers,1.1.0,2026-08-01 14:43:31 UTC,NA,NA,NA,Performance data through: 2026-08-01 (updates every day) · MLSPA compensation as of: 2026-04-16,FALSE,2026-08-01 14:43:25 UTC
2lqRj90Jqr,asa_2lqRj90Jqr_mls_blended,Jackson Gilman,jackson gilman,2004-04-29,USA,CB,NA,22.171115674195757,mls,kRQabn8MKZ,CB,asa_live,FALSE,NA,NA,597,NA,0,NA,FALSE,1,0,blended,2025+2026 season to date,597,0.14071356783919595,0.029321608040201005,0.02825125628140703,0.03544221105527638,0.0024572864321608,0.09453768844221104,-0.0492964824120603,2026,NA,Toronto FC,0.13407640205361335,1,0.13738666769604677,0.14654577888036277,0.031276381910525126,97.38219895287958,0.030134673367775873,20.94240837696335,0.03780502512680955,83.7696335078534,0.0026211055277200962,49.21465968586387,0.10084020100817637,78.01047120418848,-0.05258291457450753,4.712041884816754,48.167539267015705,NA,NA,NA,501667,NA,FALSE,FALSE,NA,Insufficient,37.75,62.25,Insufficient Evidence,Center backs,1.1.0,2026-08-01 14:43:31 UTC,NA,NA,NA,Performance data through: 2026-08-01 (updates every day) · MLSPA compensation as of: 2026-04-16,FALSE,2026-08-01 14:43:25 UTC
2lqRjDAAqr,asa_2lqRjDAAqr_mls_blended,Ian Fray,ian fray,2002-08-31,USA,FB,NA,23.83299110198494,mls,zeQZkL1MKw,FB,asa_live,TRUE,NA,mlspa_via_asa,949,429000,1806,429000,TRUE,0.5755003032140691,0.4244996967859309,blended,2025+2026 season to date,1715.6464523953912,0.14718971328641742,0.019982004597571462,0.014440929668438938,0.0640972400468219,-0.006421270114375164,0.05325883199119974,0.001831977096760543,2026,429000,Inter Miami CF,0.11638469243644946,1,0.1392079194806915,0.1484884474507112,0.021314138238075625,71.64948453608247,0.015403658313482898,49.48453608247423,0.06837038938541326,88.14432989690722,-0.0068493547888808836,23.195876288659793,0.05680942079238835,52.06185567010309,0.0019541089032723115,74.74226804123711,76.28865979381443,429000,59.45945945945946,46.10318331503842,343925,16.829200334354972,TRUE,FALSE,80.48780487804878,High,20.75,79.25,Strong Value,Fullbacks and wingbacks,1.1.0,2026-08-01 14:43:31 UTC,17,17,87,Performance data through: 2026-08-01 (updates every day) · MLSPA compensation as of: 2026-04-16,FALSE,2026-08-01 14:43:25 UTC
2lqRjL12qr,asa_2lqRjL12qr_mls_blended,Brandan Craig,brandan craig,2004-04-07,USA,CB,NA,22.23134839151266,mls,APk5LGOMOW,CB,asa_live,TRUE,NA,mlspa_via_asa,343,97830,1636,97830,TRUE,0.3288590604026846,0.6711409395973154,blended,2025+2026 season to date,1440.9865771812078,0.1478600332405816,0.014986047394786988,0.07726790314754083,0.018578076687756538,-0.009538624008701624,0.04869236990344289,-0.0021257398842440102,2026,97830,CF Montréal,0.13407640205361335,1,0.14380798370500708,0.15339518262346782,0.015985117221605654,80.10471204188482,0.08241909669328581,87.43455497382199,0.019816615134226244,61.78010471204188,-0.010174532276266352,15.706806282722512,0.05193852789862883,27.74869109947644,-0.0022674558765978024,60.20942408376963,57.59162303664922,97830,8.839779005524862,10.208562019758507,501667,48.75184403112436,FALSE,TRUE,NA,Low,41,59,Small-Sample Watchlist,Center backs,1.1.0,2026-08-01 14:43:31 UTC,NA,NA,NA,Performance data through: 2026-08-01 (updates every day) · MLSPA compensation as of: 2026-04-16,FALSE,2026-08-01 14:43:25 UTC
2lqRjYLWqr,asa_2lqRjYLWqr_mls_blended,Zane Monlouis,zane monlouis,2003-10-16,England,CB,NA,22.70773442847365,mls,kRQabn8MKZ,CB,asa_live,TRUE,NA,mlspa_via_asa,1090,137891,566,137891,TRUE,0.6089385474860335,0.3910614525139665,blended,2025+2026 season to date,1311.340782122905,0.103514621868646,0.008351396648044686,0.03462460272025584,0.0018744951339400232,0.004228722585230072,0.05385879147995341,5.766133012219436e-4,2026,137891,Toronto FC,0.13407640205361335,1,0.11310844641447798,0.1206490095125468,0.008908156424859379,53.403141361256544,0.03693290956942705,30.36649214659686,0.0019994614762651746,14.659685863874346,0.004510637424386367,58.1151832460733,0.05744937758041227,34.55497382198953,6.150541879892936e-4,84.81675392670157,23.56020942408377,137891,20.441988950276244,24.259055982436884,501667,3.1182204738075257,TRUE,FALSE,58.76288659793814,High,20.75,79.25,Fair Value,Center backs,1.1.0,2026-08-01 14:43:31 UTC,41,41,182,Performance data through: 2026-08-01 (updates every day) · MLSPA compensation as of: 2026-04-16,FALSE,2026-08-01 14:43:25 UTC
2lqRjkEJqr,asa_2lqRjkEJqr_mls_blended,Logan Ndenbe,logan ndenbe,2000-02-09,Belgium,FB,NA,25.39082819986311,mls,Z2vQ1xlqrA,FB,asa_live,TRUE,NA,mlspa_via_asa,0,NA,2234,530000,TRUE,0,1,blended,2025+2026 season to date,2234,0.1452287376902417,0.02379722470904207,0.01189256938227394,0.05083348254252462,0.01895076096687556,0.03400984780662489,0.00574485228290062,2026,530000,Sporting Kansas City,0.11638469243644946,1,0.13912202380447058,0.14839682539607268,0.025383706357104782,78.8659793814433,0.012685407341488621,47.422680412371136,0.05422238138038738,81.44329896907216,0.02021414503196562,82.47422680412372,0.036277170994866874,27.31958762886598,0.0061278424352854905,89.17525773195877,75.77319587628865,530000,70,54.665203073545555,343925,5.7731958762886535,FALSE,FALSE,NA,Low,41,59,Insufficient Evidence,Fullbacks and wingbacks,1.1.0,2026-08-01 14:43:31 UTC,NA,NA,NA,Performance data through: 2026-08-01 (updates every day) · MLSPA compensation as of: 2026-04-16,FALSE,2026-08-01 14:43:25 UTC
2lqRk034Qr,asa_2lqRk034Qr_mls_blended,Keegan Hughes,keegan hughes,2000-07-22,USA,CB,NA,25.94113620807666,mls,19vQ2095K6,CB,asa_live,TRUE,NA,mlspa_via_asa,90,113400,440,113400,TRUE,0.15,0.85,blended,2025+2026 season to date,464,0.0464665909090909,0.0019646590909090855,0.01983784090909091,0.018778977272727277,-0.00744749999999999,0.06308011363636364,-0.0497475,2026,113400,New England Revolution,0.13407640205361335,1,0.09587061974998701,0.10226199440318183,0.0020956363637018465,15.706806282722512,0.021160363637024896,13.612565445026178,0.02003090909153506,62.82722513089005,-0.007944000000248239,19.895287958115183,0.06728545454755722,42.931937172774866,-0.05306400000165825,4.18848167539267,7.853403141361256,113400,12.154696132596685,16.41053787047201,501667,-4.301292991235429,FALSE,TRUE,NA,Low,41,59,Small-Sample Watchlist,Center backs,1.1.0,2026-08-01 14:43:31 UTC,NA,NA,NA,Performance data through: 2026-08-01 (updates every day) · MLSPA compensation as of: 2026-04-16,FALSE,2026-08-01 14:43:25 UTC
2lqRk1raQr,asa_2lqRk1raQr_mls_blended,Kamal Miller,kamal miller,1997-05-16,Canada,CB,NA,29.125256673511295,mls,WBLMvYAQxe,CB,asa_live,TRUE,NA,mlspa_via_asa,961,822496,2481,822496,TRUE,0.5785671282360024,0.4214328717639976,blended,2025+2026 season to date,2006.574954846478,0.17589586698766133,0.007948963598362602,0.09527758514378148,0.01941121190524203,0.011834177921984317,0.04699083243366018,-0.0055669040153693014,2026,822496,Portland Timbers FC,0.13407640205361335,1,0.1662695645044831,0.17735420214365763,0.008478894505185075,49.21465968586387,0.10162942415654283,96.33507853403141,0.02070529269957187,65.96858638743456,0.012623123117177743,83.24607329842932,0.05012355459747055,25.654450261780106,-0.005938030949912818,41.8848167539267,80.6282722513089,822496,75.13812154696133,75.6311745334797,501667,5.49015070434757,TRUE,FALSE,63.91752577319588,High,20.75,79.25,Undervalued,Center backs,1.1.0,2026-08-01 14:43:31 UTC,36,36,159,Performance data through: 2026-08-01 (updates every day) · MLSPA compensation as of: 2026-04-16,FALSE,2026-08-01 14:43:25 UTC
2lqRk3NWQr,asa_2lqRk3NWQr_mls_blended,Kyle Duncan,kyle duncan,1997-08-08,USA,FB,NA,28.8952772073922,mls,kRQand1MKZ,FB,asa_live,TRUE,NA,mlspa_via_asa,1083,437889,1695,437889,TRUE,0.6074032529444756,0.3925967470555244,blended,2025+2026 season to date,1748.4514862591138,0.16715263129159863,0.011457620893492622,0.01592612133274435,0.04988919937065401,0.005492865261392008,0.1003823624298314,-0.015995537996515766,2026,437889,Minnesota United FC,0.11638469243644946,1,0.15418205749379327,0.16446086133185223,0.012221462286774051,48.96907216494845,0.016987862755458178,51.54639175257732,0.05321514599702725,79.38144329896907,0.0058590562790012376,55.154639175257735,0.10707451992849956,91.23711340206185,-0.01706190719681667,12.88659793814433,85.05154639175258,437889,61.08108108108108,47.310647639956095,343925,23.9704653106715,TRUE,FALSE,84.14634146341463,High,20.75,79.25,Strong Value,Fullbacks and wingbacks,1.1.0,2026-08-01 14:43:31 UTC,14,14,73,Performance data through: 2026-08-01 (updates every day) · MLSPA compensation as of: 2026-04-16,FALSE,2026-08-01 14:43:25 UTC
2lqRk3lnQr,asa_2lqRk3lnQr_mls_blended,Keaton Parks,keaton parks,1997-08-06,USA,CM,NA,28.90075290896646,mls,Vj58weDM8n,CM,asa_live,TRUE,NA,mlspa_via_asa,918,1130000,993,1130000,TRUE,0.5673671199011124,0.43263288009888756,blended,2025+2026 season to date,1347.6044499381953,0.20991141575702352,0.027276138158705495,0.014123008152244952,0.10079874635426975,0.00682741178359767,0.07294555024852584,-0.012059438940320187,2026,1130000,New York City FC,0.13644825463003651,1,0.1872795632381042,0.19976486746022049,0.029094547370195064,79.24528301886792,0.015064542029532049,47.64150943396226,0.10751866278124769,97.64150943396227,0.007282572569398428,59.43396226415094,0.0778085869341924,77.83018867924528,-0.012863401536743514,16.50943396226415,93.39622641509433,1130000,89.39393939393939,84.74204171240395,535541.5,4.002287021154942,TRUE,FALSE,61.76470588235294,High,20.75,79.25,Fair Value,Central and defensive midfielders,1.1.0,2026-08-01 14:43:31 UTC,40,40,170,Performance data through: 2026-08-01 (updates every day) · MLSPA compensation as of: 2026-04-16,FALSE,2026-08-01 14:43:25 UTC
2lqRkOwnQr,asa_2lqRkOwnQr_mls_blended,Ryan Porteous,ryan porteous,1999-03-25,Scotland,CB,NA,27.26899383983573,mls,eVq3ya6MWO,CB,asa_live,TRUE,NA,mlspa_via_asa,1490,760260,1274,760260,TRUE,0.680365296803653,0.319634703196347,blended,2025+2026 season to date,1897.2146118721462,0.21230976968237242,0.009927954237543272,0.08281210296552761,0.03939289477645642,0.00441627276832756,0.08912876712328767,-0.01336822218877013,2026,760260,Los Angeles FC,0.13407640205361335,1,0.19351281872986104,0.2064136733183022,0.010589817853710423,61.2565445026178,0.08833290983265653,91.09947643979058,0.04201908776286661,87.95811518324608,0.00471069095302994,59.68586387434555,0.0950706849344778,74.3455497382199,-0.014259437001800414,24.607329842931936,94.24083769633508,760260,69.61325966850829,71.6794731064764,501667,24.627578027826786,TRUE,FALSE,77.31958762886597,High,20.75,79.25,Strong Value,Center backs,1.1.0,2026-08-01 14:43:31 UTC,23,23,102,Performance data through: 2026-08-01 (updates every day) · MLSPA compensation as of: 2026-04-16,FALSE,2026-08-01 14:43:25 UTC
2lqRkWG0Qr,asa_2lqRkWG0Qr_mls_blended,Rafael Santos,rafael santos,1998-02-05,Brazil,FB,NA,28.399726214921287,mls,wvq9B9wQWn,FB,asa_live,TRUE,NA,mlspa_via_asa,1046,226354,1206,226354,TRUE,0.5990836197021764,0.4009163802978236,blended,2025+2026 season to date,1529.5051546391753,0.08571682822998411,0.02659205689764237,0.0037179053187669994,0.01974057547314971,-0.00585796105383734,0.04200788155442717,-4.8362996016480857e-4,2026,226354,St. Louis City SC,0.11638469243644946,1,0.09435767067349396,0.10064818205487215,0.028364860691704928,81.44329896907216,0.0039657656734753965,31.443298969072163,0.021056613838684377,41.75257731958763,-0.006248491790955095,24.22680412371134,0.04480840699278924,35.56701030927835,-5.158719575252502e-4,54.63917525773196,23.195876288659793,226354,38.37837837837838,31.72338090010977,343925,-15.182502089718586,TRUE,FALSE,48.78048780487805,High,20.75,79.25,Below Expected Value by Current Model,Fullbacks and wingbacks,1.1.0,2026-08-01 14:43:31 UTC,43,43,226,Performance data through: 2026-08-01 (updates every day) · MLSPA compensation as of: 2026-04-16,FALSE,2026-08-01 14:43:25 UTC
2lqRkYZnQr,asa_2lqRkYZnQr_mls_blended,Bryan Acosta,bryan acosta,1993-11-24,Honduras,CM,NA,32.59958932238193,mls,vzqoOgNqap,CM,asa_live,TRUE,NA,mlspa_via_asa,653,200500,394,200500,TRUE,0.4826311899482631,0.5173688100517368,blended,2025+2026 season to date,856.8433111603844,0.1299517260008779,0.010969937082850286,0.027332729298682,0.010824709894537798,0.0015943588416041001,0.08569494749400657,-0.006464956610802832,2026,200500,Nashville SC,0.13644825463003651,1,0.13262731722447385,0.14146913837719302,0.011701266222072636,36.79245283018868,0.029154911252838558,64.15094339622641,0.011546357221201141,21.22641509433962,0.0017006494310975188,43.867924528301884,0.0914079439964635,86.32075471698113,-0.006895953718405186,25.471698113207548,47.16981132075472,200500,27.272727272727273,29.637760702524698,535541.5,19.897084048027445,TRUE,FALSE,76.47058823529412,Medium,29.75,70.25,Fair Value,Central and defensive midfielders,1.1.0,2026-08-01 14:43:31 UTC,25,25,105,Performance data through: 2026-08-01 (updates every day) · MLSPA compensation as of: 2026-04-16,FALSE,2026-08-01 14:43:25 UTC
2lqRkZXDQr,asa_2lqRkZXDQr_mls_blended,Cristian Espinoza,cristian espinoza,1995-04-03,Argentina,W,NA,31.24435318275154,mls,vzqoOgNqap,W,asa_live,TRUE,NA,mlspa_via_asa,1087,2343567,3017,2343567,TRUE,0.608282036933408,0.391717963066592,blended,2025+2026 season to date,2268.813094571908,0.2261837581813484,0.03245045488362068,0.019469300711376432,0.0732862267705535,0.05773420826100335,0.04357918168987934,-3.356141350849199e-4,2026,2343567,Nashville SC,0.20277985605674193,1,0.22128893205923766,0.23604152753722982,0.034613818543610404,36.24454148471616,0.02076725409278384,72.92576419213974,0.07817197522436661,42.35807860262009,0.06158315548032805,83.4061135371179,0.04648446047065727,66.8122270742358,-3.57988410768435e-4,33.624454148471614,70.74235807860262,2343567,87.32394366197182,93.74313940724478,520000,-16.581585583369204,TRUE,FALSE,40.625,High,20.75,79.25,Below Expected Value by Current Model,Wingers and attacking midfielders,1.1.0,2026-08-01 14:43:31 UTC,58,58,261,Performance data through: 2026-08-01 (updates every day) · MLSPA compensation as of: 2026-04-16,FALSE,2026-08-01 14:43:25 UTC
2lqRkbN4Qr,asa_2lqRkbN4Qr_mls_blended,Paul Rothrock,paul rothrock,1999-01-09,USA,W,NA,27.474332648870636,mls,jYQJ19EqGR,W,asa_live,TRUE,NA,mlspa_via_asa,1317,525000,2526,525000,TRUE,0.652949925632127,0.34705007436787305,blended,2025+2026 season to date,2193.6484878532474,0.1911642958840356,0.040092949831421046,-0.042323063932818074,0.09241330284034636,0.016690690885195546,0.05007850962778379,0.0342119066321069,2026,525000,Seattle Sounders FC,0.20277985605674193,1,0.1936590034801868,0.20656960371865454,0.042765813154852214,45.414847161572055,-0.04514460152975005,15.283842794759826,0.0985741896994499,62.00873362445415,0.017803403611431606,53.711790393013104,0.05341707693797199,76.41921397379913,0.036492700408721095,95.19650655021834,44.97816593886463,525000,50.70422535211268,54.22612513721185,520000,-5.726059413248052,TRUE,FALSE,50,High,20.75,79.25,Fair Value,Wingers and attacking midfielders,1.1.0,2026-08-01 14:43:31 UTC,49,49,219,Performance data through: 2026-08-01 (updates every day) · MLSPA compensation as of: 2026-04-16,FALSE,2026-08-01 14:43:25 UTC
2lqRked4Qr,asa_2lqRked4Qr_mls_blended,Eduard Löwen,eduard lowen,1997-01-28,Germany,W,NA,29.42094455852156,mls,wvq9B9wQWn,W,asa_live,TRUE,NA,mlspa_via_asa,505,1444250,1587,1444250,TRUE,0.4190871369294606,0.5809128630705394,blended,2025+2026 season to date,1426.908713692946,0.19294911717873697,0.04649801629944544,0.05871772466644182,0.03482637404011326,-0.00770765791558488,0.055489700287867975,0.00512495980045337,2026,1444250,St. Louis City SC,0.20277985605674193,1,0.19585918574125072,0.20891646479719608,0.04959788405429173,53.711790393013104,0.06263223964616187,90.82969432314411,0.03714813231061502,10.480349344978166,-0.008221501776880793,27.074235807860262,0.05918901364224216,82.96943231441048,0.005466623787321094,62.88209606986899,46.2882096069869,1444250,79.81220657276995,89.24259055982436,520000,-33.523996965783056,TRUE,FALSE,28.125,Medium,29.75,70.25,Below Expected Value by Current Model,Wingers and attacking midfielders,1.1.0,2026-08-01 14:43:31 UTC,70,70,315,Performance data through: 2026-08-01 (updates every day) · MLSPA compensation as of: 2026-04-16,FALSE,2026-08-01 14:43:25 UTC
2lqRknk2Qr,asa_2lqRknk2Qr_mls_blended,Yeimar Gómez Andrade,yeimar gomez andrade,1992-06-30,Colombia,CB,NA,34.001368925393564,mls,jYQJ19EqGR,CB,asa_live,TRUE,NA,mlspa_via_asa,198,982500,2241,982500,TRUE,0.22048997772828507,0.779510022271715,blended,2025+2026 season to date,1944.881959910913,0.20205524548080966,0.017451561256160493,0.06851035321687642,0.0381173513653724,-0.0017631148200821082,0.09416109873793617,-0.014422004275453707,2026,982500,Seattle Sounders FC,0.13407640205361335,1,0.18602805573337416,0.19842992612180005,0.018614998673819577,86.38743455497382,0.07307771010028519,81.67539267015707,0.04065850812433447,86.38743455497382,-0.0018806558081463525,30.36649214659686,0.10043850532360395,77.4869109947644,-0.015383471227631354,18.848167539267017,90.57591623036649,982500,85.0828729281768,81.99780461031833,501667,5.49304330218969,FALSE,TRUE,NA,Low,41,59,Small-Sample Watchlist,Center backs,1.1.0,2026-08-01 14:43:31 UTC,NA,NA,NA,Performance data through: 2026-08-01 (updates every day) · MLSPA compensation as of: 2026-04-16,FALSE,2026-08-01 14:43:25 UTC
2lqRlEaWMr,asa_2lqRlEaWMr_mls_blended,Harvey Sarajian,harvey sarajian,2005-01-26,USA,FW,NA,21.426420260095824,mls,jYQJ8EW5GR,FW,asa_live,TRUE,NA,mlspa_via_asa,50,88025,0,NA,FALSE,1,0,blended,2025+2026 season to date,50,-0.00557999999999999,0.045720000000000004,-0.1368,0.14472,-0.05778,0.06084,-0.06227999999999999,2026,88025,Orlando City SC,0.21108432719581333,1,0.19441784048844307,0.20737902986081988,0.048768000001524,34.04255319148936,-0.14592000000456,2.127659574468085,0.15436800000482398,35.46099290780142,-0.061632000001926,24.113475177304963,0.064896000002028,94.32624113475177,-0.06643200000207598,1.4184397163120568,35.46099290780142,88025,7.08955223880597,4.33589462129528,535000,28.371440668995447,FALSE,TRUE,NA,Low,49,51,Small-Sample Watchlist,Strikers,1.1.0,2026-08-01 14:43:31 UTC,NA,NA,NA,Performance data through: 2026-08-01 (updates every day) · MLSPA compensation as of: 2026-04-16,FALSE,2026-08-01 14:43:25 UTC
2lqRlGWnMr,asa_2lqRlGWnMr_mls_blended,Bryan Zamblé,bryan zamble,2008-02-19,Ivory Coast,W,NA,18.362765229295004,mls,zeQZBOzQKw,W,asa_live,TRUE,NA,mlspa_via_asa,181,88025,0,NA,FALSE,1,0,blended,2025+2026 season to date,181,0.23643646408839775,0.045,-0.07602762430939228,0.07662430939226518,0.05171270718232044,0.11620441988950277,0.02292265193370165,2026,88025,San Diego FC,0.20277985605674193,1,0.2105799150243856,0.22461857603303065,0.048000000001499996,50.21834061135371,-0.08109613259921936,6.11353711790393,0.08173259668763701,45.851528384279476,0.05516022099619889,79.03930131004367,0.1239513812193431,96.94323144104804,0.024450828730045848,90.39301310043668,63.31877729257642,88025,5.164319248826291,4.33589462129528,520000,58.15445804375013,FALSE,TRUE,NA,Low,49,51,Small-Sample Watchlist,Wingers and attacking midfielders,1.1.0,2026-08-01 14:43:31 UTC,NA,NA,NA,Performance data through: 2026-08-01 (updates every day) · MLSPA compensation as of: 2026-04-16,FALSE,2026-08-01 14:43:25 UTC
2vQ14E1Kqr,asa_2vQ14E1Kqr_mls_blended,Ranko Veselinović,ranko veselinovic,1999-03-24,Serbia,CB,NA,27.27173169062286,mls,lgpMOvnQzy,CB,asa_live,TRUE,NA,mlspa_via_asa,63,782125,1958,782125,TRUE,0.15,0.85,blended,2025+2026 season to date,1727.3,0.16213517072814826,0.011232763023493356,0.04967951627024661,0.03761681745221071,0.021761546038231428,0.05179295563986576,-0.009948427695899603,2026,782125,Vancouver Whitecaps FC,0.13407640205361335,1,0.15490135420053217,0.1652281111523977,0.011981613892100671,68.58638743455498,0.052991484023252364,54.45026178010471,0.04012460528361198,85.34031413612566,0.02321231577483891,94.76439790575917,0.055245819350916575,31.413612565445025,-0.01061165620929119,29.842931937172775,70.15706806282722,782125,71.2707182320442,72.9967069154775,501667,-1.1136501692169816,FALSE,TRUE,NA,Low,41,59,Small-Sample Watchlist,Center backs,1.1.0,2026-08-01 14:43:31 UTC,NA,NA,NA,Performance data through: 2026-08-01 (updates every day) · MLSPA compensation as of: 2026-04-16,FALSE,2026-08-01 14:43:25 UTC
2vQ14xl0qr,asa_2vQ14xl0qr_mls_blended,Dylan Chambost,dylan chambost,1997-08-19,France,CM,NA,28.865160848733744,mls,mvzqoLZQap,CM,asa_live,TRUE,NA,mlspa_via_asa,954,695250,3153,695250,TRUE,0.5767835550181378,0.42321644498186217,blended,2025+2026 season to date,2288.401451027811,0.21821196143018048,0.02024121151388037,0.10474485001328843,0.022600726319265234,0.019762726119075858,0.04979760221450866,0.0010648452501619385,2026,695250,Columbus Crew,0.13644825463003651,1,0.20122740270042722,0.21464256288716327,0.021590625615480436,66.0377358490566,0.11172784001766582,94.81132075471699,0.024107441407969606,50.471698113207545,0.021080241194339672,81.13207547169812,0.05311744236380249,39.62264150943396,0.0011358349335415625,70.28301886792453,95.75471698113208,695250,65.65656565656566,66.95938529088913,535541.5,30.098151324566416,TRUE,FALSE,80.3921568627451,High,20.75,79.25,Strong Value,Central and defensive midfielders,1.1.0,2026-08-01 14:43:31 UTC,21,21,89,Performance data through: 2026-08-01 (updates every day) · MLSPA compensation as of: 2026-04-16,FALSE,2026-08-01 14:43:25 UTC
2vQ1LYY0qr,asa_2vQ1LYY0qr_mls_blended,Emmanuel Boateng,emmanuel boateng,1994-01-17,Ghana,W,NA,31.45242984257358,mls,zeQZBOzQKw,W,asa_live,TRUE,NA,mlspa_via_asa,0,NA,319,331500,TRUE,0,1,blended,2025+2026 season to date,319,0.09251097178683385,0,-0.06878369905956112,0.06435423197492163,0.00420376175548589,0.09445768025078367,-0.00172100313479623,2026,331500,San Diego FC,0.20277985605674193,1,0.16450371450929832,0.17547062881540165,0,6.11353711790393,-0.07336927899915799,8.733624454148472,0.06864451410872821,33.18777292576419,0.004484012539325075,40.17467248908297,0.10075485893731784,95.63318777292577,-0.0018357366771733453,22.707423580786028,17.903930131004365,331500,36.15023474178404,38.85839736553238,520000,-18.246304610779674,FALSE,FALSE,NA,Low,41,59,Insufficient Evidence,Wingers and attacking midfielders,1.1.0,2026-08-01 14:43:31 UTC,NA,NA,NA,Performance data through: 2026-08-01 (updates every day) · MLSPA compensation as of: 2026-04-16,FALSE,2026-08-01 14:43:25 UTC
2vQ1LYxbqr,asa_2vQ1LYxbqr_mls_blended,Paul Arriola,paul arriola,1995-02-05,USA,W,NA,31.40041067761807,mls,jYQJ19EqGR,W,asa_live,TRUE,NA,mlspa_via_asa,408,1142500,84,1142500,TRUE,0.36823104693140796,0.631768953068592,blended,2025+2026 season to date,461.06859205776175,0.15972021660649818,0.04390884476534295,-0.02393772563176895,0.0862202166064982,0.032596570397111904,0.02732220216606498,-0.006389891696750902,2026,1142500,Seattle Sounders FC,0.20277985605674193,1,0.18406905122805844,0.19634032131606463,0.04683610108449611,48.90829694323144,-0.025533574008018138,30.56768558951965,0.09196823104980542,55.45851528384279,0.03476967509133925,66.8122270742358,0.029143682311380054,31.87772925764192,-0.006815884476747291,10.043668122270743,32.751091703056765,1142500,75.11737089201878,85.01646542261251,520000,-42.36627918896202,FALSE,TRUE,NA,Low,41,59,Small-Sample Watchlist,Wingers and attacking midfielders,1.1.0,2026-08-01 14:43:31 UTC,NA,NA,NA,Performance data through: 2026-08-01 (updates every day) · MLSPA compensation as of: 2026-04-16,FALSE,2026-08-01 14:43:25 UTC
2vQ1N6yLMr,asa_2vQ1N6yLMr_mls_blended,Giacomo Vrioni,giacomo vrioni,1998-10-15,Albania,FW,NA,26.71047227926078,mls,APk5LGOMOW,FW,asa_live,TRUE,NA,mlspa_via_asa,0,NA,455,2247500,TRUE,0,1,blended,2025+2026 season to date,455,0.3556681318681319,0.11607032967032968,-0.0498065934065934,0.41030109890109895,-0.13606813186813185,0.01972087912087912,-0.004549450549450539,2026,2247500,CF Montréal,0.21108432719581333,1,0.27344037565638674,0.2916697340425939,0.12380835165222066,97.16312056737588,-0.05312703296869318,41.13475177304964,0.43765450550818225,99.29078014184397,-0.14513934066387624,6.382978723404255,0.021035604396261755,33.333333333333336,-0.0048527472528988895,12.056737588652481,84.39716312056737,2247500,81.34328358208955,93.41383095499451,535000,3.0538795384778155,FALSE,FALSE,NA,Low,41,59,Insufficient Evidence,Strikers,1.1.0,2026-08-01 14:43:31 UTC,NA,NA,NA,Performance data through: 2026-08-01 (updates every day) · MLSPA compensation as of: 2026-04-16,FALSE,2026-08-01 14:43:25 UTC
2vQ1NBY8Mr,asa_2vQ1NBY8Mr_mls_blended,Joaquín Pereyra,joaquin pereyra,1998-12-01,Argentina,W,NA,27.581108829568787,mls,kRQand1MKZ,W,asa_live,TRUE,NA,mlspa_via_asa,1634,1089000,3233,1089000,TRUE,0.7000856898029134,0.2999143101970866,blended,2025+2026 season to date,2603.622964867181,0.22240856860922506,0.038710702690840045,0.08877866308004616,0.06052056674541224,-0.008762580935516368,0.04354048664280711,-3.792696143640812e-4,2026,1089000,Minnesota United FC,0.20277985605674193,1,0.21873234713727102,0.23331450362038017,0.04129141620485307,43.23144104803494,0.09469724062167519,95.63318777292577,0.06455527119712373,28.820960698689955,-0.009346752998176212,26.200873362445414,0.04644318575377893,66.37554585152839,-4.0455425533432893e-4,33.18777292576419,68.5589519650655,1089000,74.64788732394366,84.30296377607026,520000,-6.08893535887816,TRUE,FALSE,48.958333333333336,High,14,86,Fair Value,Wingers and attacking midfielders,1.1.0,2026-08-01 14:43:31 UTC,50,50,225,Performance data through: 2026-08-01 (updates every day) · MLSPA compensation as of: 2026-04-16,FALSE,2026-08-01 14:43:25 UTC
2vQ1NO0OMr,asa_2vQ1NO0OMr_mls_blended,Jáder Obrian,jader obrian,1995-05-18,Colombia,W,NA,30.12183436002738,mls,gpMOLwl5zy,W,asa_live,TRUE,NA,mlspa_via_asa,0,NA,1130,505401,TRUE,0,1,blended,2025+2026 season to date,1130,0.1562575221238938,0.02278672566371681,2.230088495575221e-4,0.07320265486725665,0.01518053097345132,0.04559734513274336,-7.327433628318584e-4,2026,505401,Austin FC,0.20277985605674193,1,0.1723924356266157,0.1838852646741365,0.024305840708724154,25.32751091703057,2.3787610620212387e-4,54.585152838427945,0.07808283186084718,41.92139737991266,0.016192566372187425,51.52838427947598,0.04863716814311283,70.74235807860262,-7.815929203784071e-4,27.510917030567686,22.707423580786028,505401,49.29577464788732,53.12843029637761,520000,-26.588351067101293,FALSE,FALSE,NA,Low,41,59,Insufficient Evidence,Wingers and attacking midfielders,1.1.0,2026-08-01 14:43:31 UTC,NA,NA,NA,Performance data through: 2026-08-01 (updates every day) · MLSPA compensation as of: 2026-04-16,FALSE,2026-08-01 14:43:25 UTC
2vQ1NPw4Mr,asa_2vQ1NPw4Mr_mls_blended,Emmanuel Sabbi,emmanuel sabbi,1997-12-24,USA,W,NA,28.517453798767967,mls,lgpMOvnQzy,W,asa_live,TRUE,NA,mlspa_via_asa,682,1167750,2384,1167750,TRUE,0.4934876989869754,0.5065123010130246,blended,2025+2026 season to date,1889.5253256150506,0.3531986664594644,0.08455452534504025,-0.004344720956885749,0.1914340271370157,0.0071089851300032035,0.04882425042978272,0.025621599374508298,2026,1167750,Vancouver Whitecaps FC,0.20277985605674193,1,0.316946259097697,0.338076009714775,0.09019149370419476,93.44978165938865,-0.004634369020822956,49.78165938864629,0.2041962956191979,93.88646288209607,0.007582917472240383,42.79475982532751,0.052079200460062376,73.79912663755458,0.027329706000329572,92.5764192139738,96.94323144104804,1167750,75.5868544600939,85.4006586169045,520000,21.35637698095414,TRUE,FALSE,88.54166666666667,Medium,29.75,70.25,Strong Value,Wingers and attacking midfielders,1.1.0,2026-08-01 14:43:31 UTC,12,12,53,Performance data through: 2026-08-01 (updates every day) · MLSPA compensation as of: 2026-04-16,FALSE,2026-08-01 14:43:25 UTC
2vQ1Nv7LMr,asa_2vQ1Nv7LMr_mls_blended,Randall Leal,randall leal,1997-01-14,Costa Rica,W,NA,28.459958932238195,mls,EKXMeX3Q64,W,asa_live,TRUE,NA,mlspa_via_asa,0,NA,597,1265000,TRUE,0,1,blended,2025+2026 season to date,597,0.20662311557788943,0.02841708542713568,0.06606030150753768,0.04109547738693468,-0.0014321608040201,0.06619597989949748,0.00628643216080402,2026,1265000,D.C. United,0.20277985605674193,1,0.2046966697026275,0.21834311435629256,0.03031155778989196,29.25764192139738,0.0704643216102422,91.70305676855895,0.04383517588076684,12.22707423580786,-0.0015276381910025122,32.314410480349345,0.07060904522833718,91.70305676855895,0.006705527638400503,66.8122270742358,57.20524017467249,1265000,76.52582159624413,86.7178924259056,520000,-19.32058142157164,FALSE,FALSE,NA,Low,41,59,Insufficient Evidence,Wingers and attacking midfielders,1.1.0,2026-08-01 14:43:31 UTC,NA,NA,NA,Performance data through: 2026-08-01 (updates every day) · MLSPA compensation as of: 2026-04-16,FALSE,2026-08-01 14:43:25 UTC
2vQ1R1wOMr,asa_2vQ1R1wOMr_mls_blended,Taylor Calheira,taylor calheira,2002-04-26,USA,FW,NA,24.18069815195072,mls,Z2vQ1xlqrA,FW,asa_live,TRUE,NA,mlspa_via_asa,321,100824,0,NA,FALSE,1,0,blended,2025+2026 season to date,321,0.2189158878504673,0.07979439252336448,-0.056803738317757,0.1976355140186916,-0.04211214953271028,0.03905607476635514,0.00134579439252336,2026,100824,Sporting Kansas City,0.21108432719581333,1,0.21381389393864064,0.22806815354167714,0.08511401869424859,80.1418439716312,-0.06059065420750093,30.49645390070922,0.21081121495985888,59.57446808510638,-0.04491962616962804,36.170212765957444,0.04165981308541402,77.30496453900709,0.0014355140187364438,41.843971631205676,50.354609929078016,100824,12.686567164179104,11.19648737650933,535000,37.668042764898914,FALSE,TRUE,NA,Low,49,51,Small-Sample Watchlist,Strikers,1.1.0,2026-08-01 14:43:31 UTC,NA,NA,NA,Performance data through: 2026-08-01 (updates every day) · MLSPA compensation as of: 2026-04-16,FALSE,2026-08-01 14:43:25 UTC
2vQ1dJAxqr,asa_2vQ1dJAxqr_mls_blended,Eric Klein,eric klein,2006-11-20,USA,W,NA,19.61122518822724,mls,19vQ2095K6,W,asa_live,TRUE,NA,mlspa_via_asa,40,94302,9,94302,TRUE,0.15,0.85,blended,2025+2026 season to date,47.65,-0.25312125,0,-0.069375,0.044706249999999996,-0.5387825,0.31019500000000005,1.35e-4,2026,94302,New England Revolution,0.20277985605674193,1,0.1692375296403075,0.18052003162196925,0,6.11353711790393,-0.07400000000231251,8.296943231441048,0.04768666666815687,15.720524017467248,-0.5747013333512928,0.4366812227074236,0.33087466667700655,99.12663755458516,1.440000000045e-4,42.35807860262009,19.650655021834062,94302,9.859154929577464,9.220636663007683,520000,9.791500092256598,FALSE,TRUE,NA,Low,41,59,Small-Sample Watchlist,Wingers and attacking midfielders,1.1.0,2026-08-01 14:43:31 UTC,NA,NA,NA,Performance data through: 2026-08-01 (updates every day) · MLSPA compensation as of: 2026-04-16,FALSE,2026-08-01 14:43:25 UTC
2vQ1dVAwqr,asa_2vQ1dVAwqr_mls_blended,Célio Pompeu,celio pompeu,1999-12-10,Brazil,W,NA,26.55715263518138,mls,wvq9B9wQWn,W,asa_live,TRUE,NA,mlspa_via_asa,134,309006,1720,309006,TRUE,0.1606714628297362,0.8393285371702638,blended,2025+2026 season to date,1577.6450839328538,0.21454228710055212,0.0479201940772963,0.0019940187384975697,0.048733687468629744,0.08307256985109587,0.04093592103061737,-0.00811410406558474,2026,309006,St. Louis City SC,0.20277985605674193,1,0.211301419854389,0.2253881811850583,0.05111487368404673,57.20524017467249,0.0021269533211305414,56.33187772925764,0.051982599968162846,19.213973799126638,0.08861074117727134,90.39301310043668,0.04366498243402306,62.00873362445415,-0.008655044336894192,6.550218340611353,64.19213973799127,309006,34.27230046948357,36.77277716794731,520000,29.9198392685077,FALSE,TRUE,NA,Low,41,59,Small-Sample Watchlist,Wingers and attacking midfielders,1.1.0,2026-08-01 14:43:31 UTC,NA,NA,NA,Performance data through: 2026-08-01 (updates every day) · MLSPA compensation as of: 2026-04-16,FALSE,2026-08-01 14:43:25 UTC
2vQ1dZ8Kqr,asa_2vQ1dZ8Kqr_mls_blended,Lukas Engel,lukas engel,1998-12-14,Denmark,CB,NA,27.54551676933607,mls,a2lqR4JMr0,CB,asa_live,TRUE,NA,mlspa_via_asa,926,832135,3154,832135,TRUE,0.5694956949569495,0.4305043050430505,blended,2025+2026 season to date,2283.810578105781,0.1680996555653572,0.014377578287514002,0.05131051765812522,0.021441193400519927,0.005446789293511193,0.0762793699560331,-7.557930303462791e-4,2026,832135,Real Salt Lake,0.13407640205361335,1,0.16102084384934806,0.1717555667780053,0.015336083507160855,79.05759162303664,0.05473121883704392,58.638743455497384,0.02287060629460263,68.06282722513089,0.005809908579926832,62.82722513089005,0.08136466128897796,58.1151832460733,-8.061792323945576e-4,71.72774869109948,77.4869109947644,832135,75.69060773480663,75.96048298572997,501667,1.7963032599577673,TRUE,FALSE,55.670103092783506,High,20.75,79.25,Fair Value,Center backs,1.1.0,2026-08-01 14:43:31 UTC,44,44,196,Performance data through: 2026-08-01 (updates every day) · MLSPA compensation as of: 2026-04-16,FALSE,2026-08-01 14:43:25 UTC
2vQ1dbG8qr,asa_2vQ1dbG8qr_mls_blended,Rwan Cruz,rwan cruz,2001-05-20,Brazil,FW,NA,24.11498973305955,mls,a2lqR4JMr0,FW,asa_live,TRUE,NA,mlspa_via_asa,0,NA,708,1858426,TRUE,0,1,blended,2025+2026 season to date,708,0.23061864406779659,0.08963135593220338,-0.07613135593220338,0.21091525423728813,-0.0349957627118644,0.04020762711864407,9.915254237288136e-4,2026,1858426,Real Salt Lake,0.21108432719581333,1,0.2216579482549602,0.2364351448126795,0.09560677966400465,87.23404255319149,-0.08120677966355465,15.602836879432624,0.2249762711934712,69.50354609929079,-0.037328813560488554,41.843971631205676,0.042888135594560596,79.43262411347517,0.0010576271186771187,39.716312056737586,58.156028368794324,1858426,79.1044776119403,92.20636663007684,535000,-20.948449243145973,FALSE,FALSE,NA,Low,41,59,Insufficient Evidence,Strikers,1.1.0,2026-08-01 14:43:31 UTC,NA,NA,NA,Performance data through: 2026-08-01 (updates every day) · MLSPA compensation as of: 2026-04-16,FALSE,2026-08-01 14:43:25 UTC
2vQ1dlaOqr,asa_2vQ1dlaOqr_mls_blended,Aleksandr Guboglo,aleksandr guboglo,2007-03-20,Haiti,FB,NA,19.28268309377139,mls,APk5LGOMOW,FB,asa_live,TRUE,NA,mlspa_via_asa,65,93714,1164,93714,TRUE,0.15,0.85,blended,2025+2026 season to date,1054.4,0.0439241990483743,0.009509922680412366,-0.011458786677240283,0.017723082870737508,-0.001561962727993657,0.03519127874702617,-0.005479335844567798,2026,93714,CF Montréal,0.11638469243644946,1,0.07020339152470717,0.07488361762869443,0.010143917526090188,41.23711340206186,-0.012222705789438262,19.587628865979383,0.018904621729377444,38.144329896907216,-0.001666093576578633,34.02061855670103,0.03753736399800096,28.350515463917525,-0.005844624901054962,28.350515463917525,6.185567010309279,93714,8.108108108108109,8.562019758507136,343925,-1.9225410977988302,FALSE,TRUE,NA,Low,41,59,Small-Sample Watchlist,Fullbacks and wingbacks,1.1.0,2026-08-01 14:43:31 UTC,NA,NA,NA,Performance data through: 2026-08-01 (updates every day) · MLSPA compensation as of: 2026-04-16,FALSE,2026-08-01 14:43:25 UTC
2vQ1dr8bqr,asa_2vQ1dr8bqr_mls_blended,Andrei Chirila,andrei chirila,2008-08-15,USA,CB,NA,17.87542778918549,mls,NWMWlBK5lz,CB,asa_live,TRUE,NA,mlspa_via_asa,478,98373,0,NA,FALSE,1,0,blended,2025+2026 season to date,478,0.14968619246861925,0.00643933054393305,0.04467991631799163,0.00335146443514644,0.021596234309623433,0.0715857740585774,0.00203347280334728,2026,98373,FC Cincinnati,0.13407640205361335,1,0.14099799743243785,0.15039786393263363,0.006868619247076564,38.7434554973822,0.04765857740734707,47.12041884816754,0.003574895397601251,17.801047120418847,0.023035983264318202,94.24083769633508,0.07635815899820209,53.403141361256544,0.0021690376569715474,90.57591623036649,53.403141361256544,98373,9.392265193370166,10.537870472008782,501667,44.01087616788638,TRUE,FALSE,86.5979381443299,Low,37.75,62.25,Fair Value,Center backs,1.1.0,2026-08-01 14:43:31 UTC,14,14,60,Performance data through: 2026-08-01 (updates every day) · MLSPA compensation as of: 2026-04-16,FALSE,2026-08-01 14:43:25 UTC
2vQ1eBB8Qr,asa_2vQ1eBB8Qr_mls_blended,Troy Elgersma,troy elgersma,NA,USA,FW,NA,26,mls,kaDQ0wRqEv,FW,asa_live,FALSE,NA,NA,29,NA,0,NA,FALSE,1,0,blended,2025+2026 season to date,29,-0.04903448275862074,0.28551724137931034,-0.03693103448275862,0.21010344827586208,-0.5244827586206897,0.01675862068965517,0,2026,NA,LA Galaxy,0.21108432719581333,1,0.19909156807231795,0.21236433928377554,0.30455172414744824,100,-0.039393103449506896,54.60992907801418,0.22411034483458966,66.66666666666667,-0.5594482758795518,0.7092198581560284,0.017875862069524136,23.404255319148938,0,31.914893617021278,37.5886524822695,NA,NA,NA,535000,NA,FALSE,FALSE,NA,Insufficient,49,51,Insufficient Evidence,Strikers,1.1.0,2026-08-01 14:43:31 UTC,NA,NA,NA,Performance data through: 2026-08-01 (updates every day) · MLSPA compensation as of: 2026-04-16,FALSE,2026-08-01 14:43:25 UTC
2vQ1jGzOMr,asa_2vQ1jGzOMr_mls_blended,Ola Brynhildsen,ola brynhildsen,1999-04-27,Norway,FW,NA,26.17932922655715,mls,kRQabn8MKZ,FW,asa_live,TRUE,NA,mlspa_via_asa,0,NA,1450,1629610,TRUE,0,1,blended,2025+2026 season to date,1450,0.24599793103448275,0.04838896551724138,-0.03333724137931034,0.1871006896551724,0.01621862068965517,0.01836,0.00926689655172413,2026,1629610,Toronto FC,0.21108432719581333,1,0.23577931527682341,0.2514979363031376,0.051614896553337106,35.46099290780142,-0.035559724139042265,59.57446808510638,0.19957406897175392,53.90070921985816,0.017299862069506136,83.68794326241135,0.019584000000612,29.78723404255319,0.009884689655481302,67.37588652482269,68.79432624113475,1629610,76.11940298507463,90.66959385290889,535000,-7.325076743939874,FALSE,FALSE,NA,Low,41,59,Insufficient Evidence,Strikers,1.1.0,2026-08-01 14:43:31 UTC,NA,NA,NA,Performance data through: 2026-08-01 (updates every day) · MLSPA compensation as of: 2026-04-16,FALSE,2026-08-01 14:43:25 UTC
315V1k0nM9,asa_315V1k0nM9_mls_blended,Nikola Djordjevic,nikola djordjevic,2002-11-14,USA,W,NA,23.627652292950035,mls,lgpMOvnQzy,W,asa_live,TRUE,NA,mlspa_via_asa,115,88025,0,NA,FALSE,1,0,blended,2025+2026 season to date,115,-0.07794782608695651,0.03083478260869565,-0.09062608695652176,0.09399130434782609,0.01197391304347826,-0.11645217391304348,-0.0076695652173913,2026,88025,Vancouver Whitecaps FC,0.20277985605674193,1,0.15762785123642678,0.16813637465744283,0.03289043478363652,32.751091703056765,-0.09666782608997741,3.493449781659389,0.10025739130748086,62.88209606986899,0.012772173913442608,46.724890829694324,-0.12421565217779479,1.3100436681222707,-0.008180869565473039,7.423580786026201,12.663755458515285,88025,5.164319248826291,4.33589462129528,520000,7.4994362096889935,FALSE,TRUE,NA,Low,49,51,Small-Sample Watchlist,Wingers and attacking midfielders,1.1.0,2026-08-01 14:43:31 UTC,NA,NA,NA,Performance data through: 2026-08-01 (updates every day) · MLSPA compensation as of: 2026-04-16,FALSE,2026-08-01 14:43:25 UTC
315V60b59x,asa_315V60b59x_mls_blended,Tim Ream,tim ream,1987-10-05,USA,CB,NA,38.7378507871321,mls,NPqxKXZ59d,CB,asa_live,TRUE,NA,mlspa_via_asa,1171,1127750,2790,1127750,TRUE,0.6258685195082844,0.37413148049171563,blended,2025+2026 season to date,2214.8268305718866,0.09251392217375562,0.00196739711384286,0.0762264616127308,0.0034162342028585665,0.010893225978862428,0.0020050516370407334,-0.0019944483715797997,2026,1127750,Charlotte FC,0.13407640205361335,1,0.10137325506665976,0.10813147207448284,0.002098556921497964,16.230366492146597,0.08130822572278708,86.91099476439791,0.0036439831498296786,18.848167539267017,0.011619441044483031,81.15183246073299,0.0021387217462436174,6.282722513089006,-0.002127411596418268,61.2565445026178,10.99476439790576,1127750,90.05524861878453,84.63227222832053,501667,-79.06048422087878,TRUE,FALSE,2.0618556701030926,High,20.75,79.25,Below Expected Value by Current Model,Center backs,1.1.0,2026-08-01 14:43:31 UTC,96,96,429,Performance data through: 2026-08-01 (updates every day) · MLSPA compensation as of: 2026-04-16,FALSE,2026-08-01 14:43:25 UTC
315V7AgEq9,asa_315V7AgEq9_mls_blended,Peyton Miller,peyton miller,2007-11-08,USA,W,NA,18.64476386036961,mls,19vQ2095K6,W,asa_live,TRUE,NA,mlspa_via_asa,995,115400,2283,115400,TRUE,0.5870206489675516,0.4129793510324484,blended,2025+2026 season to date,1937.8318584070798,0.24371041131254867,0.04617247915528008,0.002028860488644422,0.14452369844057072,-0.026165092507529682,0.06274557463979626,0.014404891095786866,2026,115400,New England Revolution,0.20277985605674193,1,0.23403351602410408,0.24963575043351213,0.04925064443383784,53.275109170305676,0.002164117854621679,57.20524017467249,0.15415861167475955,85.58951965065502,-0.02790943200890383,16.593886462882097,0.06692861295120753,89.95633187772926,0.015365217169319486,81.6593886462882,75.10917030567686,115400,20.187793427230048,18.551042810098792,520000,54.92137687844681,TRUE,FALSE,100,High,20.75,79.25,Elite Value,Wingers and attacking midfielders,1.1.0,2026-08-01 14:43:31 UTC,1,1,5,Performance data through: 2026-08-01 (updates every day) · MLSPA compensation as of: 2026-04-16,FALSE,2026-08-01 14:43:25 UTC
315V7V1Yq9,asa_315V7V1Yq9_mls_blended,Leonardo Barroso,leonardo barroso,2005-06-12,Portugal,FB,NA,21.05133470225873,mls,X0Oq66zq6D,FB,asa_live,TRUE,NA,mlspa_via_asa,662,395500,1182,395500,TRUE,0.48604992657856094,0.5139500734214391,blended,2025+2026 season to date,1269.488986784141,0.10102201525078826,0.018996947606162926,0.006132002057291085,0.012560891343724139,0.007701379726738077,0.056255640779087186,-6.24846262215163e-4,2026,395500,Chicago Fire FC,0.11638469243644946,1,0.10595256385340543,0.11301606811383087,0.020263410780540354,69.58762886597938,0.006540802194648224,35.56701030927835,0.01339828410039111,26.288659793814432,0.00821480504211066,61.34020618556701,0.06000601683290152,57.21649484536083,-6.66502679717002e-4,53.09278350515464,37.628865979381445,395500,56.21621621621622,43.90779363336992,343925,-18.587350236834773,TRUE,FALSE,41.46341463414634,Medium,29.75,70.25,Below Expected Value by Current Model,Fullbacks and wingbacks,1.1.0,2026-08-01 14:43:31 UTC,49,49,257,Performance data through: 2026-08-01 (updates every day) · MLSPA compensation as of: 2026-04-16,FALSE,2026-08-01 14:43:25 UTC
315V7Z2Vq9,asa_315V7Z2Vq9_mls_blended,Dor Turgeman,dor turgeman,2003-10-24,Israel,FW,NA,22.68583162217659,mls,19vQ2095K6,FW,asa_live,TRUE,NA,mlspa_via_asa,1447,800000,245,800000,TRUE,0.6739636702375408,0.3260363297624592,blended,2025+2026 season to date,1526.8789007918026,0.23455991749284716,0.054849158293964986,-0.03727493512542418,0.1006354381529044,0.027273670902921012,0.0635683012841839,0.025508283984297025,2026,800000,New England Revolution,0.21108432719581333,1,0.22793737110669582,0.2431331958547401,0.05850576884872429,48.93617021276596,-0.03975993080169496,53.90070921985816,0.10734446736645255,19.148936170212767,0.029091915630691537,88.65248226950355,0.06780618803858178,95.74468085106383,0.0272088362507671,88.65248226950355,63.12056737588652,800000,61.19402985074627,74.03951701427003,535000,1.9265375251402546,TRUE,FALSE,67.24137931034483,High,20.75,79.25,Fair Value,Strikers,1.1.0,2026-08-01 14:43:31 UTC,20,20,145,Performance data through: 2026-08-01 (updates every day) · MLSPA compensation as of: 2026-04-16,FALSE,2026-08-01 14:43:25 UTC
315V7bLYq9,asa_315V7bLYq9_mls_blended,Reid Roberts,reid roberts,2003-12-09,USA,CB,NA,22.559890485968516,mls,0KPqjA456v,CB,asa_live,TRUE,NA,mlspa_via_asa,1631,88025,1014,88025,TRUE,0.6996996996996997,0.3003003003003003,blended,2025+2026 season to date,1935.5045045045044,0.10569805731344192,0.009500536885152266,0.055356887741503116,0.010887771964695037,-8.520557751326993e-4,0.03472423141653911,-0.0039193149193149125,2026,88025,San Jose Earthquakes,0.13407640205361335,1,0.11241348882375995,0.11990772141575773,0.010133906011145768,58.638743455497384,0.05904734692611522,63.87434554973822,0.011613623429370964,36.64921465968586,-9.088594935032811e-4,34.031413612565444,0.03703918017879919,16.230366492146597,-0.004180602580733217,49.21465968586387,21.98952879581152,88025,3.591160220994475,4.33589462129528,501667,18.398368574817045,TRUE,FALSE,72.16494845360825,High,14,86,Fair Value,Center backs,1.1.0,2026-08-01 14:43:31 UTC,28,28,124,Performance data through: 2026-08-01 (updates every day) · MLSPA compensation as of: 2026-04-16,FALSE,2026-08-01 14:43:25 UTC
315V7ox6q9,asa_315V7ox6q9_mls_blended,Alexis Manyoma,alexis manyoma,2003-01-30,Colombia,W,NA,23.416837782340863,mls,pzeQZ6xQKw,W,asa_live,TRUE,NA,mlspa_via_asa,304,711750,60,711750,TRUE,0.30278884462151395,0.6972111553784861,blended,2025+2026 season to date,345.8326693227092,0.2627509960159363,0.05053087649402391,0.034081673306772906,0.012137450199203197,0.06231573705179284,0.11779780876494023,-0.014112549800796813,2026,711750,Colorado Rapids,0.20277985605674193,1,0.2247076029903147,0.23968810986382594,0.05389960159530986,61.572052401746724,0.03635378486169382,83.84279475982532,0.012946613546221324,3.493449781659389,0.06647011952398955,84.27947598253274,0.12565099601986282,97.37991266375546,-0.015053386454653685,3.056768558951965,71.61572052401746,711750,64.31924882629107,67.72777167947311,520000,7.296471697726389,FALSE,TRUE,NA,Low,41,59,Small-Sample Watchlist,Wingers and attacking midfielders,1.1.0,2026-08-01 14:43:31 UTC,NA,NA,NA,Performance data through: 2026-08-01 (updates every day) · MLSPA compensation as of: 2026-04-16,FALSE,2026-08-01 14:43:25 UTC
315V7yb6q9,asa_315V7yb6q9_mls_blended,Jordan Knight,jordan knight,2002-06-13,Canada,W,NA,24.04928131416838,mls,vzqoOgNqap,W,asa_live,TRUE,NA,mlspa_via_asa,56,93858,0,NA,FALSE,1,0,blended,2025+2026 season to date,56,-8.035714285714251e-4,0,-0.02667857142857143,0.09514285714285715,-0.07360714285714286,-0.00980357142857142,0.01414285714285714,2026,93858,Nashville SC,0.20277985605674193,1,0.1854007829787274,0.19776083518348925,0,6.11353711790393,-0.028457142858032143,26.637554585152838,0.10148571428888573,65.93886462882097,-0.07851428571673928,6.986899563318778,-0.010457142857469634,3.930131004366812,0.01508571428618571,80.78602620087337,34.06113537117904,93858,9.389671361502348,8.726673984632273,520000,24.671464009676694,FALSE,TRUE,NA,Low,49,51,Small-Sample Watchlist,Wingers and attacking midfielders,1.1.0,2026-08-01 14:43:31 UTC,NA,NA,NA,Performance data through: 2026-08-01 (updates every day) · MLSPA compensation as of: 2026-04-16,FALSE,2026-08-01 14:43:25 UTC
315VPKlXQ9,asa_315VPKlXQ9_mls_blended,Iván Jaime,ivan jaime,2000-09-26,Spain,W,NA,25.760438056125945,mls,APk5LGOMOW,W,asa_live,TRUE,NA,mlspa_via_asa,918,2111200,340,2111200,TRUE,0.5673671199011124,0.43263288009888756,blended,2025+2026 season to date,1065.0951792336218,0.5335803097505999,0.10210906711262999,0.0713900967061732,0.12554322693230568,0.16148269468479604,0.04531869410310478,0.027736530211590196,2026,2111200,CF Montréal,0.20277985605674193,1,0.4143797531147519,0.44200507000288136,0.10891633825687562,97.37991266375546,0.07614943648896443,93.44978165938865,0.13391277539864416,80.349344978165945,0.17224820766916518,97.81659388646288,0.04833994037815572,70.3056768558952,0.02958563222662076,93.44978165938865,100,2111200,85.91549295774648,92.86498353457739,520000,14.08450704225352,TRUE,FALSE,84.375,High,20.75,79.25,Undervalued,Wingers and attacking midfielders,1.1.0,2026-08-01 14:43:31 UTC,16,16,71,Performance data through: 2026-08-01 (updates every day) · MLSPA compensation as of: 2026-04-16,FALSE,2026-08-01 14:43:25 UTC
315VPPBEQ9,asa_315VPPBEQ9_mls_blended,Tayvon Gray,tayvon gray,2002-08-19,USA,FB,NA,23.86584531143053,mls,Vj58weDM8n,FB,asa_live,TRUE,NA,mlspa_via_asa,1643,664000,2470,664000,TRUE,0.7012377294067434,0.29876227059325655,blended,2025+2026 season to date,2380.942808365344,0.11955965828093329,0.01076429056488359,0.04800555189806488,0.013319641070567682,0.004976786741797857,0.04919225844577957,-0.00669887044016028,2026,664000,New York City FC,0.11638469243644946,1,0.1189206055955398,0.1268486459725398,0.011481909936234639,46.90721649484536,0.05120592202620272,84.02061855670104,0.014207617142382849,28.350515463917525,0.005308572524750274,53.09278350515464,0.05247174234380461,46.90721649484536,-0.007145461803060927,24.22680412371134,54.123711340206185,664000,82.16216216216216,64.98353457738749,343925,-28.038450821955976,TRUE,FALSE,26.829268292682926,High,14,86,Below Expected Value by Current Model,Fullbacks and wingbacks,1.1.0,2026-08-01 14:43:31 UTC,61,61,321,Performance data through: 2026-08-01 (updates every day) · MLSPA compensation as of: 2026-04-16,FALSE,2026-08-01 14:43:25 UTC
315VPR6vQ9,asa_315VPR6vQ9_mls_blended,Petar Musa,petar musa,1998-03-04,Croatia,FW,NA,28.32580424366872,mls,mKAqBBmqbg,FW,asa_live,TRUE,NA,mlspa_via_asa,1313,2880000,2787,2880000,TRUE,0.6522603079980129,0.34773969200198707,blended,2025+2026 season to date,2282.150521609538,0.3883677463548292,0.09918667413159991,-0.029302324984479246,0.22591764777600065,0.04702315519628336,0.04772947049773886,-0.0021868762623143247,2026,2880000,FC Dallas,0.21108432719581333,1,0.35146125909891474,0.3748920097172244,0.1057991190770128,94.32624113475177,-0.03125581331775461,64.53900709219859,0.2409788243019313,72.34042553191489,0.05015803221093636,93.61702127659575,0.0509114351991791,88.65248226950355,-0.0023326680132081754,22.69503546099291,97.16312056737588,2880000,85.07462686567165,95.06037321624588,535000,12.088493701704238,TRUE,FALSE,77.58620689655173,High,20.75,79.25,Undervalued,Strikers,1.1.0,2026-08-01 14:43:31 UTC,14,14,100,Performance data through: 2026-08-01 (updates every day) · MLSPA compensation as of: 2026-04-16,FALSE,2026-08-01 14:43:25 UTC
315VPVXbQ9,asa_315VPVXbQ9_mls_blended,Ibrahim Aliyu,ibrahim aliyu,2002-01-16,Nigeria,FB,NA,24.45448323066393,mls,YgOMngl5wN,FB,asa_live,TRUE,NA,mlspa_via_asa,333,576379,1578,576379,TRUE,0.32236205227492737,0.6776379477250727,blended,2025+2026 season to date,1402.3126815101648,0.17739514279719823,0.035012606789630404,-0.06896998663864339,0.14660036292830875,-1.668623633037528e-4,0.06914659947953283,-0.0042275773983266995,2026,576379,Houston Dynamo FC,0.11638469243644946,1,0.15911314790475195,0.16972069110370586,0.03734678057677285,89.17525773195877,-0.07356798575018528,3.0927835051546393,0.15637372046174933,97.9381443298969,-1.779865208628984e-4,40.20618556701031,0.07375637278047324,75.77319587628865,-0.004509415891689399,32.98969072164948,88.65979381443299,576379,75.13513513513513,58.72667398463227,343925,13.524658679297858,FALSE,TRUE,NA,Low,41,59,Small-Sample Watchlist,Fullbacks and wingbacks,1.1.0,2026-08-01 14:43:31 UTC,NA,NA,NA,Performance data through: 2026-08-01 (updates every day) · MLSPA compensation as of: 2026-04-16,FALSE,2026-08-01 14:43:25 UTC
315VPZmnQ9,asa_315VPZmnQ9_mls_blended,Aziel Jackson,aziel jackson,2001-10-25,USA,W,NA,24.681724845995895,mls,lgpMOvnQzy,W,asa_live,TRUE,NA,mlspa_via_asa,581,403680,841,403680,TRUE,0.453551912568306,0.5464480874316939,blended,2025+2026 season to date,1040.5628415300546,0.19891162801059292,0.06536254375436848,0.0047272010849134065,0.07075187896643619,-0.028205732553250144,0.042072296000913376,0.04420344075721163,2026,403680,Vancouver Whitecaps FC,0.20277985605674193,1,0.20032634786705683,0.21368143773153817,0.06972004667350513,81.6593886462882,0.005042347824065207,62.44541484716157,0.07546867089989033,40.17467248908297,-0.03008611472440701,14.410480349344978,0.04487711573571001,64.19213973799127,0.04715033680916585,96.94323144104804,50.65502183406114,403680,40.84507042253521,44.456641053787045,520000,9.80995141152593,TRUE,FALSE,78.125,Medium,29.75,70.25,Fair Value,Wingers and attacking midfielders,1.1.0,2026-08-01 14:43:31 UTC,22,22,98,Performance data through: 2026-08-01 (updates every day) · MLSPA compensation as of: 2026-04-16,FALSE,2026-08-01 14:43:25 UTC
315VX4PEQ9,asa_315VX4PEQ9_mls_blended,Luca De La Torre,luca de la torre,1998-05-23,USA,CM,NA,28.10677618069815,mls,NPqxKXZ59d,CM,asa_live,TRUE,NA,mlspa_via_asa,629,1611827,2485,1611827,TRUE,0.47328818660647104,0.5267118133935289,blended,2025+2026 season to date,1937.8788562829193,0.0898371856420691,0.020737131593170758,-0.01552926588878644,0.04158461831939719,0.006079261119766004,0.037987441579499556,-0.001022001080977965,2026,1611827,Charlotte FC,0.13644825463003651,1,0.1008568768789241,0.10758066867421427,0.022119607033406714,67.45283018867924,-0.016564550281889846,13.20754716981132,0.04435692620874316,76.41509433962264,0.006484545194619713,56.132075471698116,0.04051993768606577,18.867924528301888,-0.0010901344864105626,49.528301886792455,11.79245283018868,1611827,95.45454545454545,90.34028540065862,535541.5,-83.66209262435677,TRUE,FALSE,0.9803921568627451,Medium,29.75,70.25,Below Expected Value by Current Model,Central and defensive midfielders,1.1.0,2026-08-01 14:43:31 UTC,102,102,435,Performance data through: 2026-08-01 (updates every day) · MLSPA compensation as of: 2026-04-16,FALSE,2026-08-01 14:43:25 UTC
315VXO8XQ9,asa_315VXO8XQ9_mls_blended,Tomas Totland,tomas totland,1999-09-28,Norway,FB,NA,26.757015742642025,mls,wvq9B9wQWn,FB,asa_live,TRUE,NA,mlspa_via_asa,881,391763,1193,391763,TRUE,0.5572422517394054,0.44275774826059455,blended,2025+2026 season to date,1409.2099936748893,0.12843410883537906,0.01846314284305508,0.014106834459712012,0.055147290249415074,0.005119121504156918,0.033878869623722184,0.0017188501553177813,2026,391763,St. Louis City SC,0.11638469243644946,1,0.12483585386844324,0.13315824413050065,0.019694019033207524,69.0721649484536,0.015047290090829706,48.45360824742268,0.05882377626788099,84.02061855670104,0.00546039627127135,54.123711340206185,0.03613746093309962,26.804123711340207,0.001833440165729595,73.71134020618557,61.34020618556701,391763,55.67567567567568,43.578485181119646,343925,5.664530509891335,TRUE,FALSE,71.95121951219512,Medium,29.75,70.25,Undervalued,Fullbacks and wingbacks,1.1.0,2026-08-01 14:43:31 UTC,24,24,125,Performance data through: 2026-08-01 (updates every day) · MLSPA compensation as of: 2026-04-16,FALSE,2026-08-01 14:43:25 UTC
315VXPJEQ9,asa_315VXPJEQ9_mls_blended,Julio Cascante,julio cascante,1993-10-03,Costa Rica,CB,NA,31.742642026009584,mls,gpMOLwl5zy,CB,asa_live,TRUE,NA,mlspa_via_asa,0,NA,906,853750,TRUE,0,1,blended,2025+2026 season to date,906,0.10336092715231789,0.00701324503311258,0.06498675496688741,0.01266556291390728,0.01136423841059602,0.00703311258278145,2.980132450331126e-4,2026,853750,Austin FC,0.13407640205361335,1,0.11559816814884993,0.12330471269595987,0.007480794702220526,42.931937172774866,0.06931920530017946,76.96335078534031,0.013509933775256618,41.8848167539267,0.012121854305014562,82.72251308900523,0.007501986755201317,7.329842931937173,3.1788079471192055e-4,82.19895287958116,26.701570680628272,853750,77.34806629834254,76.94840834248079,501667,-50.64649561771427,FALSE,FALSE,NA,Low,41,59,Insufficient Evidence,Center backs,1.1.0,2026-08-01 14:43:31 UTC,NA,NA,NA,Performance data through: 2026-08-01 (updates every day) · MLSPA compensation as of: 2026-04-16,FALSE,2026-08-01 14:43:25 UTC
315VXyJXQ9,asa_315VXyJXQ9_mls_blended,Andrew Gutman,andrew gutman,1996-10-02,USA,FB,NA,29.744010951403148,mls,X0Oq66zq6D,FB,asa_live,TRUE,NA,mlspa_via_asa,1006,625000,3517,625000,TRUE,0.5896834701055099,0.4103165298944901,blended,2025+2026 season to date,2449.083235638922,0.15520293376568872,0.027433384355538548,0.03627677990774003,0.05265260144913285,-0.0047847584050805265,0.02922258075913976,0.014402345699218094,2026,625000,Chicago Fire FC,0.11638469243644946,1,0.14756426240201143,0.15740187990039767,0.02926227664682223,84.02061855670104,0.03869523190279859,78.35051546391753,0.05616277488083012,82.98969072164948,-0.005103742298912054,26.288659793814432,0.03117075281072316,23.195876288659793,0.015362502079646045,96.90721649484536,81.95876288659794,625000,78.91891891891892,61.9648737650933,343925,3.039843967679019,TRUE,FALSE,68.29268292682927,High,20.75,79.25,Fair Value,Fullbacks and wingbacks,1.1.0,2026-08-01 14:43:31 UTC,27,27,141,Performance data through: 2026-08-01 (updates every day) · MLSPA compensation as of: 2026-04-16,FALSE,2026-08-01 14:43:25 UTC
315VkJ1Yq9,asa_315VkJ1Yq9_mls_blended,Ian Murphy,ian murphy,2000-01-16,USA,FB,NA,26.455852156057496,mls,zeQZBOzQKw,FB,asa_live,TRUE,NA,mlspa_via_asa,46,447500,1164,447500,TRUE,0.15,0.85,blended,2025+2026 season to date,1035.4,-0.009284922680412394,0,0.020997512326311064,0.0016789612281488068,-0.08644852644554012,0.05581210219632453,-0.0013249719856566488,2026,447500,San Diego FC,0.11638469243644946,1,0.03682108751288411,0.03927582668163709,0,6.443298969072165,0.022397346482098384,57.21649484536083,0.001790891976748026,4.123711340206185,-0.09221176154479108,2.577319587628866,0.059532909011273234,56.18556701030928,-0.0014133034514112579,47.422680412371136,1.0309278350515463,447500,63.24324324324324,48.73765093304061,343925,-62.2123154081917,FALSE,TRUE,NA,Low,41,59,Small-Sample Watchlist,Fullbacks and wingbacks,1.1.0,2026-08-01 14:43:31 UTC,NA,NA,NA,Performance data through: 2026-08-01 (updates every day) · MLSPA compensation as of: 2026-04-16,FALSE,2026-08-01 14:43:25 UTC
4JMARyP65K,asa_4JMARyP65K_mls_blended,Arnau Farnós,arnau farnos,2003-01-18,Spain,W,NA,23.449691991786448,mls,Vj58weDM8n,W,asa_live,FALSE,NA,NA,198,NA,0,NA,FALSE,1,0,blended,2025+2026 season to date,198,0.1155,0.02709090909090909,0.012272727272727272,0.05713636363636364,-0.01604545454545454,0.03190909090909091,0.0031363636363636294,2026,NA,New York City FC,0.20277985605674193,1,0.18112395192236233,0.19319888205655728,0.028896969697872726,28.820960698689955,0.013090909091318182,67.24890829694323,0.06094545454735909,26.200873362445414,-0.017115151515686357,20.96069868995633,0.03403636363742727,44.97816593886463,0.0033454545455590835,57.64192139737991,27.94759825327511,NA,NA,NA,520000,NA,FALSE,FALSE,NA,Insufficient,49,51,Insufficient Evidence,Wingers and attacking midfielders,1.1.0,2026-08-01 14:43:31 UTC,NA,NA,NA,Performance data through: 2026-08-01 (updates every day) · MLSPA compensation as of: 2026-04-16,FALSE,2026-08-01 14:43:25 UTC
4JMAaRwPMK,asa_4JMAaRwPMK_mls_blended,Héctor Herrera,hector herrera,1990-04-19,Mexico,CM,NA,36.19986310746064,mls,YgOMngl5wN,CM,asa_live,TRUE,NA,mlspa_via_asa,838,568750,0,NA,FALSE,1,0,blended,2025+2026 season to date,838,0.08244988066825774,0.01684009546539379,0.00509069212410501,0.03318615751789976,0.01557279236276849,0.040381861575179,-0.02862171837708831,2026,568750,Houston Dynamo FC,0.13644825463003651,1,0.10498049567317239,0.11197919538821656,0.017962768496981377,57.075471698113205,0.005430071599215033,33.9622641509434,0.03539856802019928,67.9245283018868,0.016610978520805484,76.41509433962264,0.043073985681536996,22.169811320754718,-0.03052983293651492,4.716981132075472,17.452830188679247,568750,54.04040404040404,57.9582875960483,535541.5,-36.5875738517248,TRUE,FALSE,26.470588235294116,Low,37.75,62.25,Below Expected Value by Current Model,Central and defensive midfielders,1.1.0,2026-08-01 14:43:31 UTC,76,76,323,Performance data through: 2026-08-01 (updates every day) · MLSPA compensation as of: 2026-04-16,FALSE,2026-08-01 14:43:25 UTC
4JMAaaxkMK,asa_4JMAaaxkMK_mls_blended,Sebastian Lletget,sebastian lletget,1992-09-03,USA,CM,NA,32.824093086926766,mls,mKAqBBmqbg,CM,asa_live,TRUE,NA,mlspa_via_asa,0,NA,1331,891250,TRUE,0,1,blended,2025+2026 season to date,1331,0.15206686701728023,0.02523516153268219,0.013740045078888048,0.05313448534936139,-0.00696468820435762,0.06464312546957174,0.00227873779113448,2026,891250,FC Dallas,0.13644825463003651,1,0.14721385436458928,0.1570281113271357,0.026917505635702173,75.94339622641509,0.014656048084605253,47.16981132075472,0.0566767843744233,85.37735849056604,-0.007429000751546951,22.641509433962263,0.06895266716969796,64.15094339622641,0.0024306536439527363,75.47169811320755,66.50943396226415,891250,81.81818181818181,78.26564215148188,535541.5,-15.308747855917659,FALSE,FALSE,NA,Low,41,59,Insufficient Evidence,Central and defensive midfielders,1.1.0,2026-08-01 14:43:31 UTC,NA,NA,NA,Performance data through: 2026-08-01 (updates every day) · MLSPA compensation as of: 2026-04-16,FALSE,2026-08-01 14:43:25 UTC
4JMAk1lYqK,asa_4JMAk1lYqK_mls_blended,Nehuen Benedetti,nehuen benedetti,2005-02-24,Argentina,CM,NA,21.347022587268995,mls,a2lqRX2Mr0,CM,asa_live,TRUE,NA,mlspa_via_asa,110,194800,0,NA,FALSE,1,0,blended,2025+2026 season to date,110,0.35664545454545454,0.00908181818181818,0.02086363636363636,0.07510909090909092,0.09859090909090908,0.17607272727272727,-0.023072727272727273,2026,194800,New York Red Bulls,0.13644825463003651,1,0.17056331377186185,0.18193420136233807,0.009687272727575453,31.132075471698112,0.022254545455240905,55.18867924528302,0.08011636363886727,92.9245283018868,0.1051636363669227,99.05660377358491,0.18781090909677817,99.05660377358491,-0.024610909091678183,7.0754716981132075,84.43396226415095,194800,26.262626262626263,29.088913282107573,535541.5,58.171336001524686,FALSE,TRUE,NA,Low,49,51,Small-Sample Watchlist,Central and defensive midfielders,1.1.0,2026-08-01 14:43:31 UTC,NA,NA,NA,Performance data through: 2026-08-01 (updates every day) · MLSPA compensation as of: 2026-04-16,FALSE,2026-08-01 14:43:25 UTC
4JMAk2EkqK,asa_4JMAk2EkqK_mls_blended,Alexander Shaw,alexander shaw,2008-04-03,USA,CM,NA,18.24229979466119,mls,zeQZkL1MKw,CM,asa_live,TRUE,NA,mlspa_via_asa,36,88025,0,NA,FALSE,1,0,blended,2025+2026 season to date,36,0.01575,0,0.00875,-0.03025,-0.013,0.04950000000000001,7.499999999999999e-4,2026,88025,Inter Miami CF,0.13644825463003651,1,0.12961627795286465,0.13825736315404283,0,6.60377358490566,0.009333333333625,40.56603773584906,-0.032266666667675,0.9433962264150944,-0.0138666666671,14.150943396226415,0.052800000001650006,37.971698113207545,8.000000000249999e-4,67.9245283018868,41.9811320754717,88025,3.5353535353535355,4.33589462129528,535541.5,38.44577854011816,FALSE,TRUE,NA,Low,49,51,Small-Sample Watchlist,Central and defensive midfielders,1.1.0,2026-08-01 14:43:31 UTC,NA,NA,NA,Performance data through: 2026-08-01 (updates every day) · MLSPA compensation as of: 2026-04-16,FALSE,2026-08-01 14:43:25 UTC
4JMAk7nkqK,asa_4JMAk7nkqK_mls_blended,Devin Padelford,devin padelford,2003-01-03,USA,CB,NA,23.49075975359343,mls,kRQand1MKZ,CB,asa_live,TRUE,NA,mlspa_via_asa,671,179500,982,179500,TRUE,0.4894237782640408,0.5105762217359592,blended,2025+2026 season to date,1172.3858497447118,0.11219103156599983,0.011161569074857273,0.03556272867857764,0.0383838279401213,-0.00943487813465129,0.034089969561516484,0.002427814445578394,2026,179500,Minnesota United FC,0.13407640205361335,1,0.11959981464472927,0.12757313562503123,0.01190567368021981,68.06282722513089,0.037933577258334905,31.93717277486911,0.040942749804075515,86.91099476439791,-0.010063870010609205,16.230366492146597,0.03636263420008725,15.18324607329843,0.002589668742031214,91.62303664921465,29.319371727748692,179500,24.30939226519337,28.210757409440177,501667,5.009979462555322,TRUE,FALSE,61.855670103092784,Medium,29.75,70.25,Fair Value,Center backs,1.1.0,2026-08-01 14:43:31 UTC,38,38,169,Performance data through: 2026-08-01 (updates every day) · MLSPA compensation as of: 2026-04-16,FALSE,2026-08-01 14:43:25 UTC
4JMAka69qK,asa_4JMAka69qK_mls_blended,Andrew Moran,andrew moran,2003-10-15,Republic of Ireland,CM,NA,21.711156741957563,mls,eVq3ya6MWO,CM,asa_live,TRUE,NA,mlspa_via_asa,0,NA,477,691111,TRUE,0,1,blended,2025+2026 season to date,477,0.2258490566037736,0.05524528301886793,-5.660377358490566e-4,0.1331320754716981,-0.01526415094339622,0.05367924528301886,-3.773584905660377e-4,2026,691111,Los Angeles FC,0.13644825463003651,1,0.1760435958941708,0.18777983562631695,0.05892830188863397,96.22641509433963,-6.037735849245283e-4,26.41509433962264,0.14200754717424904,99.52830188679245,-0.016281761006798106,13.679245283018869,0.057257861637009425,44.81132075471698,-4.0251572328301886e-4,56.60377358490566,87.73584905660377,691111,64.64646464646465,66.63007683863886,535541.5,23.089384410139118,FALSE,FALSE,NA,Low,41,59,Insufficient Evidence,Central and defensive midfielders,1.1.0,2026-08-01 14:43:31 UTC,NA,NA,NA,Performance data through: 2026-08-01 (updates every day) · MLSPA compensation as of: 2026-04-16,FALSE,2026-08-01 14:43:25 UTC
4JMAkkK1qK,asa_4JMAkkK1qK_mls_blended,Preston Judd,preston judd,1999-05-28,USA,FW,NA,27.09377138945927,mls,0KPqjA456v,FW,asa_live,TRUE,NA,mlspa_via_asa,1422,299375,1253,299375,TRUE,0.6701225259189444,0.3298774740810556,blended,2025+2026 season to date,1835.3364750235628,0.3976364476434691,0.08812902605847756,-0.025732069987731608,0.2657330335564109,0.01594001653336422,0.029003780559080445,0.024562660923867538,2026,299375,San Jose Earthquakes,0.21108432719581333,1,0.351675130422402,0.3751201391289513,0.09400429446531369,85.81560283687944,-0.027447541321104784,70.2127659574468,0.2834485691356961,84.39716312056737,0.0170026843027865,82.97872340425532,0.0309373659306526,55.319148936170215,0.02620017165294413,87.94326241134752,97.87234042553192,299375,38.059701492537314,35.89462129527991,535000,59.8126389329946,TRUE,FALSE,98.27586206896552,High,20.75,79.25,Elite Value,Strikers,1.1.0,2026-08-01 14:43:31 UTC,2,2,10,Performance data through: 2026-08-01 (updates every day) · MLSPA compensation as of: 2026-04-16,FALSE,2026-08-01 14:43:25 UTC
4JMAkzjkqK,asa_4JMAkzjkqK_mls_blended,Ervin Torres,ervin torres,2007-11-14,USA,W,NA,18.628336755646817,mls,gpMOLwl5zy,W,asa_live,TRUE,NA,mlspa_via_asa,86,104525,12,104525,TRUE,0.15,0.85,blended,2025+2026 season to date,96.2,0.16384273255813953,0.003908720930232557,0.0077311046511628,0.07281279069767442,-0.02868488372093022,0.00580813953488372,0.10226686046511627,2026,104525,Austin FC,0.20277985605674193,1,0.1973995755618187,0.21055954727251994,0.004169302325711685,13.100436681222707,0.00824651162816469,63.31877729257642,0.07766697674661314,41.48471615720524,-0.03059720930328173,13.537117903930131,0.006195348837402906,13.100436681222707,0.10908465116619957,98.68995633187772,48.03493449781659,104525,15.023474178403756,13.830954994511526,520000,33.011460319412834,FALSE,TRUE,NA,Low,41,59,Small-Sample Watchlist,Wingers and attacking midfielders,1.1.0,2026-08-01 14:43:31 UTC,NA,NA,NA,Performance data through: 2026-08-01 (updates every day) · MLSPA compensation as of: 2026-04-16,FALSE,2026-08-01 14:43:25 UTC
4JMAnx65Kg,asa_4JMAnx65Kg_mls_blended,Thomas Müller,thomas muller,1989-09-13,Germany,W,NA,36.79671457905544,mls,lgpMOvnQzy,W,asa_live,TRUE,NA,mlspa_via_asa,1063,5152504,1097,5152504,TRUE,0.6029495178672717,0.3970504821327283,blended,2025+2026 season to date,1498.564378899603,0.2312053297525195,0.04910804385290467,0.018704899817012413,0.10714414395781616,0.014388898511952616,0.037758624433883774,0.004100719178949859,2026,5152504,Vancouver Whitecaps FC,0.20277985605674193,1,0.22307820990384963,0.2379500905715422,0.052381913444735244,58.51528384279476,0.01995189313877007,71.61572052401746,0.11428708689190871,72.0524017467249,0.015348158413229087,49.78165938864629,0.04027586606406798,54.148471615720524,0.004374100457683207,60.262008733624455,71.17903930131004,5152504,97.65258215962442,98.46322722283205,520000,-26.473542858314374,TRUE,FALSE,33.333333333333336,High,20.75,79.25,Below Expected Value by Current Model,Wingers and attacking midfielders,1.1.0,2026-08-01 14:43:31 UTC,65,65,292,Performance data through: 2026-08-01 (updates every day) · MLSPA compensation as of: 2026-04-16,FALSE,2026-08-01 14:43:25 UTC
4JMAoJNkqK,asa_4JMAoJNkqK_mls_blended,Jonathan Pérez,jonathan perez,2003-01-18,USA,W,NA,22.45037645448323,mls,vzqoOgNqap,W,asa_live,TRUE,NA,mlspa_via_asa,0,NA,977,470956,TRUE,0,1,blended,2025+2026 season to date,977,0.20350870010235417,0.05088638689866939,0.03004912998976458,0.05291299897645855,0.03262845445240532,0.03814636642784033,-0.00111463664278403,2026,470956,Nashville SC,0.20277985605674193,1,0.20323139735830387,0.21678015718896518,0.05427881269361023,62.88209606986899,0.03205240532341719,80.349344978165945,0.056440532243319554,21.83406113537118,0.03480368475031996,67.24890829694323,0.040689457524301226,55.89519650655022,-0.00118894575234012,25.32751091703057,55.02183406113537,470956,46.009389671361504,50.49396267837541,520000,9.012444389773869,FALSE,FALSE,NA,Low,41,59,Insufficient Evidence,Wingers and attacking midfielders,1.1.0,2026-08-01 14:43:31 UTC,NA,NA,NA,Performance data through: 2026-08-01 (updates every day) · MLSPA compensation as of: 2026-04-16,FALSE,2026-08-01 14:43:25 UTC
4JMAoJgYqK,asa_4JMAoJgYqK_mls_blended,Cade Cowell,cade cowell,2003-10-14,USA,W,NA,22.713210130047912,mls,a2lqRX2Mr0,W,asa_live,TRUE,NA,mlspa_via_asa,1109,1182500,0,NA,FALSE,1,0,blended,2025+2026 season to date,1109,0.24394950405770963,0.07489720468890894,-0.0133985572587917,0.10731830477908026,0.03612173128944995,0.03912443642921551,-1.1361587015329123e-4,2026,1182500,New York Red Bulls,0.20277985605674193,1,0.2294955609327356,0.24479526500256782,0.0798903516706661,88.20960698689956,-0.014291794409824431,41.048034934497814,0.11447285843459622,72.92576419213974,0.03852984670995067,70.74235807860262,0.041732732192467356,58.51528384279476,-1.2119026150063118e-4,34.93449781659389,73.79912663755458,1182500,76.05633802816901,85.51042810098792,520000,-2.2572113906144295,TRUE,FALSE,56.25,Medium,28.75,71.25,Fair Value,Wingers and attacking midfielders,1.1.0,2026-08-01 14:43:31 UTC,43,43,193,Performance data through: 2026-08-01 (updates every day) · MLSPA compensation as of: 2026-04-16,FALSE,2026-08-01 14:43:25 UTC
4JMAoR9lqK,asa_4JMAoR9lqK_mls_blended,Osaze Urhoghide,osaze urhoghide,2000-07-04,England,CB,NA,25.99041752224504,mls,mKAqBBmqbg,CB,asa_live,TRUE,NA,mlspa_via_asa,1426,643982,2677,643982,TRUE,0.6707431796801505,0.3292568203198495,blended,2025+2026 season to date,2307.420507996237,0.12062164755973243,0.013033897164480111,0.023909926761925472,0.03089913678803198,-0.008651145555094416,0.08538642985383661,-0.02395659745344738,2026,643982,FC Dallas,0.13407640205361335,1,0.12339828502037009,0.1316248373591747,0.013902823642546582,74.86910994764398,0.025503921880184167,15.706806282722512,0.03295907924159742,80.10471204188482,-0.00922788859238908,18.32460732984293,0.09107885851360527,70.15706806282722,-0.025553703951142426,10.99476439790576,29.842931937172775,643982,59.668508287292816,63.33699231613611,501667,-29.82557635012004,TRUE,FALSE,21.649484536082475,High,20.75,79.25,Below Expected Value by Current Model,Center backs,1.1.0,2026-08-01 14:43:31 UTC,77,77,344,Performance data through: 2026-08-01 (updates every day) · MLSPA compensation as of: 2026-04-16,FALSE,2026-08-01 14:43:25 UTC
4JMAolz1qK,asa_4JMAolz1qK_mls_blended,Dani Pereira,dani pereira,2000-07-14,Venezuela,CM,NA,25.963039014373717,mls,gpMOLwl5zy,CM,asa_live,TRUE,NA,mlspa_via_asa,486,793750,2527,793750,TRUE,0.40978077571669475,0.5902192242833053,blended,2025+2026 season to date,1977.4839797639124,0.1292696907129811,0.012636841171002411,0.04057035684089073,0.016865377698261803,0.00841969795350184,0.04836039575285066,0.002417021296473627,2026,793750,Austin FC,0.13644825463003651,1,0.13094075380553533,0.1396701373969357,0.013479297249490466,40.094339622641506,0.043275047298302456,75.47169811320755,0.017989736212041436,37.264150943396224,0.00898101115068262,62.264150943396224,0.051584422137986044,33.9622641509434,0.002578156049652436,75.94339622641509,45.283018867924525,793750,75.75757575757575,73.65532381997805,535541.5,-30.474556889651225,TRUE,FALSE,29.41176470588235,Medium,29.75,70.25,Below Expected Value by Current Model,Central and defensive midfielders,1.1.0,2026-08-01 14:43:31 UTC,73,73,309,Performance data through: 2026-08-01 (updates every day) · MLSPA compensation as of: 2026-04-16,FALSE,2026-08-01 14:43:25 UTC
4JMAormOqK,asa_4JMAormOqK_mls_blended,David Da Costa,david da costa,2001-01-05,Portugal,W,NA,25.4839151266256,mls,WBLMvYAQxe,W,asa_live,TRUE,NA,mlspa_via_asa,1327,3425000,3068,3425000,TRUE,0.6546620621608288,0.3453379378391712,blended,2025+2026 season to date,2386.4967932905774,0.20098043170779867,0.030906702154551102,0.02283058758906007,0.056101815194997906,0.05313983259889793,0.036028133882289225,0.0019733602880024547,2026,3425000,Portland Timbers FC,0.20277985605674193,1,0.20134194376828088,0.214764740026211,0.032967148965884735,33.18777292576419,0.024352626762425094,75.10917030567686,0.05984193620986782,25.32751091703057,0.05668248810726245,79.47598253275109,0.038430009475642776,51.96506550218341,0.0021049176406017305,53.711790393013104,52.838427947598255,3425000,92.01877934272301,95.71899012074643,520000,-39.18035139512475,TRUE,FALSE,20.833333333333332,High,20.75,79.25,Below Expected Value by Current Model,Wingers and attacking midfielders,1.1.0,2026-08-01 14:43:31 UTC,77,77,346,Performance data through: 2026-08-01 (updates every day) · MLSPA compensation as of: 2026-04-16,FALSE,2026-08-01 14:43:25 UTC
4wM42Belqj,asa_4wM42Belqj_mls_blended,Mark Delgado,mark delgado,1995-05-16,USA,CM,NA,31.12662559890486,mls,eVq3ya6MWO,CM,asa_live,TRUE,NA,mlspa_via_asa,1399,1055000,3153,1055000,TRUE,0.6665078608861362,0.3334921391138638,blended,2025+2026 season to date,2450.5007146260123,0.1833241369525337,0.015996406244829554,0.0689921615521686,0.02526956336871937,0.005286160008231913,0.0658540476662123,0.0019257981123719393,2026,1055000,Los Angeles FC,0.13644825463003651,1,0.1741041655364816,0.18571110991138384,0.017062833328351405,53.77358490566038,0.07359163899127957,87.73584905660377,0.026954200927476312,55.18867924528302,0.0056385706756235795,53.301886792452834,0.07024431751282159,67.45283018867924,0.0020541846532609286,73.58490566037736,86.79245283018868,1055000,87.37373737373737,83.42480790340285,535541.5,-0.5812845435486906,TRUE,FALSE,52.94117647058823,High,20.75,79.25,Fair Value,Central and defensive midfielders,1.1.0,2026-08-01 14:43:31 UTC,49,49,208,Performance data through: 2026-08-01 (updates every day) · MLSPA compensation as of: 2026-04-16,FALSE,2026-08-01 14:43:25 UTC
4wM46RpqjB,asa_4wM46RpqjB_mls_blended,Emil Forsberg,emil forsberg,1991-10-23,Sweden,CM,NA,34.68856947296372,mls,a2lqRX2Mr0,CM,asa_live,TRUE,NA,mlspa_via_asa,1337,6035625,3175,6035625,TRUE,0.6563573883161512,0.3436426116838488,blended,2025+2026 season to date,2428.06529209622,0.2359553071330001,0.053691800122922774,0.056206661023042226,0.09673423167464891,0.004317163962752077,0.021156691753736967,0.0038487585958971583,2026,6035625,New York Red Bulls,0.13644825463003651,1,0.21623835067977676,0.23065424073230315,0.057271253466240686,95.75471698113208,0.059953771759785265,81.60377358490567,0.10318318045618331,97.16981132075472,0.00460497489374612,50.471698113207545,0.022567137871357987,9.90566037735849,0.004105342502418594,81.60377358490567,98.11320754716981,6035625,98.98989898989899,99.12184412733261,535541.5,-0.8766914427291823,TRUE,FALSE,50.98039215686274,High,20.75,79.25,Fair Value,Central and defensive midfielders,1.1.0,2026-08-01 14:43:31 UTC,51,51,217,Performance data through: 2026-08-01 (updates every day) · MLSPA compensation as of: 2026-04-16,FALSE,2026-08-01 14:43:25 UTC
4wM4E1og5j,asa_4wM4E1og5j_mls_blended,Malcolm Fry,malcolm fry,2005-05-15,USA,W,NA,21.127994524298423,mls,19vQ2095K6,W,asa_live,TRUE,NA,mlspa_via_asa,68,118960,0,NA,FALSE,1,0,blended,2025+2026 season to date,68,-0.0328235294117647,0,-0.0710735294117647,0.0225,0.01627941176470588,0.00344117647058823,-0.00397058823529411,2026,118960,New England Revolution,0.20277985605674193,1,0.17879627789527716,0.19071602976092217,0,6.11353711790393,-0.07581176470825146,7.860262008733624,0.024000000000749998,5.895196506550218,0.017364705882895584,53.275109170305676,0.003670588235408818,11.353711790393014,-0.004235294117779404,16.157205240174672,26.637554585152838,118960,21.12676056338028,19.978046103183313,520000,5.510794021772558,FALSE,TRUE,NA,Low,49,51,Small-Sample Watchlist,Wingers and attacking midfielders,1.1.0,2026-08-01 14:43:31 UTC,NA,NA,NA,Performance data through: 2026-08-01 (updates every day) · MLSPA compensation as of: 2026-04-16,FALSE,2026-08-01 14:43:25 UTC
4wM4E8Xg5j,asa_4wM4E8Xg5j_mls_blended,Chris Donovan,chris donovan,2000-08-08,USA,FW,NA,24.8952772073922,mls,9z5k7Yg5A3,FW,asa_live,TRUE,NA,mlspa_via_asa,0,NA,675,200156,TRUE,0,1,blended,2025+2026 season to date,675,0.35012000000000004,0.03066666666666666,-0.024453333333333327,0.21030666666666667,0.00106666666666666,0.051266666666666676,0.08126666666666667,2026,200156,Philadelphia Union,0.21108432719581333,1,0.28469144809214747,0.30367087797444703,0.032711111112133325,15.602836879432624,-0.02608355555637066,71.63120567375887,0.22432711111812134,68.08510638297872,0.0011377777778133263,72.34042553191489,0.05468444444615334,90.0709219858156,0.08668444444715333,99.29078014184397,89.36170212765957,200156,32.08955223880597,29.527991218441272,535000,57.2721498888536,FALSE,FALSE,NA,Low,41,59,Insufficient Evidence,Strikers,1.1.0,2026-08-01 14:43:31 UTC,NA,NA,NA,Performance data through: 2026-08-01 (updates every day) · MLSPA compensation as of: 2026-04-16,FALSE,2026-08-01 14:43:25 UTC
4wM4EBbB5j,asa_4wM4EBbB5j_mls_blended,Gavin Turner,gavin turner,2007-01-05,USA,FW,NA,19.485284052019164,mls,EKXMeX3Q64,FW,asa_live,TRUE,NA,mlspa_via_asa,55,110259,26,110259,TRUE,0.15,0.85,blended,2025+2026 season to date,77.1,-0.008720244755244752,0.0906476223776224,-0.10199895104895104,0.0717727972027972,-0.08434762237762236,0.01520590909090909,0,2026,110259,D.C. United,0.21108432719581333,1,0.1860556275983734,0.19845933611113348,0.09669079720581882,87.94326241134752,-0.10879888112228107,7.092198581560283,0.07655765035204276,11.347517730496454,-0.08997079720560877,14.184397163120567,0.016219636364143225,20.56737588652482,0,31.914893617021278,25.53191489361702,110259,18.65671641791045,14.818880351262349,535000,6.875198475706572,FALSE,TRUE,NA,Low,41,59,Small-Sample Watchlist,Strikers,1.1.0,2026-08-01 14:43:31 UTC,NA,NA,NA,Performance data through: 2026-08-01 (updates every day) · MLSPA compensation as of: 2026-04-16,FALSE,2026-08-01 14:43:25 UTC
4wM4EmLl5j,asa_4wM4EmLl5j_mls_blended,Daniel Pinter,daniel pinter,2007-06-06,Hungary,W,NA,19.069130732375086,mls,zeQZkL1MKw,W,asa_live,TRUE,NA,mlspa_via_asa,290,88025,24,88025,TRUE,0.29292929292929293,0.7070707070707071,blended,2025+2026 season to date,306.969696969697,0.05772121212121212,0.008418181818181816,-0.02328787878787879,0.02560757575757576,0.017106060606060604,0.03142272727272727,-0.0015454545454545432,2026,88025,Inter Miami CF,0.20277985605674193,1,0.1536838298934637,0.16392941855815074,0.008979393939674543,14.847161572052402,-0.024840404041180306,31.441048034934497,0.027314747475601062,6.550218340611353,0.018246464647034846,54.148471615720524,0.03351757575862318,42.35807860262009,-0.0016484848485363612,23.580786026200872,10.480349344978166,88025,5.164319248826291,4.33589462129528,520000,5.3160300961518745,FALSE,TRUE,NA,Low,41,59,Small-Sample Watchlist,Wingers and attacking midfielders,1.1.0,2026-08-01 14:43:31 UTC,NA,NA,NA,Performance data through: 2026-08-01 (updates every day) · MLSPA compensation as of: 2026-04-16,FALSE,2026-08-01 14:43:25 UTC
4wM4J0KNqj,asa_4wM4J0KNqj_mls_blended,Peglow,peglow,2002-01-07,Brazil,W,NA,24.479123887748116,mls,EKXMeX3Q64,W,asa_live,TRUE,NA,mlspa_via_asa,1566,626312,1854,626312,TRUE,0.6910856134157105,0.3089143865842895,blended,2025+2026 season to date,2138.727272727273,0.18571410209170602,0.03159576774436799,0.041593998234774936,0.06127258159881404,3.048055253258435e-4,0.04785418469738387,0.0030927642910393398,2026,626312,D.C. United,0.20277985605674193,1,0.18945286515913073,0.20208305617605454,0.03370215226171238,34.06113537117904,0.044366931451813064,85.1528384279476,0.06535742037411073,30.56768558951965,3.251258936910599e-4,35.37117903930131,0.051044463678804594,71.61572052401746,0.003298948577211721,56.76855895196506,39.301310043668124,626312,57.74647887323944,62.12952799121844,520000,-18.445168829571315,TRUE,FALSE,38.541666666666664,High,14,86,Below Expected Value by Current Model,Wingers and attacking midfielders,1.1.0,2026-08-01 14:43:31 UTC,60,60,270,Performance data through: 2026-08-01 (updates every day) · MLSPA compensation as of: 2026-04-16,FALSE,2026-08-01 14:43:25 UTC
4wM4J8bNqj,asa_4wM4J8bNqj_mls_blended,Owen Wolff,owen wolff,2004-12-30,USA,CM,NA,21.50034223134839,mls,gpMOLwl5zy,CM,asa_live,TRUE,NA,mlspa_via_asa,359,750000,3027,750000,TRUE,0.33899905571293676,0.6610009442870632,blended,2025+2026 season to date,2359.8498583569403,0.14198984493664665,0.016946911226721543,0.0037971036872116934,0.04560579150253946,0.004631711199768648,0.06423286175132029,0.006775465569085028,2026,750000,Austin FC,0.13644825463003651,1,0.1408664926238331,0.1502575921367842,0.018076705309067877,57.54716981132076,0.004050243933152376,31.132075471698112,0.04864617760422895,80.18867924528301,0.004940491946574282,50.943396226415096,0.06851505253688274,63.679245283018865,0.007227163273916545,87.73584905660377,58.0188679245283,750000,71.46464646464646,70.85620197585071,535541.5,-13.445778540118162,FALSE,TRUE,NA,Low,41,59,Small-Sample Watchlist,Central and defensive midfielders,1.1.0,2026-08-01 14:43:31 UTC,NA,NA,NA,Performance data through: 2026-08-01 (updates every day) · MLSPA compensation as of: 2026-04-16,FALSE,2026-08-01 14:43:25 UTC
4wM4J9zlqj,asa_4wM4J9zlqj_mls_blended,Pedro de la Vega,pedro de la vega,2001-02-07,Argentina,W,NA,24.39425051334702,mls,jYQJ19EqGR,W,asa_live,TRUE,NA,mlspa_via_asa,0,NA,1313,1379000,TRUE,0,1,blended,2025+2026 season to date,1313,0.22217593297791316,0.057886519421172886,-0.00513404417364813,0.10233130236100532,0.00282406702208682,0.06297258187357196,0.00129550647372429,2026,1379000,Seattle Sounders FC,0.20277985605674193,1,0.2160924796832437,0.230498645002663,0.0617456207178473,73.79912663755458,-0.0054763137853958066,48.90829694323144,0.10915338918848339,68.12227074235808,0.0030123381569867437,38.8646288209607,0.06717075400057584,90.39301310043668,0.0013818735720157595,48.47161572052402,67.68558951965065,1379000,78.40375586854461,88.0351262349067,520000,-10.71816634889396,FALSE,FALSE,NA,Low,41,59,Insufficient Evidence,Wingers and attacking midfielders,1.1.0,2026-08-01 14:43:31 UTC,NA,NA,NA,Performance data through: 2026-08-01 (updates every day) · MLSPA compensation as of: 2026-04-16,FALSE,2026-08-01 14:43:25 UTC
4wM4JGblqj,asa_4wM4JGblqj_mls_blended,Sean Nealis,sean nealis,1997-01-13,USA,CB,NA,29.462012320328544,mls,EKXMeX3Q64,CB,asa_live,TRUE,NA,mlspa_via_asa,212,723750,2075,723750,TRUE,0.2324561403508772,0.7675438596491229,blended,2025+2026 season to date,1804.6535087719299,0.1144770133164236,0.0036986366518706394,0.026896797717184527,0.01296995878249841,0.008455928979074186,0.07349393627140141,-0.011038245085605575,2026,723750,D.C. United,0.13407640205361335,1,0.11936737826896912,0.1273252034908793,0.003945212428785303,21.465968586387433,0.02868991756589339,18.32460732984293,0.01383462270176397,43.455497382198956,0.009019657577960995,74.86910994764398,0.07839353202527796,56.02094240837696,-0.011774128091680556,27.225130890052355,28.272251308900522,723750,65.74585635359117,68.49615806805708,501667,-37.47360504469064,FALSE,TRUE,NA,Low,41,59,Small-Sample Watchlist,Center backs,1.1.0,2026-08-01 14:43:31 UTC,NA,NA,NA,Performance data through: 2026-08-01 (updates every day) · MLSPA compensation as of: 2026-04-16,FALSE,2026-08-01 14:43:25 UTC
4wM4JZezqj,asa_4wM4JZezqj_mls_blended,Dagur Dan Thórhallsson,dagur dan thorhallsson,2000-05-02,Iceland,W,NA,26.16290212183436,mls,APk5LGOMOW,W,asa_live,TRUE,NA,mlspa_via_asa,707,530625,1336,530625,TRUE,0.5024875621890548,0.49751243781094523,blended,2025+2026 season to date,1371.676616915423,0.14023832718358592,0.017484595840302333,-0.03748829845639212,0.06448711106571504,0.011634743306563843,0.08311788363571365,0.0010022917916831572,2026,530625,CF Montréal,0.20277985605674193,1,0.15927031092876986,0.16988833166266354,0.018650235563571975,20.087336244541486,-0.03998751835473454,18.777292576419214,0.06878625180557894,33.624454148471614,0.012410392860722591,46.2882096069869,0.08865907588086516,94.75982532751091,0.001069111244495444,46.724890829694324,13.973799126637555,530625,51.64319248826291,55.10428100987925,520000,-37.66939336162535,TRUE,FALSE,26.041666666666668,Medium,29.75,70.25,Below Expected Value by Current Model,Wingers and attacking midfielders,1.1.0,2026-08-01 14:43:31 UTC,72,72,324,Performance data through: 2026-08-01 (updates every day) · MLSPA compensation as of: 2026-04-16,FALSE,2026-08-01 14:43:25 UTC
4wM4Jgkgqj,asa_4wM4Jgkgqj_mls_blended,Matías Galarza,matias galarza,2002-02-11,Paraguay,CM,NA,24.383299110198493,mls,KAqBN0Vqbg,CM,asa_live,TRUE,NA,mlspa_via_asa,735,945413,0,NA,FALSE,1,0,blended,2025+2026 season to date,735,0.16427755102040817,0.04231836734693878,0.01078775510204081,0.0524204081632653,-0.00216734693877551,0.06155510204081633,-6.36734693877551e-4,2026,945413,Atlanta United FC,0.13644825463003651,1,0.1517700020809153,0.16188800222470198,0.04513959183814531,91.50943396226415,0.011506938775869788,42.924528301886795,0.05591510204256366,84.90566037735849,-0.0023118367347661224,32.075471698113205,0.06565877551225592,58.490566037735846,-6.791836734906122e-4,53.77358490566038,70.28301886792453,945413,84.34343434343434,81.0098792535675,535541.5,-14.060415475509814,TRUE,FALSE,43.13725490196079,Low,37.75,62.25,Fair Value,Central and defensive midfielders,1.1.0,2026-08-01 14:43:31 UTC,59,59,250,Performance data through: 2026-08-01 (updates every day) · MLSPA compensation as of: 2026-04-16,FALSE,2026-08-01 14:43:25 UTC
4wM4JmKAqj,asa_4wM4JmKAqj_mls_blended,Santiago Moreno,santiago moreno,2000-04-21,Colombia,W,NA,26.193018480492817,mls,mKAqBBmqbg,W,asa_live,TRUE,NA,mlspa_via_asa,666,938387,1852,938387,TRUE,0.48755490483162517,0.5124450951683748,blended,2025+2026 season to date,1615.04831625183,0.25777533844144596,0.05130845842727896,0.0061262834844369105,0.07913709685069997,0.06832869534419676,0.05833740580402177,-0.00546260146918846,2026,938387,FC Dallas,0.20277985605674193,1,0.24287846725867263,0.25907036508401343,0.054729022324141174,64.62882096069869,0.00653470238360358,62.88209606986899,0.0844129033100512,48.47161572052402,0.07288394170275417,86.02620087336244,0.06222656619290113,86.8995633187773,-0.005826774900649777,10.91703056768559,81.6593886462882,938387,71.36150234741784,80.68057080131723,520000,10.297886298870367,TRUE,FALSE,80.20833333333333,Medium,29.75,70.25,Undervalued,Wingers and attacking midfielders,1.1.0,2026-08-01 14:43:31 UTC,20,20,90,Performance data through: 2026-08-01 (updates every day) · MLSPA compensation as of: 2026-04-16,FALSE,2026-08-01 14:43:25 UTC
4wM4JrbBqj,asa_4wM4JrbBqj_mls_blended,Pavel Bucha,pavel bucha,1998-03-11,Czech Republic,CM,NA,28.306639288158795,mls,NWMWlBK5lz,CM,asa_live,TRUE,NA,mlspa_via_asa,1578,548774,3588,548774,TRUE,0.6927129060579456,0.30728709394205445,blended,2025+2026 season to date,2680.546093064091,0.14429407066575445,0.022158743954827472,0.008123412545770065,0.03860191272635445,0.007983428813046702,0.057183077334163335,0.010243495291592398,2026,548774,FC Cincinnati,0.13644825463003651,1,0.14285909932626206,0.15238303928610816,0.023635993552554593,71.22641509433963,0.008664973382425516,39.15094339622642,0.04117537357606481,74.52830188679245,0.008515657400849263,61.320754716981135,0.060995282491680326,51.41509433962264,0.010926394978040007,92.9245283018868,61.79245283018868,548774,52.02020202020202,56.2019758507135,535541.5,9.772250809986659,TRUE,FALSE,67.6470588235294,High,14,86,Undervalued,Central and defensive midfielders,1.1.0,2026-08-01 14:43:31 UTC,34,34,144,Performance data through: 2026-08-01 (updates every day) · MLSPA compensation as of: 2026-04-16,FALSE,2026-08-01 14:43:25 UTC
4wM4Jwdzqj,asa_4wM4Jwdzqj_mls_blended,Jahkeele Marshall-Rutty,jahkeele marshallrutty,2004-06-16,Canada,FB,NA,22.039698836413415,mls,a2lqRX2Mr0,FB,asa_live,TRUE,NA,mlspa_via_asa,1353,473750,2281,473750,TRUE,0.6590355577204091,0.3409644422795909,blended,2025+2026 season to date,2130.739892839747,0.13727065405936031,0.009686996478458929,0.03428977642666617,0.012421840516108305,0.013801172480344945,0.06735274583467954,-2.818776768975929e-4,2026,473750,New York Red Bulls,0.11638469243644946,1,0.13268157656918797,0.14152701501155654,0.010332796244012423,41.75257731958763,0.03657576152292024,74.22680412371135,0.013249963217596254,25.257731958762886,0.014721250646161314,75.77319587628865,0.07184292889256993,73.71134020618557,-3.0066952203349504e-4,56.70103092783505,71.1340206185567,473750,65.94594594594595,50.60373216245883,343925,5.188074672610753,TRUE,FALSE,70.73170731707317,High,20.75,79.25,Undervalued,Fullbacks and wingbacks,1.1.0,2026-08-01 14:43:31 UTC,25,25,130,Performance data through: 2026-08-01 (updates every day) · MLSPA compensation as of: 2026-04-16,FALSE,2026-08-01 14:43:25 UTC
4wM4JxwBqj,asa_4wM4JxwBqj_mls_blended,Daniel Munie,daniel munie,2000-02-10,USA,CB,NA,26.38740588637919,mls,0KPqjA456v,CB,asa_live,TRUE,NA,mlspa_via_asa,1634,574000,2256,574000,TRUE,0.7000856898029134,0.2999143101970866,blended,2025+2026 season to date,2310.606683804627,0.14956715254608105,0.018128849204178742,0.05376923918394137,0.052502789476562936,-0.022891641142044512,0.049921265656620896,-0.001863349833178363,2026,574000,San Jose Earthquakes,0.13407640205361335,1,0.1463738491199612,0.15613210573283776,0.019337439151728288,87.95811518324608,0.05735385513132977,61.78010471204188,0.05600297544341722,92.67015706806282,-0.0244177505522772,6.806282722513089,0.053249350035392995,29.319371727748692,-0.0019875731554523652,61.78010471204188,59.68586387434555,574000,54.69613259668508,58.23271130625686,501667,4.989731277660468,TRUE,FALSE,60.824742268041234,High,14,86,Fair Value,Center backs,1.1.0,2026-08-01 14:43:31 UTC,39,39,173,Performance data through: 2026-08-01 (updates every day) · MLSPA compensation as of: 2026-04-16,FALSE,2026-08-01 14:43:25 UTC
4wM4aNJN5j,asa_4wM4aNJN5j_mls_blended,Yevhen Cheberko,yevhen cheberko,1998-01-23,Ukraine,FB,NA,28.435318275154003,mls,mvzqoLZQap,FB,asa_live,TRUE,NA,mlspa_via_asa,381,658250,2619,658250,TRUE,0.3524514338575393,0.6475485661424607,blended,2025+2026 season to date,2076.9296947271046,0.1173141325805621,0.0019760244904965764,0.07852976593519428,0.007105098689961882,0.012481462054671282,0.029614643435027392,-0.012392862024789312,2026,658250,Columbus Crew,0.11638469243644946,1,0.11710581030464799,0.12491286432886138,0.002107759456595549,16.49484536082474,0.08376508366682489,97.42268041237114,0.007578771936196177,13.917525773195877,0.01331355952539875,72.16494845360825,0.031588952998349705,23.711340206185568,-0.013219052826855029,15.463917525773196,52.06185567010309,658250,81.62162162162163,64.43468715697036,343925,-29.559765951518536,FALSE,TRUE,NA,Low,41,59,Small-Sample Watchlist,Fullbacks and wingbacks,1.1.0,2026-08-01 14:43:31 UTC,NA,NA,NA,Performance data through: 2026-08-01 (updates every day) · MLSPA compensation as of: 2026-04-16,FALSE,2026-08-01 14:43:25 UTC
4wM4aRPp5j,asa_4wM4aRPp5j_mls_blended,Samuel Shashoua,samuel shashoua,1999-05-13,England,CM,NA,26.13552361396304,mls,kRQand1MKZ,CM,asa_live,TRUE,NA,mlspa_via_asa,0,NA,133,104833,TRUE,0,1,blended,2025+2026 season to date,133,-0.02449624060150377,0.0388421052631579,-0.04560902255639097,0.05657142857142856,-0.08912030075187971,0.01048872180451127,0.00433082706766917,2026,104833,Minnesota United FC,0.13644825463003651,1,0.10724550174354967,0.11439520186336116,0.041431578948663166,88.67924528301887,-0.048649624061670664,6.132075471698113,0.06034285714474284,87.26415094339623,-0.09506165413830904,1.4150943396226414,0.011187969925161644,8.962264150943396,0.004619548872324809,83.01886792452831,19.81132075471698,104833,12.626262626262626,14.050493962678376,535541.5,7.185058128454354,FALSE,FALSE,NA,Low,41,59,Insufficient Evidence,Central and defensive midfielders,1.1.0,2026-08-01 14:43:31 UTC,NA,NA,NA,Performance data through: 2026-08-01 (updates every day) · MLSPA compensation as of: 2026-04-16,FALSE,2026-08-01 14:43:25 UTC
4wM4aomy5j,asa_4wM4aomy5j_mls_blended,Reggie Cannon,reggie cannon,1998-06-11,USA,FB,NA,28.05475701574264,mls,pzeQZ6xQKw,FB,asa_live,TRUE,NA,mlspa_via_asa,496,841500,2708,841500,TRUE,0.41471571906354515,0.5852842809364549,blended,2025+2026 season to date,2080.94983277592,0.08187833398378644,0.002811402360403707,0.00574640727585304,0.0115536376795127,0.010085423840176262,0.05200727560603291,-3.2581277819220293e-4,2026,841500,Colorado Rapids,0.11638469243644946,1,0.08960090111968863,0.09557429453065457,0.0029988291845243343,18.556701030927837,0.00612950109443479,35.05154639175258,0.012323880191865335,23.711340206185568,0.010757785429857527,64.94845360824742,0.055474427314835345,51.03092783505155,-3.4753363008254356e-4,56.18556701030928,15.97938144329897,841500,90.8108108108108,76.61909989023052,343925,-74.83142936751184,TRUE,FALSE,2.4390243902439024,Medium,29.75,70.25,Below Expected Value by Current Model,Fullbacks and wingbacks,1.1.0,2026-08-01 14:43:31 UTC,81,81,427,Performance data through: 2026-08-01 (updates every day) · MLSPA compensation as of: 2026-04-16,FALSE,2026-08-01 14:43:25 UTC
4wM4ep9N5j,asa_4wM4ep9N5j_mls_blended,Mijahir Jiménez,mijahir jimenez,2007-03-28,Panama,CM,NA,19.260780287474333,mls,a2lqRX2Mr0,CM,asa_live,FALSE,NA,NA,26,NA,0,NA,FALSE,1,0,blended,2025+2026 season to date,26,0.19142307692307697,0,0.11146153846153849,0.0771923076923077,-0.01246153846153846,0.01419230769230769,0.00103846153846153,2026,NA,New York Red Bulls,0.13644825463003651,1,0.13873155395850145,0.14798032422702592,0,6.60377358490566,0.1188923076960231,95.28301886792453,0.08233846154103462,93.39622641509433,-0.013292307692723075,15.566037735849056,0.015138461538934613,9.433962264150944,0.001107692307726914,69.81132075471699,55.18867924528302,NA,NA,NA,535541.5,NA,FALSE,FALSE,NA,Insufficient,49,51,Insufficient Evidence,Central and defensive midfielders,1.1.0,2026-08-01 14:43:31 UTC,NA,NA,NA,Performance data through: 2026-08-01 (updates every day) · MLSPA compensation as of: 2026-04-16,FALSE,2026-08-01 14:43:25 UTC
4wM4pewlMj,asa_4wM4pewlMj_mls_blended,Sal Olivas,sal olivas,2006-07-11,USA,FW,NA,19.97262149212868,mls,9z5k7Yg5A3,FW,asa_live,TRUE,NA,mlspa_via_asa,19,137480,60,137480,TRUE,0.15,0.85,blended,2025+2026 season to date,70,0.11826394736842105,0.0909075,-0.24317960526315788,0.14805197368421052,0.03756907894736841,0.10671749999999999,-0.0218025,2026,137480,Philadelphia Union,0.21108432719581333,1,0.20138667557205592,0.2148124539502392,0.09696800000303026,88.65248226950355,-0.2593915789554744,1.4184397163120568,0.15792210526809294,38.297872340425535,0.04007368421177861,91.48936170212765,0.11383200000355724,100,-0.023256000000726747,2.127659574468085,39.00709219858156,137480,28.35820895522388,24.039517014270032,535000,10.64888324335768,FALSE,TRUE,NA,Low,41,59,Small-Sample Watchlist,Strikers,1.1.0,2026-08-01 14:43:31 UTC,NA,NA,NA,Performance data through: 2026-08-01 (updates every day) · MLSPA compensation as of: 2026-04-16,FALSE,2026-08-01 14:43:25 UTC
7VqG008YQv,asa_7VqG008YQv_mls_blended,Stephen Eustáquio,stephen eustaquio,1996-12-21,Canada,CM,NA,29.52498288843258,mls,eVq3ya6MWO,CM,asa_live,TRUE,NA,mlspa_via_asa,672,1800000,0,NA,FALSE,1,0,blended,2025+2026 season to date,672,0.12148660714285714,0.01660714285714286,0.02034375,0.01715625,0.00991071428571428,0.08503125,-0.027562499999999997,2026,1800000,Los Angeles FC,0.13644825463003651,1,0.1285439880330361,0.1371135872395233,0.017714285714839288,55.660377358490564,0.021700000000678125,53.77358490566038,0.018300000000571876,37.735849056603776,0.010571428571758922,66.0377358490566,0.09070000000283437,85.84905660377359,-0.029400000000918747,5.188679245283019,39.62264150943396,1800000,96.96969696969697,91.87705817782657,535541.5,-57.34705546026301,TRUE,FALSE,8.823529411764707,Low,37.75,62.25,Below Expected Value by Current Model,Central and defensive midfielders,1.1.0,2026-08-01 14:43:31 UTC,94,94,399,Performance data through: 2026-08-01 (updates every day) · MLSPA compensation as of: 2026-04-16,FALSE,2026-08-01 14:43:25 UTC
7VqG080xQv,asa_7VqG080xQv_mls_blended,Nicksoen Gomis,nicksoen gomis,2002-03-15,France,CB,NA,24.295687885010267,mls,kRQabn8MKZ,CB,asa_live,TRUE,NA,mlspa_via_asa,85,113400,528,113400,TRUE,0.15,0.85,blended,2025+2026 season to date,533.8,0.13643360294117646,0.00828744986631016,0.029087406417112296,0.0072456316844919716,0.008599141042780745,0.08495261029411764,-0.0017386363636363589,2026,113400,Toronto FC,0.13407640205361335,1,0.13518618670150645,0.14419859915277974,0.008839946524340418,52.35602094240838,0.03102656684588936,21.98952879581152,0.007728673797032957,26.701570680628272,0.009172417112586099,75.91623036649214,0.09061611764989057,69.10994764397905,-0.001854545454603404,62.303664921465966,42.931937172774866,113400,12.154696132596685,16.41053787047201,501667,30.777241040178183,FALSE,TRUE,NA,Low,41,59,Small-Sample Watchlist,Center backs,1.1.0,2026-08-01 14:43:31 UTC,NA,NA,NA,Performance data through: 2026-08-01 (updates every day) · MLSPA compensation as of: 2026-04-16,FALSE,2026-08-01 14:43:25 UTC
7VqG08vjQv,asa_7VqG08vjQv_mls_blended,David Ayala,david ayala,2002-07-26,Argentina,CM,NA,23.9315537303217,mls,zeQZkL1MKw,CM,asa_live,TRUE,NA,mlspa_via_asa,312,771000,3200,771000,TRUE,0.308300395256917,0.691699604743083,blended,2025+2026 season to date,2525.4387351778655,0.1622795825098814,0.01641505064229249,0.019726408102766796,0.021532577816205534,-4.7467885375494074e-4,0.11079638092885374,-0.005716156126482203,2026,771000,Inter Miami CF,0.13644825463003651,1,0.1573206637656223,0.16780870802190778,0.017509387352325826,55.18867924528302,0.02104150197694213,52.83018867924528,0.022968083004670323,48.58490566037736,-5.063241106877594e-4,37.264150943396224,0.11818280632780387,94.33962264150944,-0.006097233201771555,28.30188679245283,77.35849056603773,771000,73.23232323232324,72.1185510428101,535541.5,4.126167333714491,FALSE,TRUE,NA,Low,41,59,Small-Sample Watchlist,Central and defensive midfielders,1.1.0,2026-08-01 14:43:31 UTC,NA,NA,NA,Performance data through: 2026-08-01 (updates every day) · MLSPA compensation as of: 2026-04-16,FALSE,2026-08-01 14:43:25 UTC
7VqG08wXQv,asa_7VqG08wXQv_mls_blended,Wikelman Carmona,wikelman carmona,2003-02-24,Venezuela,W,NA,23.34839151266256,mls,APk5LGOMOW,W,asa_live,TRUE,NA,mlspa_via_asa,900,555000,2086,555000,TRUE,0.5625,0.4375,blended,2025+2026 season to date,1812.625,0.1456914639261745,0.042820822147651004,0.0039111115771812074,0.06069971476510067,-0.018162067953020132,0.05176785654362416,0.00465402684563758,2026,555000,CF Montréal,0.20277985605674193,1,0.15988887764705545,0.17054813616218878,0.045675543625588434,47.59825327510917,0.004171852349123658,61.1353711790393,0.06474636241813071,29.25764192139738,-0.019372872483826877,20.087336244541486,0.055219046981591365,78.16593886462883,0.004964295302168553,62.00873362445415,15.283842794759826,555000,53.521126760563384,57.189901207464324,520000,-38.237283965803556,TRUE,FALSE,22.916666666666668,High,20.75,79.25,Below Expected Value by Current Model,Wingers and attacking midfielders,1.1.0,2026-08-01 14:43:31 UTC,75,75,338,Performance data through: 2026-08-01 (updates every day) · MLSPA compensation as of: 2026-04-16,FALSE,2026-08-01 14:43:25 UTC
7VqG0GzzQv,asa_7VqG0GzzQv_mls_blended,Alexander Aravena,alexander aravena,2002-09-06,Chile,W,NA,23.81656399726215,mls,WBLMvYAQxe,W,asa_live,TRUE,NA,mlspa_via_asa,579,1026310,0,NA,FALSE,1,0,blended,2025+2026 season to date,579,0.18755440414507776,0.063,-0.03666839378238342,0.05911398963730571,0.06429015544041451,0.04063212435233161,-0.00281347150259067,2026,1026310,Portland Timbers FC,0.20277985605674193,1,0.19530272572862187,0.2083229074503734,0.0672000000021,78.16593886462883,-0.03911295336909793,19.650655021834062,0.06305492228176322,26.637554585152838,0.06857616580525182,84.71615720524018,0.04334093264384145,61.1353711790393,-0.0030010362695238307,18.777292576419214,45.851528384279476,1026310,73.70892018779342,82.87596048298573,520000,-27.85739180351395,TRUE,FALSE,31.25,Low,37.75,62.25,Below Expected Value by Current Model,Wingers and attacking midfielders,1.1.0,2026-08-01 14:43:31 UTC,67,67,302,Performance data through: 2026-08-01 (updates every day) · MLSPA compensation as of: 2026-04-16,FALSE,2026-08-01 14:43:25 UTC
7VqG0Z6YQv,asa_7VqG0Z6YQv_mls_blended,Tarun Karumanchi,tarun karumanchi,2003-04-01,USA,CM,NA,23.249828884325805,mls,mvzqoLZQap,CM,asa_live,FALSE,NA,NA,93,NA,0,NA,FALSE,1,0,blended,2025+2026 season to date,93,0.04538709677419355,0,-0.039,-0.00193548387096774,0.06029032258064516,0.03435483870967742,-0.00832258064516129,2026,NA,Columbus Crew,0.13644825463003651,1,0.1242279260866117,0.1325097878298601,0,6.60377358490566,-0.0416000000013,7.547169811320755,-0.002064516129096772,3.30188679245283,0.06430967742136451,96.22641509433963,0.03664516129146774,16.037735849056602,-0.008877419355116128,20.28301886792453,34.43396226415094,NA,NA,NA,535541.5,NA,FALSE,FALSE,NA,Insufficient,49,51,Insufficient Evidence,Central and defensive midfielders,1.1.0,2026-08-01 14:43:31 UTC,NA,NA,NA,Performance data through: 2026-08-01 (updates every day) · MLSPA compensation as of: 2026-04-16,FALSE,2026-08-01 14:43:25 UTC
7VqG0ZGYQv,asa_7VqG0ZGYQv_mls_blended,Diego Luna,diego luna,2003-09-07,USA,W,NA,22.8145106091718,mls,a2lqR4JMr0,W,asa_live,TRUE,NA,mlspa_via_asa,840,500833,2580,500833,TRUE,0.5454545454545454,0.4545454545454546,blended,2025+2026 season to date,2012.7272727272727,0.2517361975234068,0.04985305043793416,0.05159918453639383,0.08259975838115372,0.022303699788583518,0.04015673512533978,0.0052237692540018045,2026,500833,Real Salt Lake,0.20277985605674193,1,0.2404936138880558,0.25652652148860927,0.053176587135458205,59.82532751091703,0.055039130173873393,89.08296943231441,0.08810640894265062,50.65502183406114,0.023790613108565874,58.51528384279476,0.04283385080170099,60.262008733624455,0.005572020537776051,64.19213973799127,79.91266375545851,500833,48.35680751173709,52.57958287596048,520000,31.555856243721422,TRUE,FALSE,91.66666666666667,Medium,29.75,70.25,Elite Value,Wingers and attacking midfielders,1.1.0,2026-08-01 14:43:31 UTC,9,9,39,Performance data through: 2026-08-01 (updates every day) · MLSPA compensation as of: 2026-04-16,FALSE,2026-08-01 14:43:25 UTC
7VqG0jDzQv,asa_7VqG0jDzQv_mls_blended,Maren Haile-Selassie,maren haileselassie,1999-03-13,Switzerland,W,NA,27.301848049281315,mls,X0Oq66zq6D,W,asa_live,TRUE,NA,mlspa_via_asa,1328,483500,1309,483500,TRUE,0.6548323471400395,0.34516765285996054,blended,2025+2026 season to date,1779.8244575936883,0.2562685900072778,0.05304797012941809,0.020837839762047908,0.0831184539442458,0.05547942442173212,0.04416696199727873,-3.820602474448589e-4,2026,483500,Chicago Fire FC,0.20277985605674193,1,0.24278304057193334,0.258968576618155,0.05658450147314756,68.12227074235808,0.022227029080212363,73.79912663755458,0.08865968420996613,51.09170305676856,0.05917805271836358,82.09606986899563,0.047111426131902875,68.12227074235808,-4.0753093062058485e-4,32.751091703056765,81.22270742358079,483500,46.478873239436616,51.26234906695939,520000,34.74383418414417,TRUE,FALSE,92.70833333333333,High,20.75,79.25,Elite Value,Wingers and attacking midfielders,1.1.0,2026-08-01 14:43:31 UTC,8,8,35,Performance data through: 2026-08-01 (updates every day) · MLSPA compensation as of: 2026-04-16,FALSE,2026-08-01 14:43:25 UTC
7VqG0wE6Qv,asa_7VqG0wE6Qv_mls_blended,Nathan Saliba,nathan saliba,2004-02-07,Canada,CM,NA,21.39630390143737,mls,APk5LGOMOW,CM,asa_live,TRUE,NA,mlspa_via_asa,0,NA,1390,178434,TRUE,0,1,blended,2025+2026 season to date,1390,0.17460647482014385,0.02191726618705036,0.00683741007194244,0.03122805755395684,0.012574100719424462,0.1074561151079137,-0.00540647482014388,2026,178434,CF Montréal,0.13644825463003651,1,0.16310148380805117,0.17397491606735796,0.023378417266917625,70.75471698113208,0.00729323741029985,36.320754716981135,0.033309928058594895,65.09433962264151,0.013412374101138562,72.64150943396227,0.11461985611868981,93.39622641509433,-0.005766906475000355,30.18867924528302,80.66037735849056,178434,25.252525252525253,28.10098792535675,535541.5,55.40785210596531,FALSE,FALSE,NA,Low,41,59,Insufficient Evidence,Central and defensive midfielders,1.1.0,2026-08-01 14:43:31 UTC,NA,NA,NA,Performance data through: 2026-08-01 (updates every day) · MLSPA compensation as of: 2026-04-16,FALSE,2026-08-01 14:43:25 UTC
7VqG0xmYQv,asa_7VqG0xmYQv_mls_blended,Cole Mrowka,cole mrowka,2006-04-06,USA,CM,NA,19.236139630390145,mls,mvzqoLZQap,CM,asa_live,TRUE,NA,mlspa_via_asa,0,NA,36,100630,TRUE,0,1,blended,2025+2026 season to date,36,0.274,0.09975,0.0345,0.03225,0.04174999999999999,0.04950000000000001,0.01625,2026,100630,Columbus Crew,0.13644825463003651,1,0.14423420248116653,0.15384981598471878,0.106400000003325,99.05660377358491,0.03680000000115,71.22641509433963,0.034400000001075,66.0377358490566,0.044533333334724985,91.50943396226415,0.052800000001650006,37.971698113207545,0.017333333333875,96.22641509433963,64.15094339622641,100630,10.1010101010101,11.086717892425906,535541.5,54.049933295216306,FALSE,FALSE,NA,Low,41,59,Insufficient Evidence,Central and defensive midfielders,1.1.0,2026-08-01 14:43:31 UTC,NA,NA,NA,Performance data through: 2026-08-01 (updates every day) · MLSPA compensation as of: 2026-04-16,FALSE,2026-08-01 14:43:25 UTC
7VqG3Kk6qv,asa_7VqG3Kk6qv_mls_blended,Belal Halbouni,belal halbouni,1999-12-29,Syria,CB,NA,25.505817932922657,mls,lgpMOvnQzy,CB,asa_live,TRUE,NA,mlspa_via_asa,0,NA,1110,165000,TRUE,0,1,blended,2025+2026 season to date,1110,0.13105135135135135,0.00454864864864864,0.07243783783783783,0.00851351351351351,0.0123081081081081,0.04898108108108108,-0.01573783783783784,2026,165000,Vancouver Whitecaps FC,0.13407640205361335,1,0.13211277265039065,0.1409202908314871,0.004851891892043504,25.654450261780106,0.07726702702944162,85.86387434554973,0.00908108108136486,30.36649214659686,0.01312864864905891,83.7696335078534,0.05224648648811919,28.79581151832461,-0.016787027027551624,15.706806282722512,40.31413612565445,165000,23.204419889502763,27.003293084522504,501667,17.109716236151687,FALSE,FALSE,NA,Low,41,59,Insufficient Evidence,Center backs,1.1.0,2026-08-01 14:43:31 UTC,NA,NA,NA,Performance data through: 2026-08-01 (updates every day) · MLSPA compensation as of: 2026-04-16,FALSE,2026-08-01 14:43:25 UTC
7VqG3Vmjqv,asa_7VqG3Vmjqv_mls_blended,Patrick Yazbek,patrick yazbek,2002-04-05,Australia,CM,NA,24.238193018480494,mls,vzqoOgNqap,CM,asa_live,TRUE,NA,mlspa_via_asa,743,616013,2538,616013,TRUE,0.5148995148995149,0.4851004851004851,blended,2025+2026 season to date,1974.1850311850312,0.16406618893852937,0.018980969512884405,0.017580926261777326,0.03550450941940303,0.01948248084418297,0.07525005529260848,-0.0027327523923268574,2026,616013,Nashville SC,0.13644825463003651,1,0.1576289047556331,0.16813749841126294,0.02024636748104273,63.679245283018865,0.018752988013148512,51.41509433962264,0.03787147671521338,69.81132075471699,0.02078131290111125,80.18867924528301,0.08026672564795738,79.24528301886792,-0.0029149358852397396,39.15094339622642,78.30188679245283,616013,57.57575757575758,61.36114160263447,535541.5,20.726129216695256,TRUE,FALSE,77.45098039215686,Medium,29.75,70.25,Strong Value,Central and defensive midfielders,1.1.0,2026-08-01 14:43:31 UTC,24,24,101,Performance data through: 2026-08-01 (updates every day) · MLSPA compensation as of: 2026-04-16,FALSE,2026-08-01 14:43:25 UTC
7VqG3dLjqv,asa_7VqG3dLjqv_mls_blended,Artem Smoliakov,artem smoliakov,2003-05-29,Ukraine,FB,NA,23.091033538672143,mls,eVq3ya6MWO,FB,asa_live,TRUE,NA,mlspa_via_asa,205,613297,1363,613297,TRUE,0.2265193370165746,0.7734806629834254,blended,2025+2026 season to date,1259.254143646409,0.08010210496021533,0.01471808611974722,-0.0019971147493139515,0.03751776751802775,0.011487902457610973,0.01622962995991131,0.002145833654232006,2026,613297,Los Angeles FC,0.11638469243644946,1,0.09181086062448701,0.09793158466917984,0.015699291861554304,59.79381443298969,-0.0021302557326681186,27.31958762886598,0.0400189520204802,68.04123711340206,0.012253762621834634,68.04123711340206,0.01731160529111305,14.43298969072165,0.0022888892312523342,77.31958762886597,19.072164948453608,613297,77.83783783783784,60.922063666300765,343925,-58.765672889384234,FALSE,TRUE,NA,Low,41,59,Small-Sample Watchlist,Fullbacks and wingbacks,1.1.0,2026-08-01 14:43:31 UTC,NA,NA,NA,Performance data through: 2026-08-01 (updates every day) · MLSPA compensation as of: 2026-04-16,FALSE,2026-08-01 14:43:25 UTC
7VqG3kazqv,asa_7VqG3kazqv_mls_blended,Cristiano Oliveira,cristiano oliveira,2008-03-30,USA,FB,NA,18.25325119780972,mls,19vQ2095K6,FB,asa_live,TRUE,NA,mlspa_via_asa,9,99025,0,NA,FALSE,1,0,blended,2025+2026 season to date,9,-0.6780000000000002,0,-0.162,0.445,-0.9369999999999999,0,-0.02399999999999999,2026,99025,New England Revolution,0.11638469243644946,1,0.10464501717876794,0.11162135166084064,0,6.443298969072165,-0.1728000000054,0.5154639175257731,0.4746666666815,99.48453608247422,-0.9994666666979,0.5154639175257731,0,9.02061855670103,-0.02560000000079999,7.216494845360825,33.50515463917526,99025,10.81081081081081,10.757409440175632,343925,22.69434382836445,FALSE,TRUE,NA,Low,49,51,Small-Sample Watchlist,Fullbacks and wingbacks,1.1.0,2026-08-01 14:43:31 UTC,NA,NA,NA,Performance data through: 2026-08-01 (updates every day) · MLSPA compensation as of: 2026-04-16,FALSE,2026-08-01 14:43:25 UTC
7VqG3l0xqv,asa_7VqG3l0xqv_mls_blended,Pedro Soma,pedro soma,2006-06-30,USA,CM,NA,20.00273785078713,mls,zeQZBOzQKw,CM,asa_live,TRUE,NA,mlspa_via_asa,458,325453,116,325453,TRUE,0.3955094991364421,0.6044905008635579,blended,2025+2026 season to date,528.1208981001728,0.17141272110058958,0.005137305699481863,0.08670519921386458,0.01717187779167411,0.02025790602108272,0.05508781490083975,-0.012947382526353399,2026,325453,San Diego FC,0.13644825463003651,1,0.15281659375496442,0.16300436667705595,0.0054797927462852305,19.81132075471698,0.09248554583101239,91.0377358490566,0.01831666964502478,38.20754716981132,0.021608433089830167,81.60377358490567,0.05876033589606532,46.22641509433962,-0.013810541361875204,15.09433962264151,71.22641509433963,325453,35.35353535353536,38.41931942919868,535541.5,35.87287974080427,TRUE,FALSE,84.31372549019608,Medium,29.75,70.25,Strong Value,Central and defensive midfielders,1.1.0,2026-08-01 14:43:31 UTC,17,17,72,Performance data through: 2026-08-01 (updates every day) · MLSPA compensation as of: 2026-04-16,FALSE,2026-08-01 14:43:25 UTC
7VqGL7PeQv,asa_7VqGL7PeQv_mls_blended,Baye Coulibaly,baye coulibaly,2006-01-08,Mali,W,NA,19.477070499657767,mls,NPqxKXZ59d,W,asa_live,TRUE,NA,mlspa_via_asa,0,NA,18,269500,TRUE,0,1,blended,2025+2026 season to date,18,-0.28800000000000003,0,-0.0435,-5e-4,-0.12000000000000001,-0.12400000000000001,0,2026,269500,Charlotte FC,0.20277985605674193,1,0.1884852971424679,0.20105098362491527,0,6.11353711790393,-0.04640000000145,14.410480349344978,-5.3333333335e-4,0.4366812227074236,-0.128000000004,5.240174672489083,-0.1322666666708,0.8733624454148472,0,37.77292576419214,37.99126637554585,269500,31.92488262910798,34.24807903402854,520000,6.066383746437868,FALSE,FALSE,NA,Low,41,59,Insufficient Evidence,Wingers and attacking midfielders,1.1.0,2026-08-01 14:43:31 UTC,NA,NA,NA,Performance data through: 2026-08-01 (updates every day) · MLSPA compensation as of: 2026-04-16,FALSE,2026-08-01 14:43:25 UTC
7VqGLJn6Qv,asa_7VqGLJn6Qv_mls_blended,Hennadiy Synchuk,hennadiy synchuk,2006-07-10,Ukraine,W,NA,19.975359342915812,mls,APk5LGOMOW,W,asa_live,TRUE,NA,mlspa_via_asa,729,606000,876,606000,TRUE,0.510146955913226,0.489853044086774,blended,2025+2026 season to date,1158.111266620014,0.3518961147272256,0.06829840773795258,-0.015074426986972398,0.1114331892213158,0.11007204961799133,0.05489651734616602,0.02227037779077235,2026,606000,CF Montréal,0.20277985605674193,1,0.3010064145694553,0.32107350888411923,0.07285163492275937,84.27947598253274,-0.01607938878660637,40.17467248908297,0.1188620685064513,74.67248908296943,0.11741018626285982,96.5065502183406,0.058556285171073634,81.6593886462882,0.023755069644232855,89.08296943231441,94.32314410480349,606000,55.86854460093897,60.48298572996707,520000,38.45459950386452,TRUE,FALSE,95.83333333333333,Medium,29.75,70.25,Elite Value,Wingers and attacking midfielders,1.1.0,2026-08-01 14:43:31 UTC,5,5,22,Performance data through: 2026-08-01 (updates every day) · MLSPA compensation as of: 2026-04-16,FALSE,2026-08-01 14:43:25 UTC
7VqGLa36Qv,asa_7VqGLa36Qv_mls_blended,Kimani Stewart-Baynes,kimani stewartbaynes,2005-01-17,Canada,W,NA,21.451060917180012,mls,pzeQZ6xQKw,W,asa_live,TRUE,NA,mlspa_via_asa,16,116000,51,116000,TRUE,0.15,0.85,blended,2025+2026 season to date,59.35,0.006346875,0,-0.041728125,0.018103125000000005,-0.028078124999999995,0.05985,-0.0017999999999999921,2026,116000,Colorado Rapids,0.20277985605674193,1,0.18509835544899544,0.19743824581843175,0,6.11353711790393,-0.04451000000139094,16.157205240174672,0.01931000000060344,4.8034934497816595,-0.029950000000935933,14.847161572052402,0.063840000001995,88.20960698689956,-0.0019200000000599916,22.270742358078603,33.624454148471614,116000,20.657276995305164,18.770581778265644,520000,12.96717715316645,FALSE,TRUE,NA,Low,41,59,Small-Sample Watchlist,Wingers and attacking midfielders,1.1.0,2026-08-01 14:43:31 UTC,NA,NA,NA,Performance data through: 2026-08-01 (updates every day) · MLSPA compensation as of: 2026-04-16,FALSE,2026-08-01 14:43:25 UTC
7VqGZdjW5v,asa_7VqGZdjW5v_mls_blended,Fletcher Bank,fletcher bank,2003-05-01,USA,W,NA,23.16769336071184,mls,kRQabn8MKZ,W,asa_live,FALSE,NA,NA,17,NA,0,NA,FALSE,1,0,blended,2025+2026 season to date,17,-0.01217647058823529,0,-0.09052941176470589,0.06776470588235295,-0.0508235294117647,0.06141176470588235,0,2026,NA,Toronto FC,0.20277985605674193,1,0.19685723441498404,0.20998105004921155,0,6.11353711790393,-0.0965647058853706,3.930131004366812,0.0722823529434353,36.68122270742358,-0.05421176470757646,8.733624454148472,0.06550588235498823,89.08296943231441,0,37.77292576419214,47.59825327510917,NA,NA,NA,520000,NA,FALSE,FALSE,NA,Insufficient,49,51,Insufficient Evidence,Wingers and attacking midfielders,1.1.0,2026-08-01 14:43:31 UTC,NA,NA,NA,Performance data through: 2026-08-01 (updates every day) · MLSPA compensation as of: 2026-04-16,FALSE,2026-08-01 14:43:25 UTC
7VqGj3RA5v,asa_7VqGj3RA5v_mls_blended,Samuel Piette,samuel piette,1994-11-12,Canada,CM,NA,31.633127994524298,mls,APk5LGOMOW,CM,asa_live,TRUE,NA,mlspa_via_asa,684,621016,1666,621016,TRUE,0.49421965317919075,0.5057803468208093,blended,2025+2026 season to date,1526.6300578034684,0.10786251032204788,0.0027439464224996318,0.03719554816146112,0.005600190654296398,-0.001168170447369698,0.06909801695244572,-0.0056070214212852725,2026,621016,CF Montréal,0.13644825463003651,1,0.11592759269114991,0.12365609887442415,0.002926876184091072,15.566037735849056,0.039675251373465045,74.05660377358491,0.0059735366981028305,8.962264150943396,-0.0012460484772332835,34.905660377358494,0.07370455141824536,72.16981132075472,-0.005980822849557858,28.77358490566038,28.30188679245283,621016,58.58585858585859,61.69045005488474,535541.5,-30.283971793405758,TRUE,FALSE,30.392156862745097,Medium,29.75,70.25,Below Expected Value by Current Model,Central and defensive midfielders,1.1.0,2026-08-01 14:43:31 UTC,72,72,306,Performance data through: 2026-08-01 (updates every day) · MLSPA compensation as of: 2026-04-16,FALSE,2026-08-01 14:43:25 UTC
7VqGj7ee5v,asa_7VqGj7ee5v_mls_blended,Lassi Lappalainen,lassi lappalainen,1998-08-24,Finland,FB,NA,26.85284052019165,mls,mvzqoLZQap,FB,asa_live,TRUE,NA,mlspa_via_asa,0,NA,585,368750,TRUE,0,1,blended,2025+2026 season to date,585,0.11018461538461538,0.05212307692307692,0.00858461538461538,0.062230769230769235,-0.00116923076923076,-0.01533846153846153,0.00375384615384615,2026,368750,Columbus Crew,0.11638469243644946,1,0.11332389490453137,0.1208788212352776,0.055597948719686145,95.87628865979381,0.009156923077209226,39.69072164948454,0.06637948718156154,87.11340206185567,-0.0012471794872184517,36.597938144329895,-0.016361025641536915,5.154639175257732,0.004004102564227689,82.98969072164948,45.36082474226804,368750,52.7027027027027,41.98682766190999,343925,-7.341877960434658,FALSE,FALSE,NA,Low,41,59,Insufficient Evidence,Fullbacks and wingbacks,1.1.0,2026-08-01 14:43:31 UTC,NA,NA,NA,Performance data through: 2026-08-01 (updates every day) · MLSPA compensation as of: 2026-04-16,FALSE,2026-08-01 14:43:25 UTC
7VqGjBpz5v,asa_7VqGjBpz5v_mls_blended,Jared Stroud,jared stroud,1996-07-10,USA,W,NA,29.973990417522245,mls,EKXMeX3Q64,W,asa_live,TRUE,NA,mlspa_via_asa,475,467500,1474,467500,TRUE,0.40425531914893614,0.5957446808510638,blended,2025+2026 season to date,1353.127659574468,0.17506337827304483,0.05295668697133289,0.020238331360605093,0.08082793498657583,-0.02350684950489333,0.050196870579404716,-0.005649596119980366,2026,467500,D.C. United,0.20277985605674193,1,0.1835778686539969,0.19581639323704927,0.05648713277118697,67.24890829694323,0.02158755345198671,73.36244541484716,0.08621646398837514,49.34497816593886,-0.02507397280600311,17.903930131004365,0.05354332861970493,76.85589519650655,-0.00602623586150071,10.480349344978166,31.87772925764192,467500,45.539906103286384,50.054884742041715,520000,-13.662176845644463,TRUE,FALSE,43.75,Medium,29.75,70.25,Fair Value,Wingers and attacking midfielders,1.1.0,2026-08-01 14:43:31 UTC,55,55,248,Performance data through: 2026-08-01 (updates every day) · MLSPA compensation as of: 2026-04-16,FALSE,2026-08-01 14:43:25 UTC
7VqGjEpj5v,asa_7VqGjEpj5v_mls_blended,Germán Berterame,german berterame,1998-11-13,Argentina,FW,NA,27.630390143737166,mls,zeQZkL1MKw,FW,asa_live,TRUE,NA,mlspa_via_asa,1497,3824200,0,NA,FALSE,1,0,blended,2025+2026 season to date,1497,0.2226372745490982,0.05918837675350701,-0.0762625250501002,0.23235270541082165,-0.03580160320641283,0.02567735470941884,0.01748296593186372,2026,3824200,Inter Miami CF,0.21108432719581333,1,0.21933171021339437,0.23395382423493172,0.06313426853904709,51.773049645390074,-0.08134669338931563,14.893617021276595,0.24784288577928817,75.88652482269504,-0.03818837675470041,41.13475177304964,0.02738917835756934,48.226950354609926,0.018648496994570735,80.1418439716312,55.319148936170215,3824200,94.77611940298507,97.14599341383095,535000,-39.45697046681486,TRUE,FALSE,27.586206896551722,High,28.75,71.25,Below Expected Value by Current Model,Strikers,1.1.0,2026-08-01 14:43:31 UTC,43,43,318,Performance data through: 2026-08-01 (updates every day) · MLSPA compensation as of: 2026-04-16,FALSE,2026-08-01 14:43:25 UTC
7VqGjRDY5v,asa_7VqGjRDY5v_mls_blended,Diadie Samassékou,diadie samassekou,1996-01-11,Mali,CM,NA,30.469541409993155,mls,YgOMngl5wN,CM,asa_live,TRUE,NA,mlspa_via_asa,797,771871,2,771871,TRUE,0.5323981295925184,0.4676018704074816,blended,2025+2026 season to date,797.9352037408149,0.026645290581162325,0.0023086172344689367,0.0033126252505010006,0.0038296593186372707,-0.00786372745490982,0.04064729458917836,-0.015589178356713425,2026,771871,Houston Dynamo FC,0.13644825463003651,1,0.0737732105684605,0.07869142460881698,0.002462525050177153,14.150943396226415,0.0035334669339781547,30.660377358490567,0.00408496994000741,7.0754716981132075,-0.008387975952165934,21.22641509433962,0.043357114229811825,22.641509433962263,-0.016628456914347292,10.377358490566039,2.358490566037736,771871,73.73737373737374,72.22832052689353,535541.5,-71.37888317133601,TRUE,FALSE,4.901960784313726,Medium,29.75,70.25,Below Expected Value by Current Model,Central and defensive midfielders,1.1.0,2026-08-01 14:43:31 UTC,98,98,417,Performance data through: 2026-08-01 (updates every day) · MLSPA compensation as of: 2026-04-16,FALSE,2026-08-01 14:43:25 UTC
7VqGjbre5v,asa_7VqGjbre5v_mls_blended,Bruno Wilson,bruno wilson,1996-12-27,Portugal,CB,NA,28.50924024640657,mls,0KPqjA456v,CB,asa_live,TRUE,NA,mlspa_via_asa,0,NA,1417,1218333,TRUE,0,1,blended,2025+2026 season to date,1417,0.1283500352858151,0.01138814396612561,0.05452081863091037,0.05494636556104446,-0.0329258997882851,0.03958856739590684,8.320395201129147e-4,2026,1218333,San Jose Earthquakes,0.13407640205361335,1,0.1300534661537769,0.13872369723503045,0.012147353564246921,69.63350785340315,0.05815553987478842,62.82722513089005,0.05860945660027897,93.19371727748691,-0.0351209597752683,3.6649214659685865,0.04222780522362025,20.418848167539267,8.875088214815103e-4,86.91099476439791,37.696335078534034,1218333,91.71270718232044,86.38858397365533,501667,-54.01637210378641,FALSE,FALSE,NA,Low,41,59,Insufficient Evidence,Center backs,1.1.0,2026-08-01 14:43:31 UTC,NA,NA,NA,Performance data through: 2026-08-01 (updates every day) · MLSPA compensation as of: 2026-04-16,FALSE,2026-08-01 14:43:25 UTC
7VqGm2OYMv,asa_7VqGm2OYMv_mls_blended,Tim Leibold,tim leibold,1993-11-30,Germany,FB,NA,31.58384668035592,mls,Z2vQ1xlqrA,FB,asa_live,TRUE,NA,mlspa_via_asa,0,NA,978,926050,TRUE,0,1,blended,2025+2026 season to date,978,0.14098159509202454,0.0271840490797546,0.00985582822085889,0.02907055214723926,0.01670245398773006,0.05572085889570553,0.00244785276073619,2026,926050,Sporting Kansas City,0.11638469243644946,1,0.13162916062222413,0.1404044380014267,0.028996319019311042,82.98969072164948,0.010512883435911344,44.845360824742265,0.031008588958024226,57.7319587628866,0.017815950920802147,79.38144329896907,0.05943558282394326,55.670103092783506,0.0026110429448668645,77.83505154639175,69.58762886597938,926050,94.5945945945946,80.35126234906696,343925,-25.006965728615214,FALSE,FALSE,NA,Low,41,59,Insufficient Evidence,Fullbacks and wingbacks,1.1.0,2026-08-01 14:43:31 UTC,NA,NA,NA,Performance data through: 2026-08-01 (updates every day) · MLSPA compensation as of: 2026-04-16,FALSE,2026-08-01 14:43:25 UTC
7VqGmYJAMv,asa_7VqGmYJAMv_mls_blended,André Gomes,andre gomes,1993-07-30,Portugal,CM,NA,32.91991786447639,mls,mvzqoLZQap,CM,asa_live,TRUE,NA,mlspa_via_asa,789,971944,0,NA,FALSE,1,0,blended,2025+2026 season to date,789,0.147,0.01631178707224334,0.051673003802281375,0.01821673003802281,-0.006787072243346,0.06550950570342205,0.00207604562737642,2026,971944,Columbus Crew,0.13644825463003651,1,0.14244201063932463,0.15193814468669434,0.017399239544269956,54.716981132075475,0.0551178707241559,80.18867924528301,0.019431178707831558,40.56603773584906,-0.00723954372646197,23.58490566037736,0.06987680608583384,66.0377358490566,0.002214448669270716,74.52830188679245,60.37735849056604,971944,85.85858585858585,81.77826564215148,535541.5,-25.481227368019816,TRUE,FALSE,36.27450980392157,Low,37.75,62.25,Below Expected Value by Current Model,Central and defensive midfielders,1.1.0,2026-08-01 14:43:31 UTC,66,66,280,Performance data through: 2026-08-01 (updates every day) · MLSPA compensation as of: 2026-04-16,FALSE,2026-08-01 14:43:25 UTC
7VqGmmzzMv,asa_7VqGmmzzMv_mls_blended,Luis Muriel,luis muriel,1991-04-16,Colombia,FW,NA,34.209445585215605,mls,jYQJ8EW5GR,FW,asa_live,TRUE,NA,mlspa_via_asa,0,NA,2358,4003333,TRUE,0,1,blended,2025+2026 season to date,2358,0.26653053435114504,0.05991984732824427,0.02976717557251908,0.16564885496183204,-0.03712213740458015,0.030706106870229004,0.01761068702290076,2026,4003333,Orlando City SC,0.21108432719581333,1,0.25528383918779174,0.2723027618088206,0.06391450381879121,54.60992907801418,0.031751653945012594,95.0354609929078,0.17669211196480913,47.5177304964539,-0.03959694656612289,39.00709219858156,0.03275318066260114,61.702127659574465,0.0187847328250145,80.85106382978724,78.72340425531915,4003333,95.5223880597015,97.36553238199781,535000,-16.798983804382345,FALSE,FALSE,NA,Low,41,59,Insufficient Evidence,Strikers,1.1.0,2026-08-01 14:43:31 UTC,NA,NA,NA,Performance data through: 2026-08-01 (updates every day) · MLSPA compensation as of: 2026-04-16,FALSE,2026-08-01 14:43:25 UTC
7VqGpdjQvW,asa_7VqGpdjQvW_mls_blended,Antoine Griezmann,antoine griezmann,1991-03-21,France,FW,NA,35.279945242984255,mls,jYQJ8EW5GR,FW,asa_live,FALSE,NA,NA,204,NA,0,NA,FALSE,1,0,blended,2025+2026 season to date,204,0.34239705882352944,0.05475,0.14122058823529413,0.09083823529411764,0.01764705882352941,0.0260735294117647,0.01186764705882352,2026,NA,Orlando City SC,0.21108432719581333,1,0.24440248298195022,0.2606959818555603,0.058400000001825,48.226950354609926,0.1506352941223544,99.29078014184397,0.09689411765008675,17.73049645390071,0.018823529412352942,84.39716312056737,0.027811764706751466,48.93617021276596,0.012658823529807342,73.75886524822695,73.04964539007092,NA,NA,NA,535000,NA,FALSE,FALSE,NA,Insufficient,49,51,Insufficient Evidence,Strikers,1.1.0,2026-08-01 14:43:31 UTC,NA,NA,NA,Performance data through: 2026-08-01 (updates every day) · MLSPA compensation as of: 2026-04-16,FALSE,2026-08-01 14:43:25 UTC
7vQ73eoDQD,asa_7vQ73eoDQD_mls_blended,Nemanja Radoja,nemanja radoja,1993-02-06,Serbia,CM,NA,32.39698836413415,mls,Z2vQ1xlqrA,CM,asa_live,TRUE,NA,mlspa_via_asa,0,NA,1232,1390000,TRUE,0,1,blended,2025+2026 season to date,1232,0.15300730519480518,0.01141801948051948,0.02702922077922077,0.01350730519480519,0.00619480519480519,0.09557386363636364,-7.159090909090909e-4,2026,1390000,Sporting Kansas City,0.13644825463003651,1,0.14758403535918224,0.15742297105471387,0.01217922077960138,38.20754716981132,0.028831168832069796,63.679245283018865,0.014407792208242447,28.30188679245283,0.006607792207998696,56.60377358490566,0.10194545454864035,89.62264150943396,-7.636363636602273e-4,53.301886792452834,66.98113207547169,1390000,93.93939393939394,88.25466520307354,535541.5,-26.958261863922246,FALSE,FALSE,NA,Low,41,59,Insufficient Evidence,Central and defensive midfielders,1.1.0,2026-08-01 14:43:31 UTC,NA,NA,NA,Performance data through: 2026-08-01 (updates every day) · MLSPA compensation as of: 2026-04-16,FALSE,2026-08-01 14:43:25 UTC
7vQ73orEQD,asa_7vQ73orEQD_mls_blended,DeAndre Yedlin,deandre yedlin,1993-07-09,USA,CB,NA,32.97741273100616,mls,a2lqR4JMr0,CB,asa_live,TRUE,NA,mlspa_via_asa,915,726667,2985,726667,TRUE,0.56656346749226,0.43343653250773995,blended,2025+2026 season to date,2208.8080495356035,0.10511012026074645,0.004132212144312891,0.033544888529333974,0.011195693638470991,0.007861197629011928,0.0483675591580192,8.56916159746099e-6,2026,726667,Real Salt Lake,0.13407640205361335,1,0.11129771612675576,0.11871756387224941,0.004407692954071491,23.56020942408377,0.03578121443240773,27.74869109947644,0.011942073214742248,38.21989528795812,0.008385277471208097,71.20418848167539,0.0515920631034994,26.701570680628272,9.140439037577361e-6,79.58115183246073,20.94240837696335,726667,66.29834254143647,68.82546652030736,501667,-45.35593416447312,TRUE,FALSE,14.43298969072165,High,20.75,79.25,Below Expected Value by Current Model,Center backs,1.1.0,2026-08-01 14:43:31 UTC,84,84,376,Performance data through: 2026-08-01 (updates every day) · MLSPA compensation as of: 2026-04-16,FALSE,2026-08-01 14:43:25 UTC
7vQ7BmAzqD,asa_7vQ7BmAzqD_mls_blended,Hassani Dotson,hassani dotson,1997-08-06,USA,CM,NA,28.90075290896646,mls,jYQJ19EqGR,CM,asa_live,TRUE,NA,mlspa_via_asa,927,828125,529,828125,TRUE,0.5697602950215119,0.43023970497848807,blended,2025+2026 season to date,1154.59680393362,0.10110493526652671,0.013741358897526729,0.0242935889287926,0.02551324006631942,-0.005279916066658685,0.04689099935748702,-0.00405433591694038,2026,828125,Seattle Sounders FC,0.13644825463003651,1,0.1131908980190886,0.12073695789080087,0.014657449491153222,46.22641509433962,0.025913161524855226,58.9622641509434,0.027214122738257823,55.660377358490564,-0.005631910471278594,25,0.050017065982882525,32.075471698113205,-0.0043246249782048825,33.9622641509434,25,828125,77.77777777777777,75.85071350164654,535541.5,-52.77777777777777,TRUE,FALSE,11.764705882352942,High,20.75,79.25,Below Expected Value by Current Model,Central and defensive midfielders,1.1.0,2026-08-01 14:43:31 UTC,91,91,387,Performance data through: 2026-08-01 (updates every day) · MLSPA compensation as of: 2026-04-16,FALSE,2026-08-01 14:43:25 UTC
7vQ7J8JYqD,asa_7vQ7J8JYqD_mls_blended,Joseph Paintsil,joseph paintsil,1998-02-01,Ghana,W,NA,28.410677618069816,mls,kaDQ0wRqEv,W,asa_live,TRUE,NA,mlspa_via_asa,1213,4502000,2213,4502000,TRUE,0.6340825927861997,0.3659174072138003,blended,2025+2026 season to date,2022.77522216414,0.32835274735683667,0.06612330667828203,-0.013222528616602596,0.14980452059528485,0.08350492019665195,0.030736348606780865,0.011406179896439534,2026,4502000,LA Galaxy,0.20277985605674193,1,0.2996260253170089,0.31960109368146367,0.07053152712570494,82.53275109170306,-0.014104030524816853,41.48471615720524,0.15979148863996398,87.33624454148472,0.08907191487921225,90.82969432314411,0.03278543851492413,40.17467248908297,0.01216659188991571,75.9825327510917,93.44978165938865,4502000,95.30516431924883,97.8046103183315,520000,-1.855382659860183,TRUE,FALSE,58.333333333333336,High,20.75,79.25,Fair Value,Wingers and attacking midfielders,1.1.0,2026-08-01 14:43:31 UTC,41,41,185,Performance data through: 2026-08-01 (updates every day) · MLSPA compensation as of: 2026-04-16,FALSE,2026-08-01 14:43:25 UTC
7vQ7J8VDqD,asa_7vQ7J8VDqD_mls_blended,Derek Dodson,derek dodson,1998-11-03,USA,FB,NA,26.65845311430527,mls,EKXMeX3Q64,FB,asa_live,TRUE,NA,mlspa_via_asa,0,NA,659,110250,TRUE,0,1,blended,2025+2026 season to date,659,0.12593171471927164,0.00367374810318664,0.0093823975720789,0.024610015174506825,0.015254931714719271,0.07910166919575115,-0.006091047040971161,2026,110250,D.C. United,0.11638469243644946,1,0.1213819026702698,0.1294740295190005,0.00391866464352154,22.164948453608247,0.010007890743863573,42.78350515463917,0.026250682853627614,51.54639175257732,0.01627192716287572,77.83505154639175,0.08437511381143795,86.08247422680412,-0.006497116843905607,26.288659793814432,57.7319587628866,110250,17.83783783783784,14.709110867178925,343925,39.89412092504876,FALSE,FALSE,NA,Low,41,59,Insufficient Evidence,Fullbacks and wingbacks,1.1.0,2026-08-01 14:43:31 UTC,NA,NA,NA,Performance data through: 2026-08-01 (updates every day) · MLSPA compensation as of: 2026-04-16,FALSE,2026-08-01 14:43:25 UTC
7vQ7eEPE5D,asa_7vQ7eEPE5D_mls_blended,Allan Oyirwoth,allan oyirwoth,2007-01-23,Uganda,CM,NA,18.43668720054757,mls,19vQ2095K6,CM,asa_live,TRUE,NA,mlspa_via_asa,0,NA,308,120000,TRUE,0,1,blended,2025+2026 season to date,308,0.1305,0.026707792207792198,-0.02346428571428571,0.00300974025974026,0.00818181818181818,0.13014935064935065,-0.01408441558441558,2026,120000,New England Revolution,0.13644825463003651,1,0.13443056473350432,0.14339260238688561,0.028488311689201937,78.30188679245283,-0.025028571429353566,9.433962264150944,0.003210389610489935,6.132075471698113,0.008727272727545454,61.79245283018868,0.13882597403031233,96.69811320754717,-0.015023376623846098,12.264150943396226,50,120000,17.424242424242426,20.52689352360044,535541.5,32.57575757575758,FALSE,FALSE,NA,Low,41,59,Insufficient Evidence,Central and defensive midfielders,1.1.0,2026-08-01 14:43:31 UTC,NA,NA,NA,Performance data through: 2026-08-01 (updates every day) · MLSPA compensation as of: 2026-04-16,FALSE,2026-08-01 14:43:25 UTC
7vQ7eNPO5D,asa_7vQ7eNPO5D_mls_blended,Mohammed Sofo,mohammed sofo,2004-11-30,Ghana,W,NA,21.582477754962355,mls,a2lqRX2Mr0,W,asa_live,TRUE,NA,mlspa_via_asa,382,208000,1751,208000,TRUE,0.35304990757855825,0.6469500924214417,blended,2025+2026 season to date,1514.8096118299445,0.11111688646888868,0.0566515811931075,-0.05233850421887255,0.083369094607676,-0.015520796143951535,0.044396002389973085,-0.005440491359043836,2026,208000,New York Red Bulls,0.20277985605674193,1,0.13712290679575978,0.14626443392004787,0.060428353274536384,73.36244541484716,-0.055827737835208675,12.22707423580786,0.0889270342509667,51.52838427947598,-0.016555515887398998,21.83406113537118,0.047355735884117824,68.5589519650655,-0.005803190783161442,11.353711790393014,4.366812227074236,208000,29.107981220657276,30.13172338090011,520000,-24.741168993583038,FALSE,TRUE,NA,Low,41,59,Small-Sample Watchlist,Wingers and attacking midfielders,1.1.0,2026-08-01 14:43:31 UTC,NA,NA,NA,Performance data through: 2026-08-01 (updates every day) · MLSPA compensation as of: 2026-04-16,FALSE,2026-08-01 14:43:25 UTC
7vQ7ew0z5D,asa_7vQ7ew0z5D_mls_blended,Rodolfo Aloko,rodolfo aloko,2006-12-26,Benin,W,NA,19.512662559890487,mls,NPqxKXZ59d,W,asa_live,TRUE,NA,mlspa_via_asa,317,251667,0,NA,FALSE,1,0,blended,2025+2026 season to date,317,0.1701198738170347,0.0344384858044164,-0.07435646687697162,0.1760820189274448,3.123028391167193e-4,0.03176971608832808,0.0018738170347003102,2026,251667,Charlotte FC,0.20277985605674193,1,0.19148954594770462,0.20425551568393457,0.03673438485919211,38.8646288209607,-0.07931356467124827,6.550218340611353,0.18782082019514384,91.70305676855895,3.331230284015773e-4,35.80786026200873,0.03388769716194227,44.10480349344978,0.001998738170409458,52.838427947598255,41.92139737991266,251667,30.985915492957748,32.93084522502744,520000,10.935481886954914,FALSE,TRUE,NA,Low,49,51,Small-Sample Watchlist,Wingers and attacking midfielders,1.1.0,2026-08-01 14:43:31 UTC,NA,NA,NA,Performance data through: 2026-08-01 (updates every day) · MLSPA compensation as of: 2026-04-16,FALSE,2026-08-01 14:43:25 UTC
7vQ7rA7YqD,asa_7vQ7rA7YqD_mls_blended,Will Sands,will sands,2000-07-06,USA,FB,NA,25.984941820670773,mls,19vQ2095K6,FB,asa_live,TRUE,NA,mlspa_via_asa,1544,333333,883,333333,TRUE,0.6880570409982175,0.3119429590017825,blended,2025+2026 season to date,1819.445632798574,0.11447412049345632,0.011622499560928043,-0.016349028893962603,0.036280834963451046,0.012649750788815473,0.05703031413327196,0.013239749940952386,2026,333333,New England Revolution,0.11638469243644946,1,0.11494792455429398,0.12261111952841185,0.01239733286537733,50.51546391752577,-0.017438964154105077,15.463917525773196,0.038699557295557144,67.01030927835052,0.013493067508491496,72.68041237113403,0.0608323350773911,58.24742268041237,0.014122399937457203,95.87628865979381,47.422680412371136,333333,49.189189189189186,39.18770581778266,343925,-1.7665087768180499,TRUE,FALSE,63.41463414634146,High,14,86,Fair Value,Fullbacks and wingbacks,1.1.0,2026-08-01 14:43:31 UTC,31,31,163,Performance data through: 2026-08-01 (updates every day) · MLSPA compensation as of: 2026-04-16,FALSE,2026-08-01 14:43:25 UTC
7vQ7rVvGqD,asa_7vQ7rVvGqD_mls_blended,Kevin O'Toole,kevin otoole,1998-12-14,USA,FB,NA,27.54551676933607,mls,Vj58weDM8n,FB,asa_live,TRUE,NA,mlspa_via_asa,1014,323333,2582,323333,TRUE,0.5915985997666278,0.40840140023337224,blended,2025+2026 season to date,2068.492415402567,0.07475591632945794,0.0087176891991681,-0.0011071822065877486,0.029831694063650424,0.004327652530262918,0.043074828247258876,-0.01008876550429461,2026,323333,New York City FC,0.11638469243644946,1,0.08411598253014334,0.08972371470162342,0.009298868479403229,37.11340206185567,-0.0011809943537305046,28.350515463917525,0.031820473668888176,59.27835051546392,0.004616162699091368,51.03092783505155,0.04594648346517863,36.597938144329895,-0.010761349871583876,18.04123711340206,11.855670103092784,323333,47.027027027027025,38.090010976948406,343925,-35.17135692393424,TRUE,FALSE,19.51219512195122,High,20.75,79.25,Below Expected Value by Current Model,Fullbacks and wingbacks,1.1.0,2026-08-01 14:43:31 UTC,67,67,354,Performance data through: 2026-08-01 (updates every day) · MLSPA compensation as of: 2026-04-16,FALSE,2026-08-01 14:43:25 UTC
7vQ7w3kLQD,asa_7vQ7w3kLQD_mls_blended,Max Floriani,max floriani,2003-02-06,USA,CB,NA,23.397672826830934,mls,0KPqjA456v,CB,asa_live,TRUE,NA,mlspa_via_asa,176,90525,931,90525,TRUE,0.2009132420091324,0.7990867579908676,blended,2025+2026 season to date,919.9497716894978,0.1171773612112473,0,0.03819778040992893,8.036873004428859e-4,-1.8802142342156758e-4,0.07980520650942424,-0.0014412915851272,2026,90525,San Jose Earthquakes,0.13407640205361335,1,0.12384825566728525,0.13210480604923253,0,6.806282722513089,0.04074429910519745,37.17277486910995,8.572664538325346e-4,10.471204188481675,-2.005561849892728e-4,36.12565445026178,0.08512555361271269,63.35078534031414,-0.0015373776908503898,64.3979057591623,30.89005235602094,90525,7.18232044198895,7.574094401756311,501667,23.707731914031992,FALSE,TRUE,NA,Low,41,59,Small-Sample Watchlist,Center backs,1.1.0,2026-08-01 14:43:31 UTC,NA,NA,NA,Performance data through: 2026-08-01 (updates every day) · MLSPA compensation as of: 2026-04-16,FALSE,2026-08-01 14:43:25 UTC
7vQ7wYXeQD,asa_7vQ7wYXeQD_mls_blended,Nico Cavallo,nico cavallo,2001-12-27,USA,FB,NA,24.50924024640657,mls,Vj58weDM8n,FB,asa_live,TRUE,NA,mlspa_via_asa,799,115248,386,115248,TRUE,0.5330220146764509,0.46697798532354906,blended,2025+2026 season to date,979.25350233489,0.09836239358190435,0.004442339798207438,0.029975589944246074,0.011703854383060208,0.0039187472131680156,0.07489732014780147,-0.02657545790457887,2026,115248,New York City FC,0.11638469243644946,1,0.10520953958901451,0.1122235088984558,0.004738495784902678,23.711340206185568,0.031973962608194996,69.0721649484536,0.012484111342321018,24.742268041237114,0.004179997027509841,50,0.07989047482681814,80.9278350515464,-0.02834715509910331,6.701030927835052,35.05154639175258,115248,21.62162162162162,18.331503841931944,343925,13.42992477013096,TRUE,FALSE,78.04878048780488,Medium,29.75,70.25,Fair Value,Fullbacks and wingbacks,1.1.0,2026-08-01 14:43:31 UTC,19,19,99,Performance data through: 2026-08-01 (updates every day) · MLSPA compensation as of: 2026-04-16,FALSE,2026-08-01 14:43:25 UTC
7vQ7x6aOMD,asa_7vQ7x6aOMD_mls_blended,Jeevan Badwal,jeevan badwal,2006-03-11,Canada,W,NA,20.306639288158795,mls,lgpMOvnQzy,W,asa_live,TRUE,NA,mlspa_via_asa,1166,113400,1115,113400,TRUE,0.62486602357985,0.37513397642015,blended,2025+2026 season to date,1584.2743837084672,0.18637265871699857,0.02661992271423009,-0.011741107089815867,0.10165770766945913,0.012044879096794664,0.032987931307946305,0.024803325018384205,2026,113400,Vancouver Whitecaps FC,0.20277985605674193,1,0.1908795642950113,0.20360486858770804,0.028394584229399427,27.94759825327511,-0.012523847562861628,43.66812227074236,0.108434888184145,67.68558951965065,0.012847871036982471,47.161572052401745,0.035187126729575656,46.724890829694324,0.026456880020436595,91.70305676855895,41.048034934497814,113400,17.6056338028169,16.41053787047201,520000,23.442401131680914,TRUE,FALSE,89.58333333333333,High,20.75,79.25,Fair Value,Wingers and attacking midfielders,1.1.0,2026-08-01 14:43:31 UTC,11,11,49,Performance data through: 2026-08-01 (updates every day) · MLSPA compensation as of: 2026-04-16,FALSE,2026-08-01 14:43:25 UTC
7vQ7xGkYMD,asa_7vQ7xGkYMD_mls_blended,Oscar Verhoeven,oscar verhoeven,2006-05-31,USA,FB,NA,20.084873374401095,mls,zeQZBOzQKw,FB,asa_live,TRUE,NA,mlspa_via_asa,1233,188395,1156,188395,TRUE,0.6378685980341439,0.36213140196585614,blended,2025+2026 season to date,1651.6239006725298,0.06081544545026554,0.00500932985104817,-0.009906674638450366,0.014132511809994681,-0.002168073364277697,0.05181161111777415,0.0019367406741766058,2026,188395,San Diego FC,0.11638469243644946,1,0.07562322404142,0.08066477231336877,0.005343285174618359,25.77319587628866,-0.01056711961467728,20.103092783505154,0.01507467926446541,30.927835051546392,-0.002312611588635146,32.47422680412371,0.05526571852735281,50.51546391752577,0.002065856719186271,75.25773195876289,8.762886597938145,188395,35.13513513513514,28.649835345773877,343925,-26.37224853719699,TRUE,FALSE,28.048780487804876,High,20.75,79.25,Below Expected Value by Current Model,Fullbacks and wingbacks,1.1.0,2026-08-01 14:43:31 UTC,60,60,316,Performance data through: 2026-08-01 (updates every day) · MLSPA compensation as of: 2026-04-16,FALSE,2026-08-01 14:43:25 UTC
7vQ7xNzdMD,asa_7vQ7xNzdMD_mls_blended,Frankie Westfield,frankie westfield,2005-12-09,USA,FB,NA,20.55852156057495,mls,9z5k7Yg5A3,FB,asa_live,TRUE,NA,mlspa_via_asa,1204,125285,2129,125285,TRUE,0.6323529411764706,0.36764705882352944,blended,2025+2026 season to date,1986.7205882352941,0.1814239974876752,0.020834453732173935,0.06697526628077252,0.03173481035204123,8.147791996084477e-4,0.057085209847208024,0.003979478075871018,2026,125285,Philadelphia Union,0.11638469243644946,1,0.16633787523379928,0.17742706692159715,0.022223417315013348,72.68041237113403,0.07144028403505653,94.84536082474227,0.033850464376568475,61.855670103092784,8.690978129428368e-4,44.329896907216494,0.0608908905055914,58.76288659793814,0.004244776614395068,84.5360824742268,91.75257731958763,125285,28.10810810810811,21.95389681668496,343925,63.64446921147952,TRUE,FALSE,95.1219512195122,High,20.75,79.25,Elite Value,Fullbacks and wingbacks,1.1.0,2026-08-01 14:43:31 UTC,5,5,23,Performance data through: 2026-08-01 (updates every day) · MLSPA compensation as of: 2026-04-16,FALSE,2026-08-01 14:43:25 UTC
7vQ7xWmYMD,asa_7vQ7xWmYMD_mls_blended,Édier Ocampo,edier ocampo,2003-10-03,Colombia,FB,NA,22.74332648870637,mls,lgpMOvnQzy,FB,asa_live,TRUE,NA,mlspa_via_asa,1318,453799,2968,453799,TRUE,0.6531219028741329,0.34687809712586715,blended,2025+2026 season to date,2347.5341922695734,0.16678227555771638,0.017412981281672492,0.018994086242683776,0.04088695607457411,-0.001239378611365631,0.079247863567515,0.011479767002636651,2026,453799,Vancouver Whitecaps FC,0.11638469243644946,1,0.1565233445664946,0.16695823420947836,0.01857384670103109,67.52577319587628,0.020260358659495832,55.670103092783506,0.04361275314757528,73.71134020618557,-0.0013220038521646524,35.56701030927835,0.08453105447465759,86.5979381443299,0.012245084803195087,93.81443298969072,86.5979381443299,453799,64.32432432432432,49.39626783754117,343925,22.27361382000558,TRUE,FALSE,82.92682926829268,High,20.75,79.25,Strong Value,Fullbacks and wingbacks,1.1.0,2026-08-01 14:43:31 UTC,15,15,77,Performance data through: 2026-08-01 (updates every day) · MLSPA compensation as of: 2026-04-16,FALSE,2026-08-01 14:43:25 UTC
7vQ7xgKOMD,asa_7vQ7xgKOMD_mls_blended,Sergio Oregel,sergio oregel,2005-05-16,USA,CM,NA,21.125256673511295,mls,X0Oq66zq6D,CM,asa_live,TRUE,NA,mlspa_via_asa,50,392500,2350,392500,TRUE,0.15,0.85,blended,2025+2026 season to date,2047.5,0.08212653191489361,0.011341531914893612,0.0459189574468085,0.019487297872340423,-0.003506936170212769,0.024344617021276597,-0.015458936170212765,2026,392500,Chicago Fire FC,0.13644825463003651,1,0.09443740391832543,0.10073323084936171,0.012097634042931238,37.735849056603776,0.04898022127812637,77.35849056603773,0.02078645106447936,43.39622641509434,-0.003740731915010518,26.88679245283019,0.025967591490173192,10.849056603773585,-0.016489531915408914,10.849056603773585,9.90566037735849,392500,41.91919191919192,43.74313940724478,535541.5,-32.01353154183343,FALSE,TRUE,NA,Low,41,59,Small-Sample Watchlist,Central and defensive midfielders,1.1.0,2026-08-01 14:43:31 UTC,NA,NA,NA,Performance data through: 2026-08-01 (updates every day) · MLSPA compensation as of: 2026-04-16,FALSE,2026-08-01 14:43:25 UTC
7vQ7xpBzMD,asa_7vQ7xpBzMD_mls_blended,Taha Habroune,taha habroune,2006-02-05,USA,CM,NA,20.399726214921287,mls,mvzqoLZQap,CM,asa_live,TRUE,NA,mlspa_via_asa,1244,152000,835,152000,TRUE,0.6399176954732511,0.36008230452674894,blended,2025+2026 season to date,1544.6687242798353,0.20096218673763583,0.02590951430472388,0.03966627855400309,0.06039617986249723,0.0013387391882900817,0.06469580283876691,0.008955671989354628,2026,152000,Columbus Crew,0.13644825463003651,1,0.18291354415412558,0.1951077804371644,0.027636815259235788,77.35849056603773,0.04231069712559218,75,0.06442259185534358,88.67924528301887,0.001427988467554045,42.924528301886795,0.0690088563635079,64.62264150943396,0.009552716788943458,89.62264150943396,91.98113207547169,152000,22.22222222222222,25.686059275521405,535541.5,69.75890985324946,TRUE,FALSE,98.03921568627452,High,20.75,79.25,Elite Value,Central and defensive midfielders,1.1.0,2026-08-01 14:43:31 UTC,3,3,11,Performance data through: 2026-08-01 (updates every day) · MLSPA compensation as of: 2026-04-16,FALSE,2026-08-01 14:43:25 UTC
9Yqd4X9qvJ,asa_9Yqd4X9qvJ_mls_blended,James Rodríguez,james rodriguez,1991-07-12,Colombia,W,NA,34.97056810403833,mls,kRQand1MKZ,W,asa_live,TRUE,NA,mlspa_via_asa,220,684000,0,NA,FALSE,1,0,blended,2025+2026 season to date,220,0.39698181818181816,0.05052272727272727,0.2953636363636364,0.07613181818181818,-0.06852272727272728,0.03608181818181818,0.00740454545454545,2026,684000,Minnesota United FC,0.20277985605674193,1,0.25488282150493313,0.2718750096137581,0.05389090909259318,61.1353711790393,0.31505454546439093,100,0.08120727272981045,44.97816593886463,-0.07309090909319318,7.423580786026201,0.03848727272847545,52.40174672489083,0.007898181818428631,69.86899563318778,85.1528384279476,684000,62.91079812206573,66.19099890230515,520000,22.242040305881872,FALSE,TRUE,NA,Low,49,51,Small-Sample Watchlist,Wingers and attacking midfielders,1.1.0,2026-08-01 14:43:31 UTC,NA,NA,NA,Performance data through: 2026-08-01 (updates every day) · MLSPA compensation as of: 2026-04-16,FALSE,2026-08-01 14:43:25 UTC
9Yqd6pKkMv,asa_9Yqd6pKkMv_mls_blended,Xande Silva,xande silva,1997-03-16,Portugal,W,NA,28.292950034223136,mls,wvq9B9wQWn,W,asa_live,TRUE,NA,mlspa_via_asa,0,NA,555,629250,TRUE,0,1,blended,2025+2026 season to date,555,0.1619189189189189,0.04723783783783784,0.03012972972972972,0.0507081081081081,0.02015675675675675,0.02033513513513513,-0.00664864864864864,2026,629250,St. Louis City SC,0.20277985605674193,1,0.18314537976973605,0.19535507176048997,0.05038702702860162,56.76855895196506,0.03213837837938269,81.22270742358079,0.05408864865033891,20.087336244541486,0.021500540541212424,56.76855895196506,0.02169081081148864,23.580786026200872,-0.007091891892113504,8.733624454148472,30.56768558951965,629250,58.21596244131455,62.56860592755214,520000,-27.6482768517949,FALSE,FALSE,NA,Low,41,59,Insufficient Evidence,Wingers and attacking midfielders,1.1.0,2026-08-01 14:43:31 UTC,NA,NA,NA,Performance data through: 2026-08-01 (updates every day) · MLSPA compensation as of: 2026-04-16,FALSE,2026-08-01 14:43:25 UTC
9Yqd6yrkMv,asa_9Yqd6yrkMv_mls_blended,Sergio Santos,sergio santos,1994-09-04,Brazil,W,NA,31.822039698836413,mls,KAqBN0Vqbg,W,asa_live,TRUE,NA,mlspa_via_asa,51,171000,767,171000,TRUE,0.15,0.85,blended,2025+2026 season to date,702.9499999999999,0.20322623283994173,0.05149437073395198,-0.0532619295958279,0.14208269422501726,-0.00470020323644451,0.06250658409387223,0.005104716619372649,2026,171000,Atlanta United FC,0.20277985605674193,1,0.2030206792347229,0.21655539119047176,0.05492732878459859,65.50218340611353,-0.05681272490399182,11.790393013100436,0.1515548738447545,84.71615720524018,-0.005013550119030818,29.694323144104803,0.06667368970221393,89.51965065502183,0.005445031060834316,62.44541484716157,54.585152838427945,171000,27.699530516431924,27.66190998902305,520000,26.88562232199602,FALSE,TRUE,NA,Low,41,59,Small-Sample Watchlist,Wingers and attacking midfielders,1.1.0,2026-08-01 14:43:31 UTC,NA,NA,NA,Performance data through: 2026-08-01 (updates every day) · MLSPA compensation as of: 2026-04-16,FALSE,2026-08-01 14:43:25 UTC
9YqdWjPm5v,asa_9YqdWjPm5v_mls_blended,Luis Otávio,luis otavio,2007-04-12,Brazil,CM,NA,19.21971252566735,mls,jYQJ8EW5GR,CM,asa_live,TRUE,NA,mlspa_via_asa,596,569000,0,NA,FALSE,1,0,blended,2025+2026 season to date,596,0.05718624161073825,0.01522147651006711,0.00918120805369127,0.0208993288590604,-0.01636912751677852,0.06993120805369128,-0.04167785234899329,2026,569000,Orlando City SC,0.13644825463003651,1,0.09694979329266046,0.10341311284873615,0.016236241611245632,51.886792452830186,0.009793288590910061,41.0377358490566,0.022292617450361072,47.64150943396226,-0.017460402685109393,12.735849056603774,0.07459328859293507,74.05660377358491,-0.044456375840315435,1.8867924528301887,10.377358490566039,569000,54.54545454545455,58.06805708013172,535541.5,-44.16809605488851,TRUE,FALSE,19.607843137254903,Low,37.75,62.25,Below Expected Value by Current Model,Central and defensive midfielders,1.1.0,2026-08-01 14:43:31 UTC,83,83,352,Performance data through: 2026-08-01 (updates every day) · MLSPA compensation as of: 2026-04-16,FALSE,2026-08-01 14:43:25 UTC
9YqdY2mRQv,asa_9YqdY2mRQv_mls_blended,Mathieu Choinière,mathieu choiniere,1999-02-07,Canada,CM,NA,27.394934976043807,mls,eVq3ya6MWO,CM,asa_live,TRUE,NA,mlspa_via_asa,1117,725000,825,725000,TRUE,0.6147495872317006,0.3852504127682994,blended,2025+2026 season to date,1434.831590533847,0.15431635563116025,0.02041642067343773,0.05125231400410267,0.014191724621003644,0.014024816130484811,0.05778095762245458,-0.003349877420323203,2026,725000,Los Angeles FC,0.13644825463003651,1,0.14904768344691252,0.15898419568167493,0.021777515385680794,66.98113207547169,0.05466913493941793,78.77358490566037,0.015137839596210277,30.660377358490567,0.014959803872984626,75.47169811320755,0.06163302146587758,52.83018867924528,-0.003573202581789746,36.79245283018868,68.86792452830188,725000,68.18181818181819,68.71569703622393,535541.5,0.6861063464836974,TRUE,FALSE,55.88235294117647,High,20.75,79.25,Fair Value,Central and defensive midfielders,1.1.0,2026-08-01 14:43:31 UTC,46,46,195,Performance data through: 2026-08-01 (updates every day) · MLSPA compensation as of: 2026-04-16,FALSE,2026-08-01 14:43:25 UTC
9YqddY89qv,asa_9YqddY89qv_mls_blended,Cesar Ruvalcaba,cesar ruvalcaba,2001-07-13,USA,CB,NA,23.967145790554415,mls,mvzqoLZQap,CB,asa_live,TRUE,NA,mlspa_via_asa,0,NA,374,80622,TRUE,0,1,blended,2025+2026 season to date,374,0.17167379679144387,0.0315,0.0069304812834224605,0.014366310160427798,0.02632620320855615,0.09103475935828878,0.00151604278074866,2026,80622,Columbus Crew,0.13407640205361335,1,0.1485131840165996,0.15841406295599,0.03360000000105,98.95287958115183,0.0073925133692149736,6.806282722513089,0.015324064171601861,47.12041884816754,0.028081283423337433,96.33507853403141,0.09710374331854252,75.39267015706807,0.001617112299515772,89.52879581151832,63.35078534031414,80622,1.3812154696132597,1.0428100987925357,501667,61.96956987070088,FALSE,FALSE,NA,Low,41,59,Insufficient Evidence,Center backs,1.1.0,2026-08-01 14:43:31 UTC,NA,NA,NA,Performance data through: 2026-08-01 (updates every day) · MLSPA compensation as of: 2026-04-16,FALSE,2026-08-01 14:43:25 UTC
9YqdoXJL5v,asa_9YqdoXJL5v_mls_blended,Woobens Pacius,woobens pacius,2001-05-11,Canada,FW,NA,25.13894592744695,mls,vzqoOgNqap,FW,asa_live,TRUE,NA,mlspa_via_asa,303,113400,0,NA,FALSE,1,0,blended,2025+2026 season to date,303,0.09020792079207922,0.0313069306930693,-0.00228712871287128,0.0847128712871287,-0.04292079207920792,0.01797029702970297,0.00142574257425742,2026,113400,Nashville SC,0.21108432719581333,1,0.17052446989755038,0.18189276789640454,0.03339405940698415,17.02127659574468,-0.0024396039604722697,84.39716312056737,0.09036039604242771,15.602836879432624,-0.04578217821925247,34.04255319148936,0.019168316832282175,26.24113475177305,0.0015207920792554394,42.5531914893617,14.893617021276595,113400,20.895522388059703,16.41053787047201,535000,-6.001905366783108,FALSE,TRUE,NA,Low,49,51,Small-Sample Watchlist,Strikers,1.1.0,2026-08-01 14:43:31 UTC,NA,NA,NA,Performance data through: 2026-08-01 (updates every day) · MLSPA compensation as of: 2026-04-16,FALSE,2026-08-01 14:43:25 UTC
9Yqdwg885v,asa_9Yqdwg885v_mls_blended,Gilberto Flores,gilberto flores,2003-04-01,Paraguay,CB,NA,23.249828884325805,mls,NWMWlBK5lz,CB,asa_live,TRUE,NA,mlspa_via_asa,352,436672,1349,436672,TRUE,0.33460076045627374,0.6653992395437263,blended,2025+2026 season to date,1249.6235741444866,0.10354720306870885,0.00927375237857644,0.035318310000084556,0.012940130275348304,-0.012684364139610525,0.06432224052741503,-0.005622865973104987,2026,436672,FC Cincinnati,0.13407640205361335,1,0.11345057997577232,0.12101395197793882,0.009892002537457329,57.068062827225134,0.03767286400126747,31.413612565445025,0.013802805627469529,42.931937172774866,-0.013529988416007372,12.565445026178011,0.06861038989805344,43.455497382198956,-0.005997723704832748,41.361256544502616,24.083769633507853,436672,43.0939226519337,47.09110867178924,501667,-19.01015301842585,FALSE,TRUE,NA,Low,41,59,Small-Sample Watchlist,Center backs,1.1.0,2026-08-01 14:43:31 UTC,NA,NA,NA,Performance data through: 2026-08-01 (updates every day) · MLSPA compensation as of: 2026-04-16,FALSE,2026-08-01 14:43:25 UTC
9Yqdwlrj5v,asa_9Yqdwlrj5v_mls_blended,Marco Pašalić,marco pasalic,2000-09-14,Croatia,W,NA,25.793292265571527,mls,jYQJ8EW5GR,W,asa_live,TRUE,NA,mlspa_via_asa,737,1650667,2876,1650667,TRUE,0.5128740431454419,0.48712595685455806,blended,2025+2026 season to date,2137.974251913709,0.20462488494516565,0.06513980214923883,0.018151854959770723,0.07257694083350513,0.0315262150806763,0.027860380777059292,-0.01063030885508462,2026,1650667,Orlando City SC,0.20277985605674193,1,0.20422056509727793,0.2178352694439038,0.06948245562802607,80.78602620087337,0.0193619786243605,71.17903930131004,0.07741540355815804,41.048034934497814,0.033627962753772264,65.93886462882097,0.02971773949645859,33.18777292576419,-0.011338996112444604,4.366812227074236,56.33187772925764,1650667,82.62910798122066,91.10867178924259,520000,-26.297230251963015,TRUE,FALSE,34.375,Medium,29.75,70.25,Below Expected Value by Current Model,Wingers and attacking midfielders,1.1.0,2026-08-01 14:43:31 UTC,64,64,288,Performance data through: 2026-08-01 (updates every day) · MLSPA compensation as of: 2026-04-16,FALSE,2026-08-01 14:43:25 UTC
9vQ229oLQK,asa_9vQ229oLQK_mls_blended,Erik Thommy,erik thommy,1994-08-20,Germany,W,NA,31.863107460643395,mls,kaDQ0wRqEv,W,asa_live,TRUE,NA,mlspa_via_asa,511,706667,1414,706667,TRUE,0.42196531791907516,0.5780346820809248,blended,2025+2026 season to date,1328.3410404624276,0.22752521850038016,0.07606074678483538,-0.018188298681230626,0.05975867256420109,0.05034763839720058,0.044862915028084135,0.014683544407289605,2026,706667,LA Galaxy,0.20277985605674193,1,0.21982574151231454,0.23448079095379637,0.08113146323969309,89.51965065502183,-0.01940085192725228,37.11790393013101,0.06374258407047312,27.510917030567686,0.05370414762535887,77.7292576419214,0.04785377603145184,69.43231441048034,0.01566244736826503,82.96943231441048,69.86899563318778,706667,63.84976525821596,67.50823271130626,520000,6.019230374971819,TRUE,FALSE,69.79166666666667,Medium,29.75,70.25,Undervalued,Wingers and attacking midfielders,1.1.0,2026-08-01 14:43:31 UTC,30,30,134,Performance data through: 2026-08-01 (updates every day) · MLSPA compensation as of: 2026-04-16,FALSE,2026-08-01 14:43:25 UTC
9vQ22BR7QK,asa_9vQ22BR7QK_mls_blended,Jesús Ferreira,jesus ferreira,2000-12-24,USA,W,NA,25.516769336071185,mls,jYQJ19EqGR,W,asa_live,TRUE,NA,mlspa_via_asa,1151,1882937,2630,1882937,TRUE,0.62182603997839,0.37817396002160997,blended,2025+2026 season to date,2145.597514856834,0.19007409210518209,0.04521963258992673,-9.59469036365092e-4,0.08542585551330799,0.013014709960498177,0.049053718779079436,-0.0016803557012651633,2026,1882937,Seattle Sounders FC,0.20277985605674193,1,0.19285070387354372,0.20570741747154167,0.04823427476409583,50.65502183406114,-0.0010234336388214138,52.838427947598255,0.09112091255037605,55.02183406113537,0.013882357291631878,48.03493449781659,0.05232396669931986,74.23580786026201,-0.0017923794147388526,23.14410480349345,44.10480349344978,1882937,84.50704225352112,92.42590559824369,520000,-40.40223876007134,TRUE,FALSE,19.791666666666668,High,20.75,79.25,Below Expected Value by Current Model,Wingers and attacking midfielders,1.1.0,2026-08-01 14:43:31 UTC,78,78,351,Performance data through: 2026-08-01 (updates every day) · MLSPA compensation as of: 2026-04-16,FALSE,2026-08-01 14:43:25 UTC
9vQ22OOoQK,asa_9vQ22OOoQK_mls_blended,Jackson Yueill,jackson yueill,1997-03-19,USA,CM,NA,29.284052019164957,mls,19vQ2095K6,CM,asa_live,TRUE,NA,mlspa_via_asa,225,1141087,813,1141087,TRUE,0.24324324324324326,0.7567567567567568,blended,2025+2026 season to date,840.2432432432432,0.05919674079984042,0.009709408596788673,-0.012845947940560482,0.027248652637877728,-0.019806462551112,0.057884124862870256,-0.002993034806023736,2026,1141087,New England Revolution,0.13644825463003651,1,0.09137943529645987,0.09747139765260317,0.010356702503564899,33.490566037735846,-0.013702344470359378,16.037735849056602,0.029065229481311197,58.9622641509434,-0.021126893388513014,8.962264150943396,0.06174306652232441,53.301886792452834,-0.0031925704598584196,38.20754716981132,7.547169811320755,1141087,89.8989898989899,84.85181119648738,535541.5,-82.35182008766914,FALSE,TRUE,NA,Low,41,59,Small-Sample Watchlist,Central and defensive midfielders,1.1.0,2026-08-01 14:43:31 UTC,NA,NA,NA,Performance data through: 2026-08-01 (updates every day) · MLSPA compensation as of: 2026-04-16,FALSE,2026-08-01 14:43:25 UTC
9vQ22jRLQK,asa_9vQ22jRLQK_mls_blended,Daniel Lovitz,daniel lovitz,1991-08-27,USA,FB,NA,34.84462696783025,mls,vzqoOgNqap,FB,asa_live,TRUE,NA,mlspa_via_asa,1443,427500,3192,427500,TRUE,0.6733551096593561,0.3266448903406439,blended,2025+2026 season to date,2485.6504899673355,0.09041975096397083,0.01011093646388486,0.0325826436132328,0.025770403025763194,0.0035822874966230313,0.03457979468035464,-0.01620631431588771,2026,427500,Nashville SC,0.11638469243644946,1,0.09546859396616454,0.10183316690042446,0.010784998895147549,42.78350515463917,0.034754819855201076,72.16494845360825,0.02748842989500642,53.09278350515464,0.0038211066631839764,48.96907216494845,0.036885114326864275,27.835051546391753,-0.017286735270820437,11.855670103092784,24.22680412371134,427500,58.91891891891892,45.99341383095499,343925,-34.69211479520758,TRUE,FALSE,20.73170731707317,High,20.75,79.25,Below Expected Value by Current Model,Fullbacks and wingbacks,1.1.0,2026-08-01 14:43:31 UTC,66,66,347,Performance data through: 2026-08-01 (updates every day) · MLSPA compensation as of: 2026-04-16,FALSE,2026-08-01 14:43:25 UTC
9vQ22nALQK,asa_9vQ22nALQK_mls_blended,Daniel Ríos,daniel rios,1995-02-22,Mexico,FW,NA,31.353867214236825,mls,APk5LGOMOW,FW,asa_live,TRUE,NA,mlspa_via_asa,543,237066,1779,237066,TRUE,0.43684633950120677,0.5631536604987932,blended,2025+2026 season to date,1544.8503620273532,0.18113011142329594,0.06360376150286462,-0.051902028085779525,0.22650896012611604,-0.06970908928108707,0.0012378689972446007,0.011390638163937272,2026,237066,CF Montréal,0.21108432719581333,1,0.1895094975947967,0.20214346410743347,0.06784401227184239,57.4468085106383,-0.055362163293228225,37.5886524822695,0.2416095574754074,73.04964539007092,-0.07435636190214985,18.43971631205674,0.0013203935971021698,11.347517730496454,0.012150014041912778,72.34042553191489,31.914893617021278,237066,35.07462686567164,32.491767288693744,535000,-3.1597332486503618,TRUE,FALSE,60.3448275862069,Medium,29.75,70.25,Fair Value,Strikers,1.1.0,2026-08-01 14:43:31 UTC,24,24,176,Performance data through: 2026-08-01 (updates every day) · MLSPA compensation as of: 2026-04-16,FALSE,2026-08-01 14:43:25 UTC
9vQ22pVaQK,asa_9vQ22pVaQK_mls_blended,Matt Polster,matt polster,1993-06-08,USA,CM,NA,33.06228610540725,mls,19vQ2095K6,CM,asa_live,TRUE,NA,mlspa_via_asa,748,733333,2585,733333,TRUE,0.5165745856353591,0.4834254143646409,blended,2025+2026 season to date,1997.6546961325969,0.10462873889951589,0.009598668743387793,0.03243262099661241,0.020806482896438223,0.0027997865394274154,0.03983916453829466,-8.479848146446212e-4,2026,733333,New England Revolution,0.13644825463003651,1,0.11197833369621316,0.11944355594635997,0.010238579993266935,33.0188679245283,0.034594795730800994,69.33962264150944,0.022193581756894322,46.698113207547166,0.0029864389754825694,47.64150943396226,0.04249510884217561,20.28301886792453,-9.045171356491954e-4,50.943396226415096,23.11320754716981,733333,69.6969696969697,69.26454445664105,535541.5,-46.583762149799895,TRUE,FALSE,15.686274509803921,Medium,29.75,70.25,Below Expected Value by Current Model,Central and defensive midfielders,1.1.0,2026-08-01 14:43:31 UTC,87,87,369,Performance data through: 2026-08-01 (updates every day) · MLSPA compensation as of: 2026-04-16,FALSE,2026-08-01 14:43:25 UTC
9vQ248BL5K,asa_9vQ248BL5K_mls_blended,Idan Toklomati,idan toklomati,2004-08-09,Israel,FW,NA,21.89185489390828,mls,NPqxKXZ59d,FW,asa_live,TRUE,NA,mlspa_via_asa,1371,781500,2346,781500,TRUE,0.6619990342829551,0.33800096571704485,blended,2025+2026 season to date,2163.950265572187,0.22935993459798631,0.04849413468912432,-0.05001931434089811,0.2335834289376742,-0.038917527517378585,0.025528625112841936,0.010690587716622556,2026,781500,Charlotte FC,0.21108432719581333,1,0.22539265465887579,0.24041883164364725,0.05172707700334908,36.170212765957444,-0.053353935298625296,39.716312056737586,0.24915565754130525,76.59574468085107,-0.041512029353167744,37.5886524822695,0.027230533454549018,47.5177304964539,0.011403293564753746,69.50354609929079,60.99290780141844,781500,60.44776119402985,72.77716794731064,535000,0.5451466073885882,TRUE,FALSE,63.793103448275865,High,20.75,79.25,Fair Value,Strikers,1.1.0,2026-08-01 14:43:31 UTC,22,22,160,Performance data through: 2026-08-01 (updates every day) · MLSPA compensation as of: 2026-04-16,FALSE,2026-08-01 14:43:25 UTC
9vQ24BKm5K,asa_9vQ24BKm5K_mls_blended,Giuseppe Bovalina,giuseppe bovalina,2004-11-11,Australia,FB,NA,20.635181382614647,mls,lgpMOvnQzy,FB,asa_live,TRUE,NA,mlspa_via_asa,0,NA,260,116980,TRUE,0,1,blended,2025+2026 season to date,260,0.04499999999999999,0.04818461538461538,-0.02398846153846154,0.06244615384615383,-0.04603846153846154,0.00443076923076923,-3.461538461538462e-5,2026,116980,Vancouver Whitecaps FC,0.11638469243644946,1,0.0948032737928717,0.10112349204888993,0.05139692307852923,93.81443298969072,-0.02558769230849192,9.793814432989691,0.0666092307713123,87.62886597938144,-0.04910769230922692,5.154639175257732,0.004726153846301538,11.855670103092784,-3.692307692423077e-5,57.21649484536083,23.711340206185568,116980,23.243243243243242,19.319429198682766,343925,0.46809696294232594,FALSE,FALSE,NA,Low,41,59,Insufficient Evidence,Fullbacks and wingbacks,1.1.0,2026-08-01 14:43:31 UTC,NA,NA,NA,Performance data through: 2026-08-01 (updates every day) · MLSPA compensation as of: 2026-04-16,FALSE,2026-08-01 14:43:25 UTC
9vQ24Gkx5K,asa_9vQ24Gkx5K_mls_blended,Agustín Ojeda,agustin ojeda,2004-06-19,Argentina,W,NA,22.031485284052017,mls,Vj58weDM8n,W,asa_live,TRUE,NA,mlspa_via_asa,1575,607833,1741,607833,TRUE,0.6923076923076923,0.3076923076923077,blended,2025+2026 season to date,2110.6923076923076,0.21595394537685178,0.03805937878319268,-0.02327882825962091,0.10768552745359179,0.043246027355757395,0.025351279484444333,0.024890560559486463,2026,607833,New York City FC,0.20277985605674193,1,0.21303791777400105,0.22724044563270238,0.04059667070334084,42.79475982532751,-0.024830750144371597,31.87772925764192,0.11486456262075409,73.36244541484716,0.046129095847582756,75.54585152838428,0.02704136478425233,28.38427947598253,0.02654993126428191,92.13973799126637,65.06550218340611,607833,56.8075117370892,60.70252469813392,520000,8.25799044631691,TRUE,FALSE,75,High,14,86,Undervalued,Wingers and attacking midfielders,1.1.0,2026-08-01 14:43:31 UTC,25,25,112,Performance data through: 2026-08-01 (updates every day) · MLSPA compensation as of: 2026-04-16,FALSE,2026-08-01 14:43:25 UTC
9vQ2N9NYQK,asa_9vQ2N9NYQK_mls_blended,Chase Adams,chase adams,2008-04-17,USA,FW,NA,18.203969883641346,mls,mvzqoLZQap,FW,asa_live,TRUE,NA,mlspa_via_asa,33,114303,0,NA,FALSE,1,0,blended,2025+2026 season to date,33,-0.039,0,0.0076363636363636295,0.01363636363636363,-0.07718181818181817,0.01690909090909091,0,2026,114303,Columbus Crew,0.21108432719581333,1,0.198046755635842,0.21124987268483303,0,3.900709219858156,0.008145454545709084,90.0709219858156,0.014545454545909085,1.4184397163120568,-0.08232727272984544,16.31205673758865,0.01803636363692727,24.822695035460992,0,31.914893617021278,36.87943262411348,114303,22.388059701492537,18.002195389681667,535000,14.49137292262094,FALSE,TRUE,NA,Low,49,51,Small-Sample Watchlist,Strikers,1.1.0,2026-08-01 14:43:31 UTC,NA,NA,NA,Performance data through: 2026-08-01 (updates every day) · MLSPA compensation as of: 2026-04-16,FALSE,2026-08-01 14:43:25 UTC
9vQ2NW1oQK,asa_9vQ2NW1oQK_mls_blended,Diego Borges,diego borges,2004-12-15,Brazil,CB,NA,21.541409993155373,mls,Z2vQ1xlqrA,CB,asa_live,TRUE,NA,mlspa_via_asa,232,330000,0,NA,FALSE,1,0,blended,2025+2026 season to date,232,-0.2635991379310345,0.00415086206896551,0.02203448275862069,0.0093103448275862,0.01990086206896551,-0.311625,-0.00737068965517241,2026,330000,Sporting Kansas City,0.13407640205361335,1,0.023186107250201926,0.02473184773432159,0.004427586207034906,24.083769633507853,0.023503448276596554,14.136125654450261,0.009931034483068956,33.50785340314136,0.021227586207559903,93.19371727748691,-0.3324000000103875,1.0471204188481675,-0.007862068965762926,35.07853403141361,0.5235602094240838,330000,36.46408839779006,38.748627881448954,501667,-35.940528188365974,FALSE,TRUE,NA,Low,49,51,Small-Sample Watchlist,Center backs,1.1.0,2026-08-01 14:43:31 UTC,NA,NA,NA,Performance data through: 2026-08-01 (updates every day) · MLSPA compensation as of: 2026-04-16,FALSE,2026-08-01 14:43:25 UTC
9vQ2NWOYQK,asa_9vQ2NWOYQK_mls_blended,Yutaro Tsukada,yutaro tsukada,2001-07-28,Japan,W,NA,24.92539356605065,mls,jYQJ8EW5GR,W,asa_live,TRUE,NA,mlspa_via_asa,32,113400,0,NA,FALSE,1,0,blended,2025+2026 season to date,32,0.00562499999999999,0,0.09196875,0.06946875,-0.1828125,0.0118125,0.0151875,2026,113400,Orlando City SC,0.20277985605674193,1,0.19279733169943852,0.20565048715249434,0,6.11353711790393,0.09810000000306562,96.5065502183406,0.07410000000231562,38.427947598253276,-0.19500000000609374,3.493449781659389,0.01260000000039375,14.847161572052402,0.01620000000050625,84.71615720524018,43.66812227074236,113400,17.6056338028169,16.41053787047201,520000,26.06248846792546,FALSE,TRUE,NA,Low,49,51,Small-Sample Watchlist,Wingers and attacking midfielders,1.1.0,2026-08-01 14:43:31 UTC,NA,NA,NA,Performance data through: 2026-08-01 (updates every day) · MLSPA compensation as of: 2026-04-16,FALSE,2026-08-01 14:43:25 UTC
9vQ2Z3doQK,asa_9vQ2Z3doQK_mls_blended,Louicius Don Deedson,louicius don deedson,2001-02-11,Haiti,FB,NA,25.38261464750171,mls,mKAqBBmqbg,FB,asa_live,TRUE,NA,mlspa_via_asa,303,450319,33,450319,TRUE,0.3020937188434696,0.6979062811565304,blended,2025+2026 season to date,326.0309072781655,0.13847856430707878,0.0643329103598296,-0.01735910450466781,0.023696274811927848,0.012427716849451648,0.05399537750385207,0.0013853892866853978,2026,450319,FC Dallas,0.11638469243644946,1,0.12416335839095961,0.13244091562116236,0.06862177105262934,96.90721649484536,-0.018516378138890968,14.43298969072165,0.025276026466846246,49.48453608247423,0.013256231306496015,71.64948453608247,0.05759506933924205,53.09278350515464,0.001477748572510604,71.64948453608247,60.30927835051546,450319,63.78378378378378,49.066959385290886,343925,-3.4745054332683196,FALSE,TRUE,NA,Low,41,59,Small-Sample Watchlist,Fullbacks and wingbacks,1.1.0,2026-08-01 14:43:31 UTC,NA,NA,NA,Performance data through: 2026-08-01 (updates every day) · MLSPA compensation as of: 2026-04-16,FALSE,2026-08-01 14:43:25 UTC
9vQ2ZDwaQK,asa_9vQ2ZDwaQK_mls_blended,J.C. Ngando,jc ngando,1999-11-20,Cameroon,CM,NA,26.611909650924023,mls,lgpMOvnQzy,CM,asa_live,TRUE,NA,mlspa_via_asa,130,200000,1408,200000,TRUE,0.1566265060240964,0.8433734939759037,blended,2025+2026 season to date,1317.4698795180723,0.1903000958378971,0.02993094537239869,0.056414283269441395,0.06409576601861995,-0.011989844605695512,0.05054792579408543,0.0013010199890470962,2026,200000,Vancouver Whitecaps FC,0.13644825463003651,1,0.17344918982375035,0.18501246915111536,0.0319263417315563,82.54716981132076,0.06017523548928463,82.0754716981132,0.06836881708866448,90.09433962264151,-0.012789167579808207,16.037735849056602,0.053917787515376056,40.56603773584906,0.0013877546550269367,71.22641509433963,86.32075471698113,200000,26.767676767676768,29.363336992316135,535541.5,59.55307794930436,FALSE,TRUE,NA,Low,41,59,Small-Sample Watchlist,Central and defensive midfielders,1.1.0,2026-08-01 14:43:31 UTC,NA,NA,NA,Performance data through: 2026-08-01 (updates every day) · MLSPA compensation as of: 2026-04-16,FALSE,2026-08-01 14:43:25 UTC
9vQ2ZEYoQK,asa_9vQ2ZEYoQK_mls_blended,Strahinja Tanasijević,strahinja tanasijevic,1997-06-12,Serbia,FB,NA,29.05133470225873,mls,Vj58weDM8n,FB,asa_live,TRUE,NA,mlspa_via_asa,98,368750,718,368750,TRUE,0.15,0.85,blended,2025+2026 season to date,708.3,0.06907134187937014,0,0.04840420101188107,0.0014969131942470565,-0.0011823148200784538,0.02173193536467511,-0.0013793928713546667,2026,368750,New York City FC,0.11638469243644946,1,0.09076973699841592,0.09682105280133597,0,6.443298969072165,0.051631147747619954,84.5360824742268,0.0015967074072467573,3.6082474226804124,-0.0012611358081230945,36.08247422680412,0.02318073105637785,15.97938144329897,-0.0014713523961576243,46.90721649484536,18.556701030927837,368750,52.7027027027027,41.98682766190999,343925,-34.14600167177487,FALSE,TRUE,NA,Low,41,59,Small-Sample Watchlist,Fullbacks and wingbacks,1.1.0,2026-08-01 14:43:31 UTC,NA,NA,NA,Performance data through: 2026-08-01 (updates every day) · MLSPA compensation as of: 2026-04-16,FALSE,2026-08-01 14:43:25 UTC
9vQ2ZNGLQK,asa_9vQ2ZNGLQK_mls_blended,Ben Bender,ben bender,2001-03-07,USA,FB,NA,25.31690622861054,mls,9z5k7Yg5A3,FB,asa_live,TRUE,NA,mlspa_via_asa,514,149667,366,149667,TRUE,0.4233937397034596,0.5766062602965404,blended,2025+2026 season to date,725.0378912685337,0.04910566613552272,0.03031428417101034,0.007342007183946852,0.04168385232397979,-0.03617695195397952,3.069516839063367e-4,0.0056355227266589175,2026,149667,Philadelphia Union,0.11638469243644946,1,0.07957076909337854,0.08487548703558946,0.03233523645008817,87.11340206185567,0.007831474329788042,38.144329896907216,0.044462775813634565,74.74226804123711,-0.03858874875211739,7.216494845360825,3.274151295103242e-4,10.309278350515465,0.006011224241957363,88.14432989690722,10.309278350515465,149667,32.432432432432435,25.35675082327113,343925,-22.123154081916972,TRUE,FALSE,32.926829268292686,Medium,29.75,70.25,Below Expected Value by Current Model,Fullbacks and wingbacks,1.1.0,2026-08-01 14:43:31 UTC,56,56,295,Performance data through: 2026-08-01 (updates every day) · MLSPA compensation as of: 2026-04-16,FALSE,2026-08-01 14:43:25 UTC
9vQ2ZWw1QK,asa_9vQ2ZWw1QK_mls_blended,Odin Thiago Holm,odin thiago holm,2003-01-18,Norway,CM,NA,22.45037645448323,mls,eVq3ya6MWO,CM,asa_live,TRUE,NA,mlspa_via_asa,0,NA,115,660000,TRUE,0,1,blended,2025+2026 season to date,115,0.1429826086956522,0,-0.01432173913043478,0.00649565217391304,0.03811304347826087,0.11128695652173912,0.00140869565217391,2026,660000,Los Angeles FC,0.13644825463003651,1,0.1374992346545761,0.14666585030279783,0,6.60377358490566,-0.015276521739607822,14.622641509433961,0.006928695652390431,10.849056603773585,0.04065391304474869,90.56603773584905,0.11870608696023129,94.81132075471699,0.0015026086956991273,71.69811320754717,53.77358490566038,660000,61.61616161616162,64.65422612513721,535541.5,-7.842576710501241,FALSE,FALSE,NA,Low,41,59,Insufficient Evidence,Central and defensive midfielders,1.1.0,2026-08-01 14:43:31 UTC,NA,NA,NA,Performance data through: 2026-08-01 (updates every day) · MLSPA compensation as of: 2026-04-16,FALSE,2026-08-01 14:43:25 UTC
9vQ2ZjbmQK,asa_9vQ2ZjbmQK_mls_blended,Jayden Nelson,jayden nelson,2002-09-26,Canada,W,NA,23.761806981519506,mls,gpMOLwl5zy,W,asa_live,TRUE,NA,mlspa_via_asa,494,554000,1550,554000,TRUE,0.4137353433835846,0.5862646566164154,blended,2025+2026 season to date,1402.7102177554439,0.25172985897228073,0.049276300859134384,0.011858729129518557,0.06844196790403631,0.07972734640946667,0.028982655211541572,0.013442859458583232,2026,554000,Austin FC,0.20277985605674193,1,0.23706473094280478,0.25286904634689394,0.05256138758471922,58.951965065502186,0.012649311071881752,66.37554585152839,0.0730047657665868,37.55458515283843,0.08504250283942202,89.51965065502183,0.03091483222661043,34.93449781659389,0.014339050089603542,79.47598253275109,77.29257641921397,554000,53.051643192488264,57.0801317233809,520000,24.24093322672571,TRUE,FALSE,90.625,Medium,29.75,70.25,Strong Value,Wingers and attacking midfielders,1.1.0,2026-08-01 14:43:31 UTC,10,10,44,Performance data through: 2026-08-01 (updates every day) · MLSPA compensation as of: 2026-04-16,FALSE,2026-08-01 14:43:25 UTC
9vQ2ZlkaQK,asa_9vQ2ZlkaQK_mls_blended,Matthew Edwards,matthew edwards,2003-02-17,USA,FB,NA,23.367556468172484,mls,KAqBN0Vqbg,FB,asa_live,TRUE,NA,mlspa_via_asa,463,113400,1347,113400,TRUE,0.39810834049871024,0.6018916595012898,blended,2025+2026 season to date,1273.7480653482373,0.04161378203593732,0.003298111596037434,0.005697476191479292,0.014689226273346513,-0.004156154787461188,0.030525260107968983,-0.008440137345433722,2026,113400,Atlanta United FC,0.11638469243644946,1,0.06555645985370977,0.06992689051280897,0.0035179857025498668,20.61855670103093,0.0060773079377678275,34.5360824742268,0.01566850802539259,31.443298969072163,-0.004433231773430472,27.835051546391753,0.032560277449517755,24.22680412371134,-0.009002813168743974,21.1340206185567,3.6082474226804124,113400,19.18918918918919,16.41053787047201,343925,-15.580941766508777,TRUE,FALSE,47.5609756097561,Medium,29.75,70.25,Below Expected Value by Current Model,Fullbacks and wingbacks,1.1.0,2026-08-01 14:43:31 UTC,44,44,231,Performance data through: 2026-08-01 (updates every day) · MLSPA compensation as of: 2026-04-16,FALSE,2026-08-01 14:43:25 UTC
9vQ2ZoR7QK,asa_9vQ2ZoR7QK_mls_blended,Andrés Herrera,andres herrera,1998-11-03,Argentina,FB,NA,27.65776865160849,mls,mvzqoLZQap,FB,asa_live,TRUE,NA,mlspa_via_asa,971,727632,1774,727632,TRUE,0.5810891681627768,0.4189108318372232,blended,2025+2026 season to date,1714.147815679234,0.14361743030690668,0.026982506137930892,-0.0031685567918001666,0.08205924393645293,0.0026347237880496085,0.03577939274459123,-6.698795083178334e-4,2026,727632,Columbus Crew,0.11638469243644946,1,0.1365566701378427,0.1456604481515841,0.028781339881359034,82.47422680412372,-0.0033797939113591295,26.288659793814432,0.08752986020161843,92.26804123711341,0.0028103720406740733,47.93814432989691,0.03816468559542329,29.896907216494846,-7.145381422280183e-4,52.577319587628864,74.22680412371135,727632,83.78378378378379,68.93523600439077,343925,-9.556979660072443,TRUE,FALSE,54.8780487804878,High,20.75,79.25,Fair Value,Fullbacks and wingbacks,1.1.0,2026-08-01 14:43:31 UTC,38,38,200,Performance data through: 2026-08-01 (updates every day) · MLSPA compensation as of: 2026-04-16,FALSE,2026-08-01 14:43:25 UTC
9vQ2ZyAaQK,asa_9vQ2ZyAaQK_mls_blended,Fernando Álvarez,fernando alvarez,2003-08-24,USA,CB,NA,21.85352498288843,mls,APk5LGOMOW,CB,asa_live,TRUE,NA,mlspa_via_asa,0,NA,1247,307500,TRUE,0,1,blended,2025+2026 season to date,1247,0.06074097834803528,0.0081916599839615,0.04365036086607859,0.01914033680834001,-0.01533680834001603,0.01104971932638332,-0.00595429029671211,2026,307500,CF Montréal,0.13407640205361335,1,0.08456407213436276,0.09020167694613908,0.008737770649831987,51.832460732984295,0.046560384925272175,45.026178010471206,0.020416359262867355,64.92146596858639,-0.016359262229861657,8.900523560209423,0.011786367281843865,8.37696335078534,-0.00635124298335806,40.31413612565445,4.712041884816754,307500,33.149171270718234,36.55323819978046,501667,-28.43712938590148,FALSE,FALSE,NA,Low,41,59,Insufficient Evidence,Center backs,1.1.0,2026-08-01 14:43:31 UTC,NA,NA,NA,Performance data through: 2026-08-01 (updates every day) · MLSPA compensation as of: 2026-04-16,FALSE,2026-08-01 14:43:25 UTC
9vQ2d3X75K,asa_9vQ2d3X75K_mls_blended,Kellyn Acosta,kellyn acosta,1995-07-24,USA,CM,NA,29.93839835728953,mls,X0Oq66zq6D,CM,asa_live,TRUE,NA,mlspa_via_asa,0,NA,795,1628477,TRUE,0,1,blended,2025+2026 season to date,795,0.01123018867924528,0.00572830188679245,-0.024520754716981126,0.0132,-0.0025245283018867906,0.04963018867924528,-0.030283018867924526,2026,1628477,Chicago Fire FC,0.13644825463003651,1,0.06508742134625226,0.06942658277150532,0.006110188679436223,22.169811320754718,-0.02615547169893056,8.962264150943396,0.01408000000044,26.88679245283019,-0.002692830188763394,29.71698113207547,0.05293886792618263,38.679245283018865,-0.03230188679346226,3.7735849056603774,0.9433962264150944,1628477,95.95959595959596,90.55982436882546,535541.5,-95.01619973318087,FALSE,FALSE,NA,Low,41,59,Insufficient Evidence,Central and defensive midfielders,1.1.0,2026-08-01 14:43:31 UTC,NA,NA,NA,Performance data through: 2026-08-01 (updates every day) · MLSPA compensation as of: 2026-04-16,FALSE,2026-08-01 14:43:25 UTC
9vQ2d66e5K,asa_9vQ2d66e5K_mls_blended,Stian Gregersen,stian gregersen,1995-05-17,Norway,CB,NA,31.123887748117728,mls,KAqBN0Vqbg,CB,asa_live,TRUE,NA,mlspa_via_asa,916,970000,1493,970000,TRUE,0.5668316831683168,0.4331683168316832,blended,2025+2026 season to date,1562.720297029703,0.15656970938637735,0.0032940380190061838,0.05127782498192887,0.022211328609418206,0.003939652371131288,0.07873761174258753,-0.0028907463376947155,2026,970000,Atlanta United FC,0.13407640205361335,1,0.150329427451541,0.1603513892866547,0.003513640553716397,19.895287958115183,0.05469634664910006,58.1151832460733,0.023692083850786465,69.63350785340315,0.004202295862671362,56.02094240837696,0.08398678586138462,61.2565445026178,-0.003083462760304055,54.973821989528794,65.44502617801047,970000,83.97790055248619,81.66849615806805,501667,-18.532874374475725,TRUE,FALSE,29.896907216494846,High,20.75,79.25,Below Expected Value by Current Model,Center backs,1.1.0,2026-08-01 14:43:31 UTC,69,69,308,Performance data through: 2026-08-01 (updates every day) · MLSPA compensation as of: 2026-04-16,FALSE,2026-08-01 14:43:25 UTC
9z5k33zb5A,asa_9z5k33zb5A_mls_blended,Benie Traore,benie traore,2002-11-30,Ivory Coast,W,NA,23.58384668035592,mls,Vj58weDM8n,W,asa_live,FALSE,NA,NA,153,NA,0,NA,FALSE,1,0,blended,2025+2026 season to date,153,0.23623529411764704,0.00311764705882352,-0.02235294117647059,0.1661176470588235,0.06111764705882353,0.01641176470588235,0.0118235294117647,2026,NA,New York City FC,0.20277985605674193,1,0.20957757454720471,0.22354941285733762,0.003325490196182343,12.663755458515285,-0.02384313725564706,33.624454148471614,0.17719215686828232,90.39301310043668,0.06519215686478234,83.84279475982532,0.017505882353488232,19.213973799126638,0.012611764706276464,76.41921397379913,62.00873362445415,NA,NA,NA,520000,NA,FALSE,FALSE,NA,Insufficient,49,51,Insufficient Evidence,Wingers and attacking midfielders,1.1.0,2026-08-01 14:43:31 UTC,NA,NA,NA,Performance data through: 2026-08-01 (updates every day) · MLSPA compensation as of: 2026-04-16,FALSE,2026-08-01 14:43:25 UTC
9z5k36ra5A,asa_9z5k36ra5A_mls_blended,Loïc Mesanvi,loic mesanvi,2003-10-06,Togo,FW,NA,21.73579739904175,mls,kRQand1MKZ,FW,asa_live,TRUE,NA,mlspa_via_asa,0,NA,26,83613,TRUE,0,1,blended,2025+2026 season to date,26,-0.02353846153846154,0,-0.00865384615384615,0.03080769230769231,-0.03461538461538462,-0.01107692307692307,0,2026,83613,Minnesota United FC,0.21108432719581333,1,0.2013396107308115,0.21476225145291025,0,3.900709219858156,-0.009230769231057688,80.1418439716312,0.032861538462565384,4.964539007092198,-0.03692307692423077,42.5531914893617,-0.011815384615753838,2.127659574468085,0,31.914893617021278,38.297872340425535,83613,3.7313432835820897,2.305159165751921,535000,34.56652905684344,FALSE,FALSE,NA,Low,41,59,Insufficient Evidence,Strikers,1.1.0,2026-08-01 14:43:31 UTC,NA,NA,NA,Performance data through: 2026-08-01 (updates every day) · MLSPA compensation as of: 2026-04-16,FALSE,2026-08-01 14:43:25 UTC
9z5k3O7J5A,asa_9z5k3O7J5A_mls_blended,Marcelo Morales,marcelo morales,2003-06-06,Chile,FB,NA,22.069815195071868,mls,a2lqRX2Mr0,FB,asa_live,TRUE,NA,mlspa_via_asa,0,NA,214,447375,TRUE,0,1,blended,2025+2026 season to date,214,0.14257009345794394,0.02195327102803738,0.07128504672897197,0.01589719626168224,0.02123831775700934,0.023172897196261675,-0.01097663551401869,2026,447375,New York Red Bulls,0.11638469243644946,1,0.12326881506372198,0.13148673607207906,0.023416822430638317,76.80412371134021,0.07603738317994627,95.87628865979381,0.016957009346324298,35.56701030927835,0.022654205608184572,84.5360824742268,0.024717757010118215,17.010309278350515,-0.011708411215319159,16.49484536082474,59.79381443298969,447375,62.7027027027027,48.62788144895719,343925,-2.9088882697130103,FALSE,FALSE,NA,Low,41,59,Insufficient Evidence,Fullbacks and wingbacks,1.1.0,2026-08-01 14:43:31 UTC,NA,NA,NA,Performance data through: 2026-08-01 (updates every day) · MLSPA compensation as of: 2026-04-16,FALSE,2026-08-01 14:43:25 UTC
9z5k3nlg5A,asa_9z5k3nlg5A_mls_blended,Anisse Saidi,anisse saidi,2008-06-20,USA,W,NA,18.028747433264886,mls,zeQZBOzQKw,W,asa_live,TRUE,NA,mlspa_via_asa,35,101915,16,101915,TRUE,0.15,0.85,blended,2025+2026 season to date,48.6,0.03887035714285713,0.009604285714285713,0.019401428571428573,6.557142857142855e-4,0.001041428571428571,0.002275714285714285,0.0058917857142857044,2026,101915,San Diego FC,0.20277985605674193,1,0.19049801571259328,0.2031978834331161,0.010244571428891569,15.720524017467248,0.02069485714350386,72.48908296943232,6.994285714504283e-4,0.8733624454148472,0.0011108571428918566,36.24454148471616,0.0024274285715044277,10.91703056768559,0.006284571428767811,65.50218340611353,40.61135371179039,101915,13.615023474178404,11.41602634467618,520000,26.99633023761199,FALSE,TRUE,NA,Low,41,59,Small-Sample Watchlist,Wingers and attacking midfielders,1.1.0,2026-08-01 14:43:31 UTC,NA,NA,NA,Performance data through: 2026-08-01 (updates every day) · MLSPA compensation as of: 2026-04-16,FALSE,2026-08-01 14:43:25 UTC
9z5k3r7a5A,asa_9z5k3r7a5A_mls_blended,Christopher Cupps,christopher cupps,2008-05-26,USA,CB,NA,18.09719370294319,mls,X0Oq66zq6D,CB,asa_live,TRUE,NA,mlspa_via_asa,58,116186,324,116186,TRUE,0.15,0.85,blended,2025+2026 season to date,333.4,0.07852428160919538,0,0.034636637931034484,-4.6752873563218254e-4,-0.01168376436781609,0.07079588122605364,-0.014756944444444442,2026,116186,Chicago Fire FC,0.13407640205361335,1,0.11423380835726779,0.12184939558489344,0,6.806282722513089,0.036945747127591334,30.89005235602094,-4.986973180232456e-4,5.7591623036649215,-0.012462681992726621,13.612565445026178,0.07551560664348374,52.87958115183246,-0.015740740741232637,17.801047120418847,25.130890052356023,116186,13.812154696132596,18.990120746432492,501667,11.318735356223426,FALSE,TRUE,NA,Low,41,59,Small-Sample Watchlist,Center backs,1.1.0,2026-08-01 14:43:31 UTC,NA,NA,NA,Performance data through: 2026-08-01 (updates every day) · MLSPA compensation as of: 2026-04-16,FALSE,2026-08-01 14:43:25 UTC
9z5k71be5A,asa_9z5k71be5A_mls_blended,Dave Romney,dave romney,1993-06-12,USA,FB,NA,33.05133470225873,mls,0KPqjA456v,FB,asa_live,TRUE,NA,mlspa_via_asa,511,962375,3052,962375,TRUE,0.42196531791907516,0.5780346820809248,blended,2025+2026 season to date,2275.1618497109826,0.09371723270630836,0.013794581777134675,0.04097744679883938,0.013325350949628398,0.009083591542360162,0.035864862612595555,-0.019328600974249804,2026,962375,San Jose Earthquakes,0.11638469243644946,1,0.09844756670105437,0.10501073781773958,0.014714220562736805,58.24742268041237,0.04370927658679458,80.9278350515464,0.014213707680047804,28.8659793814433,0.009689164312153626,63.402061855670105,0.038255853454630756,30.412371134020617,-0.02061717437317741,10.824742268041238,26.804123711340207,962375,95.67567567567568,81.44895718990121,343925,-68.87155196433547,TRUE,FALSE,6.097560975609756,Medium,29.75,70.25,Below Expected Value by Current Model,Fullbacks and wingbacks,1.1.0,2026-08-01 14:43:31 UTC,78,78,412,Performance data through: 2026-08-01 (updates every day) · MLSPA compensation as of: 2026-04-16,FALSE,2026-08-01 14:43:25 UTC
9z5k76Yd5A,asa_9z5k76Yd5A_mls_blended,Alexandros Katranis,alexandros katranis,1998-05-04,Greece,FB,NA,28.15879534565366,mls,a2lqR4JMr0,FB,asa_live,TRUE,NA,mlspa_via_asa,406,519875,2126,519875,TRUE,0.3670886075949367,0.6329113924050633,blended,2025+2026 season to date,1751.5696202531647,0.08089325648689524,0.02023877371184967,0.0326620911508083,0.037770913464400965,0.005677638775242877,-0.005124836902621291,-0.010331323712785301,2026,519875,Real Salt Lake,0.11638469243644946,1,0.08994885126339179,0.09594544135061621,0.021588025293314276,72.16494845360825,0.034839563895284253,72.68041237113403,0.040288974363286725,69.0721649484536,0.006056148027114991,56.18556701030928,-0.005466492696300205,7.216494845360825,-0.011020078627315365,17.52577319587629,17.010309278350515,519875,68.64864864864865,53.787047200878156,343925,-51.63833937029813,FALSE,TRUE,NA,Low,41,59,Small-Sample Watchlist,Fullbacks and wingbacks,1.1.0,2026-08-01 14:43:31 UTC,NA,NA,NA,Performance data through: 2026-08-01 (updates every day) · MLSPA compensation as of: 2026-04-16,FALSE,2026-08-01 14:43:25 UTC
9z5k7kBJ5A,asa_9z5k7kBJ5A_mls_blended,Sigurd Rosted,sigurd rosted,1994-07-22,Norway,CB,NA,30.94318959616701,mls,kRQabn8MKZ,CB,asa_live,TRUE,NA,mlspa_via_asa,0,NA,2826,805000,TRUE,0,1,blended,2025+2026 season to date,2826,0.1369968152866242,0.00931847133757961,0.04426114649681528,0.013184713375796171,-0.01413694267515923,0.07902547770700637,0.00534394904458598,2026,805000,Toronto FC,0.13407640205361335,1,0.1364853593789165,0.14558438334206045,0.009939702760395533,57.59162303664922,0.04721188959807834,45.54973821989529,0.014063694267955406,44.50261780104712,-0.015079405520641076,10.471204188481675,0.08429384289010763,61.78010471204188,0.005700212314403177,96.33507853403141,45.026178010471206,805000,72.92817679558011,74.75301866081229,501667,-27.90199878510891,FALSE,FALSE,NA,Low,41,59,Insufficient Evidence,Center backs,1.1.0,2026-08-01 14:43:31 UTC,NA,NA,NA,Performance data through: 2026-08-01 (updates every day) · MLSPA compensation as of: 2026-04-16,FALSE,2026-08-01 14:43:25 UTC
9z5k7rej5A,asa_9z5k7rej5A_mls_blended,Brandon Vázquez,brandon vazquez,1998-10-14,NA,FW,NA,27.71252566735113,mls,gpMOLwl5zy,FW,asa_live,TRUE,NA,mlspa_via_asa,268,3701778,1734,3701778,TRUE,0.2768595041322314,0.7231404958677685,blended,2025+2026 season to date,1521.9256198347107,0.28054938302496496,0.06759775801424117,-0.03880483785638708,0.238223615916955,-0.03380473419314249,0.044913834396179464,0.002423746747118873,2026,3701778,Austin FC,0.21108432719581333,1,0.2609073026862877,0.27830112287407044,0.07210427521744384,63.829787234042556,-0.04139182704810638,52.4822695035461,0.25410519031935946,78.72340425531915,-0.036058383140478815,43.97163120567376,0.04790809002408856,85.81560283687944,0.002585329863674256,46.808510638297875,80.1418439716312,3701778,92.53731343283582,96.81668496158068,535000,-12.395469461204613,FALSE,TRUE,NA,Low,41,59,Small-Sample Watchlist,Strikers,1.1.0,2026-08-01 14:43:31 UTC,NA,NA,NA,Performance data through: 2026-08-01 (updates every day) · MLSPA compensation as of: 2026-04-16,FALSE,2026-08-01 14:43:25 UTC
9z5kNOEdMA,asa_9z5kNOEdMA_mls_blended,Michael Sullivan,michael sullivan,2003-03-03,USA,CM,NA,22.32991101984942,mls,kRQabn8MKZ,CM,asa_live,FALSE,NA,NA,0,NA,14,NA,TRUE,0,1,blended,2025+2026 season to date,14,0.02121428571428571,0,0.019928571428571424,0,0.00128571428571428,0,0,2026,NA,Toronto FC,0.13644825463003651,1,0.13382076999677833,0.1427421546676909,0,6.60377358490566,0.021257142857807138,53.301886792452834,0,3.7735849056603774,0.0013714285714714225,42.45283018867924,0,5.188679245283019,0,60.613207547169814,49.056603773584904,NA,NA,NA,535541.5,NA,FALSE,FALSE,NA,Insufficient,41,59,Insufficient Evidence,Central and defensive midfielders,1.1.0,2026-08-01 14:43:31 UTC,NA,NA,NA,Performance data through: 2026-08-01 (updates every day) · MLSPA compensation as of: 2026-04-16,FALSE,2026-08-01 14:43:25 UTC
9z5kWANg5A,asa_9z5kWANg5A_mls_blended,Pedrinho,pedrinho,2006-06-28,Brazil,W,NA,20.008213552361397,mls,jYQJ8EW5GR,W,asa_live,FALSE,NA,NA,12,NA,0,NA,FALSE,1,0,blended,2025+2026 season to date,12,0.4372500000000001,0,-0.08925000000000001,0.084,0.2625,0.0135,0.1665,2026,NA,Orlando City SC,0.20277985605674193,1,0.20737730985955088,0.22120246385710018,0,6.11353711790393,-0.09520000000297502,4.366812227074236,0.08960000000280001,52.838427947598255,0.28000000000875,99.12663755458516,0.014400000000449999,15.283842794759826,0.17760000000555,99.12663755458516,59.82532751091703,NA,NA,NA,520000,NA,FALSE,FALSE,NA,Insufficient,49,51,Insufficient Evidence,Wingers and attacking midfielders,1.1.0,2026-08-01 14:43:31 UTC,NA,NA,NA,Performance data through: 2026-08-01 (updates every day) · MLSPA compensation as of: 2026-04-16,FALSE,2026-08-01 14:43:25 UTC
9z5ka8adQA,asa_9z5ka8adQA_mls_blended,Ryan Gauld,ryan gauld,1995-12-16,Scotland,W,NA,30.54072553045859,mls,lgpMOvnQzy,W,asa_live,TRUE,NA,mlspa_via_asa,120,3675000,474,3675000,TRUE,0.15,0.85,blended,2025+2026 season to date,522.9,0.2797986075949367,0.07587593354430378,0.010904477848101266,0.15710615506329112,-0.009702009493670883,0.049804414556962016,-0.0041903639240506284,2026,3675000,Vancouver Whitecaps FC,0.20277985605674193,1,0.23864512026488338,0.25455479495716377,0.08093432911645322,89.08296943231441,0.011631443038338166,65.50218340611353,0.16757989873941406,88.646288209607,-0.010348810126905675,24.890829694323145,0.05312470886241963,75.9825327510917,-0.004469721519127016,14.410480349344978,79.03930131004367,3675000,93.42723004694835,96.65203073545554,520000,-14.387928736904684,FALSE,TRUE,NA,Low,41,59,Small-Sample Watchlist,Wingers and attacking midfielders,1.1.0,2026-08-01 14:43:31 UTC,NA,NA,NA,Performance data through: 2026-08-01 (updates every day) · MLSPA compensation as of: 2026-04-16,FALSE,2026-08-01 14:43:25 UTC
9z5karAKQA,asa_9z5karAKQA_mls_blended,Nick Hagglund,nick hagglund,1992-09-14,USA,CB,NA,33.79329226557152,mls,NWMWlBK5lz,CB,asa_live,TRUE,NA,mlspa_via_asa,982,130067,1557,130067,TRUE,0.5838287752675386,0.4161712247324614,blended,2025+2026 season to date,1629.9785969084423,0.1847915947846288,0.017310901555401284,0.05858082519433924,0.03451068436282158,-0.0013041074141023918,0.08717702226223942,-0.011483731176070329,2026,130067,FC Cincinnati,0.13407640205361335,1,0.17114612048241126,0.18255586185361022,0.018464961659671732,84.81675392670157,0.06248621354258122,67.01570680628272,0.0368113966548267,83.24607329842932,-0.0013910479084193548,32.98429319371728,0.09298882374929461,70.68062827225131,-0.012249313254857808,26.17801047120419,83.7696335078534,130067,19.337016574585636,23.05159165751921,501667,64.43261693326777,TRUE,FALSE,93.81443298969072,High,20.75,79.25,Elite Value,Center backs,1.1.0,2026-08-01 14:43:31 UTC,7,7,30,Performance data through: 2026-08-01 (updates every day) · MLSPA compensation as of: 2026-04-16,FALSE,2026-08-01 14:43:25 UTC
9z5kb8dJMA,asa_9z5kb8dJMA_mls_blended,Raul Gustavo,raul gustavo,1999-04-24,Brazil,CB,NA,27.18685831622177,mls,Vj58weDM8n,CB,asa_live,TRUE,NA,mlspa_via_asa,1074,812960,872,812960,TRUE,0.6054114994363021,0.3945885005636979,blended,2025+2026 season to date,1418.0811724915445,0.1072441509882813,0.010582467962309813,0.0418690410930567,0.015384677244189772,2.608085185606579e-4,0.039735028391754496,-5.878722215901459e-4,2026,812960,New York City FC,0.13407640205361335,1,0.11522170454690392,0.12290315152053824,0.01128796582681655,64.3979057591623,0.04466031050065611,42.40837696335078,0.016410322394315245,50.78534031413613,2.7819575314006205e-4,38.7434554973822,0.04238403028586263,20.94240837696335,-6.270637030490846e-4,72.77486910994764,26.17801047120419,812960,74.58563535911603,75.19209659714599,501667,-48.40762488791184,TRUE,FALSE,13.402061855670103,High,20.75,79.25,Below Expected Value by Current Model,Center backs,1.1.0,2026-08-01 14:43:31 UTC,85,85,381,Performance data through: 2026-08-01 (updates every day) · MLSPA compensation as of: 2026-04-16,FALSE,2026-08-01 14:43:25 UTC
9z5kbnmdMA,asa_9z5kbnmdMA_mls_blended,Lasse Berg Johnsen,lasse berg johnsen,1999-08-18,Norway,CM,NA,26.869267624914443,mls,Z2vQ1xlqrA,CM,asa_live,TRUE,NA,mlspa_via_asa,1322,1191250,0,NA,FALSE,1,0,blended,2025+2026 season to date,1322,0.211554462934947,0.01333661119515885,0.06289788199697428,0.01332299546142208,0.02093419062027231,0.10152571860816945,-4.6293494704992435e-4,2026,1191250,Sporting Kansas City,0.13644825463003651,1,0.18810819603435058,0.2006487424429109,0.014225718608613994,43.39622641509434,0.0670910741322025,85.37735849056604,0.014211195159294318,27.830188679245282,0.022329803328988273,83.01886792452831,0.10829409985209827,91.98113207547169,-4.937972768686838e-4,55.18867924528302,93.86792452830188,1191250,91.41414141414141,85.62019758507135,535541.5,2.4537831141604727,TRUE,FALSE,58.8235294117647,High,28.75,71.25,Fair Value,Central and defensive midfielders,1.1.0,2026-08-01 14:43:31 UTC,43,43,181,Performance data through: 2026-08-01 (updates every day) · MLSPA compensation as of: 2026-04-16,FALSE,2026-08-01 14:43:25 UTC
9z5kbwEdMA,asa_9z5kbwEdMA_mls_blended,Nelson Pierre,nelson pierre,2005-03-22,USA,FW,NA,20.27652292950034,mls,lgpMOvnQzy,FW,asa_live,TRUE,NA,mlspa_via_asa,0,NA,57,118116,TRUE,0,1,blended,2025+2026 season to date,57,0.13957894736842105,0.07452631578947369,-0.00678947368421052,0.02352631578947368,0.00884210526315789,0.05273684210526315,-0.01326315789473684,2026,118116,Vancouver Whitecaps FC,0.21108432719581333,1,0.20488066410576558,0.2185393750529793,0.07949473684458948,70.92198581560284,-0.007242105263384204,81.56028368794327,0.02509473684288947,2.8368794326241136,0.009431578947663154,80.85106382978724,0.05625263158070526,90.78014184397163,-0.014147368421494734,4.964539007092198,43.262411347517734,118116,23.880597014925375,19.758507135016465,535000,19.38181433259236,FALSE,FALSE,NA,Low,41,59,Insufficient Evidence,Strikers,1.1.0,2026-08-01 14:43:31 UTC,NA,NA,NA,Performance data through: 2026-08-01 (updates every day) · MLSPA compensation as of: 2026-04-16,FALSE,2026-08-01 14:43:25 UTC
BLMv1GlQxe,asa_BLMv1GlQxe_mls_blended,Albert Rusnák,albert rusnak,1994-07-07,Slovakia,W,NA,31.98357289527721,mls,jYQJ19EqGR,W,asa_live,TRUE,NA,mlspa_via_asa,1233,2685000,2705,2685000,TRUE,0.6378685980341439,0.36213140196585614,blended,2025+2026 season to date,2212.565442317641,0.21552189761827123,0.04654143760524713,0.04643071834362415,0.06555508901241498,0.0326585933772124,0.017941735763607657,0.006394323516164899,2026,2685000,Seattle Sounders FC,0.20277985605674193,1,0.21280365866749407,0.22699056925242045,0.049644200113814985,54.148471615720524,0.04952609956808012,87.33624454148472,0.06992542828209448,34.06113537117904,0.034835832936781844,67.68558951965065,0.019137851481779558,21.397379912663755,0.006820611750789037,67.24890829694323,64.62882096069869,2685000,89.67136150234742,94.7310647639956,520000,-25.042540541648734,TRUE,FALSE,35.416666666666664,High,20.75,79.25,Below Expected Value by Current Model,Wingers and attacking midfielders,1.1.0,2026-08-01 14:43:31 UTC,63,63,283,Performance data through: 2026-08-01 (updates every day) · MLSPA compensation as of: 2026-04-16,FALSE,2026-08-01 14:43:25 UTC
BLMv6ZyRMx,asa_BLMv6ZyRMx_mls_blended,Niko Tsakiris,niko tsakiris,2005-06-19,USA,W,NA,21.032169746748803,mls,0KPqjA456v,W,asa_live,TRUE,NA,mlspa_via_asa,1023,755214,435,755214,TRUE,0.5937318630295996,0.40626813697040043,blended,2025+2026 season to date,1199.726639582124,0.24958184401705125,0.045872255688754575,0.06633352012328136,0.061030460103668416,0.024783937398683134,0.036805071347089074,0.014756599355574676,2026,755214,San Jose Earthquakes,0.20277985605674193,1,0.2339788117794967,0.24957739923926245,0.04893040606953396,52.838427947598255,0.0707557548003779,92.13973799126637,0.06509915744594733,30.131004366812228,0.026436199892754808,59.82532751091703,0.039258742771455184,53.275109170305676,0.015740372646438208,83.4061135371179,74.67248908296943,755214,67.13615023474179,71.13062568605928,520000,7.536338848227643,TRUE,FALSE,72.91666666666667,High,20.75,79.25,Undervalued,Wingers and attacking midfielders,1.1.0,2026-08-01 14:43:31 UTC,27,27,121,Performance data through: 2026-08-01 (updates every day) · MLSPA compensation as of: 2026-04-16,FALSE,2026-08-01 14:43:25 UTC
BLMv6dWAMx,asa_BLMv6dWAMx_mls_blended,Andrew Baiera,andrew baiera,2007-02-28,USA,FB,NA,19.33744010951403,mls,Vj58weDM8n,FB,asa_live,TRUE,NA,mlspa_via_asa,48,119336,0,NA,FALSE,1,0,blended,2025+2026 season to date,48,0.126,0,0.0613125,0.033,0.0020625,0.0283125,0.0013125,2026,119336,New York City FC,0.11638469243644946,1,0.1170969374411569,0.12490339994113726,0,6.443298969072165,0.06540000000204375,92.26804123711341,0.035200000001100004,63.402061855670105,0.0022000000000687503,46.90721649484536,0.03020000000094375,22.164948453608247,0.0014000000000437501,71.1340206185567,51.54639175257732,119336,24.864864864864863,20.30735455543359,343925,26.681526887712458,FALSE,TRUE,NA,Low,49,51,Small-Sample Watchlist,Fullbacks and wingbacks,1.1.0,2026-08-01 14:43:31 UTC,NA,NA,NA,Performance data through: 2026-08-01 (updates every day) · MLSPA compensation as of: 2026-04-16,FALSE,2026-08-01 14:43:25 UTC
BLMv6j1AMx,asa_BLMv6j1AMx_mls_blended,Djé D'Avilla,dje davilla,2003-05-05,Ivory Coast,CM,NA,23.156741957563312,mls,X0Oq66zq6D,CM,asa_live,TRUE,NA,mlspa_via_asa,1148,685486,1579,685486,TRUE,0.6212121212121212,0.3787878787878788,blended,2025+2026 season to date,1746.1060606060605,0.050338087972825143,0.009715212036222163,0.013270274215967687,0.011372730973902597,-0.01652359499272102,0.05276949182862736,-0.020266026089173647,2026,685486,Chicago Fire FC,0.13644825463003651,1,0.07236015290069124,0.07718416309648266,0.010362892838960814,33.9622641509434,0.014154959164141208,45.283018867924525,0.012130913039208527,22.641509433962263,-0.01762516799278654,12.264150943396226,0.05628745795229484,42.924528301886795,-0.02161709449579409,8.49056603773585,1.8867924528301887,685486,64.14141414141415,66.52030735455543,535541.5,-62.25462168858396,TRUE,FALSE,7.8431372549019605,High,20.75,79.25,Below Expected Value by Current Model,Central and defensive midfielders,1.1.0,2026-08-01 14:43:31 UTC,95,95,404,Performance data through: 2026-08-01 (updates every day) · MLSPA compensation as of: 2026-04-16,FALSE,2026-08-01 14:43:25 UTC
BLMv6jROMx,asa_BLMv6jROMx_mls_blended,Julián Fernández,julian fernandez,2004-01-30,Argentina,W,NA,21.418206707734427,mls,Vj58weDM8n,W,asa_live,TRUE,NA,mlspa_via_asa,0,NA,1665,724300,TRUE,0,1,blended,2025+2026 season to date,1665,0.27604864864864864,0.04533513513513514,0.04584864864864865,0.07829189189189188,0.03619459459459459,0.06420540540540541,0.00617297297297297,2026,724300,New York City FC,0.20277985605674193,1,0.25663969696867334,0.27374901010847286,0.04835747747898865,51.09170305676856,0.04890522522675351,86.02620087336244,0.08351135135396107,47.161572052401745,0.03860756756877405,71.17903930131004,0.06848576576790595,90.82969432314411,0.006584504504710267,66.37554585152839,85.58951965065502,724300,65.25821596244131,68.6059275521405,520000,20.33130368821371,FALSE,FALSE,NA,Low,41,59,Insufficient Evidence,Wingers and attacking midfielders,1.1.0,2026-08-01 14:43:31 UTC,NA,NA,NA,Performance data through: 2026-08-01 (updates every day) · MLSPA compensation as of: 2026-04-16,FALSE,2026-08-01 14:43:25 UTC
BLMv7DLA5x,asa_BLMv7DLA5x_mls_blended,Darren Yapi,darren yapi,2004-11-19,USA,W,NA,21.61259411362081,mls,pzeQZ6xQKw,W,asa_live,TRUE,NA,mlspa_via_asa,988,820000,1593,820000,TRUE,0.5853080568720379,0.4146919431279621,blended,2025+2026 season to date,1648.6042654028436,0.20056184901063007,0.05061662583340028,-0.03161416579644952,0.1382381884756473,-0.00363371555948269,0.03049978913968994,0.016455126917824723,2026,820000,Colorado Rapids,0.20277985605674193,1,0.20115368468760664,0.2145639303401522,0.053991067557314185,62.00873362445415,-0.033721776850599954,22.270742358078603,0.14745406771196506,83.4061135371179,-0.003875963263569326,30.56768558951965,0.03253310841668593,39.301310043668124,0.017552135379561542,86.02620087336244,52.40174672489083,820000,69.9530516431925,75.35675082327113,520000,-17.551304918301668,TRUE,FALSE,39.583333333333336,High,20.75,79.25,Below Expected Value by Current Model,Wingers and attacking midfielders,1.1.0,2026-08-01 14:43:31 UTC,59,59,266,Performance data through: 2026-08-01 (updates every day) · MLSPA compensation as of: 2026-04-16,FALSE,2026-08-01 14:43:25 UTC
BLMv7L435x,asa_BLMv7L435x_mls_blended,Andrés Reyes,andres reyes,1999-09-08,Colombia,CB,NA,25.812457221081452,mls,zeQZBOzQKw,CB,asa_live,TRUE,NA,mlspa_via_asa,0,NA,43,807000,TRUE,0,1,blended,2025+2026 season to date,43,-0.4943720930232558,0,0.06299999999999999,2.0930232558139536e-4,0.00586046511627907,0.06948837209302326,-0.6329302325581395,2026,807000,San Diego FC,0.13407640205361335,1,0.09204951980119441,0.09818615445767569,0,6.806282722513089,0.06720000000209998,73.82198952879581,2.2325581396046514e-4,8.900523560209423,0.006251162790893024,64.3979057591623,0.07412093023487443,50.261780104712045,-0.6751255814164465,0.5235602094240838,7.329842931937173,807000,73.48066298342542,74.86278814489572,501667,-66.15082005148824,FALSE,FALSE,NA,Low,41,59,Insufficient Evidence,Center backs,1.1.0,2026-08-01 14:43:31 UTC,NA,NA,NA,Performance data through: 2026-08-01 (updates every day) · MLSPA compensation as of: 2026-04-16,FALSE,2026-08-01 14:43:25 UTC
BLMv7oaB5x,asa_BLMv7oaB5x_mls_blended,Djibril Diani,djibril diani,1998-02-11,France,CM,NA,28.383299110198493,mls,NPqxKXZ59d,CM,asa_live,TRUE,NA,mlspa_via_asa,790,387944,1620,387944,TRUE,0.5302013422818792,0.4697986577181208,blended,2025+2026 season to date,1551.0738255033557,0.12771439224459358,0.01734153616703952,0.005033184190902307,0.04876979865771813,0.02036860551826994,0.058042132736763605,-0.021840865026099925,2026,387944,Charlotte FC,0.13644825463003651,1,0.1301505324500742,0.13882723461775084,0.01849763857875354,58.9622641509434,0.005368729803796901,33.490566037735846,0.05202111856985833,82.0754716981132,0.02172651255350022,82.0754716981132,0.06191160825448258,54.24528301886792,-0.023296922695234614,7.547169811320755,42.924528301886795,387944,40.90909090909091,43.24917672886937,535541.5,2.0154373927958886,TRUE,FALSE,56.86274509803921,Medium,29.75,70.25,Fair Value,Central and defensive midfielders,1.1.0,2026-08-01 14:43:31 UTC,45,45,191,Performance data through: 2026-08-01 (updates every day) · MLSPA compensation as of: 2026-04-16,FALSE,2026-08-01 14:43:25 UTC
BLMv7ygB5x,asa_BLMv7ygB5x_mls_blended,César Araújo,cesar araujo,2001-04-02,Uruguay,CM,NA,24.246406570841888,mls,jYQJ8EW5GR,CM,asa_live,TRUE,NA,mlspa_via_asa,0,NA,2101,548000,TRUE,0,1,blended,2025+2026 season to date,2101,0.1513165159447882,0.01919514516896716,0.05525083293669682,0.020467396477867678,-7.325083293669681e-4,0.05813802950975726,-0.00100237981913374,2026,548000,Orlando City SC,0.13644825463003651,1,0.1480136811469907,0.15788125989505722,0.020474821514204808,65.09433962264151,0.05893422180098497,80.66037735849056,0.021831889577074437,46.22641509433962,-7.813422180158496e-4,36.320754716981135,0.06201389814567901,54.716981132075475,-0.0010692051404427355,50,67.9245283018868,548000,51.515151515151516,56.09220636663008,535541.5,16.40937678673528,FALSE,FALSE,NA,Low,41,59,Insufficient Evidence,Central and defensive midfielders,1.1.0,2026-08-01 14:43:31 UTC,NA,NA,NA,Performance data through: 2026-08-01 (updates every day) · MLSPA compensation as of: 2026-04-16,FALSE,2026-08-01 14:43:25 UTC
BLMvkAAR5x,asa_BLMvkAAR5x_mls_blended,Danley Jean Jacques,danley jean jacques,2000-05-20,Haiti,CM,NA,26.11362080766598,mls,9z5k7Yg5A3,CM,asa_live,TRUE,NA,mlspa_via_asa,1499,702500,2933,702500,TRUE,0.6816734879490678,0.3183265120509322,blended,2025+2026 season to date,2432.651659845384,0.1823057334587972,0.017043425032641217,0.03273884419149081,0.05928175315097663,0.009700049165328994,0.06622764198523738,-0.0026859800668778693,2026,702500,Philadelphia Union,0.13644825463003651,1,0.17323298446438773,0.18478185010112133,0.018179653368718747,58.0188679245283,0.03492143380534816,70.28301886792453,0.06323387002968446,88.20754716981132,0.010346719110007596,65.56603773584905,0.07064281811979413,68.39622641509433,-0.00286504540475926,40.094339622641506,85.84905660377359,702500,66.66666666666667,67.2886937431394,535541.5,19.18238993710692,TRUE,FALSE,74.50980392156863,High,20.75,79.25,Undervalued,Central and defensive midfielders,1.1.0,2026-08-01 14:43:31 UTC,27,27,113,Performance data through: 2026-08-01 (updates every day) · MLSPA compensation as of: 2026-04-16,FALSE,2026-08-01 14:43:25 UTC
BLMvzGl8Mx,asa_BLMvzGl8Mx_mls_blended,Wilson Harris,wilson harris,1999-11-28,USA,FW,NA,26.590006844626966,mls,19vQ2095K6,FW,asa_live,FALSE,NA,NA,52,NA,0,NA,FALSE,1,0,blended,2025+2026 season to date,52,-0.11907692307692308,0,-0.07788461538461539,0.07892307692307693,-0.1575,0.04084615384615385,-0.00346153846153846,2026,NA,New England Revolution,0.21108432719581333,1,0.18475244833970553,0.19706927823517764,0,3.900709219858156,-0.08307692307951924,12.76595744680851,0.08418461538724616,12.76595744680851,-0.16800000000525,4.25531914893617,0.04356923077059231,80.85106382978724,-0.003692307692423075,16.31205673758865,24.113475177304963,NA,NA,NA,535000,NA,FALSE,FALSE,NA,Insufficient,49,51,Insufficient Evidence,Strikers,1.1.0,2026-08-01 14:43:31 UTC,NA,NA,NA,Performance data through: 2026-08-01 (updates every day) · MLSPA compensation as of: 2026-04-16,FALSE,2026-08-01 14:43:25 UTC
BLMvzKKjMx,asa_BLMvzKKjMx_mls_blended,Andrew Brody,andrew brody,1995-05-03,USA,FB,NA,30.16290212183436,mls,Z2vQ1xlqrA,FB,asa_live,TRUE,NA,mlspa_via_asa,0,NA,556,300678,TRUE,0,1,blended,2025+2026 season to date,556,0.08651978417266186,0.00675,-0.00788309352517985,0.01534532374100719,0.02146402877697841,0.05005035971223021,7.931654676258992e-4,2026,300678,Sporting Kansas City,0.11638469243644946,1,0.1020206016106139,0.10882197505472217,0.0072000000002249995,30.927835051546392,-0.008408633093787943,22.68041237113402,0.016368345324252513,34.02061855670103,0.022894964029492437,85.05154639175258,0.05338705036138057,48.45360824742268,8.460431654940647e-4,67.52577319587628,29.38144329896907,300678,44.86486486486486,36.11416026344676,343925,-15.483421565895792,FALSE,FALSE,NA,Low,41,59,Insufficient Evidence,Fullbacks and wingbacks,1.1.0,2026-08-01 14:43:31 UTC,NA,NA,NA,Performance data through: 2026-08-01 (updates every day) · MLSPA compensation as of: 2026-04-16,FALSE,2026-08-01 14:43:25 UTC
BLMvzyGjMx,asa_BLMvzyGjMx_mls_blended,Emmanuel Latte Lath,emmanuel latte lath,1999-01-01,Ivory Coast,FW,NA,27.496235455167692,mls,KAqBN0Vqbg,FW,asa_live,TRUE,NA,mlspa_via_asa,1025,3736000,2441,3736000,TRUE,0.5942028985507246,0.4057971014492754,blended,2025+2026 season to date,2015.5507246376812,0.1886740316691306,0.05339149528881605,-0.07950404930267353,0.18903706677591148,-0.008572069180485543,0.03411047931175748,2.111087758046416e-4,2026,3736000,Atlanta United FC,0.21108432719581333,1,0.19381489060539622,0.20673588331888312,0.05695092830985017,46.808510638297875,-0.08480431925883523,11.347517730496454,0.20163953790060682,54.60992907801418,-0.009143540459470315,65.95744680851064,0.036384511267011664,65.95744680851064,2.2518269419865468e-4,35.46099290780142,34.751773049645394,3736000,93.28358208955224,96.9264544456641,535000,-58.53180903990685,TRUE,FALSE,10.344827586206897,High,20.75,79.25,Below Expected Value by Current Model,Strikers,1.1.0,2026-08-01 14:43:31 UTC,53,53,393,Performance data through: 2026-08-01 (updates every day) · MLSPA compensation as of: 2026-04-16,FALSE,2026-08-01 14:43:25 UTC
EGMP1jAA5a,asa_EGMP1jAA5a_mls_blended,Frankie Amaya,frankie amaya,2000-09-26,USA,CM,NA,25.760438056125945,mls,APk5LGOMOW,CM,asa_live,TRUE,NA,NA,10,574000,613,574000,TRUE,0.15,0.85,blended,2025+2026 season to date,531.05,0.08912884991843396,0.021402528548123974,-0.01738666394779772,0.03483851549755301,-0.0053970636215334355,0.05648270799347472,-8.111745513866231e-4,2026,574000,CF Montréal,0.13644825463003651,1,0.11423087266452081,0.12184626417929656,0.02282936378537899,70.28301886792453,-0.018545774878230455,11.320754716981131,0.037161083198551166,68.39622641509433,-0.0057568678631489,24.056603773584907,0.060248221861589124,48.113207547169814,-8.652528548394371e-4,51.41509433962264,26.88679245283019,574000,55.05050505050505,58.23271130625686,535541.5,-28.163712597674863,FALSE,TRUE,NA,Low,41,59,Small-Sample Watchlist,Central and defensive midfielders,1.1.0,2026-08-01 14:43:31 UTC,NA,NA,NA,Performance data through: 2026-08-01 (updates every day) · MLSPA compensation as of: 2026-04-16,FALSE,2026-08-01 14:43:25 UTC
EGMP1vxy5a,asa_EGMP1vxy5a_mls_blended,Kristoffer Velde,kristoffer velde,1999-09-09,Norway,W,NA,26.809034907597535,mls,WBLMvYAQxe,W,asa_live,TRUE,NA,mlspa_via_asa,1542,3027000,1124,3027000,TRUE,0.687778768956289,0.312221231043711,blended,2025+2026 season to date,1892.9366636931313,0.27521824057701405,0.06851896819375176,0.008824943412878067,0.07569445970012795,0.0652848784607033,0.044692800975235,0.012202189834317987,2026,3027000,Portland Timbers FC,0.20277985605674193,1,0.25778377008076986,0.274969354761414,0.07308689940895251,84.71615720524018,0.00941327297403077,63.75545851528384,0.08074075701599295,44.54148471615721,0.06963720369359301,85.58951965065502,0.04767232104174043,68.99563318777292,0.013015669157012593,76.85589519650655,86.02620087336244,3027000,91.54929577464789,95.49945115257958,520000,-5.523094901285447,TRUE,FALSE,52.083333333333336,High,14,86,Fair Value,Wingers and attacking midfielders,1.1.0,2026-08-01 14:43:31 UTC,47,47,211,Performance data through: 2026-08-01 (updates every day) · MLSPA compensation as of: 2026-04-16,FALSE,2026-08-01 14:43:25 UTC
EGMP1wzA5a,asa_EGMP1wzA5a_mls_blended,Tate Schmitt,tate schmitt,1997-05-28,USA,FB,NA,28.093086926762492,mls,vzqoOgNqap,FB,asa_live,TRUE,NA,mlspa_via_asa,0,NA,44,104000,TRUE,0,1,blended,2025+2026 season to date,44,-0.07281818181818182,0.048886363636363644,0.030886363636363625,6.136363636363635e-4,-0.09899999999999999,-0.05727272727272726,0.00306818181818181,2026,104000,Nashville SC,0.11638469243644946,1,0.10345778798426968,0.11035497385333624,0.0521454545470841,94.3298969072165,0.03294545454648408,70.10309278350516,6.54545454565909e-4,2.577319587628866,-0.10560000000329998,2.0618556701030926,-0.06109090909281817,1.5463917525773196,0.0032727272728295368,80.9278350515464,31.95876288659794,104000,13.783783783783784,12.952799121844127,343925,18.174979102814156,FALSE,FALSE,NA,Low,41,59,Insufficient Evidence,Fullbacks and wingbacks,1.1.0,2026-08-01 14:43:31 UTC,NA,NA,NA,Performance data through: 2026-08-01 (updates every day) · MLSPA compensation as of: 2026-04-16,FALSE,2026-08-01 14:43:25 UTC
EGMPR64xqa,asa_EGMPR64xqa_mls_blended,Noah Cobb,noah cobb,2005-07-20,NA,CB,NA,20.947296372347708,mls,pzeQZ6xQKw,CB,asa_live,TRUE,NA,mlspa_via_asa,428,130000.04,914,130000.04,TRUE,0.37943262411347517,0.6205673758865249,blended,2025+2026 season to date,995.1985815602837,0.12441020880860376,0.005450114064900594,0.0661323909399879,0.01839219702965687,2.060326365287071e-4,0.038502700311932585,-0.004273226174402902,2026,130000.04,Colorado Rapids,0.13407640205361335,1,0.12804594169731595,0.13658233781473855,0.005813455002742304,32.98429319371728,0.07054121700485817,78.01047120418848,0.019618343498913733,61.2565445026178,2.1976814563748868e-4,38.21989528795812,0.04106954700067818,19.3717277486911,-0.0045581079195055356,48.69109947643979,34.55497382198953,130000.04,18.784530386740332,22.941822173435785,501667,15.770443435249195,FALSE,TRUE,NA,Low,41,59,Small-Sample Watchlist,Center backs,1.1.0,2026-08-01 14:43:31 UTC,NA,NA,NA,Performance data through: 2026-08-01 (updates every day) · MLSPA compensation as of: 2026-04-16,FALSE,2026-08-01 14:43:25 UTC
EGMPRAgxqa,asa_EGMPRAgxqa_mls_blended,Dylan Borso,dylan borso,2006-06-02,USA,FB,NA,20.079397672826833,mls,X0Oq66zq6D,FB,asa_live,TRUE,NA,mlspa_via_asa,116,121400,0,NA,FALSE,1,0,blended,2025+2026 season to date,116,0.3957672413793103,0.027232758620689655,-0.07223275862068965,0.04011206896551724,0.09411206896551724,0.3213620689655172,-0.014818965517241368,2026,121400,Chicago Fire FC,0.11638469243644946,1,0.16164778695791854,0.1724243060938347,0.029048275862976723,83.50515463917526,-0.07704827586447671,2.0618556701030926,0.04278620689788879,72.68041237113403,0.10038620689968879,97.9381443298969,0.34278620690726375,99.48453608247422,-0.01580689655221809,13.402061855670103,90.20618556701031,121400,25.405405405405407,20.74643249176729,343925,64.8007801616049,FALSE,TRUE,NA,Low,49,51,Small-Sample Watchlist,Fullbacks and wingbacks,1.1.0,2026-08-01 14:43:31 UTC,NA,NA,NA,Performance data through: 2026-08-01 (updates every day) · MLSPA compensation as of: 2026-04-16,FALSE,2026-08-01 14:43:25 UTC
EGMPREorqa,asa_EGMPREorqa_mls_blended,Luca Moisa,luca moisa,2008-04-20,USA,CM,NA,18.195756331279945,mls,a2lqR4JMr0,CM,asa_live,TRUE,NA,mlspa_via_asa,193,113400,0,NA,FALSE,1,0,blended,2025+2026 season to date,193,0.03926424870466322,0.00559585492227979,-0.01487564766839378,0.00676165803108808,0.012310880829015538,0.02648704663212435,0.0029844559585492205,2026,113400,Real Salt Lake,0.13644825463003651,1,0.11279565293571489,0.12031536313518908,0.0059689119172849706,20.28301886792453,-0.01586735751344922,13.679245283018869,0.007212435233386007,11.79245283018868,0.013131606218026937,71.69811320754717,0.02825284974181554,12.735849056603774,0.0031834196892186503,78.77358490566037,24.528301886792452,113400,14.393939393939394,16.41053787047201,535541.5,10.134362492853057,FALSE,TRUE,NA,Low,49,51,Small-Sample Watchlist,Central and defensive midfielders,1.1.0,2026-08-01 14:43:31 UTC,NA,NA,NA,Performance data through: 2026-08-01 (updates every day) · MLSPA compensation as of: 2026-04-16,FALSE,2026-08-01 14:43:25 UTC
EGMPRNwVqa,asa_EGMPRNwVqa_mls_blended,Igor Jesus,igor jesus,2003-03-07,Brazil,CM,NA,22.31895961670089,mls,eVq3ya6MWO,CM,asa_live,TRUE,NA,mlspa_via_asa,0,NA,2075,616684,TRUE,0,1,blended,2025+2026 season to date,2075,0.11032915662650604,0.01741012048192771,0.03677638554216867,0.01928819277108433,-0.00964192771084337,0.04693012048192772,-4.337349397590362e-4,2026,616684,Los Angeles FC,0.13644825463003651,1,0.11618764589832596,0.12393348896208728,0.018570795181303227,59.905660377358494,0.03922814457953913,73.58490566037736,0.020574072289799558,42.924528301886795,-0.010284722891887659,18.39622641509434,0.05005879518228724,32.54716981132076,-4.626506024240964e-4,55.660377358490564,28.77358490566038,616684,58.08080808080808,61.47091108671789,535541.5,-29.307223175147705,FALSE,FALSE,NA,Low,41,59,Insufficient Evidence,Central and defensive midfielders,1.1.0,2026-08-01 14:43:31 UTC,NA,NA,NA,Performance data through: 2026-08-01 (updates every day) · MLSPA compensation as of: 2026-04-16,FALSE,2026-08-01 14:43:25 UTC
EGMPROvAqa,asa_EGMPROvAqa_mls_blended,Alisa Randell,alisa randell,2007-08-25,USA,CM,NA,17.8507871321013,mls,kRQand1MKZ,CM,asa_live,TRUE,NA,mlspa_via_asa,0,NA,81,91016,TRUE,0,1,blended,2025+2026 season to date,81,0.09566666666666666,0,0.00977777777777777,0.05722222222222222,-0.07344444444444445,0.10833333333333334,-0.006222222222222219,2026,91016,Minnesota United FC,0.13644825463003651,1,0.13159758117183834,0.14037075325434747,0,6.60377358490566,0.010429629629955547,42.45283018867924,0.06103703703894445,87.73584905660377,-0.07834074074318889,1.8867924528301887,0.11555555555916668,93.86792452830188,-0.006637037037244441,26.41509433962264,46.22641509433962,91016,5.555555555555555,7.683863885839736,535541.5,40.670859538784065,FALSE,FALSE,NA,Low,41,59,Insufficient Evidence,Central and defensive midfielders,1.1.0,2026-08-01 14:43:31 UTC,NA,NA,NA,Performance data through: 2026-08-01 (updates every day) · MLSPA compensation as of: 2026-04-16,FALSE,2026-08-01 14:43:25 UTC
EGMPRgDAqa,asa_EGMPRgDAqa_mls_blended,Brayan Ceballos,brayan ceballos,2001-05-24,Colombia,CB,NA,25.10335386721424,mls,19vQ2095K6,CB,asa_live,TRUE,NA,mlspa_via_asa,722,855625,2868,855625,TRUE,0.5077355836849508,0.49226441631504925,blended,2025+2026 season to date,2133.814345991561,0.1421572833359815,0.008296320816340939,0.03400835937362075,0.02797201772504987,0.004091520576240664,0.07827376727927546,-0.01048470243454619,2026,855625,New England Revolution,0.13407640205361335,1,0.1403837434551443,0.1497426596901667,0.008849408871040212,52.87958115183246,0.03627558333299574,29.319371727748692,0.02983681890765226,75.91623036649214,0.004364288614793092,57.59162303664922,0.08349201843383627,60.20942408376963,-0.011183682597198758,28.79581151832461,52.35602094240838,855625,77.90055248618785,77.27771679473106,501667,-25.54453154377947,TRUE,FALSE,23.711340206185568,Medium,29.75,70.25,Below Expected Value by Current Model,Center backs,1.1.0,2026-08-01 14:43:31 UTC,75,75,335,Performance data through: 2026-08-01 (updates every day) · MLSPA compensation as of: 2026-04-16,FALSE,2026-08-01 14:43:25 UTC
EGMPRpB0qa,asa_EGMPRpB0qa_mls_blended,Luca Langoni,luca langoni,2002-02-09,Argentina,W,NA,24.38877481177276,mls,19vQ2095K6,W,asa_live,TRUE,NA,mlspa_via_asa,940,787283,1818,787283,TRUE,0.573170731707317,0.426829268292683,blended,2025+2026 season to date,1715.9756097560976,0.15884558077758998,0.051179238106737496,-0.03169486235208886,0.05989204902197537,0.04020661675923689,0.038102451098768406,0.0011600881429606343,2026,787283,New England Revolution,0.20277985605674193,1,0.17022763724504442,0.1815761464003883,0.0545911873155593,64.19213973799127,-0.03380785317661795,21.83406113537118,0.06388485229210346,27.94759825327511,0.04288705787785957,74.67248908296943,0.04064261450662305,55.45851528384279,0.001237427352530013,47.59825327510917,20.96069868995633,787283,68.07511737089202,73.21624588364435,520000,-47.114418680935685,TRUE,FALSE,15.625,High,20.75,79.25,Below Expected Value by Current Model,Wingers and attacking midfielders,1.1.0,2026-08-01 14:43:31 UTC,82,82,370,Performance data through: 2026-08-01 (updates every day) · MLSPA compensation as of: 2026-04-16,FALSE,2026-08-01 14:43:25 UTC
EGMPRw86qa,asa_EGMPRw86qa_mls_blended,Matthew Dos Santos,matthew dos santos,2008-06-05,USA,FB,NA,18.069815195071868,mls,a2lqRX2Mr0,FB,asa_live,TRUE,NA,mlspa_via_asa,1156,104756,0,NA,FALSE,1,0,blended,2025+2026 season to date,1156,0.029483564013840828,0.00914013840830449,0.00675778546712802,0.0057378892733564,-0.00705363321799307,0.01877854671280277,-0.00387716262975778,2026,104756,New York Red Bulls,0.11638469243644946,1,0.059176432495369975,0.06312152799703385,0.009749480969162793,39.69072164948454,0.0072083044984951475,36.597938144329895,0.006120415225104757,11.855670103092784,-0.007523875432761062,22.164948453608247,0.020030449827615572,15.463917525773196,-0.004135640138537538,36.597938144329895,2.577319587628866,104756,15.675675675675675,13.94072447859495,343925,-13.09835608804681,TRUE,FALSE,52.4390243902439,Medium,28.75,71.25,Fair Value,Fullbacks and wingbacks,1.1.0,2026-08-01 14:43:31 UTC,40,40,210,Performance data through: 2026-08-01 (updates every day) · MLSPA compensation as of: 2026-04-16,FALSE,2026-08-01 14:43:25 UTC
EGMPRxGrqa,asa_EGMPRxGrqa_mls_blended,Liam Mackenzie,liam mackenzie,2007-03-15,Canada,W,NA,18.29705681040383,mls,lgpMOvnQzy,W,asa_live,TRUE,NA,mlspa_via_asa,0,NA,69,96047,TRUE,0,1,blended,2025+2026 season to date,69,-0.03769565217391304,0,-0.01956521739130434,0.01226086956521739,-0.06221739130434783,0.03130434782608696,5.217391304347827e-4,2026,96047,Vancouver Whitecaps FC,0.20277985605674193,1,0.1779774493782439,0.1898426126760594,0,6.11353711790393,-0.02086956521804347,35.37117903930131,0.01307826086997391,3.930131004366812,-0.06636521739337826,7.860262008733624,0.03339130434886957,41.48471615720524,5.565217391478261e-4,44.54148471615721,25.32751091703057,96047,12.206572769953052,9.989023051591657,520000,13.120938147077517,FALSE,FALSE,NA,Low,41,59,Insufficient Evidence,Wingers and attacking midfielders,1.1.0,2026-08-01 14:43:31 UTC,NA,NA,NA,Performance data through: 2026-08-01 (updates every day) · MLSPA compensation as of: 2026-04-16,FALSE,2026-08-01 14:43:25 UTC
EGMPRxR4qa,asa_EGMPRxR4qa_mls_blended,Willy Kumado,willy kumado,2002-10-16,Ghana,FB,NA,23.707049965776864,mls,zeQZBOzQKw,FB,asa_live,TRUE,NA,mlspa_via_asa,35,125835,874,125835,TRUE,0.15,0.85,blended,2025+2026 season to date,777.9,0.06261187316116376,0.0032910755148741373,-0.02142433965348152,0.020184625694671453,0.016901243870545923,0.0663729405034325,-0.02271367276887871,2026,125835,San Diego FC,0.11638469243644946,1,0.08602699150441902,0.09176212427424785,0.0035104805493087823,20.103092783505154,-0.022852628964427767,12.371134020618557,0.02153026740832237,43.29896907216495,0.018027993462479026,79.89690721649484,0.07079780320587375,71.64948453608247,-0.024227917620894414,7.731958762886598,12.88659793814433,125835,28.64864864864865,22.283205268935237,343925,-15.762050710504319,FALSE,TRUE,NA,Low,41,59,Small-Sample Watchlist,Fullbacks and wingbacks,1.1.0,2026-08-01 14:43:31 UTC,NA,NA,NA,Performance data through: 2026-08-01 (updates every day) · MLSPA compensation as of: 2026-04-16,FALSE,2026-08-01 14:43:25 UTC
EGMPYRXV5a,asa_EGMPYRXV5a_mls_blended,Musu,musu,NA,USA,W,NA,26,mls,Vj58weDM8n,W,asa_live,FALSE,NA,NA,0,NA,20,NA,TRUE,0,1,blended,2025+2026 season to date,20,1.0053,0.1179,0.1026,0.7861499999999999,0.00855,0.006750000000000001,-0.01665,2026,NA,New York City FC,0.20277985605674193,1,0.2286676026355567,0.2439121094855494,0.12576000000393,98.2532751091703,0.10944000000342,97.81659388646288,0.8385600000262049,99.56331877729258,0.009120000000285,44.54148471615721,0.007200000000225,13.537117903930131,-0.017760000000555002,2.6200873362445414,72.92576419213974,NA,NA,NA,520000,NA,FALSE,FALSE,NA,Insufficient,41,59,Insufficient Evidence,Wingers and attacking midfielders,1.1.0,2026-08-01 14:43:31 UTC,NA,NA,NA,Performance data through: 2026-08-01 (updates every day) · MLSPA compensation as of: 2026-04-16,FALSE,2026-08-01 14:43:25 UTC
EGMPYkGA5a,asa_EGMPYkGA5a_mls_blended,Kieran Chandler,kieran chandler,2005-06-09,USA,FB,NA,21.05954825462012,mls,kRQand1MKZ,FB,asa_live,TRUE,NA,mlspa_via_asa,17,88025,68,88025,TRUE,0.15,0.85,blended,2025+2026 season to date,74.8,0.056428676470588225,0,-0.02267867647058823,0.0021374999999999996,-3.441176470588155e-4,0.07731397058823529,0,2026,88025,Minnesota United FC,0.11638469243644946,1,0.10973870844971795,0.11705462235002377,0,6.443298969072165,-0.024190588236050067,10.824742268041238,0.0022800000000712498,5.670103092783505,-3.670588235408738e-4,39.175257731958766,0.08246823529669477,82.98969072164948,0,59.5360824742268,40.72164948453608,88025,4.054054054054054,4.33589462129528,343925,36.667595430482024,FALSE,TRUE,NA,Low,41,59,Small-Sample Watchlist,Fullbacks and wingbacks,1.1.0,2026-08-01 14:43:31 UTC,NA,NA,NA,Performance data through: 2026-08-01 (updates every day) · MLSPA compensation as of: 2026-04-16,FALSE,2026-08-01 14:43:25 UTC
EGMPZ0m3qa,asa_EGMPZ0m3qa_mls_blended,Juan Mosquera,juan mosquera,2002-09-05,Colombia,FB,NA,23.81930184804928,mls,WBLMvYAQxe,FB,asa_live,TRUE,NA,mlspa_via_asa,85,541650,2805,541650,TRUE,0.15,0.85,blended,2025+2026 season to date,2469.25,0.13914,0.024810802139037434,0.020582727272727273,0.019099251336898392,0.01622342245989304,0.05457192513368982,0.0038518716577540073,2026,541650,Portland Timbers FC,0.11638469243644946,1,0.13469162188217634,0.14367106334547783,0.026464855615800288,79.89690721649484,0.02195490909159518,56.70103092783505,0.020372534759994926,40.20618556701031,0.017304983957760024,78.8659793814433,0.058210053477754875,54.63917525773196,0.00410866310173267,83.50515463917526,72.16494845360825,541650,71.35135135135135,55.65312843029638,343925,0.8135971022568924,FALSE,TRUE,NA,Low,41,59,Small-Sample Watchlist,Fullbacks and wingbacks,1.1.0,2026-08-01 14:43:31 UTC,NA,NA,NA,Performance data through: 2026-08-01 (updates every day) · MLSPA compensation as of: 2026-04-16,FALSE,2026-08-01 14:43:25 UTC
EGMPZZa3qa,asa_EGMPZZa3qa_mls_blended,Peter Kingston,peter kingston,2001-07-14,USA,FB,NA,24.9637234770705,mls,jYQJ19EqGR,FB,asa_live,TRUE,NA,mlspa_via_asa,429,113400,16,113400,TRUE,0.3799822852081488,0.6200177147918512,blended,2025+2026 season to date,438.9202834366696,0.004820859167404788,0.009279007971656332,0.027789193976970765,0.04159610274579274,-0.023123782108060233,-0.04559388839681134,-0.005125775022143487,2026,113400,Seattle Sounders FC,0.11638469243644946,1,0.06925150031342224,0.0738682670032921,0.009897608503409388,40.20618556701031,0.02964180690969512,65.97938144329896,0.044369176263565464,74.22680412371135,-0.024665367582701707,9.278350515463918,-0.048633480958118556,2.577319587628866,-0.0054674933571239115,29.896907216494846,5.670103092783505,113400,19.18918918918919,16.41053787047201,343925,-13.519086096405683,FALSE,TRUE,NA,Low,41,59,Small-Sample Watchlist,Fullbacks and wingbacks,1.1.0,2026-08-01 14:43:31 UTC,NA,NA,NA,Performance data through: 2026-08-01 (updates every day) · MLSPA compensation as of: 2026-04-16,FALSE,2026-08-01 14:43:25 UTC
EGMPZlYrqa,asa_EGMPZlYrqa_mls_blended,Jansen Miller,jansen miller,2002-02-10,USA,CB,NA,24.386036960985628,mls,Z2vQ1xlqrA,CB,asa_live,TRUE,NA,mlspa_via_asa,581,89705,2614,89705,TRUE,0.453551912568306,0.5464480874316939,blended,2025+2026 season to date,2009.415300546448,0.1761422282109126,0.009774666764619975,0.033921686326016096,0.022768782398506323,-1.6431250212779736e-4,0.11585844014126778,-0.006017034917369808,2026,89705,Sporting Kansas City,0.13407640205361335,1,0.16646975649317028,0.1775677402649306,0.010426311215920461,59.68586387434555,0.036183132082214554,28.79581151832461,0.02428670122583237,70.15706806282722,-1.7526666894179428e-4,36.64921465968586,0.12358233615454758,86.38743455497382,-0.006418170578728363,39.79057591623037,81.15183246073299,89705,6.077348066298343,6.915477497255763,501667,75.07448439443465,TRUE,FALSE,98.96907216494846,Medium,29.75,70.25,Elite Value,Center backs,1.1.0,2026-08-01 14:43:31 UTC,2,2,7,Performance data through: 2026-08-01 (updates every day) · MLSPA compensation as of: 2026-04-16,FALSE,2026-08-01 14:43:25 UTC
EGMPlOjkMa,asa_EGMPlOjkMa_mls_blended,Felipe Mora,felipe mora,1993-08-02,Chile,FW,NA,32.91170431211499,mls,WBLMvYAQxe,FW,asa_live,TRUE,NA,mlspa_via_asa,544,1397750,2077,1397750,TRUE,0.43729903536977494,0.562700964630225,blended,2025+2026 season to date,1712.7299035369774,0.18060215427891144,0.05266444228396447,-0.07064120895367576,0.2030713483459169,-0.04218991999343599,0.031193616117111772,0.00650387647903001,2026,1397750,Portland Timbers FC,0.21108432719581333,1,0.18851025618141654,0.20107760659979465,0.05617540510465092,43.97163120567376,-0.07535062288627552,24.113475177304963,0.21660943824241372,63.829787234042556,-0.04500258132773806,35.46099290780142,0.033273190525959014,63.12056737588652,0.0069374682445154726,61.702127659574465,29.78723404255319,1397750,72.38805970149254,88.58397365532382,535000,-42.60082565893934,TRUE,FALSE,22.413793103448278,Medium,29.75,70.25,Below Expected Value by Current Model,Strikers,1.1.0,2026-08-01 14:43:31 UTC,46,46,341,Performance data through: 2026-08-01 (updates every day) · MLSPA compensation as of: 2026-04-16,FALSE,2026-08-01 14:43:25 UTC
EGMPn03kqa,asa_EGMPn03kqa_mls_blended,Isaiah Parente,isaiah parente,2000-03-16,USA,CM,NA,26.29158110882957,mls,kaDQ0wRqEv,CM,asa_live,TRUE,NA,mlspa_via_asa,75,113400,1236,113400,TRUE,0.15,0.85,blended,2025+2026 season to date,1125.6,0.14627462621359225,0.010658009708737863,0.022706621359223297,0.026724888349514555,0.002560077669902907,0.08577476213592233,-0.0021497330097087325,2026,113400,LA Galaxy,0.13644825463003651,1,0.14285794624712642,0.1523818093350301,0.011368543689675653,35.84905660377358,0.024220396117261737,58.0188679245283,0.028506547573706353,57.54716981132076,0.002730749514648437,46.698113207547166,0.09149307961450964,86.79245283018868,-0.0022930485437609727,43.39622641509434,61.320754716981135,113400,14.393939393939394,16.41053787047201,535541.5,46.92681532304174,FALSE,TRUE,NA,Low,41,59,Small-Sample Watchlist,Central and defensive midfielders,1.1.0,2026-08-01 14:43:31 UTC,NA,NA,NA,Performance data through: 2026-08-01 (updates every day) · MLSPA compensation as of: 2026-04-16,FALSE,2026-08-01 14:43:25 UTC
EGMPn164qa,asa_EGMPn164qa_mls_blended,Wilder Cartagena,wilder cartagena,1994-09-23,Peru,CM,NA,31.770020533880903,mls,jYQJ8EW5GR,CM,asa_live,TRUE,NA,mlspa_via_asa,79,530250,0,NA,FALSE,1,0,blended,2025+2026 season to date,79,0.12668354430379747,0,-0.01583544303797468,0.02415189873417721,0.05821518987341772,0.07963291139240507,-0.01948101265822785,2026,530250,Orlando City SC,0.13644825463003651,1,0.13531215431225613,0.14433296460425027,0,6.60377358490566,-0.016891139241034175,12.735849056603774,0.025762025317260753,52.83018867924528,0.062096202533586074,95.75471698113208,0.08494177215455317,82.0754716981132,-0.020779746836092405,8.962264150943396,51.886792452830186,530250,50,54.99451152579583,535541.5,1.8867924528301856,FALSE,TRUE,NA,Low,49,51,Small-Sample Watchlist,Central and defensive midfielders,1.1.0,2026-08-01 14:43:31 UTC,NA,NA,NA,Performance data through: 2026-08-01 (updates every day) · MLSPA compensation as of: 2026-04-16,FALSE,2026-08-01 14:43:25 UTC
EGMPnReVqa,asa_EGMPnReVqa_mls_blended,Anderson Julio,anderson julio,1996-05-31,Ecuador,FW,NA,30.083504449007528,mls,mKAqBBmqbg,FW,asa_live,TRUE,NA,mlspa_via_asa,76,820000,1857,820000,TRUE,0.15,0.85,blended,2025+2026 season to date,1654.45,0.15249997236629537,0.035355462970835805,-0.0038214001785562375,0.11105188334325312,-0.006390531204829524,0.024186307499362292,-0.00788175006377008,2026,820000,FC Dallas,0.21108432719581333,1,0.16809163015321046,0.17929773883569422,0.03771249383673671,21.27659574468085,-0.004076160190587367,82.26950354609929,0.11845534223650506,22.69503546099291,-0.0068165666186978426,68.08510638297872,0.02579872800012599,43.262411347517734,-0.008407200068284142,6.382978723404255,12.056737588652481,820000,64.17910447761194,75.35675082327113,535000,-52.12236688895946,FALSE,TRUE,NA,Low,41,59,Small-Sample Watchlist,Strikers,1.1.0,2026-08-01 14:43:31 UTC,NA,NA,NA,Performance data through: 2026-08-01 (updates every day) · MLSPA compensation as of: 2026-04-16,FALSE,2026-08-01 14:43:25 UTC
EGMPnxNAqa,asa_EGMPnxNAqa_mls_blended,Nykolas Sessock,nykolas sessock,2000-06-17,USA,FB,NA,25.037645448323065,mls,KAqBN0Vqbg,FB,asa_live,TRUE,NA,mlspa_via_asa,0,NA,9,104000,TRUE,0,1,blended,2025+2026 season to date,9,-0.166,0,-0.15,0.002,-0.018,0,0,2026,104000,Atlanta United FC,0.11638469243644946,1,0.11221151964182212,0.11969228762168398,0,6.443298969072165,-0.160000000005,1.0309278350515463,0.0021333333334,5.154639175257732,-0.019200000000599998,12.88659793814433,0,9.02061855670103,0,59.5360824742268,43.81443298969072,104000,13.783783783783784,12.952799121844127,343925,30.03064920590694,FALSE,FALSE,NA,Low,41,59,Insufficient Evidence,Fullbacks and wingbacks,1.1.0,2026-08-01 14:43:31 UTC,NA,NA,NA,Performance data through: 2026-08-01 (updates every day) · MLSPA compensation as of: 2026-04-16,FALSE,2026-08-01 14:43:25 UTC
EGMPrOV0qa,asa_EGMPrOV0qa_mls_blended,Seth Antwi,seth antwi,NA,Ghana,CM,NA,26,mls,wvq9B9wQWn,CM,asa_live,TRUE,NA,mlspa_via_asa,0,NA,22,104000,TRUE,0,1,blended,2025+2026 season to date,22,0.3346363636363636,0,0.00859090909090909,-0.0045,0,0.33054545454545453,0,2026,104000,St. Louis City SC,0.13644825463003651,1,0.14345812343733425,0.15302199833793848,0,6.60377358490566,0.009163636363922726,40.094339622641506,-0.004800000000149999,2.358490566037736,0,38.679245283018865,0.35258181819283635,99.52830188679245,0,60.613207547169814,63.20754716981132,104000,11.868686868686869,12.952799121844127,535541.5,51.338860301124456,FALSE,FALSE,NA,Low,41,59,Insufficient Evidence,Central and defensive midfielders,1.1.0,2026-08-01 14:43:31 UTC,NA,NA,NA,Performance data through: 2026-08-01 (updates every day) · MLSPA compensation as of: 2026-04-16,FALSE,2026-08-01 14:43:25 UTC
KAqB92k75b,asa_KAqB92k75b_mls_blended,Franco Escobar,franco escobar,1995-02-21,Argentina,FB,NA,30.357289527720734,mls,YgOMngl5wN,FB,asa_live,TRUE,NA,mlspa_via_asa,0,NA,1803,599167,TRUE,0,1,blended,2025+2026 season to date,1803,0.1514625623960067,0.01525956738768719,0.05721963394342762,0.03359900166389351,9.78369384359401e-4,0.05098502495840267,-0.00657903494176372,2026,599167,Houston Dynamo FC,0.11638469243644946,1,0.14270404305529327,0.15221764593040296,0.01627687188070832,60.30927835051546,0.06103427620823011,89.69072164948453,0.035838935109273044,64.94845360824742,0.0010435940100159734,45.36082474226804,0.05438402662399568,49.48453608247423,-0.007017637271433935,24.742268041237114,76.80412371134021,599167,76.75675675675676,59.82436882546652,343925,0.047366954583452525,FALSE,FALSE,NA,Low,41,59,Insufficient Evidence,Fullbacks and wingbacks,1.1.0,2026-08-01 14:43:31 UTC,NA,NA,NA,Performance data through: 2026-08-01 (updates every day) · MLSPA compensation as of: 2026-04-16,FALSE,2026-08-01 14:43:25 UTC
KAqB96V75b,asa_KAqB96V75b_mls_blended,Luis Abram,luis abram,1996-02-27,Peru,CB,NA,29.34154688569473,mls,KAqBN0Vqbg,CB,asa_live,TRUE,NA,mlspa_via_asa,0,NA,1690,871888,TRUE,0,1,blended,2025+2026 season to date,1690,0.10273313609467456,0.00265207100591715,0.06097100591715976,0.00201834319526627,0.01437869822485207,0.03786923076923076,-0.015156213017751472,2026,871888,Atlanta United FC,0.13407640205361335,1,0.11094534551623057,0.11834170188767745,0.002828875739733362,18.32460732984293,0.06503573964700278,70.68062827225131,0.002152899408351299,15.18324607329843,0.015337278106988164,87.95811518324608,0.04039384615510845,18.848167539267017,-0.01616662721944011,17.277486910994764,19.895287958115183,871888,79.00552486187846,77.8265642151482,501667,-59.11023690376327,FALSE,FALSE,NA,Low,41,59,Insufficient Evidence,Center backs,1.1.0,2026-08-01 14:43:31 UTC,NA,NA,NA,Performance data through: 2026-08-01 (updates every day) · MLSPA compensation as of: 2026-04-16,FALSE,2026-08-01 14:43:25 UTC
KAqB9DZX5b,asa_KAqB9DZX5b_mls_blended,Richie Laryea,richie laryea,1995-01-07,Canada,FB,NA,31.479808350444905,mls,kRQabn8MKZ,FB,asa_live,TRUE,NA,mlspa_via_asa,1346,1214438,1426,1214438,TRUE,0.6578690127077224,0.34213098729227764,blended,2025+2026 season to date,1833.878787878788,0.11346645251775778,0.011854055187901266,0.009310194420337838,0.026028877198899368,0.02727409689346983,0.042709377172165025,-0.0037101483550155663,2026,1214438,Toronto FC,0.11638469243644946,1,0.11418585726376858,0.12179824775182602,0.012644325534156486,51.54639175257732,0.0099308740486707,41.23711340206186,0.027764135679693623,53.608247422680414,0.029092370020610287,90.20618556701031,0.045556668985066336,36.08247422680412,-0.003957491578806942,37.11340206185567,46.90721649484536,1214438,98.37837837837837,86.2788144895719,343925,-51.471161883533014,TRUE,FALSE,9.75609756097561,High,20.75,79.25,Below Expected Value by Current Model,Fullbacks and wingbacks,1.1.0,2026-08-01 14:43:31 UTC,75,75,396,Performance data through: 2026-08-01 (updates every day) · MLSPA compensation as of: 2026-04-16,FALSE,2026-08-01 14:43:25 UTC
KAqB9K1v5b,asa_KAqB9K1v5b_mls_blended,Bartosz Slisz,bartosz slisz,1999-03-29,Poland,CM,NA,26.258726899383984,mls,KAqBN0Vqbg,CM,asa_live,TRUE,NA,mlspa_via_asa,0,NA,2586,870000,TRUE,0,1,blended,2025+2026 season to date,2586,0.18982830626450117,0.02105916473317865,0.0596276102088167,0.024790023201856144,0.02073897911832946,0.07063921113689095,-0.00702668213457076,2026,870000,Atlanta United FC,0.13644825463003651,1,0.17977556584369803,0.19176060357260374,0.022463109049425868,68.86792452830188,0.0636027842247254,83.9622641509434,0.026442691416139554,54.24528301886792,0.022121577726909387,82.54716981132076,0.07534849188170499,75,-0.007495127610443034,23.58490566037736,89.15094339622641,870000,80.3030303030303,77.66190998902306,535541.5,8.847913093196112,FALSE,FALSE,NA,Low,41,59,Insufficient Evidence,Central and defensive midfielders,1.1.0,2026-08-01 14:43:31 UTC,NA,NA,NA,Performance data through: 2026-08-01 (updates every day) · MLSPA compensation as of: 2026-04-16,FALSE,2026-08-01 14:43:25 UTC
KAqB9KxB5b,asa_KAqB9KxB5b_mls_blended,Brian Anunga,brian anunga,1996-08-10,Cameroon,CM,NA,29.88911704312115,mls,NWMWlBK5lz,CM,asa_live,TRUE,NA,mlspa_via_asa,465,262500,1926,262500,TRUE,0.39914163090128757,0.6008583690987124,blended,2025+2026 season to date,1622.25321888412,0.053599847579318925,0.0056885002607195865,-0.01650645381252256,0.016655328707231954,-2.201837070314079e-4,0.049920797400826285,-0.0019381412699049348,2026,262500,FC Cincinnati,0.13644825463003651,1,0.0759686054724412,0.08103317917313624,0.006067733611623842,21.69811320754717,-0.017606884067240945,12.264150943396226,0.01776568395493593,36.79245283018868,-2.3486262084084124e-4,37.735849056603776,0.0532488505625454,40.094339622641506,-0.002067350687963202,45.283018867924525,3.30188679245283,262500,32.323232323232325,33.80900109769484,535541.5,-29.021345530779495,TRUE,FALSE,31.372549019607842,Medium,29.75,70.25,Below Expected Value by Current Model,Central and defensive midfielders,1.1.0,2026-08-01 14:43:31 UTC,71,71,301,Performance data through: 2026-08-01 (updates every day) · MLSPA compensation as of: 2026-04-16,FALSE,2026-08-01 14:43:25 UTC
KAqB9bKv5b,asa_KAqB9bKv5b_mls_blended,Joel Waterman,joel waterman,1996-01-24,Canada,CB,NA,30.43394934976044,mls,X0Oq66zq6D,CB,asa_live,TRUE,NA,mlspa_via_asa,963,598150,2512,598150,TRUE,0.5790739627179795,0.4209260372820205,blended,2025+2026 season to date,2020.3662056524354,0.17536974369089703,0.003919047381947282,0.06818863921008383,0.0032148877211393696,0.0012498314763818032,0.09924817209325484,-4.508341919100989e-4,2026,598150,Chicago Fire FC,0.13407640205361335,1,0.16591457481834576,0.17697554647843264,0.004180317207541069,22.513089005235603,0.07273454849302904,81.15183246073299,0.0034292135693224906,17.277486910994764,0.0013331535748489177,43.455497382198956,0.1058647169027801,80.6282722513089,-4.808898047191333e-4,74.3455497382199,80.10471204188482,598150,57.4585635359116,59.71459934138309,501667,22.646148505973223,TRUE,FALSE,75.25773195876289,High,20.75,79.25,Strong Value,Center backs,1.1.0,2026-08-01 14:43:31 UTC,25,25,111,Performance data through: 2026-08-01 (updates every day) · MLSPA compensation as of: 2026-04-16,FALSE,2026-08-01 14:43:25 UTC
KAqBNEB7qb,asa_KAqBNEB7qb_mls_blended,Kieran Sargeant,kieran sargeant,2003-05-15,USA,FB,NA,23.129363449691994,mls,zeQZBOzQKw,FB,asa_live,TRUE,NA,mlspa_via_asa,655,122180,0,NA,FALSE,1,0,blended,2025+2026 season to date,655,0.00475419847328244,0.0099618320610687,-0.00788702290076335,0.00785954198473282,0.01378167938931297,-0.01857709923664122,-3.847328244274809e-4,2026,122180,San Diego FC,0.11638469243644946,1,0.0581233589337607,0.06199824953128219,0.010625954198805342,42.2680412371134,-0.008412824427743807,22.164948453608247,0.00838351145064366,14.43298969072165,0.014700458015726559,75.25773195876289,-0.019815572519703204,4.123711340206185,-4.103816794021374e-4,55.154639175257735,2.0618556701030926,122180,26.486486486486488,21.295279912184412,343925,-24.424630816383395,TRUE,FALSE,30.48780487804878,Low,37.75,62.25,Below Expected Value by Current Model,Fullbacks and wingbacks,1.1.0,2026-08-01 14:43:31 UTC,58,58,305,Performance data through: 2026-08-01 (updates every day) · MLSPA compensation as of: 2026-04-16,FALSE,2026-08-01 14:43:25 UTC
KAqBNEpWqb,asa_KAqBNEpWqb_mls_blended,Leonardo Campana,leonardo campana,2000-07-24,Ecuador,FW,NA,25.93566050650239,mls,19vQ2095K6,FW,asa_live,TRUE,NA,mlspa_via_asa,122,1617325,1841,1617325,TRUE,0.15,0.85,blended,2025+2026 season to date,1686.85,0.22440558855219456,0.0681477618186837,-0.02994299182554029,0.20752666761649494,-0.05327077207682924,0.03589250585480092,-0.003947582835415531,2026,1617325,New England Revolution,0.21108432719581333,1,0.2209104940712147,0.2356378603499927,0.07269094594220088,65.2482269503546,-0.03193919128157441,62.4113475177305,0.2213617787978455,65.2482269503546,-0.05682215688372688,26.24113475177305,0.03828533957965073,70.92198581560284,-0.004210755024574819,15.602836879432624,57.4468085106383,1617325,75.3731343283582,90.45005488474204,535000,-17.926325817719906,FALSE,TRUE,NA,Low,41,59,Small-Sample Watchlist,Strikers,1.1.0,2026-08-01 14:43:31 UTC,NA,NA,NA,Performance data through: 2026-08-01 (updates every day) · MLSPA compensation as of: 2026-04-16,FALSE,2026-08-01 14:43:25 UTC
KAqBNL8mqb,asa_KAqBNL8mqb_mls_blended,Nathan Harriel,nathan harriel,2001-04-23,USA,FB,NA,25.188227241615333,mls,9z5k7Yg5A3,FB,asa_live,TRUE,NA,mlspa_via_asa,1742,421300,2649,421300,TRUE,0.7133497133497133,0.2866502866502867,blended,2025+2026 season to date,2501.3366093366094,0.17350759500363125,0.01830265372960729,0.039540557235913966,0.051583104003828796,-0.02977805587941488,0.09343753982542204,4.217960882740017e-4,2026,421300,Philadelphia Union,0.11638469243644946,1,0.16245631426321516,0.17328673521951138,0.01952283064552453,68.55670103092784,0.04217659438629291,79.89690721649484,0.055021977605803483,81.95876288659794,-0.0317632596057018,8.24742268041237,0.09966670915023142,90.72164948453609,4.499158275063284e-4,62.88659793814433,90.72164948453609,421300,58.37837837837838,45.444566410537874,343925,32.34327110615771,TRUE,FALSE,86.58536585365853,High,14,86,Strong Value,Fullbacks and wingbacks,1.1.0,2026-08-01 14:43:31 UTC,12,12,61,Performance data through: 2026-08-01 (updates every day) · MLSPA compensation as of: 2026-04-16,FALSE,2026-08-01 14:43:25 UTC
KAqBNbaWqb,asa_KAqBNbaWqb_mls_blended,Efrain Morales,efrain morales,2004-03-04,USA,CB,NA,22.324435318275153,mls,APk5LGOMOW,CB,asa_live,TRUE,NA,mlspa_via_asa,1143,451250,999,451250,TRUE,0.6201844818231145,0.3798155181768855,blended,2025+2026 season to date,1522.4357026587086,0.13614214974605643,0.015614245281635401,0.06632128384488667,0.05607929687690946,-0.02114927678628167,0.034879891285751294,-0.015603290756844744,2026,451250,CF Montréal,0.13407640205361335,1,0.1355581751107291,0.14459538678929632,0.016655194967598236,81.67539267015707,0.07074270277008982,79.05759162303664,0.059817916670572735,94.76439790575917,-0.022559228572738756,7.853403141361256,0.03720521737263071,17.277486910994764,-0.0166435101411545,16.230366492146597,44.50261780104712,451250,44.751381215469614,49.176728869374315,501667,-0.24876341442249128,TRUE,FALSE,51.54639175257732,High,20.75,79.25,Fair Value,Center backs,1.1.0,2026-08-01 14:43:31 UTC,48,48,214,Performance data through: 2026-08-01 (updates every day) · MLSPA compensation as of: 2026-04-16,FALSE,2026-08-01 14:43:25 UTC
KAqBNdyZqb,asa_KAqBNdyZqb_mls_blended,Kelvin Yeboah,kelvin yeboah,2000-05-06,Italy,FW,NA,26.151950718685832,mls,kRQand1MKZ,FW,asa_live,TRUE,NA,mlspa_via_asa,1459,1562700,2491,1562700,TRUE,0.6757758221398795,0.3242241778601205,blended,2025+2026 season to date,2266.64242704956,0.23520322833344087,0.06803067439261193,-0.04997183040976231,0.22658781692834362,-0.006508290429148448,-0.007818498237936322,0.004883356089332432,2026,1562700,Minnesota United FC,0.21108432719581333,1,0.2301550435490306,0.24549871312663782,0.07256605268772041,64.53900709219859,-0.05330328577207886,40.42553191489362,0.2416936713977861,73.75886524822695,-0.0069421764579752875,66.66666666666667,-0.008339731454059359,2.8368794326241136,0.005208913162117373,56.02836879432624,64.53900709219859,1562700,74.6268656716418,90.01097694840834,535000,-10.087858579443207,TRUE,FALSE,50,High,20.75,79.25,Fair Value,Strikers,1.1.0,2026-08-01 14:43:31 UTC,30,30,221,Performance data through: 2026-08-01 (updates every day) · MLSPA compensation as of: 2026-04-16,FALSE,2026-08-01 14:43:25 UTC
KAqBNnYXqb,asa_KAqBNnYXqb_mls_blended,Malte Amundsen,malte amundsen,1998-02-11,Denmark,FB,NA,28.383299110198493,mls,mvzqoLZQap,FB,asa_live,TRUE,NA,mlspa_via_asa,1165,747500,2271,747500,TRUE,0.6246648793565683,0.37533512064343166,blended,2025+2026 season to date,2017.3860589812334,0.13205326372976436,0.005588188878775744,0.0406093568162742,0.009630399382350958,0.0046516431093529195,0.07276066453936628,-0.0011869889963557314,2026,747500,Columbus Crew,0.11638469243644946,1,0.12846145779661586,0.13702555498733895,0.0059607348042137335,27.31958762886598,0.04331664727204612,80.41237113402062,0.010272426008162035,18.556701030927837,0.004961752650131502,52.06185567010309,0.07761137551108271,79.89690721649484,-0.0012661215961523465,47.93814432989691,66.49484536082474,747500,86.48648648648648,70.58177826564216,343925,-19.991641125661744,TRUE,FALSE,37.80487804878049,High,20.75,79.25,Below Expected Value by Current Model,Fullbacks and wingbacks,1.1.0,2026-08-01 14:43:31 UTC,52,52,274,Performance data through: 2026-08-01 (updates every day) · MLSPA compensation as of: 2026-04-16,FALSE,2026-08-01 14:43:25 UTC
KAqBNnrVqb,asa_KAqBNnrVqb_mls_blended,Jesús Bueno,jesus bueno,1999-04-15,Venezuela,CM,NA,27.21149897330595,mls,9z5k7Yg5A3,CM,asa_live,TRUE,NA,mlspa_via_asa,570,359125,1067,359125,TRUE,0.44881889763779526,0.5511811023622047,blended,2025+2026 season to date,1158.1102362204724,0.12734370041842238,0.034395263783217354,0.013279537890472221,0.03658536628563416,0.005995992886081365,0.06166271539159761,-0.024575175818580312,2026,359125,Philadelphia Union,0.13644825463003651,1,0.130450861968606,0.13914758610419475,0.03668828136991169,85.84905660377359,0.014164840416946354,45.75471698113208,0.03902439070589595,71.69811320754717,0.006395725745353322,55.18867924528302,0.0657735630864262,58.9622641509434,-0.026213520873971507,6.60377358490566,43.867924528301884,359125,39.39393939393939,41.38309549945115,535541.5,4.4739851343624935,TRUE,FALSE,62.745098039215684,Medium,29.75,70.25,Fair Value,Central and defensive midfielders,1.1.0,2026-08-01 14:43:31 UTC,39,39,165,Performance data through: 2026-08-01 (updates every day) · MLSPA compensation as of: 2026-04-16,FALSE,2026-08-01 14:43:25 UTC
KAqBNr8Jqb,asa_KAqBNr8Jqb_mls_blended,Kosi Thompson,kosi thompson,2003-01-27,Canada,FB,NA,23.42505133470226,mls,pzeQZ6xQKw,FB,asa_live,TRUE,NA,mlspa_via_asa,921,145260,2380,145260,TRUE,0.5681677976557681,0.4318322023442319,blended,2025+2026 season to date,1948.760641579272,0.08111430852414994,0.006770330587509522,0.009110389374750515,0.008875240410784913,0.002082048118445402,0.06216522117792212,-0.007888921145262545,2026,145260,Colorado Rapids,0.11638469243644946,1,0.08941725780944143,0.09537840833305143,0.007221685960235834,31.443298969072163,0.00971774866670423,40.72164948453608,0.009466923105133081,17.52577319587629,0.0022208513264111635,47.422680412371136,0.06630956925852244,66.49484536082474,-0.008414849221876346,22.68041237113402,15.463917525773196,145260,31.89189189189189,25.027442371020857,343925,-16.427974366118697,TRUE,FALSE,46.34146341463415,High,20.75,79.25,Below Expected Value by Current Model,Fullbacks and wingbacks,1.1.0,2026-08-01 14:43:31 UTC,45,45,237,Performance data through: 2026-08-01 (updates every day) · MLSPA compensation as of: 2026-04-16,FALSE,2026-08-01 14:43:25 UTC
KAqBNrRXqb,asa_KAqBNrRXqb_mls_blended,Noah Eile,noah eile,2002-07-19,Sweden,CB,NA,22.951403148528406,mls,a2lqRX2Mr0,CB,asa_live,TRUE,NA,mlspa_via_asa,0,NA,2944,493200,TRUE,0,1,blended,2025+2026 season to date,2944,0.2563868885869565,0.0121273777173913,0.06424422554347826,0.01743138586956522,0.03137771739130435,0.1336304347826087,-0.0024242527173913,2026,493200,New York Red Bulls,0.13407640205361335,1,0.23567969560727087,0.25139167532227824,0.012935869565621634,72.77486910994764,0.06852717391518495,76.43979057591623,0.018593478261450615,57.068062827225134,0.033469565218437226,97.90575916230367,0.14253913043923694,90.57591623036649,-0.002585869565298195,56.544502617801044,99.47643979057591,493200,48.06629834254144,51.48188803512623,501667,51.41014144803447,FALSE,FALSE,NA,Low,41,59,Insufficient Evidence,Center backs,1.1.0,2026-08-01 14:43:31 UTC,NA,NA,NA,Performance data through: 2026-08-01 (updates every day) · MLSPA compensation as of: 2026-04-16,FALSE,2026-08-01 14:43:25 UTC
KAqBjOz4qb,asa_KAqBjOz4qb_mls_blended,Brad Smith,brad smith,1994-04-09,Australia,FB,NA,31.227926078028748,mls,NWMWlBK5lz,FB,asa_live,TRUE,NA,mlspa_via_asa,0,NA,416,114000,TRUE,0,1,blended,2025+2026 season to date,416,0.0417764423076923,0.01040624999999999,-0.012959134615384612,0.05030048076923077,-0.04742307692307693,0.04406971153846154,-0.00261778846153846,2026,114000,FC Cincinnati,0.11638469243644946,1,0.08583643254121032,0.09155886138015222,0.011100000000346864,45.876288659793815,-0.013823076923508891,18.556701030927837,0.053653846155522836,80.9278350515464,-0.05058461538619616,4.639175257731959,0.0470076923091613,38.65979381443299,-0.0027923076923949504,41.75257731958763,12.371134020618557,114000,20.54054054054054,17.892425905598245,343925,-8.169406519921983,FALSE,FALSE,NA,Low,41,59,Insufficient Evidence,Fullbacks and wingbacks,1.1.0,2026-08-01 14:43:31 UTC,NA,NA,NA,Performance data through: 2026-08-01 (updates every day) · MLSPA compensation as of: 2026-04-16,FALSE,2026-08-01 14:43:25 UTC
KAqBjWZBqb,asa_KAqBjWZBqb_mls_blended,Jonathan Osorio,jonathan osorio,1992-06-12,Canada,CM,NA,34.050650239561946,mls,kRQabn8MKZ,CM,asa_live,TRUE,NA,mlspa_via_asa,1765,1083333,2150,1083333,TRUE,0.716024340770791,0.283975659229209,blended,2025+2026 season to date,2375.5476673427993,0.11872587386197464,0.011282966177649886,0.016177583848294725,0.04492765696495117,-0.012483928487192791,0.06889918392377,-0.010077588565498367,2026,1083333,Toronto FC,0.13644825463003651,1,0.1222994776652479,0.13045277618034107,0.012035163923202644,37.264150943396224,0.01725608943872029,49.528301886792455,0.0479228340974455,79.24528301886792,-0.013316190386755107,15.09433962264151,0.07349246285431797,71.69811320754717,-0.010749427803534177,17.452830188679247,32.075471698113205,1083333,88.38383838383838,84.0834248079034,535541.5,-56.308366685725176,TRUE,FALSE,9.803921568627452,High,14,86,Below Expected Value by Current Model,Central and defensive midfielders,1.1.0,2026-08-01 14:43:31 UTC,93,93,395,Performance data through: 2026-08-01 (updates every day) · MLSPA compensation as of: 2026-04-16,FALSE,2026-08-01 14:43:25 UTC
KAqBjYjvqb,asa_KAqBjYjvqb_mls_blended,Derrick Williams,derrick williams,1993-01-17,Republic of Ireland,CB,NA,32.4517453798768,mls,KAqBN0Vqbg,CB,asa_live,TRUE,NA,mlspa_via_asa,0,NA,1485,497500,TRUE,0,1,blended,2025+2026 season to date,1485,0.14904848484848485,0.01798181818181818,0.06699393939393938,0.02977575757575757,3.1515151515151515e-4,0.03474545454545454,-7.636363636363636e-4,2026,497500,Atlanta United FC,0.13407640205361335,1,0.14473997181398945,0.1543893032730801,0.01918060606120545,87.43455497382199,0.07146020202243514,80.10471204188482,0.0317608080818006,78.53403141361257,3.361616161721212e-4,39.26701570680628,0.03706181818297635,16.75392670157068,-8.14545454570909e-4,71.20418848167539,58.1151832460733,497500,49.72375690607735,52.14050493962679,501667,8.391426339995952,FALSE,FALSE,NA,Low,41,59,Insufficient Evidence,Center backs,1.1.0,2026-08-01 14:43:31 UTC,NA,NA,NA,Performance data through: 2026-08-01 (updates every day) · MLSPA compensation as of: 2026-04-16,FALSE,2026-08-01 14:43:25 UTC
KAqBjgDAqb,asa_KAqBjgDAqb_mls_blended,Ramiro,ramiro,1993-05-22,Brazil,CM,NA,33.1088295687885,mls,mKAqBBmqbg,CM,asa_live,TRUE,NA,mlspa_via_asa,1094,575000,2761,575000,TRUE,0.6098104793756968,0.39018952062430323,blended,2025+2026 season to date,2171.313266443701,0.121560138891076,0.007103726171628471,0.05157039643190691,0.009341473267768085,9.46439841121982e-4,0.055797870845593,-0.003199767666942445,2026,575000,FC Dallas,0.13644825463003651,1,0.12478347331217501,0.13310237153714613,0.007577307916640494,24.056603773584907,0.05500842286241972,79.24528301886792,0.00996423815259734,18.867924528301888,0.0010095358305616622,41.509433962264154,0.05951772890382579,46.698113207547166,-0.0034130855115119337,37.264150943396224,35.37735849056604,575000,55.55555555555556,58.562019758507134,535541.5,-20.17819706498952,TRUE,FALSE,39.21568627450981,High,20.75,79.25,Below Expected Value by Current Model,Central and defensive midfielders,1.1.0,2026-08-01 14:43:31 UTC,63,63,267,Performance data through: 2026-08-01 (updates every day) · MLSPA compensation as of: 2026-04-16,FALSE,2026-08-01 14:43:25 UTC
KAqBjoBvqb,asa_KAqBjoBvqb_mls_blended,Ryan Kent,ryan kent,1996-11-11,England,W,NA,28.635181382614647,mls,jYQJ19EqGR,W,asa_live,TRUE,NA,mlspa_via_asa,0,NA,675,959500,TRUE,0,1,blended,2025+2026 season to date,675,0.19012000000000004,0.01230666666666666,0.00199999999999999,0.04886666666666666,0.053160000000000006,0.07438666666666667,-6e-4,2026,959500,Seattle Sounders FC,0.20277985605674193,1,0.19607757932081976,0.20914941794874367,0.013127111111521325,16.157205240174672,0.0021333333333999893,56.76855895196506,0.05212444444607333,19.650655021834062,0.056704000001772004,79.91266375545851,0.07934577778025734,93.44978165938865,-6.400000000199999e-4,28.820960698689955,46.724890829694324,959500,72.30046948356808,81.33918770581778,520000,-25.575578653873755,FALSE,FALSE,NA,Low,41,59,Insufficient Evidence,Wingers and attacking midfielders,1.1.0,2026-08-01 14:43:31 UTC,NA,NA,NA,Performance data through: 2026-08-01 (updates every day) · MLSPA compensation as of: 2026-04-16,FALSE,2026-08-01 14:43:25 UTC
KAqBk0bZQb,asa_KAqBk0bZQb_mls_blended,Jude Terry,jude terry,2008-10-08,USA,CM,NA,17.727583846680357,mls,eVq3ya6MWO,CM,asa_live,TRUE,NA,mlspa_via_asa,259,149798,0,NA,FALSE,1,0,blended,2025+2026 season to date,259,0.1009111969111969,0.0231081081081081,-0.00246718146718146,0.00364864864864864,0.02946718146718146,0.04819691119691119,-0.00104247104247104,2026,149798,Los Angeles FC,0.13644825463003651,1,0.12573335596975777,0.13411557970526605,0.02464864864941891,72.64150943396227,-0.0026316602317424634,24.528301886792452,0.003891891892013504,6.60377358490566,0.03143166023264246,89.15094339622641,0.05141003861164516,33.490566037735846,-0.0011119691120038584,49.056603773584904,36.320754716981135,149798,21.21212121212121,25.466520307354557,535541.5,15.108633504859924,FALSE,TRUE,NA,Low,49,51,Small-Sample Watchlist,Central and defensive midfielders,1.1.0,2026-08-01 14:43:31 UTC,NA,NA,NA,Performance data through: 2026-08-01 (updates every day) · MLSPA compensation as of: 2026-04-16,FALSE,2026-08-01 14:43:25 UTC
KAqBk1yAQb,asa_KAqBk1yAQb_mls_blended,Alex Bonetig,alex bonetig,2002-08-20,Australia,CB,NA,23.863107460643395,mls,WBLMvYAQxe,CB,asa_live,TRUE,NA,mlspa_via_asa,734,261000,0,NA,FALSE,1,0,blended,2025+2026 season to date,734,0.08114713896457766,0.00595912806539509,0.04079427792915531,0.01318119891008174,-0.03779019073569482,0.05637874659400545,0.00262397820163487,2026,261000,Portland Timbers FC,0.13407640205361335,1,0.104953404222015,0.11195029784031445,0.0063564032699534,35.602094240837694,0.04351389645912548,41.361256544502616,0.014059945504526564,43.97905759162304,-0.04030953678600081,2.6178010471204187,0.06013732970215177,37.17277486910995,0.0027989100818313272,92.67015706806282,13.612565445026178,261000,29.834254143646408,33.479692645444565,501667,-16.22168869862023,TRUE,FALSE,30.927835051546392,Low,37.75,62.25,Below Expected Value by Current Model,Center backs,1.1.0,2026-08-01 14:43:31 UTC,68,68,304,Performance data through: 2026-08-01 (updates every day) · MLSPA compensation as of: 2026-04-16,FALSE,2026-08-01 14:43:25 UTC
KAqBkLmZQb,asa_KAqBkLmZQb_mls_blended,Morgan Guilavogui,morgan guilavogui,1998-03-10,Guinea,W,NA,28.309377138945926,mls,a2lqR4JMr0,W,asa_live,TRUE,NA,mlspa_via_asa,1064,2225500,0,NA,FALSE,1,0,blended,2025+2026 season to date,1064,0.2960357142857143,0.07971428571428571,0.0138890977443609,0.13785902255639096,0.03529793233082707,0.03347086466165414,-0.00419548872180451,2026,2225500,Real Salt Lake,0.20277985605674193,1,0.26240980386661367,0.27990379079980154,0.08502857143122856,90.82969432314411,0.01481503759444793,68.5589519650655,0.14704962406474564,82.96943231441048,0.03765112782072547,70.3056768558952,0.03570225564021344,47.59825327510917,-0.00447518797006466,13.973799126637555,88.20960698689956,2225500,86.3849765258216,93.08452250274424,520000,1.824630461077959,TRUE,FALSE,63.541666666666664,Medium,28.75,71.25,Fair Value,Wingers and attacking midfielders,1.1.0,2026-08-01 14:43:31 UTC,36,36,162,Performance data through: 2026-08-01 (updates every day) · MLSPA compensation as of: 2026-04-16,FALSE,2026-08-01 14:43:25 UTC
KAqBkYpWQb,asa_KAqBkYpWQb_mls_blended,Kristian Fletcher,kristian fletcher,2005-08-06,USA,FW,NA,19.90143737166325,mls,EKXMeX3Q64,FW,asa_live,TRUE,NA,mlspa_via_asa,0,NA,102,169509,TRUE,0,1,blended,2025+2026 season to date,102,0.04358823529411764,0.04994117647058823,-0.012529411764705877,0.05717647058823529,-0.04791176470588235,-4.4117647058823526e-4,-0.00264705882352941,2026,169509,D.C. United,0.21108432719581333,1,0.18674728820154984,0.1991971074212114,0.05327058823695882,36.87943262411348,-0.013364705882770583,76.59574468085107,0.06098823529602352,6.382978723404255,-0.05110588235453823,29.78723404255319,-4.705882353088235e-4,5.673758865248227,-0.0028235294118529393,20.56737588652482,27.659574468085108,169509,30.597014925373134,27.442371020856204,535000,-2.9374404572880266,FALSE,FALSE,NA,Low,41,59,Insufficient Evidence,Strikers,1.1.0,2026-08-01 14:43:31 UTC,NA,NA,NA,Performance data through: 2026-08-01 (updates every day) · MLSPA compensation as of: 2026-04-16,FALSE,2026-08-01 14:43:25 UTC
KAqBka7BQb,asa_KAqBka7BQb_mls_blended,Michael Wentzel,michael wentzel,2002-04-10,Germany,CB,NA,23.225188227241617,mls,wvq9B9wQWn,CB,asa_live,TRUE,NA,mlspa_via_asa,0,NA,123,80622,TRUE,0,1,blended,2025+2026 season to date,123,0.5141707317073171,0.02239024390243902,0.05773170731707317,0.10009756097560976,0.00263414634146341,0.33095121951219514,3.6585365853658537e-4,2026,80622,St. Louis City SC,0.13407640205361335,1,0.19873975274158784,0.21198906959765168,0.02388292683001463,93.19371727748691,0.06158048780680244,65.44502617801047,0.10677073171065367,98.42931937172774,0.0028097560976487754,49.738219895287955,0.35301463415737316,98.95287958115183,3.902439024512195e-4,82.72251308900523,95.28795811518324,80622,1.3812154696132597,1.0428100987925357,501667,93.90674264556998,FALSE,FALSE,NA,Low,41,59,Insufficient Evidence,Center backs,1.1.0,2026-08-01 14:43:31 UTC,NA,NA,NA,Performance data through: 2026-08-01 (updates every day) · MLSPA compensation as of: 2026-04-16,FALSE,2026-08-01 14:43:25 UTC
KAqBkxoBQb,asa_KAqBkxoBQb_mls_blended,Tanner Rosborough,tanner rosborough,2008-03-21,USA,W,NA,18.27789185489391,mls,a2lqRX2Mr0,W,asa_live,TRUE,NA,mlspa_via_asa,93,105043,0,NA,FALSE,1,0,blended,2025+2026 season to date,93,0.08903225806451612,0.1220322580645161,-0.0974516129032258,0.04799999999999999,-0.00106451612903225,0.01674193548387096,7.741935483870969e-4,2026,105043,New York Red Bulls,0.20277985605674193,1,0.18751502688895405,0.2000160286878015,0.13016774193955158,98.68995633187772,-0.10394838710002258,3.056768558951965,0.051200000001599986,17.903930131004365,-0.0011354838710032173,32.751091703056765,0.01785806451668709,19.650655021834062,8.258064516387097e-4,46.2882096069869,37.55458515283843,105043,15.492957746478874,14.1602634467618,520000,22.061627406359555,FALSE,TRUE,NA,Low,49,51,Small-Sample Watchlist,Wingers and attacking midfielders,1.1.0,2026-08-01 14:43:31 UTC,NA,NA,NA,Performance data through: 2026-08-01 (updates every day) · MLSPA compensation as of: 2026-04-16,FALSE,2026-08-01 14:43:25 UTC
KAqBlEZMbg,asa_KAqBlEZMbg_mls_blended,Maya Yoshida,maya yoshida,1988-08-24,Japan,CB,NA,37.8507871321013,mls,kaDQ0wRqEv,CB,asa_live,TRUE,NA,mlspa_via_asa,773,715781,2637,715781,TRUE,0.5247793618465716,0.4752206381534284,blended,2025+2026 season to date,2026.1568228105907,0.22340993630514216,0.022454365148323982,0.05951753867684301,0.05594446568378712,0.0130177251968887,0.07313574025287947,-6.598986535801422e-4,2026,715781,LA Galaxy,0.13407640205361335,1,0.20299983737831842,0.21653315987697297,0.023951322825627393,93.717277486911,0.06348537459061646,68.58638743455498,0.05967409673123775,94.24083769633508,0.013885573543781872,85.86387434554973,0.07801145627217596,54.45026178010471,-7.038918971741482e-4,72.25130890052355,96.8586387434555,715781,65.19337016574586,68.05708013172338,501667,31.66526857770964,TRUE,FALSE,81.44329896907216,Medium,29.75,70.25,Strong Value,Center backs,1.1.0,2026-08-01 14:43:31 UTC,19,19,83,Performance data through: 2026-08-01 (updates every day) · MLSPA compensation as of: 2026-04-16,FALSE,2026-08-01 14:43:25 UTC
KAqBvrrVqb,asa_KAqBvrrVqb_mls_blended,Kenji Mboma Dem,kenji mboma dem,2002-01-22,France,FW,NA,24.438056125941134,mls,NWMWlBK5lz,FW,asa_live,TRUE,NA,mlspa_via_asa,877,88025,104,88025,TRUE,0.5561192136968929,0.4438807863031071,blended,2025+2026 season to date,923.1636017755231,0.20548214721233116,0.030823715916296773,-0.0011670894102726696,0.07152587678649824,0.03173618360079996,0.07298578118140578,-4.223208623969563e-4,2026,88025,FC Cincinnati,0.21108432719581333,1,0.20768894101056207,0.22153487041818917,0.03287863031174401,16.31205673758865,-0.0012448953709964172,85.1063829787234,0.076294268574649,9.929078014184396,0.033851929175244495,90.78014184397163,0.07785149992926568,97.16312056737588,-4.5047558657083074e-4,27.659574468085108,48.226950354609926,88025,7.08955223880597,4.33589462129528,535000,41.137398115803954,TRUE,FALSE,94.82758620689656,Medium,29.75,70.25,Fair Value,Strikers,1.1.0,2026-08-01 14:43:31 UTC,4,4,26,Performance data through: 2026-08-01 (updates every day) · MLSPA compensation as of: 2026-04-16,FALSE,2026-08-01 14:43:25 UTC
KAqBvvRmqb,asa_KAqBvvRmqb_mls_blended,Shakur Mohammed,shakur mohammed,2003-08-27,Ghana,W,NA,22.844626967830255,mls,vzqoOgNqap,W,asa_live,TRUE,NA,mlspa_via_asa,356,89692,21,89692,TRUE,0.3371212121212121,0.6628787878787878,blended,2025+2026 season to date,369.92045454545456,0.36488068181818173,0.017198863636363634,-0.025579545454545452,0.07567613636363635,0.010113636363636363,0.288,-5.28409090909088e-4,2026,89692,Nashville SC,0.20277985605674193,1,0.2646039065413429,0.28224416698625254,0.018345454546027838,19.650655021834062,-0.027284848485701133,27.94759825327511,0.08072121212373465,44.10480349344978,0.010787878788215908,45.851528384279476,0.30720000000959996,98.68995633187772,-5.636363636539741e-4,30.131004366812228,88.646288209607,89692,7.981220657276995,6.805708013172338,520000,80.66506755233,FALSE,TRUE,NA,Low,41,59,Small-Sample Watchlist,Wingers and attacking midfielders,1.1.0,2026-08-01 14:43:31 UTC,NA,NA,NA,Performance data through: 2026-08-01 (updates every day) · MLSPA compensation as of: 2026-04-16,FALSE,2026-08-01 14:43:25 UTC
KAqBxEWMbg,asa_KAqBxEWMbg_mls_blended,Wilfried Zaha,wilfried zaha,1992-11-10,Ivory Coast,W,NA,33.637234770705,mls,NPqxKXZ59d,W,asa_live,TRUE,NA,mlspa_via_asa,1301,2751667,3262,2751667,TRUE,0.6501749125437282,0.34982508745627183,blended,2025+2026 season to date,2442.129435282359,0.2554526320530721,0.05537283718655693,0.028836105552374022,0.08929358282232273,0.036807877177291184,0.026783625354704618,0.018358603959822656,2026,2751667,Charlotte FC,0.20277985605674193,1,0.2450639663930047,0.26140156416070714,0.059064359667506484,72.0524017467249,0.03075851259016016,79.03930131004367,0.09524648834678737,59.38864628820961,0.03926173565700419,72.0524017467249,0.02856920037924438,31.004366812227076,0.019582510891089453,87.33624454148472,83.84279475982532,2751667,90.14084507042253,94.84083424807903,520000,-6.298050310597205,TRUE,FALSE,47.916666666666664,High,20.75,79.25,Fair Value,Wingers and attacking midfielders,1.1.0,2026-08-01 14:43:31 UTC,51,51,230,Performance data through: 2026-08-01 (updates every day) · MLSPA compensation as of: 2026-04-16,FALSE,2026-08-01 14:43:25 UTC
KPqj71NyQ6,asa_KPqj71NyQ6_mls_blended,Sam Surridge,sam surridge,1998-07-28,England,FW,NA,27.926078028747433,mls,vzqoOgNqap,FW,asa_live,TRUE,NA,mlspa_via_asa,827,5933000,3545,5933000,TRUE,0.5415848068107401,0.45841519318925994,blended,2025+2026 season to date,2452.0818598559263,0.30688589036275116,0.08583742009138746,-0.06893179192032832,0.2307209329391129,0.004771764099523106,0.02087182201335066,0.03361574313970533,2026,5933000,Nashville SC,0.21108432719581333,1,0.2880525364294212,0.307256038867651,0.09155991476700788,83.68794326241135,-0.0735272447173146,25.53191489361702,0.24610232847607777,74.46808510638297,0.005089881706317039,77.30496453900709,0.02226327681493643,34.751773049645394,0.035856792683472874,94.32624113475177,91.48936170212765,5933000,98.50746268656717,98.90230515916575,535000,-7.0181009844395135,TRUE,FALSE,53.44827586206897,Medium,29.75,70.25,Fair Value,Strikers,1.1.0,2026-08-01 14:43:31 UTC,28,28,206,Performance data through: 2026-08-01 (updates every day) · MLSPA compensation as of: 2026-04-16,FALSE,2026-08-01 14:43:25 UTC
KPqj74g4Q6,asa_KPqj74g4Q6_mls_blended,Rominigue Kouame,rominigue kouame,1996-12-17,Mali,CM,NA,28.536618754277892,mls,X0Oq66zq6D,CM,asa_live,TRUE,NA,mlspa_via_asa,0,NA,782,693755,TRUE,0,1,blended,2025+2026 season to date,782,0.20795524296675194,0.04505754475703325,0.007607416879795389,0.03578132992327366,0.0719309462915601,0.0597774936061381,-0.01219948849104859,2026,693755,Chicago Fire FC,0.13644825463003651,1,0.1769102407945166,0.18870425685338135,0.04806138107567071,93.86792452830188,0.008114578005368663,37.264150943396224,0.03816675191935128,70.28301886792453,0.07672634271339514,97.64150943396227,0.06376265984853989,56.132075471698116,-0.013012787724191812,16.037735849056602,88.20754716981132,693755,65.15151515151516,66.8496158068057,535541.5,23.056032018296165,FALSE,FALSE,NA,Low,41,59,Insufficient Evidence,Central and defensive midfielders,1.1.0,2026-08-01 14:43:31 UTC,NA,NA,NA,Performance data through: 2026-08-01 (updates every day) · MLSPA compensation as of: 2026-04-16,FALSE,2026-08-01 14:43:25 UTC
KPqj7K72Q6,asa_KPqj7K72Q6_mls_blended,Cedric Teuchert,cedric teuchert,1997-01-14,Germany,W,NA,29.45927446954141,mls,wvq9B9wQWn,W,asa_live,TRUE,NA,mlspa_via_asa,348,1542500,1365,1542500,TRUE,0.3320610687022901,0.66793893129771,blended,2025+2026 season to date,1259.7366412213742,0.22706172930123314,0.05555086611861422,-0.02042858191426894,0.09132824427480918,0.05318614210217264,0.026560701702877276,0.020864357017028767,2026,1542500,St. Louis City SC,0.20277985605674193,1,0.21922775774646153,0.23384294160353322,0.0592542571950402,72.48908296943232,-0.021790487375901155,34.93449781659389,0.09741679389617407,61.1353711790393,0.056731884910757015,80.349344978165945,0.02833141515062112,30.131004366812228,0.02225531415219283,88.20960698689956,68.99563318777292,1542500,81.22065727699531,89.7914379802415,520000,-12.225024089222387,FALSE,TRUE,NA,Low,41,59,Small-Sample Watchlist,Wingers and attacking midfielders,1.1.0,2026-08-01 14:43:31 UTC,NA,NA,NA,Performance data through: 2026-08-01 (updates every day) · MLSPA compensation as of: 2026-04-16,FALSE,2026-08-01 14:43:25 UTC
KPqj7OVPQ6,asa_KPqj7OVPQ6_mls_blended,Fabian Herbers,fabian herbers,1993-08-17,Germany,CM,NA,32.87063655030801,mls,APk5LGOMOW,CM,asa_live,TRUE,NA,mlspa_via_asa,258,440000,820,440000,TRUE,0.26931106471816285,0.7306889352818371,blended,2025+2026 season to date,857.1649269311064,0.18506825703956412,0.02555896430571821,0.020791333570955743,0.06446211619736239,0.028156219766790568,0.04354315392840776,0.0025564692703294433,2026,440000,CF Montréal,0.13644825463003651,1,0.16504855926440912,0.17605179655420466,0.027262895260284723,76.41509433962264,0.02217742247637917,54.24528301886792,0.06875959061266862,90.56603773584905,0.030033301085515145,88.20754716981132,0.046446030858419717,26.88679245283019,0.0027269005551032884,76.88679245283019,81.60377358490567,440000,44.44444444444444,47.47530186608123,535541.5,37.159329140461224,FALSE,TRUE,NA,Low,41,59,Small-Sample Watchlist,Central and defensive midfielders,1.1.0,2026-08-01 14:43:31 UTC,NA,NA,NA,Performance data through: 2026-08-01 (updates every day) · MLSPA compensation as of: 2026-04-16,FALSE,2026-08-01 14:43:25 UTC
KPqj7VbYQ6,asa_KPqj7VbYQ6_mls_blended,Matías Rojas,matias rojas,1995-11-03,Paraguay,W,NA,29.659137577002053,mls,WBLMvYAQxe,W,asa_live,TRUE,NA,mlspa_via_asa,0,NA,422,743262,TRUE,0,1,blended,2025+2026 season to date,422,0.19499289099526068,0.07895260663507109,0.02367298578199052,0.08360189573459716,-0.01874644549763033,0.03186255924170616,-0.00435071090047393,2026,743262,Portland Timbers FC,0.20277985605674193,1,0.19956449474955495,0.21286879440617743,0.08421611374670758,90.39301310043668,0.025251184834912323,76.41921397379913,0.0891753554530237,51.96506550218341,-0.019996208531430568,19.213973799126638,0.03398672985888199,44.54148471615721,-0.0046407582939838815,13.537117903930131,49.78165938864629,743262,66.66666666666667,70.14270032930845,520000,-16.88500727802038,FALSE,FALSE,NA,Low,41,59,Insufficient Evidence,Wingers and attacking midfielders,1.1.0,2026-08-01 14:43:31 UTC,NA,NA,NA,Performance data through: 2026-08-01 (updates every day) · MLSPA compensation as of: 2026-04-16,FALSE,2026-08-01 14:43:25 UTC
KPqj7Y0BQ6,asa_KPqj7Y0BQ6_mls_blended,Matty Longstaff,matty longstaff,2000-03-21,England,CM,NA,26.27789185489391,mls,APk5LGOMOW,CM,asa_live,TRUE,NA,mlspa_via_asa,1552,435869,1702,435869,TRUE,0.6891651865008881,0.3108348134991119,blended,2025+2026 season to date,2081.0408525754883,0.18282674703045002,0.024044666915738033,0.039192137867267225,0.037608182725160866,0.01715684347951318,0.06373769444786512,0.0010872215949055796,2026,435869,CF Montréal,0.13644825463003651,1,0.1724475335195792,0.18394403575996607,0.025647644710922058,73.58490566037736,0.041804947059724776,74.52830188679245,0.040115394908091864,73.11320754716981,0.018300633045385956,78.30188679245283,0.06798687407984738,62.264150943396224,0.0011597030346021924,70.75471698113208,85.37735849056604,435869,43.93939393939394,46.98133918770582,535541.5,41.4379645511721,TRUE,FALSE,91.17647058823529,High,14,86,Elite Value,Central and defensive midfielders,1.1.0,2026-08-01 14:43:31 UTC,10,10,42,Performance data through: 2026-08-01 (updates every day) · MLSPA compensation as of: 2026-04-16,FALSE,2026-08-01 14:43:25 UTC
KPqj7daPQ6,asa_KPqj7daPQ6_mls_blended,DeJuan Jones,dejuan jones,1997-06-24,USA,FB,NA,29.018480492813143,mls,0KPqjA456v,FB,asa_live,TRUE,NA,mlspa_via_asa,383,898246,1566,898246,TRUE,0.3536472760849492,0.6463527239150508,blended,2025+2026 season to date,1395.1883656509694,0.11552300442576499,0.0057150847475615826,0.03905234501862642,0.03343607051506565,-0.0055888708462020166,0.04901675847210282,-0.0061083834813895,2026,898246,San Jose Earthquakes,0.11638469243644946,1,0.11578213424794698,0.12350094320166952,0.006096090397589524,28.350515463917525,0.041655834687836596,79.38144329896907,0.035665141883851226,64.43298969072166,-0.005961462236135113,24.742268041237114,0.0522845423718769,45.876288659793815,-0.006515609047019079,25.77319587628866,49.48453608247423,898246,91.89189189189189,78.70472008781559,343925,-42.40735580941766,FALSE,TRUE,NA,Low,41,59,Small-Sample Watchlist,Fullbacks and wingbacks,1.1.0,2026-08-01 14:43:31 UTC,NA,NA,NA,Performance data through: 2026-08-01 (updates every day) · MLSPA compensation as of: 2026-04-16,FALSE,2026-08-01 14:43:25 UTC
KPqj7jY4Q6,asa_KPqj7jY4Q6_mls_blended,Mark-Anthony Kaye,markanthony kaye,1994-12-02,Canada,CM,NA,30.57905544147844,mls,0KPqjA456v,CM,asa_live,TRUE,NA,mlspa_via_asa,0,NA,1200,800000,TRUE,0,1,blended,2025+2026 season to date,1200,0.202065,0.031162499999999992,0.0258525,0.050085,0.01061249999999999,0.07872000000000001,0.0056325,2026,800000,San Jose Earthquakes,0.13644825463003651,1,0.18019275154334552,0.19220560165224165,0.033240000001038744,83.9622641509434,0.02757600000086175,61.320754716981135,0.0534240000016695,83.01886792452831,0.01132000000035374,68.86792452830188,0.08396800000262401,81.60377358490567,0.00600800000018775,86.32075471698113,90.09433962264151,800000,76.26262626262626,74.03951701427003,535541.5,13.831713360015257,FALSE,FALSE,NA,Low,41,59,Insufficient Evidence,Central and defensive midfielders,1.1.0,2026-08-01 14:43:31 UTC,NA,NA,NA,Performance data through: 2026-08-01 (updates every day) · MLSPA compensation as of: 2026-04-16,FALSE,2026-08-01 14:43:25 UTC
KPqj7jxPQ6,asa_KPqj7jxPQ6_mls_blended,Wessam Abou Ali,wessam abou ali,1999-01-04,Palestine,FW,NA,27.488021902806295,mls,mvzqoLZQap,FW,asa_live,TRUE,NA,mlspa_via_asa,637,3611750,330,3611750,TRUE,0.47643979057591623,0.5235602094240838,blended,2025+2026 season to date,809.7748691099476,0.16989521996328277,0.06757904399265656,-0.04678445638131502,0.21023988576868158,-0.1260758822329503,0.024927313524172157,0.0400093152920378,2026,3611750,Columbus Crew,0.21108432719581333,1,0.1874252986169908,0.1999203185310377,0.07208431359441964,63.12056737588652,-0.04990342014162884,45.39007092198582,0.22425587816026835,67.37588652482269,-0.13448094105268285,7.092198581560283,0.026589134426614543,46.09929078014184,0.042676602979507296,96.45390070921985,28.368794326241133,3611750,90.29850746268657,96.26783754116356,535000,-61.92971313644544,TRUE,FALSE,6.896551724137931,Medium,29.75,70.25,Below Expected Value by Current Model,Strikers,1.1.0,2026-08-01 14:43:31 UTC,55,55,408,Performance data through: 2026-08-01 (updates every day) · MLSPA compensation as of: 2026-04-16,FALSE,2026-08-01 14:43:25 UTC
KPqj7loEQ6,asa_KPqj7loEQ6_mls_blended,Sam Rogers,sam rogers,1999-05-17,USA,CB,NA,27.123887748117728,mls,X0Oq66zq6D,CB,asa_live,TRUE,NA,mlspa_via_asa,79,223000,1970,223000,TRUE,0.15,0.85,blended,2025+2026 season to date,1753.5,0.08305951262610034,0.00852761421319796,0.045849876309194876,0.012036527019212226,0.002258104799845788,0.02850441624365482,-0.01411702595900533,2026,223000,Chicago Fire FC,0.13407640205361335,1,0.09606573045338218,0.10247011248680984,0.009096121827695411,54.973821989528794,0.048906534731336194,48.167539267015705,0.012838962154227591,40.83769633507853,0.0024086451199107775,48.167539267015705,0.03040471066084862,13.089005235602095,-0.015058161023409585,20.94240837696335,8.37696335078534,223000,27.624309392265193,31.174533479692645,501667,-19.24734604147985,FALSE,TRUE,NA,Low,41,59,Small-Sample Watchlist,Center backs,1.1.0,2026-08-01 14:43:31 UTC,NA,NA,NA,Performance data through: 2026-08-01 (updates every day) · MLSPA compensation as of: 2026-04-16,FALSE,2026-08-01 14:43:25 UTC
KPqjBBNBq6,asa_KPqjBBNBq6_mls_blended,Jefferson Díaz,jefferson diaz,2000-12-05,Colombia,CB,NA,25.568788501026695,mls,kRQand1MKZ,CB,asa_live,TRUE,NA,mlspa_via_asa,1378,435000,2381,435000,TRUE,0.6631376323387873,0.3368623676612127,blended,2025+2026 season to date,2180.0692974013473,0.1642582792713732,0.02728022918848648,0.0458970026181767,0.04896445674551379,-0.003802365656247984,0.05509724402239578,-0.009178287646951581,2026,435000,Minnesota United FC,0.13407640205361335,1,0.15774436742479325,0.16826065859170428,0.02909891113529492,96.33507853403141,0.04895680279425171,49.21465968586387,0.05222875386351353,91.09947643979058,-0.0040558567001245955,25.654450261780106,0.058770393625725406,36.12565445026178,-0.009790173490387629,31.93717277486911,74.3455497382199,435000,42.5414364640884,46.816684961580684,501667,31.804113274131502,TRUE,FALSE,82.47422680412372,High,20.75,79.25,Strong Value,Center backs,1.1.0,2026-08-01 14:43:31 UTC,18,18,79,Performance data through: 2026-08-01 (updates every day) · MLSPA compensation as of: 2026-04-16,FALSE,2026-08-01 14:43:25 UTC
KPqjBxG8q6,asa_KPqjBxG8q6_mls_blended,Julián Bazán,julian bazan,2005-11-25,Colombia,CB,NA,20.5968514715948,mls,a2lqRX2Mr0,CB,asa_live,TRUE,NA,mlspa_via_asa,140,312825,0,NA,FALSE,1,0,blended,2025+2026 season to date,140,0.00623571428571429,0.00835714285714285,0.09109285714285714,0.00135,0.05586428571428572,-0.15576428571428572,0.00533571428571428,2026,312825,New York Red Bulls,0.13407640205361335,1,0.10989032598941621,0.11721634772570697,0.008914285714564277,53.92670157068063,0.09716571428875072,94.24083769633508,0.0014400000000450001,12.565445026178011,0.05958857143043358,99.47643979057591,-0.16614857143376358,2.094240837696335,0.005691428571606422,95.81151832460733,19.3717277486911,312825,34.25414364640884,37.102085620197585,501667,-14.882415897717742,FALSE,TRUE,NA,Low,49,51,Small-Sample Watchlist,Center backs,1.1.0,2026-08-01 14:43:31 UTC,NA,NA,NA,Performance data through: 2026-08-01 (updates every day) · MLSPA compensation as of: 2026-04-16,FALSE,2026-08-01 14:43:25 UTC
KPqjK4w4Q6,asa_KPqjK4w4Q6_mls_blended,Noah Allen,noah allen,2004-04-28,USA,FB,NA,22.17385352498289,mls,zeQZkL1MKw,FB,asa_live,TRUE,NA,mlspa_via_asa,921,434653,2630,434653,TRUE,0.5681677976557681,0.4318322023442319,blended,2025+2026 season to date,2056.71869216533,0.08587542309469581,0.00166099412886473,0.01732268256697386,0.00989910701510357,0.0060073183947382544,0.05736300645285382,-0.006377685463838446,2026,434653,Inter Miami CF,0.11638469243644946,1,0.09276571285666246,0.09895009371686549,0.0017717270708444118,15.97938144329897,0.018477528072016206,53.608247422680414,0.010559047483107112,20.103092783505154,0.006407806287921048,57.21649484536083,0.06118720688495617,59.79381443298969,-0.006802864494973598,25.257731958762886,19.587628865979383,434653,60,46.54226125137212,343925,-40.41237113402062,TRUE,FALSE,17.073170731707318,High,20.75,79.25,Below Expected Value by Current Model,Fullbacks and wingbacks,1.1.0,2026-08-01 14:43:31 UTC,69,69,364,Performance data through: 2026-08-01 (updates every day) · MLSPA compensation as of: 2026-04-16,FALSE,2026-08-01 14:43:25 UTC
KPqjKLjnQ6,asa_KPqjKLjnQ6_mls_blended,Cameron Harper,cameron harper,2001-11-19,USA,W,NA,24.61327857631759,mls,a2lqRX2Mr0,W,asa_live,TRUE,NA,mlspa_via_asa,15,431750,744,431750,TRUE,0.15,0.85,blended,2025+2026 season to date,647.4,0.3914291129032258,0.07059278225806451,0.030082620967741933,0.10547588709677422,0.11968729838709677,0.034980241935483866,0.030610282258064517,2026,431750,New York Red Bulls,0.20277985605674193,1,0.30068872961968374,0.3207346449376856,0.07529896774428857,86.8995633187773,0.03208812903326082,80.78602620087337,0.11250761290674169,70.3056768558952,0.1276664516168928,96.94323144104804,0.037312258065682134,50.21834061135371,0.032650967742955825,94.32314410480349,93.88646288209607,431750,42.25352112676056,46.322722283205266,520000,51.63294175533551,FALSE,TRUE,NA,Low,41,59,Small-Sample Watchlist,Wingers and attacking midfielders,1.1.0,2026-08-01 14:43:31 UTC,NA,NA,NA,Performance data through: 2026-08-01 (updates every day) · MLSPA compensation as of: 2026-04-16,FALSE,2026-08-01 14:43:25 UTC
KPqjKN62Q6,asa_KPqjKN62Q6_mls_blended,Show,show,1999-03-06,Angola,CM,NA,26.321697467488026,mls,mKAqBBmqbg,CM,asa_live,TRUE,NA,mlspa_via_asa,0,NA,333,504350,TRUE,0,1,blended,2025+2026 season to date,333,0.06913513513513514,0.00451351351351351,0.00167567567567567,0.01656756756756756,0.00929729729729729,0.041,-0.00391891891891892,2026,504350,FC Dallas,0.13644825463003651,1,0.11242331487462155,0.1199182025366771,0.004814414414564861,18.867924528301888,0.0017873873874432373,28.77358490566038,0.017672072072624317,35.84905660377358,0.009917117117427019,64.15094339622641,0.0437333333347,23.58490566037736,-0.004180180180310812,34.905660377358494,24.056603773584907,504350,48.98989898989899,53.01866081229418,535541.5,-24.933295216314082,FALSE,FALSE,NA,Low,41,59,Insufficient Evidence,Central and defensive midfielders,1.1.0,2026-08-01 14:43:31 UTC,NA,NA,NA,Performance data through: 2026-08-01 (updates every day) · MLSPA compensation as of: 2026-04-16,FALSE,2026-08-01 14:43:25 UTC
KPqjKNkBQ6,asa_KPqjKNkBQ6_mls_blended,Rasmus Alm,rasmus alm,1995-08-17,Sweden,FB,NA,29.872689938398356,mls,wvq9B9wQWn,FB,asa_live,TRUE,NA,mlspa_via_asa,0,NA,11,343925,TRUE,0,1,blended,2025+2026 season to date,11,0.117,8.181818181818183e-4,0.01472727272727272,0.10145454545454545,0,0,0,2026,343925,St. Louis City SC,0.11638469243644946,1,0.1163957699866934,0.12415548798968616,8.727272727545455e-4,13.917525773195877,0.01570909090958181,50,0.10821818182156363,94.84536082474227,0,42.2680412371134,0,9.02061855670103,0,59.5360824742268,50,343925,50.270270270270274,39.95609220636663,343925,-0.2702702702702737,FALSE,FALSE,NA,Low,41,59,Insufficient Evidence,Fullbacks and wingbacks,1.1.0,2026-08-01 14:43:31 UTC,NA,NA,NA,Performance data through: 2026-08-01 (updates every day) · MLSPA compensation as of: 2026-04-16,FALSE,2026-08-01 14:43:25 UTC
KPqjKRARQ6,asa_KPqjKRARQ6_mls_blended,Tomás Chancalay,tomas chancalay,1999-01-01,Argentina,W,NA,27.496235455167692,mls,kRQand1MKZ,W,asa_live,TRUE,NA,mlspa_via_asa,1369,1274375,1353,1274375,TRUE,0.6616723054615756,0.3383276945384244,blended,2025+2026 season to date,1826.7573707104882,0.20969104262157345,0.06089910397280518,0.0028414543053994143,0.12787378351528583,-0.012829103254783153,0.03136204171172165,-4.562376288554811e-4,2026,1274375,Minnesota United FC,0.20277985605674193,1,0.2079822966262188,0.22184778307489947,0.06495904423968883,76.85589519650655,0.003030884592520757,58.951965065502186,0.13639870242056734,80.78602620087337,-0.013684376805529665,22.707423580786028,0.03345284449354849,41.92139737991266,-4.8665347079438777e-4,32.314410480349345,60.698689956331876,1274375,76.99530516431925,86.93743139407245,520000,-16.296615207987372,TRUE,FALSE,41.666666666666664,High,20.75,79.25,Below Expected Value by Current Model,Wingers and attacking midfielders,1.1.0,2026-08-01 14:43:31 UTC,57,57,256,Performance data through: 2026-08-01 (updates every day) · MLSPA compensation as of: 2026-04-16,FALSE,2026-08-01 14:43:25 UTC
KPqjKWwPQ6,asa_KPqjKWwPQ6_mls_blended,Brian Gutiérrez,brian gutierrez,2003-06-17,USA,CM,NA,22.039698836413415,mls,X0Oq66zq6D,CM,asa_live,TRUE,NA,mlspa_via_asa,0,NA,2509,950425,TRUE,0,1,blended,2025+2026 season to date,2509,0.36734635312873654,0.07579155041849342,0.11471143882024712,0.07335233160621762,0.006510561976883219,0.08024671183738541,0.01673375846950976,2026,950425,Chicago Fire FC,0.13644825463003651,1,0.32278576802123576,0.344304819233411,0.08084432044891937,97.64150943396227,0.12235886807875397,95.75471698113208,0.07824248704907721,91.98113207547169,0.006944599442225786,58.0188679245283,0.08559649262921933,83.49056603773585,0.017849342368034867,96.69811320754717,100,950425,84.84848484848484,81.11964873765093,535541.5,15.151515151515156,FALSE,FALSE,NA,Low,41,59,Insufficient Evidence,Central and defensive midfielders,1.1.0,2026-08-01 14:43:31 UTC,NA,NA,NA,Performance data through: 2026-08-01 (updates every day) · MLSPA compensation as of: 2026-04-16,FALSE,2026-08-01 14:43:25 UTC
KPqjKbg2Q6,asa_KPqjKbg2Q6_mls_blended,Paxten Aaronson,paxten aaronson,2003-08-26,USA,W,NA,22.847364818617383,mls,pzeQZ6xQKw,W,asa_live,TRUE,NA,mlspa_via_asa,1511,2228063,644,2228063,TRUE,0.6834011759384894,0.31659882406151063,blended,2025+2026 season to date,1714.8896426956128,0.20857176567754115,0.0542357383045248,0.015092029968733402,0.07389599433661731,0.030314317739366405,0.02756102884785558,0.007472656480443631,2026,2228063,Colorado Rapids,0.20277985605674193,1,0.2070705512315545,0.2208752546538938,0.057851454193300976,70.3056768558952,0.016098165300485363,69.43231441048034,0.07882239396152166,42.79475982532751,0.03233527225633464,63.75545851528384,0.02939843077196465,32.751091703056765,0.007970833579388962,70.3056768558952,59.38864628820961,2228063,86.85446009389672,93.19429198682766,520000,-27.465813805687112,TRUE,FALSE,32.291666666666664,High,14,86,Below Expected Value by Current Model,Wingers and attacking midfielders,1.1.0,2026-08-01 14:43:31 UTC,66,66,298,Performance data through: 2026-08-01 (updates every day) · MLSPA compensation as of: 2026-04-16,FALSE,2026-08-01 14:43:25 UTC
KPqjKkPNQ6,asa_KPqjKkPNQ6_mls_blended,Brandon Bye,brandon bye,1995-11-29,USA,FB,NA,30.587268993839835,mls,WBLMvYAQxe,FB,asa_live,TRUE,NA,mlspa_via_asa,1663,442500,1306,442500,TRUE,0.7037663986457893,0.29623360135421073,blended,2025+2026 season to date,2049.8810833685993,0.14092583401974934,0.015882971201635208,0.015374941916568536,0.04513021965096151,-0.004550361980481374,0.07892410885272505,-0.009836045621659593,2026,442500,Portland Timbers FC,0.11638469243644946,1,0.13536909977895786,0.1443937064354007,0.01694183594894032,62.88659793814433,0.01639993804485227,50.51546391752577,0.04813890096252996,77.31958762886597,-0.004853719445998478,26.804123711340207,0.08418571611220418,85.56701030927834,-0.010491781996764768,18.556701030927837,73.71134020618557,442500,61.62162162162162,47.96926454445664,343925,12.089718584563947,TRUE,FALSE,76.82926829268293,High,14,86,Undervalued,Fullbacks and wingbacks,1.1.0,2026-08-01 14:43:31 UTC,20,20,104,Performance data through: 2026-08-01 (updates every day) · MLSPA compensation as of: 2026-04-16,FALSE,2026-08-01 14:43:25 UTC
KPqjnyNq6v,asa_KPqjnyNq6v_mls_blended,Damir Kreilach,damir kreilach,1989-04-16,Croatia,W,NA,36.20807665982204,mls,lgpMOvnQzy,W,asa_live,TRUE,NA,mlspa_via_asa,0,NA,39,495000,TRUE,0,1,blended,2025+2026 season to date,39,-0.02492307692307692,0,-0.04315384615384615,0.0034615384615384595,-0.00992307692307692,0.02284615384615385,0.00184615384615384,2026,495000,Vancouver Whitecaps FC,0.20277985605674193,1,0.18888249394999243,0.20147466021962135,0,6.11353711790393,-0.04603076923220768,14.847161572052402,0.0036923076924230747,1.3100436681222707,-0.01058461538494615,24.45414847161572,0.02436923076999231,24.890829694323145,0.001969230769292301,52.40174672489083,38.8646288209607,495000,46.948356807511736,51.64654226125137,520000,-8.08372798655104,FALSE,FALSE,NA,Low,41,59,Insufficient Evidence,Wingers and attacking midfielders,1.1.0,2026-08-01 14:43:31 UTC,NA,NA,NA,Performance data through: 2026-08-01 (updates every day) · MLSPA compensation as of: 2026-04-16,FALSE,2026-08-01 14:43:25 UTC
KPqjwAY2Q6,asa_KPqjwAY2Q6_mls_blended,Tyson Pearce,tyson pearce,2007-08-12,USA,CM,NA,17.88637919233402,mls,wvq9B9wQWn,CM,asa_live,TRUE,NA,mlspa_via_asa,0,NA,42,104000,TRUE,0,1,blended,2025+2026 season to date,42,-0.00492857142857143,0,-0.012,0.00257142857142857,-0.03771428571428571,0.04221428571428571,0,2026,104000,St. Louis City SC,0.13644825463003651,1,0.1271993033925575,0.13567925695630131,0,6.60377358490566,-0.0128000000004,16.9811320754717,0.0027428571429428555,4.716981132075472,-0.040228571429828566,4.245283018867925,0.04502857142997857,25,0,60.613207547169814,37.264150943396224,104000,11.868686868686869,12.952799121844127,535541.5,25.395464074709356,FALSE,FALSE,NA,Low,41,59,Insufficient Evidence,Central and defensive midfielders,1.1.0,2026-08-01 14:43:31 UTC,NA,NA,NA,Performance data through: 2026-08-01 (updates every day) · MLSPA compensation as of: 2026-04-16,FALSE,2026-08-01 14:43:25 UTC
KPqjwXzYQ6,asa_KPqjwXzYQ6_mls_blended,Adri Mehmeti,adri mehmeti,2009-04-06,Albania,CM,NA,17.234770704996578,mls,a2lqRX2Mr0,CM,asa_live,TRUE,NA,mlspa_via_asa,1570,158980,0,NA,FALSE,1,0,blended,2025+2026 season to date,1570,0.15243248407643312,0.0196452229299363,0.06806178343949044,0.05049745222929937,-0.01795414012738853,0.02800891719745222,0.00417324840764331,2026,158980,New York Red Bulls,0.13644825463003651,1,0.1480128814645262,0.15788040690042837,0.02095490445925356,65.56603773584905,0.07259923567105853,87.26415094339623,0.05386394904626924,83.9622641509434,-0.019151082803146237,9.90566037735849,0.029876178344882664,13.679245283018869,0.004451464968291972,82.54716981132076,67.45283018867924,158980,23.232323232323232,26.23490669593853,535541.5,44.22050695635601,TRUE,FALSE,93.13725490196079,High,22,78,Strong Value,Central and defensive midfielders,1.1.0,2026-08-01 14:43:31 UTC,8,8,32,Performance data through: 2026-08-01 (updates every day) · MLSPA compensation as of: 2026-04-16,FALSE,2026-08-01 14:43:25 UTC
KPqjwdw8Q6,asa_KPqjwdw8Q6_mls_blended,Alonso Coello,alonso coello,1999-10-12,Spain,CM,NA,26.718685831622174,mls,kRQabn8MKZ,CM,asa_live,TRUE,NA,mlspa_via_asa,1472,335000,2434,335000,TRUE,0.6777163904235728,0.3222836095764272,blended,2025+2026 season to date,2256.4383057090236,0.21738252745406922,0.009037939730430315,0.09060254475047326,0.013137504142511473,0.019709916378014954,0.08405946490101099,8.351575516281724e-4,2026,335000,Toronto FC,0.13644825463003651,1,0.20038213798395044,0.21374094718955985,0.009640469046093602,30.660377358490567,0.0966427144035249,91.98113207547169,0.014013337752450153,25.943396226415093,0.021023910803872947,80.66037735849056,0.08966342923054703,84.90566037735849,8.908347217645557e-4,68.39622641509433,95.28301886792453,335000,35.85858585858586,39.352360043907794,535541.5,59.424433009338664,TRUE,FALSE,97.05882352941177,High,20.75,79.25,Elite Value,Central and defensive midfielders,1.1.0,2026-08-01 14:43:31 UTC,4,4,15,Performance data through: 2026-08-01 (updates every day) · MLSPA compensation as of: 2026-04-16,FALSE,2026-08-01 14:43:25 UTC
KPqjzJ2q6v,asa_KPqjzJ2q6v_mls_blended,Maxi Moralez,maxi moralez,1987-02-27,Argentina,W,NA,39.34017796030116,mls,Vj58weDM8n,W,asa_live,TRUE,NA,mlspa_via_asa,1236,500000,3447,500000,TRUE,0.6384297520661157,0.36157024793388426,blended,2025+2026 season to date,2482.332644628099,0.13931220329931165,0.015318597199145498,0.023225167501024966,0.062828203558250445,0.008290328366743632,0.029013413568392203,6.364931057549145e-4,2026,500000,New York City FC,0.20277985605674193,1,0.1516666750727671,0.16177778674934046,0.016339837012932484,17.903930131004365,0.02477351200186747,75.54585152838428,0.06701675046422809,32.314410480349345,0.008843016924802884,44.10480349344978,0.030947641140585465,35.37117903930131,6.789259794931252e-4,45.851528384279476,9.606986899563319,500000,47.88732394366197,52.414928649835346,520000,-38.28033704409865,TRUE,FALSE,21.875,High,20.75,79.25,Below Expected Value by Current Model,Wingers and attacking midfielders,1.1.0,2026-08-01 14:43:31 UTC,76,76,343,Performance data through: 2026-08-01 (updates every day) · MLSPA compensation as of: 2026-04-16,FALSE,2026-08-01 14:43:25 UTC
KXMe3LX1q6,asa_KXMe3LX1q6_mls_blended,Stefan Chirila,stefan chirila,2007-01-15,USA,W,NA,18.458590006844627,mls,NWMWlBK5lz,W,asa_live,TRUE,NA,mlspa_via_asa,0,NA,11,95402,TRUE,0,1,blended,2025+2026 season to date,11,0.3027272727272727,0,-0.33381818181818185,0.1431818181818182,0.49336363636363634,0,0,2026,95402,FC Cincinnati,0.20277985605674193,1,0.2045792367169315,0.21821785250487957,0,6.11353711790393,-0.3560727272838546,0.4366812227074236,0.15272727273204545,85.1528384279476,0.5262545454709908,100,0,8.296943231441048,0,37.77292576419214,56.76855895196506,95402,11.737089201877934,9.769484083424809,520000,45.031469750087126,FALSE,FALSE,NA,Low,41,59,Insufficient Evidence,Wingers and attacking midfielders,1.1.0,2026-08-01 14:43:31 UTC,NA,NA,NA,Performance data through: 2026-08-01 (updates every day) · MLSPA compensation as of: 2026-04-16,FALSE,2026-08-01 14:43:25 UTC
KXMe3Xn1q6,asa_KXMe3Xn1q6_mls_blended,Jung Ho-Yeon,jung hoyeon,2000-09-28,South Korea,CM,NA,24.75564681724846,mls,kRQand1MKZ,CM,asa_live,TRUE,NA,mlspa_via_asa,0,NA,112,168039,TRUE,0,1,blended,2025+2026 season to date,112,-0.1902053571428571,0,0.02121428571428571,0.00265178571428571,0.04218749999999999,-0.2687142857142857,0.01245535714285714,2026,168039,Minnesota United FC,0.13644825463003651,1,0.08506454041857012,0.09073550978264361,0,6.60377358490566,0.022628571429278568,55.660377358490564,0.0028285714286598166,5.188679245283019,0.045000000001406235,91.98113207547169,-0.2866285714375285,0.9433962264150944,0.013285714286129461,94.33962264150944,5.660377358490566,168039,23.737373737373737,27.332601536772778,535541.5,-18.076996378883173,FALSE,FALSE,NA,Low,41,59,Insufficient Evidence,Central and defensive midfielders,1.1.0,2026-08-01 14:43:31 UTC,NA,NA,NA,Performance data through: 2026-08-01 (updates every day) · MLSPA compensation as of: 2026-04-16,FALSE,2026-08-01 14:43:25 UTC
KXMe3y6vq6,asa_KXMe3y6vq6_mls_blended,Brooklyn Raines,brooklyn raines,2005-03-11,USA,CM,NA,21.305954825462013,mls,19vQ2095K6,CM,asa_live,TRUE,NA,mlspa_via_asa,1481,443250,1908,443250,TRUE,0.6790463090325539,0.3209536909674461,blended,2025+2026 season to date,2093.379642365887,0.11248487365151869,0.007194103449170791,0.0031072815827948037,0.02036597371813172,0.016421824850985783,0.07629050202001851,-0.010894811969582925,2026,443250,New England Revolution,0.13644825463003651,1,0.11782315881598251,0.12567803607430877,0.00767371034602198,24.528301886792452,0.0033144336884180334,29.71698113207547,0.021723705300019366,45.75471698113208,0.01751661317493223,77.35849056603773,0.08137653549056276,80.18867924528301,-0.01162113276791828,16.9811320754717,29.71698113207547,443250,45.45454545454545,48.079034028540065,535541.5,-15.737564322469982,TRUE,FALSE,42.15686274509804,High,20.75,79.25,Below Expected Value by Current Model,Central and defensive midfielders,1.1.0,2026-08-01 14:43:31 UTC,60,60,255,Performance data through: 2026-08-01 (updates every day) · MLSPA compensation as of: 2026-04-16,FALSE,2026-08-01 14:43:25 UTC
KXMe4l1Q64,asa_KXMe4l1Q64_mls_blended,Alejandro Bedoya,alejandro bedoya,1987-04-29,USA,W,NA,39.17316906228611,mls,9z5k7Yg5A3,W,asa_live,TRUE,NA,mlspa_via_asa,259,226800,925,226800,TRUE,0.27007299270072993,0.7299270072992701,blended,2025+2026 season to date,934.1824817518249,0.21059462277710456,0.03906983625961728,-0.00377800636924724,0.1286586816221853,0.007909336865541246,0.05799157342952964,-0.019256799030521656,2026,226800,Philadelphia Union,0.20277985605674193,1,0.20753836311569612,0.22137425399699381,0.04167449201156076,43.66812227074236,-0.004029873460656323,50.21834061135371,0.13723592706795293,81.22270742358079,0.008436625990174307,43.23144104803494,0.06185767832676466,85.58951965065502,-0.020540585633198327,2.183406113537118,60.262008733624455,226800,30.046948356807512,31.833150384193193,520000,30.215060376816943,FALSE,TRUE,NA,Low,41,59,Small-Sample Watchlist,Wingers and attacking midfielders,1.1.0,2026-08-01 14:43:31 UTC,NA,NA,NA,Performance data through: 2026-08-01 (updates every day) · MLSPA compensation as of: 2026-04-16,FALSE,2026-08-01 14:43:25 UTC
KXMe87ZPQ6,asa_KXMe87ZPQ6_mls_blended,Ralph Priso,ralph priso,2002-08-02,Canada,CB,NA,23.912388774811777,mls,lgpMOvnQzy,CB,asa_live,TRUE,NA,mlspa_via_asa,528,189167,2109,189167,TRUE,0.42996742671009774,0.5700325732899023,blended,2025+2026 season to date,1730.198697068404,0.20969638380880454,0.01060360321748115,0.08492743176057936,0.008766556544543856,0.00805146046955579,0.09954052779849969,-0.0021931959818553303,2026,189167,Vancouver Whitecaps FC,0.13407640205361335,1,0.19022508760123363,0.20290676011432338,0.011310510099000014,64.92146596858639,0.0905892605474489,92.14659685863874,0.009350993647805665,31.413612565445025,0.008588224501127891,72.25130890052355,0.10617656298838435,81.67539267015707,-0.002339409047385459,59.16230366492147,92.14659685863874,189167,24.861878453038674,28.7596048298573,501667,67.28471840560007,TRUE,FALSE,95.87628865979381,Medium,29.75,70.25,Elite Value,Center backs,1.1.0,2026-08-01 14:43:31 UTC,5,5,21,Performance data through: 2026-08-01 (updates every day) · MLSPA compensation as of: 2026-04-16,FALSE,2026-08-01 14:43:25 UTC
KXMe8EJ6Q6,asa_KXMe8EJ6Q6_mls_blended,Pedro Vite,pedro vite,2002-03-09,Ecuador,CM,NA,23.312799452429843,mls,lgpMOvnQzy,CM,asa_live,TRUE,NA,mlspa_via_asa,0,NA,1564,729997,TRUE,0,1,blended,2025+2026 season to date,1564,0.25387020460358056,0.03726023017902813,0.09984590792838877,0.05615792838874681,-0.00292902813299232,0.06321867007672634,3.1649616368286445e-4,2026,729997,Vancouver Whitecaps FC,0.13644825463003651,1,0.22131328686599902,0.23606750599777607,0.03974424552553868,88.20754716981132,0.10650230179360955,94.33962264150944,0.05990179028320186,86.79245283018868,-0.0031242966752894424,28.30188679245283,0.06743324808394871,61.79245283018868,3.375959079389386e-4,66.0377358490566,98.58490566037736,729997,68.68686868686869,69.0450054884742,535541.5,29.898036973508667,FALSE,FALSE,NA,Low,41,59,Insufficient Evidence,Central and defensive midfielders,1.1.0,2026-08-01 14:43:31 UTC,NA,NA,NA,Performance data through: 2026-08-01 (updates every day) · MLSPA compensation as of: 2026-04-16,FALSE,2026-08-01 14:43:25 UTC
KXMe8JD2Q6,asa_KXMe8JD2Q6_mls_blended,Pedro Amador,pedro amador,1998-12-18,Portugal,FB,NA,27.534565366187543,mls,KAqBN0Vqbg,FB,asa_live,TRUE,NA,mlspa_via_asa,297,292604,2315,292604,TRUE,0.2978936810431294,0.7021063189568706,blended,2025+2026 season to date,1922.3761283851554,0.15975726748279395,0.011583343984437108,0.05319136459053185,0.02391246525754369,0.005671444138029641,0.06344201502997111,0.0019566344822805346,2026,292604,Atlanta United FC,0.11638469243644946,1,0.1494401919543052,0.15940287142290688,0.012355566917119027,50,0.05673745556500702,87.62886597938144,0.025506629608843683,50.51546391752577,0.006049540414087332,55.670103092783506,0.06767148270075059,67.01030927835052,0.002087076781164458,75.77319587628865,82.47422680412372,292604,43.24324324324324,35.67508232711306,343925,39.230983560880475,FALSE,TRUE,NA,Low,41,59,Small-Sample Watchlist,Fullbacks and wingbacks,1.1.0,2026-08-01 14:43:31 UTC,NA,NA,NA,Performance data through: 2026-08-01 (updates every day) · MLSPA compensation as of: 2026-04-16,FALSE,2026-08-01 14:43:25 UTC
KXMe8OnPQ6,asa_KXMe8OnPQ6_mls_blended,Przemyslaw Placheta,przemyslaw placheta,1998-03-23,Poland,FB,NA,28.27378507871321,mls,gpMOLwl5zy,FB,asa_live,FALSE,NA,NA,102,NA,0,NA,FALSE,1,0,blended,2025+2026 season to date,102,0.21476470588235297,0.087,-0.02197058823529411,0.0316764705882353,0.0943235294117647,0.02373529411764705,0,2026,NA,Austin FC,0.11638469243644946,1,0.13067922430465767,0.13939117259599082,0.0928000000029,98.45360824742268,-0.023435294118379402,11.34020618556701,0.03378823529517353,61.34020618556701,0.10061176470902645,98.45360824742268,0.025317647059614694,17.52577319587629,0,59.5360824742268,68.55670103092784,NA,NA,NA,343925,NA,FALSE,FALSE,NA,Insufficient,49,51,Insufficient Evidence,Fullbacks and wingbacks,1.1.0,2026-08-01 14:43:31 UTC,NA,NA,NA,Performance data through: 2026-08-01 (updates every day) · MLSPA compensation as of: 2026-04-16,FALSE,2026-08-01 14:43:25 UTC
KXMe8Y2vQ6,asa_KXMe8Y2vQ6_mls_blended,Justin Che,justin che,2003-11-18,USA,CB,NA,22.61738535249829,mls,a2lqRX2Mr0,CB,asa_live,TRUE,NA,mlspa_via_asa,834,501667,0,NA,FALSE,1,0,blended,2025+2026 season to date,834,0.2669568345323741,0.01135251798561151,0.12478057553956837,0.00221223021582733,0.07204316546762589,0.08322302158273381,-0.0266546762589928,2026,501667,New York Red Bulls,0.13407640205361335,1,0.2113583272190851,0.22544888237406938,0.012109352518364027,69.10994764397905,0.13309928057969894,98.95287958115183,0.0023597122302895595,15.706806282722512,0.07684604316786905,100,0.08877122302435683,67.01570680628272,-0.028431654677147478,9.424083769633508,98.42931937172774,501667,50.27624309392265,52.689352360043905,501667,48.15307627780509,TRUE,FALSE,89.69072164948453,Low,37.75,62.25,Undervalued,Center backs,1.1.0,2026-08-01 14:43:31 UTC,11,11,47,Performance data through: 2026-08-01 (updates every day) · MLSPA compensation as of: 2026-04-16,FALSE,2026-08-01 14:43:25 UTC
KXMe8YjPQ6,asa_KXMe8YjPQ6_mls_blended,Edwin Mosquera,edwin mosquera,2001-06-27,Colombia,W,NA,24.01095140314853,mls,KAqBN0Vqbg,W,asa_live,TRUE,NA,mlspa_via_asa,0,NA,221,462000,TRUE,0,1,blended,2025+2026 season to date,221,0.11875113122171949,0.02915837104072398,-0.03734389140271493,0.05383710407239819,0.0909366515837104,-0.00940723981900452,-0.00842986425339366,2026,462000,Atlanta United FC,0.20277985605674193,1,0.1801606743411025,0.192171385969848,0.031102262444410857,30.131004366812228,-0.03983348416414072,19.213973799126638,0.05742624434568597,23.14410480349345,0.09699909502565565,93.44978165938865,-0.010034389140585062,4.8034934497816595,-0.0089918552039009,5.676855895196507,27.510917030567686,462000,45.070422535211264,49.61580680570801,520000,-17.559505504643578,FALSE,FALSE,NA,Low,41,59,Insufficient Evidence,Wingers and attacking midfielders,1.1.0,2026-08-01 14:43:31 UTC,NA,NA,NA,Performance data through: 2026-08-01 (updates every day) · MLSPA compensation as of: 2026-04-16,FALSE,2026-08-01 14:43:25 UTC
KXMe8ejPQ6,asa_KXMe8ejPQ6_mls_blended,Jeremy Rafanello,jeremy rafanello,2000-04-14,USA,CM,NA,26.21218343600274,mls,9z5k7Yg5A3,CM,asa_live,TRUE,NA,mlspa_via_asa,240,186125,373,186125,TRUE,0.2553191489361702,0.7446808510638299,blended,2025+2026 season to date,517.7659574468086,0.09539509725628886,0.015391586332781926,0.028711930294906166,0.008197310478580801,-0.0032767782784781205,0.03519587302492727,0.011175175403570815,2026,186125,Philadelphia Union,0.13644825463003651,1,0.11743181635669209,0.12526060411771928,0.016417692088813773,52.83018867924528,0.030626058982190306,65.56603773584905,0.008743797844092766,16.50943396226415,-0.003495230163819221,27.358490566037737,0.03754226456109562,16.50943396226415,0.011920187097514709,93.86792452830188,29.245283018867923,186125,25.757575757575758,28.430296377607025,535541.5,3.487707261292165,FALSE,TRUE,NA,Low,41,59,Small-Sample Watchlist,Central and defensive midfielders,1.1.0,2026-08-01 14:43:31 UTC,NA,NA,NA,Performance data through: 2026-08-01 (updates every day) · MLSPA compensation as of: 2026-04-16,FALSE,2026-08-01 14:43:25 UTC
KXMe8jYxQ6,asa_KXMe8jYxQ6_mls_blended,Serge Ngoma,serge ngoma,2005-07-09,USA,W,NA,19.978097193702943,mls,a2lqRX2Mr0,W,asa_live,TRUE,NA,mlspa_via_asa,0,NA,757,193700,TRUE,0,1,blended,2025+2026 season to date,757,0.1279022457067371,0.03410964332892998,-0.00257992073976221,0.086778071334214,-0.02545442536327609,0.03586922060766182,-8.203434610303831e-4,2026,193700,New York Red Bulls,0.20277985605674193,1,0.16100951631101337,0.17174348407044793,0.036383619551995636,38.427947598253276,-0.0027519154558323547,51.52838427947598,0.09256327609272087,56.33187772925764,-0.02715138705500964,17.467248908296945,0.038260501982701575,51.52838427947598,-8.7503302512642e-4,26.200873362445414,16.593886462882097,193700,28.169014084507044,28.97914379802415,520000,-11.575127621624947,FALSE,FALSE,NA,Low,41,59,Insufficient Evidence,Wingers and attacking midfielders,1.1.0,2026-08-01 14:43:31 UTC,NA,NA,NA,Performance data through: 2026-08-01 (updates every day) · MLSPA compensation as of: 2026-04-16,FALSE,2026-08-01 14:43:25 UTC
KXMegX31q6,asa_KXMegX31q6_mls_blended,Tyger Smalls,tyger smalls,2002-09-18,England,W,NA,23.78370978781657,mls,NPqxKXZ59d,W,asa_live,TRUE,NA,mlspa_via_asa,139,113400,270,113400,TRUE,0.16567342073897498,0.834326579261025,blended,2025+2026 season to date,364.26817640047676,0.1542928088994835,0.01974930472785061,-0.04156734207389749,0.06624672228843861,0.054899086213746534,0.04795589988081049,0.0070091378625347575,2026,113400,Charlotte FC,0.20277985605674193,1,0.18446307585048216,0.19676061424666308,0.02106592504369896,21.397379912663755,-0.0443384982135429,16.593886462882097,0.07066317044320941,34.93449781659389,0.05855902529649294,81.6593886462882,0.051152959874463055,72.0524017467249,0.007476413720270712,68.12227074235808,33.18777292576419,113400,17.6056338028169,16.41053787047201,520000,15.582139122947293,FALSE,TRUE,NA,Low,41,59,Small-Sample Watchlist,Wingers and attacking midfielders,1.1.0,2026-08-01 14:43:31 UTC,NA,NA,NA,Performance data through: 2026-08-01 (updates every day) · MLSPA compensation as of: 2026-04-16,FALSE,2026-08-01 14:43:25 UTC
KXMeggl2q6,asa_KXMeggl2q6_mls_blended,Duncan McGuire,duncan mcguire,2001-02-05,USA,FW,NA,25.399041752224505,mls,YgOMngl5wN,FW,asa_live,TRUE,NA,mlspa_via_asa,650,921000,944,921000,TRUE,0.48148148148148145,0.5185185185185186,blended,2025+2026 season to date,1139.4814814814815,0.16530358757062147,0.05088124293785311,-0.056370451977401134,0.1899788700564972,-0.06740748587570623,0.04198429378531073,0.0062371186440677955,2026,921000,Houston Dynamo FC,0.21108432719581333,1,0.18109475526487068,0.19316773895523187,0.05427332580207269,38.297872340425535,-0.06012848211110689,31.20567375886525,0.2026441280665963,56.02836879432624,-0.07190131826966689,20.56737588652482,0.044783246705730924,82.26950354609929,0.0066529265538802194,59.57446808510638,22.69503546099291,921000,67.91044776119404,79.91218441273325,535000,-45.21541230020112,TRUE,FALSE,20.689655172413794,Medium,29.75,70.25,Below Expected Value by Current Model,Strikers,1.1.0,2026-08-01 14:43:31 UTC,47,47,348,Performance data through: 2026-08-01 (updates every day) · MLSPA compensation as of: 2026-04-16,FALSE,2026-08-01 14:43:25 UTC
KXMek9R2q6,asa_KXMek9R2q6_mls_blended,Ondrej Lingr,ondrej lingr,1998-10-07,Czech Republic,FW,NA,27.731690622861056,mls,YgOMngl5wN,FW,asa_live,TRUE,NA,mlspa_via_asa,493,938074,1981,938074,TRUE,0.413243922883487,0.586756077116513,blended,2025+2026 season to date,1655.3637887678124,0.17997416910778125,0.04149464929402671,-0.007374866343422616,0.08815944896466132,0.0029756708005177455,0.053717566250714555,0.0010017001412835139,2026,938074,Houston Dynamo FC,0.21108432719581333,1,0.18825048131328012,0.20080051340710714,0.04426095924834498,27.659574468085108,-0.007866524099896618,80.85106382978724,0.09403674556524406,17.02127659574468,0.0031740488539847844,75.88652482269504,0.05729873733588611,92.19858156028369,0.0010684801507358048,40.42553191489362,29.078014184397162,938074,68.65671641791045,80.57080131723382,535000,-39.57870223351328,TRUE,FALSE,25.862068965517242,Medium,29.75,70.25,Below Expected Value by Current Model,Strikers,1.1.0,2026-08-01 14:43:31 UTC,44,44,325,Performance data through: 2026-08-01 (updates every day) · MLSPA compensation as of: 2026-04-16,FALSE,2026-08-01 14:43:25 UTC
KXMekNYBq6,asa_KXMekNYBq6_mls_blended,Tomas Ostrak,tomas ostrak,2000-02-05,Czech Republic,CM,NA,26.401095140314855,mls,wvq9B9wQWn,CM,asa_live,TRUE,NA,mlspa_via_asa,31,801000,1144,801000,TRUE,0.15,0.85,blended,2025+2026 season to date,1003.4,0.1476404522896458,0.039504135179336784,-0.005492514944732686,0.030662810173697264,0.028124555887660725,0.043880494304083015,0.01096097168960072,2026,801000,St. Louis City SC,0.13644825463003651,1,0.14345227803757798,0.15301576324486493,0.04213774419260937,89.15094339622641,-0.005858682607897949,22.641509433962263,0.032706997519632505,64.15094339622641,0.029999526281108926,87.73584905660377,0.046805860592484566,28.30188679245283,0.011691703135939467,93.39622641509433,62.735849056603776,801000,76.76767676767676,74.3139407244786,535541.5,-14.031827711072985,FALSE,TRUE,NA,Low,41,59,Small-Sample Watchlist,Central and defensive midfielders,1.1.0,2026-08-01 14:43:31 UTC,NA,NA,NA,Performance data through: 2026-08-01 (updates every day) · MLSPA compensation as of: 2026-04-16,FALSE,2026-08-01 14:43:25 UTC
KXMekX42q6,asa_KXMekX42q6_mls_blended,Dejan Joveljic,dejan joveljic,1999-08-07,Serbia,FW,NA,26.899383983572896,mls,Z2vQ1xlqrA,FW,asa_live,TRUE,NA,mlspa_via_asa,1688,3306250,3090,3306250,TRUE,0.7068676716917923,0.2931323283082077,blended,2025+2026 season to date,2593.7788944723616,0.138195394447968,0.06308198760794262,-0.07203333414646046,0.12941798799824364,-0.025606491193833236,0.03476156266770746,0.008573681514367952,2026,3306250,Sporting Kansas City,0.21108432719581333,1,0.15188869041294503,0.1620146031122043,0.06728745345057485,56.737588652482266,-0.07683555642529227,22.69503546099291,0.13804585386910714,31.914893617021278,-0.027313590607609,53.191489361702125,0.03707900018004668,68.08510638297872,0.009145260282278272,65.95744680851064,4.964539007092198,3306250,87.31343283582089,95.60922063666301,535000,-82.34889382872869,TRUE,FALSE,1.7241379310344827,High,14,86,Below Expected Value by Current Model,Strikers,1.1.0,2026-08-01 14:43:31 UTC,58,58,431,Performance data through: 2026-08-01 (updates every day) · MLSPA compensation as of: 2026-04-16,FALSE,2026-08-01 14:43:25 UTC
KXMeke41q6,asa_KXMeke41q6_mls_blended,Robert Taylor,robert taylor,1994-10-21,Finland,W,NA,31.693360711841205,mls,gpMOLwl5zy,W,asa_live,TRUE,NA,mlspa_via_asa,195,633333,843,633333,TRUE,0.21787709497206703,0.782122905027933,blended,2025+2026 season to date,854.3296089385475,0.14007156802322115,0.04997976500526849,0.0019514582794886576,0.08643040617109683,-0.03551407383844609,0.0575772520328436,-0.02035323962703036,2026,633333,Austin FC,0.20277985605674193,1,0.16594257593563883,0.1770054143368795,0.053311749340619045,60.698689956331876,0.002081555498186283,55.89519650655022,0.09219243325205097,55.89519650655022,-0.037881678762192963,10.480349344978166,0.061415735503619076,84.71615720524018,-0.021710122269510825,1.7467248908296944,18.777292576419214,633333,58.68544600938967,62.78814489571899,520000,-39.90815343297046,FALSE,TRUE,NA,Low,41,59,Small-Sample Watchlist,Wingers and attacking midfielders,1.1.0,2026-08-01 14:43:31 UTC,NA,NA,NA,Performance data through: 2026-08-01 (updates every day) · MLSPA compensation as of: 2026-04-16,FALSE,2026-08-01 14:43:25 UTC
N6Mm76gZqE,asa_N6Mm76gZqE_mls_blended,Josef Martínez,josef martinez,1993-05-19,Venezuela,FW,NA,32.11772758384668,mls,0KPqjA456v,FW,asa_live,TRUE,NA,mlspa_via_asa,0,NA,2111,1450000,TRUE,0,1,blended,2025+2026 season to date,2111,0.30158313595452396,0.08336617716721932,-0.07574324964471815,0.2876674561819043,-0.02409237328280436,0.01682756987209853,0.01355755566082425,2026,1450000,San Jose Earthquakes,0.21108432719581333,1,0.2815538901945733,0.30032414955026326,0.08892392231447949,82.97872340425532,-0.08079279962355747,16.31205673758865,0.3068452866036202,91.48936170212765,-0.025698531502461062,54.60992907801418,0.017949407864132683,24.113475177304963,0.014461392705331118,75.88652482269504,86.52482269503547,1450000,73.88059701492537,89.46212952799122,535000,12.644225680110097,FALSE,FALSE,NA,Low,41,59,Insufficient Evidence,Strikers,1.1.0,2026-08-01 14:43:31 UTC,NA,NA,NA,Performance data through: 2026-08-01 (updates every day) · MLSPA compensation as of: 2026-04-16,FALSE,2026-08-01 14:43:25 UTC
N6MmGr7LqE,asa_N6MmGr7LqE_mls_blended,Gustavo Caraballo,gustavo caraballo,2008-08-29,USA,W,NA,16.83778234086242,mls,jYQJ8EW5GR,W,asa_live,TRUE,NA,mlspa_via_asa,0,NA,40,86997,TRUE,0,1,blended,2025+2026 season to date,40,0.6097499999999999,0.0162,0.049275,0.42210000000000003,0.0747,0.0414,0.006075,2026,86997,Orlando City SC,0.20277985605674193,1,0.22821549005319555,0.2434298560643491,0.01728000000054,19.213973799126638,0.0525600000016425,88.20960698689956,0.45024000001407005,99.12663755458516,0.07968000000249,87.33624454148472,0.04416000000138,62.88209606986899,0.0064800000002025,65.93886462882097,72.48908296943232,86997,2.816901408450704,2.5246981339187706,520000,69.67218156098161,FALSE,FALSE,NA,Low,41,59,Insufficient Evidence,Wingers and attacking midfielders,1.1.0,2026-08-01 14:43:31 UTC,NA,NA,NA,Performance data through: 2026-08-01 (updates every day) · MLSPA compensation as of: 2026-04-16,FALSE,2026-08-01 14:43:25 UTC
N6MmKBXeqE,asa_N6MmKBXeqE_mls_blended,Christian Cappis,christian cappis,1999-08-13,USA,CM,NA,26.882956878850106,mls,mKAqBBmqbg,CM,asa_live,TRUE,NA,mlspa_via_asa,1157,352000,1072,352000,TRUE,0.6230479267635972,0.3769520732364028,blended,2025+2026 season to date,1561.0926225094238,0.15721004026716176,0.01458941962240493,0.024401755358908202,0.03035088491307597,0.004229335953511921,0.08221371133026308,0.0014249330889976577,2026,352000,FC Dallas,0.13644825463003651,1,0.15144579339845965,0.1615421796300718,0.01556204759771824,50,0.026028539050315474,59.43396226415094,0.032374277241626066,63.679245283018865,0.0045112916838870275,50,0.08769462542168774,83.9622641509434,0.001519928628311666,72.16981132075472,69.33962264150944,352000,37.878787878787875,40.834248079034026,535541.5,31.46083476272156,TRUE,FALSE,81.37254901960785,High,20.75,79.25,Strong Value,Central and defensive midfielders,1.1.0,2026-08-01 14:43:31 UTC,20,20,84,Performance data through: 2026-08-01 (updates every day) · MLSPA compensation as of: 2026-04-16,FALSE,2026-08-01 14:43:25 UTC
N6MmKdJPqE,asa_N6MmKdJPqE_mls_blended,Jack Maher,jack maher,1999-10-28,USA,CB,NA,26.67488021902806,mls,vzqoOgNqap,CB,asa_live,TRUE,NA,mlspa_via_asa,595,995467,3005,995467,TRUE,0.4594594594594595,0.5405405405405406,blended,2025+2026 season to date,2219.324324324324,0.1633485285142523,0.006189988372018318,0.06616797872272082,0.010179165997468822,0.014731116093512093,0.06748337712564004,-0.0014030977971077761,2026,995467,Nashville SC,0.13407640205361335,1,0.15711892387996015,0.1675935188105281,0.006602654263692539,36.64921465968586,0.07057917730644113,78.53403141361257,0.010857777064306049,35.602094240837694,0.01571319050023727,90.05235602094241,0.07198226893626548,48.167539267015705,-0.0014966376502950644,65.44502617801047,72.25130890052355,995467,85.6353591160221,82.21734357848518,501667,-13.384050215498547,TRUE,FALSE,32.98969072164948,Medium,29.75,70.25,Fair Value,Center backs,1.1.0,2026-08-01 14:43:31 UTC,66,66,294,Performance data through: 2026-08-01 (updates every day) · MLSPA compensation as of: 2026-04-16,FALSE,2026-08-01 14:43:25 UTC
N6MmWAYwqE,asa_N6MmWAYwqE_mls_blended,Noel Buck,noel buck,2005-04-05,USA,CM,NA,21.23750855578371,mls,0KPqjA456v,CM,asa_live,TRUE,NA,mlspa_via_asa,69,150000,255,150000,TRUE,0.15,0.85,blended,2025+2026 season to date,285.75,0.0442708695652174,0,-0.011573478260869564,0.013171304347826087,-0.008836956521739124,0.057510000000000006,-0.005999999999999996,2026,150000,San Jose Earthquakes,0.13644825463003651,1,0.10671109653545897,0.11382516964137994,0,6.60377358490566,-0.01234504347864665,17.452830188679247,0.01404939130478687,26.41509433962264,-0.009426086956816298,20.28301886792453,0.061344000001917004,51.886792452830186,-0.006400000000199996,27.830188679245282,19.339622641509433,150000,21.717171717171716,25.57628979143798,535541.5,-2.3775490756622837,FALSE,TRUE,NA,Low,41,59,Small-Sample Watchlist,Central and defensive midfielders,1.1.0,2026-08-01 14:43:31 UTC,NA,NA,NA,Performance data through: 2026-08-01 (updates every day) · MLSPA compensation as of: 2026-04-16,FALSE,2026-08-01 14:43:25 UTC
N6MmWLNPqE,asa_N6MmWLNPqE_mls_blended,Matthew Corcoran,matthew corcoran,2006-02-17,USA,CM,NA,20.366872005475702,mls,vzqoOgNqap,CM,asa_live,TRUE,NA,mlspa_via_asa,1090,135668,477,135668,TRUE,0.6089385474860335,0.3910614525139665,blended,2025+2026 season to date,1276.536312849162,0.08138754084536734,0.004977780120164432,-0.001069421313376201,0.011847675766838829,0.01848358806788236,0.053343997048592814,-0.006196078844734897,2026,135668,Nashville SC,0.13644825463003651,1,0.09899254430018564,0.1055920472568311,0.005309632128341319,19.339622641509433,-0.0011407160676369283,25,0.01263752081835634,24.056603773584907,0.019715827273023973,79.24528301886792,0.05690026352027713,43.867924528301884,-0.00660915076792376,26.88679245283019,10.849056603773585,135668,19.696969696969695,23.819978046103184,535541.5,-8.84791309319611,TRUE,FALSE,48.03921568627451,High,20.75,79.25,Fair Value,Central and defensive midfielders,1.1.0,2026-08-01 14:43:31 UTC,54,54,229,Performance data through: 2026-08-01 (updates every day) · MLSPA compensation as of: 2026-04-16,FALSE,2026-08-01 14:43:25 UTC
N6MmWNygqE,asa_N6MmWNygqE_mls_blended,Macielo Tschantret,macielo tschantret,2006-02-22,USA,CM,NA,20.35318275154004,mls,Z2vQ1xlqrA,CM,asa_live,TRUE,NA,mlspa_via_asa,58,88025,0,NA,FALSE,1,0,blended,2025+2026 season to date,58,-0.00124137931034482,0,-0.0409655172413793,0.00139655172413793,7.758620689655172e-4,0.06408620689655173,-0.02653448275862069,2026,88025,Sporting Kansas City,0.13644825463003651,1,0.12431147838605154,0.13259891028259868,0,6.60377358490566,-0.043696551725503435,7.0754716981132075,0.0014896551724603436,4.245283018867925,8.275862069224137e-4,40.56603773584906,0.06835862069179138,62.735849056603776,-0.02830344827674655,5.660377358490566,34.905660377358494,88025,3.5353535353535355,4.33589462129528,535541.5,31.370306842004958,FALSE,TRUE,NA,Low,49,51,Small-Sample Watchlist,Central and defensive midfielders,1.1.0,2026-08-01 14:43:31 UTC,NA,NA,NA,Performance data through: 2026-08-01 (updates every day) · MLSPA compensation as of: 2026-04-16,FALSE,2026-08-01 14:43:25 UTC
N6MmWzkwqE,asa_N6MmWzkwqE_mls_blended,Tani Oluwaseyi,tani oluwaseyi,2000-05-15,Canada,FW,NA,25.127994524298423,mls,kRQand1MKZ,FW,asa_live,TRUE,NA,mlspa_via_asa,0,NA,2049,558750,TRUE,0,1,blended,2025+2026 season to date,2049,0.20442606149341144,0.07924743777452417,-0.05139531478770132,0.20085505124450953,-0.05800585651537335,0.03622401171303074,-0.00249926793557833,2026,558750,Minnesota United FC,0.21108432719581333,1,0.20593416244525783,0.2196631066151395,0.08453060029546736,78.72340425531915,-0.05482166910859458,38.297872340425535,0.21424538800083867,61.702127659574465,-0.06187291361833177,23.404255319148938,0.038638945828440255,73.04964539007092,-0.0026658857980335275,21.27659574468085,46.808510638297875,558750,52.985074626865675,57.5192096597146,535000,-6.1765639885678,FALSE,FALSE,NA,Low,41,59,Insufficient Evidence,Strikers,1.1.0,2026-08-01 14:43:31 UTC,NA,NA,NA,Performance data through: 2026-08-01 (updates every day) · MLSPA compensation as of: 2026-04-16,FALSE,2026-08-01 14:43:25 UTC
N6MmeAowME,asa_N6MmeAowME_mls_blended,Amahl Pellegrino,amahl pellegrino,1990-06-18,Tanzania,W,NA,36.03559206023272,mls,zeQZBOzQKw,W,asa_live,TRUE,NA,mlspa_via_asa,729,645000,1348,645000,TRUE,0.510146955913226,0.489853044086774,blended,2025+2026 season to date,1389.3219034289714,0.253335629281542,0.05427100564192759,1.5446256330815637e-4,0.17985678806743732,-0.011006144447466951,0.019863100713702796,0.010196416742632995,2026,645000,San Diego FC,0.20277985605674193,1,0.2380874867448341,0.25395998586909263,0.057889072686531796,70.74235807860262,1.647600675338489e-4,54.148471615720524,0.1918472406112617,92.5764192139738,-0.011739887410998287,23.580786026200872,0.021187307428611753,23.14410480349345,0.010876177859148408,74.67248908296943,78.16593886462883,645000,59.624413145539904,63.44676180021954,520000,18.541525719088924,TRUE,FALSE,87.5,Medium,29.75,70.25,Strong Value,Wingers and attacking midfielders,1.1.0,2026-08-01 14:43:31 UTC,13,13,58,Performance data through: 2026-08-01 (updates every day) · MLSPA compensation as of: 2026-04-16,FALSE,2026-08-01 14:43:25 UTC
N6MmeE3wME,asa_N6MmeE3wME_mls_blended,Hannes Wolf,hannes wolf,1999-04-16,Austria,W,NA,27.208761122518823,mls,Vj58weDM8n,W,asa_live,TRUE,NA,mlspa_via_asa,1209,1510000,3193,1510000,TRUE,0.6333158721843898,0.3666841278156102,blended,2025+2026 season to date,2379.8224201152434,0.17350847822723786,0.05493751424221101,-0.0463725765683412,0.09476267706482734,0.031605612854336766,0.03534845852725571,0.0032267921069481977,2026,1510000,New York City FC,0.20277985605674193,1,0.17940239545503806,0.19136255515802067,0.058600015193522995,71.17903930131004,-0.04946408167444303,13.100436681222707,0.10108018887230792,65.06550218340611,0.03371265371234607,66.37554585152839,0.03770502243025104,50.65502183406114,0.003441911580852304,58.07860262008734,27.074235807860262,1510000,80.75117370892019,89.68166849615807,520000,-53.67693790105993,TRUE,FALSE,9.375,High,20.75,79.25,Below Expected Value by Current Model,Wingers and attacking midfielders,1.1.0,2026-08-01 14:43:31 UTC,88,88,397,Performance data through: 2026-08-01 (updates every day) · MLSPA compensation as of: 2026-04-16,FALSE,2026-08-01 14:43:25 UTC
N6MmeKWLME,asa_N6MmeKWLME_mls_blended,Brooks Lennon,brooks lennon,1997-09-22,USA,FB,NA,27.77275838466803,mls,KAqBN0Vqbg,FB,asa_live,TRUE,NA,mlspa_via_asa,0,NA,1759,740000,TRUE,0,1,blended,2025+2026 season to date,1759,0.0865412166003411,0.01073450824332006,0.00894371802160318,0.02223649801023308,0.0110824332006822,0.04425810119386014,-0.010714042069357579,2026,740000,Atlanta United FC,0.11638469243644946,1,0.09413175729625675,0.1004072077858116,0.011450142126565881,46.391752577319586,0.009539965890008183,40.20618556701031,0.0237189312116565,47.93814432989691,0.011821262081097093,67.52577319587628,0.047208641274926084,39.175257731958766,-0.011428311541005218,17.010309278350515,22.164948453608247,740000,85.13513513513513,69.75850713501647,343925,-62.97018668152688,FALSE,FALSE,NA,Low,41,59,Insufficient Evidence,Fullbacks and wingbacks,1.1.0,2026-08-01 14:43:31 UTC,NA,NA,NA,Performance data through: 2026-08-01 (updates every day) · MLSPA compensation as of: 2026-04-16,FALSE,2026-08-01 14:43:25 UTC
N6MmeZ4WME,asa_N6MmeZ4WME_mls_blended,Connor Ronan,connor ronan,1998-03-06,Republic of Ireland,CM,NA,28.320328542094455,mls,pzeQZ6xQKw,CM,asa_live,TRUE,NA,mlspa_via_asa,229,562400,1164,562400,TRUE,0.2465016146393972,0.7534983853606028,blended,2025+2026 season to date,1106.0721205597415,0.16863513588494447,0.013183114533974005,0.08255211789641895,0.024896241385815587,-0.0013864592234194822,0.049299601611310244,9.051968084515996e-5,2026,562400,Colorado Rapids,0.13644825463003651,1,0.1573154920549939,0.16780319153057066,0.014061988836678375,42.924528301886795,0.08805559242559861,89.62264150943396,0.026555990812366502,54.716981132075475,-0.0014788898383603297,33.490566037735846,0.052586241720374245,36.79245283018868,9.655432623785461e-5,64.15094339622641,76.88679245283019,562400,53.535353535353536,57.62897914379803,535541.5,23.351438917476656,FALSE,TRUE,NA,Low,41,59,Small-Sample Watchlist,Central and defensive midfielders,1.1.0,2026-08-01 14:43:31 UTC,NA,NA,NA,Performance data through: 2026-08-01 (updates every day) · MLSPA compensation as of: 2026-04-16,FALSE,2026-08-01 14:43:25 UTC
N6MmebxeME,asa_N6MmebxeME_mls_blended,Rodrigues,rodrigues,1997-10-10,Brazil,CB,NA,27.72347707049966,mls,0KPqjA456v,CB,asa_live,TRUE,NA,mlspa_via_asa,0,NA,1660,758000,TRUE,0,1,blended,2025+2026 season to date,1660,0.2291638554216867,0.013505421686746979,0.08008373493975905,0.03346265060240963,0.00389277108433734,0.09920060240963856,-9.813253012048197e-4,2026,758000,San Jose Earthquakes,0.13407640205361335,1,0.20391939877529555,0.21751402536711256,0.014405783132980292,75.91623036649214,0.08542265060507911,88.48167539267016,0.03569349397701903,81.67539267015707,0.004152289156756255,54.973821989528794,0.10581397590692115,80.10471204188482,-0.0010467469879845185,68.58638743455498,97.38219895287958,758000,69.06077348066299,71.56970362239298,501667,28.32142547221659,FALSE,FALSE,NA,Low,41,59,Insufficient Evidence,Center backs,1.1.0,2026-08-01 14:43:31 UTC,NA,NA,NA,Performance data through: 2026-08-01 (updates every day) · MLSPA compensation as of: 2026-04-16,FALSE,2026-08-01 14:43:25 UTC
N6MmkXx0qE,asa_N6MmkXx0qE_mls_blended,Will Cleary,will cleary,2003-02-17,USA,FB,NA,23.367556468172484,mls,NPqxKXZ59d,FB,asa_live,TRUE,NA,mlspa_via_asa,228,89309,0,NA,FALSE,1,0,blended,2025+2026 season to date,228,-0.05621052631578947,0,0.01567105263157894,0.00485526315789473,0.01038157894736842,-0.08818421052631578,0.00106578947368421,2026,89309,Charlotte FC,0.11638469243644946,1,0.06885847278003583,0.0734490376343335,0,6.443298969072165,0.01671578947420657,51.03092783505155,0.005178947368582887,9.793814432989691,0.011073684210872368,65.97938144329896,-0.0940631578976763,0.5154639175257731,0.0011368421052986837,69.0721649484536,5.154639175257732,89309,7.027027027027027,6.695938529088913,343925,-1.872387851769295,FALSE,TRUE,NA,Low,49,51,Small-Sample Watchlist,Fullbacks and wingbacks,1.1.0,2026-08-01 14:43:31 UTC,NA,NA,NA,Performance data through: 2026-08-01 (updates every day) · MLSPA compensation as of: 2026-04-16,FALSE,2026-08-01 14:43:25 UTC
N6Mmo4vLqE,asa_N6Mmo4vLqE_mls_blended,Maxwell Woledzi,maxwell woledzi,2001-07-02,Ghana,CB,NA,24.996577686516083,mls,vzqoOgNqap,CB,asa_live,TRUE,NA,mlspa_via_asa,1638,667500,0,NA,FALSE,1,0,blended,2025+2026 season to date,1638,0.1303956043956044,0.00459340659340659,0.04861538461538461,0.00842307692307692,0.00618131868131868,0.06697252747252748,-0.00439010989010989,2026,667500,Nashville SC,0.13407640205361335,1,0.1313824134191993,0.14014124098485867,0.00489963369978681,26.701570680628272,0.05185641025803076,52.35602094240838,0.008984615384896151,29.842931937172775,0.006593406593612636,65.96858638743456,0.07143736263959506,47.64397905759162,-0.00468278388293022,47.64397905759162,38.21989528795812,667500,61.32596685082873,65.31284302963776,501667,-23.10607156287061,TRUE,FALSE,26.804123711340207,High,22,78,Below Expected Value by Current Model,Center backs,1.1.0,2026-08-01 14:43:31 UTC,72,72,322,Performance data through: 2026-08-01 (updates every day) · MLSPA compensation as of: 2026-04-16,FALSE,2026-08-01 14:43:25 UTC
N6Mmo9EPqE,asa_N6Mmo9EPqE_mls_blended,Nathan Ordaz,nathan ordaz,2004-01-12,USA,FW,NA,22.466803559206024,mls,EKXMeX3Q64,FW,asa_live,TRUE,NA,mlspa_via_asa,621,545000,1622,545000,TRUE,0.47009841029523086,0.5299015897047692,blended,2025+2026 season to date,1480.5003785011356,0.14448635389062767,0.051093982158641915,-0.05963409067785774,0.14786652771179026,-0.01107303158407625,0.019561416593004408,-0.00332845031087497,2026,545000,D.C. United,0.21108432719581333,1,0.1636926873265769,0.17460553315380511,0.05450024763758784,39.00709219858156,-0.06360969672503607,27.659574468085108,0.1577242962308385,37.5886524822695,-0.011811233690050434,61.702127659574465,0.020865511033190082,32.6241134751773,-0.003550346998377583,18.43971631205674,10.638297872340425,545000,51.492537313432834,55.87266739846323,535000,-40.85423944109241,TRUE,FALSE,24.137931034482758,Medium,29.75,70.25,Below Expected Value by Current Model,Strikers,1.1.0,2026-08-01 14:43:31 UTC,45,45,333,Performance data through: 2026-08-01 (updates every day) · MLSPA compensation as of: 2026-04-16,FALSE,2026-08-01 14:43:25 UTC
N6MmoN8vqE,asa_N6MmoN8vqE_mls_blended,Dominic Iankov,dominic iankov,2000-07-28,Bulgaria,CM,NA,24.92539356605065,mls,APk5LGOMOW,CM,asa_live,TRUE,NA,mlspa_via_asa,0,NA,45,410000,TRUE,0,1,blended,2025+2026 season to date,45,0.1288,6e-4,0.0842,-0.0404,0.089,0,-0.0046,2026,410000,CF Montréal,0.13644825463003651,1,0.13591465546980142,0.14497563250565199,6.400000000199999e-4,13.679245283018869,0.08981333333614,90.09433962264151,-0.04309333333468,0.4716981132075472,0.0949333333363,98.58490566037736,0,5.188679245283019,-0.00490666666682,32.075471698113205,52.35849056603774,410000,42.42424242424242,44.62129527991218,535541.5,9.934248141795315,FALSE,FALSE,NA,Low,41,59,Insufficient Evidence,Central and defensive midfielders,1.1.0,2026-08-01 14:43:31 UTC,NA,NA,NA,Performance data through: 2026-08-01 (updates every day) · MLSPA compensation as of: 2026-04-16,FALSE,2026-08-01 14:43:25 UTC
N6MmoYnPqE,asa_N6MmoYnPqE_mls_blended,Kobi Henry,kobi henry,2004-04-26,USA,FB,NA,21.180013689253936,mls,a2lqR4JMr0,FB,asa_live,TRUE,NA,mlspa_via_asa,0,NA,58,109982,TRUE,0,1,blended,2025+2026 season to date,58,-0.00604730560344825,4.41853448275862e-6,0.01722413793103448,0.12289655172413796,-0.15377586206896549,0.00418965517241379,0.00341379310344827,2026,109982,Real Salt Lake,0.11638469243644946,1,0.10559281418977154,0.11263233513927606,4.713103448423146e-6,13.402061855670103,0.018372413793677583,52.577319587628864,0.1310896551765104,96.3917525773196,-0.16402758621202237,1.5463917525773196,0.004468965517381031,11.34020618556701,0.0036413793104586143,81.95876288659794,35.56701030927835,109982,17.2972972972973,14.5993413830955,343925,18.269713011981054,FALSE,FALSE,NA,Low,41,59,Insufficient Evidence,Fullbacks and wingbacks,1.1.0,2026-08-01 14:43:31 UTC,NA,NA,NA,Performance data through: 2026-08-01 (updates every day) · MLSPA compensation as of: 2026-04-16,FALSE,2026-08-01 14:43:25 UTC
N6MmovmZqE,asa_N6MmovmZqE_mls_blended,Viktor Radojević,viktor radojevic,2004-07-14,Serbia,FB,NA,21.963039014373717,mls,X0Oq66zq6D,FB,asa_live,TRUE,NA,mlspa_via_asa,245,357000,0,NA,FALSE,1,0,blended,2025+2026 season to date,245,0.11259183673469388,0.01410612244897959,0.06579183673469388,0.01682448979591836,6.612244897959184e-4,0.03559591836734694,-0.02038775510204081,2026,357000,Chicago Fire FC,0.11638469243644946,1,0.11528498871227182,0.1229706546302661,0.0150465306127151,59.27835051546392,0.07017795918586653,93.29896907216495,0.0179461224495404,37.11340206185567,7.053061224710205e-4,43.81443298969072,0.03796897959302327,29.38144329896907,-0.02174693877618979,9.793814432989691,48.45360824742268,357000,51.891891891891895,41.05378704720088,343925,-3.438283644469216,FALSE,TRUE,NA,Low,49,51,Small-Sample Watchlist,Fullbacks and wingbacks,1.1.0,2026-08-01 14:43:31 UTC,NA,NA,NA,Performance data through: 2026-08-01 (updates every day) · MLSPA compensation as of: 2026-04-16,FALSE,2026-08-01 14:43:25 UTC
NPqxA1n8Q9,asa_NPqxA1n8Q9_mls_blended,Owen Presthus,owen presthus,2006-02-21,USA,FB,NA,20.355920602327178,mls,mvzqoLZQap,FB,asa_live,TRUE,NA,mlspa_via_asa,68,94216,0,NA,FALSE,1,0,blended,2025+2026 season to date,68,0.03494117647058823,0,0.02395588235294118,0.00344117647058823,0.00860294117647058,-0.00502941176470588,0.00397058823529411,2026,94216,Columbus Crew,0.11638469243644946,1,0.10809403512255938,0.11530030413433315,0,6.443298969072165,0.025552941177269122,60.30927835051546,0.003670588235408818,6.701030927835052,0.009176470588522051,62.88659793814433,-0.005364705882520586,7.731958762886598,0.004235294117779404,84.02061855670104,39.69072164948454,94216,8.64864864864865,9.001097694840833,343925,31.042073000835888,FALSE,TRUE,NA,Low,49,51,Small-Sample Watchlist,Fullbacks and wingbacks,1.1.0,2026-08-01 14:43:31 UTC,NA,NA,NA,Performance data through: 2026-08-01 (updates every day) · MLSPA compensation as of: 2026-04-16,FALSE,2026-08-01 14:43:25 UTC
NPqxA8RmQ9,asa_NPqxA8RmQ9_mls_blended,Nelson Quiñones,nelson quinones,2002-08-20,Colombia,W,NA,22.863791923340177,mls,YgOMngl5wN,W,asa_live,TRUE,NA,mlspa_via_asa,0,NA,18,272894,TRUE,0,1,blended,2025+2026 season to date,18,0.4600000000000001,0,0.195,0.1495,0.081,0.0345,0,2026,272894,Houston Dynamo FC,0.20277985605674193,1,0.21027170490945818,0.2242898185770978,0,6.11353711790393,0.2080000000065,98.68995633187772,0.15946666667165,86.8995633187773,0.0864000000027,89.95633187772926,0.03680000000115,48.47161572052402,0,37.77292576419214,62.88209606986899,272894,32.394366197183096,34.357848518111965,520000,30.487729872685897,FALSE,FALSE,NA,Low,41,59,Insufficient Evidence,Wingers and attacking midfielders,1.1.0,2026-08-01 14:43:31 UTC,NA,NA,NA,Performance data through: 2026-08-01 (updates every day) · MLSPA compensation as of: 2026-04-16,FALSE,2026-08-01 14:43:25 UTC
NPqxADDYQ9,asa_NPqxADDYQ9_mls_blended,Ali Ahmed,ali ahmed,2000-10-10,Canada,W,NA,24.722792607802873,mls,lgpMOvnQzy,W,asa_live,TRUE,NA,mlspa_via_asa,0,NA,1865,159375,TRUE,0,1,blended,2025+2026 season to date,1865,0.3527517426273459,0.05303485254691689,0.05261501340482574,0.08728310991957104,0.08906863270777479,0.04840214477211796,0.02234798927613941,2026,159375,Vancouver Whitecaps FC,0.20277985605674193,1,0.31624742946614415,0.33733059144109534,0.056570509385145844,67.68558951965065,0.05612268096690129,89.95633187772926,0.09310198391711855,56.76855895196506,0.09500654155792873,93.01310043668123,0.051628954425205896,73.36244541484716,0.02383785522862697,89.51965065502183,96.06986899563319,159375,26.291079812206572,26.45444566410538,520000,69.77878918342661,FALSE,FALSE,NA,Low,41,59,Insufficient Evidence,Wingers and attacking midfielders,1.1.0,2026-08-01 14:43:31 UTC,NA,NA,NA,Performance data through: 2026-08-01 (updates every day) · MLSPA compensation as of: 2026-04-16,FALSE,2026-08-01 14:43:25 UTC
NPqxAN6GQ9,asa_NPqxAN6GQ9_mls_blended,Jonathan Shore,jonathan shore,2007-04-13,USA,CM,NA,19.21697467488022,mls,Vj58weDM8n,CM,asa_live,TRUE,NA,mlspa_via_asa,453,125900,1726,125900,TRUE,0.39288811795316564,0.6071118820468344,blended,2025+2026 season to date,1500.8751084128362,0.0974264817760912,0.014298485787994242,0.0181149874527531,0.01839223085728298,-0.0024646461093484765,0.05358475898934614,-0.004499335201936805,2026,125900,New York City FC,0.13644825463003651,1,0.1085709156449161,0.11580897669152954,0.015251718174337141,48.58490566037736,0.019322653283540474,51.886792452830186,0.019618379581714918,41.0377358490566,-0.002628955850053863,30.660377358490567,0.05715707625708871,44.339622641509436,-0.004799290882215903,32.54716981132076,20.754716981132077,125900,18.68686868686869,22.39297475301866,535541.5,2.0678482942633885,TRUE,FALSE,57.84313725490196,Medium,29.75,70.25,Fair Value,Central and defensive midfielders,1.1.0,2026-08-01 14:43:31 UTC,44,44,186,Performance data through: 2026-08-01 (updates every day) · MLSPA compensation as of: 2026-04-16,FALSE,2026-08-01 14:43:25 UTC
NPqxAP6gQ9,asa_NPqxAP6gQ9_mls_blended,Archie Goodwin,archie goodwin,2004-11-07,Australia,FW,NA,21.645448323066393,mls,NPqxKXZ59d,FW,asa_live,TRUE,NA,mlspa_via_asa,341,366187,150,366187,TRUE,0.3275696445725264,0.6724303554274735,blended,2025+2026 season to date,441.86455331412105,0.29583861671469736,0.04085014409221902,-0.03177233429394813,0.4247233429394812,-0.1605994236311239,0.0038097982708933703,0.0188270893371758,2026,366187,Charlotte FC,0.21108432719581333,1,0.24702941829291514,0.2634980461873438,0.043573487033061964,26.95035460992908,-0.03389048991460375,60.99290780141844,0.4530382324829374,100,-0.17130605187855213,3.5460992907801416,0.004063784822413255,12.056737588652481,0.02008222862694842,81.56028368794327,73.75886524822695,366187,41.791044776119406,41.822173435784855,535000,31.967820472107547,FALSE,TRUE,NA,Low,41,59,Small-Sample Watchlist,Strikers,1.1.0,2026-08-01 14:43:31 UTC,NA,NA,NA,Performance data through: 2026-08-01 (updates every day) · MLSPA compensation as of: 2026-04-16,FALSE,2026-08-01 14:43:25 UTC
NPqxAp4mQ9,asa_NPqxAp4mQ9_mls_blended,Fidel Barajas,fidel barajas,2006-04-05,USA,W,NA,19.238877481177276,mls,EKXMeX3Q64,W,asa_live,TRUE,NA,mlspa_via_asa,0,NA,50,104000,TRUE,0,1,blended,2025+2026 season to date,50,0.01998000000000001,0,0.03329999999999999,0.09234,-0.15047999999999995,0.030600000000000002,0.01422,2026,104000,D.C. United,0.20277985605674193,1,0.18871832866776178,0.20129955058523652,0,6.11353711790393,0.03552000000110999,82.96943231441048,0.09849600000307801,61.572052401746724,-0.16051200000501595,4.366812227074236,0.03264000000102,39.737991266375545,0.015168000000474,81.22270742358079,38.427947598253276,104000,14.31924882629108,12.952799121844127,520000,24.108698771962196,FALSE,FALSE,NA,Low,41,59,Insufficient Evidence,Wingers and attacking midfielders,1.1.0,2026-08-01 14:43:31 UTC,NA,NA,NA,Performance data through: 2026-08-01 (updates every day) · MLSPA compensation as of: 2026-04-16,FALSE,2026-08-01 14:43:25 UTC
NPqxKnY859,asa_NPqxKnY859_mls_blended,Nonso Adimabua,nonso adimabua,2000-09-07,Nigeria,FW,NA,25.812457221081452,mls,0KPqjA456v,FW,asa_live,TRUE,NA,mlspa_via_asa,52,117285,0,NA,FALSE,1,0,blended,2025+2026 season to date,52,0.12288461538461538,0,0.02007692307692308,0.02007692307692308,-0.00311538461538461,0.09017307692307693,-0.00432692307692307,2026,117285,San Jose Earthquakes,0.21108432719581333,1,0.20404999435197546,0.2176533273155755,0,3.900709219858156,0.02141538461605385,93.61702127659575,0.02141538461605385,2.127659574468085,-0.0033230769231807635,69.50354609929079,0.09618461538762116,98.58156028368795,-0.004615384615528839,13.47517730496454,42.5531914893617,117285,23.134328358208954,19.42919868276619,535000,19.418863131152747,FALSE,TRUE,NA,Low,49,51,Small-Sample Watchlist,Strikers,1.1.0,2026-08-01 14:43:31 UTC,NA,NA,NA,Performance data through: 2026-08-01 (updates every day) · MLSPA compensation as of: 2026-04-16,FALSE,2026-08-01 14:43:25 UTC
NPqxe1RjQ9,asa_NPqxe1RjQ9_mls_blended,Felipe Carballo,felipe carballo,1996-10-04,Uruguay,CM,NA,28.739219712525667,mls,a2lqRX2Mr0,CM,asa_live,TRUE,NA,mlspa_via_asa,0,NA,1183,1199777,TRUE,0,1,blended,2025+2026 season to date,1183,0.2694522400676247,0.02512087912087912,0.08622654268808115,0.03129078613693999,0.01660016906170752,0.11160608622147083,-0.00139222316145393,2026,1199777,New York Red Bulls,0.13644825463003651,1,0.22469486975772401,0.23967452774906212,0.02679560439644176,75,0.09197497887016078,90.56603773584905,0.03337683854711235,65.56603773584905,0.017706846999708026,77.83018867924528,0.11904649197328909,95.28301886792453,-0.0014850380389305994,47.64150943396226,99.05660377358491,1199777,91.91919191919192,85.8397365532382,535541.5,7.137411854392994,FALSE,FALSE,NA,Low,41,59,Insufficient Evidence,Central and defensive midfielders,1.1.0,2026-08-01 14:43:31 UTC,NA,NA,NA,Performance data through: 2026-08-01 (updates every day) · MLSPA compensation as of: 2026-04-16,FALSE,2026-08-01 14:43:25 UTC
NPqxeJAkQ9,asa_NPqxeJAkQ9_mls_blended,Jailson,jailson,1995-09-07,Brazil,CB,NA,29.815195071868583,mls,eVq3ya6MWO,CB,asa_live,TRUE,NA,mlspa_via_asa,0,NA,166,1317444,TRUE,0,1,blended,2025+2026 season to date,166,0.14893373493975903,3.2530120481927705e-4,0.04960843373493975,0.013933734939759032,0.03979518072289157,0.048686746987951814,-0.0034156626506024,2026,1317444,Los Angeles FC,0.13407640205361335,1,0.1372961373788094,0.1464492132086399,3.469879518180722e-4,14.136125654450261,0.052915662652256015,53.92670157068063,0.014862650602874092,46.596858638743456,0.042448192772410846,98.95287958115183,0.051932530122104824,27.225130890052355,-0.003643373494089749,51.832460732984295,47.64397905759162,1317444,93.92265193370166,87.26673984632272,501667,-46.278672876110036,FALSE,FALSE,NA,Low,41,59,Insufficient Evidence,Center backs,1.1.0,2026-08-01 14:43:31 UTC,NA,NA,NA,Performance data through: 2026-08-01 (updates every day) · MLSPA compensation as of: 2026-04-16,FALSE,2026-08-01 14:43:25 UTC
NPqxen8gQ9,asa_NPqxen8gQ9_mls_blended,Adrián Marín,adrian marin,1997-01-09,Spain,CB,NA,29.472963723477072,mls,jYQJ8EW5GR,CB,asa_live,TRUE,NA,mlspa_via_asa,1169,577972,397,577972,TRUE,0.6254681647940075,0.37453183520599254,blended,2025+2026 season to date,1317.689138576779,0.1533167011009538,0.007013273710129342,0.06574341267370447,0.005099518459069018,0.013448031180887148,0.06287858376022415,-8.661186830603516e-4,2026,577972,Orlando City SC,0.13407640205361335,1,0.14729686232928935,0.15711665315615186,0.007480825291038407,43.455497382198956,0.07012630685414288,77.4869109947644,0.0054394863565102695,21.465968586387433,0.014344566593394559,86.38743455497382,0.06707048934633504,41.8848167539267,-9.238599286265789e-4,70.68062827225131,61.2565445026178,577972,55.80110497237569,59.055982436882545,501667,5.45543953024211,TRUE,FALSE,62.88659793814433,High,20.75,79.25,Undervalued,Center backs,1.1.0,2026-08-01 14:43:31 UTC,37,37,164,Performance data through: 2026-08-01 (updates every day) · MLSPA compensation as of: 2026-04-16,FALSE,2026-08-01 14:43:25 UTC
NPqxmgXkQ9,asa_NPqxmgXkQ9_mls_blended,Daniel Steres,daniel steres,1990-11-11,USA,FB,NA,34.63655030800821,mls,YgOMngl5wN,FB,asa_live,TRUE,NA,mlspa_via_asa,0,NA,446,323438,TRUE,0,1,blended,2025+2026 season to date,446,0.06263677130044842,0.00270403587443946,0.04110538116591928,0.00799103139013453,-0.01117937219730941,0.02748430493273542,-0.005468609865470849,2026,323438,Houston Dynamo FC,0.11638469243644946,1,0.09346731879719854,0.09969847338679401,0.0028843049328255584,18.04123711340206,0.04384573991168408,81.44329896907216,0.008523766816409865,15.97938144329897,-0.011924663677502683,17.52577319587629,0.02931659192916726,21.1340206185567,-0.005833183856684526,28.8659793814433,21.649484536082475,323438,47.567567567567565,38.199780461031835,343925,-25.91808303148509,FALSE,FALSE,NA,Low,41,59,Insufficient Evidence,Fullbacks and wingbacks,1.1.0,2026-08-01 14:43:31 UTC,NA,NA,NA,Performance data through: 2026-08-01 (updates every day) · MLSPA compensation as of: 2026-04-16,FALSE,2026-08-01 14:43:25 UTC
NPqxoNPx59,asa_NPqxoNPx59_mls_blended,Osvald Søe,osvald soe,2005-11-05,Denmark,CB,NA,20.65160848733744,mls,zeQZBOzQKw,CB,asa_live,TRUE,NA,mlspa_via_asa,477,234996,0,NA,FALSE,1,0,blended,2025+2026 season to date,477,0.0740943396226415,0.00932075471698113,0.06869811320754717,2.264150943396226e-4,-0.03220754716981132,0.03337735849056603,-0.005320754716981131,2026,234996,San Diego FC,0.13407640205361335,1,0.10751053039198516,0.11467789908836785,0.009942138365090563,58.1151832460733,0.07327798742367359,82.19895287958116,2.4150943396981125e-4,9.424083769633508,-0.03435471698220566,4.18848167539267,0.035602515724383006,14.659685863874346,-0.005675471698290565,43.455497382198956,16.230366492146597,234996,28.7292817679558,32.27222832052689,501667,-12.498915275809203,TRUE,FALSE,34.02061855670103,Low,37.75,62.25,Fair Value,Center backs,1.1.0,2026-08-01 14:43:31 UTC,65,65,291,Performance data through: 2026-08-01 (updates every day) · MLSPA compensation as of: 2026-04-16,FALSE,2026-08-01 14:43:25 UTC
NPqxx41Gq9,asa_NPqxx41Gq9_mls_blended,Antoine Coupland,antoine coupland,2003-12-12,Canada,W,NA,21.5523613963039,mls,lgpMOvnQzy,W,asa_live,FALSE,NA,NA,0,NA,25,NA,TRUE,0,1,blended,2025+2026 season to date,25,0.47268,0.16668,0.20664,0.085320000000000007,-0.08927999999999998,0.10187999999999998,0.00144,2026,NA,Vancouver Whitecaps FC,0.20277985605674193,1,0.21357586181447225,0.22781425260922292,0.177792000005556,100,0.220416000006888,99.12663755458516,0.09100800000284401,54.585152838427945,-0.09523200000297598,5.676855895196507,0.10867200000339598,96.5065502183406,0.001536000000048,50.65502183406114,65.50218340611353,NA,NA,NA,520000,NA,FALSE,FALSE,NA,Insufficient,41,59,Insufficient Evidence,Wingers and attacking midfielders,1.1.0,2026-08-01 14:43:31 UTC,NA,NA,NA,Performance data through: 2026-08-01 (updates every day) · MLSPA compensation as of: 2026-04-16,FALSE,2026-08-01 14:43:25 UTC
NPqxx91gq9,asa_NPqxx91gq9_mls_blended,Ajani Fortune,ajani fortune,2002-12-30,Trinidad & Tobago,CM,NA,23.50171115674196,mls,KAqBN0Vqbg,CM,asa_live,TRUE,NA,mlspa_via_asa,536,120000,904,120000,TRUE,0.4336569579288026,0.5663430420711975,blended,2025+2026 season to date,1047.9741100323624,0.1361814481484664,0.02778238035913739,0.02764744608643354,0.026182951714064782,0.012449168743019155,0.042015980754360346,1.0352049145115469e-4,2026,120000,Atlanta United FC,0.13644825463003651,1,0.1362785879566512,0.1453638271583039,0.029634539050672627,79.71698113207547,0.029490609159784024,65.09433962264151,0.027928481829208533,57.075471698113205,0.01327911332630207,72.16981132075472,0.0448170461393849,24.528301886792452,1.1042185755134902e-4,65.09433962264151,53.301886792452834,120000,17.424242424242426,20.52689352360044,535541.5,35.87764436821041,TRUE,FALSE,85.29411764705883,Medium,29.75,70.25,Fair Value,Central and defensive midfielders,1.1.0,2026-08-01 14:43:31 UTC,16,16,68,Performance data through: 2026-08-01 (updates every day) · MLSPA compensation as of: 2026-04-16,FALSE,2026-08-01 14:43:25 UTC
NPqxxLDkq9,asa_NPqxxLDkq9_mls_blended,Andrew Privett,andrew privett,2000-08-02,USA,CB,NA,25.911019849418206,mls,NPqxKXZ59d,CB,asa_live,TRUE,NA,mlspa_via_asa,643,281400,2047,281400,TRUE,0.4787788533134773,0.5212211466865226,blended,2025+2026 season to date,1709.939687267312,0.17572792176117386,0.005397293898667968,0.0694189928344369,0.0076141330265201085,-0.008962793562014907,0.11580609402059786,-0.01354579845703408,2026,281400,Charlotte FC,0.13407640205361335,1,0.16490906273975026,0.17590300026123057,0.005757113492092409,31.93717277486911,0.07404692569237999,83.24607329842932,0.008121741895208586,27.74869109947644,-0.00956031313311466,17.801047120418847,0.12352650029249791,85.86387434554973,-0.014448851687954546,23.036649214659686,79.05759162303664,281400,32.04419889502763,35.12623490669594,501667,47.013392728009016,TRUE,FALSE,88.65979381443299,Medium,29.75,70.25,Strong Value,Center backs,1.1.0,2026-08-01 14:43:31 UTC,12,12,52,Performance data through: 2026-08-01 (updates every day) · MLSPA compensation as of: 2026-04-16,FALSE,2026-08-01 14:43:25 UTC
NPqxxgBXq9,asa_NPqxxgBXq9_mls_blended,Brandon Cambridge,brandon cambridge,2002-02-09,Canada,W,NA,23.38945927446954,mls,NPqxKXZ59d,W,asa_live,TRUE,NA,mlspa_via_asa,0,NA,15,133026,TRUE,0,1,blended,2025+2026 season to date,15,1.6800000000000002,0.0672,0.1878,1.5474,-0.1224,0,0,2026,133026,Charlotte FC,0.20277985605674193,1,0.23880961566511408,0.25473025671741534,0.07168000000224,83.4061135371179,0.20032000000626,98.2532751091703,1.65056000005158,100,-0.13056000000408,4.8034934497816595,0,8.296943231441048,0,37.77292576419214,79.47598253275109,133026,22.535211267605632,23.380900109769485,520000,56.94077126514546,FALSE,FALSE,NA,Low,41,59,Insufficient Evidence,Wingers and attacking midfielders,1.1.0,2026-08-01 14:43:31 UTC,NA,NA,NA,Performance data through: 2026-08-01 (updates every day) · MLSPA compensation as of: 2026-04-16,FALSE,2026-08-01 14:43:25 UTC
NPqxxjAmq9,asa_NPqxxjAmq9_mls_blended,Elijah Wynder,elijah wynder,2003-03-10,USA,CM,NA,23.310061601642712,mls,kaDQ0wRqEv,CM,asa_live,TRUE,NA,mlspa_via_asa,1040,352208,1053,352208,TRUE,0.5977011494252874,0.4022988505747126,blended,2025+2026 season to date,1463.6206896551723,0.12611153846153847,0.020322880440121815,-0.013938102957068472,0.06748681599371255,0.009326259946949595,0.0334448914431673,0.009468793594655661,2026,352208,LA Galaxy,0.13644825463003651,1,0.12911695013054783,0.1377247468102216,0.021677739136807365,66.50943396226415,-0.01486730982133764,15.566037735849056,0.07198593706220961,91.0377358490566,0.009948010610390443,65.09433962264151,0.035674550873826615,15.09433962264151,0.010100046501281665,90.56603773584905,41.509433962264154,352208,38.38383838383838,40.944017563117455,535541.5,3.1255955784257736,TRUE,FALSE,59.80392156862745,High,20.75,79.25,Fair Value,Central and defensive midfielders,1.1.0,2026-08-01 14:43:31 UTC,42,42,177,Performance data through: 2026-08-01 (updates every day) · MLSPA compensation as of: 2026-04-16,FALSE,2026-08-01 14:43:25 UTC
NWMW0Bz5lz,asa_NWMW0Bz5lz_mls_blended,Sergio Busquets,sergio busquets,1988-07-16,Spain,CM,NA,36.95824777549623,mls,zeQZkL1MKw,CM,asa_live,TRUE,NA,mlspa_via_asa,0,NA,3809,8774996,TRUE,0,1,blended,2025+2026 season to date,3809,0.19234339721711735,0.00248569178262011,0.1158493042793384,0.01379417169860855,0.00545576266736676,0.05886741927014964,-0.00410895248096613,2026,8774996,Inter Miami CF,0.13644825463003651,1,0.18473689108142932,0.19705268382634916,0.002651404568210974,15.09433962264151,0.12357259123515593,96.69811320754717,0.01471378314564226,29.245283018867923,0.005819480178706403,54.716981132075475,0.06279191389012187,55.660377358490564,-0.004382882646500837,33.490566037735846,92.9245283018868,8774996,99.4949494949495,99.5609220636663,535541.5,-6.5704211930627,FALSE,FALSE,NA,Low,41,59,Insufficient Evidence,Central and defensive midfielders,1.1.0,2026-08-01 14:43:31 UTC,NA,NA,NA,Performance data through: 2026-08-01 (updates every day) · MLSPA compensation as of: 2026-04-16,FALSE,2026-08-01 14:43:25 UTC
NWMWL3nL5l,asa_NWMWL3nL5l_mls_blended,Mathías Laborda,mathias laborda,1999-09-15,Uruguay,CB,NA,26.792607802874745,mls,lgpMOvnQzy,CB,asa_live,TRUE,NA,mlspa_via_asa,1467,1193625,2849,1193625,TRUE,0.6769727734194739,0.3230272265805261,blended,2025+2026 season to date,2387.304568527919,0.19399333876814262,0.026711612312904424,0.06349405818118323,0.05822900578138234,-0.003152120992914715,0.0517515128082733,-0.0030407293226859472,2026,1193625,Vancouver Whitecaps FC,0.13407640205361335,1,0.18195902448781698,0.1940896261264034,0.028492386467988438,95.81151832460733,0.06772699539537858,74.3455497382199,0.06211093950208213,95.28795811518324,-0.0033622623925474333,27.74869109947644,0.05520161366388324,30.89005235602094,-0.003243444610966368,53.403141361256544,89.00523560209425,1193625,90.60773480662984,85.72996706915478,501667,-1.6024992045355901,TRUE,FALSE,47.422680412371136,High,20.75,79.25,Fair Value,Center backs,1.1.0,2026-08-01 14:43:31 UTC,52,52,232,Performance data through: 2026-08-01 (updates every day) · MLSPA compensation as of: 2026-04-16,FALSE,2026-08-01 14:43:25 UTC
NWMWLO7N5l,asa_NWMWLO7N5l_mls_blended,Sam Junqua,sam junqua,1996-11-09,USA,CB,NA,29.639972621492127,mls,a2lqR4JMr0,CB,asa_live,TRUE,NA,mlspa_via_asa,800,482813,2120,482813,TRUE,0.5333333333333333,0.4666666666666667,blended,2025+2026 season to date,1789.3333333333335,0.07272135849056605,0.007045188679245282,0.037190207547169805,0.01257945283018867,0.0030125094339622615,0.02431613207547169,-0.0114221320754717,2026,482813,Real Salt Lake,0.13407640205361335,1,0.08812859599244735,0.09400383572821479,0.007514867924763141,43.97905759162304,0.0396695547182208,34.55497382198953,0.013418083019287229,41.361256544502616,0.0032133433963268294,51.832460732984295,0.02593720754798034,11.518324607329843,-0.01218360754755055,26.701570680628272,6.282722513089006,482813,46.96132596685083,51.15257958287596,501667,-40.67860345376182,TRUE,FALSE,16.49484536082474,Medium,29.75,70.25,Below Expected Value by Current Model,Center backs,1.1.0,2026-08-01 14:43:31 UTC,82,82,367,Performance data through: 2026-08-01 (updates every day) · MLSPA compensation as of: 2026-04-16,FALSE,2026-08-01 14:43:25 UTC
NWMWV4LDQl,asa_NWMWV4LDQl_mls_blended,Deybi Flores,deybi flores,1996-06-16,Honduras,CM,NA,29.0403832991102,mls,kRQabn8MKZ,CM,asa_live,TRUE,NA,mlspa_via_asa,0,NA,1506,656667,TRUE,0,1,blended,2025+2026 season to date,1506,0.164300796812749,0.01676294820717131,0.03599402390438246,0.02799203187250996,-0.0025219123505976,0.09343027888446216,-0.007356573705179281,2026,656667,Toronto FC,0.13644825463003651,1,0.156365599609697,0.16678997292222233,0.017880478088208165,56.60377358490566,0.03839362549920775,72.64150943396227,0.02985816733161036,60.37735849056604,-0.0026900398407215037,30.18867924528302,0.09965896414654064,89.15094339622641,-0.007847011952436452,22.169811320754718,75,656667,61.111111111111114,64.10537870472008,535541.5,13.888888888888886,FALSE,FALSE,NA,Low,41,59,Insufficient Evidence,Central and defensive midfielders,1.1.0,2026-08-01 14:43:31 UTC,NA,NA,NA,Performance data through: 2026-08-01 (updates every day) · MLSPA compensation as of: 2026-04-16,FALSE,2026-08-01 14:43:25 UTC
NWMWVA9NQl,asa_NWMWVA9NQl_mls_blended,Khiry Shelton,khiry shelton,1993-06-26,USA,FB,NA,32.01368925393566,mls,Z2vQ1xlqrA,FB,asa_live,TRUE,NA,mlspa_via_asa,0,NA,2040,775000,TRUE,0,1,blended,2025+2026 season to date,2040,0.1166205882352941,0.00752647058823529,0.02599852941176471,0.02049705882352941,-1.5e-4,0.06070588235294117,0.00204264705882352,2026,775000,Sporting Kansas City,0.11638469243644946,1,0.1165669755537385,0.12433810726120663,0.008028235294368524,33.50515463917526,0.027731764706748974,62.88659793814433,0.02186352941244794,43.81443298969072,-1.6000000000499997e-4,40.72164948453608,0.06475294117849412,63.91752577319588,0.002178823529479843,76.28865979381443,50.51546391752577,775000,88.10810810810811,72.39297475301866,343925,-37.59264419058234,FALSE,FALSE,NA,Low,41,59,Insufficient Evidence,Fullbacks and wingbacks,1.1.0,2026-08-01 14:43:31 UTC,NA,NA,NA,Performance data through: 2026-08-01 (updates every day) · MLSPA compensation as of: 2026-04-16,FALSE,2026-08-01 14:43:25 UTC
NWMWVR6jQl,asa_NWMWVR6jQl_mls_blended,Brendan Hines-Ike,brendan hinesike,1994-11-30,USA,CB,NA,31.58384668035592,mls,gpMOLwl5zy,CB,asa_live,TRUE,NA,mlspa_via_asa,1224,375000,3304,375000,TRUE,0.6361746361746362,0.3638253638253638,blended,2025+2026 season to date,2426.079002079002,0.12711659589837557,0.011588463300327706,0.03796255593925085,0.01784127347686669,8.633628739560936e-4,0.05930386024877551,-4.429199408012941e-4,2026,375000,Austin FC,0.13407640205361335,1,0.1284965610910469,0.1370629985013999,0.012361027520735835,70.68062827225131,0.040493393003132996,36.12565445026178,0.01903069170925251,60.20942408376963,9.209203989152786e-4,42.40837696335078,0.063257450934004,39.26701570680628,-4.724479368694777e-4,74.86910994764398,37.17277486910995,375000,38.67403314917127,42.4807903402854,501667,-1.5012582800613217,TRUE,FALSE,48.45360824742268,High,20.75,79.25,Fair Value,Center backs,1.1.0,2026-08-01 14:43:31 UTC,51,51,227,Performance data through: 2026-08-01 (updates every day) · MLSPA compensation as of: 2026-04-16,FALSE,2026-08-01 14:43:25 UTC
NWMWVZaDQl,asa_NWMWVZaDQl_mls_blended,Josh Yaro,josh yaro,1994-11-18,Ghana,CB,NA,30.61738535249829,mls,wvq9B9wQWn,CB,asa_live,TRUE,NA,mlspa_via_asa,0,NA,1405,204500,TRUE,0,1,blended,2025+2026 season to date,1405,0.0952462633451957,0.00431743772241992,0.02748683274021352,0.01475871886120996,-0.04896512455516014,0.1191715302491103,-0.02152313167259786,2026,204500,St. Louis City SC,0.13407640205361335,1,0.10686625497863739,0.11399067198077542,0.004605266904058496,24.607329842931936,0.029319288257143986,19.895287958115183,0.015742633452449247,48.167539267015705,-0.05222946619380298,2.094240837696335,0.1271162989363567,87.43455497382199,-0.022958007118155155,11.518324607329843,15.18324607329843,204500,25.96685082872928,29.857299670691546,501667,-10.783604755430853,FALSE,FALSE,NA,Low,41,59,Insufficient Evidence,Center backs,1.1.0,2026-08-01 14:43:31 UTC,NA,NA,NA,Performance data through: 2026-08-01 (updates every day) · MLSPA compensation as of: 2026-04-16,FALSE,2026-08-01 14:43:25 UTC
NWMWXRoE5l,asa_NWMWXRoE5l_mls_blended,Andreas Maxsø,andreas maxso,1994-03-18,Denmark,CB,NA,31.288158795345655,mls,pzeQZ6xQKw,CB,asa_live,TRUE,NA,mlspa_via_asa,0,NA,3230,1392500,TRUE,0,1,blended,2025+2026 season to date,3230,0.10973312693498452,0.005951702786377699,0.0331578947368421,0.01877182662538699,7.829721362229102e-4,0.06515108359133127,-0.01408235294117647,2026,1392500,Colorado Rapids,0.13407640205361335,1,0.11354669483868617,0.12111647449838346,0.006348482972334602,35.07853403141361,0.03536842105373684,26.17801047120419,0.020023281734371852,62.303664921465966,8.3517027866387e-4,41.8848167539267,0.06949448916625839,45.54973821989529,-0.015021176471057645,21.465968586387433,24.607329842931936,1392500,95.58011049723757,88.36443468715697,501667,-70.97278065430564,FALSE,FALSE,NA,Low,41,59,Insufficient Evidence,Center backs,1.1.0,2026-08-01 14:43:31 UTC,NA,NA,NA,Performance data through: 2026-08-01 (updates every day) · MLSPA compensation as of: 2026-04-16,FALSE,2026-08-01 14:43:25 UTC
NWMWXy775l,asa_NWMWXy775l_mls_blended,Joakim Nilsson,joakim nilsson,1994-02-06,Sweden,CB,NA,31.397672826830934,mls,wvq9B9wQWn,CB,asa_live,TRUE,NA,mlspa_via_asa,0,NA,167,1255750,TRUE,0,1,blended,2025+2026 season to date,167,0.29689221556886225,0.03723952095808382,0.04920359281437126,-5.389221556886227e-4,0.013850299401197601,0.19837724550898203,-0.00123952095808383,2026,1255750,St. Louis City SC,0.13407640205361335,1,0.16952652051130118,0.1808282885510388,0.03972215568986406,100,0.05248383233696947,53.403141361256544,-5.748502994191617e-4,5.2356020942408374,0.014773652695072451,86.91099476439791,0.2116023952161934,97.90575916230367,-0.0013221556886640693,65.96858638743456,82.72251308900523,1255750,92.81767955801105,86.60812294182217,501667,-10.095166469005818,FALSE,FALSE,NA,Low,41,59,Insufficient Evidence,Center backs,1.1.0,2026-08-01 14:43:31 UTC,NA,NA,NA,Performance data through: 2026-08-01 (updates every day) · MLSPA compensation as of: 2026-04-16,FALSE,2026-08-01 14:43:25 UTC
NWMWeDYqlz,asa_NWMWeDYqlz_mls_blended,Nicolás Lodeiro,nicolas lodeiro,1989-03-21,Uruguay,W,NA,36.27926078028747,mls,YgOMngl5wN,W,asa_live,TRUE,NA,mlspa_via_asa,0,NA,679,200000,TRUE,0,1,blended,2025+2026 season to date,679,0.08577172312223859,0.015508100147275402,-1.0603829160530192e-4,0.04856553755522828,-0.03406480117820323,0.04343593519882179,0.01243298969072165,2026,200000,Houston Dynamo FC,0.20277985605674193,1,0.14066216859581326,0.15003964650688956,0.016541973490944033,18.34061135371179,-1.1310751104918999e-4,53.275109170305676,0.05180324006052901,18.777292576419214,-0.03633578792455227,10.91703056768559,0.046331664213524436,65.50218340611353,0.013261855670517526,77.29257641921397,5.240174672489083,200000,28.63849765258216,29.363336992316135,520000,-23.398322980093077,FALSE,FALSE,NA,Low,41,59,Insufficient Evidence,Wingers and attacking midfielders,1.1.0,2026-08-01 14:43:31 UTC,NA,NA,NA,Performance data through: 2026-08-01 (updates every day) · MLSPA compensation as of: 2026-04-16,FALSE,2026-08-01 14:43:25 UTC
NWMWgLbEMl,asa_NWMWgLbEMl_mls_blended,Kevin Kelsy,kevin kelsy,2004-07-27,Venezuela,FW,NA,21.927446954141,mls,WBLMvYAQxe,FW,asa_live,TRUE,NA,mlspa_via_asa,1003,802804,1978,802804,TRUE,0.5889606576629477,0.4110393423370523,blended,2025+2026 season to date,1816.0358191426894,0.2084012712948719,0.07570164112934588,-0.05830934940837765,0.21071984133157035,-0.03589354003848559,0.013610678710679478,0.0025719995701394085,2026,802804,Portland Timbers FC,0.21108432719581333,1,0.20906758324596547,0.22300542213599875,0.08074841720715899,73.04964539007092,-0.062196639370879804,28.368794326241133,0.22476783076069903,68.79432624113475,-0.03828644270891442,40.42553191489362,0.014518057291845132,17.73049645390071,0.0027434662082344357,47.5177304964539,48.93617021276596,802804,62.6865671641791,74.42371020856201,535000,-13.750396951413144,TRUE,FALSE,44.827586206896555,High,20.75,79.25,Fair Value,Strikers,1.1.0,2026-08-01 14:43:31 UTC,33,33,243,Performance data through: 2026-08-01 (updates every day) · MLSPA compensation as of: 2026-04-16,FALSE,2026-08-01 14:43:25 UTC
NWMWgLvKMl,asa_NWMWgLvKMl_mls_blended,Dominik Chong Qui,dominik chong qui,2007-12-29,USA,FB,NA,17.505817932922657,mls,KAqBN0Vqbg,FB,asa_live,TRUE,NA,mlspa_via_asa,0,NA,168,80622,TRUE,0,1,blended,2025+2026 season to date,168,-0.00589285714285714,0.01178571428571428,-0.00921428571428571,0.00792857142857142,-0.04082142857142858,0.02753571428571429,-0.00310714285714285,2026,80622,Atlanta United FC,0.11638469243644946,1,0.08963647846597615,0.0956122437000291,0.012571428571821423,51.03092783505155,-0.009828571428878566,20.61855670103093,0.008457142857407134,14.948453608247423,-0.043542857144217864,5.670103092783505,0.029371428572346432,21.649484536082475,-0.003314285714389278,38.144329896907216,16.49484536082474,80622,1.0810810810810811,1.0428100987925357,343925,15.41376427974366,FALSE,FALSE,NA,Low,41,59,Insufficient Evidence,Fullbacks and wingbacks,1.1.0,2026-08-01 14:43:31 UTC,NA,NA,NA,Performance data through: 2026-08-01 (updates every day) · MLSPA compensation as of: 2026-04-16,FALSE,2026-08-01 14:43:25 UTC
NWMWj8JzQl,asa_NWMWj8JzQl_mls_blended,Joran Gerbet,joran gerbet,2001-06-30,France,CM,NA,24.00273785078713,mls,jYQJ8EW5GR,CM,asa_live,TRUE,NA,mlspa_via_asa,0,NA,1276,80622,TRUE,0,1,blended,2025+2026 season to date,1276,0.17233307210031348,0.0044576802507837,0.04939420062695925,0.00835815047021943,-0.00411912225705329,0.09921159874608151,0.01503056426332288,2026,80622,Orlando City SC,0.13644825463003651,1,0.16085605158743171,0.17157978836528903,0.0047548589343178686,17.92452830188679,0.05268714733706967,78.30188679245283,0.008915360501845996,16.9811320754717,-0.004393730407660813,26.41509433962264,0.10582570533246066,90.56603773584905,0.01603260188137876,95.75471698113208,78.77358490566037,80622,1.0101010101010102,1.0428100987925357,535541.5,77.76348389555936,FALSE,FALSE,NA,Low,41,59,Insufficient Evidence,Central and defensive midfielders,1.1.0,2026-08-01 14:43:31 UTC,NA,NA,NA,Performance data through: 2026-08-01 (updates every day) · MLSPA compensation as of: 2026-04-16,FALSE,2026-08-01 14:43:25 UTC
NWMWlEAD5l,asa_NWMWlEAD5l_mls_blended,Edwin Cerrillo,edwin cerrillo,2000-10-03,USA,CM,NA,25.741273100616016,mls,kaDQ0wRqEv,CM,asa_live,TRUE,NA,mlspa_via_asa,1429,662500,2954,662500,TRUE,0.6712071395021136,0.32879286049788636,blended,2025+2026 season to date,2400.2541099107566,0.09571473824571089,0.013776810419862024,0.0664476836465065,0.007614675692702221,0.005419565957806769,0.006156745373637366,-0.003700742844803979,2026,662500,LA Galaxy,0.13644825463003651,1,0.10386075152833993,0.11078480163369128,0.014695264448312052,46.698113207547166,0.07087752922515518,86.79245283018868,0.00812232073913619,15.566037735849056,0.0057808703551745395,54.24528301886792,0.006567195065418415,8.49056603773585,-0.003947459034580936,35.37735849056604,16.50943396226415,662500,62.121212121212125,64.87376509330406,535541.5,-45.61177815894797,TRUE,FALSE,16.666666666666668,High,20.75,79.25,Below Expected Value by Current Model,Central and defensive midfielders,1.1.0,2026-08-01 14:43:31 UTC,86,86,366,Performance data through: 2026-08-01 (updates every day) · MLSPA compensation as of: 2026-04-16,FALSE,2026-08-01 14:43:25 UTC
NWMWlWle5l,asa_NWMWlWle5l_mls_blended,Brian White,brian white,1996-02-03,USA,FW,NA,30.406570841889117,mls,lgpMOvnQzy,FW,asa_live,TRUE,NA,mlspa_via_asa,1512,1065000,2122,1065000,TRUE,0.6835443037974683,0.31645569620253167,blended,2025+2026 season to date,2183.518987341772,0.303331025781744,0.10010594682760302,-0.11219098465571224,0.3260261745973041,-0.03594397749913504,0.02162142575924654,0.003712440752437651,2026,1065000,Vancouver Whitecaps FC,0.21108432719581333,1,0.2834468362348945,0.30234329199333565,0.10677967661944675,95.0354609929078,-0.11967038363649943,4.25531914893617,0.3477612529146586,95.74468085106383,-0.03834024266694218,39.716312056737586,0.023062854143917025,36.170212765957444,0.003959936802723909,52.4822695035461,87.94326241134752,1065000,69.40298507462687,83.53457738748628,535000,18.54027733672065,TRUE,FALSE,84.48275862068965,High,14,86,Strong Value,Strikers,1.1.0,2026-08-01 14:43:31 UTC,10,10,70,Performance data through: 2026-08-01 (updates every day) · MLSPA compensation as of: 2026-04-16,FALSE,2026-08-01 14:43:25 UTC
NWMWlX6K5l,asa_NWMWlX6K5l_mls_blended,Andrés Perea,andres perea,2000-11-14,Colombia,CM,NA,25.626283367556468,mls,Vj58weDM8n,CM,asa_live,TRUE,NA,mlspa_via_asa,555,757000,2147,757000,TRUE,0.44223107569721115,0.5577689243027888,blended,2025+2026 season to date,1752.5298804780875,0.17269359933345332,0.040300968459649984,0.008510065930966395,0.07955543267080724,0.005417582580715795,0.03321508488635119,0.005694464804962723,2026,757000,New York City FC,0.13644825463003651,1,0.1634494205442638,0.17434604858599637,0.04298769969163668,90.09433962264151,0.009077403659981156,39.62264150943396,0.08485912818484623,93.86792452830188,0.0057787547529441,53.77358490566038,0.03542942387988177,14.622641509433961,0.006074095792150053,86.79245283018868,81.13207547169812,757000,72.22222222222223,71.45993413830955,535541.5,8.909853249475887,TRUE,FALSE,66.66666666666667,Medium,29.75,70.25,Undervalued,Central and defensive midfielders,1.1.0,2026-08-01 14:43:31 UTC,35,35,148,Performance data through: 2026-08-01 (updates every day) · MLSPA compensation as of: 2026-04-16,FALSE,2026-08-01 14:43:25 UTC
NWMWlYdY5l,asa_NWMWlYdY5l_mls_blended,Facundo Mura,facundo mura,1999-03-23,Argentina,FB,NA,27.274469541409992,mls,zeQZkL1MKw,FB,asa_live,TRUE,NA,mlspa_via_asa,1029,1026875,0,NA,FALSE,1,0,blended,2025+2026 season to date,1029,0.08138483965014577,0.00944606413994169,-0.01350437317784256,0.01931195335276967,0.00139067055393586,0.06651603498542273,-0.00177551020408163,2026,1026875,Inter Miami CF,0.11638469243644946,1,0.09427612981084695,0.10056120513471262,0.010075801749586005,40.72164948453608,-0.01440466472348221,16.49484536082474,0.020599416910264713,40.72164948453608,0.0014833819242446064,45.876288659793815,0.07095043732000145,72.16494845360825,-0.0018938775510795888,44.845360824742265,22.68041237113402,1026875,96.75675675675676,82.98572996706916,343925,-74.07634438562273,TRUE,FALSE,3.658536585365854,Medium,28.75,71.25,Below Expected Value by Current Model,Fullbacks and wingbacks,1.1.0,2026-08-01 14:43:31 UTC,80,80,422,Performance data through: 2026-08-01 (updates every day) · MLSPA compensation as of: 2026-04-16,FALSE,2026-08-01 14:43:25 UTC
NWMWlaDZ5l,asa_NWMWlaDZ5l_mls_blended,Kobe Franklin,kobe franklin,2003-05-10,Canada,FB,NA,23.143052703627653,mls,kRQabn8MKZ,FB,asa_live,TRUE,NA,mlspa_via_asa,1171,160802,896,160802,TRUE,0.6258685195082844,0.37413148049171563,blended,2025+2026 season to date,1506.2218065205773,0.09286691608765366,0.01109411745056119,0.018660208444681983,0.009761223944414749,-0.018705605291288077,0.07156888027792624,4.8809126135756e-4,2026,160802,Toronto FC,0.11638469243644946,1,0.09956643166839295,0.10620419378293802,0.011833725280968406,48.45360824742268,0.019904222341616123,55.154639175257735,0.010411972207701107,19.072164948453608,-0.019952645644664136,12.371134020618557,0.07634013896550695,77.83505154639175,5.206306787976671e-4,63.91752577319588,28.350515463917525,160802,33.513513513513516,26.783754116355652,343925,-5.162998049595991,TRUE,FALSE,58.53658536585366,High,20.75,79.25,Fair Value,Fullbacks and wingbacks,1.1.0,2026-08-01 14:43:31 UTC,35,35,184,Performance data through: 2026-08-01 (updates every day) · MLSPA compensation as of: 2026-04-16,FALSE,2026-08-01 14:43:25 UTC
NWMWllOE5l,asa_NWMWllOE5l_mls_blended,Wilson Eisner,wilson eisner,2002-05-03,USA,FB,NA,24.161533196440793,mls,zeQZBOzQKw,FB,asa_live,TRUE,NA,mlspa_via_asa,157,95290,0,NA,FALSE,1,0,blended,2025+2026 season to date,157,0.1593630573248408,0.00802547770700637,-0.01679617834394904,0.05222292993630573,0.036,0.07584076433121019,0.00407006369426751,2026,95290,San Diego FC,0.11638469243644946,1,0.1252983031200392,0.1336515233322184,0.008560509554407644,35.56701030927835,-0.01791592356743885,14.948453608247423,0.055704458600466876,82.47422680412372,0.038400000001199995,92.78350515463917,0.08089681528915223,81.44329896907216,0.004341401274021013,85.05154639175258,63.402061855670105,95290,9.18918918918919,9.549945115257959,343925,54.21287266648092,FALSE,TRUE,NA,Low,49,51,Small-Sample Watchlist,Fullbacks and wingbacks,1.1.0,2026-08-01 14:43:31 UTC,NA,NA,NA,Performance data through: 2026-08-01 (updates every day) · MLSPA compensation as of: 2026-04-16,FALSE,2026-08-01 14:43:25 UTC
NWMWlvPZ5l,asa_NWMWlvPZ5l_mls_blended,Loic Williams,loic williams,2002-01-07,Spain,CB,NA,24.479123887748116,mls,pzeQZ6xQKw,CB,asa_live,FALSE,NA,NA,200,NA,0,NA,FALSE,1,0,blended,2025+2026 season to date,200,0.03222,0.02619,-0.03829499999999999,0.038475,9.9e-4,0.01206,-0.0072,2026,NA,Colorado Rapids,0.13407640205361335,1,0.10861230154021001,0.11585312164651108,0.027936000000873002,94.76439790575917,-0.04084800000127649,0.5235602094240838,0.0410400000012825,87.43455497382199,0.001056000000033,42.931937172774866,0.012864000000402,8.900523560209423,-0.00768000000024,35.602094240837694,16.75392670157068,NA,NA,NA,501667,NA,FALSE,FALSE,NA,Insufficient,49,51,Insufficient Evidence,Center backs,1.1.0,2026-08-01 14:43:31 UTC,NA,NA,NA,Performance data through: 2026-08-01 (updates every day) · MLSPA compensation as of: 2026-04-16,FALSE,2026-08-01 14:43:25 UTC
NWMWnVEQlz,asa_NWMWnVEQlz_mls_blended,Lorenzo Insigne,lorenzo insigne,1991-06-04,Italy,W,NA,34.07529089664613,mls,kRQabn8MKZ,W,asa_live,TRUE,NA,mlspa_via_asa,0,NA,945,15400000,TRUE,0,1,blended,2025+2026 season to date,945,0.10278095238095238,0.0327047619047619,-0.0248952380952381,0.06176190476190475,0.0062095238095238,0.0310095238095238,-0.0040095238095238,2026,15400000,Toronto FC,0.20277985605674193,1,0.14161547808028813,0.15105650995702785,0.034885079366169525,36.68122270742358,-0.02655492063575048,28.820960698689955,0.0658793650814238,31.004366812227076,0.006623492063699037,41.048034934497814,0.033076825397859035,40.61135371179039,-0.004276825396959037,15.720524017467248,5.676855895196507,15400000,100,99.89023051591657,520000,-94.32314410480349,FALSE,FALSE,NA,Low,41,59,Insufficient Evidence,Wingers and attacking midfielders,1.1.0,2026-08-01 14:43:31 UTC,NA,NA,NA,Performance data through: 2026-08-01 (updates every day) · MLSPA compensation as of: 2026-04-16,FALSE,2026-08-01 14:43:25 UTC
NWMWo3ZNMl,asa_NWMWo3ZNMl_mls_blended,Johnny Selemani,johnny selemani,2008-03-16,Canada,W,NA,17.29226557152635,mls,lgpMOvnQzy,W,asa_live,FALSE,NA,NA,0,NA,33,NA,TRUE,0,1,blended,2025+2026 season to date,33,-0.03954545454545455,0.06872727272727272,-0.08863636363636364,0.05618181818181819,-0.07445454545454547,-5.454545454545455e-4,-8.18181818181818e-4,2026,NA,Vancouver Whitecaps FC,0.20277985605674193,1,0.19014678299217244,0.20282323519798884,0.07330909091138181,85.1528384279476,-0.0945454545484091,4.8034934497816595,0.059927272729145456,25.76419213973799,-0.07941818182066365,6.550218340611353,-5.818181818363637e-4,6.550218340611353,-8.727272727545453e-4,26.637554585152838,39.737991266375545,NA,NA,NA,520000,NA,FALSE,FALSE,NA,Insufficient,41,59,Insufficient Evidence,Wingers and attacking midfielders,1.1.0,2026-08-01 14:43:31 UTC,NA,NA,NA,Performance data through: 2026-08-01 (updates every day) · MLSPA compensation as of: 2026-04-16,FALSE,2026-08-01 14:43:25 UTC
NWMWoA1eMl,asa_NWMWoA1eMl_mls_blended,Matthew Evans,matthew evans,2006-05-25,Guatemala,W,NA,20.10130047912389,mls,eVq3ya6MWO,W,asa_live,TRUE,NA,mlspa_via_asa,65,88025,0,NA,FALSE,1,0,blended,2025+2026 season to date,65,0.23746153846153845,0.0828,-0.016615384615384612,0.08404615384615385,0.00193846153846153,0.08155384615384616,0.00373846153846153,2026,88025,Los Angeles FC,0.20277985605674193,1,0.20616979493841375,0.21991444794118034,0.08832000000276,93.01310043668123,-0.017723076923630766,39.301310043668124,0.08964923077203231,53.275109170305676,0.002067692307756914,37.55458515283843,0.0869907692334877,94.32314410480349,0.003987692307816914,58.951965065502186,58.51528384279476,88025,5.164319248826291,4.33589462129528,520000,53.35096459396847,FALSE,TRUE,NA,Low,49,51,Small-Sample Watchlist,Wingers and attacking midfielders,1.1.0,2026-08-01 14:43:31 UTC,NA,NA,NA,Performance data through: 2026-08-01 (updates every day) · MLSPA compensation as of: 2026-04-16,FALSE,2026-08-01 14:43:25 UTC
NWMWoG7LMl,asa_NWMWoG7LMl_mls_blended,Iago,iago,2005-04-18,Brazil,CB,NA,21.201916495550993,mls,jYQJ8EW5GR,CB,asa_live,TRUE,NA,mlspa_via_asa,1181,551875,0,NA,FALSE,1,0,blended,2025+2026 season to date,1181,0.17032176121930565,0.01027265029635901,0.03347756138865368,0.03353090601185436,0.00281964436917866,0.07491109229466554,0.01530990685859441,2026,551875,Orlando City SC,0.13407640205361335,1,0.1581110843527052,0.1686518233148226,0.010957493649792031,63.35078534031414,0.035709398815679846,27.225130890052355,0.03576629974709568,82.19895287958116,0.003007620660551225,50.261780104712045,0.07990516511680694,57.068062827225134,0.016330567316344368,99.47643979057591,76.43979057591623,551875,53.591160220994475,56.97036223929747,501667,22.84863035492176,TRUE,FALSE,76.28865979381443,Medium,28.75,71.25,Strong Value,Center backs,1.1.0,2026-08-01 14:43:31 UTC,24,24,106,Performance data through: 2026-08-01 (updates every day) · MLSPA compensation as of: 2026-04-16,FALSE,2026-08-01 14:43:25 UTC
NWMWoJg7Ml,asa_NWMWoJg7Ml_mls_blended,Leo Duru,leo duru,2005-01-12,USA,FB,NA,20.465434633812457,mls,zeQZBOzQKw,FB,asa_live,TRUE,NA,mlspa_via_asa,0,NA,53,98234,TRUE,0,1,blended,2025+2026 season to date,53,-0.07488679245283018,0,0.0259811320754717,0.01324528301886792,-0.03430188679245283,-0.0859245283018868,0.00611320754716981,2026,98234,San Diego FC,0.11638469243644946,1,0.10086036058479277,0.10758438462714096,0,6.443298969072165,0.02771320754803585,62.371134020618555,0.014128301887233958,27.835051546391753,-0.03658867924642641,7.731958762886598,-0.0916528301915434,1.0309278350515463,0.0065207547171849045,90.20618556701031,28.8659793814433,98234,10.27027027027027,10.428100987925356,343925,18.59570911117303,FALSE,FALSE,NA,Low,41,59,Insufficient Evidence,Fullbacks and wingbacks,1.1.0,2026-08-01 14:43:31 UTC,NA,NA,NA,Performance data through: 2026-08-01 (updates every day) · MLSPA compensation as of: 2026-04-16,FALSE,2026-08-01 14:43:25 UTC
NWMWoN6KMl,asa_NWMWoN6KMl_mls_blended,Ilay Feingold,ilay feingold,2004-08-23,Israel,FB,NA,21.85352498288843,mls,19vQ2095K6,FB,asa_live,TRUE,NA,mlspa_via_asa,758,575000,2464,575000,TRUE,0.5198902606310014,0.4801097393689986,blended,2025+2026 season to date,1940.9903978052125,0.11289927048260381,0.013734357463524121,0.017300645342312005,0.033114618406285073,0.021960788439955102,0.025594696969696962,0.0011941638608305245,2026,575000,New England Revolution,0.11638469243644946,1,0.11372227759593793,0.1213037627727912,0.01464998129488354,57.7319587628866,0.018454021699042828,53.09278350515464,0.035322259634474565,63.91752577319588,0.0234248410033508,86.08247422680412,0.027301010101863248,18.556701030927837,0.0012737747849256983,70.61855670103093,45.876288659793815,575000,74.5945945945946,58.562019758507134,343925,-28.71830593480078,TRUE,FALSE,24.390243902439025,Medium,29.75,70.25,Below Expected Value by Current Model,Fullbacks and wingbacks,1.1.0,2026-08-01 14:43:31 UTC,63,63,332,Performance data through: 2026-08-01 (updates every day) · MLSPA compensation as of: 2026-04-16,FALSE,2026-08-01 14:43:25 UTC
NWMWoYveMl,asa_NWMWoYveMl_mls_blended,Eric Izoita,eric izoita,2007-09-08,USA,CM,NA,18.811772758384667,mls,WBLMvYAQxe,CM,asa_live,FALSE,NA,NA,101,NA,0,NA,FALSE,1,0,blended,2025+2026 season to date,101,-0.08358415841584159,0.02094059405940594,0.02200990099009901,0.02949504950495049,-0.04847524752475248,-0.10488118811881188,-0.00267326732673267,2026,NA,Portland Timbers FC,0.13644825463003651,1,0.10474600966907548,0.1117290769838387,0.022336633664064354,67.9245283018868,0.02347722772350594,57.075471698113205,0.03146138613959702,61.79245283018868,-0.05170693069468515,2.358490566037736,-0.1118732673302287,1.4150943396226414,-0.002851485148603957,40.56603773584906,16.9811320754717,NA,NA,NA,535541.5,NA,FALSE,FALSE,NA,Insufficient,49,51,Insufficient Evidence,Central and defensive midfielders,1.1.0,2026-08-01 14:43:31 UTC,NA,NA,NA,Performance data through: 2026-08-01 (updates every day) · MLSPA compensation as of: 2026-04-16,FALSE,2026-08-01 14:43:25 UTC
Oa5w0DPWq1,asa_Oa5w0DPWq1_mls_blended,Giovanny Sequera,giovanny sequera,2006-02-14,Venezuela,FB,NA,20.3750855578371,mls,9z5k7Yg5A3,FB,asa_live,FALSE,NA,NA,84,NA,0,NA,FALSE,1,0,blended,2025+2026 season to date,84,0.19735714285714284,0.01296428571428571,0.06996428571428571,0.03771428571428571,0.029250000000000005,0.05153571428571428,-0.00407142857142857,2026,NA,Philadelphia Union,0.11638469243644946,1,0.12632867757583288,0.13475058941843268,0.013828571429003567,55.154639175257735,0.07462857143090357,95.36082474226804,0.040228571429828566,68.55670103092784,0.031200000000975007,91.23711340206185,0.05497142857314642,50,-0.004342857142992855,35.05154639175258,64.94845360824742,NA,NA,NA,343925,NA,FALSE,FALSE,NA,Insufficient,49,51,Insufficient Evidence,Fullbacks and wingbacks,1.1.0,2026-08-01 14:43:31 UTC,NA,NA,NA,Performance data through: 2026-08-01 (updates every day) · MLSPA compensation as of: 2026-04-16,FALSE,2026-08-01 14:43:25 UTC
Oa5w0Kv4q1,asa_Oa5w0Kv4q1_mls_blended,Patrick Agyemang,patrick agyemang,2000-11-07,Ghana,FW,NA,24.646132785763175,mls,NPqxKXZ59d,FW,asa_live,TRUE,NA,mlspa_via_asa,0,NA,1316,104000,TRUE,0,1,blended,2025+2026 season to date,1316,0.3279802431610942,0.06982522796352583,-0.05728951367781155,0.2462758358662614,0.01825303951367781,0.01346580547112462,0.0374498480243161,2026,104000,Charlotte FC,0.21108432719581333,1,0.29137400642875155,0.3107989402003808,0.07448024316342172,67.37588652482269,-0.0611088145915753,29.78723404255319,0.26269422493222133,81.56028368794327,0.019469908815198098,85.1063829787234,0.01436352583631512,17.02127659574468,0.039946504560518833,95.74468085106383,92.19858156028369,104000,16.417910447761194,12.952799121844127,535000,75.7806711125225,FALSE,FALSE,NA,Low,41,59,Insufficient Evidence,Strikers,1.1.0,2026-08-01 14:43:31 UTC,NA,NA,NA,Performance data through: 2026-08-01 (updates every day) · MLSPA compensation as of: 2026-04-16,FALSE,2026-08-01 14:43:25 UTC
Oa5w0LVXq1,asa_Oa5w0LVXq1_mls_blended,Gallatin Sandnes,gallatin sandnes,2008-06-03,USA,CB,NA,18.075290896646138,mls,jYQJ19EqGR,CB,asa_live,FALSE,NA,NA,35,NA,0,NA,FALSE,1,0,blended,2025+2026 season to date,35,0.030342857142857133,0,0.09282857142857144,-0.00154285714285714,0.015171428571428568,-0.07611428571428572,0,2026,NA,Seattle Sounders FC,0.13407640205361335,1,0.12835880509002837,0.13691605876697555,0,6.806282722513089,0.09901714286023716,95.28795811518324,-0.0016457142857657114,1.5706806282722514,0.016182857143362855,90.57591623036649,-0.08118857143110858,3.6649214659685865,0,78.01047120418848,35.602094240837694,NA,NA,NA,501667,NA,FALSE,FALSE,NA,Insufficient,49,51,Insufficient Evidence,Center backs,1.1.0,2026-08-01 14:43:31 UTC,NA,NA,NA,Performance data through: 2026-08-01 (updates every day) · MLSPA compensation as of: 2026-04-16,FALSE,2026-08-01 14:43:25 UTC
Oa5w0Lp9q1,asa_Oa5w0Lp9q1_mls_blended,Pedrinho,pedrinho,2003-04-18,Brazil,W,NA,22.203969883641346,mls,mKAqBBmqbg,W,asa_live,TRUE,NA,mlspa_via_asa,0,NA,1120,104000,TRUE,0,1,blended,2025+2026 season to date,1120,0.31246875,0.030825,0.05035178571428572,0.07715892857142857,0.10396607142857144,0.05049642857142857,-3.2946428571428574e-4,2026,104000,FC Dallas,0.20277985605674193,1,0.2742051823453751,0.29248552784420695,0.032880000001027504,32.314410480349345,0.053708571430249825,88.646288209607,0.0823028571454291,46.2882096069869,0.1108971428606084,95.63318777292577,0.05386285714454035,77.7292576419214,-3.514285714395536e-4,34.06113537117904,91.26637554585153,104000,14.31924882629108,12.952799121844127,520000,76.94712671956046,FALSE,FALSE,NA,Low,41,59,Insufficient Evidence,Wingers and attacking midfielders,1.1.0,2026-08-01 14:43:31 UTC,NA,NA,NA,Performance data through: 2026-08-01 (updates every day) · MLSPA compensation as of: 2026-04-16,FALSE,2026-08-01 14:43:25 UTC
Oa5w0nABq1,asa_Oa5w0nABq1_mls_blended,Ignacio Couri,ignacio couri,2009-04-03,USA,CM,NA,17.242984257357975,mls,KAqBN0Vqbg,CM,asa_live,FALSE,NA,NA,12,NA,0,NA,FALSE,1,0,blended,2025+2026 season to date,12,1.4639999999999995,0,-0.18525,0.029249999999999988,0,1.62,0,2026,NA,Atlanta United FC,0.13644825463003651,1,0.1624786810098397,0.1733105930825783,0,6.60377358490566,-0.197600000006175,0.9433962264150944,0.031200000000974986,61.320754716981135,0,38.679245283018865,1.7280000000540001,100,0,60.613207547169814,79.71698113207547,NA,NA,NA,535541.5,NA,FALSE,FALSE,NA,Insufficient,49,51,Insufficient Evidence,Central and defensive midfielders,1.1.0,2026-08-01 14:43:31 UTC,NA,NA,NA,Performance data through: 2026-08-01 (updates every day) · MLSPA compensation as of: 2026-04-16,FALSE,2026-08-01 14:43:25 UTC
Oa5wAAe4Q1,asa_Oa5wAAe4Q1_mls_blended,Obafemi Awodesu,obafemi awodesu,2001-04-05,USA,CB,NA,24.238193018480494,mls,YgOMngl5wN,CB,asa_live,TRUE,NA,mlspa_via_asa,0,NA,1755,89089,TRUE,0,1,blended,2025+2026 season to date,1755,0.08983076923076923,0.005482051282051281,0.02472307692307692,0.01712820512820513,0.01585128205128205,0.0431025641025641,-0.01645641025641025,2026,89089,Houston Dynamo FC,0.13407640205361335,1,0.10110354192448748,0.10784377805615676,0.005847521367704101,33.50785340314136,0.026371282052106152,16.75392670157068,0.01827008547065641,56.544502617801044,0.01690803418856256,91.09947643979058,0.045976068377505126,23.56020942408377,-0.017553504274052813,14.659685863874346,10.471204188481675,89089,5.524861878453039,6.586169045005488,501667,4.946342310028636,FALSE,FALSE,NA,Low,41,59,Insufficient Evidence,Center backs,1.1.0,2026-08-01 14:43:31 UTC,NA,NA,NA,Performance data through: 2026-08-01 (updates every day) · MLSPA compensation as of: 2026-04-16,FALSE,2026-08-01 14:43:25 UTC
Oa5wAK9WQ1,asa_Oa5wAK9WQ1_mls_blended,Tyler Wolff,tyler wolff,2003-02-13,USA,W,NA,22.379192334017795,mls,a2lqR4JMr0,W,asa_live,TRUE,NA,mlspa_via_asa,0,NA,453,160000,TRUE,0,1,blended,2025+2026 season to date,453,0.14179470198675498,0.02618543046357616,-0.01132450331125827,0.04289403973509934,0.00808609271523178,0.05831125827814569,0.01764238410596026,2026,160000,Real Salt Lake,0.20277985605674193,1,0.1765440775252091,0.18831368269944115,0.02793112582868742,26.637554585152838,-0.012079470199052972,44.54148471615721,0.04575364238553576,13.537117903930131,0.008625165563183435,43.66812227074236,0.06219867549863244,86.46288209606988,0.018818543046945687,86.8995633187773,24.45414847161572,160000,26.760563380281692,26.619099890230515,520000,-2.306414908665971,FALSE,FALSE,NA,Low,41,59,Insufficient Evidence,Wingers and attacking midfielders,1.1.0,2026-08-01 14:43:31 UTC,NA,NA,NA,Performance data through: 2026-08-01 (updates every day) · MLSPA compensation as of: 2026-04-16,FALSE,2026-08-01 14:43:25 UTC
Oa5wAP44Q1,asa_Oa5wAP44Q1_mls_blended,Charles Sharp,charles sharp,2001-06-23,USA,FW,NA,24.021902806297057,mls,kRQabn8MKZ,FW,asa_live,TRUE,NA,mlspa_via_asa,0,NA,134,80622,TRUE,0,1,blended,2025+2026 season to date,134,0.03526119402985074,1.3432835820895525e-4,0.01034328358208955,0.2796044776119403,-0.09852985074626865,0.00933582089552238,-0.1656268656716418,2026,80622,Toronto FC,0.21108432719581333,1,0.17898582604562396,0.19091821445463175,1.4328358209402987e-4,7.801418439716312,0.011032835821240296,91.48936170212765,0.29824477612872313,88.65248226950355,-0.10509850746597088,10.638297872340425,0.009958208955535066,15.602836879432624,-0.17666865672193882,0.7092198581560284,21.98581560283688,80622,1.492537313432836,1.0428100987925357,535000,20.493278289404042,FALSE,FALSE,NA,Low,41,59,Insufficient Evidence,Strikers,1.1.0,2026-08-01 14:43:31 UTC,NA,NA,NA,Performance data through: 2026-08-01 (updates every day) · MLSPA compensation as of: 2026-04-16,FALSE,2026-08-01 14:43:25 UTC
Oa5wAaRjQ1,asa_Oa5wAaRjQ1_mls_blended,Talles Magno,talles magno,2002-06-26,Brazil,FW,NA,24.01368925393566,mls,Vj58weDM8n,FW,asa_live,TRUE,NA,mlspa_via_asa,447,1365000,0,NA,FALSE,1,0,blended,2025+2026 season to date,447,0.19369127516778523,0.09829530201342282,-0.1063489932885906,0.19701342281879192,-0.0296979865771812,0.03028187919463087,0.00414765100671141,2026,1365000,New York City FC,0.21108432719581333,1,0.20365864022682711,0.21723588291540422,0.10484832215092751,92.90780141843972,-0.1134389261780416,5.673758865248227,0.21014765101327848,58.86524822695036,-0.031677852349983215,48.93617021276596,0.03230067114194899,58.86524822695036,0.004424161073963759,53.90070921985816,41.843971631205676,1365000,71.64179104477611,87.81558726673984,535000,-29.797819413570437,FALSE,TRUE,NA,Low,49,51,Small-Sample Watchlist,Strikers,1.1.0,2026-08-01 14:43:31 UTC,NA,NA,NA,Performance data through: 2026-08-01 (updates every day) · MLSPA compensation as of: 2026-04-16,FALSE,2026-08-01 14:43:25 UTC
Oa5wAe74Q1,asa_Oa5wAe74Q1_mls_blended,Cheick Tidiane Sabaly,cheick tidiane sabaly,1999-03-04,Senegal,W,NA,27.326488706365502,mls,lgpMOvnQzy,W,asa_live,TRUE,NA,mlspa_via_asa,623,1414727,0,NA,FALSE,1,0,blended,2025+2026 season to date,623,0.2840850722311396,0.0639967897271268,-0.01883788121990369,0.18296147672552168,0.03319743178170144,0.03010593900481541,-0.007338683788121991,2026,1414727,Vancouver Whitecaps FC,0.20277985605674193,1,0.2441969858005275,0.2604767848620359,0.06826324237773515,80.349344978165945,-0.020093739968525197,36.68122270742358,0.19515890851332185,93.01310043668123,0.035410593901588114,68.99563318777292,0.03211300160613997,38.427947598253276,-0.007827929374241413,7.860262008733624,83.4061135371179,1414727,78.87323943661971,88.80351262349068,520000,4.532874100498191,TRUE,FALSE,67.70833333333333,Low,37.75,62.25,Fair Value,Wingers and attacking midfielders,1.1.0,2026-08-01 14:43:31 UTC,32,32,143,Performance data through: 2026-08-01 (updates every day) · MLSPA compensation as of: 2026-04-16,FALSE,2026-08-01 14:43:25 UTC
Oa5wAkz9Q1,asa_Oa5wAkz9Q1_mls_blended,Patrick Weah,patrick weah,2003-12-15,USA,CM,NA,21.544147843942504,mls,KAqBN0Vqbg,CM,asa_live,TRUE,NA,NA,0,NA,8,103008,TRUE,0,1,blended,2025+2026 season to date,8,0.4927500000000001,0,0.46462500000000007,0.02699999999999999,0.001125,0,0,2026,103008,Atlanta United FC,0.13644825463003651,1,0.1411364354901676,0.15054553119421665,0,6.60377358490566,0.49560000001548754,100,0.028800000000899988,58.490566037735846,0.0012000000000374998,41.9811320754717,0,5.188679245283019,0,60.613207547169814,58.490566037735846,103008,11.11111111111111,11.964873765093303,535541.5,47.37945492662473,FALSE,FALSE,NA,Low,41,59,Insufficient Evidence,Central and defensive midfielders,1.1.0,2026-08-01 14:43:31 UTC,NA,NA,NA,Performance data through: 2026-08-01 (updates every day) · MLSPA compensation as of: 2026-04-16,FALSE,2026-08-01 14:43:25 UTC
Oa5wApPjQ1,asa_Oa5wApPjQ1_mls_blended,Iuri Tavares,iuri tavares,2001-03-08,Portugal,CM,NA,24.314852840520192,mls,NPqxKXZ59d,CM,asa_live,TRUE,NA,mlspa_via_asa,0,NA,46,116053,TRUE,0,1,blended,2025+2026 season to date,46,0.21189130434782608,0.07728260869565218,0.007630434782608691,0.03267391304347826,0.03952173913043478,0.06926086956521739,-0.014478260869565208,2026,116053,Charlotte FC,0.13644825463003651,1,0.1418203603374952,0.15127505103138889,0.08243478261127174,98.11320754716981,0.00813913043503695,37.735849056603776,0.03485217391413261,66.50943396226415,0.042156521740447823,91.0377358490566,0.07387826087187391,72.64150943396227,-0.015443478261352164,11.320754716981131,59.905660377358494,116053,16.666666666666668,18.880351262349066,535541.5,43.23899371069183,FALSE,FALSE,NA,Low,41,59,Insufficient Evidence,Central and defensive midfielders,1.1.0,2026-08-01 14:43:31 UTC,NA,NA,NA,Performance data through: 2026-08-01 (updates every day) · MLSPA compensation as of: 2026-04-16,FALSE,2026-08-01 14:43:25 UTC
Oa5wV0XXM1,asa_Oa5wV0XXM1_mls_blended,Benjamín Kuscevic,benjamin kuscevic,1996-05-02,Chile,CB,NA,30.16290212183436,mls,kRQabn8MKZ,CB,asa_live,TRUE,NA,mlspa_via_asa,542,804982,0,NA,FALSE,1,0,blended,2025+2026 season to date,542,0.1680608856088561,0.01416420664206642,0.0176180811808118,0.0191789667896679,-0.00640959409594095,0.12883948339483395,-0.00533025830258302,2026,804982,Toronto FC,0.13407640205361335,1,0.1502056403083783,0.16021934966727702,0.015108487085342988,78.01047120418848,0.018792619926786523,12.041884816753926,0.02045756457628506,65.44502617801047,-0.006836900369217333,22.513089005235603,0.13742878229211752,90.05235602094241,-0.005685608856266231,42.40837696335078,64.92146596858639,804982,72.37569060773481,74.64324917672887,501667,-7.454224639148421,TRUE,FALSE,42.2680412371134,Low,37.75,62.25,Fair Value,Center backs,1.1.0,2026-08-01 14:43:31 UTC,57,57,254,Performance data through: 2026-08-01 (updates every day) · MLSPA compensation as of: 2026-04-16,FALSE,2026-08-01 14:43:25 UTC
Oa5wV17gM1,asa_Oa5wV17gM1_mls_blended,Martín Ojeda,martin ojeda,1998-11-27,Argentina,FW,NA,27.592060232717316,mls,jYQJ8EW5GR,FW,asa_live,TRUE,NA,mlspa_via_asa,1506,1778200,3074,1778200,TRUE,0.6826835902085222,0.3173164097914778,blended,2025+2026 season to date,2481.4306436990028,0.3038221739256101,0.07068567301220838,0.037120910263662536,0.1130807624677714,0.04237197245815075,0.0268749256036208,0.013687930120196234,2026,1778200,Orlando City SC,0.21108432719581333,1,0.28576474720673917,0.3048157303633806,0.07539805121537846,68.08510638297872,0.03959563761581074,95.74468085106383,0.1206194799693922,23.404255319148938,0.04519677062343986,92.90780141843972,0.028666587311424685,51.06382978723404,0.014600458795332246,77.30496453900709,90.0709219858156,1778200,77.61194029850746,91.5477497255763,535000,12.458981687308139,TRUE,FALSE,81.03448275862068,High,14,86,Undervalued,Strikers,1.1.0,2026-08-01 14:43:31 UTC,12,12,86,Performance data through: 2026-08-01 (updates every day) · MLSPA compensation as of: 2026-04-16,FALSE,2026-08-01 14:43:25 UTC
Oa5wVYvWM1,asa_Oa5wVYvWM1_mls_blended,Ezequiel Ponce,ezequiel ponce,1997-03-29,Argentina,FW,NA,29.25667351129363,mls,YgOMngl5wN,FW,asa_live,TRUE,NA,mlspa_via_asa,1100,3000212,2989,3000212,TRUE,0.6111111111111112,0.38888888888888884,blended,2025+2026 season to date,2262.3888888888887,0.15234163934426226,0.05274395784543326,-0.03406761124121779,0.1593056674473068,-0.04434574941451991,0.018193817330210766,5.11557377049182e-4,2026,3000212,Houston Dynamo FC,0.21108432719581333,1,0.16465499510376289,0.1756319947828356,0.05626022170355361,44.680851063829785,-0.036338785325101236,58.86524822695036,0.16992604528243743,43.97163120567376,-0.04730213271029943,31.914893617021278,0.019406738486164612,29.078014184397162,5.45661202202846e-4,37.5886524822695,11.347517730496454,3000212,86.56716417910448,95.27991218441274,535000,-75.21964644860803,TRUE,FALSE,3.4482758620689653,High,20.75,79.25,Below Expected Value by Current Model,Strikers,1.1.0,2026-08-01 14:43:31 UTC,57,57,423,Performance data through: 2026-08-01 (updates every day) · MLSPA compensation as of: 2026-04-16,FALSE,2026-08-01 14:43:25 UTC
Oa5wVgVYM1,asa_Oa5wVgVYM1_mls_blended,Chris Mueller,chris mueller,1996-08-29,USA,FW,NA,29.83709787816564,mls,X0Oq66zq6D,FW,asa_live,TRUE,NA,mlspa_via_asa,114,186600,0,NA,FALSE,1,0,blended,2025+2026 season to date,114,-0.03386842105263158,0.03236842105263158,-0.07563157894736842,0.05778947368421053,-0.09923684210526316,0.05321052631578947,-0.00236842105263157,2026,186600,Chicago Fire FC,0.21108432719581333,1,0.17197422453429692,0.18343917284231587,0.03452631579055263,17.73049645390071,-0.08067368421304737,17.02127659574468,0.061642105265084214,7.092198581560283,-0.10585263158225527,9.929078014184396,0.05675789473861579,91.48936170212765,-0.002526315789552622,21.98581560283688,17.02127659574468,186600,31.34328358208955,28.54006586169045,535000,-14.32200698634487,FALSE,TRUE,NA,Low,49,51,Small-Sample Watchlist,Strikers,1.1.0,2026-08-01 14:43:31 UTC,NA,NA,NA,Performance data through: 2026-08-01 (updates every day) · MLSPA compensation as of: 2026-04-16,FALSE,2026-08-01 14:43:25 UTC
Oa5wVzeWM1,asa_Oa5wVzeWM1_mls_blended,José Cifuentes,jose cifuentes,1999-03-12,Ecuador,W,NA,27.30458590006845,mls,kRQabn8MKZ,W,asa_live,TRUE,NA,mlspa_via_asa,894,1570000,528,1570000,TRUE,0.560853199498118,0.43914680050188204,blended,2025+2026 season to date,1125.8695106649936,0.15241395289152504,0.01806698414508954,0.03784711132656553,0.03277800273753849,0.002123944907037754,0.05850269476445762,0.003095215010836084,2026,1570000,Toronto FC,0.20277985605674193,1,0.16992370186871525,0.18125194866562705,0.019271449755364406,20.524017467248907,0.04037025208293146,84.71615720524018,0.034963202921133654,8.733624454148472,0.0022655412342444023,37.99126637554585,0.06240287441737155,87.33624454148472,0.0033015626783283298,57.20524017467249,20.524017467248907,1570000,81.69014084507042,90.23051591657519,520000,-61.166123377821506,TRUE,FALSE,4.166666666666667,Medium,29.75,70.25,Below Expected Value by Current Model,Wingers and attacking midfielders,1.1.0,2026-08-01 14:43:31 UTC,93,93,419,Performance data through: 2026-08-01 (updates every day) · MLSPA compensation as of: 2026-04-16,FALSE,2026-08-01 14:43:25 UTC
Oa5wY8RXQ1,asa_Oa5wY8RXQ1_mls_blended,Hany Mukhtar,hany mukhtar,1995-03-21,Germany,FW,NA,31.279945242984255,mls,vzqoOgNqap,FW,asa_live,TRUE,NA,mlspa_via_asa,1524,5411667,3649,5411667,TRUE,0.685251798561151,0.31474820143884896,blended,2025+2026 season to date,2672.51618705036,0.24133242661831072,0.0788146650259951,8.115738568367017e-4,0.12297732341668456,0.006019777272180606,0.015892869905226814,0.016816217141386917,2026,5411667,Nashville SC,0.21108432719581333,1,0.23578658402620525,0.2515056896358118,0.08406897603035526,78.01418439716312,8.656787806528677e-4,87.23404255319149,0.13117581164856276,28.368794326241133,0.006421095757193305,78.01418439716312,0.01695239456610503,21.27659574468085,0.017937298284706586,79.43262411347517,69.50354609929079,5411667,97.76119402985074,98.6827661909989,535000,-28.257647930559955,TRUE,FALSE,34.48275862068966,High,14,86,Below Expected Value by Current Model,Strikers,1.1.0,2026-08-01 14:43:31 UTC,39,39,287,Performance data through: 2026-08-01 (updates every day) · MLSPA compensation as of: 2026-04-16,FALSE,2026-08-01 14:43:25 UTC
Oa5wYKEXQ1,asa_Oa5wYKEXQ1_mls_blended,João Paulo,joao paulo,1991-03-08,Brazil,CM,NA,34.31622176591376,mls,jYQJ19EqGR,CM,asa_live,TRUE,NA,mlspa_via_asa,0,NA,545,625000,TRUE,0,1,blended,2025+2026 season to date,545,0.07122385321100917,0.00934678899082568,0.01671192660550459,0.00923119266055045,-0.0387743119266055,0.11495229357798166,-0.04024403669724771,2026,625000,Seattle Sounders FC,0.13644825463003651,1,0.10540257884543397,0.11242941743864299,0.009969908257192284,32.075471698113205,0.017826055046428625,50.471698113207545,0.009846605504894853,17.92452830188679,-0.04135926605633834,3.7735849056603774,0.12261577982034551,95.75471698113208,-0.04292697247840569,2.830188679245283,17.92452830188679,625000,59.09090909090909,61.9648737650933,535541.5,-41.1663807890223,FALSE,FALSE,NA,Low,41,59,Insufficient Evidence,Central and defensive midfielders,1.1.0,2026-08-01 14:43:31 UTC,NA,NA,NA,Performance data through: 2026-08-01 (updates every day) · MLSPA compensation as of: 2026-04-16,FALSE,2026-08-01 14:43:25 UTC
Oa5wYLD9Q1,asa_Oa5wYLD9Q1_mls_blended,Robin Jansson,robin jansson,1991-11-15,Sweden,CB,NA,34.625598904859686,mls,jYQJ8EW5GR,CB,asa_live,TRUE,NA,mlspa_via_asa,1062,530000,3041,530000,TRUE,0.6027241770715096,0.3972758229284904,blended,2025+2026 season to date,2270.115777525539,0.13495208950995494,0.0014214923476767174,0.06691142859915622,0.0038136961712442246,0.00881204320372241,0.07543356496403111,-0.021440135775875738,2026,530000,Orlando City SC,0.13407640205361335,1,0.13476902634646892,0.14375362810739248,0.0015162585042358817,15.18324607329843,0.07137219050799701,79.58115183246073,0.0040679425827876295,19.895287958115183,0.009399512750930972,76.96335078534031,0.08046246929748098,57.59162303664922,-0.02286947816164879,12.041884816753926,41.361256544502616,530000,52.76243093922652,54.665203073545555,501667,-11.401174394723903,TRUE,FALSE,37.11340206185567,High,20.75,79.25,Fair Value,Center backs,1.1.0,2026-08-01 14:43:31 UTC,62,62,277,Performance data through: 2026-08-01 (updates every day) · MLSPA compensation as of: 2026-04-16,FALSE,2026-08-01 14:43:25 UTC
Oa5wd4DXq1,asa_Oa5wd4DXq1_mls_blended,Ran Binyamin,ran binyamin,2004-02-06,Israel,W,NA,22.39835728952772,mls,mKAqBBmqbg,W,asa_live,TRUE,NA,mlspa_via_asa,620,302083,0,NA,FALSE,1,0,blended,2025+2026 season to date,620,0.19715806451612905,0.01514032258064516,-0.02110645161290322,0.055829032258064515,0.03852580645161291,0.07027258064516129,0.03849677419354838,2026,302083,FC Dallas,0.20277985605674193,1,0.19992288002790587,0.21325107203643034,0.016149677419859513,17.467248908296945,-0.022513548387800314,34.06113537117904,0.05955096774379645,24.890829694323145,0.041094193549671296,72.48908296943232,0.07495741935718113,92.5764192139738,0.04106322580773483,96.5065502183406,50.21834061135371,302083,33.80281690140845,36.223929747530185,520000,16.415523709945262,TRUE,FALSE,85.41666666666667,Low,37.75,62.25,Fair Value,Wingers and attacking midfielders,1.1.0,2026-08-01 14:43:31 UTC,15,15,66,Performance data through: 2026-08-01 (updates every day) · MLSPA compensation as of: 2026-04-16,FALSE,2026-08-01 14:43:25 UTC
Oa5wdglAq1,asa_Oa5wdglAq1_mls_blended,Aron John,aron john,2006-04-03,USA,CM,NA,20.243668720054757,mls,NPqxKXZ59d,CM,asa_live,FALSE,NA,NA,3,NA,0,NA,FALSE,1,0,blended,2025+2026 season to date,3,-0.291,0,-0.387,0.012000000000000002,0.084,0,0,2026,NA,Charlotte FC,0.13644825463003651,1,0.1343216463980463,0.1432764228290601,0,6.60377358490566,-0.4128000000129,0.4716981132075472,0.012800000000400002,24.528301886792452,0.08960000000280001,98.11320754716981,0,5.188679245283019,0,60.613207547169814,49.528301886792455,NA,NA,NA,535541.5,NA,FALSE,FALSE,NA,Insufficient,49,51,Insufficient Evidence,Central and defensive midfielders,1.1.0,2026-08-01 14:43:31 UTC,NA,NA,NA,Performance data through: 2026-08-01 (updates every day) · MLSPA compensation as of: 2026-04-16,FALSE,2026-08-01 14:43:25 UTC
Oa5wdol4q1,asa_Oa5wdol4q1_mls_blended,Maximo Carrizo,maximo carrizo,2008-02-28,USA,FB,NA,18.338124572210816,mls,Vj58weDM8n,FB,asa_live,TRUE,NA,mlspa_via_asa,82,183523,107,183523,TRUE,0.15,0.85,blended,2025+2026 season to date,172.95,0.023106684522452705,0.0316020629131525,-0.04716583656257122,0.05911868589012993,-0.07901772281741508,0.0450286699338956,0.013540825165260994,2026,183523,New York City FC,0.11638469243644946,1,0.09551344401323225,0.10188100695063151,0.033708867108416064,88.14432989690722,-0.05031022566831483,5.154639175257732,0.06305993161810922,86.08247422680412,-0.08428557100787668,3.0927835051546393,0.04803058126432293,41.75257731958763,0.01444354684339642,96.3917525773196,24.742268041237114,183523,34.5945945945946,28.3205268935236,343925,-9.852326553357482,FALSE,TRUE,NA,Low,41,59,Small-Sample Watchlist,Fullbacks and wingbacks,1.1.0,2026-08-01 14:43:31 UTC,NA,NA,NA,Performance data through: 2026-08-01 (updates every day) · MLSPA compensation as of: 2026-04-16,FALSE,2026-08-01 14:43:25 UTC
Oa5wdxN9q1,asa_Oa5wdxN9q1_mls_blended,Nolan Norris,nolan norris,2005-02-17,USA,CB,NA,21.366187542778917,mls,mKAqBBmqbg,CB,asa_live,TRUE,NA,mlspa_via_asa,1230,218642,819,218642,TRUE,0.6373056994818653,0.36269430051813467,blended,2025+2026 season to date,1527.0466321243523,0.18690721402949378,0.009922678357911514,0.029941171781586288,0.04335870864886409,-0.0024043443603029044,0.11057261857313669,-0.00448361897170187,2026,218642,FC Dallas,0.13407640205361335,1,0.17200463187318726,0.18347160733713325,0.010584190248769703,60.73298429319372,0.03193724990135675,23.56020942408377,0.04624928922690032,89.52879581151832,-0.0025646339844032427,29.842931937172775,0.11794412648169822,83.24607329842932,-0.004782526903298116,47.12041884816754,84.81675392670157,218642,26.519337016574585,30.735455543358945,501667,58.297416910126984,TRUE,FALSE,91.75257731958763,High,20.75,79.25,Elite Value,Center backs,1.1.0,2026-08-01 14:43:31 UTC,9,9,38,Performance data through: 2026-08-01 (updates every day) · MLSPA compensation as of: 2026-04-16,FALSE,2026-08-01 14:43:25 UTC
OlMl9V2R5L,asa_OlMl9V2R5L_mls_blended,Birk Risa,birk risa,1998-02-13,Norway,FB,NA,27.378507871321013,mls,Vj58weDM8n,FB,asa_live,TRUE,NA,mlspa_via_asa,0,NA,1187,908250,TRUE,0,1,blended,2025+2026 season to date,1187,0.1821609098567818,0.007506318449873629,0.0523698399326032,0.00391238416175231,-0.00414743049705139,0.12340690817186184,-8.871103622577926e-4,2026,908250,New York City FC,0.11638469243644946,1,0.1600760019372522,0.17074773540507154,0.008006739680115416,32.98969072164948,0.05586116259652241,86.5979381443299,0.00417320977266621,8.24742268041237,-0.00442392586365973,28.350515463917525,0.13163403538743285,94.3298969072165,-9.462510531045491e-4,50.51546391752577,89.17525773195877,908250,92.43243243243244,79.14379802414929,343925,-3.2571747004736693,FALSE,FALSE,NA,Low,41,59,Insufficient Evidence,Fullbacks and wingbacks,1.1.0,2026-08-01 14:43:31 UTC,NA,NA,NA,Performance data through: 2026-08-01 (updates every day) · MLSPA compensation as of: 2026-04-16,FALSE,2026-08-01 14:43:25 UTC
OlMl9zeE5L,asa_OlMl9zeE5L_mls_blended,Sam Vines,sam vines,1999-05-31,USA,FB,NA,27.085557837097877,mls,YgOMngl5wN,FB,asa_live,TRUE,NA,mlspa_via_asa,99,912500,1440,912500,TRUE,0.15,0.85,blended,2025+2026 season to date,1323,0.15878389204545454,0.012553693181818181,0.011317159090909091,0.022055426136363635,0.01168775568181818,0.08974036931818181,0.011429488636363637,2026,912500,Houston Dynamo FC,0.11638469243644946,1,0.1455548126042673,0.15525846678273694,0.013390606061024516,54.123711340206185,0.012071636364013602,46.90721649484536,0.023525787879523058,46.391752577319586,0.012466939394328982,69.0721649484536,0.09572306060905195,89.17525773195877,0.012191454545835529,93.29896907216495,80.9278350515464,912500,92.97297297297297,79.58287596048298,343925,-12.045137921426573,FALSE,TRUE,NA,Low,41,59,Small-Sample Watchlist,Fullbacks and wingbacks,1.1.0,2026-08-01 14:43:31 UTC,NA,NA,NA,Performance data through: 2026-08-01 (updates every day) · MLSPA compensation as of: 2026-04-16,FALSE,2026-08-01 14:43:25 UTC
OlMlB6eAqL,asa_OlMlB6eAqL_mls_blended,Amin Boudri,amin boudri,2004-09-29,Sweden,W,NA,21.752224503764545,mls,eVq3ya6MWO,W,asa_live,TRUE,NA,mlspa_via_asa,104,742000,0,NA,FALSE,1,0,blended,2025+2026 season to date,104,0.6331153846153847,0.08775000000000001,0.06827884615384615,0.31179807692307693,0.14875961538461538,0.023711538461538458,-0.0071826923076923005,2026,742000,Los Angeles FC,0.20277985605674193,1,0.26635215004835966,0.28410896006046205,0.09360000000292501,93.88646288209607,0.07283076923304518,92.5764192139738,0.33258461539500866,98.68995633187772,0.15867692308188172,97.37991266375546,0.025292307693098072,27.510917030567686,-0.007661538461777877,8.296943231441048,89.08296943231441,742000,66.19718309859155,69.92316136114161,520000,22.885786333722862,FALSE,TRUE,NA,Low,49,51,Small-Sample Watchlist,Wingers and attacking midfielders,1.1.0,2026-08-01 14:43:31 UTC,NA,NA,NA,Performance data through: 2026-08-01 (updates every day) · MLSPA compensation as of: 2026-04-16,FALSE,2026-08-01 14:43:25 UTC
OlMlB7yAqL,asa_OlMlB7yAqL_mls_blended,Jake Girdwood-Reich,jake girdwoodreich,2004-05-26,Australia,CB,NA,21.097878165639973,mls,wvq9B9wQWn,CB,asa_live,TRUE,NA,mlspa_via_asa,0,NA,580,281027,TRUE,0,1,blended,2025+2026 season to date,580,0.08317241379310346,0,0.01286379310344827,0.00158275862068965,-0.01322068965517241,0.08883620689655172,-0.00688965517241379,2026,281027,St. Louis City SC,0.13407640205361335,1,0.10905579765437967,0.11632618416830684,0,6.806282722513089,0.013721379310773614,9.424083769633508,0.0016882758621217186,13.612565445026178,-0.014102068965957927,10.99476439790576,0.09475862069261638,72.77486910994764,-0.00734896551747103,36.64921465968586,18.32460732984293,281027,31.49171270718232,35.01646542261251,501667,-13.16710537733939,FALSE,FALSE,NA,Low,41,59,Insufficient Evidence,Center backs,1.1.0,2026-08-01 14:43:31 UTC,NA,NA,NA,Performance data through: 2026-08-01 (updates every day) · MLSPA compensation as of: 2026-04-16,FALSE,2026-08-01 14:43:25 UTC
OlMlBKG4qL,asa_OlMlBKG4qL_mls_blended,Ahmed Qasem,ahmed qasem,2003-07-12,Sweden,W,NA,22.97056810403833,mls,vzqoOgNqap,W,asa_live,TRUE,NA,mlspa_via_asa,969,650000,1397,650000,TRUE,0.5805871779508688,0.4194128220491312,blended,2025+2026 season to date,1554.9197124026364,0.10961727582815699,0.030196665541541767,-0.02960923583146801,0.07195630069227348,2.4189985130338072e-4,0.028495963060448368,0.008335682514057982,2026,650000,Nashville SC,0.20277985605674193,1,0.1355567796599855,0.14459389830850308,0.03220977657865111,31.441048034934497,-0.03158318488788619,23.14410480349345,0.07675338740749026,40.61135371179039,2.5802650806500273e-4,34.93449781659389,0.03039569393209479,33.624454148471614,0.008891394681939705,72.92576419213974,3.930131004366812,650000,60.093896713615024,63.61141602634468,520000,-56.16376570924821,TRUE,FALSE,8.333333333333334,High,20.75,79.25,Below Expected Value by Current Model,Wingers and attacking midfielders,1.1.0,2026-08-01 14:43:31 UTC,89,89,402,Performance data through: 2026-08-01 (updates every day) · MLSPA compensation as of: 2026-04-16,FALSE,2026-08-01 14:43:25 UTC
OlMlBVn0qL,asa_OlMlBVn0qL_mls_blended,Marcus Caldeira,marcus caldeira,2004-10-14,Canada,FW,NA,21.711156741957563,mls,kRQand1MKZ,FW,asa_live,TRUE,NA,mlspa_via_asa,15,88025,0,NA,FALSE,1,0,blended,2025+2026 season to date,15,-0.01439999999999999,0,-0.05579999999999999,0.0738,-0.0324,0,0,2026,88025,Minnesota United FC,0.21108432719581333,1,0.20558470945933005,0.21929035676347156,0,3.900709219858156,-0.05952000000185999,31.914893617021278,0.07872000000246,12.056737588652481,-0.03456000000108,46.808510638297875,0,8.51063829787234,0,31.914893617021278,45.39007092198582,88025,7.08955223880597,4.33589462129528,535000,38.300518683179845,FALSE,TRUE,NA,Low,49,51,Small-Sample Watchlist,Strikers,1.1.0,2026-08-01 14:43:31 UTC,NA,NA,NA,Performance data through: 2026-08-01 (updates every day) · MLSPA compensation as of: 2026-04-16,FALSE,2026-08-01 14:43:25 UTC
OlMlBalgqL,asa_OlMlBalgqL_mls_blended,Juan José Mina,juan jose mina,2004-07-27,Colombia,FB,NA,21.927446954141,mls,a2lqRX2Mr0,FB,asa_live,TRUE,NA,mlspa_via_asa,209,190432,0,NA,FALSE,1,0,blended,2025+2026 season to date,209,0.26448803827751194,0.04413875598086124,0.02777511961722488,0.01597607655502392,0.05361244019138756,0.11351196172248804,0.00947368421052631,2026,190432,New York Red Bulls,0.11638469243644946,1,0.15464624902579688,0.16495599896600488,0.04708133971438995,92.78350515463917,0.029626794259299042,65.4639175257732,0.017041148325891386,36.08247422680412,0.05718660287260048,95.36082474226804,0.1210794258411043,92.78350515463917,0.010105263158210519,91.23711340206185,86.08247422680412,190432,35.67567567567568,28.869374313940725,343925,50.406798551128446,FALSE,TRUE,NA,Low,49,51,Small-Sample Watchlist,Fullbacks and wingbacks,1.1.0,2026-08-01 14:43:31 UTC,NA,NA,NA,Performance data through: 2026-08-01 (updates every day) · MLSPA compensation as of: 2026-04-16,FALSE,2026-08-01 14:43:25 UTC
OlMlBn1yqL,asa_OlMlBn1yqL_mls_blended,Warren Madrigal,warren madrigal,2004-07-24,Costa Rica,W,NA,21.93566050650239,mls,vzqoOgNqap,W,asa_live,TRUE,NA,mlspa_via_asa,884,403500,0,NA,FALSE,1,0,blended,2025+2026 season to date,884,0.26222171945701356,0.06580995475113122,0.00274886877828054,0.06744909502262443,0.01395814479638009,0.09733031674208144,0.01492533936651583,2026,403500,Nashville SC,0.20277985605674193,1,0.23818862104720023,0.25406786245828655,0.07019728507006696,82.09606986899563,0.002932126696924205,58.51528384279476,0.07194570135971436,35.80786026200873,0.014888687783270701,49.34497816593886,0.10381900452813121,96.06986899563319,0.01592036199144773,84.27947598253274,78.60262008733625,403500,40.375586854460096,44.34687156970362,520000,38.22703323287615,TRUE,FALSE,94.79166666666667,Low,37.75,62.25,Undervalued,Wingers and attacking midfielders,1.1.0,2026-08-01 14:43:31 UTC,6,6,27,Performance data through: 2026-08-01 (updates every day) · MLSPA compensation as of: 2026-04-16,FALSE,2026-08-01 14:43:25 UTC
OlMle3AD5L,asa_OlMle3AD5L_mls_blended,Thomas Williams,thomas williams,2004-08-15,USA,CB,NA,20.876112251882272,mls,jYQJ8EW5GR,CB,asa_live,TRUE,NA,mlspa_via_asa,0,NA,17,163875,TRUE,0,1,blended,2025+2026 season to date,17,0.3118235294117647,0,0,0,0,0.36423529411764705,-0.05241176470588236,2026,163875,Orlando City SC,0.13407640205361335,1,0.13897381074905674,0.14823873147029298,0,6.806282722513089,0,3.141361256544503,0,7.329842931937173,0,37.696335078534034,0.3885176470709647,99.47643979057591,-0.05590588235468824,3.6649214659685865,50.78534031413613,163875,22.65193370165746,26.893523600439078,501667,28.13340661247867,FALSE,FALSE,NA,Low,41,59,Insufficient Evidence,Center backs,1.1.0,2026-08-01 14:43:31 UTC,NA,NA,NA,Performance data through: 2026-08-01 (updates every day) · MLSPA compensation as of: 2026-04-16,FALSE,2026-08-01 14:43:25 UTC
OlMleNXN5L,asa_OlMleNXN5L_mls_blended,Justin Reynolds,justin reynolds,2004-08-04,USA,FB,NA,21.905544147843944,mls,Z2vQ1xlqrA,FB,asa_live,TRUE,NA,mlspa_via_asa,364,123400,175,123400,TRUE,0.34210526315789475,0.6578947368421053,blended,2025+2026 season to date,479.13157894736844,0.28628289473684215,0.03989097744360902,-0.018532894736842102,0.1819031954887218,0.012958646616541352,0.07068045112781955,-6.174812030075188e-4,2026,123400,Sporting Kansas City,0.11638469243644946,1,0.19181904679749145,0.2046069832570515,0.042550375941179316,91.75257731958763,-0.01976842105324934,13.917525773195877,0.19403007519403337,98.45360824742268,0.013822556391409396,73.19587628865979,0.07539248120536354,77.31958762886597,-6.586466165619361e-4,53.608247422680414,97.42268041237114,123400,27.56756756756757,21.624588364434686,343925,69.85511284480357,FALSE,TRUE,NA,Low,41,59,Small-Sample Watchlist,Fullbacks and wingbacks,1.1.0,2026-08-01 14:43:31 UTC,NA,NA,NA,Performance data through: 2026-08-01 (updates every day) · MLSPA compensation as of: 2026-04-16,FALSE,2026-08-01 14:43:25 UTC
OlMleWzR5L,asa_OlMleWzR5L_mls_blended,Rafael Navarro,rafael navarro,2000-04-14,Brazil,FW,NA,26.21218343600274,mls,pzeQZ6xQKw,FW,asa_live,TRUE,NA,mlspa_via_asa,1723,1449600,2974,1449600,TRUE,0.7111019397441188,0.28889806025588116,blended,2025+2026 season to date,2582.1828312009907,0.26427667852437453,0.07154532901878184,-0.02740848947863184,0.148573117798191,0.022725001186510906,0.03762105367164761,0.011220666327875018,2026,1449600,Colorado Rapids,0.21108432719581333,1,0.2542472702564996,0.2711970882820745,0.07631501762241881,69.50354609929079,-0.029235722111454244,67.37588652482269,0.15847799232302281,39.00709219858156,0.024240001266369132,87.23404255319149,0.04012912391767815,76.59574468085107,0.011968710750107374,70.92198581560284,78.01418439716312,1449600,73.13432835820896,89.3523600439078,535000,4.879856038954159,TRUE,FALSE,70.6896551724138,High,14,86,Fair Value,Strikers,1.1.0,2026-08-01 14:43:31 UTC,18,18,131,Performance data through: 2026-08-01 (updates every day) · MLSPA compensation as of: 2026-04-16,FALSE,2026-08-01 14:43:25 UTC
OlMleawP5L,asa_OlMleawP5L_mls_blended,Carlos Terán,carlos teran,2000-09-24,Colombia,CB,NA,24.76659822039699,mls,X0Oq66zq6D,CB,asa_live,TRUE,NA,mlspa_via_asa,0,NA,602,669000,TRUE,0,1,blended,2025+2026 season to date,602,0.06516777408637874,0.01143687707641196,0.05106976744186047,0.015921926910299,-0.03305481727574751,0.0648986710963455,-0.0451046511627907,2026,669000,Chicago Fire FC,0.13407640205361335,1,0.0995647597605391,0.10620241041456054,0.012199335548553986,70.15706806282722,0.05447441860635349,57.59162303664922,0.016983388704849663,52.87958115183246,-0.03525847176189917,3.141361256544503,0.06922524917159849,44.50261780104712,-0.04811162790848023,6.282722513089006,9.947643979057592,669000,61.87845303867403,65.5323819978046,501667,-51.930809059616436,FALSE,FALSE,NA,Low,41,59,Insufficient Evidence,Center backs,1.1.0,2026-08-01 14:43:31 UTC,NA,NA,NA,Performance data through: 2026-08-01 (updates every day) · MLSPA compensation as of: 2026-04-16,FALSE,2026-08-01 14:43:25 UTC
OlMlegLA5L,asa_OlMlegLA5L_mls_blended,Mauricio Cuevas,mauricio cuevas,2003-02-10,USA,FB,NA,23.38672142368241,mls,kaDQ0wRqEv,FB,asa_live,TRUE,NA,mlspa_via_asa,821,268500,941,268500,TRUE,0.539776462853386,0.460223537146614,blended,2025+2026 season to date,1254.0703484549638,0.15682549094819184,0.012230624603059815,0.010742021895377568,0.049113325242565814,0.012105571939709105,0.06686817498695206,0.00576577228052745,2026,268500,LA Galaxy,0.11638469243644946,1,0.14373835046980302,0.15332090717258115,0.013045999577004823,53.608247422680414,0.011458156688760806,45.36082474226804,0.052387546927040646,78.8659793814433,0.012912610069426563,70.61855670103093,0.07132605332164448,72.68041237113403,0.006150157099421473,89.69072164948453,78.8659793814433,268500,41.08108108108108,34.02854006586169,343925,37.784898300362215,TRUE,FALSE,90.2439024390244,Medium,29.75,70.25,Elite Value,Fullbacks and wingbacks,1.1.0,2026-08-01 14:43:31 UTC,9,9,45,Performance data through: 2026-08-01 (updates every day) · MLSPA compensation as of: 2026-04-16,FALSE,2026-08-01 14:43:25 UTC
OlMlezzg5L,asa_OlMlezzg5L_mls_blended,Lukas MacNaughton,lukas macnaughton,1995-03-08,Canada,CB,NA,31.315537303216978,mls,wvq9B9wQWn,CB,asa_live,TRUE,NA,mlspa_via_asa,743,219306,788,219306,TRUE,0.5148995148995149,0.4851004851004851,blended,2025+2026 season to date,1125.2591822591821,0.16650321348290892,0.02284811676182234,0.05321283915700158,0.04770895026224975,-0.008624829827875508,0.05156436991462373,-2.0623278491298797e-4,2026,219306,St. Louis City SC,0.13407640205361335,1,0.15522601695635566,0.16557441809195356,0.02437132454670543,94.24083769633508,0.05676036176924212,61.2565445026178,0.05088954694799003,90.57591623036649,-0.009199818483354704,18.848167539267017,0.055001994577317456,30.36649214659686,-2.1998163724739491e-4,75.91623036649214,71.72774869109948,219306,27.07182320441989,30.84522502744237,501667,44.65592548667959,TRUE,FALSE,87.62886597938144,Medium,29.75,70.25,Strong Value,Center backs,1.1.0,2026-08-01 14:43:31 UTC,13,13,57,Performance data through: 2026-08-01 (updates every day) · MLSPA compensation as of: 2026-04-16,FALSE,2026-08-01 14:43:25 UTC
OlMlkNP0QL,asa_OlMlkNP0QL_mls_blended,Kwaku Agyabeng,kwaku agyabeng,2006-06-27,Ghana,FB,NA,20.01095140314853,mls,Z2vQ1xlqrA,FB,asa_live,TRUE,NA,mlspa_via_asa,431,88858,0,NA,FALSE,1,0,blended,2025+2026 season to date,431,0.06020185614849188,0,0.01090023201856148,0.01321809744779582,0.01319721577726218,0.02720881670533643,-0.00432250580046403,2026,88858,Sporting Kansas City,0.11638469243644946,1,0.09289797813954381,0.09909117668527667,0,6.443298969072165,0.011626914153495586,45.876288659793815,0.014099303944756144,27.31958762886598,0.014077030162852899,74.74226804123711,0.029022737819932483,20.61855670103093,-0.004610672853972382,32.47422680412371,20.103092783505154,88858,5.945945945945946,6.311745334796926,343925,14.157146837559209,FALSE,TRUE,NA,Low,49,51,Small-Sample Watchlist,Fullbacks and wingbacks,1.1.0,2026-08-01 14:43:31 UTC,NA,NA,NA,Performance data through: 2026-08-01 (updates every day) · MLSPA compensation as of: 2026-04-16,FALSE,2026-08-01 14:43:25 UTC
OlMlkkvPQL,asa_OlMlkkvPQL_mls_blended,Malik Jakupovic,malik jakupovic,2009-06-24,USA,FW,NA,17.018480492813143,mls,9z5k7Yg5A3,FW,asa_live,TRUE,NA,mlspa_via_asa,87,105956,0,NA,FALSE,1,0,blended,2025+2026 season to date,87,0.01510344827586207,0,0.00817241379310344,0.01003448275862069,0.00113793103448275,-8.275862068965518e-4,-0.00341379310344827,2026,105956,Philadelphia Union,0.21108432719581333,1,0.18626578794394177,0.19868350714641342,0,3.900709219858156,0.00871724137958275,90.78014184397163,0.01070344827619655,0.7092198581560284,0.0012137931034861976,73.04964539007092,-8.827586207172415e-4,4.964539007092198,-0.0036413793104586143,17.73049645390071,26.24113475177305,105956,17.91044776119403,14.270032930845225,535000,8.330686990579022,FALSE,TRUE,NA,Low,49,51,Small-Sample Watchlist,Strikers,1.1.0,2026-08-01 14:43:31 UTC,NA,NA,NA,Performance data through: 2026-08-01 (updates every day) · MLSPA compensation as of: 2026-04-16,FALSE,2026-08-01 14:43:25 UTC
OlMlnxlDqL,asa_OlMlnxlDqL_mls_blended,Tristan Blackmon,tristan blackmon,1996-08-12,USA,CB,NA,29.883641341546884,mls,lgpMOvnQzy,CB,asa_live,TRUE,NA,mlspa_via_asa,1540,975000,2533,975000,TRUE,0.6875,0.3125,blended,2025+2026 season to date,2331.5625,0.1536836321273476,0.01977033162258192,0.09058769369324912,0.021690967267779596,0.002854591534600414,0.027490667122553717,-0.008710619113417174,2026,975000,Vancouver Whitecaps FC,0.13407640205361335,1,0.14967063972338535,0.15964868237660004,0.021088353731413056,90.57591623036649,0.09662687327581865,93.19371727748691,0.023137031753021266,68.58638743455498,0.0030448976370022612,50.78534031413613,0.029323378264973655,12.565445026178011,-0.009291327054602007,32.98429319371728,64.3979057591623,975000,84.5303867403315,81.88803512623491,501667,-20.132480981169195,TRUE,FALSE,27.835051546391753,High,14,86,Below Expected Value by Current Model,Center backs,1.1.0,2026-08-01 14:43:31 UTC,71,71,317,Performance data through: 2026-08-01 (updates every day) · MLSPA compensation as of: 2026-04-16,FALSE,2026-08-01 14:43:25 UTC
OlMlonPQLz,asa_OlMlonPQLz_mls_blended,Marco Reus,marco reus,1989-05-31,Germany,FW,NA,37.08418891170431,mls,kaDQ0wRqEv,FW,asa_live,TRUE,NA,mlspa_via_asa,1406,902364,1640,902364,TRUE,0.6676163342830009,0.33238366571699907,blended,2025+2026 season to date,1951.1092117758785,0.19955107358765894,0.03886335209505941,0.004971961642693346,0.11071768813841987,-0.0018138419845736896,0.04335329372524494,0.0034586199708150876,2026,902364,LA Galaxy,0.21108432719581333,1,0.20226360041048183,0.21574784044458942,0.04145424223602548,25.53191489361702,0.005303425752371968,88.65248226950355,0.11809886735133844,21.98581560283688,-0.0019347647836057303,70.92198581560284,0.04624351330837305,83.68794326241135,0.0036891946356513807,51.06382978723404,39.716312056737586,902364,67.16417910447761,78.92425905598243,535000,-27.447867047740026,TRUE,FALSE,37.93103448275862,High,20.75,79.25,Below Expected Value by Current Model,Strikers,1.1.0,2026-08-01 14:43:31 UTC,37,37,273,Performance data through: 2026-08-01 (updates every day) · MLSPA compensation as of: 2026-04-16,FALSE,2026-08-01 14:43:25 UTC
Pk5L1BXPqO,asa_Pk5L1BXPqO_mls_blended,Júnior Urso,junior urso,1989-03-10,Brazil,CM,NA,36.309377138945926,mls,YgOMngl5wN,CM,asa_live,TRUE,NA,mlspa_via_asa,0,NA,1123,123533,TRUE,0,1,blended,2025+2026 season to date,1123,0.10451380231522708,0.01848886910062332,-0.007725734639358861,0.04552894033837934,0.00355832591273374,0.04471950133570793,-5.609973285841496e-5,2026,123533,Houston Dynamo FC,0.13644825463003651,1,0.11563433126989084,0.12334328669173804,0.019721460374614502,62.264150943396224,-0.008240783615573642,20.754716981132077,0.04856420302912226,79.71698113207547,0.0037955476403679334,49.528301886792455,0.047700801426245776,29.245283018867923,-5.983971505084595e-5,57.075471698113205,27.830188679245282,123533,18.181818181818183,21.734357848518112,535541.5,9.648370497427099,FALSE,FALSE,NA,Low,41,59,Insufficient Evidence,Central and defensive midfielders,1.1.0,2026-08-01 14:43:31 UTC,NA,NA,NA,Performance data through: 2026-08-01 (updates every day) · MLSPA compensation as of: 2026-04-16,FALSE,2026-08-01 14:43:25 UTC
Pk5L6BzZQO,asa_Pk5L6BzZQO_mls_blended,Micael,micael,2000-08-12,Brazil,CB,NA,25.883641341546884,mls,zeQZkL1MKw,CB,asa_live,TRUE,NA,mlspa_via_asa,1656,892440,0,NA,FALSE,1,0,blended,2025+2026 season to date,1656,0.15404347826086956,0.00894565217391304,0.05455978260869565,0.01392391304347826,0.01272282608695652,0.06997282608695653,-0.00608152173913043,2026,892440,Inter Miami CF,0.13407640205361335,1,0.14873308565255675,0.1586486247010183,0.009542028985805431,56.544502617801044,0.05819710145109402,63.35078534031414,0.014852173913507608,46.07329842931937,0.013571014493177715,85.34031413612566,0.07463768116175272,51.30890052356021,-0.0064869565219418425,39.26701570680628,63.87434554973822,892440,79.55801104972376,78.37541163556531,501667,-15.683665499985537,TRUE,FALSE,31.95876288659794,High,22,78,Below Expected Value by Current Model,Center backs,1.1.0,2026-08-01 14:43:31 UTC,67,67,299,Performance data through: 2026-08-01 (updates every day) · MLSPA compensation as of: 2026-04-16,FALSE,2026-08-01 14:43:25 UTC
Pk5L6k6PQO,asa_Pk5L6k6PQO_mls_blended,Kwadwo Opoku,kwadwo opoku,2001-07-13,Ghana,W,NA,24.966461327857633,mls,APk5LGOMOW,W,asa_live,TRUE,NA,mlspa_via_asa,138,723560,237,723560,TRUE,0.16467780429594273,0.8353221957040573,blended,2025+2026 season to date,335.9713603818616,0.14625686535149998,0.03528491586356907,0.0023448234192320417,0.08768313646113411,-0.028537385577474997,0.049444397450228085,3.697773481163715e-5,2026,723560,CF Montréal,0.20277985605674193,1,0.1824906603784214,0.1946567044097325,0.03763724358898317,39.301310043668124,0.0025011449805923385,57.64192139737991,0.09352867889479916,57.20524017467249,-0.030439877950257908,13.973799126637555,0.05274069061522477,75.10917030567686,3.944291713364555e-5,41.92139737991266,30.131004366812228,723560,64.78873239436619,68.38638858397366,520000,-34.657728027553965,FALSE,TRUE,NA,Low,41,59,Small-Sample Watchlist,Wingers and attacking midfielders,1.1.0,2026-08-01 14:43:31 UTC,NA,NA,NA,Performance data through: 2026-08-01 (updates every day) · MLSPA compensation as of: 2026-04-16,FALSE,2026-08-01 14:43:25 UTC
Pk5L6rDPQO,asa_Pk5L6rDPQO_mls_blended,David Ruiz,david ruiz,2004-02-08,USA,CM,NA,22.392881587953458,mls,zeQZkL1MKw,CM,asa_live,TRUE,NA,mlspa_via_asa,260,231887,143,231887,TRUE,0.2708333333333333,0.7291666666666667,blended,2025+2026 season to date,364.27083333333337,0.1428179632867133,0.009382080419580413,-0.020144252622377616,0.08852642045454548,0.011973382867132863,0.03840367132867133,0.014676660839160843,2026,231887,Inter Miami CF,0.13644825463003651,1,0.1388545278473206,0.1481114963751038,0.010007552447865177,32.54716981132076,-0.021487202797874267,10.377358490566039,0.09442818182113272,96.22641509433963,0.0127716083920075,70.75471698113208,0.0409639160851962,19.339622641509433,0.01565510489559412,95.28301886792453,55.660377358490564,231887,30.80808080808081,32.16245883644347,535541.5,24.852296550409754,FALSE,TRUE,NA,Low,41,59,Small-Sample Watchlist,Central and defensive midfielders,1.1.0,2026-08-01 14:43:31 UTC,NA,NA,NA,Performance data through: 2026-08-01 (updates every day) · MLSPA compensation as of: 2026-04-16,FALSE,2026-08-01 14:43:25 UTC
Pk5LJZZQOW,asa_Pk5LJZZQOW_mls_blended,Zanka,zanka,1990-04-23,Denmark,CB,NA,35.1895961670089,mls,kaDQ0wRqEv,CB,asa_live,FALSE,NA,NA,0,NA,1507,NA,TRUE,0,1,blended,2025+2026 season to date,1507,0.1845985401459854,0.006216987392169871,0.0807193098871931,0.01470935633709356,-0.02991439946914399,0.11457531519575316,-0.00170802919708029,2026,NA,LA Galaxy,0.13407640205361335,1,0.17021160001526722,0.18155904002195875,0.006631453218521761,37.696335078534034,0.08610059721569661,89.00523560209425,0.015689980093390107,47.64397905759162,-0.03190869276808407,5.2356020942408374,0.12221366954595587,84.81675392670157,-0.0018218978102759102,62.82722513089005,83.24607329842932,NA,NA,NA,501667,NA,FALSE,FALSE,NA,Insufficient,41,59,Insufficient Evidence,Center backs,1.1.0,2026-08-01 14:43:31 UTC,NA,NA,NA,Performance data through: 2026-08-01 (updates every day) · MLSPA compensation as of: 2026-04-16,FALSE,2026-08-01 14:43:25 UTC
Pk5LZEgGQO,asa_Pk5LZEgGQO_mls_blended,Nikola Markovic,nikola markovic,2004-07-22,Canada,CM,NA,21.94113620807666,mls,EKXMeX3Q64,CM,asa_live,TRUE,NA,mlspa_via_asa,413,93858,0,NA,FALSE,1,0,blended,2025+2026 season to date,413,0.05480629539951573,0.01793462469733656,-0.00309443099273607,0.01497094430992736,-0.01813075060532687,0.10013317191283294,-0.05700726392251816,2026,93858,D.C. United,0.13644825463003651,1,0.1031628359111766,0.1100403583086938,0.019130266344423483,61.320754716981135,-0.0033007263923549557,24.056603773584907,0.015969007264421547,32.54716981132076,-0.01933946731295302,9.433962264150944,0.10680871671035957,91.50943396226415,-0.060807748185919615,0.9433962264150944,15.09433962264151,93858,7.575757575757576,8.726673984632273,535541.5,7.5185820468839335,FALSE,TRUE,NA,Low,49,51,Small-Sample Watchlist,Central and defensive midfielders,1.1.0,2026-08-01 14:43:31 UTC,NA,NA,NA,Performance data through: 2026-08-01 (updates every day) · MLSPA compensation as of: 2026-04-16,FALSE,2026-08-01 14:43:25 UTC
Pk5Le0VDqO,asa_Pk5Le0VDqO_mls_blended,Ryan Raposo,ryan raposo,1999-03-05,Canada,FB,NA,27.32375085557837,mls,eVq3ya6MWO,FB,asa_live,TRUE,NA,mlspa_via_asa,382,220000,111,220000,TRUE,0.35304990757855825,0.6469500924214417,blended,2025+2026 season to date,453.81146025878,0.012977319278613186,0.013841035120147874,-0.032182295049208165,0.031832642254084026,-0.038406504471199476,0.04642588799520407,-0.008533446570415147,2026,220000,Los Angeles FC,0.11638469243644946,1,0.07185352838670712,0.07664376361488272,0.014763770795285767,58.76288659793814,-0.03432778138689479,7.731958762886598,0.033954818405417385,62.371134020618555,-0.04096693810389299,6.185567010309279,0.04952094719643187,43.81443298969072,-0.009102343008727273,20.61855670103093,7.216494845360825,220000,37.2972972972973,30.954994511525797,343925,-30.080802451936474,FALSE,TRUE,NA,Low,41,59,Small-Sample Watchlist,Fullbacks and wingbacks,1.1.0,2026-08-01 14:43:31 UTC,NA,NA,NA,Performance data through: 2026-08-01 (updates every day) · MLSPA compensation as of: 2026-04-16,FALSE,2026-08-01 14:43:25 UTC
Pk5Le6BPqO,asa_Pk5Le6BPqO_mls_blended,Antino Lopez,antino lopez,2002-05-21,USA,CB,NA,24.112251882272417,mls,jYQJ19EqGR,CB,asa_live,TRUE,NA,mlspa_via_asa,680,88025,4,88025,TRUE,0.4927536231884058,0.5072463768115942,blended,2025+2026 season to date,682.0289855072464,0.08298260869565217,0.004558695652173911,0.019721739130434783,-3.7826086956521747e-4,0.004819565217391302,0.059419565217391314,-0.005158695652173912,2026,88025,Seattle Sounders FC,0.13407640205361335,1,0.10689491985345902,0.11402124784725277,0.004862608695804128,26.17801047120419,0.021036521739787827,13.089005235602095,-4.0347826088217397e-4,6.282722513089006,0.0051408695653780406,61.2565445026178,0.06338086956719806,39.79057591623037,-0.005502608695824129,43.97905759162304,15.706806282722512,88025,3.591160220994475,4.33589462129528,501667,12.115646061728038,TRUE,FALSE,70.10309278350516,Medium,29.75,70.25,Fair Value,Center backs,1.1.0,2026-08-01 14:43:31 UTC,30,30,133,Performance data through: 2026-08-01 (updates every day) · MLSPA compensation as of: 2026-04-16,FALSE,2026-08-01 14:43:25 UTC
Pk5LeDgmqO,asa_Pk5LeDgmqO_mls_blended,Mateusz Bogusz,mateusz bogusz,2001-08-22,Poland,W,NA,24.856947296372347,mls,YgOMngl5wN,W,asa_live,TRUE,NA,mlspa_via_asa,1530,2521048,0,NA,FALSE,1,0,blended,2025+2026 season to date,1530,0.17354705882352944,0.06369999999999999,-0.03861176470588235,0.0817764705882353,0.03098823529411765,0.03165882352941177,0.00403529411764705,2026,2521048,Houston Dynamo FC,0.20277985605674193,1,0.18178164959344845,0.19390042623907106,0.06794666666879,79.47598253275109,-0.04118588235422824,17.903930131004365,0.08722823529684354,49.78165938864629,0.03305411764809177,65.06550218340611,0.033769411765761176,43.23144104803494,0.004304313725624696,59.82532751091703,29.694323144104803,2521048,88.73239436619718,94.40175631174533,520000,-59.038071222092384,TRUE,FALSE,5.208333333333333,High,22,78,Below Expected Value by Current Model,Wingers and attacking midfielders,1.1.0,2026-08-01 14:43:31 UTC,92,92,414,Performance data through: 2026-08-01 (updates every day) · MLSPA compensation as of: 2026-04-16,FALSE,2026-08-01 14:43:25 UTC
Pk5LeG0YqO,asa_Pk5LeG0YqO_mls_blended,Quinn Sullivan,quinn sullivan,2004-03-27,USA,W,NA,22.261464750171115,mls,9z5k7Yg5A3,W,asa_live,TRUE,NA,mlspa_via_asa,56,568000,2155,568000,TRUE,0.15,0.85,blended,2025+2026 season to date,1887.75,0.2808876172522373,0.06246261766655618,0.033824763838249915,0.09470117252237321,0.029343430560159096,0.05912502941663904,0.00143060324825986,2026,568000,Philadelphia Union,0.20277985605674193,1,0.2620494475336976,0.27951941071134573,0.06662679217974202,77.29257641921397,0.03607974809526073,83.4061135371179,0.10101458402702147,64.62882096069869,0.031299659265147814,62.88209606986899,0.0630666980463858,87.77292576419214,0.0015259767981915375,50.21834061135371,87.77292576419214,568000,54.460093896713616,57.84851811196487,520000,33.31283186747852,FALSE,TRUE,NA,Low,41,59,Small-Sample Watchlist,Wingers and attacking midfielders,1.1.0,2026-08-01 14:43:31 UTC,NA,NA,NA,Performance data through: 2026-08-01 (updates every day) · MLSPA compensation as of: 2026-04-16,FALSE,2026-08-01 14:43:25 UTC
Pk5LeYlNqO,asa_Pk5LeYlNqO_mls_blended,Conner Antley,conner antley,1995-03-22,USA,FB,NA,31.277207392197127,mls,EKXMeX3Q64,FB,asa_live,TRUE,NA,mlspa_via_asa,63,121667,1498,121667,TRUE,0.15,0.85,blended,2025+2026 season to date,1336.3,0.13848444592790385,0.010239152202937246,0.00544696261682243,0.0323314085447263,0.008214052069425895,0.08496608811749,-0.0027132176234979984,2026,121667,D.C. United,0.11638469243644946,1,0.13163640993406373,0.14041217060072253,0.010921762350141034,43.81443298969072,0.00581009345812549,34.02061855670103,0.0344868357821191,62.88659793814433,0.008761655540994756,62.371134020618555,0.09063049399482154,87.62886597938144,-0.0028940987984883058,40.72164948453608,70.10309278350516,121667,25.945945945945947,20.856201975850713,343925,44.15714683755921,FALSE,TRUE,NA,Low,41,59,Small-Sample Watchlist,Fullbacks and wingbacks,1.1.0,2026-08-01 14:43:31 UTC,NA,NA,NA,Performance data through: 2026-08-01 (updates every day) · MLSPA compensation as of: 2026-04-16,FALSE,2026-08-01 14:43:25 UTC
Pk5LemYYqO,asa_Pk5LemYYqO_mls_blended,Adam Saldana,adam saldana,2002-02-07,USA,CM,NA,23.394934976043807,mls,eVq3ya6MWO,CM,asa_live,TRUE,NA,mlspa_via_asa,0,NA,201,80622,TRUE,0,1,blended,2025+2026 season to date,201,0.16065671641791046,0.0029552238805970106,-0.01446268656716417,0.00756716417910447,-0.0028208955223880503,0.16432835820895522,0.00308955223880597,2026,80622,Los Angeles FC,0.13644825463003651,1,0.14252303717605733,0.15202457299254524,0.003152238806068652,16.037735849056602,-0.015426865672123872,14.150943396226415,0.008071641791297006,15.09433962264151,-0.003008955223974617,28.77358490566038,0.17528358209502984,98.58490566037736,0.0032955223881626864,79.71698113207547,60.84905660377358,80622,1.0101010101010102,1.0428100987925357,535541.5,59.83895559367257,FALSE,FALSE,NA,Low,41,59,Insufficient Evidence,Central and defensive midfielders,1.1.0,2026-08-01 14:43:31 UTC,NA,NA,NA,Performance data through: 2026-08-01 (updates every day) · MLSPA compensation as of: 2026-04-16,FALSE,2026-08-01 14:43:25 UTC
Pk5LepoOqO,asa_Pk5LepoOqO_mls_blended,Omari Glasgow,omari glasgow,2003-11-22,Guyana,FB,NA,21.607118412046542,mls,X0Oq66zq6D,FB,asa_live,TRUE,NA,mlspa_via_asa,0,NA,624,117685,TRUE,0,1,blended,2025+2026 season to date,624,0.05698557692307692,0.01208653846153846,0.00947596153846153,0.0435576923076923,-0.01657211538461538,0.0438173076923077,-0.03537980769230769,2026,117685,Chicago Fire FC,0.11638469243644946,1,0.08610279041002425,0.09184297644022929,0.012892307692710575,53.09278350515464,0.010107692308008164,43.29896907216495,0.04646153846299037,75.25773195876289,-0.017676923077475475,13.917525773195877,0.04673846153992212,37.628865979381445,-0.03773846153964086,4.639175257731959,13.402061855670103,117685,23.783783783783782,19.538968166849617,343925,-10.381721928113679,FALSE,FALSE,NA,Low,41,59,Insufficient Evidence,Fullbacks and wingbacks,1.1.0,2026-08-01 14:43:31 UTC,NA,NA,NA,Performance data through: 2026-08-01 (updates every day) · MLSPA compensation as of: 2026-04-16,FALSE,2026-08-01 14:43:25 UTC
Pk5LgPOmMO,asa_Pk5LgPOmMO_mls_blended,Ethan Bartlow,ethan bartlow,2000-02-02,USA,CB,NA,26.409308692676248,mls,Z2vQ1xlqrA,CB,asa_live,TRUE,NA,mlspa_via_asa,893,142637,1525,142637,TRUE,0.5605775266792216,0.43942247332077844,blended,2025+2026 season to date,1563.119271814187,0.2255436695378346,0.010117903121237375,0.041081411503195324,0.03608057793831619,0.005899879596184116,0.14652227470593687,-0.014158377327035288,2026,142637,Sporting Kansas City,0.13407640205361335,1,0.20017273359101317,0.21351758250375313,0.010792429996323797,62.82722513089005,0.04382017227144439,41.8848167539267,0.03848594980207329,84.81675392670157,0.006293204902793053,64.92146596858639,0.1562904263578834,92.67015706806282,-0.015102269149309585,20.418848167539267,95.81151832460733,142637,21.54696132596685,24.91767288693743,501667,74.26455699864049,TRUE,FALSE,97.9381443298969,Medium,29.75,70.25,Elite Value,Center backs,1.1.0,2026-08-01 14:43:31 UTC,3,3,12,Performance data through: 2026-08-01 (updates every day) · MLSPA compensation as of: 2026-04-16,FALSE,2026-08-01 14:43:25 UTC
Pk5LggA7MO,asa_Pk5LggA7MO_mls_blended,Oleksandr Svatok,oleksandr svatok,1994-09-27,Ukraine,CB,NA,31.759069130732374,mls,gpMOLwl5zy,CB,asa_live,TRUE,NA,mlspa_via_asa,1571,580000,2821,580000,TRUE,0.6917657419638925,0.3082342580361075,blended,2025+2026 season to date,2440.528841919859,0.07038749668110046,0.005166233434184172,0.039382642073484526,0.015389614220951841,-0.002553674390551703,0.01691805841918766,-0.003915377076156036,2026,580000,Austin FC,0.13407640205361335,1,0.08295548903054285,0.08848585496867756,0.0055106489966353246,30.36649214659686,0.042008151546362914,40.31413612565445,0.01641558850286162,51.30890052356021,-0.0027239193500069392,29.319371727748692,0.018045928981030773,10.471204188481675,-0.00417640221469695,49.738219895287955,3.6649214659685865,580000,56.353591160220994,59.165751920965974,501667,-52.688669694252404,TRUE,FALSE,10.309278350515465,High,14,86,Below Expected Value by Current Model,Center backs,1.1.0,2026-08-01 14:43:31 UTC,88,88,394,Performance data through: 2026-08-01 (updates every day) · MLSPA compensation as of: 2026-04-16,FALSE,2026-08-01 14:43:25 UTC
Pk5Lggy7MO,asa_Pk5Lggy7MO_mls_blended,Myrto Uzuni,myrto uzuni,1995-05-31,Albania,FW,NA,31.085557837097877,mls,gpMOLwl5zy,FW,asa_live,TRUE,NA,mlspa_via_asa,1462,2305000,2504,2305000,TRUE,0.6762257169287696,0.32377428307123035,blended,2025+2026 season to date,2272.730804810361,0.16956982796073924,0.060928109843861294,-0.04221356911273138,0.1364100229641824,-0.025961757395382923,0.03557930327202655,0.004827718388783306,2026,2305000,Austin FC,0.21108432719581333,1,0.17824056714010653,0.19012327162205497,0.06498998383548299,55.319148936170215,-0.045027807054987254,48.93617021276596,0.1455040244996749,34.04255319148936,-0.027692541222607177,52.4822695035461,0.03795125682468096,69.50354609929079,0.005149566281529783,55.319148936170215,20.56737588652482,2305000,82.08955223880596,93.63336992316137,535000,-61.52217635228114,TRUE,FALSE,8.620689655172415,High,20.75,79.25,Below Expected Value by Current Model,Strikers,1.1.0,2026-08-01 14:43:31 UTC,54,54,400,Performance data through: 2026-08-01 (updates every day) · MLSPA compensation as of: 2026-04-16,FALSE,2026-08-01 14:43:25 UTC
Vj583wA4M8,asa_Vj583wA4M8_mls_blended,Mamadou Billo Diop,mamadou billo diop,2006-09-14,Senegal,FW,NA,19.794661190965098,mls,pzeQZ6xQKw,FW,asa_live,TRUE,NA,mlspa_via_asa,29,88025,0,NA,FALSE,1,0,blended,2025+2026 season to date,29,0.2842758620689655,0.0046551724137931,-0.0496551724137931,0.10924137931034485,0.2200344827586207,0,0,2026,88025,Colorado Rapids,0.21108432719581333,1,0.21445881767486166,0.22875607219366773,0.004965517241534478,9.21985815602837,-0.05296551724303448,41.843971631205676,0.11652413793467588,21.27659574468085,0.23470344828319656,100,0,8.51063829787234,0,31.914893617021278,51.773049645390074,88025,7.08955223880597,4.33589462129528,535000,44.6834974065841,FALSE,TRUE,NA,Low,49,51,Small-Sample Watchlist,Strikers,1.1.0,2026-08-01 14:43:31 UTC,NA,NA,NA,Performance data through: 2026-08-01 (updates every day) · MLSPA compensation as of: 2026-04-16,FALSE,2026-08-01 14:43:25 UTC
Vj587nmM8n,asa_Vj587nmM8n_mls_blended,Teal Bunbury,teal bunbury,1990-02-27,USA,FW,NA,35.34017796030116,mls,vzqoOgNqap,FW,asa_live,TRUE,NA,mlspa_via_asa,0,NA,381,285000,TRUE,0,1,blended,2025+2026 season to date,381,0.24666141732283467,0.0458503937007874,-0.06973228346456693,0.3934488188976378,-0.15344881889763778,0.02196850393700787,0.00857480314960629,2026,285000,Nashville SC,0.21108432719581333,1,0.22490172917175127,0.23989517779069808,0.04890708661570157,34.751773049645394,-0.07438110236452913,24.822695035460992,0.41967874017059525,98.58156028368795,-0.16367874016259526,4.964539007092198,0.023433070866874014,38.297872340425535,0.009146456693199202,66.66666666666667,60.283687943262414,285000,37.3134328358209,35.455543358946215,535000,22.970255107441517,FALSE,FALSE,NA,Low,41,59,Insufficient Evidence,Strikers,1.1.0,2026-08-01 14:43:31 UTC,NA,NA,NA,Performance data through: 2026-08-01 (updates every day) · MLSPA compensation as of: 2026-04-16,FALSE,2026-08-01 14:43:25 UTC
Vj58WEKLM8,asa_Vj58WEKLM8_mls_blended,Jayden Reid,jayden reid,2001-08-29,USA,FB,NA,24.83778234086242,mls,Z2vQ1xlqrA,FB,asa_live,TRUE,NA,mlspa_via_asa,1050,116655,531,116655,TRUE,0.6,0.4,blended,2025+2026 season to date,1262.4,0.07505866343825666,0.006212571428571426,0.005253995157384991,0.005129200968522998,-6.039515738498796e-4,0.06468440677966103,-0.005617559322033897,2026,116655,Sporting Kansas City,0.11638469243644946,1,0.08837246144025176,0.09426395887254763,0.00662674285734994,29.38144329896907,0.005604261501385791,32.47422680412371,0.005471147699928838,10.309278350515465,-6.4421501212667e-4,38.65979381443299,0.06899670056712791,69.0721649484536,-0.005992063277023409,27.835051546391753,14.43298969072165,116655,22.7027027027027,19.20965971459934,343925,-8.269713011981052,TRUE,FALSE,56.09756097560975,High,20.75,79.25,Fair Value,Fullbacks and wingbacks,1.1.0,2026-08-01 14:43:31 UTC,37,37,194,Performance data through: 2026-08-01 (updates every day) · MLSPA compensation as of: 2026-04-16,FALSE,2026-08-01 14:43:25 UTC
Vj58WNDrM8,asa_Vj58WNDrM8_mls_blended,Obed Vargas,obed vargas,2005-08-05,USA,CM,NA,19.904175222450377,mls,jYQJ19EqGR,CM,asa_live,TRUE,NA,mlspa_via_asa,0,NA,2846,134452,TRUE,0,1,blended,2025+2026 season to date,2846,0.14431307097680957,0.03044061841180604,-0.00699508081517919,0.04599613492621222,0.00861735769501054,0.06522944483485593,0.001024595924104,2026,134452,Seattle Sounders FC,0.13644825463003651,1,0.14294368914045907,0.15247326842125447,0.032469992973607795,83.01886792452831,-0.007461419536424305,21.69811320754717,0.04906254392282624,80.66037735849056,0.009191848208298487,62.735849056603776,0.06957807449268731,65.56603773584905,0.00109290231907842,69.33962264150944,62.264150943396224,134452,19.19191919191919,23.49066959385291,535541.5,43.072231751477034,FALSE,FALSE,NA,Low,41,59,Insufficient Evidence,Central and defensive midfielders,1.1.0,2026-08-01 14:43:31 UTC,NA,NA,NA,Performance data through: 2026-08-01 (updates every day) · MLSPA compensation as of: 2026-04-16,FALSE,2026-08-01 14:43:25 UTC
Vj58WXb2M8,asa_Vj58WXb2M8_mls_blended,Olivier Mbaizo,olivier mbaizo,1997-08-15,Cameroon,FB,NA,28.876112251882272,mls,9z5k7Yg5A3,FB,asa_live,TRUE,NA,mlspa_via_asa,71,502875,563,502875,TRUE,0.15,0.85,blended,2025+2026 season to date,549.55,0.09491285020165986,1.1823258436944937e-6,0.049314587346458855,0.010796161158782173,-0.010345024141295366,0.044656778325369614,4.89165186500888e-4,2026,502875,Philadelphia Union,0.11638469243644946,1,0.10611993587942399,0.11319459827492293,1.2611475666468709e-6,12.88659793814433,0.052602226504533264,85.05154639175258,0.01151590523639419,22.164948453608247,-0.011034692417726557,19.072164948453608,0.04763389688188281,40.20618556701031,5.217761989505861e-4,64.43298969072166,38.144329896907216,502875,68.10810810810811,52.90889132821076,343925,-29.963778211200896,FALSE,TRUE,NA,Low,41,59,Small-Sample Watchlist,Fullbacks and wingbacks,1.1.0,2026-08-01 14:43:31 UTC,NA,NA,NA,Performance data through: 2026-08-01 (updates every day) · MLSPA compensation as of: 2026-04-16,FALSE,2026-08-01 14:43:25 UTC
Vj58aBe8q8,asa_Vj58aBe8q8_mls_blended,Fallou Fall,fallou fall,2004-04-15,Senegal,CB,NA,22.209445585215605,mls,wvq9B9wQWn,CB,asa_live,TRUE,NA,mlspa_via_asa,260,743919,684,743919,TRUE,0.2708333333333333,0.7291666666666667,blended,2025+2026 season to date,758.75,0.2554184210526316,0.021607182017543858,0.06156189692982457,0.06377549342105264,-3.008771929824518e-4,0.1081982456140351,5.764802631578935e-4,2026,743919,St. Louis City SC,0.13407640205361335,1,0.20183592876235676,0.21529165735324174,0.02304766081943369,92.14659685863874,0.06566602339386493,71.72774869109948,0.068027192984582,96.8586387434555,-3.209356725246445e-4,35.602094240837694,0.11541146199191071,82.72251308900523,6.14912280720969e-4,84.29319371727749,96.33507853403141,743919,66.85082872928177,70.25246981339188,501667,29.484249804749638,FALSE,TRUE,NA,Low,41,59,Small-Sample Watchlist,Center backs,1.1.0,2026-08-01 14:43:31 UTC,NA,NA,NA,Performance data through: 2026-08-01 (updates every day) · MLSPA compensation as of: 2026-04-16,FALSE,2026-08-01 14:43:25 UTC
Vj58l1ZD58,asa_Vj58l1ZD58_mls_blended,Juan Arias,juan arias,2004-01-08,Colombia,CB,NA,22.477754962354553,mls,a2lqR4JMr0,CB,asa_live,TRUE,NA,mlspa_via_asa,23,565139,0,NA,FALSE,1,0,blended,2025+2026 season to date,23,-0.3854347826086957,0,0.03130434782608695,0.00743478260869565,-0.03130434782608695,-0.3056086956521739,-0.08726086956521739,2026,565139,Real Salt Lake,0.13407640205361335,1,0.11489701642402568,0.12255681752279063,0,6.806282722513089,0.03339130434886956,24.607329842931936,0.00793043478285652,27.225130890052355,-0.03339130434886956,4.712041884816754,-0.3259826087058391,1.5706806282722514,-0.09307826087247391,1.0471204188481675,25.654450261780106,565139,54.14364640883978,57.73874862788145,501667,-28.489196147059673,FALSE,TRUE,NA,Low,49,51,Small-Sample Watchlist,Center backs,1.1.0,2026-08-01 14:43:31 UTC,NA,NA,NA,Performance data through: 2026-08-01 (updates every day) · MLSPA compensation as of: 2026-04-16,FALSE,2026-08-01 14:43:25 UTC
Vj58l2gD58,asa_Vj58l2gD58_mls_blended,Adrian Wibowo,adrian wibowo,2006-01-17,USA,W,NA,19.45242984257358,mls,eVq3ya6MWO,W,asa_live,TRUE,NA,mlspa_via_asa,0,NA,36,80622,TRUE,0,1,blended,2025+2026 season to date,36,-0.13774999999999998,0,0.0225,0.0345,-0.058,0.01575,-0.1525,2026,80622,Los Angeles FC,0.20277985605674193,1,0.1835045811856056,0.19573821993742943,0,6.11353711790393,0.024000000000749998,74.67248908296943,0.03680000000115,10.043668122270743,-0.0618666666686,8.296943231441048,0.016800000000525,18.777292576419214,-0.16266666667175,0.4366812227074236,31.441048034934497,80622,1.408450704225352,1.0428100987925357,520000,30.032597330709145,FALSE,FALSE,NA,Low,41,59,Insufficient Evidence,Wingers and attacking midfielders,1.1.0,2026-08-01 14:43:31 UTC,NA,NA,NA,Performance data through: 2026-08-01 (updates every day) · MLSPA compensation as of: 2026-04-16,FALSE,2026-08-01 14:43:25 UTC
Vj58lAnw58,asa_Vj58lAnw58_mls_blended,Cooper Sanchez,cooper sanchez,2008-03-26,USA,CM,NA,18.26420260095825,mls,KAqBN0Vqbg,CM,asa_live,TRUE,NA,mlspa_via_asa,1316,88025,116,88025,TRUE,0.6527777777777778,0.3472222222222222,blended,2025+2026 season to date,1356.2777777777778,0.05032250615763548,0.007991071428571422,-0.016672721674876847,0.04136514778325123,-0.0049234913793103395,0.025230141625615758,-0.0026676416256157546,2026,88025,Atlanta United FC,0.13644825463003651,1,0.07673769610174508,0.08185354251108601,0.008523809524075885,26.88679245283019,-0.017784236453757728,11.79245283018868,0.04412282430351348,75.94339622641509,-0.005251724138095145,25.471698113207548,0.02691215106816448,11.79245283018868,-0.0028454844007457262,41.0377358490566,3.7735849056603774,88025,3.5353535353535355,4.33589462129528,535541.5,0.23823137030684194,TRUE,FALSE,54.90196078431372,High,20.75,79.25,Fair Value,Central and defensive midfielders,1.1.0,2026-08-01 14:43:31 UTC,47,47,199,Performance data through: 2026-08-01 (updates every day) · MLSPA compensation as of: 2026-04-16,FALSE,2026-08-01 14:43:25 UTC
Vj58lXp258,asa_Vj58lXp258_mls_blended,Nicolás Romero,nicolas romero,2003-11-28,Argentina,CB,NA,22.590006844626966,mls,kRQand1MKZ,CB,asa_live,TRUE,NA,mlspa_via_asa,712,492500,2516,492500,TRUE,0.5042492917847026,0.49575070821529743,blended,2025+2026 season to date,1959.3087818696883,0.14929705634646478,0.009690766628985253,0.010250183527970563,0.024101662110368988,-0.001554004512761387,0.11380731589780083,-0.0069988673058994635,2026,492500,Minnesota United FC,0.13407640205361335,1,0.14572875202914076,0.15544400216927443,0.010336817737907294,59.16230366492147,0.010933529096843607,8.900523560209423,0.025708439585196974,72.25130890052355,-0.0016576048136639464,30.89005235602094,0.12139447029478112,84.29319371727749,-0.00746545845985939,36.12565445026178,58.638743455497384,492500,47.51381215469613,51.37211855104281,501667,11.12493130080125,TRUE,FALSE,69.0721649484536,Medium,29.75,70.25,Undervalued,Center backs,1.1.0,2026-08-01 14:43:31 UTC,31,31,137,Performance data through: 2026-08-01 (updates every day) · MLSPA compensation as of: 2026-04-16,FALSE,2026-08-01 14:43:25 UTC
Vj58lrom58,asa_Vj58lrom58_mls_blended,Rafael Mosquera,rafael mosquera,2005-05-24,Panama,W,NA,21.10335386721424,mls,a2lqRX2Mr0,W,asa_live,TRUE,NA,mlspa_via_asa,378,99925,14,99925,TRUE,0.35064935064935066,0.6493506493506493,blended,2025+2026 season to date,387.09090909090907,0.1491595547309833,0.00743877551020408,-0.028377551020408162,0.06810111317254175,0.09958441558441558,0.00424953617810761,-0.0018367346938775483,2026,99925,New York Red Bulls,0.20277985605674193,1,0.18175248056907567,0.19386931261307247,0.007934693877798977,13.973799126637555,-0.03026938775604796,25.32751091703057,0.07264118738631457,37.11790393013101,0.10622337662669609,94.75982532751091,0.004532838590123102,12.22707423580786,-0.0019591836735306095,21.83406113537118,29.25764192139738,99925,12.67605633802817,10.97694840834248,520000,16.58158558336921,FALSE,TRUE,NA,Low,41,59,Small-Sample Watchlist,Wingers and attacking midfielders,1.1.0,2026-08-01 14:43:31 UTC,NA,NA,NA,Performance data through: 2026-08-01 (updates every day) · MLSPA compensation as of: 2026-04-16,FALSE,2026-08-01 14:43:25 UTC
Vj58w7RmM8,asa_Vj58w7RmM8_mls_blended,Alex Roldan,alex roldan,1996-07-28,USA,CB,NA,29.924709103353862,mls,jYQJ19EqGR,CB,asa_live,TRUE,NA,mlspa_via_asa,842,658050,2646,658050,TRUE,0.5460440985732814,0.4539559014267186,blended,2025+2026 season to date,2043.1673151750974,0.15188407139769008,0.013151812735470317,0.06047331851028349,0.015342103637823477,0.0018756407880921502,0.0622669693039343,-0.001225773577913654,2026,658050,Seattle Sounders FC,0.13407640205361335,1,0.14784172358826347,0.15769783849907576,0.014028600251606732,75.39267015706807,0.0645048730796515,69.63350785340315,0.016364910547523114,50.261780104712045,0.002000683507360815,46.07329842931937,0.06641810059293882,41.361256544502616,-0.00130749181648209,67.01570680628272,62.82722513089005,658050,60.773480662983424,64.32491767288694,501667,2.0537444679066255,TRUE,FALSE,56.70103092783505,Medium,29.75,70.25,Fair Value,Center backs,1.1.0,2026-08-01 14:43:31 UTC,43,43,192,Performance data through: 2026-08-01 (updates every day) · MLSPA compensation as of: 2026-04-16,FALSE,2026-08-01 14:43:25 UTC
XVqK2D6R50,asa_XVqK2D6R50_mls_blended,Nikola Petkovic,nikola petkovic,2003-02-23,Serbia,CM,NA,23.351129363449697,mls,jYQJ19EqGR,CM,asa_live,TRUE,NA,mlspa_via_asa,160,516250,127,516250,TRUE,0.18604651162790697,0.813953488372093,blended,2025+2026 season to date,263.37209302325584,0.1929650430324116,0.08084195202343894,0.03562515107123237,0.09242172678996523,-0.04281163706280901,0.052179728987364955,-0.0252918787767808,2026,516250,Seattle Sounders FC,0.13644825463003651,1,0.15368872947601356,0.16393464477953743,0.08623141549436293,98.58490566037736,0.038000161143835365,72.16981132075472,0.0985831752457103,96.69811320754717,-0.04566574620175666,2.830188679245283,0.05565837758826194,42.45283018867924,-0.02697800402940925,6.132075471698113,72.64150943396227,516250,49.494949494949495,53.45773874862788,535541.5,23.146559939012775,FALSE,TRUE,NA,Low,41,59,Small-Sample Watchlist,Central and defensive midfielders,1.1.0,2026-08-01 14:43:31 UTC,NA,NA,NA,Performance data through: 2026-08-01 (updates every day) · MLSPA compensation as of: 2026-04-16,FALSE,2026-08-01 14:43:25 UTC
XVqK2P7B50,asa_XVqK2P7B50_mls_blended,Jorge Alastuey,jorge alastuey,2003-05-14,Spain,W,NA,23.132101300479125,mls,gpMOLwl5zy,W,asa_live,FALSE,NA,NA,110,NA,0,NA,FALSE,1,0,blended,2025+2026 season to date,110,0.09392727272727272,0.03272727272727273,-0.01161818181818182,0.005727272727272721,0.01227272727272727,0.05702727272727272,-0.0022090909090909,2026,NA,Austin FC,0.20277985605674193,1,0.18591537131555655,0.19830972940945749,0.03490909091018182,37.55458515283843,-0.012392727273114546,44.10480349344978,0.006109090909281811,1.7467248908296944,0.013090909091318178,47.59825327510917,0.060829090910991805,84.27947598253274,-0.0023563636364372633,20.96069868995633,34.49781659388646,NA,NA,NA,520000,NA,FALSE,FALSE,NA,Insufficient,49,51,Insufficient Evidence,Wingers and attacking midfielders,1.1.0,2026-08-01 14:43:31 UTC,NA,NA,NA,Performance data through: 2026-08-01 (updates every day) · MLSPA compensation as of: 2026-04-16,FALSE,2026-08-01 14:43:25 UTC
XVqKG17Rq0,asa_XVqKG17Rq0_mls_blended,Emeka Eneli,emeka eneli,1999-10-18,USA,CM,NA,25.70294318959617,mls,a2lqR4JMr0,CM,asa_live,TRUE,NA,mlspa_via_asa,0,NA,2113,416000,TRUE,0,1,blended,2025+2026 season to date,2113,0.14992475153809748,0.00888073828679602,0.03237955513487931,0.01429862754377662,0.02429957406530998,0.06931661145291056,7.496450544249882e-4,2026,416000,Real Salt Lake,0.13644825463003651,1,0.14694432465094798,0.15674061296590933,0.009472787506211779,29.71698113207547,0.03453819214495059,68.86792452830188,0.015251869380505016,31.132075471698112,0.025919545670473963,85.84905660377359,0.07393771888541514,73.11320754716981,7.996213914116423e-4,67.45283018867924,66.0377358490566,416000,42.92929292929293,45.11525795828759,535541.5,23.108442919763675,FALSE,FALSE,NA,Low,41,59,Insufficient Evidence,Central and defensive midfielders,1.1.0,2026-08-01 14:43:31 UTC,NA,NA,NA,Performance data through: 2026-08-01 (updates every day) · MLSPA compensation as of: 2026-04-16,FALSE,2026-08-01 14:43:25 UTC
XVqKG1XWq0,asa_XVqKG1XWq0_mls_blended,Simon Becher,simon becher,1999-07-20,USA,FW,NA,26.94866529774127,mls,wvq9B9wQWn,FW,asa_live,TRUE,NA,mlspa_via_asa,1425,444375,1472,444375,TRUE,0.6705882352941176,0.3294117647058824,blended,2025+2026 season to date,1909.894117647059,0.28358403836317136,0.07410773785166239,-0.04759223017902813,0.23145047953964193,-0.026250801790281324,0.032960497442455244,0.018908355498721222,2026,444375,St. Louis City SC,0.21108432719581333,1,0.2662526990072329,0.28400287894992354,0.07904825371091014,70.2127659574468,-0.05076504552588308,44.680851063829785,0.2468805115166664,75.177304964539,-0.02800085524384177,51.773049645390074,0.03515786393971761,65.2482269503546,0.020168912532599583,82.26950354609929,82.26950354609929,444375,47.014925373134325,48.40834248079034,535000,35.25457817296496,TRUE,FALSE,93.10344827586206,High,20.75,79.25,Elite Value,Strikers,1.1.0,2026-08-01 14:43:31 UTC,5,5,33,Performance data through: 2026-08-01 (updates every day) · MLSPA compensation as of: 2026-04-16,FALSE,2026-08-01 14:43:25 UTC
XVqKLXRaQ0,asa_XVqKLXRaQ0_mls_blended,Tiago,tiago,2005-04-08,Brazil,FW,NA,21.229295003422312,mls,jYQJ8EW5GR,FW,asa_live,TRUE,NA,mlspa_via_asa,800,600250,0,NA,FALSE,1,0,blended,2025+2026 season to date,800,0.11723625,0.04194,-0.07678125,0.12282750000000002,-0.028979999999999995,0.030251249999999993,0.02797875,2026,600250,Orlando City SC,0.21108432719581333,1,0.15745685451249142,0.16795397815190607,0.044736000001398,28.368794326241133,-0.08190000000255937,13.47517730496454,0.13101600000409427,27.659574468085108,-0.030912000000965993,49.645390070921984,0.032268000001008365,58.156028368794324,0.029844000000932625,91.48936170212765,7.092198581560283,600250,54.47761194029851,60.04390779363337,535000,-47.38541335873823,TRUE,FALSE,17.24137931034483,Low,37.75,62.25,Below Expected Value by Current Model,Strikers,1.1.0,2026-08-01 14:43:31 UTC,49,49,363,Performance data through: 2026-08-01 (updates every day) · MLSPA compensation as of: 2026-04-16,FALSE,2026-08-01 14:43:25 UTC
XVqKWAZBq0,asa_XVqKWAZBq0_mls_blended,Brandon Servania,brandon servania,1999-03-12,USA,CM,NA,27.30458590006845,mls,EKXMeX3Q64,CM,asa_live,TRUE,NA,mlspa_via_asa,1481,303722,2238,303722,TRUE,0.6790463090325539,0.3209536909674461,blended,2025+2026 season to date,2199.2943603851445,0.06625448148953982,0.015914987222084957,-0.00103877627032389,0.012324061201234637,-0.0023826515372218963,0.04366321619937235,-0.002226355325606356,2026,303722,D.C. United,0.13644825463003651,1,0.08129979593746497,0.08671978233600597,0.016975986370754453,53.301886792452834,-0.0011080280217134419,25.471698113207548,0.013145665281727748,25,-0.002541494973116111,31.132075471698112,0.046574097280785945,27.358490566037737,-0.0023747790140543246,42.924528301886795,5.188679245283019,303722,33.83838383838384,36.44346871569704,535541.5,-28.64970459310082,TRUE,FALSE,32.35294117647059,High,20.75,79.25,Below Expected Value by Current Model,Central and defensive midfielders,1.1.0,2026-08-01 14:43:31 UTC,70,70,297,Performance data through: 2026-08-01 (updates every day) · MLSPA compensation as of: 2026-04-16,FALSE,2026-08-01 14:43:25 UTC
XVqKWX8Bq0,asa_XVqKWX8Bq0_mls_blended,Steven Alzate,steven alzate,1998-09-08,Colombia,CM,NA,27.811088295687885,mls,KAqBN0Vqbg,CM,asa_live,TRUE,NA,mlspa_via_asa,434,1377087,726,1377087,TRUE,0.38271604938271603,0.617283950617284,blended,2025+2026 season to date,882.1481481481483,0.09822941536577902,0.012696751060387423,0.02752105470287288,0.011247321701867156,0.0017110936201845308,0.04354232804232805,0.001510866238138963,2026,1377087,Atlanta United FC,0.13644825463003651,1,0.1137010830173601,0.12128115522230747,0.013543201131503143,41.0377358490566,0.029355791683981773,64.62264150943396,0.01199714314903321,21.69811320754717,0.0018251665282538693,44.339622641509436,0.046445149913267994,26.41509433962264,0.0016115906540652562,72.64150943396227,25.943396226415093,1377087,93.43434343434343,87.92535675082327,535541.5,-67.49094720792834,FALSE,TRUE,NA,Low,41,59,Small-Sample Watchlist,Central and defensive midfielders,1.1.0,2026-08-01 14:43:31 UTC,NA,NA,NA,Performance data through: 2026-08-01 (updates every day) · MLSPA compensation as of: 2026-04-16,FALSE,2026-08-01 14:43:25 UTC
XVqKYp2DM0,asa_XVqKYp2DM0_mls_blended,Yuya Kubo,yuya kubo,1993-12-24,Japan,FB,NA,31.51813826146475,mls,NWMWlBK5lz,FB,asa_live,TRUE,NA,mlspa_via_asa,0,NA,874,821667,TRUE,0,1,blended,2025+2026 season to date,874,0.16128947368421054,0.07164988558352403,-0.03205606407322654,0.07740617848970252,0.011708237986270019,0.04047940503432494,-0.00789816933638444,2026,821667,FC Cincinnati,0.11638469243644946,1,0.14301072962134986,0.1525447782675402,0.07642654462481396,97.9381443298969,-0.03419313501251017,8.24742268041237,0.08256659039159622,91.75257731958763,0.01248878718574496,69.58762886597938,0.04317803203796258,32.98969072164948,-0.00842471395907334,22.164948453608247,77.31958762886597,821667,89.72972972972973,75.52140504939626,343925,-12.410142100863752,FALSE,FALSE,NA,Low,41,59,Insufficient Evidence,Fullbacks and wingbacks,1.1.0,2026-08-01 14:43:31 UTC,NA,NA,NA,Performance data through: 2026-08-01 (updates every day) · MLSPA compensation as of: 2026-04-16,FALSE,2026-08-01 14:43:25 UTC
XVqKbElN50,asa_XVqKbElN50_mls_blended,Sergi Solans,sergi solans,2003-02-26,Spain,FW,NA,23.342915811088297,mls,a2lqR4JMr0,FW,asa_live,TRUE,NA,mlspa_via_asa,1139,88025,0,NA,FALSE,1,0,blended,2025+2026 season to date,1139,0.3615408252853381,0.07853467954345916,-0.03266549604916593,0.3642827041264267,-0.08716330114135205,0.03951624231782265,-9.640035118525025e-4,2026,88025,Real Salt Lake,0.21108432719581333,1,0.3096294400905624,0.3302714027735876,0.08377032484897426,75.88652482269504,-0.034843195786865844,60.283687943262414,0.3885682177469979,97.16312056737588,-0.0929741878870143,13.47517730496454,0.04215065847366137,78.01418439716312,-0.0010282704126748027,25.53191489361702,93.61702127659575,88025,7.08955223880597,4.33589462129528,535000,86.52746903778979,TRUE,FALSE,100,Medium,28.75,71.25,Elite Value,Strikers,1.1.0,2026-08-01 14:43:31 UTC,1,1,2,Performance data through: 2026-08-01 (updates every day) · MLSPA compensation as of: 2026-04-16,FALSE,2026-08-01 14:43:25 UTC
XVqKbEmN50,asa_XVqKbEmN50_mls_blended,Geiner Martínez,geiner martinez,2003-01-09,Colombia,CB,NA,23.474332648870636,mls,9z5k7Yg5A3,CB,asa_live,TRUE,NA,mlspa_via_asa,528,360204,0,NA,FALSE,1,0,blended,2025+2026 season to date,528,0.11878977272727272,0.01839204545454545,0.03736363636363637,0.01186363636363636,-0.0226875,0.07332954545454547,5.284090909090909e-4,2026,360204,Philadelphia Union,0.13407640205361335,1,0.12692095853915603,0.13538235577933047,0.01961818181879488,88.48167539267016,0.03985454545579092,35.07853403141361,0.012654545454940904,39.79057591623037,-0.02420000000075625,7.329842931937173,0.07821818182062615,55.49738219895288,5.636363636539772e-4,83.24607329842932,33.50785340314136,360204,38.12154696132597,41.602634467618,501667,-4.6136935581846075,TRUE,FALSE,44.329896907216494,Low,37.75,62.25,Fair Value,Center backs,1.1.0,2026-08-01 14:43:31 UTC,55,55,245,Performance data through: 2026-08-01 (updates every day) · MLSPA compensation as of: 2026-04-16,FALSE,2026-08-01 14:43:25 UTC
XVqKbGA050,asa_XVqKbGA050_mls_blended,Ignacio Gómez,ignacio gomez,2006-04-04,Argentina,FB,NA,20.240930869267626,mls,jYQJ8EW5GR,FB,asa_live,FALSE,NA,NA,26,NA,0,NA,FALSE,1,0,blended,2025+2026 season to date,26,0.9616153846153844,0.14469230769230768,-0.1163076923076923,0.5846538461538461,0.06403846153846153,0.3970384615384616,-0.11250000000000002,2026,NA,Orlando City SC,0.11638469243644946,1,0.15149012054611768,0.16158946192090853,0.1543384615432846,98.96907216494846,-0.12406153846541539,1.5463917525773196,0.6236307692502576,100,0.06830769230982692,96.90721649484536,0.423507692320927,100,-0.12000000000375001,1.5463917525773196,84.02061855670104,NA,NA,NA,343925,NA,FALSE,FALSE,NA,Insufficient,49,51,Insufficient Evidence,Fullbacks and wingbacks,1.1.0,2026-08-01 14:43:31 UTC,NA,NA,NA,Performance data through: 2026-08-01 (updates every day) · MLSPA compensation as of: 2026-04-16,FALSE,2026-08-01 14:43:25 UTC
XVqKbj3B50,asa_XVqKbj3B50_mls_blended,Mbekezeli Mbokazi,mbekezeli mbokazi,2005-09-19,South Africa,CB,NA,20.78028747433265,mls,X0Oq66zq6D,CB,asa_live,TRUE,NA,mlspa_via_asa,1195,655620,0,NA,FALSE,1,0,blended,2025+2026 season to date,1195,0.04472887029288703,0.01984518828451883,0.02928200836820083,0.02647280334728033,-0.00332887029288702,-0.00793054393305439,-0.01961171548117155,2026,655620,Chicago Fire FC,0.13407640205361335,1,0.07459434051931366,0.07956729655642104,0.02116820083748159,91.09947643979058,0.031234142260390285,22.513089005235603,0.02823765690464811,74.86910994764398,-0.0035507949791904504,27.225130890052355,-0.008459246862189036,5.2356020942408374,-0.020919163180570043,12.565445026178011,1.5706806282722514,655620,60.22099447513812,63.995609220636666,501667,-58.65031384686587,TRUE,FALSE,8.24742268041237,Medium,28.75,71.25,Below Expected Value by Current Model,Center backs,1.1.0,2026-08-01 14:43:31 UTC,90,90,403,Performance data through: 2026-08-01 (updates every day) · MLSPA compensation as of: 2026-04-16,FALSE,2026-08-01 14:43:25 UTC
XVqKeBkKM0,asa_XVqKeBkKM0_mls_blended,Jacob Shaffelburg,jacob shaffelburg,1999-11-26,Canada,W,NA,26.595482546201232,mls,eVq3ya6MWO,W,asa_live,TRUE,NA,mlspa_via_asa,396,520000,1433,520000,TRUE,0.3613138686131387,0.6386861313868613,blended,2025+2026 season to date,1311.2372262773722,0.19316012359859616,0.03641289329720203,-0.012356164139343212,0.1057088728409085,0.02589366967874043,0.023078072391644295,0.014422779529444115,2026,520000,Los Angeles FC,0.20277985605674193,1,0.19618007287309286,0.20925874440450504,0.03884041951822926,40.17467248908297,-0.013179908415711298,42.35807860262009,0.11275613103382603,71.17903930131004,0.027619914324852914,61.1353711790393,0.024616610551856516,25.32751091703057,0.015384298165221149,82.09606986899563,47.161572052401745,520000,50.23474178403756,53.89681668496158,520000,-3.073169731635815,FALSE,TRUE,NA,Low,41,59,Small-Sample Watchlist,Wingers and attacking midfielders,1.1.0,2026-08-01 14:43:31 UTC,NA,NA,NA,Performance data through: 2026-08-01 (updates every day) · MLSPA compensation as of: 2026-04-16,FALSE,2026-08-01 14:43:25 UTC
XVqKeEmBM0,asa_XVqKeEmBM0_mls_blended,Facundo Torres,facundo torres,2000-04-13,Uruguay,W,NA,26.21492128678987,mls,gpMOLwl5zy,W,asa_live,TRUE,NA,mlspa_via_asa,1571,4405000,0,NA,FALSE,1,0,blended,2025+2026 season to date,1571,0.18697772119669,0.03929980903882877,0.028856142584341184,0.0836123488224061,0.01859579885423297,0.01533609166136219,0.00127753023551877,2026,4405000,Austin FC,0.20277985605674193,1,0.1913449625214395,0.20410129336258032,0.04191979630939402,44.54148471615721,0.030779885424259135,79.47598253275109,0.08918650541335359,52.40174672489083,0.01983551877846836,55.89519650655022,0.016358497772630872,18.34061135371179,0.0013626989179292724,48.03493449781659,41.48471615720524,4405000,94.83568075117371,97.69484083424808,520000,-53.35096459396847,TRUE,FALSE,10.416666666666666,High,22,78,Below Expected Value by Current Model,Wingers and attacking midfielders,1.1.0,2026-08-01 14:43:31 UTC,87,87,392,Performance data through: 2026-08-01 (updates every day) · MLSPA compensation as of: 2026-04-16,FALSE,2026-08-01 14:43:25 UTC
XVqKeYLNM0,asa_XVqKeYLNM0_mls_blended,Josh Atencio,josh atencio,2002-01-31,USA,CM,NA,24.413415468856947,mls,pzeQZ6xQKw,CM,asa_live,TRUE,NA,mlspa_via_asa,1043,462500,1957,462500,TRUE,0.5983935742971888,0.40160642570281124,blended,2025+2026 season to date,1828.9437751004016,0.0798261178153009,0.009084172883958635,0.012736065511773352,0.015495314493978537,4.542544218775974e-4,0.05612324266039998,-0.014066932156687188,2026,462500,Colorado Rapids,0.13644825463003651,1,0.09381297186977033,0.10006716999754879,0.009689784409858683,31.60377358490566,0.013585136546316112,44.81132075471698,0.016528335460760282,33.490566037735846,4.8453805001791235e-4,40.094339622641506,0.05986479217296409,47.64150943396226,-0.015004727634268565,12.735849056603774,8.962264150943396,462500,46.96969696969697,49.72557628979144,535541.5,-38.00743281875357,TRUE,FALSE,25.49019607843137,High,20.75,79.25,Below Expected Value by Current Model,Central and defensive midfielders,1.1.0,2026-08-01 14:43:31 UTC,77,77,328,Performance data through: 2026-08-01 (updates every day) · MLSPA compensation as of: 2026-04-16,FALSE,2026-08-01 14:43:25 UTC
XVqKeYOKM0,asa_XVqKeYOKM0_mls_blended,Kai Wagner,kai wagner,1997-02-15,Germany,FB,NA,29.371663244353183,mls,9z5k7Yg5A3,FB,asa_live,TRUE,NA,NA,201,1088250,3429,1088250,TRUE,0.22308546059933407,0.7769145394006659,blended,2025+2026 season to date,2865.0399556048833,0.1787881065366274,0.013232485922611505,0.12175643568971194,0.006268540932938316,-0.004023211305024162,0.03791058345786688,0.0036432718385229564,2026,1088250,Philadelphia Union,0.11638469243644946,1,0.1679824451474875,0.1791812748295861,0.014114651651226688,55.670103092783506,0.12987353140641794,100,0.006686443662009822,12.371134020618557,-0.00429142539215988,28.8659793814433,0.040437955689655025,31.95876288659794,0.0038861566278792625,82.47422680412372,92.78350515463917,1088250,97.29729729729729,84.19319429198683,343925,-4.513792142658119,FALSE,TRUE,NA,Low,41,59,Small-Sample Watchlist,Fullbacks and wingbacks,1.1.0,2026-08-01 14:43:31 UTC,NA,NA,NA,Performance data through: 2026-08-01 (updates every day) · MLSPA compensation as of: 2026-04-16,FALSE,2026-08-01 14:43:25 UTC
XVqKezAwM0,asa_XVqKezAwM0_mls_blended,Harold Osorio,harold osorio,2003-08-20,El Salvador,CM,NA,21.86447638603696,mls,X0Oq66zq6D,CM,asa_live,FALSE,NA,NA,0,NA,6,NA,TRUE,0,1,blended,2025+2026 season to date,6,-0.0255,0,-0.054,0.0285,0,0,0,2026,NA,Chicago Fire FC,0.13644825463003651,1,0.1348448065643926,0.14383446033984693,0,6.60377358490566,-0.057600000001799996,4.716981132075472,0.03040000000095,60.84905660377358,0,38.679245283018865,0,5.188679245283019,0,60.613207547169814,50.943396226415096,NA,NA,NA,535541.5,NA,FALSE,FALSE,NA,Insufficient,41,59,Insufficient Evidence,Central and defensive midfielders,1.1.0,2026-08-01 14:43:31 UTC,NA,NA,NA,Performance data through: 2026-08-01 (updates every day) · MLSPA compensation as of: 2026-04-16,FALSE,2026-08-01 14:43:25 UTC
XVqKezaWM0,asa_XVqKezaWM0_mls_blended,Darius Johnson,darius johnson,2000-03-15,Grenada,W,NA,26.2943189596167,mls,0KPqjA456v,W,asa_live,FALSE,NA,NA,82,NA,0,NA,FALSE,1,0,blended,2025+2026 season to date,82,0.06980487804878048,0.04664634146341463,-0.1026219512195122,0.03347560975609756,0.09120731707317072,-0.0013170731707317,0.00241463414634146,2026,NA,San Jose Earthquakes,0.20277985605674193,1,0.18679166222000754,0.19924443970756775,0.04975609756253048,54.585152838427945,-0.10946341463756708,1.7467248908296944,0.035707317074286586,9.606986899563319,0.09728780488108901,93.88646288209607,-0.0014048780488243825,6.11353711790393,0.002575609756178045,54.585152838427945,36.24454148471616,NA,NA,NA,520000,NA,FALSE,FALSE,NA,Insufficient,49,51,Insufficient Evidence,Wingers and attacking midfielders,1.1.0,2026-08-01 14:43:31 UTC,NA,NA,NA,Performance data through: 2026-08-01 (updates every day) · MLSPA compensation as of: 2026-04-16,FALSE,2026-08-01 14:43:25 UTC
Xj5Y44KGMb,asa_Xj5Y44KGMb_mls_blended,Adilson Malanda,adilson malanda,2001-10-29,France,CB,NA,23.67145790554415,mls,NPqxKXZ59d,CB,asa_live,TRUE,NA,mlspa_via_asa,0,NA,3557,1080000,TRUE,0,1,blended,2025+2026 season to date,3557,0.20365757660950237,0.00978689907225189,0.06707618779870676,0.0292847905538375,-0.0070137756536407,0.12003120607253304,-0.01550773123418611,2026,1080000,Charlotte FC,0.13407640205361335,1,0.19361458773927542,0.2065222269283476,0.010439359010728247,60.20942408376963,0.07154793365418975,80.6282722513089,0.031237109925069496,78.01047120418848,-0.0074813606974505386,21.465968586387433,0.1280332864813696,87.95811518324608,-0.016541579983648774,16.75392670157068,94.76439790575917,1080000,88.95027624309392,83.97365532381998,501667,5.814121662665244,FALSE,FALSE,NA,Low,41,59,Insufficient Evidence,Center backs,1.1.0,2026-08-01 14:43:31 UTC,NA,NA,NA,Performance data through: 2026-08-01 (updates every day) · MLSPA compensation as of: 2026-04-16,FALSE,2026-08-01 14:43:25 UTC
Xj5Y4dAlMb,asa_Xj5Y4dAlMb_mls_blended,Diego García,diego garcia,2006-10-17,USA,CM,NA,18.704996577686515,mls,mKAqBBmqbg,CM,asa_live,TRUE,NA,mlspa_via_asa,0,NA,24,94263,TRUE,0,1,blended,2025+2026 season to date,24,0.037875,0,-0.043875,0.067875,-0.039375,0.05325,0,2026,94263,FC Dallas,0.13644825463003651,1,0.13265697560580436,0.14150077398394656,0,6.60377358490566,-0.0468000000014625,6.60377358490566,0.0724000000022625,91.50943396226415,-0.0420000000013125,3.30188679245283,0.056800000001775,43.39622641509434,0,60.613207547169814,47.64150943396226,94263,8.080808080808081,9.11086717892426,535541.5,39.56070135315418,FALSE,FALSE,NA,Low,41,59,Insufficient Evidence,Central and defensive midfielders,1.1.0,2026-08-01 14:43:31 UTC,NA,NA,NA,Performance data through: 2026-08-01 (updates every day) · MLSPA compensation as of: 2026-04-16,FALSE,2026-08-01 14:43:25 UTC
Xj5Y4e3xMb,asa_Xj5Y4e3xMb_mls_blended,Sebastian Gomez,sebastian gomez,2006-05-21,USA,W,NA,20.112251882272417,mls,jYQJ19EqGR,W,asa_live,TRUE,NA,mlspa_via_asa,44,94740,0,NA,FALSE,1,0,blended,2025+2026 season to date,44,-0.10636363636363635,0.0045,-0.024136363636363626,0.09654545454545455,-0.19799999999999998,0.01125,0.0034772727272727195,2026,94740,Seattle Sounders FC,0.20277985605674193,1,0.18165825098454216,0.1937688010562336,0.004800000000149999,13.537117903930131,-0.02574545454625908,30.131004366812228,0.10298181818503636,66.37554585152839,-0.21120000000659997,3.056768558951965,0.012000000000374999,14.410480349344978,0.0037090909092068096,58.51528384279476,28.820960698689955,94740,10.7981220657277,9.440175631174533,520000,18.022838632962255,FALSE,TRUE,NA,Low,49,51,Small-Sample Watchlist,Wingers and attacking midfielders,1.1.0,2026-08-01 14:43:31 UTC,NA,NA,NA,Performance data through: 2026-08-01 (updates every day) · MLSPA compensation as of: 2026-04-16,FALSE,2026-08-01 14:43:25 UTC
Xj5Y4k8RMb,asa_Xj5Y4k8RMb_mls_blended,Richard Chukwu,richard chukwu,2008-02-25,Canada,CB,NA,18.34633812457221,mls,kRQabn8MKZ,CB,asa_live,FALSE,NA,NA,72,NA,0,NA,FALSE,1,0,blended,2025+2026 season to date,72,0.20425,0,6.25e-4,-7.499999999999999e-4,0.007624999999999999,0.19675,0,2026,NA,Toronto FC,0.13407640205361335,1,0.14159500183358337,0.15103466862720877,0,6.806282722513089,6.666666666875e-4,3.6649214659685865,-8.000000000249999e-4,4.18848167539267,0.0081333333335875,69.63350785340315,0.209866666673225,97.38219895287958,0,78.01047120418848,54.973821989528794,NA,NA,NA,501667,NA,FALSE,FALSE,NA,Insufficient,49,51,Insufficient Evidence,Center backs,1.1.0,2026-08-01 14:43:31 UTC,NA,NA,NA,Performance data through: 2026-08-01 (updates every day) · MLSPA compensation as of: 2026-04-16,FALSE,2026-08-01 14:43:25 UTC
Xj5Y4mJXMb,asa_Xj5Y4mJXMb_mls_blended,Ian Glavinovich,ian glavinovich,2001-10-27,Argentina,CB,NA,23.67693360711841,mls,9z5k7Yg5A3,CB,asa_live,TRUE,NA,mlspa_via_asa,0,NA,292,425750,TRUE,0,1,blended,2025+2026 season to date,292,0.25218493150684934,0.03035958904109589,0.05224315068493151,0.05045547945205479,-5.23972602739726e-4,0.11709246575342466,0.00255821917808219,2026,425750,Philadelphia Union,0.13407640205361335,1,0.1727397323230583,0.18425571448368686,0.032383561644847604,97.90575916230367,0.05572602739900171,59.68586387434555,0.05381917808387362,91.62303664921465,-5.589041096065069e-4,34.55497382198953,0.1248986301408894,86.91099476439791,0.0027287671233729434,92.14659685863874,85.34031413612566,425750,41.988950276243095,45.88364434687157,501667,43.35136385988256,FALSE,FALSE,NA,Low,41,59,Insufficient Evidence,Center backs,1.1.0,2026-08-01 14:43:31 UTC,NA,NA,NA,Performance data through: 2026-08-01 (updates every day) · MLSPA compensation as of: 2026-04-16,FALSE,2026-08-01 14:43:25 UTC
Xj5Y60Kxqb,asa_Xj5Y60Kxqb_mls_blended,Miki Yamane,miki yamane,1993-12-22,Japan,FB,NA,32.52292950034223,mls,kaDQ0wRqEv,FB,asa_live,TRUE,NA,mlspa_via_asa,1096,916667,2478,916667,TRUE,0.6102449888641426,0.3897550111358574,blended,2025+2026 season to date,2061.8129175946547,0.10317062398550451,0.011521733796383677,0.02381271941414064,0.025714601185308217,0.01821797025404854,0.03282407232645049,-0.008920472990827068,2026,916667,LA Galaxy,0.11638469243644946,1,0.10614921087948183,0.11322582494165226,0.012289849383193312,49.48453608247423,0.025400234042543775,59.79381443298969,0.027428907931852584,52.577319587628864,0.019432501604925708,81.44329896907216,0.03501234381597466,26.288659793814432,-0.009515171190512888,19.587628865979383,38.65979381443299,916667,93.51351351351352,79.80241492864984,343925,-54.85371969908053,TRUE,FALSE,8.536585365853659,High,20.75,79.25,Below Expected Value by Current Model,Fullbacks and wingbacks,1.1.0,2026-08-01 14:43:31 UTC,76,76,401,Performance data through: 2026-08-01 (updates every day) · MLSPA compensation as of: 2026-04-16,FALSE,2026-08-01 14:43:25 UTC
Xj5Y68Olqb,asa_Xj5Y68Olqb_mls_blended,Dániel Gazdag,daniel gazdag,1996-03-02,Hungary,FW,NA,30.32991101984942,mls,mvzqoLZQap,FW,asa_live,TRUE,NA,mlspa_via_asa,738,2647635,2858,2647635,TRUE,0.5132127955493742,0.48678720445062584,blended,2025+2026 season to date,2129.2378303198884,0.16823219063488187,0.04480649296170815,-0.07903522601077813,0.17700595794835958,-0.023978908483226934,0.04445760917065632,0.00497626504816288,2026,2647635,Columbus Crew,0.21108432719581333,1,0.17765287272089317,0.18949639757487446,0.04779359249398224,32.6241134751773,-0.08430424108079784,12.056737588652481,0.1888063551508171,51.773049645390074,-0.025577502382908027,55.319148936170215,0.047421449783515326,85.1063829787234,0.005308016051539613,56.737588652482266,19.858156028368793,2647635,84.32835820895522,94.51152579582876,535000,-64.47020218058643,TRUE,FALSE,5.172413793103448,Medium,29.75,70.25,Below Expected Value by Current Model,Strikers,1.1.0,2026-08-01 14:43:31 UTC,56,56,415,Performance data through: 2026-08-01 (updates every day) · MLSPA compensation as of: 2026-04-16,FALSE,2026-08-01 14:43:25 UTC
Xj5Y6AAaqb,asa_Xj5Y6AAaqb_mls_blended,Andre Dozzell,andre dozzell,1999-05-02,England,CM,NA,27.16495550992471,mls,EKXMeX3Q64,CM,asa_live,FALSE,NA,NA,201,NA,0,NA,FALSE,1,0,blended,2025+2026 season to date,201,0.15698507462686567,0.0278955223880597,0.04240298507462686,0.00711940298507462,-0.02511940298507462,-0.00555223880597014,0.11023880597014926,2026,NA,D.C. United,0.13644825463003651,1,0.14160168886145058,0.151041801456934,0.029755223881526866,80.18867924528301,0.04522985074768208,75.94339622641509,0.007594029850983575,12.735849056603774,-0.026794029851583575,7.0754716981132075,-0.005922388059886557,2.830188679245283,0.11758805970516717,100,58.9622641509434,NA,NA,NA,535541.5,NA,FALSE,FALSE,NA,Insufficient,49,51,Insufficient Evidence,Central and defensive midfielders,1.1.0,2026-08-01 14:43:31 UTC,NA,NA,NA,Performance data through: 2026-08-01 (updates every day) · MLSPA compensation as of: 2026-04-16,FALSE,2026-08-01 14:43:25 UTC
Xj5Y6KKaqb,asa_Xj5Y6KKaqb_mls_blended,Anders Dreyer,anders dreyer,1998-05-02,Denmark,W,NA,28.164271047227928,mls,zeQZBOzQKw,W,asa_live,TRUE,NA,mlspa_via_asa,1658,3561251,3926,3561251,TRUE,0.7031382527565734,0.2968617472434266,blended,2025+2026 season to date,2823.479219677693,0.32192468685957387,0.08212513173091507,0.012885832558826839,0.14666120947451516,0.05044849953140738,0.015023367411618763,0.01478064615229066,2026,3561251,San Diego FC,0.20277985605674193,1,0.30104332789854904,0.3211128831018204,0.08760014051571358,92.13973799126637,0.013744888063178156,67.68558951965065,0.15643862344437154,86.02620087336244,0.05381173283518282,78.16593886462883,0.016024925239560794,17.467248908296945,0.01576602256293606,83.84279475982532,94.75982532751091,3561251,92.48826291079813,96.15806805708013,520000,2.271562416712783,TRUE,FALSE,64.58333333333333,High,14,86,Fair Value,Wingers and attacking midfielders,1.1.0,2026-08-01 14:43:31 UTC,35,35,158,Performance data through: 2026-08-01 (updates every day) · MLSPA compensation as of: 2026-04-16,FALSE,2026-08-01 14:43:25 UTC
Xj5Y6Vplqb,asa_Xj5Y6Vplqb_mls_blended,Niklas Dorsch,niklas dorsch,1998-01-15,Germany,CM,NA,28.45722108145106,mls,kRQabn8MKZ,CM,asa_live,FALSE,NA,NA,79,NA,0,NA,FALSE,1,0,blended,2025+2026 season to date,79,0.00239240506329113,0,-0.0080886075949367,0.00546835443037974,0.00512658227848101,-0.00968354430379746,0.00956962025316455,2026,NA,Toronto FC,0.13644825463003651,1,0.12085118229458307,0.12890792778491697,0,6.60377358490566,-0.008627848101535433,20.28301886792453,0.005832911392587334,8.49056603773585,0.00546835443055063,52.83018867924528,-0.010329113924373409,2.358490566037736,0.01020759493702784,91.50943396226415,30.18867924528302,NA,NA,NA,535541.5,NA,FALSE,FALSE,NA,Insufficient,49,51,Insufficient Evidence,Central and defensive midfielders,1.1.0,2026-08-01 14:43:31 UTC,NA,NA,NA,Performance data through: 2026-08-01 (updates every day) · MLSPA compensation as of: 2026-04-16,FALSE,2026-08-01 14:43:25 UTC
Xj5Y6kWaqb,asa_Xj5Y6kWaqb_mls_blended,Timothy Tillman,timothy tillman,1999-01-04,Germany,W,NA,27.488021902806295,mls,eVq3ya6MWO,W,asa_live,TRUE,NA,mlspa_via_asa,1057,881400,2970,881400,TRUE,0.601593625498008,0.398406374501992,blended,2025+2026 season to date,2240.266932270916,0.1639865990583122,0.022129076766526964,0.027881185215846566,0.04241584312102241,0.01711295079422569,0.052681412876632,0.0017661302840585665,2026,881400,Los Angeles FC,0.20277985605674193,1,0.17218158733022357,0.18366035982464451,0.023604348551699732,23.580786026200872,0.029739930897832376,78.60262008733625,0.045243565997171095,13.100436681222707,0.018253814181077833,54.585152838427945,0.05619350707016351,79.03930131004367,0.0018838723030546753,51.96506550218341,21.83406113537118,881400,70.4225352112676,78.04610318331504,520000,-48.58847407589642,TRUE,FALSE,14.583333333333334,High,20.75,79.25,Below Expected Value by Current Model,Wingers and attacking midfielders,1.1.0,2026-08-01 14:43:31 UTC,83,83,375,Performance data through: 2026-08-01 (updates every day) · MLSPA compensation as of: 2026-04-16,FALSE,2026-08-01 14:43:25 UTC
Xj5Y6ko0qb,asa_Xj5Y6ko0qb_mls_blended,Jannes Horn,jannes horn,1997-02-06,Germany,FB,NA,28.396988364134156,mls,wvq9B9wQWn,FB,asa_live,TRUE,NA,mlspa_via_asa,0,NA,779,321667,TRUE,0,1,blended,2025+2026 season to date,779,0.1488754813863928,0.00359306803594351,0.04260847240051348,0.00709370988446726,0.02325673940949936,0.06593453145057766,0.00638896020539152,2026,321667,St. Louis City SC,0.11638469243644946,1,0.13473880744152986,0.1437213946087898,0.0038326059051261795,21.649484536082475,0.04544903722863466,82.98969072164948,0.0075666238770015345,13.402061855670103,0.024807188704241208,87.11340206185567,0.07033016688281399,71.1340206185567,0.00681489088596392,90.72164948453609,72.68041237113403,321667,46.486486486486484,37.87047200878156,343925,26.19392588464754,FALSE,FALSE,NA,Low,41,59,Insufficient Evidence,Fullbacks and wingbacks,1.1.0,2026-08-01 14:43:31 UTC,NA,NA,NA,Performance data through: 2026-08-01 (updates every day) · MLSPA compensation as of: 2026-04-16,FALSE,2026-08-01 14:43:25 UTC
Xj5Y6xmaqb,asa_Xj5Y6xmaqb_mls_blended,Cayman Togashi,cayman togashi,1993-08-10,Japan,FW,NA,32.889801505817935,mls,KAqBN0Vqbg,FW,asa_live,TRUE,NA,mlspa_via_asa,139,113400,133,113400,TRUE,0.16567342073897498,0.834326579261025,blended,2025+2026 season to date,249.96543504171632,0.027113162706229217,0.010956522595822096,-0.015760303619597266,0.0670119189511323,-0.055906028480020076,0.016471112226334603,0.0043399410325575495,2026,113400,Atlanta United FC,0.21108432719581333,1,0.1569804421778149,0.16744580499490191,0.011686957435908786,9.929078014184396,-0.01681099052809576,74.46808510638297,0.07147938021677486,8.51063829787234,-0.05963309704721828,24.822695035460992,0.017569186375305947,21.98581560283688,0.004629270434872717,54.60992907801418,6.382978723404255,113400,20.895522388059703,16.41053787047201,535000,-14.512543664655448,FALSE,TRUE,NA,Low,41,59,Small-Sample Watchlist,Strikers,1.1.0,2026-08-01 14:43:31 UTC,NA,NA,NA,Performance data through: 2026-08-01 (updates every day) · MLSPA compensation as of: 2026-04-16,FALSE,2026-08-01 14:43:25 UTC
Xj5Y6zYAqb,asa_Xj5Y6zYAqb_mls_blended,Edvard Tagseth,edvard tagseth,2001-01-23,Norway,CM,NA,25.43463381245722,mls,vzqoOgNqap,CM,asa_live,TRUE,NA,mlspa_via_asa,931,736667,2993,736667,TRUE,0.5708154506437768,0.4291845493562232,blended,2025+2026 season to date,2215.549356223176,0.04968073717070877,0.007799993977363487,0.0014814432121711338,0.011731943510947163,0.005016656482128848,0.026359712003257957,-0.002709012015159833,2026,736667,Nashville SC,0.13644825463003651,1,0.06817109336372948,0.07271583292358381,0.008319993576114385,26.41509433962264,0.0015802060930319242,28.30188679245283,0.012514073078734705,23.58490566037736,0.005351100247771326,51.886792452830186,0.028117026137687143,12.264150943396226,-0.0028896128162607887,39.62264150943396,1.4150943396226414,736667,70.20202020202021,69.59385290889132,535541.5,-68.78692586239757,TRUE,FALSE,5.882352941176471,High,20.75,79.25,Below Expected Value by Current Model,Central and defensive midfielders,1.1.0,2026-08-01 14:43:31 UTC,97,97,413,Performance data through: 2026-08-01 (updates every day) · MLSPA compensation as of: 2026-04-16,FALSE,2026-08-01 14:43:25 UTC
Xj5Y8R7AMb,asa_Xj5Y8R7AMb_mls_blended,Cristian Arango,cristian arango,1995-03-09,Colombia,FW,NA,30.313483915126625,mls,0KPqjA456v,FW,asa_live,TRUE,NA,mlspa_via_asa,0,NA,2839,2216667,TRUE,0,1,blended,2025+2026 season to date,2839,0.2894233885170835,0.08319373018668545,0.01221134202183867,0.14279535047551956,-0.01026805213103205,0.04785311729482212,0.01363790066924973,2026,2216667,San Jose Earthquakes,0.21108432719581333,1,0.27575562556484096,0.29413933394502223,0.08873997886857093,82.26950354609929,0.013025431490368292,92.19858156028369,0.1523150405119807,34.751773049645394,-0.010952588940109788,64.53900709219859,0.05104332511607203,89.36170212765957,0.01454709404765431,76.59574468085107,85.1063829787234,2216667,79.85074626865672,92.9747530186608,535000,5.255636710066682,FALSE,FALSE,NA,Low,41,59,Insufficient Evidence,Strikers,1.1.0,2026-08-01 14:43:31 UTC,NA,NA,NA,Performance data through: 2026-08-01 (updates every day) · MLSPA compensation as of: 2026-04-16,FALSE,2026-08-01 14:43:25 UTC
Xj5Y98pE5b,asa_Xj5Y98pE5b_mls_blended,Sal Mazzaferro,sal mazzaferro,2001-10-11,Canada,CB,NA,23.720739219712527,mls,KAqBN0Vqbg,CB,asa_live,FALSE,NA,NA,0,NA,81,NA,TRUE,0,1,blended,2025+2026 season to date,81,0.29655555555555557,0,0.04588888888888889,-0.00111111111111111,0.03066666666666666,0.22677777777777777,-0.00566666666666666,2026,NA,Atlanta United FC,0.13407640205361335,1,0.1534021163467959,0.16362892410836236,0,6.806282722513089,0.048948148149677774,48.69109947643979,-0.001185185185222221,2.094240837696335,0.032711111112133325,96.8586387434555,0.24189629630385553,98.42931937172774,-0.006044444444633326,40.83769633507853,69.10994764397905,NA,NA,NA,501667,NA,FALSE,FALSE,NA,Insufficient,41,59,Insufficient Evidence,Center backs,1.1.0,2026-08-01 14:43:31 UTC,NA,NA,NA,Performance data through: 2026-08-01 (updates every day) · MLSPA compensation as of: 2026-04-16,FALSE,2026-08-01 14:43:25 UTC
Xj5Y9XmX5b,asa_Xj5Y9XmX5b_mls_blended,Beau Leroux,beau leroux,2003-08-31,USA,CM,NA,22.833675564681723,mls,0KPqjA456v,CM,asa_live,TRUE,NA,mlspa_via_asa,1376,249996,2322,249996,TRUE,0.6628131021194605,0.33718689788053946,blended,2025+2026 season to date,2158.9479768786127,0.16896200579528314,0.04054411061821332,0.025453398754312854,0.05233661185045779,0.0022156801242699813,0.04597628862899732,0.002435915819031828,2026,249996,San Jose Earthquakes,0.13644825463003651,1,0.16189110382009658,0.17268384408016604,0.04324705132744568,90.56603773584905,0.027150292005448825,60.84905660377358,0.055825719308899534,84.43396226415095,0.0023633921326285025,46.22641509433962,0.04904137453912968,30.660377358490567,0.0025983102070484803,76.41509433962264,79.24528301886792,249996,31.31313131313131,32.82107574094402,535541.5,47.932151705736615,TRUE,FALSE,95.09803921568627,High,20.75,79.25,Elite Value,Central and defensive midfielders,1.1.0,2026-08-01 14:43:31 UTC,6,6,24,Performance data through: 2026-08-01 (updates every day) · MLSPA compensation as of: 2026-04-16,FALSE,2026-08-01 14:43:25 UTC
Xj5Y9eBx5b,asa_Xj5Y9eBx5b_mls_blended,Osman Bukari,osman bukari,1998-12-13,Ghana,W,NA,26.548939082819988,mls,gpMOLwl5zy,W,asa_live,TRUE,NA,mlspa_via_asa,0,NA,2621,1500000,TRUE,0,1,blended,2025+2026 season to date,2621,0.20522472338801984,0.03219534528805799,-0.01682907287294925,0.11165700114460132,0.030468141930560848,0.04064250286150324,0.0070908050362456995,2026,1500000,Austin FC,0.20277985605674193,1,0.20476929948278336,0.21842058612179455,0.034341701641668367,35.37117903930131,-0.01795101106504017,38.8646288209607,0.11910080122462997,75.10917030567686,0.03249935139361384,64.19213973799127,0.043352003053624875,61.572052401746724,0.007563525372231773,68.5589519650655,57.64192139737991,1500000,80.28169014084507,89.57189901207464,520000,-22.63976874346516,FALSE,FALSE,NA,Low,41,59,Insufficient Evidence,Wingers and attacking midfielders,1.1.0,2026-08-01 14:43:31 UTC,NA,NA,NA,Performance data through: 2026-08-01 (updates every day) · MLSPA compensation as of: 2026-04-16,FALSE,2026-08-01 14:43:25 UTC
Xj5Y9pj05b,asa_Xj5Y9pj05b_mls_blended,Daouda Amadou,daouda amadou,2002-10-02,Cameroon,CM,NA,22.746064339493497,mls,pzeQZ6xQKw,CM,asa_live,TRUE,NA,mlspa_via_asa,0,NA,17,80622,TRUE,0,1,blended,2025+2026 season to date,17,0.3944117647058823,0,0.2212941176470588,0.00476470588235294,0.04605882352941176,0.1222941176470588,0,2026,80622,Colorado Rapids,0.13644825463003651,1,0.14355583918642126,0.1531262284703012,0,6.60377358490566,0.23604705883090588,99.52830188679245,0.005082352941335293,7.547169811320755,0.04912941176624117,93.86792452830188,0.13044705882760585,96.22641509433963,0,60.613207547169814,63.679245283018865,80622,1.0101010101010102,1.0428100987925357,535541.5,62.669144272917855,FALSE,FALSE,NA,Low,41,59,Insufficient Evidence,Central and defensive midfielders,1.1.0,2026-08-01 14:43:31 UTC,NA,NA,NA,Performance data through: 2026-08-01 (updates every day) · MLSPA compensation as of: 2026-04-16,FALSE,2026-08-01 14:43:25 UTC
Xj5Y9wax5b,asa_Xj5Y9wax5b_mls_blended,Peter Stroud,peter stroud,2002-04-23,USA,CM,NA,24.188911704312115,mls,kRQand1MKZ,CM,asa_live,TRUE,NA,mlspa_via_asa,28,223083,1897,223083,TRUE,0.15,0.85,blended,2025+2026 season to date,1640.45,0.1287569319978914,0.011751238798102262,0.031052490774907744,0.01997399841855561,-0.01578570110701107,0.0798413152345809,0.0019235898787559242,2026,223083,Minnesota United FC,0.13644825463003651,1,0.13081669391147444,0.1395378068432666,0.012534654718367453,38.679245283018865,0.03312265682760334,68.39622641509433,0.021305598313791783,45.283018867924525,-0.016838081181337998,13.20754716981132,0.08516406958621435,83.01886792452831,0.0020518292040704387,73.11320754716981,44.81132075471698,223083,29.292929292929294,31.28430296377607,535541.5,15.518391461787687,FALSE,TRUE,NA,Low,41,59,Small-Sample Watchlist,Central and defensive midfielders,1.1.0,2026-08-01 14:43:31 UTC,NA,NA,NA,Performance data through: 2026-08-01 (updates every day) · MLSPA compensation as of: 2026-04-16,FALSE,2026-08-01 14:43:25 UTC
Xj5Y9ydx5b,asa_Xj5Y9ydx5b_mls_blended,Joseph Zalinsky,joseph zalinsky,2003-01-03,USA,FB,NA,22.491444216290212,mls,wvq9B9wQWn,FB,asa_live,TRUE,NA,mlspa_via_asa,0,NA,276,82638,TRUE,0,1,blended,2025+2026 season to date,276,-0.06224999999999999,0,-0.00459782608695652,0.02207608695652174,-0.01751086956521739,-0.04917391304347825,-0.01304347826086956,2026,82638,St. Louis City SC,0.11638469243644946,1,0.06010252906606128,0.06410936433913546,0,6.443298969072165,-0.004904347826240216,25.257731958762886,0.02354782608769239,46.90721649484536,-0.01867826087014891,13.402061855670103,-0.0524521739146826,2.0618556701030926,-0.013913043478695646,14.43298969072165,3.0927835051546393,82638,2.1621621621621623,2.1953896816684964,343925,0.930621342992477,FALSE,FALSE,NA,Low,41,59,Insufficient Evidence,Fullbacks and wingbacks,1.1.0,2026-08-01 14:43:31 UTC,NA,NA,NA,Performance data through: 2026-08-01 (updates every day) · MLSPA compensation as of: 2026-04-16,FALSE,2026-08-01 14:43:25 UTC
Xj5Y9zw05b,asa_Xj5Y9zw05b_mls_blended,Dylan Nealis,dylan nealis,1998-07-30,USA,CB,NA,27.920602327173167,mls,a2lqRX2Mr0,CB,asa_live,TRUE,NA,mlspa_via_asa,1360,412500,1238,412500,TRUE,0.6601941747572816,0.3398058252427184,blended,2025+2026 season to date,1780.6796116504854,0.1351500541117054,0.011120216603667049,0.052998780526059885,0.021151086939473308,0.00962477139765045,0.04486738632620732,-0.004612187681352636,2026,412500,New York Red Bulls,0.13407640205361335,1,0.13487946279328408,0.143871426983999,0.011861564377615525,67.53926701570681,0.05653203256289717,60.73298429319372,0.022561159402809897,67.53926701570681,0.010266422824481305,79.05759162303664,0.04785854541611672,25.130890052356023,-0.004919666860263218,46.07329842931937,41.8848167539267,412500,40.331491712707184,44.78594950603732,501667,1.5533250412195159,TRUE,FALSE,54.63917525773196,High,20.75,79.25,Fair Value,Center backs,1.1.0,2026-08-01 14:43:31 UTC,45,45,201,Performance data through: 2026-08-01 (updates every day) · MLSPA compensation as of: 2026-04-16,FALSE,2026-08-01 14:43:25 UTC
Xj5YLGKxMb,asa_Xj5YLGKxMb_mls_blended,Christopher McVey,christopher mcvey,1997-04-12,Sweden,CB,NA,29.218343600273784,mls,zeQZBOzQKw,CB,asa_live,TRUE,NA,mlspa_via_asa,1390,576813,3760,576813,TRUE,0.6650717703349283,0.33492822966507174,blended,2025+2026 season to date,2649.3301435406697,0.1858406087753232,0.012617316502086934,0.07221570039702738,0.03095157538430214,0.008805074824391728,0.0647991066883844,-0.0035481650208693803,2026,576813,San Diego FC,0.13407640205361335,1,0.17628216975527872,0.1880343144115067,0.013458470935979974,73.29842931937172,0.07703008042590306,85.34031413612566,0.033015013744287336,80.6282722513089,0.009392079812978012,76.43979057591623,0.06911904713643666,43.97905759162304,-0.0037847093557122776,50.78534031413613,86.38743455497382,576813,55.248618784530386,58.8364434687157,501667,31.138815770443436,TRUE,FALSE,79.38144329896907,High,20.75,79.25,Strong Value,Center backs,1.1.0,2026-08-01 14:43:31 UTC,21,21,92,Performance data through: 2026-08-01 (updates every day) · MLSPA compensation as of: 2026-04-16,FALSE,2026-08-01 14:43:25 UTC
Xj5YLGRGMb,asa_Xj5YLGRGMb_mls_blended,Javain Brown,javain brown,1999-03-09,Jamaica,FB,NA,26.313483915126625,mls,a2lqR4JMr0,FB,asa_live,TRUE,NA,mlspa_via_asa,0,NA,210,313688,TRUE,0,1,blended,2025+2026 season to date,210,0.37932857142857146,0.03947142857142857,0.00964285714285714,0.04491428571428572,0.010842857142857138,0.27535714285714286,-9e-4,2026,313688,Real Salt Lake,0.11638469243644946,1,0.1845553277307033,0.19685901625223537,0.042102857144172855,91.23711340206185,0.010285714286035712,43.81443298969072,0.047908571430068575,76.80412371134021,0.01156571428607571,66.49484536082474,0.2937142857234643,98.96907216494846,-9.6000000003e-4,49.48453608247423,95.87628865979381,313688,45.4054054054054,37.21185510428101,343925,50.47088325438841,FALSE,FALSE,NA,Low,41,59,Insufficient Evidence,Fullbacks and wingbacks,1.1.0,2026-08-01 14:43:31 UTC,NA,NA,NA,Performance data through: 2026-08-01 (updates every day) · MLSPA compensation as of: 2026-04-16,FALSE,2026-08-01 14:43:25 UTC
Xj5YyNjE5b,asa_Xj5YyNjE5b_mls_blended,Yannick Bright,yannick bright,2001-09-03,Italy,CM,NA,24.82409308692676,mls,zeQZkL1MKw,CM,asa_live,TRUE,NA,mlspa_via_asa,1278,464192,1609,464192,TRUE,0.6461071789686552,0.3538928210313448,blended,2025+2026 season to date,1847.4135490394337,0.16388541482723884,0.008081658969610394,0.021665256604501595,0.02422430514402994,1.0049418683203207e-4,0.09206328532439809,0.017750414597866773,2026,464192,Inter Miami CF,0.13644825463003651,1,0.1571590092613374,0.1676362765506652,0.008620436234520475,27.830188679245282,0.023109607045523877,56.132075471698116,0.02583925882110608,53.301886792452834,1.0719379929085067e-4,39.62264150943396,0.09820083768242674,88.20754716981132,0.01893377557164957,97.16981132075472,76.41509433962264,464192,47.474747474747474,49.945115257958285,535541.5,28.940346864875167,TRUE,FALSE,79.41176470588235,High,20.75,79.25,Strong Value,Central and defensive midfielders,1.1.0,2026-08-01 14:43:31 UTC,22,22,91,Performance data through: 2026-08-01 (updates every day) · MLSPA compensation as of: 2026-04-16,FALSE,2026-08-01 14:43:25 UTC
Xj5YyZOw5b,asa_Xj5YyZOw5b_mls_blended,Olwethu Makhanya,olwethu makhanya,2004-04-30,South Africa,CB,NA,22.168377823408623,mls,9z5k7Yg5A3,CB,asa_live,TRUE,NA,mlspa_via_asa,1324,338875,2745,338875,TRUE,0.6541501976284585,0.3458498023715415,blended,2025+2026 season to date,2273.3577075098815,0.1497869095444826,0.015911431672390328,0.04977141514935528,0.02484998056113523,-0.009110315557571436,0.07369013639603447,-0.00532573867686127,2026,338875,Philadelphia Union,0.13407640205361335,1,0.14650632095995492,0.15627340902883546,0.016972193784413395,82.72251308900523,0.053089509494304674,54.973821989528794,0.02650664593270591,73.29842931937172,-0.009717669928379875,17.277486910994764,0.07860281215822644,56.544502617801044,-0.0056807879221628796,42.931937172774866,60.20942408376963,338875,37.569060773480665,39.846322722283205,501667,22.64036331028897,TRUE,FALSE,74.22680412371135,High,20.75,79.25,Undervalued,Center backs,1.1.0,2026-08-01 14:43:31 UTC,26,26,115,Performance data through: 2026-08-01 (updates every day) · MLSPA compensation as of: 2026-04-16,FALSE,2026-08-01 14:43:25 UTC
Xj5Yyz3y5b,asa_Xj5Yyz3y5b_mls_blended,Jayden Da,jayden da,2002-04-08,USA,FW,NA,24.229979466119097,mls,19vQ2095K6,FW,asa_live,FALSE,NA,NA,13,NA,0,NA,FALSE,1,0,blended,2025+2026 season to date,13,-0.4063846153846154,0,-0.459,0.15646153846153846,-0.06023076923076923,-0.04361538461538461,0,2026,NA,New England Revolution,0.21108432719581333,1,0.1979895535358695,0.21118885711152713,0,3.900709219858156,-0.4896000000153,0.7092198581560284,0.16689230769752306,42.5531914893617,-0.06424615384816153,22.69503546099291,-0.04652307692453077,0.7092198581560284,0,31.914893617021278,36.170212765957444,NA,NA,NA,535000,NA,FALSE,FALSE,NA,Insufficient,49,51,Insufficient Evidence,Strikers,1.1.0,2026-08-01 14:43:31 UTC,NA,NA,NA,Performance data through: 2026-08-01 (updates every day) · MLSPA compensation as of: 2026-04-16,FALSE,2026-08-01 14:43:25 UTC
a35rB7Do5L,asa_a35rB7Do5L_mls_blended,Luke Brennan,luke brennan,2005-02-24,USA,W,NA,21.347022587268995,mls,KAqBN0Vqbg,W,asa_live,TRUE,NA,mlspa_via_asa,372,125000,615,125000,TRUE,0.34701492537313433,0.6529850746268657,blended,2025+2026 season to date,773.5858208955224,0.19914465780851837,0.04222736166727339,-0.02465123316345104,0.10880262559155443,0.0038473334546778315,0.044141472515471424,0.02477709774299235,2026,125000,Atlanta United FC,0.20277985605674193,1,0.2007325592819859,0.21411472990747604,0.045042519113165855,46.724890829694324,-0.026294648708502816,29.25764192139738,0.11605613396795147,74.23580786026201,0.004103822351784598,39.301310043668124,0.04708423735130757,67.68558951965065,0.026428904260017743,91.26637554585153,51.96506550218341,125000,21.5962441314554,21.844127332601538,520000,30.368821370728007,FALSE,TRUE,NA,Low,41,59,Small-Sample Watchlist,Wingers and attacking midfielders,1.1.0,2026-08-01 14:43:31 UTC,NA,NA,NA,Performance data through: 2026-08-01 (updates every day) · MLSPA compensation as of: 2026-04-16,FALSE,2026-08-01 14:43:25 UTC
a35rBOLG5L,asa_a35rBOLG5L_mls_blended,Omar Valencia,omar valencia,2004-06-08,Panama,FB,NA,22.06160164271047,mls,a2lqRX2Mr0,FB,asa_live,TRUE,NA,mlspa_via_asa,413,142375,1542,142375,TRUE,0.3710691823899371,0.628930817610063,blended,2025+2026 season to date,1382.8113207547171,0.04393425068434245,0.005046231134697465,0.011303009009197978,0.013509150786076117,-0.03640904275960439,0.07233512328652188,-0.021850220772546586,2026,142375,New York Red Bulls,0.11638469243644946,1,0.06585780165273118,0.07024832176510852,0.005382646543845504,26.288659793814432,0.012056542943521277,46.391752577319586,0.014409760838931496,29.38144329896907,-0.03883631227812498,6.701030927835052,0.07715746484136785,78.8659793814433,-0.023306902158111365,8.762886597938145,4.639175257731959,142375,31.35135135135135,24.698133918770584,343925,-26.71217609361939,FALSE,TRUE,NA,Low,41,59,Small-Sample Watchlist,Fullbacks and wingbacks,1.1.0,2026-08-01 14:43:31 UTC,NA,NA,NA,Performance data through: 2026-08-01 (updates every day) · MLSPA compensation as of: 2026-04-16,FALSE,2026-08-01 14:43:25 UTC
a35rBgow5L,asa_a35rBgow5L_mls_blended,Neil Pierre,neil pierre,2007-10-19,USA,CB,NA,18.699520876112253,mls,9z5k7Yg5A3,CB,asa_live,TRUE,NA,mlspa_via_asa,141,129798,25,129798,TRUE,0.16765755053507728,0.8323424494649228,blended,2025+2026 season to date,161.80856123662306,0.12271462544589774,0.01283115338882283,0.03745541022592152,0.022045184304399515,-0.003338882282996432,0.0537538644470868,-3.2104637336504146e-5,2026,129798,Philadelphia Union,0.13407640205361335,1,0.1316631543959576,0.14044069802674355,0.013686563615172056,74.3455497382199,0.0399524375755648,35.602094240837694,0.02351486325876099,69.10994764397905,-0.00356147443530749,26.701570680628272,0.057337455412017714,34.031413612565444,-3.424494649334124e-5,76.43979057591623,39.26701570680628,129798,18.23204419889503,22.83205268935236,501667,21.034971507911255,FALSE,TRUE,NA,Low,41,59,Small-Sample Watchlist,Center backs,1.1.0,2026-08-01 14:43:31 UTC,NA,NA,NA,Performance data through: 2026-08-01 (updates every day) · MLSPA compensation as of: 2026-04-16,FALSE,2026-08-01 14:43:25 UTC
a35rBoxG5L,asa_a35rBoxG5L_mls_blended,Bryan Ramirez,bryan ramirez,2000-08-11,Ecuador,FB,NA,25.88637919233402,mls,NWMWlBK5lz,FB,asa_live,TRUE,NA,mlspa_via_asa,1333,684100,0,NA,FALSE,1,0,blended,2025+2026 season to date,1333,0.12888972243060764,0.01717629407351838,0.00935108777194298,0.02388072018004501,0.024279069767441847,0.05710577644411103,-0.00290322580645161,2026,684100,FC Cincinnati,0.11638469243644946,1,0.12500818182197088,0.1333420606142692,0.018321380345658816,65.4639175257732,0.009974493623717547,42.2680412371134,0.025472768192844036,50,0.025897674419413937,88.14432989690722,0.06091282820895529,59.27835051546392,-0.003096774193645158,39.69072164948454,61.855670103092784,684100,82.70270270270271,66.30076838638858,343925,-20.847032599609925,TRUE,FALSE,35.36585365853659,High,28.75,71.25,Below Expected Value by Current Model,Fullbacks and wingbacks,1.1.0,2026-08-01 14:43:31 UTC,54,54,284,Performance data through: 2026-08-01 (updates every day) · MLSPA compensation as of: 2026-04-16,FALSE,2026-08-01 14:43:25 UTC
a35rK94AqL,asa_a35rK94AqL_mls_blended,Corey Baird,corey baird,1996-01-30,USA,FW,NA,29.418206707734427,mls,NWMWlBK5lz,FW,asa_live,TRUE,NA,mlspa_via_asa,0,NA,1136,744241,TRUE,0,1,blended,2025+2026 season to date,1136,0.14686795774647887,0.03531866197183098,-0.01658186619718309,0.11571654929577466,-0.03209419014084507,0.0250669014084507,0.0194419014084507,2026,744241,FC Cincinnati,0.21108432719581333,1,0.16906255548242394,0.18033339252022096,0.037673239437797,19.858156028368793,-0.01768732394421469,73.04964539007092,0.12343098591935019,24.822695035460992,-0.03423380281797122,47.5177304964539,0.026738028169849642,46.808510638297875,0.020738028169662144,84.39716312056737,12.76595744680851,744241,59.701492537313435,70.3622392974753,535000,-46.93553509050493,FALSE,FALSE,NA,Low,41,59,Insufficient Evidence,Strikers,1.1.0,2026-08-01 14:43:31 UTC,NA,NA,NA,Performance data through: 2026-08-01 (updates every day) · MLSPA compensation as of: 2026-04-16,FALSE,2026-08-01 14:43:25 UTC
a35rKA2AqL,asa_a35rKA2AqL_mls_blended,Mauricio Pineda,mauricio pineda,1997-10-17,USA,CM,NA,28.70362765229295,mls,X0Oq66zq6D,CM,asa_live,TRUE,NA,mlspa_via_asa,590,320157,1838,320157,TRUE,0.4573643410852713,0.5426356589147288,blended,2025+2026 season to date,1587.3643410852715,0.070878710428423225,0.01360412733760153,-3.283928435863031e-4,0.014310380342637343,-0.004322263835817496,0.047148723334261206,4.6613609332692174e-4,2026,320157,Chicago Fire FC,0.13644825463003651,1,0.0888646151000923,0.09478892277639395,0.01451106916056177,45.283018867924525,-3.502856998363364e-4,26.88679245283019,0.015264405699290178,31.60377358490566,-0.004610414758349404,25.943396226415093,0.05029197155811691,33.0188679245283,4.972118328975877e-4,66.98113207547169,6.60377358490566,320157,34.84848484848485,37.65093304061471,535541.5,-28.24471126357919,TRUE,FALSE,34.31372549019608,Medium,29.75,70.25,Below Expected Value by Current Model,Central and defensive midfielders,1.1.0,2026-08-01 14:43:31 UTC,68,68,289,Performance data through: 2026-08-01 (updates every day) · MLSPA compensation as of: 2026-04-16,FALSE,2026-08-01 14:43:25 UTC
a35rKGpLqL,asa_a35rKGpLqL_mls_blended,Dániel Sallói,daniel salloi,1996-07-19,Hungary,W,NA,29.949349760438057,mls,kRQabn8MKZ,W,asa_live,TRUE,NA,mlspa_via_asa,1790,1343333,2454,1343333,TRUE,0.7188755020080321,0.2811244979919679,blended,2025+2026 season to date,2479.879518072289,0.19299644740330513,0.05063741125872684,-0.006082946946711049,0.0880270038589566,0.030269243232097086,0.03164199487436298,-0.0014962588741273168,2026,1343333,Toronto FC,0.20277985605674193,1,0.194902380787263,0.20789587284624395,0.05401323867766321,62.44541484716157,-0.006488476743361216,48.47161572052402,0.09389547078582128,58.07860262008734,0.032287192781912534,63.31877729257642,0.03375146120037524,42.79475982532751,-0.00159600946578568,24.017467248908297,45.414847161572055,1343333,77.93427230046949,87.70581778265642,520000,-32.51942513889743,TRUE,FALSE,29.166666666666668,High,14,86,Below Expected Value by Current Model,Wingers and attacking midfielders,1.1.0,2026-08-01 14:43:31 UTC,69,69,312,Performance data through: 2026-08-01 (updates every day) · MLSPA compensation as of: 2026-04-16,FALSE,2026-08-01 14:43:25 UTC
a35rKXowqL,asa_a35rKXowqL_mls_blended,Joaquín Fernández,joaquin fernandez,1996-05-31,Spain,CB,NA,29.084188911704313,mls,Z2vQ1xlqrA,CB,asa_live,TRUE,NA,mlspa_via_asa,0,NA,1482,1072083,TRUE,0,1,blended,2025+2026 season to date,1482,0.13937246963562752,0.00649190283400809,0.06383805668016193,0.00715384615384615,0.00391700404858299,0.0570242914979757,9.473684210526316e-4,2026,1072083,Sporting Kansas City,0.13407640205361335,1,0.1378462253756811,0.1470359737386547,0.006924696356491692,40.31413612565445,0.068093927127634,75.39267015706807,0.007630769231007689,26.17801047120419,0.004178137651952423,55.49738219895288,0.06082591093307489,37.696335078534034,0.0010105263158210528,87.95811518324608,48.69109947643979,1072083,88.39779005524862,83.75411635565312,501667,-39.70669057880883,FALSE,FALSE,NA,Low,41,59,Insufficient Evidence,Center backs,1.1.0,2026-08-01 14:43:31 UTC,NA,NA,NA,Performance data through: 2026-08-01 (updates every day) · MLSPA compensation as of: 2026-04-16,FALSE,2026-08-01 14:43:25 UTC
a35rKYrAqL,asa_a35rKYrAqL_mls_blended,Aaron Herrera,aaron herrera,1997-06-06,USA,W,NA,29.06776180698152,mls,EKXMeX3Q64,W,asa_live,TRUE,NA,mlspa_via_asa,433,945220,2300,945220,TRUE,0.382171226831421,0.617828773168579,blended,2025+2026 season to date,1854.0061782877317,0.1454861276334472,0.021484439157296902,0.026488852219962392,0.053652903027744725,-0.005181242564948773,0.050262059173414184,-0.001220883380022254,2026,945220,D.C. United,0.20277985605674193,1,0.15949433892408163,0.17012729485767022,0.022916735101832845,22.707423580786028,0.02825477570217618,77.7292576419214,0.057229763231382805,22.707423580786028,-0.005526658736118065,28.820960698689955,0.05361286311998387,77.29257641921397,-0.001302275605397767,24.45414847161572,14.847161572052402,945220,71.83098591549296,80.90010976948409,520000,-56.98382434344056,FALSE,TRUE,NA,Low,41,59,Small-Sample Watchlist,Wingers and attacking midfielders,1.1.0,2026-08-01 14:43:31 UTC,NA,NA,NA,Performance data through: 2026-08-01 (updates every day) · MLSPA compensation as of: 2026-04-16,FALSE,2026-08-01 14:43:25 UTC
a35rlyZ4QL,asa_a35rlyZ4QL_mls_blended,Diego Chará,diego chara,1986-04-05,Colombia,CM,NA,40.238193018480494,mls,WBLMvYAQxe,CM,asa_live,TRUE,NA,mlspa_via_asa,850,388044,1762,388044,TRUE,0.5483870967741935,0.4516129032258065,blended,2025+2026 season to date,1645.7419354838712,0.1031841184870565,1.1772399399509355e-4,0.03486217275090622,0.0071565405880414466,0.007519216432939104,0.06263365969755776,-0.009105194976383143,2026,388044,Portland Timbers FC,0.13644825463003651,1,0.11207137368340556,0.11954279859936831,1.2557226026535726e-4,13.20754716981132,0.03718631760212871,71.69811320754717,0.007633643294149428,13.20754716981132,0.008020497528719018,59.905660377358494,0.06680923701281606,60.37735849056604,-0.009712207975112193,18.39622641509434,23.58490566037736,388044,41.41414141414141,43.3589462129528,535541.5,-17.829235753764053,TRUE,FALSE,40.19607843137255,Medium,29.75,70.25,Below Expected Value by Current Model,Central and defensive midfielders,1.1.0,2026-08-01 14:43:31 UTC,62,62,264,Performance data through: 2026-08-01 (updates every day) · MLSPA compensation as of: 2026-04-16,FALSE,2026-08-01 14:43:25 UTC
a35rm92ML6,asa_a35rm92ML6_mls_blended,Mateusz Klich,mateusz klich,1990-06-13,Poland,CM,NA,35.04996577686516,mls,KAqBN0Vqbg,CM,asa_live,TRUE,NA,mlspa_via_asa,0,NA,891,1937338,TRUE,0,1,blended,2025+2026 season to date,891,0.1283030303030303,0.01231313131313131,0.0558989898989899,0.02593939393939394,-0.012838383838383828,0.04972727272727273,-0.0027373737373737298,2026,1937338,Atlanta United FC,0.13644825463003651,1,0.1315807865714433,0.14035283901392553,0.01313400673441717,39.15094339622642,0.05962558922745252,81.13207547169812,0.027668686869551515,56.132075471698116,-0.01369427609470403,14.622641509433961,0.05304242424408182,39.15094339622642,-0.0029198653199565576,38.679245283018865,45.75471698113208,1937338,97.97979797979798,92.64544456641053,535541.5,-52.2250809986659,FALSE,FALSE,NA,Low,41,59,Insufficient Evidence,Central and defensive midfielders,1.1.0,2026-08-01 14:43:31 UTC,NA,NA,NA,Performance data through: 2026-08-01 (updates every day) · MLSPA compensation as of: 2026-04-16,FALSE,2026-08-01 14:43:25 UTC
a35ry7P2ML,asa_a35ry7P2ML_mls_blended,João Klauss,joao klauss,1997-03-01,Brazil,FW,NA,29.333333333333332,mls,kaDQ0wRqEv,FW,asa_live,TRUE,NA,mlspa_via_asa,606,2915000,2695,2915000,TRUE,0.46401225114854516,0.5359877488514548,blended,2025+2026 season to date,2050.4869831546707,0.33029226745689233,0.09760599431196675,-0.028793967900399748,0.24113246554364473,-0.013880093872436904,0.02809061076748672,0.006137258606630731,2026,2915000,LA Galaxy,0.21108432719581333,1,0.30330674947048936,0.32352719944529884,0.10411306060268473,90.78014184397163,-0.030713565761386195,65.95744680851064,0.2572079632545921,80.1418439716312,-0.014805433464395367,60.99290780141844,0.029963318152922188,53.191489361702125,0.006546409180610688,58.86524822695036,92.90780141843972,2915000,85.82089552238806,95.17014270032931,535000,7.086905896051661,TRUE,FALSE,72.41379310344827,Medium,29.75,70.25,Undervalued,Strikers,1.1.0,2026-08-01 14:43:31 UTC,17,17,123,Performance data through: 2026-08-01 (updates every day) · MLSPA compensation as of: 2026-04-16,FALSE,2026-08-01 14:43:25 UTC
a35ryXO2ML,asa_a35ryXO2ML_mls_blended,Luis Díaz,luis diaz,1998-12-06,Costa Rica,W,NA,26.56810403832991,mls,19vQ2095K6,W,asa_live,TRUE,NA,mlspa_via_asa,0,NA,535,127333,TRUE,0,1,blended,2025+2026 season to date,535,0.23164485981308416,0.05524485981308411,0.00977383177570093,0.09659439252336448,0.02227289719626168,0.04390654205607477,0.00385233644859813,2026,127333,New England Revolution,0.20277985605674193,1,0.2163858269903482,0.2308115487969176,0.05892785046913121,71.61572052401746,0.010425420561073455,64.62882096069869,0.10303401869480859,66.8122270742358,0.023757757010088223,58.07860262008734,0.04683364486127664,67.24890829694323,0.004109158878633083,59.38864628820961,68.12227074235808,127333,22.065727699530516,22.61251372118551,520000,46.05654304282757,FALSE,FALSE,NA,Low,41,59,Insufficient Evidence,Wingers and attacking midfielders,1.1.0,2026-08-01 14:43:31 UTC,NA,NA,NA,Performance data through: 2026-08-01 (updates every day) · MLSPA compensation as of: 2026-04-16,FALSE,2026-08-01 14:43:25 UTC
a35ryZ7bML,asa_a35ryZ7bML_mls_blended,Tanner Beason,tanner beason,1997-03-23,USA,FB,NA,29.27310061601643,mls,19vQ2095K6,FB,asa_live,TRUE,NA,mlspa_via_asa,85,350000,2166,350000,TRUE,0.15,0.85,blended,2025+2026 season to date,1926.1,0.1517563271956982,0.003563642659279771,0.02151835913312693,0.012443004725435882,-0.0011135514094834575,0.11378168486231056,0.0015631872250285118,2026,350000,New England Revolution,0.11638469243644946,1,0.14335484631388462,0.15291183607292208,0.003801218836683877,21.1340206185567,0.022952916409386005,57.7319587628866,0.013272538374213041,25.77319587628866,-0.0011877881701528063,37.11340206185567,0.12136713052359066,93.29896907216495,0.0016673997067491856,72.68041237113403,77.83505154639175,350000,51.08108108108108,40.61470911086718,343925,26.753970465310672,FALSE,TRUE,NA,Low,41,59,Small-Sample Watchlist,Fullbacks and wingbacks,1.1.0,2026-08-01 14:43:31 UTC,NA,NA,NA,Performance data through: 2026-08-01 (updates every day) · MLSPA compensation as of: 2026-04-16,FALSE,2026-08-01 14:43:25 UTC
aDQ00AlQEv,asa_aDQ00AlQEv_mls_blended,Kevin Long,kevin long,1990-08-18,Republic of Ireland,CB,NA,34.86926762491444,mls,kRQabn8MKZ,CB,asa_live,TRUE,NA,mlspa_via_asa,0,NA,2111,468521,TRUE,0,1,blended,2025+2026 season to date,2111,0.15606110847939364,0.00645902415916627,0.03887778304121269,0.0234997631454287,0.00804926575082899,0.08777877783041212,-0.00860350544765514,2026,468521,Toronto FC,0.13407640205361335,1,0.15119544125126078,0.16127513733971802,0.0068896257699926555,39.79057591623037,0.04146963524525613,39.26701570680628,0.025066414022573938,70.68062827225131,0.00858588346781923,71.72774869109948,0.09363069635536556,71.20418848167539,-0.009177072477785599,33.50785340314136,68.06282722513089,468521,45.85635359116022,50.16465422612514,501667,22.206473633970667,FALSE,FALSE,NA,Low,41,59,Insufficient Evidence,Center backs,1.1.0,2026-08-01 14:43:31 UTC,NA,NA,NA,Performance data through: 2026-08-01 (updates every day) · MLSPA compensation as of: 2026-04-16,FALSE,2026-08-01 14:43:25 UTC
aDQ0LRYWQE,asa_aDQ0LRYWQE_mls_blended,Amine Bassi,amine bassi,1997-11-27,France,W,NA,27.592060232717316,mls,YgOMngl5wN,W,asa_live,TRUE,NA,mlspa_via_asa,0,NA,1954,700000,TRUE,0,1,blended,2025+2026 season to date,1954,0.10624974411463664,0.0159825997952917,0.00303531218014329,0.05359467758444217,-0.00420522006141248,0.038565506653019437,-7.231320368474922e-4,2026,700000,Houston Dynamo FC,0.20277985605674193,1,0.12892713924590649,0.13752228186659782,0.0170481064488439,18.777292576419214,0.0032376663255873532,60.262008733624455,0.057167656091858136,22.270742358078603,-0.004485568065646819,30.131004366812228,0.041136540431172916,56.76855895196506,-7.713408393280961e-4,28.38427947598253,2.6200873362445414,700000,63.38028169014085,67.17892425905599,520000,-60.76019435389631,FALSE,FALSE,NA,Low,41,59,Insufficient Evidence,Wingers and attacking midfielders,1.1.0,2026-08-01 14:43:31 UTC,NA,NA,NA,Performance data through: 2026-08-01 (updates every day) · MLSPA compensation as of: 2026-04-16,FALSE,2026-08-01 14:43:25 UTC
aDQ0LoylQE,asa_aDQ0LoylQE_mls_blended,Griffin Dorsey,griffin dorsey,1999-03-05,USA,FB,NA,27.32375085557837,mls,jYQJ8EW5GR,FB,asa_live,TRUE,NA,mlspa_via_asa,1277,767891,3022,767891,TRUE,0.6459281740010117,0.35407182599898834,blended,2025+2026 season to date,2347.005058168943,0.16703693802353808,0.025257542814504458,-0.007376681272087639,0.08591162331069375,0.016989224192040367,0.046587020423821665,-3.3179144543454397e-4,2026,767891,Orlando City SC,0.11638469243644946,1,0.15672431664950617,0.16717260443136406,0.026941379002980007,80.41237113402062,-0.007868460023806038,23.711340206185568,0.09163906486760373,92.78350515463917,0.0181218391387427,80.41237113402062,0.049692821786962674,44.329896907216494,-3.5391087514123994e-4,55.670103092783506,87.11340206185567,767891,87.56756756756756,71.89901207464325,343925,-0.45416550571189873,TRUE,FALSE,65.85365853658537,High,20.75,79.25,Fair Value,Fullbacks and wingbacks,1.1.0,2026-08-01 14:43:31 UTC,29,29,151,Performance data through: 2026-08-01 (updates every day) · MLSPA compensation as of: 2026-04-16,FALSE,2026-08-01 14:43:25 UTC
aDQ0NJKG5E,asa_aDQ0NJKG5E_mls_blended,Victor Olatunji,victor olatunji,1999-09-05,Nigeria,FW,NA,26.819986310746064,mls,a2lqR4JMr0,FW,asa_live,TRUE,NA,mlspa_via_asa,385,626500,778,626500,TRUE,0.3548387096774194,0.6451612903225806,blended,2025+2026 season to date,886.9354838709678,0.3055755298354519,0.08078791418383424,-0.07485044957530237,0.2725373745750062,-0.0556588369090069,0.055739824434624996,0.02701970312629571,2026,626500,Real Salt Lake,0.21108432719581333,1,0.2674469612467269,0.28527675867209024,0.08617377513211612,80.85106382978724,-0.07984047954948421,19.148936170212767,0.2907065328890912,86.52482269503547,-0.05936942603812932,25.53191489361702,0.059455812732124656,93.61702127659575,0.02882101666894941,90.78014184397163,82.97872340425532,626500,55.97014925373134,62.23929747530187,535000,27.008574150523977,FALSE,TRUE,NA,Low,41,59,Small-Sample Watchlist,Strikers,1.1.0,2026-08-01 14:43:31 UTC,NA,NA,NA,Performance data through: 2026-08-01 (updates every day) · MLSPA compensation as of: 2026-04-16,FALSE,2026-08-01 14:43:25 UTC
aDQ0Njb35E,asa_aDQ0Njb35E_mls_blended,Malik Henry,malik henry,2002-07-23,Canada,W,NA,23.939767282683093,mls,kRQabn8MKZ,W,asa_live,TRUE,NA,mlspa_via_asa,659,88025,182,88025,TRUE,0.48491537895511405,0.515084621044886,blended,2025+2026 season to date,752.7454010301692,0.05040957717778909,0.021930718288334178,-0.03501782985226694,0.05964034640855832,0.013949057564951602,-0.00977636271013755,-3.1635252165053635e-4,2026,88025,Toronto FC,0.20277985605674193,1,0.11799226292024298,0.1258584137855256,0.023392766174954147,23.14410480349345,-0.037352351843585326,20.524017467248907,0.06361636950445022,27.074235807860262,0.014878994736413343,48.90829694323144,-0.010428120224472598,4.366812227074236,-3.374426897711172e-4,34.49781659388646,0.8733624454148472,88025,5.164319248826291,4.33589462129528,520000,-4.290956803411444,TRUE,FALSE,54.166666666666664,Medium,29.75,70.25,Fair Value,Wingers and attacking midfielders,1.1.0,2026-08-01 14:43:31 UTC,45,45,202,Performance data through: 2026-08-01 (updates every day) · MLSPA compensation as of: 2026-04-16,FALSE,2026-08-01 14:43:25 UTC
aDQ0PGv3QE,asa_aDQ0PGv3QE_mls_blended,Alex Mighten,alex mighten,2002-04-11,England,W,NA,24.2217659137577,mls,zeQZBOzQKw,W,asa_live,TRUE,NA,mlspa_via_asa,614,332292,1236,332292,TRUE,0.4672754946727549,0.5327245053272451,blended,2025+2026 season to date,1272.447488584475,0.17400884426120494,0.04026597065212573,-0.018112758788846037,0.07455993704836636,0.01711482023318703,0.02313785077802899,0.03704302433834286,2026,332292,San Diego FC,0.20277985605674193,1,0.18322811859736926,0.19544332650996815,0.04295036869694297,46.2882096069869,-0.019320276042039532,37.55458515283843,0.07953059952074278,43.66812227074236,0.018255808249303326,55.02183406113537,0.024680374164002185,25.76419213973799,0.03951255929546715,95.63318777292577,31.004366812227076,332292,36.61971830985915,39.077936333699235,520000,-5.615351497632076,TRUE,FALSE,51.041666666666664,Medium,29.75,70.25,Fair Value,Wingers and attacking midfielders,1.1.0,2026-08-01 14:43:31 UTC,48,48,216,Performance data through: 2026-08-01 (updates every day) · MLSPA compensation as of: 2026-04-16,FALSE,2026-08-01 14:43:25 UTC
aDQ0PJpPQE,asa_aDQ0PJpPQE_mls_blended,Tai Baribo,tai baribo,1998-01-15,Israel,FW,NA,28.45722108145106,mls,EKXMeX3Q64,FW,asa_live,TRUE,NA,mlspa_via_asa,1241,2349000,2317,2349000,TRUE,0.639361154044307,0.36063884595569295,blended,2025+2026 season to date,2076.6002060793408,0.24165289483883318,0.06450052531553954,-0.052375654309688685,0.2359038135573434,-0.0271198419850857,0.01886926413799222,0.0018747881227323816,2026,2349000,D.C. United,0.21108432719581333,1,0.23480049284612847,0.25045385904369705,0.06880056033872553,60.283687943262414,-0.05586736459874712,36.170212765957444,0.2516307344690298,77.30496453900709,-0.028927831451662073,51.06382978723404,0.020127215081154008,31.20567375886525,0.0019997739976437,43.97163120567376,67.37588652482269,2349000,82.83582089552239,93.85290889132821,535000,-15.459934370699699,TRUE,FALSE,41.37931034482759,High,20.75,79.25,Below Expected Value by Current Model,Strikers,1.1.0,2026-08-01 14:43:31 UTC,35,35,258,Performance data through: 2026-08-01 (updates every day) · MLSPA compensation as of: 2026-04-16,FALSE,2026-08-01 14:43:25 UTC
aDQ0PKPRQE,asa_aDQ0PKPRQE_mls_blended,Marco Farfan,marco farfan,1998-11-12,USA,FB,NA,26.633812457221083,mls,mKAqBBmqbg,FB,asa_live,TRUE,NA,mlspa_via_asa,0,NA,1469,582813,TRUE,0,1,blended,2025+2026 season to date,1469,0.10219809394145676,0.01034785568413886,0.01738121170864533,0.01160381211708645,-0.01230224642614023,0.07783253914227366,-0.00266507828454731,2026,582813,FC Dallas,0.11638469243644946,1,0.10631213893758804,0.11339961487030431,0.011037712730093045,44.845360824742265,0.018539959156467726,54.123711340206185,0.012377399591945674,24.22680412371134,-0.013122396188292987,16.49484536082474,0.08302137508768632,84.02061855670104,-0.0028427501702726335,41.23711340206186,39.175257731958766,582813,76.21621621621621,59.38529088913282,343925,-37.040958484257445,FALSE,FALSE,NA,Low,41,59,Insufficient Evidence,Fullbacks and wingbacks,1.1.0,2026-08-01 14:43:31 UTC,NA,NA,NA,Performance data through: 2026-08-01 (updates every day) · MLSPA compensation as of: 2026-04-16,FALSE,2026-08-01 14:43:25 UTC
aDQ0PZY3QE,asa_aDQ0PZY3QE_mls_blended,Pep Biel,pep biel,1996-09-05,Spain,W,NA,29.81793292265571,mls,NPqxKXZ59d,W,asa_live,TRUE,NA,mlspa_via_asa,1639,3015563,2203,3015563,TRUE,0.7007268063274904,0.2992731936725096,blended,2025+2026 season to date,2298.2988456605385,0.20193894194185436,0.053830373754783056,0.02408589107666739,0.09488980221886396,0.00480674706670157,0.023790403579246066,5.357242455922633e-4,2026,3015563,Charlotte FC,0.20277985605674193,1,0.20211302629126088,0.2155872280507487,0.05741906534022961,69.43231441048034,0.02569161714924808,76.85589519650655,0.10121578903661789,65.50218340611353,0.005127196871308566,40.61135371179039,0.02537643048532215,27.94759825327511,5.714391953162717e-4,44.97816593886463,53.275109170305676,3015563,91.07981220657277,95.38968166849615,520000,-37.80470303626709,TRUE,FALSE,25,High,14,86,Below Expected Value by Current Model,Wingers and attacking midfielders,1.1.0,2026-08-01 14:43:31 UTC,73,73,329,Performance data through: 2026-08-01 (updates every day) · MLSPA compensation as of: 2026-04-16,FALSE,2026-08-01 14:43:25 UTC
aDQ0PjypQE,asa_aDQ0PjypQE_mls_blended,Timo Baumgartl,timo baumgartl,1996-03-04,Germany,CB,NA,30.324435318275153,mls,wvq9B9wQWn,CB,asa_live,TRUE,NA,mlspa_via_asa,1722,693333,1998,693333,TRUE,0.7109826589595376,0.2890173410404624,blended,2025+2026 season to date,2299.456647398844,0.15514510009596713,0.006529872564554641,0.05962027882548114,0.015578298777720738,0.003218306663393366,0.07671699362450807,-0.006518650359690818,2026,693333,St. Louis City SC,0.13407640205361335,1,0.15078524224578926,0.16083759173386805,0.006965197402409279,40.83769633507853,0.06359496408250055,69.10994764397905,0.016616852030088062,52.35602094240838,0.0034328604410602008,52.87958115183246,0.08183145986869918,58.638743455497384,-0.006953227050554161,38.21989528795812,67.01570680628272,693333,64.64088397790056,66.73984632272229,501667,2.3748228283821646,TRUE,FALSE,57.7319587628866,High,14,86,Fair Value,Center backs,1.1.0,2026-08-01 14:43:31 UTC,42,42,187,Performance data through: 2026-08-01 (updates every day) · MLSPA compensation as of: 2026-04-16,FALSE,2026-08-01 14:43:25 UTC
aDQ0PkRRQE,asa_aDQ0PkRRQE_mls_blended,Eduard Atuesta,eduard atuesta,1997-06-18,Colombia,CM,NA,29.034907597535938,mls,jYQJ8EW5GR,CM,asa_live,TRUE,NA,mlspa_via_asa,851,825250,2651,825250,TRUE,0.5486782720825274,0.4513217279174726,blended,2025+2026 season to date,2047.4539007092199,0.19559539810895782,0.02112882843377959,0.06100925748248717,0.027848598426782487,0.009311789938032942,0.07841227243907084,-0.0021153486111952194,2026,825250,Orlando City SC,0.13644825463003651,1,0.18219071292148548,0.19433676045565754,0.022537416996735858,69.33962264150944,0.06507654131668662,84.43396226415095,0.02970517165616294,59.905660377358494,0.009932575934212198,64.62264150943396,0.083639757270955975,81.13207547169812,-0.002256371852012079,43.867924528301884,91.50943396226415,825250,77.27272727272727,75.74094401756312,535541.5,14.236706689536888,TRUE,FALSE,70.58823529411765,Medium,29.75,70.25,Undervalued,Central and defensive midfielders,1.1.0,2026-08-01 14:43:31 UTC,31,31,132,Performance data through: 2026-08-01 (updates every day) · MLSPA compensation as of: 2026-04-16,FALSE,2026-08-01 14:43:25 UTC
aDQ0PnvBQE,asa_aDQ0PnvBQE_mls_blended,Djordje Mihailovic,djordje mihailovic,1998-11-10,USA,W,NA,27.638603696098563,mls,kRQabn8MKZ,W,asa_live,TRUE,NA,mlspa_via_asa,595,2828204,3263,2828204,TRUE,0.4594594594594595,0.5405405405405406,blended,2025+2026 season to date,2358.783783783784,0.2438455058885338,0.04451496396356955,0.046335327771184334,0.08248253034786901,0.03105373315174112,0.028851368508739025,0.010607582145430748,2026,2828204,Toronto FC,0.20277985605674193,1,0.23551796602769087,0.25121916377072084,0.04748262822929135,49.78165938864629,0.049424349624141134,86.8995633187773,0.08798136570714303,50.21834061135371,0.033123982029558983,65.50218340611353,0.030774793076950007,34.49781659388646,0.011314754288813051,75.10917030567686,76.41921397379913,2828204,90.61032863849765,94.95060373216246,520000,-14.191114664698517,TRUE,FALSE,42.708333333333336,Medium,29.75,70.25,Fair Value,Wingers and attacking midfielders,1.1.0,2026-08-01 14:43:31 UTC,56,56,252,Performance data through: 2026-08-01 (updates every day) · MLSPA compensation as of: 2026-04-16,FALSE,2026-08-01 14:43:25 UTC
aDQ0PwNpQE,asa_aDQ0PwNpQE_mls_blended,Chidozie Awaziem,chidozie awaziem,1997-01-01,Nigeria,CB,NA,28.49555099247091,mls,pzeQZ6xQKw,CB,asa_live,TRUE,NA,mlspa_via_asa,0,NA,1990,1397675,TRUE,0,1,blended,2025+2026 season to date,1990,0.16421608040201002,0.00876482412060301,0.027,0.04364773869346733,0.00657135678391959,0.07967939698492463,-0.00144723618090452,2026,1397675,Colorado Rapids,0.13407640205361335,1,0.1572339155336556,0.16771617657447377,0.00934914572893537,56.02094240837696,0.028800000000899998,18.848167539267017,0.04655758794115341,90.05235602094241,0.0070094472363999415,66.49214659685863,0.08499135678657559,62.82722513089005,-0.0015437185930130626,63.87434554973822,73.29842931937172,1397675,96.13259668508287,88.4742041712404,501667,-22.834167365711153,FALSE,FALSE,NA,Low,41,59,Insufficient Evidence,Center backs,1.1.0,2026-08-01 14:43:31 UTC,NA,NA,NA,Performance data through: 2026-08-01 (updates every day) · MLSPA compensation as of: 2026-04-16,FALSE,2026-08-01 14:43:25 UTC
aDQ0aG9pME,asa_aDQ0aG9pME_mls_blended,Aleksey Miranchuk,aleksey miranchuk,1995-10-17,Russia,W,NA,30.704996577686515,mls,KAqBN0Vqbg,W,asa_live,TRUE,NA,mlspa_via_asa,1461,5085441,3075,5085441,TRUE,0.6760758907913004,0.32392410920869963,blended,2025+2026 season to date,2457.0666358167514,0.24416087854538884,0.049291136668886355,0.031027471473233932,0.10532004153451993,0.016124310109366706,0.04343649620207446,-0.0010385774426925193,2026,5085441,Atlanta United FC,0.20277985605674193,1,0.2360391669666176,0.2517751114389267,0.052577212448455146,59.38864628820961,0.03309596957248378,82.09606986899563,0.11234137764033193,69.86899563318778,0.017199264117195297,52.838427947598255,0.046332262616993976,65.93886462882097,-0.0011078159389066398,25.76419213973799,76.85589519650655,5085441,97.1830985915493,98.35345773874863,520000,-20.327203395042744,TRUE,FALSE,37.5,High,20.75,79.25,Below Expected Value by Current Model,Wingers and attacking midfielders,1.1.0,2026-08-01 14:43:31 UTC,61,61,275,Performance data through: 2026-08-01 (updates every day) · MLSPA compensation as of: 2026-04-16,FALSE,2026-08-01 14:43:25 UTC
aDQ0aNE3ME,asa_aDQ0aNE3ME_mls_blended,Michael Boxall,michael boxall,1988-08-18,New Zealand,CB,NA,37.86721423682409,mls,kRQand1MKZ,CB,asa_live,TRUE,NA,mlspa_via_asa,648,927500,3372,927500,TRUE,0.4807121661721068,0.5192878338278932,blended,2025+2026 season to date,2399.038575667656,0.12639384563396938,0.0028745630801398146,0.05818628890038755,0.00938130035798388,0.0013921217145210511,0.08239995459201453,-0.02784038301107743,2026,927500,Minnesota United FC,0.13407640205361335,1,0.12793084948886652,0.13645957279238866,0.003066200618911621,18.848167539267017,0.062065374829019596,66.49214659685863,0.010006720382162182,34.031413612565444,0.0014849298288688586,43.97905759162304,0.0878932849008955,65.44502617801047,-0.02969640854607727,8.900523560209423,34.031413612565444,927500,82.87292817679558,80.46103183315039,501667,-48.84151456423014,TRUE,FALSE,12.371134020618557,Medium,29.75,70.25,Below Expected Value by Current Model,Center backs,1.1.0,2026-08-01 14:43:31 UTC,86,86,384,Performance data through: 2026-08-01 (updates every day) · MLSPA compensation as of: 2026-04-16,FALSE,2026-08-01 14:43:25 UTC
aDQ0aVkWME,asa_aDQ0aVkWME_mls_blended,Jamal Thiaré,jamal thiare,1993-03-31,Senegal,FW,NA,33.25119780971937,mls,mvzqoLZQap,FW,asa_live,TRUE,NA,mlspa_via_asa,376,530000,1185,530000,TRUE,0.34944237918215615,0.6505576208178439,blended,2025+2026 season to date,1146.910780669145,0.27185528916286295,0.0520837254717425,-0.06448711825325867,0.27847911862971153,-0.06812742929744484,0.0220284927768105,0.051878499835301864,2026,530000,Columbus Crew,0.21108432719581333,1,0.2509826850300617,0.26771486404043193,0.055555973838261455,41.13475177304964,-0.06878625947229215,26.24113475177305,0.29704439321430826,87.94326241134752,-0.0726692579195454,19.858156028368793,0.023497058962665483,39.00709219858156,0.05533706649271794,97.87234042553192,75.88652482269504,530000,50,54.665203073545555,535000,25.886524822695037,FALSE,TRUE,NA,Low,41,59,Small-Sample Watchlist,Strikers,1.1.0,2026-08-01 14:43:31 UTC,NA,NA,NA,Performance data through: 2026-08-01 (updates every day) · MLSPA compensation as of: 2026-04-16,FALSE,2026-08-01 14:43:25 UTC
aDQ0aVwlME,asa_aDQ0aVwlME_mls_blended,Rob Holding,rob holding,1995-09-20,England,CB,NA,30.77891854893908,mls,pzeQZ6xQKw,CB,asa_live,TRUE,NA,mlspa_via_asa,1192,1200000,587,1200000,TRUE,0.6300211416490487,0.36997885835095135,blended,2025+2026 season to date,1409.1775898520084,0.2142783044181364,0.007484057323762561,0.0702534665821481,0.03250028813150322,0.01929629192763578,0.08905730485393533,-0.004313104400848539,2026,1200000,Colorado Rapids,0.13407640205361335,1,0.19032763840346203,0.20301614763670375,0.007982994478929533,46.07329842931937,0.07493703102329975,83.7696335078534,0.03466697400802011,81.15183246073299,0.020582711390121376,92.67015706806282,0.09499445851383292,73.82198952879581,-0.0046006446943822115,48.167539267015705,92.67015706806282,1200000,91.16022099447514,85.94950603732163,501667,1.5099360735876814,TRUE,FALSE,53.608247422680414,High,20.75,79.25,Fair Value,Center backs,1.1.0,2026-08-01 14:43:31 UTC,46,46,205,Performance data through: 2026-08-01 (updates every day) · MLSPA compensation as of: 2026-04-16,FALSE,2026-08-01 14:43:25 UTC
aDQ0ao1PME,asa_aDQ0ao1PME_mls_blended,Sam Adekugbe,sam adekugbe,1995-01-16,England,FB,NA,31.45516769336071,mls,lgpMOvnQzy,FB,asa_live,TRUE,NA,mlspa_via_asa,6,1388000,325,1388000,TRUE,0.15,0.85,blended,2025+2026 season to date,282.25,0.14420005540961536,0.050111286178846144,-0.028044,0.06578169230769229,-0.006520153846153846,0.0013887692307692277,0.06148246153846154,2026,1388000,Vancouver Whitecaps FC,0.11638469243644946,1,0.12528340164492333,0.13363562842542767,0.0534520385924396,95.36082474226804,-0.0299136000009348,9.278350515463918,0.07016713846373117,90.20618556701031,-0.006954830769448107,22.68041237113402,0.0014813538462001353,10.824742268041238,0.06558129230974173,100,62.88659793814433,1388000,98.91891891891892,88.14489571899011,343925,-36.03232098077459,FALSE,TRUE,NA,Low,41,59,Small-Sample Watchlist,Fullbacks and wingbacks,1.1.0,2026-08-01 14:43:31 UTC,NA,NA,NA,Performance data through: 2026-08-01 (updates every day) · MLSPA compensation as of: 2026-04-16,FALSE,2026-08-01 14:43:25 UTC
aDQ0l7kWQE,asa_aDQ0l7kWQE_mls_blended,Mitja Ilenič,mitja ilenic,2004-12-26,Slovenia,FB,NA,21.51129363449692,mls,Vj58weDM8n,FB,asa_live,TRUE,NA,mlspa_via_asa,14,391700,1254,391700,TRUE,0.15,0.85,blended,2025+2026 season to date,1079.8999999999999,0.12149601190032466,0.017236681756783997,0.032195146958304846,0.0621055878332194,-0.0039016917293233084,0.013042822966507175,8.17464114832536e-4,2026,391700,New York City FC,0.11638469243644946,1,0.11967043199775598,0.1276484608015954,0.018385793874477484,66.49484536082474,0.034341490089931676,71.1340206185567,0.06624596035750421,86.5979381443299,-0.004161804511408252,29.38144329896907,0.013912344498042415,13.917525773195877,8.719617225152872e-4,68.04123711340206,55.670103092783506,391700,55.13513513513514,43.468715697036224,343925,0.5349679576483695,FALSE,TRUE,NA,Low,41,59,Small-Sample Watchlist,Fullbacks and wingbacks,1.1.0,2026-08-01 14:43:31 UTC,NA,NA,NA,Performance data through: 2026-08-01 (updates every day) · MLSPA compensation as of: 2026-04-16,FALSE,2026-08-01 14:43:25 UTC
aDQ0l9bRQE,asa_aDQ0l9bRQE_mls_blended,Kyle Hiebert,kyle hiebert,1997-07-30,Canada,CB,NA,27.920602327173167,mls,wvq9B9wQWn,CB,asa_live,TRUE,NA,mlspa_via_asa,0,NA,1884,269000,TRUE,0,1,blended,2025+2026 season to date,1884,0.17515127388535032,0.00853184713375796,0.02969426751592356,0.01177547770700637,0.0045764331210191,0.12053980891719744,3.343949044585987e-5,2026,269000,St. Louis City SC,0.13407640205361335,1,0.1652298072593269,0.1762451277487897,0.009100636942959553,55.49738219895288,0.03167388535130827,23.036649214659686,0.012560509554532643,39.26701570680628,0.004881528662572921,60.73298429319372,0.12857579618236192,88.48167539267016,3.566878981003185e-5,80.6282722513089,79.58115183246073,269000,30.939226519337016,34.13830954994511,501667,48.64192531312372,FALSE,FALSE,NA,Low,41,59,Insufficient Evidence,Center backs,1.1.0,2026-08-01 14:43:31 UTC,NA,NA,NA,Performance data through: 2026-08-01 (updates every day) · MLSPA compensation as of: 2026-04-16,FALSE,2026-08-01 14:43:25 UTC
aDQ0lA2lQE,asa_aDQ0lA2lQE_mls_blended,Joshua Torquato,joshua torquato,2007-07-24,USA,FB,NA,17.93839835728953,mls,mKAqBBmqbg,FB,asa_live,TRUE,NA,mlspa_via_asa,0,NA,300,88622,TRUE,0,1,blended,2025+2026 season to date,300,-0.014489999999999998,0,-0.02355,0.00798,0.02822999999999999,-0.01368,-0.013469999999999998,2026,88622,FC Dallas,0.11638469243644946,1,0.07275979495763298,0.07761044795723383,0,6.443298969072165,-0.025120000000785,10.309278350515465,0.008512000000266,15.463917525773196,0.03011200000094099,90.72164948453609,-0.014592000000455999,5.670103092783505,-0.014368000000448997,13.917525773195877,7.731958762886598,88622,5.405405405405405,6.147091108671789,343925,2.3265533574811927,FALSE,FALSE,NA,Low,41,59,Insufficient Evidence,Fullbacks and wingbacks,1.1.0,2026-08-01 14:43:31 UTC,NA,NA,NA,Performance data through: 2026-08-01 (updates every day) · MLSPA compensation as of: 2026-04-16,FALSE,2026-08-01 14:43:25 UTC
aDQ0lp9pQE,asa_aDQ0lp9pQE_mls_blended,David Vazquez,david vazquez,2006-02-22,USA,CM,NA,20.35318275154004,mls,zeQZBOzQKw,CM,asa_live,TRUE,NA,mlspa_via_asa,845,155880,228,155880,TRUE,0.5469255663430421,0.4530744336569579,blended,2025+2026 season to date,948.3009708737864,0.1234400613183444,0.034569545222278994,-0.060927848748083796,0.10858906489524785,-0.019816044966785896,0.024880940214614206,0.036144404701073066,2026,155880,San Diego FC,0.13644825463003651,1,0.12848101661956762,0.1370464177318215,0.036874181571583245,86.32075471698113,-0.06498970533332031,4.245283018867925,0.115828335891884,99.05660377358491,-0.021137114631898823,8.49056603773585,0.02653966956308452,11.320754716981131,0.038554031682349416,99.05660377358491,39.15094339622642,155880,22.727272727272727,25.79582875960483,535541.5,16.42367066895369,TRUE,FALSE,73.52941176470588,Medium,29.75,70.25,Fair Value,Central and defensive midfielders,1.1.0,2026-08-01 14:43:31 UTC,28,28,118,Performance data through: 2026-08-01 (updates every day) · MLSPA compensation as of: 2026-04-16,FALSE,2026-08-01 14:43:25 UTC
aDQ0lryRQE,asa_aDQ0lryRQE_mls_blended,Mihail Gherasimencov,mihail gherasimencov,2005-03-25,USA,FB,NA,21.267624914442163,mls,lgpMOvnQzy,FB,asa_live,TRUE,NA,mlspa_via_asa,344,97748,0,NA,FALSE,1,0,blended,2025+2026 season to date,344,0.02038081395348837,0.01109302325581395,-0.00748255813953488,0.00865988372093023,0.00319186046511627,0.01072674418604651,-0.00580813953488372,2026,97748,Vancouver Whitecaps FC,0.11638469243644946,1,0.08140022824350601,0.08682691012911975,0.011832558139904647,47.93814432989691,-0.007981395349086623,23.195876288659793,0.009237209302614242,16.49484536082474,0.0034046511628970833,48.45360824742268,0.011441860465473835,12.88659793814433,-0.006195348837402906,27.31958762886598,10.824742268041238,97748,9.72972972972973,10.098792535675083,343925,1.095012538311508,FALSE,TRUE,NA,Low,49,51,Small-Sample Watchlist,Fullbacks and wingbacks,1.1.0,2026-08-01 14:43:31 UTC,NA,NA,NA,Performance data through: 2026-08-01 (updates every day) · MLSPA compensation as of: 2026-04-16,FALSE,2026-08-01 14:43:25 UTC
aDQ0x9bpQE,asa_aDQ0x9bpQE_mls_blended,Rayan Elloumi,rayan elloumi,2007-09-17,Canada,FW,NA,18.78713210130048,mls,lgpMOvnQzy,FW,asa_live,TRUE,NA,mlspa_via_asa,182,103671,346,103671,TRUE,0.20634920634920634,0.7936507936507937,blended,2025+2026 season to date,456.60317460317464,0.16221499351185562,0.059450631119499824,-0.09077615901852071,0.16390220596909286,-0.006489913884628995,0.03271269316975345,0.003415536156659195,2026,103671,Vancouver Whitecaps FC,0.21108432719581333,1,0.18996580944271524,0.20263019674522845,0.06341400652944816,53.191489361702125,-0.09682790295611463,8.51063829787234,0.17482901970582912,46.09929078014184,-0.006922574810487258,67.37588652482269,0.03489353938216077,63.829787234042556,0.0036432385672169926,50.354609929078016,32.6241134751773,103671,14.925373134328359,12.074643249176729,535000,17.698740340848943,FALSE,TRUE,NA,Low,41,59,Small-Sample Watchlist,Strikers,1.1.0,2026-08-01 14:43:31 UTC,NA,NA,NA,Performance data through: 2026-08-01 (updates every day) · MLSPA compensation as of: 2026-04-16,FALSE,2026-08-01 14:43:25 UTC
e7Mz0EpXqr,asa_e7Mz0EpXqr_mls_blended,Kaick,kaick,2005-11-29,Brazil,CM,NA,20.58590006844627,mls,mKAqBBmqbg,CM,asa_live,TRUE,NA,mlspa_via_asa,1466,251900,2017,251900,TRUE,0.6768236380424746,0.3231763619575254,blended,2025+2026 season to date,2117.8467220683287,0.10091591829559549,0.015303781431241645,-0.008907969242051974,0.031167777492422437,0.01010607275828587,0.05672536212278734,-0.0034791062670898446,2026,251900,FC Dallas,0.13644825463003651,1,0.10876014351534598,0.1160108197533277,0.01632403352716788,52.35849056603774,-0.009501833858485704,19.81132075471698,0.03324562932628952,64.62264150943396,0.010779810942508464,66.98113207547169,0.06050705293286401,49.056603773584904,-0.0037110466850118046,36.320754716981135,21.22641509433962,251900,31.818181818181817,33.04061470911087,535541.5,-10.591766723842195,TRUE,FALSE,47.05882352941177,High,20.75,79.25,Fair Value,Central and defensive midfielders,1.1.0,2026-08-01 14:43:31 UTC,55,55,233,Performance data through: 2026-08-01 (updates every day) · MLSPA compensation as of: 2026-04-16,FALSE,2026-08-01 14:43:25 UTC
e7Mz913GQr,asa_e7Mz913GQr_mls_blended,Aaron Long,aaron long,1992-10-12,USA,CB,NA,33.71663244353183,mls,eVq3ya6MWO,CB,asa_live,TRUE,NA,mlspa_via_asa,479,1050000,1422,1050000,TRUE,0.40627650551314676,0.5937234944868532,blended,2025+2026 season to date,1323.2748091603053,0.21791459185535908,0.007326601604019708,0.09640124112904092,0.0017104604846415639,5.842647169345376e-4,0.11526379360324669,-0.0033717696825243423,2026,1050000,Los Angeles FC,0.13407640205361335,1,0.19175976798855582,0.2045437525275182,0.007815041711198576,45.026178010471206,0.10282799054085702,97.38219895287958,0.0018244911836746835,14.136125654450261,6.232156980829823e-4,40.83769633507853,0.12294804651397193,85.34031413612566,-0.0035965543281383573,52.35602094240838,93.19371727748691,1050000,87.29281767955801,83.205268935236,501667,5.900899597928898,TRUE,FALSE,64.94845360824742,Medium,29.75,70.25,Undervalued,Center backs,1.1.0,2026-08-01 14:43:31 UTC,35,35,155,Performance data through: 2026-08-01 (updates every day) · MLSPA compensation as of: 2026-04-16,FALSE,2026-08-01 14:43:25 UTC
e7Mz9GBOQr,asa_e7Mz9GBOQr_mls_blended,Mikael Uhre,mikael uhre,1994-09-30,Denmark,FW,NA,30.751540041067763,mls,9z5k7Yg5A3,FW,asa_live,TRUE,NA,mlspa_via_asa,0,NA,1562,2240000,TRUE,0,1,blended,2025+2026 season to date,1562,0.2545640204865557,0.07693790012804097,-0.07640204865556978,0.2027131882202305,-0.00218950064020486,0.03458258642765684,0.01892189500640205,2026,2240000,Philadelphia Union,0.21108432719581333,1,0.2424975006093839,0.25866400065809275,0.08206709347247497,73.75886524822695,-0.08149551856848783,14.184397163120567,0.21622740077500296,62.4113475177305,-0.0023354673496248342,70.2127659574468,0.03688809219065338,67.37588652482269,0.02018335467412625,82.97872340425532,72.34042553191489,2240000,80.59701492537313,93.30406147091108,535000,-8.256589393458242,FALSE,FALSE,NA,Low,41,59,Insufficient Evidence,Strikers,1.1.0,2026-08-01 14:43:31 UTC,NA,NA,NA,Performance data through: 2026-08-01 (updates every day) · MLSPA compensation as of: 2026-04-16,FALSE,2026-08-01 14:43:25 UTC
e7Mz9NpeQr,asa_e7Mz9NpeQr_mls_blended,Harry Toffolo,harry toffolo,1995-08-19,England,FB,NA,30.86652977412731,mls,NPqxKXZ59d,FB,asa_live,TRUE,NA,mlspa_via_asa,1062,1020000,435,1020000,TRUE,0.6027241770715096,0.3972758229284904,blended,2025+2026 season to date,1234.8149829738934,0.09516889115033857,0.010264511331167556,0.028690574973580178,0.027235664800970675,-8.228893498767049e-4,0.03266499667305961,-0.002863967278562757,2026,1020000,Charlotte FC,0.11638469243644946,1,0.10210663740257073,0.10891374656614566,0.010948812086920875,44.329896907216494,0.030603279972775208,67.01030927835052,0.029051375788609907,54.63917525773196,-8.777486398959148e-4,37.628865979381445,0.03484266311901908,25.77319587628866,-0.0030548984305624064,40.20618556701031,29.896907216494846,1020000,96.21621621621621,82.7113062568606,343925,-66.31930899972136,TRUE,FALSE,7.317073170731708,High,20.75,79.25,Below Expected Value by Current Model,Fullbacks and wingbacks,1.1.0,2026-08-01 14:43:31 UTC,77,77,405,Performance data through: 2026-08-01 (updates every day) · MLSPA compensation as of: 2026-04-16,FALSE,2026-08-01 14:43:25 UTC
e7Mz9PWjQr,asa_e7Mz9PWjQr_mls_blended,Keegan Rosenberry,keegan rosenberry,1993-12-11,USA,FB,NA,32.55304585900068,mls,pzeQZ6xQKw,FB,asa_live,TRUE,NA,mlspa_via_asa,507,300000,1204,300000,TRUE,0.420049710024855,0.579950289975145,blended,2025+2026 season to date,1205.2601491300745,0.11721970674938825,0.007583090884568696,0.034690950078033175,0.029269378239340282,-0.0020411745438430823,0.049142001117512185,-0.0014245390262229984,2026,300000,Colorado Rapids,0.11638469243644946,1,0.11694217966388498,0.12473832497870872,0.0080886302771260455,34.02061855670103,0.037003680084391755,75.77319587628865,0.031220670122938613,58.76288659793814,-0.0021772528468339937,32.98969072164948,0.0524181345269844,46.391752577319586,-0.0015195082946853496,46.391752577319586,51.03092783505155,300000,44.32432432432432,36.004390779363334,343925,6.706603510727227,TRUE,FALSE,73.17073170731707,Medium,29.75,70.25,Fair Value,Fullbacks and wingbacks,1.1.0,2026-08-01 14:43:31 UTC,23,23,120,Performance data through: 2026-08-01 (updates every day) · MLSPA compensation as of: 2026-04-16,FALSE,2026-08-01 14:43:25 UTC
e7Mz9eaOQr,asa_e7Mz9eaOQr_mls_blended,Rodrigo de Paul,rodrigo de paul,1994-05-24,Argentina,CM,NA,32.10403832991102,mls,zeQZkL1MKw,CM,asa_live,TRUE,NA,mlspa_via_asa,1345,9688320,1593,9688320,TRUE,0.6577017114914425,0.3422982885085575,blended,2025+2026 season to date,1890.281173594132,0.3096306134571022,0.03127057035901261,0.08849739615708702,0.060454060475460335,0.05606424378047601,0.06315984970922604,0.010184492975840197,2026,9688320,Inter Miami CF,0.13644825463003651,1,0.26790463632727035,0.28576494542468517,0.0333552750506558,84.43396226415095,0.09439722257050939,91.50943396226415,0.06448433117583949,89.15094339622641,0.05980186003437655,95.28301886792453,0.06737050635861311,61.320754716981135,0.010863459174569027,92.45283018867924,99.52830188679245,9688320,100,99.67069154774973,535541.5,-0.47169811320755173,TRUE,FALSE,53.92156862745098,High,20.75,79.25,Fair Value,Central and defensive midfielders,1.1.0,2026-08-01 14:43:31 UTC,48,48,203,Performance data through: 2026-08-01 (updates every day) · MLSPA compensation as of: 2026-04-16,FALSE,2026-08-01 14:43:25 UTC
e7MzAxyGQr,asa_e7MzAxyGQr_mls_blended,Henry Kessler,henry kessler,1998-06-25,USA,CB,NA,28.01642710472279,mls,NPqxKXZ59d,CB,asa_live,TRUE,NA,mlspa_via_asa,100,965525,1551,965525,TRUE,0.15,0.85,blended,2025+2026 season to date,1418.35,0.21269834622823983,0.00435029013539651,0.025482211798839458,0.017445530947775626,0.0015296054158607348,0.16332868085106383,5.620270793036751e-4,2026,965525,Charlotte FC,0.13407640205361335,1,0.18932620239551712,0.20194794922819578,0.004640309477901287,25.130890052356023,0.027181025919611496,17.277486910994764,0.018608566344875517,57.59162303664922,0.0016315791103024373,45.54973821989529,0.17421725957991238,95.28795811518324,5.994955512759877e-4,83.7696335078534,91.09947643979058,965525,83.42541436464089,81.55872667398464,501667,7.674062075149692,FALSE,TRUE,NA,Low,41,59,Small-Sample Watchlist,Center backs,1.1.0,2026-08-01 14:43:31 UTC,NA,NA,NA,Performance data through: 2026-08-01 (updates every day) · MLSPA compensation as of: 2026-04-16,FALSE,2026-08-01 14:43:25 UTC
e7MzJPvGMr,asa_e7MzJPvGMr_mls_blended,Julián Aude,julian aude,2003-03-24,Argentina,FB,NA,23.27173169062286,mls,kaDQ0wRqEv,FB,asa_live,TRUE,NA,mlspa_via_asa,712,385000,1394,385000,TRUE,0.5042492917847026,0.49575070821529743,blended,2025+2026 season to date,1403.0764872521245,0.13703196926528505,0.003863228079872862,0.02341406107112229,0.008748160875626416,0.020612098186887553,0.07865397941806447,0.0017404416337114567,2026,385000,LA Galaxy,0.11638469243644946,1,0.1308472997451031,0.13957045306580487,0.004120776618659827,22.68041237113402,0.024974998476644243,58.76288659793814,0.009331371600959783,17.010309278350515,0.02198623806670046,83.50515463917526,0.08389757804855723,85.05154639175258,0.001856471076016902,74.22680412371135,69.0721649484536,385000,54.5945945945946,42.9198682766191,343925,14.477570353859008,TRUE,FALSE,79.26829268292683,Medium,29.75,70.25,Undervalued,Fullbacks and wingbacks,1.1.0,2026-08-01 14:43:31 UTC,18,18,94,Performance data through: 2026-08-01 (updates every day) · MLSPA compensation as of: 2026-04-16,FALSE,2026-08-01 14:43:25 UTC
e7MzJV2GMr,asa_e7MzJV2GMr_mls_blended,Nicolás Fernández,nicolas fernandez,2000-01-11,Argentina,FW,NA,26.469541409993155,mls,Vj58weDM8n,FW,asa_live,TRUE,NA,mlspa_via_asa,1759,3650000,1462,3650000,TRUE,0.7153314355429036,0.28466856445709643,blended,2025+2026 season to date,2175.185441236275,0.2623671467887305,0.058838166727769065,0.029008962859569998,0.07158068437282514,0.03905449814717871,0.037161394336336154,0.026723440345051454,2026,3650000,New York City FC,0.21108432719581333,1,0.25127971050481746,0.2680316912135146,0.06276071117824827,51.06382978723404,0.03094289371784163,94.32624113475177,0.07635273000006616,10.638297872340425,0.04165813135829244,92.19858156028369,0.03963882062666394,75.177304964539,0.02850500303561233,90.0709219858156,76.59574468085107,3650000,91.04477611940298,96.4873765093304,535000,-14.449031438551913,TRUE,FALSE,43.10344827586207,High,14,86,Fair Value,Strikers,1.1.0,2026-08-01 14:43:31 UTC,34,34,251,Performance data through: 2026-08-01 (updates every day) · MLSPA compensation as of: 2026-04-16,FALSE,2026-08-01 14:43:25 UTC
e7MzJVJ7Mr,asa_e7MzJVJ7Mr_mls_blended,Ted Ku-Dipietro,ted kudipietro,2002-01-28,USA,W,NA,24.421629021218344,mls,pzeQZ6xQKw,W,asa_live,TRUE,NA,mlspa_via_asa,121,556000,1274,556000,TRUE,0.15,0.85,blended,2025+2026 season to date,1203.8999999999999,0.24324962310416856,0.051120013428130315,-0.0028453711872543103,0.11555630376117389,0.014656967707617053,0.04940431581405606,0.015357393580445524,2026,556000,Colorado Rapids,0.20277985605674193,1,0.2297888657293385,0.24510812345228736,0.054528014325043,63.75545851528384,-0.0030350625998327766,50.65502183406114,0.12326005734910402,76.85589519650655,0.01563409888861342,50.65502183406114,0.052697936869973275,74.67248908296943,0.016381219819653806,85.1528384279476,74.23580786026201,556000,53.990610328638496,57.29967069154775,520000,20.245197531623518,FALSE,TRUE,NA,Low,41,59,Small-Sample Watchlist,Wingers and attacking midfielders,1.1.0,2026-08-01 14:43:31 UTC,NA,NA,NA,Performance data through: 2026-08-01 (updates every day) · MLSPA compensation as of: 2026-04-16,FALSE,2026-08-01 14:43:25 UTC
e7MzJWAPMr,asa_e7MzJWAPMr_mls_blended,Tristan Brown,tristan brown,2007-10-17,USA,FB,NA,17.7056810403833,mls,mvzqoLZQap,FB,asa_live,TRUE,NA,mlspa_via_asa,0,NA,76,84986,TRUE,0,1,blended,2025+2026 season to date,76,-0.04073684210526316,0.04239473684210526,-0.06927631578947369,0.028421052631578944,-0.02924999999999999,-0.01196052631578947,-0.00106578947368421,2026,84986,Columbus Crew,0.11638469243644946,1,0.09872014121578354,0.10530148396679312,0.04522105263299211,92.26804123711341,-0.07389473684441447,2.577319587628866,0.030315789474631576,56.70103092783505,-0.03120000000097499,8.762886597938145,-0.012757894737240786,6.185567010309279,-0.0011368421052986837,48.45360824742268,27.835051546391753,84986,2.7027027027027026,2.4149286498353457,343925,25.13234884368905,FALSE,FALSE,NA,Low,41,59,Insufficient Evidence,Fullbacks and wingbacks,1.1.0,2026-08-01 14:43:31 UTC,NA,NA,NA,Performance data through: 2026-08-01 (updates every day) · MLSPA compensation as of: 2026-04-16,FALSE,2026-08-01 14:43:25 UTC
e7MzZ63OMr,asa_e7MzZ63OMr_mls_blended,Bernard Kamungo,bernard kamungo,2002-01-01,Tanzania,FB,NA,24.49555099247091,mls,mKAqBBmqbg,FB,asa_live,TRUE,NA,mlspa_via_asa,668,281000,1997,281000,TRUE,0.48830409356725146,0.5116959064327485,blended,2025+2026 season to date,1689.8567251461989,0.17150252352212525,0.02833713728487467,-0.011977077458292698,0.05011211224731834,0.03669634056347679,0.04796088540705795,0.020373125477690216,2026,281000,FC Dallas,0.11638469243644946,1,0.15706026681311913,0.1675309512725624,0.030226279771477554,86.08247422680412,-0.01277554928924478,19.072164948453608,0.0534529197321433,80.41237113402062,0.039142763268931784,93.29896907216495,0.05115827776912718,45.36082474226804,0.021731333843548667,98.96907216494846,88.14432989690722,281000,42.16216216216216,34.90669593852909,343925,45.98216773474506,TRUE,FALSE,93.90243902439025,Medium,29.75,70.25,Elite Value,Fullbacks and wingbacks,1.1.0,2026-08-01 14:43:31 UTC,6,6,29,Performance data through: 2026-08-01 (updates every day) · MLSPA compensation as of: 2026-04-16,FALSE,2026-08-01 14:43:25 UTC
e7MzZNxJMr,asa_e7MzZNxJMr_mls_blended,Preston Plambeck,preston plambeck,2005-12-20,USA,CM,NA,20.528405201916495,mls,zeQZkL1MKw,CM,asa_live,FALSE,NA,NA,118,NA,0,NA,FALSE,1,0,blended,2025+2026 season to date,118,0.3842542372881356,0.07466949152542372,0.15345762711864408,0.02349152542372881,0.05293220338983051,0.07970338983050847,0,2026,NA,Inter Miami CF,0.13644825463003651,1,0.17717402893874917,0.1889856308739049,0.07964745762960762,97.16981132075472,0.16368813559833562,99.05660377358491,0.025057627119427116,51.41509433962264,0.05646101695091695,94.81132075471699,0.08501694915519914,82.54716981132076,0,60.613207547169814,88.67924528301887,NA,NA,NA,535541.5,NA,FALSE,FALSE,NA,Insufficient,49,51,Insufficient Evidence,Central and defensive midfielders,1.1.0,2026-08-01 14:43:31 UTC,NA,NA,NA,Performance data through: 2026-08-01 (updates every day) · MLSPA compensation as of: 2026-04-16,FALSE,2026-08-01 14:43:25 UTC
e7MzZpaXMr,asa_e7MzZpaXMr_mls_blended,Josh Bauer,josh bauer,1998-07-22,USA,FB,NA,27.942505133470227,mls,vzqoOgNqap,FB,asa_live,TRUE,NA,mlspa_via_asa,568,253667,1178,253667,TRUE,0.4479495268138801,0.5520504731861199,blended,2025+2026 season to date,1218.315457413249,0.06571057317915731,0.017710002785022997,0.003924910156229079,0.025085210992271553,-0.016155345369631462,0.03676744120655766,-0.0016216465912925167,2026,253667,Nashville SC,0.11638469243644946,1,0.08243180349726116,0.08792725706649296,0.018890669637948197,68.04123711340206,0.004186570833441848,31.95876288659794,0.026757558392592497,52.06185567010309,-0.01723236839481207,14.948453608247423,0.039218603954887084,31.443298969072163,-0.001729756364099406,45.36082474226804,11.34020618556701,253667,40,33.260153677277714,343925,-28.659793814432987,TRUE,FALSE,25.609756097560975,Medium,29.75,70.25,Below Expected Value by Current Model,Fullbacks and wingbacks,1.1.0,2026-08-01 14:43:31 UTC,62,62,327,Performance data through: 2026-08-01 (updates every day) · MLSPA compensation as of: 2026-04-16,FALSE,2026-08-01 14:43:25 UTC
e7MzZprjMr,asa_e7MzZprjMr_mls_blended,William Agada,william agada,1999-09-17,Nigeria,FW,NA,25.78781656399726,mls,Z2vQ1xlqrA,FW,asa_live,TRUE,NA,mlspa_via_asa,0,NA,1480,546875,TRUE,0,1,blended,2025+2026 season to date,1480,0.13801013513513516,0.06869797297297296,-0.07238310810810811,0.20934729729729729,-0.06705000000000001,0.014466891891891891,-0.015068918918918912,2026,546875,Sporting Kansas City,0.21108432719581333,1,0.15908922899879233,0.16969517760401479,0.07327783784012776,65.95744680851064,-0.07720864865106142,21.98581560283688,0.22330378379076202,65.95744680851064,-0.07152000000223502,21.27659574468085,0.01543135135183358,19.858156028368793,-0.016073513514015803,3.5460992907801416,7.801418439716312,546875,52.23880597014925,55.98243688254665,535000,-44.437387530432936,FALSE,FALSE,NA,Low,41,59,Insufficient Evidence,Strikers,1.1.0,2026-08-01 14:43:31 UTC,NA,NA,NA,Performance data through: 2026-08-01 (updates every day) · MLSPA compensation as of: 2026-04-16,FALSE,2026-08-01 14:43:25 UTC
e7MzzmEeMr,asa_e7MzzmEeMr_mls_blended,Manu Duah,manu duah,2005-06-05,Ghana,CB,NA,21.07049965776865,mls,zeQZBOzQKw,CB,asa_live,TRUE,NA,mlspa_via_asa,1559,92025,1707,92025,TRUE,0.6901283753873395,0.3098716246126605,blended,2025+2026 season to date,2087.9508632138113,0.18216921651414258,0.0024265748954970957,0.08142674760827807,0.002416216796551343,0.006838926660084906,0.09937414022877443,-0.010313389675043232,2026,92025,San Diego FC,0.13407640205361335,1,0.17143401704631575,0.1828629515217846,0.0025883465552777878,17.801047120418847,0.08685519745154417,90.05235602094241,0.0025772979164019726,16.230366492146597,0.007294855104318531,67.01570680628272,0.1059990829140052,81.15183246073299,-0.011000948987056561,29.319371727748692,84.29319371727749,92025,7.734806629834254,8.122941822173436,501667,76.55838708744324,TRUE,FALSE,100,High,14,86,Elite Value,Center backs,1.1.0,2026-08-01 14:43:31 UTC,1,1,3,Performance data through: 2026-08-01 (updates every day) · MLSPA compensation as of: 2026-04-16,FALSE,2026-08-01 14:43:25 UTC
eV5D0G2Z5K,asa_eV5D0G2Z5K_mls_blended,Alvas Powell,alvas powell,1994-07-18,Jamaica,CB,NA,31.953456536618756,mls,NWMWlBK5lz,CB,asa_live,TRUE,NA,mlspa_via_asa,209,325750,1142,325750,TRUE,0.2299229922992299,0.7700770077007701,blended,2025+2026 season to date,1088.4279427942795,0.15497260321478734,0.0074222746267621495,0.03656388826273171,0.005420072480102644,0.0100234086455931,0.0925253593660592,0.00301759983353852,2026,325750,FC Cincinnati,0.13407640205361335,1,0.14754692612254794,0.15738338786896935,0.007917092935460368,45.54973821989529,0.03900148081479928,33.50785340314136,0.005781410645623489,21.98952879581152,0.010691635888966754,80.6282722513089,0.098693716660214,76.43979057591623,0.003218773155875008,93.19371727748691,62.303664921465966,325750,35.91160220994475,38.63885839736553,501667,26.392062711521213,FALSE,TRUE,NA,Low,41,59,Small-Sample Watchlist,Center backs,1.1.0,2026-08-01 14:43:31 UTC,NA,NA,NA,Performance data through: 2026-08-01 (updates every day) · MLSPA compensation as of: 2026-04-16,FALSE,2026-08-01 14:43:25 UTC
eV5D0on95K,asa_eV5D0on95K_mls_blended,Kim Kee-hee,kim keehee,1989-07-13,South Korea,CB,NA,36.96646132785763,mls,jYQJ19EqGR,CB,asa_live,TRUE,NA,mlspa_via_asa,64,113400,1170,113400,TRUE,0.15,0.85,blended,2025+2026 season to date,1058.5,0.11131844951923077,0.005145769230769227,0.06143911057692307,0.004178701923076918,0.008350024038461535,0.03516574519230769,-0.002960901442307691,2026,113400,Seattle Sounders FC,0.13407640205361335,1,0.11955165513914608,0.12752176548574087,0.005488820512992034,29.842931937172775,0.06553505128409924,71.20418848167539,0.004457282051421336,20.94240837696335,0.008906692307970638,73.29842931937172,0.03751012820630039,17.801047120418847,-0.003158294871893567,54.45026178010471,28.79581151832461,113400,12.154696132596685,16.41053787047201,501667,16.64111538572792,FALSE,TRUE,NA,Low,41,59,Small-Sample Watchlist,Center backs,1.1.0,2026-08-01 14:43:31 UTC,NA,NA,NA,Performance data through: 2026-08-01 (updates every day) · MLSPA compensation as of: 2026-04-16,FALSE,2026-08-01 14:43:25 UTC
eV5D21BAQK,asa_eV5D21BAQK_mls_blended,Wyatt Meyer,wyatt meyer,2001-11-12,USA,CB,NA,24.632443531827516,mls,Z2vQ1xlqrA,CB,asa_live,TRUE,NA,mlspa_via_asa,1175,116550,264,116550,TRUE,0.6266666666666667,0.3733333333333333,blended,2025+2026 season to date,1273.56,0.08112392727272727,0.008065163636363632,0.004232945454545455,0.009038836363636359,-0.009589236363636356,0.07032618181818182,-9.499636363636306e-4,2026,116550,Sporting Kansas City,0.13407640205361335,1,0.09808174280493956,0.10462052566187159,0.008602841212390046,50.261780104712045,0.004515141818322917,5.2356020942408374,0.009641425454846744,32.98429319371728,-0.01022851878819842,15.18324607329843,0.07501459394173814,51.832460732984295,-0.0010132945454862047,69.63350785340315,9.424083769633508,116550,14.3646408839779,19.099890230515918,501667,-4.940557114344392,TRUE,FALSE,43.29896907216495,High,20.75,79.25,Fair Value,Center backs,1.1.0,2026-08-01 14:43:31 UTC,56,56,249,Performance data through: 2026-08-01 (updates every day) · MLSPA compensation as of: 2026-04-16,FALSE,2026-08-01 14:43:25 UTC
eV5D2NgaQK,asa_eV5D2NgaQK_mls_blended,Philippe Ndinga Ossibadjouo,philippe ndinga ossibadjouo,2005-06-03,Congo,FB,NA,21.075975359342916,mls,9z5k7Yg5A3,FB,asa_live,TRUE,NA,mlspa_via_asa,272,332250,0,NA,FALSE,1,0,blended,2025+2026 season to date,272,-0.04605882352941175,0.01330147058823529,0.06640808823529411,0.01469117647058823,-0.18886764705882353,0.04341176470588236,0.00499632352941176,2026,332250,Philadelphia Union,0.11638469243644946,1,0.06571423791498816,0.07009518711151118,0.014188235294561024,56.70103092783505,0.07083529411986066,93.81443298969072,0.01567058823578382,31.95876288659794,-0.20145882353570735,1.0309278350515463,0.04630588235438824,37.11340206185567,0.005329411764872421,87.62886597938144,4.123711340206185,332250,48.648648648648646,38.968166849615805,343925,-44.52493730844246,FALSE,TRUE,NA,Low,49,51,Small-Sample Watchlist,Fullbacks and wingbacks,1.1.0,2026-08-01 14:43:31 UTC,NA,NA,NA,Performance data through: 2026-08-01 (updates every day) · MLSPA compensation as of: 2026-04-16,FALSE,2026-08-01 14:43:25 UTC
eV5D2RJAQK,asa_eV5D2RJAQK_mls_blended,Noel Caliskan,noel caliskan,2000-08-29,Germany,CM,NA,25.83709787816564,mls,a2lqR4JMr0,CM,asa_live,TRUE,NA,mlspa_via_asa,1565,113400,2287,113400,TRUE,0.6909492273730684,0.3090507726269316,blended,2025+2026 season to date,2271.7991169977927,0.13907760824933327,0.014138422468487297,0.026810758766074874,0.01820889681673264,0.009096580441713454,0.06588580893446112,0.0049371408218638595,2026,113400,Real Salt Lake,0.13644825463003651,1,0.13852826196593887,0.1477634794349524,0.01508098396685773,48.113207547169814,0.028598142684706892,62.735849056603776,0.019422823271788445,40.094339622641506,0.009703019138130903,63.679245283018865,0.07027819619895473,67.9245283018868,0.005266283543486022,85.37735849056604,54.716981132075475,113400,14.393939393939394,16.41053787047201,535541.5,40.323041738136084,TRUE,FALSE,90.19607843137256,High,14,86,Fair Value,Central and defensive midfielders,1.1.0,2026-08-01 14:43:31 UTC,11,11,46,Performance data through: 2026-08-01 (updates every day) · MLSPA compensation as of: 2026-04-16,FALSE,2026-08-01 14:43:25 UTC
eV5D2XxAQK,asa_eV5D2XxAQK_mls_blended,Bibi Karamoko,bibi karamoko,2005-11-01,USA,FW,NA,19.66324435318275,mls,EKXMeX3Q64,FW,asa_live,TRUE,NA,mlspa_via_asa,0,NA,25,80622,TRUE,0,1,blended,2025+2026 season to date,25,0.06732,0,-0.085320000000000007,0.06336,0.09252,0,-0.0032399999999999994,2026,80622,D.C. United,0.21108432719581333,1,0.20533375410798077,0.21902267105535728,0,3.900709219858156,-0.09100800000284401,9.929078014184396,0.067584000002112,7.801418439716312,0.098688000003084,95.74468085106383,0,8.51063829787234,-0.0034560000001079994,19.148936170212767,43.97163120567376,80622,1.492537313432836,1.0428100987925357,535000,42.479093892240925,FALSE,FALSE,NA,Low,41,59,Insufficient Evidence,Strikers,1.1.0,2026-08-01 14:43:31 UTC,NA,NA,NA,Performance data through: 2026-08-01 (updates every day) · MLSPA compensation as of: 2026-04-16,FALSE,2026-08-01 14:43:25 UTC
eV5DB6nQKn,asa_eV5DB6nQKn_mls_blended,Eric Maxim Choupo-Moting,eric maxim choupomoting,1989-03-23,Cameroon,FW,NA,37.27310061601643,mls,a2lqRX2Mr0,FW,asa_live,TRUE,NA,mlspa_via_asa,245,3530667,3088,3530667,TRUE,0.25925925925925924,0.7407407407407407,blended,2025+2026 season to date,2532.4074074074074,0.141553047125586,0.04548613372810264,-0.07199418948926721,0.15169769306686404,-0.02493039723661485,0.018062583271650622,0.02323122378485072,2026,3530667,New York Red Bulls,0.21108432719581333,1,0.154871483272647,0.1651962488293192,0.048518542644825684,33.333333333333336,-0.07679380212428483,23.404255319148938,0.16181087260971155,40.42553191489362,-0.026592423719886852,53.90070921985816,0.01926675549036275,28.368794326241133,0.024779972037948475,87.23404255319149,5.673758865248227,3530667,89.55223880597015,96.0482985729967,535000,-83.87847994072192,FALSE,TRUE,NA,Low,41,59,Small-Sample Watchlist,Strikers,1.1.0,2026-08-01 14:43:31 UTC,NA,NA,NA,Performance data through: 2026-08-01 (updates every day) · MLSPA compensation as of: 2026-04-16,FALSE,2026-08-01 14:43:25 UTC
eV5DL18a5K,asa_eV5DL18a5K_mls_blended,Jakob Glesnes,jakob glesnes,1994-03-25,Norway,CB,NA,32.26830937713895,mls,kaDQ0wRqEv,CB,asa_live,TRUE,NA,mlspa_via_asa,1065,1268503,3269,1268503,TRUE,0.603399433427762,0.39660056657223797,blended,2025+2026 season to date,2361.487252124646,0.1499163571952854,0.005439035250013643,0.06382721973175776,0.005757016942572377,0.0015127005598995398,0.0808845211736659,-0.00750413646262382,2026,1268503,LA Galaxy,0.13407640205361335,1,0.14670716793465804,0.1564876458018588,0.005801637600195853,32.460732984293195,0.06808236771600251,74.86910994764398,0.006140818072269103,23.036649214659686,0.0016135472639432658,45.026178010471206,0.08627682258793978,63.87434554973822,-0.008004412227048879,34.55497382198953,60.73298429319372,1268503,93.37016574585635,86.82766190998902,501667,-32.63718145266264,TRUE,FALSE,19.587628865979383,High,20.75,79.25,Below Expected Value by Current Model,Center backs,1.1.0,2026-08-01 14:43:31 UTC,79,79,353,Performance data through: 2026-08-01 (updates every day) · MLSPA compensation as of: 2026-04-16,FALSE,2026-08-01 14:43:25 UTC
eV5DL1xR5K,asa_eV5DL1xR5K_mls_blended,Sean Zawadzki,sean zawadzki,2000-04-21,USA,CB,NA,26.193018480492817,mls,mvzqoLZQap,CB,asa_live,TRUE,NA,mlspa_via_asa,1748,900500,3018,900500,TRUE,0.7140522875816994,0.28594771241830064,blended,2025+2026 season to date,2610.9901960784314,0.14404074084902346,0.006678816805052035,0.04278124390909444,0.007872631855923282,0.026170881573305264,0.06150523574240829,-9.680690367598302e-4,2026,900500,Columbus Crew,0.13407640205361335,1,0.14217882196663395,0.15165741010248218,0.007124071258944798,41.361256544502616,0.04563332683779345,43.455497382198956,0.008397473979913922,28.272251308900522,0.027915607012397977,95.81151832460733,0.06560558479395236,40.83769633507853,-0.0010326069725760877,69.10994764397905,56.02094240837696,900500,80.11049723756906,78.81448957189902,501667,-24.089554829192103,TRUE,FALSE,25.77319587628866,High,14,86,Below Expected Value by Current Model,Center backs,1.1.0,2026-08-01 14:43:31 UTC,73,73,326,Performance data through: 2026-08-01 (updates every day) · MLSPA compensation as of: 2026-04-16,FALSE,2026-08-01 14:43:25 UTC
eV5DL9aZ5K,asa_eV5DL9aZ5K_mls_blended,Luca Petrasso,luca petrasso,2000-06-16,Canada,FB,NA,26.039698836413415,mls,APk5LGOMOW,FB,asa_live,TRUE,NA,mlspa_via_asa,1539,134736,2997,134736,TRUE,0.6873604287628405,0.31263957123715946,blended,2025+2026 season to date,2475.9807949977667,0.09091550147735945,0.006681172016142978,0.027272810550613133,0.01868165083350434,-0.003346559154062504,0.028500026153889482,0.013126401077271997,2026,134736,CF Montréal,0.11638469243644946,1,0.0958835151269587,0.10227574947195206,0.007126583484108549,30.412371134020617,0.0290909979215631,64.43298969072166,0.01992709422302735,39.69072164948454,-0.003569663097778223,30.927835051546392,0.030400027898432117,22.68041237113402,0.01400149448286101,94.84536082474227,26.288659793814432,134736,30.81081081081081,23.600439077936333,343925,-4.522151016996379,TRUE,FALSE,60.97560975609756,High,14,86,Fair Value,Fullbacks and wingbacks,1.1.0,2026-08-01 14:43:31 UTC,33,33,172,Performance data through: 2026-08-01 (updates every day) · MLSPA compensation as of: 2026-04-16,FALSE,2026-08-01 14:43:25 UTC
eV5DLDVJ5K,asa_eV5DLDVJ5K_mls_blended,Eryk Williamson,eryk williamson,1997-06-11,USA,CM,NA,28.05475701574264,mls,NPqxKXZ59d,CM,asa_live,TRUE,NA,mlspa_via_asa,0,NA,838,775000,TRUE,0,1,blended,2025+2026 season to date,838,0.00613245823389021,0.00563842482100238,-0.00731384248210023,0.03500119331742243,-0.02594749403341289,0.0363436754176611,-0.03758949880668257,2026,775000,Charlotte FC,0.13644825463003651,1,0.060506225853979065,0.0645399742462612,0.006014319809257153,21.22641509433962,-0.007801431981150706,21.22641509433962,0.0373346062064173,69.33962264150944,-0.027677326969838663,6.60377358490566,0.038766587113383294,17.452830188679247,-0.04009546539504772,3.30188679245283,0.4716981132075472,775000,74.24242424242425,72.39297475301866,535541.5,-73.7707261292167,FALSE,FALSE,NA,Low,41,59,Insufficient Evidence,Central and defensive midfielders,1.1.0,2026-08-01 14:43:31 UTC,NA,NA,NA,Performance data through: 2026-08-01 (updates every day) · MLSPA compensation as of: 2026-04-16,FALSE,2026-08-01 14:43:25 UTC
eV5DLKnn5K,asa_eV5DLKnn5K_mls_blended,Lachlan Brook,lachlan brook,2001-02-08,Australia,W,NA,24.39151266255989,mls,a2lqR4JMr0,W,asa_live,TRUE,NA,mlspa_via_asa,0,NA,133,274883,TRUE,0,1,blended,2025+2026 season to date,133,0.14657142857142855,0.05217293233082706,-0.01089473684210526,0.04290225563909774,0.04818045112781955,0.01468421052631579,-4.7368421052631577e-4,2026,274883,Real Salt Lake,0.20277985605674193,1,0.19258105543525944,0.2054197924706961,0.05565112782128796,65.93886462882097,-0.0116210526319421,44.97816593886463,0.045762406016467666,13.973799126637555,0.05139248120461354,76.41921397379913,0.015663157895226314,17.03056768558952,-5.052631579105263e-4,31.441048034934497,43.23144104803494,274883,32.863849765258216,34.46761800219539,520000,10.367591282776722,FALSE,FALSE,NA,Low,41,59,Insufficient Evidence,Wingers and attacking midfielders,1.1.0,2026-08-01 14:43:31 UTC,NA,NA,NA,Performance data through: 2026-08-01 (updates every day) · MLSPA compensation as of: 2026-04-16,FALSE,2026-08-01 14:43:25 UTC
eV5DLNDm5K,asa_eV5DLNDm5K_mls_blended,Brenner,brenner,2000-01-16,Brazil,FW,NA,25.45653661875428,mls,NWMWlBK5lz,FW,asa_live,TRUE,NA,mlspa_via_asa,0,NA,959,280120,TRUE,0,1,blended,2025+2026 season to date,959,0.2586913451511992,0.06532742440041711,-0.00309697601668404,0.18616579770594371,0.00128571428571428,0.02303962460896767,-0.01403023983315954,2026,280120,FC Cincinnati,0.21108432719581333,1,0.2403692086706145,0.2563938225900011,0.06968258602928916,61.702127659574465,-0.0033034410845662085,83.68794326241135,0.19857685089254548,53.191489361702125,0.0013714285714714225,74.46808510638297,0.024575599583666834,41.13475177304964,-0.01496558915583785,4.25531914893617,70.92198581560284,280120,36.56716417910448,34.68715697036224,535000,34.35482163649836,FALSE,FALSE,NA,Low,41,59,Insufficient Evidence,Strikers,1.1.0,2026-08-01 14:43:31 UTC,NA,NA,NA,Performance data through: 2026-08-01 (updates every day) · MLSPA compensation as of: 2026-04-16,FALSE,2026-08-01 14:43:25 UTC
eV5DLWdm5K,asa_eV5DLWdm5K_mls_blended,Ronald Hernández,ronald hernandez,1997-09-21,Venezuela,FB,NA,28.774811772758383,mls,KAqBN0Vqbg,FB,asa_live,TRUE,NA,mlspa_via_asa,230,159000,1447,159000,TRUE,0.24731182795698925,0.7526881720430108,blended,2025+2026 season to date,1319.1397849462367,0.09825448424994984,0.0046674989410794235,0.02747456138395344,0.019454916735403616,-0.0036074436542791488,0.05442159306239829,-0.00415664221860579,2026,159000,Atlanta United FC,0.11638469243644946,1,0.10392271383761612,0.11085089476358795,0.004978665537306968,24.742268041237114,0.029306198810466155,64.94845360824742,0.02075191118507902,41.23711340206186,-0.0038479398980180066,30.412371134020617,0.05804969926837223,53.608247422680414,-0.0044337516999847304,34.02061855670103,32.47422680412371,159000,32.972972972972975,26.344676180021953,343925,-0.4987461688492658,FALSE,TRUE,NA,Low,41,59,Small-Sample Watchlist,Fullbacks and wingbacks,1.1.0,2026-08-01 14:43:31 UTC,NA,NA,NA,Performance data through: 2026-08-01 (updates every day) · MLSPA compensation as of: 2026-04-16,FALSE,2026-08-01 14:43:25 UTC
eV5DLY8A5K,asa_eV5DLY8A5K_mls_blended,Mason Toye,mason toye,1998-10-16,USA,FW,NA,26.70773442847365,mls,Z2vQ1xlqrA,FW,asa_live,TRUE,NA,mlspa_via_asa,0,NA,639,392500,TRUE,0,1,blended,2025+2026 season to date,639,0.2547183098591549,0.06426760563380282,-0.04366197183098591,0.20326760563380283,0.00908450704225352,0.02671830985915493,-0.00495774647887323,2026,392500,Sporting Kansas City,0.21108432719581333,1,0.23358805191080548,0.24916058871264543,0.06855211267819859,59.57446808510638,-0.046572769954507036,48.226950354609926,0.2168187793494986,64.53900709219859,0.009690140845373238,81.56028368794327,0.028499530517322534,49.645390070921984,-0.00528826291096337,10.638297872340425,66.66666666666667,392500,42.53731343283582,43.74313940724478,535000,24.129353233830848,FALSE,FALSE,NA,Low,41,59,Insufficient Evidence,Strikers,1.1.0,2026-08-01 14:43:31 UTC,NA,NA,NA,Performance data through: 2026-08-01 (updates every day) · MLSPA compensation as of: 2026-04-16,FALSE,2026-08-01 14:43:25 UTC
eV5DLYJa5K,asa_eV5DLYJa5K_mls_blended,Akil Watts,akil watts,2000-02-04,USA,FB,NA,25.404517453798768,mls,wvq9B9wQWn,FB,asa_live,TRUE,NA,mlspa_via_asa,0,NA,1617,104000,TRUE,0,1,blended,2025+2026 season to date,1617,0.12719109461966605,0.02198515769944341,0.00933395176252319,0.03889981447124304,-0.01628014842300556,0.07270686456400742,5.454545454545455e-4,2026,104000,St. Louis City SC,0.11638469243644946,1,0.12426649321690106,0.13255092610217,0.023450834880139142,77.31958762886597,0.009956215213669201,41.75257731958763,0.04149313543728924,69.58762886597938,-0.0173654916517486,14.43298969072165,0.07755398887069814,79.38144329896907,5.818181818363637e-4,64.94845360824742,60.824742268041234,104000,13.783783783783784,12.952799121844127,343925,47.04095848425745,FALSE,FALSE,NA,Low,41,59,Insufficient Evidence,Fullbacks and wingbacks,1.1.0,2026-08-01 14:43:31 UTC,NA,NA,NA,Performance data through: 2026-08-01 (updates every day) · MLSPA compensation as of: 2026-04-16,FALSE,2026-08-01 14:43:25 UTC
eV5DLnOY5K,asa_eV5DLnOY5K_mls_blended,Jeisson Palacios,jeisson palacios,1994-03-20,Colombia,CB,NA,32.28199863107461,mls,vzqoOgNqap,CB,asa_live,TRUE,NA,mlspa_via_asa,1224,1097500,2270,1097500,TRUE,0.6361746361746362,0.3638253638253638,blended,2025+2026 season to date,2049.8835758835758,0.17731604037110646,0.014218210501250142,0.07891522571368385,0.01666708719902552,0.006130269629168302,0.05309193860074918,0.008293308727229432,2026,1097500,Nashville SC,0.13407640205361335,1,0.1675255034484248,0.17869387035057063,0.015166091201807425,78.53403141361257,0.08417624076389328,87.95811518324608,0.01777822634618279,54.45026178010471,0.006538954271317198,65.44502617801047,0.056631401175902187,32.98429319371728,0.008846195975987839,97.90575916230367,81.67539267015707,1097500,89.50276243093923,84.5225027442371,501667,-7.827369760782162,TRUE,FALSE,41.23711340206186,High,20.75,79.25,Fair Value,Center backs,1.1.0,2026-08-01 14:43:31 UTC,58,58,259,Performance data through: 2026-08-01 (updates every day) · MLSPA compensation as of: 2026-04-16,FALSE,2026-08-01 14:43:25 UTC
eV5DRabAQK,asa_eV5DRabAQK_mls_blended,Micah Chisholm,micah chisholm,2004-11-19,Canada,CB,NA,21.61259411362081,mls,kRQabn8MKZ,CB,asa_live,FALSE,NA,NA,85,NA,0,NA,FALSE,1,0,blended,2025+2026 season to date,85,0.15734117647058823,0,-0.00105882352941176,-0.00105882352941176,0.0077294117647058805,0.19069411764705876,-0.03896470588235293,2026,NA,Toronto FC,0.13407640205361335,1,0.13696327187177812,0.14609415666779543,0,6.806282722513089,-0.0011294117647411715,2.6178010471204187,-0.0011294117647411715,2.6178010471204187,0.008244705882610587,70.68062827225131,0.20340705882988583,96.33507853403141,-0.04156235294247528,6.806282722513089,46.596858638743456,NA,NA,NA,501667,NA,FALSE,FALSE,NA,Insufficient,49,51,Insufficient Evidence,Center backs,1.1.0,2026-08-01 14:43:31 UTC,NA,NA,NA,Performance data through: 2026-08-01 (updates every day) · MLSPA compensation as of: 2026-04-16,FALSE,2026-08-01 14:43:25 UTC
eV5DkvNOMK,asa_eV5DkvNOMK_mls_blended,Stuart Hawkins,stuart hawkins,2006-09-18,USA,CB,NA,19.78370978781657,mls,jYQJ19EqGR,CB,asa_live,TRUE,NA,mlspa_via_asa,217,125421,152,125421,TRUE,0.2366412213740458,0.7633587786259541,blended,2025+2026 season to date,333.03053435114504,0.1987123342707915,0.027825977156632032,0.045927222636744536,0.06528525512253917,0.002401997359811737,0.05949979911611088,-0.0022279171210468915,2026,125421,Seattle Sounders FC,0.13407640205361335,1,0.15714717868102654,0.1676236572649999,0.029681042301335035,96.8586387434555,0.04898903748072508,49.738219895287955,0.06963760546621796,97.38219895287958,0.0025621305172125863,48.69109947643979,0.0634664523925016,40.31413612565445,-0.0023764449291909483,58.638743455497384,72.77486910994764,125421,17.679558011049725,22.17343578485181,501667,55.09531109889792,FALSE,TRUE,NA,Low,41,59,Small-Sample Watchlist,Center backs,1.1.0,2026-08-01 14:43:31 UTC,NA,NA,NA,Performance data through: 2026-08-01 (updates every day) · MLSPA compensation as of: 2026-04-16,FALSE,2026-08-01 14:43:25 UTC
eV5DkwDaMK,asa_eV5DkwDaMK_mls_blended,Jack Neeley,jack neeley,2005-03-11,USA,FB,NA,20.306639288158795,mls,NPqxKXZ59d,FB,asa_live,TRUE,NA,mlspa_via_asa,0,NA,7,106000,TRUE,0,1,blended,2025+2026 season to date,7,0.2687142857142857,0,0.0642857142857143,-0.0025714285714285696,0,0.207,0,2026,106000,Charlotte FC,0.11638469243644946,1,0.11814137637869797,0.12601746814121587,0,6.443298969072165,0.06857142857357143,92.78350515463917,-0.002742857142942855,1.5463917525773196,0,42.2680412371134,0.22080000000689998,98.45360824742268,0,59.5360824742268,53.608247422680414,106000,16.216216216216218,14.37980241492865,343925,37.392031206464196,FALSE,FALSE,NA,Low,41,59,Insufficient Evidence,Fullbacks and wingbacks,1.1.0,2026-08-01 14:43:31 UTC,NA,NA,NA,Performance data through: 2026-08-01 (updates every day) · MLSPA compensation as of: 2026-04-16,FALSE,2026-08-01 14:43:25 UTC
eV5DkxpAMK,asa_eV5DkxpAMK_mls_blended,Nariman Akhundzade,nariman akhundzade,2004-04-23,Azerbaijan,W,NA,22.187542778918548,mls,mvzqoLZQap,W,asa_live,TRUE,NA,mlspa_via_asa,171,633389,0,NA,FALSE,1,0,blended,2025+2026 season to date,171,0.086,0.04705263157894737,-0.06142105263157894,0.06205263157894737,0.04005263157894737,0.001,-0.00273684210526315,2026,633389,Columbus Crew,0.20277985605674193,1,0.17687926541380697,0.18867121644729007,0.050189473685778946,55.45851528384279,-0.06551578947573157,10.480349344978166,0.06618947368627895,31.87772925764192,0.04272280701887895,73.79912663755458,0.0010666666667,10.480349344978166,-0.0029192982457052546,19.650655021834062,24.890829694323145,633389,59.15492957746479,62.897914379802415,520000,-34.26409988314165,FALSE,TRUE,NA,Low,49,51,Small-Sample Watchlist,Wingers and attacking midfielders,1.1.0,2026-08-01 14:43:31 UTC,NA,NA,NA,Performance data through: 2026-08-01 (updates every day) · MLSPA compensation as of: 2026-04-16,FALSE,2026-08-01 14:43:25 UTC
eV5Dky89MK,asa_eV5Dky89MK_mls_blended,Nelson Palacio,nelson palacio,2001-06-16,Colombia,CM,NA,24.041067761806985,mls,a2lqR4JMr0,CM,asa_live,TRUE,NA,mlspa_via_asa,0,NA,689,423167,TRUE,0,1,blended,2025+2026 season to date,689,0.08413497822931786,0.02382583454281567,0.03677068214804063,0.00595645863570391,0.00633526850507982,0.051896952104499273,-0.04065021770682148,2026,423167,Real Salt Lake,0.13644825463003651,1,0.10848561115440025,0.11571798523497645,0.02541422351313091,73.11320754716981,0.03922206095913569,73.11320754716981,0.0063535558782827194,9.433962264150944,0.006757619738962983,57.075471698113205,0.05535674891319579,41.9811320754717,-0.043360232221964584,2.358490566037736,20.28301886792453,423167,43.43434343434343,45.77387486278815,535541.5,-23.151324566418904,FALSE,FALSE,NA,Low,41,59,Insufficient Evidence,Central and defensive midfielders,1.1.0,2026-08-01 14:43:31 UTC,NA,NA,NA,Performance data through: 2026-08-01 (updates every day) · MLSPA compensation as of: 2026-04-16,FALSE,2026-08-01 14:43:25 UTC
eV5DpPa5Kn,asa_eV5DpPa5Kn_mls_blended,Robert Lewandowski,robert lewandowski,1988-08-21,Poland,FW,NA,37.8590006844627,mls,X0Oq66zq6D,FW,asa_live,FALSE,NA,NA,118,NA,0,NA,FALSE,1,0,blended,2025+2026 season to date,118,0.25977966101694916,0.07566101694915253,-0.01601694915254237,0.3066864406779661,-0.0951864406779661,-0.00701694915254237,-0.00434745762711864,2026,NA,Chicago Fire FC,0.21108432719581333,1,0.21908718150067968,0.2336929936080279,0.08070508474828474,72.34042553191489,-0.01708474576324576,73.75886524822695,0.32713220340005333,92.90780141843972,-0.10153220339300338,11.347517730496454,-0.00748474576294576,3.5460992907801416,-0.0046372881357381315,12.76595744680851,54.60992907801418,NA,NA,NA,535000,NA,FALSE,FALSE,NA,Insufficient,49,51,Insufficient Evidence,Strikers,1.1.0,2026-08-01 14:43:31 UTC,NA,NA,NA,Performance data through: 2026-08-01 (updates every day) · MLSPA compensation as of: 2026-04-16,FALSE,2026-08-01 14:43:25 UTC
eV5Dz67ZQK,asa_eV5Dz67ZQK_mls_blended,Jovan Lukić,jovan lukic,2002-01-20,Serbia,CM,NA,24.4435318275154,mls,9z5k7Yg5A3,CM,asa_live,TRUE,NA,mlspa_via_asa,1375,441375,3188,441375,TRUE,0.6626506024096386,0.3373493975903614,blended,2025+2026 season to date,2450.469879518072,0.12606038548170098,0.013507257033151424,0.024258294508019525,0.013224262671766109,0.010442073438043261,0.07021767048117186,-0.005589172650451234,2026,441375,Philadelphia Union,0.13644825463003651,1,0.12810358595086477,0.13664382501852587,0.01440774083581176,44.81132075471698,0.025875514142696104,58.490566037735846,0.014105880183657991,27.358490566037737,0.011138211667594215,68.39622641509433,0.07489884851559057,74.52830188679245,-0.005961784160667623,29.71698113207547,38.20754716981132,441375,44.94949494949495,47.74972557628979,535541.5,-6.741947779683628,TRUE,FALSE,50,High,20.75,79.25,Fair Value,Central and defensive midfielders,1.1.0,2026-08-01 14:43:31 UTC,52,52,220,Performance data through: 2026-08-01 (updates every day) · MLSPA compensation as of: 2026-04-16,FALSE,2026-08-01 14:43:25 UTC
eV5DzBzEQK,asa_eV5DzBzEQK_mls_blended,Jackson Castro,jackson castro,2002-12-24,USA,CM,NA,22.518822724161534,mls,lgpMOvnQzy,CM,asa_live,FALSE,NA,NA,0,NA,8,NA,TRUE,0,1,blended,2025+2026 season to date,8,-0.31275,0,-0.131625,-0.005625,-0.1755,0,0,2026,NA,Vancouver Whitecaps FC,0.13644825463003651,1,0.1305377512796413,0.13924026803596865,0,6.60377358490566,-0.1404000000043875,1.4150943396226414,-0.0060000000001874994,1.8867924528301887,-0.18720000000585,0.4716981132075472,0,5.188679245283019,0,60.613207547169814,44.339622641509436,NA,NA,NA,535541.5,NA,FALSE,FALSE,NA,Insufficient,41,59,Insufficient Evidence,Central and defensive midfielders,1.1.0,2026-08-01 14:43:31 UTC,NA,NA,NA,Performance data through: 2026-08-01 (updates every day) · MLSPA compensation as of: 2026-04-16,FALSE,2026-08-01 14:43:25 UTC
eV5DzD0ZQK,asa_eV5DzD0ZQK_mls_blended,Dennis Gjengaar,dennis gjengaar,2004-02-24,Norway,W,NA,21.349760438056126,mls,a2lqRX2Mr0,W,asa_live,TRUE,NA,mlspa_via_asa,0,NA,886,418769,TRUE,0,1,blended,2025+2026 season to date,886,0.2305970654627539,0.04373024830699774,-0.013479683972911959,0.14190744920993228,-0.02950902934537246,0.08911625282167042,-0.00116817155756207,2026,418769,New York Red Bulls,0.20277985605674193,1,0.21936535237822685,0.23398970921075415,0.0466455981955886,48.03493449781659,-0.014378329571555411,40.61135371179039,0.151367945828658,83.84279475982532,-0.03147629796938092,13.100436681222707,0.09505733634608565,95.19650655021834,-0.0012460496614384803,24.890829694323145,69.43231441048034,418769,41.31455399061033,45.334796926454445,520000,28.117760419870017,FALSE,FALSE,NA,Low,41,59,Insufficient Evidence,Wingers and attacking midfielders,1.1.0,2026-08-01 14:43:31 UTC,NA,NA,NA,Performance data through: 2026-08-01 (updates every day) · MLSPA compensation as of: 2026-04-16,FALSE,2026-08-01 14:43:25 UTC
eV5DzXvnQK,asa_eV5DzXvnQK_mls_blended,Brayan Vera,brayan vera,1999-01-15,Colombia,CB,NA,27.457905544147845,mls,APk5LGOMOW,CB,asa_live,TRUE,NA,mlspa_via_asa,1453,748000,2342,748000,TRUE,0.6748722712494194,0.3251277287505806,blended,2025+2026 season to date,2214.4491407338596,0.15512530129943997,0.01527030620392255,0.05644856282596564,0.01324656160668707,-3.895916289426739e-4,0.08519312198378289,-0.014643659691975489,2026,748000,CF Montréal,0.13407640205361335,1,0.1506379792992979,0.16068051125760568,0.016288326618026396,81.15183246073299,0.0602118003495783,64.3979057591623,0.014129665714241095,45.026178010471206,-4.155644042185052e-4,35.07853403141361,0.09087266345220818,69.63350785340315,-0.015619903671928644,18.32460732984293,65.96858638743456,748000,67.40331491712708,70.69154774972557,501667,-1.4347285296925207,TRUE,FALSE,49.48453608247423,High,20.75,79.25,Fair Value,Center backs,1.1.0,2026-08-01 14:43:31 UTC,50,50,223,Performance data through: 2026-08-01 (updates every day) · MLSPA compensation as of: 2026-04-16,FALSE,2026-08-01 14:43:25 UTC
eV5DzeZaQK,asa_eV5DzeZaQK_mls_blended,Léo Chú,leo chu,2000-04-06,Brazil,W,NA,25.234770704996578,mls,mKAqBBmqbg,W,asa_live,TRUE,NA,mlspa_via_asa,0,NA,233,600000,TRUE,0,1,blended,2025+2026 season to date,233,0.16424034334763946,0.0532274678111588,-0.02344635193133047,0.28085407725321887,-0.16953218884120172,0.02723175965665236,-0.00409442060085836,2026,600000,FC Dallas,0.20277985605674193,1,0.19199989631938194,0.20479988941374072,0.0567759656670103,68.5589519650655,-0.025009442060867377,31.004366812227076,0.29957768241279525,98.2532751091703,-0.18083433476959956,3.930131004366812,0.029047210301336907,31.441048034934497,-0.004367381974385398,15.283842794759826,42.35807860262009,600000,55.39906103286385,59.934138309549944,520000,-13.040982430243758,FALSE,FALSE,NA,Low,41,59,Insufficient Evidence,Wingers and attacking midfielders,1.1.0,2026-08-01 14:43:31 UTC,NA,NA,NA,Performance data through: 2026-08-01 (updates every day) · MLSPA compensation as of: 2026-04-16,FALSE,2026-08-01 14:43:25 UTC
eV5Dzm8EQK,asa_eV5Dzm8EQK_mls_blended,Kenny Nielsen,kenny nielsen,2002-02-13,USA,CB,NA,24.37782340862423,mls,eVq3ya6MWO,CB,asa_live,TRUE,NA,mlspa_via_asa,203,88025,112,88025,TRUE,0.2248062015503876,0.7751937984496124,blended,2025+2026 season to date,289.82170542635663,0.30443770764119604,0.02634966777408637,0.08103488372093023,0.051921926910299,0.014636212624584713,0.13530149501661132,-0.004806478405315609,2026,88025,Los Angeles FC,0.13407640205361335,1,0.1895643765803712,0.2022020016920481,0.02810631229323712,95.28795811518324,0.08643720930502674,89.52879581151832,0.05538338870604967,92.14659685863874,0.015611960133378235,89.52879581151832,0.14432159468889547,91.09947643979058,-0.005126910299163532,45.54973821989529,91.62303664921465,88025,3.591160220994475,4.33589462129528,501667,88.03187642822017,FALSE,TRUE,NA,Low,41,59,Small-Sample Watchlist,Center backs,1.1.0,2026-08-01 14:43:31 UTC,NA,NA,NA,Performance data through: 2026-08-01 (updates every day) · MLSPA compensation as of: 2026-04-16,FALSE,2026-08-01 14:43:25 UTC
eV5Dzr7EQK,asa_eV5Dzr7EQK_mls_blended,CJ Fodrey,cj fodrey,2004-02-10,USA,FW,NA,22.38740588637919,mls,gpMOLwl5zy,FW,asa_live,TRUE,NA,mlspa_via_asa,312,120000,521,120000,TRUE,0.308300395256917,0.691699604743083,blended,2025+2026 season to date,672.3754940711462,0.24796987588477612,0.05282210973121012,-0.028226487523992323,0.1754766316675897,0.02773213378043137,0.021903621038896006,-0.0017381328093587064,2026,120000,Austin FC,0.21108432719581333,1,0.23057616678199755,0.24594791124181659,0.05634358371505153,45.39007092198582,-0.030108253359866027,66.66666666666667,0.18717507378461157,49.645390070921984,0.0295809427000512,89.36170212765957,0.023363862442219194,36.87943262411348,-0.001854008330040558,23.404255319148938,65.2482269503546,120000,25.37313432835821,20.52689352360044,535000,39.8750926219964,FALSE,TRUE,NA,Low,41,59,Small-Sample Watchlist,Strikers,1.1.0,2026-08-01 14:43:31 UTC,NA,NA,NA,Performance data through: 2026-08-01 (updates every day) · MLSPA compensation as of: 2026-04-16,FALSE,2026-08-01 14:43:25 UTC
eVq3alzDMW,asa_eVq3alzDMW_mls_blended,Mikkel Desler,mikkel desler,1995-02-19,Denmark,FB,NA,31.362080766598226,mls,gpMOLwl5zy,FB,asa_live,TRUE,NA,mlspa_via_asa,631,550000,1631,550000,TRUE,0.4740796393688956,0.5259203606311045,blended,2025+2026 season to date,1488.7761081893314,0.12538751721091307,0.0158506947243513,0.024267493865337303,0.0210111923333645,-0.0013664417021633359,0.07051022013846119,-0.004885642148437876,2026,550000,Austin FC,0.11638469243644946,1,0.12280145983334154,0.13098822382632436,0.016907407706503078,62.371134020618555,0.02588532679050204,60.824742268041234,0.02241193848962251,45.36082474226804,-0.0014575378156864397,35.05154639175258,0.0752109014833756,76.80412371134021,-0.005211351625163256,30.927835051546392,59.27835051546392,550000,72.70270270270271,56.58616904500549,343925,-13.424352187238789,TRUE,FALSE,51.21951219512195,Medium,29.75,70.25,Fair Value,Fullbacks and wingbacks,1.1.0,2026-08-01 14:43:31 UTC,41,41,215,Performance data through: 2026-08-01 (updates every day) · MLSPA compensation as of: 2026-04-16,FALSE,2026-08-01 14:43:25 UTC
eVq3eJOwMW,asa_eVq3eJOwMW_mls_blended,Kevin Pierre,kevin pierre,2003-06-21,USA,CM,NA,23.028062970568104,mls,Vj58weDM8n,CM,asa_live,TRUE,NA,mlspa_via_asa,34,90226,0,NA,FALSE,1,0,blended,2025+2026 season to date,34,0.06008823529411765,0,-0.08761764705882352,0.00608823529411764,0.06088235294117645,0.07252941176470588,0.00820588235294117,2026,90226,New York City FC,0.13644825463003651,1,0.13235323782022385,0.14117678701265055,0,6.60377358490566,-0.09345882353233234,1.8867924528301887,0.006494117647261757,9.90566037735849,0.06494117647261763,96.69811320754717,0.0773647058847706,76.41509433962264,0.00875294117674411,89.15094339622641,46.698113207547166,90226,5.05050505050505,7.3545554335894625,535541.5,41.647608157042114,FALSE,TRUE,NA,Low,49,51,Small-Sample Watchlist,Central and defensive midfielders,1.1.0,2026-08-01 14:43:31 UTC,NA,NA,NA,Performance data through: 2026-08-01 (updates every day) · MLSPA compensation as of: 2026-04-16,FALSE,2026-08-01 14:43:25 UTC
eVq3ejEvMW,asa_eVq3ejEvMW_mls_blended,Seymour Reid,seymour reid,2008-03-04,Jamaica,FW,NA,18.324435318275153,mls,Vj58weDM8n,FW,asa_live,TRUE,NA,mlspa_via_asa,144,102840,125,102840,TRUE,0.17061611374407584,0.8293838862559242,blended,2025+2026 season to date,247.67298578199052,0.2423367298578199,0.052321563981042644,0.08273815165876777,0.268114691943128,-0.20414431279620854,0.037234834123222746,0.006071800947867299,2026,102840,New York City FC,0.21108432719581333,1,0.2202156502531591,0.23489669361071022,0.05580966824818954,43.262411347517734,0.08825402843877689,97.87234042553192,0.28598900474827366,85.81560283687944,-0.2177539336560939,2.8368794326241136,0.03971715639934542,75.88652482269504,0.0064765876779275125,57.4468085106383,56.737588652482266,102840,14.17910447761194,11.85510428100988,535000,42.55848417487033,FALSE,TRUE,NA,Low,41,59,Small-Sample Watchlist,Strikers,1.1.0,2026-08-01 14:43:31 UTC,NA,NA,NA,Performance data through: 2026-08-01 (updates every day) · MLSPA compensation as of: 2026-04-16,FALSE,2026-08-01 14:43:25 UTC
eVq3epZwMW,asa_eVq3epZwMW_mls_blended,Álvaro Augusto,alvaro augusto,2005-04-17,Brazil,CB,NA,20.205338809034902,mls,mKAqBBmqbg,CB,asa_live,TRUE,NA,mlspa_via_asa,0,NA,443,92740,TRUE,0,1,blended,2025+2026 season to date,443,0.18954853273137695,0.00637923250564334,-0.00670428893905191,0.02446049661399548,0.00193002257336343,0.16447855530474045,-9.954853273137698e-4,2026,92740,FC Dallas,0.13407640205361335,1,0.15763743167034322,0.168146593786954,0.0068045146728988705,38.21989528795812,-0.00715124153521218,2.094240837696335,0.026091196389077195,72.77486910994764,0.002058690744985326,46.596858638743456,0.1754437923305391,95.81151832460733,-0.0010618510158345372,68.06282722513089,73.82198952879581,92740,8.287292817679559,8.342480790340286,501667,65.53469671111625,FALSE,FALSE,NA,Low,41,59,Insufficient Evidence,Center backs,1.1.0,2026-08-01 14:43:31 UTC,NA,NA,NA,Performance data through: 2026-08-01 (updates every day) · MLSPA compensation as of: 2026-04-16,FALSE,2026-08-01 14:43:25 UTC
eVq3jBAv5W,asa_eVq3jBAv5W_mls_blended,Jeremy Ebobisse,jeremy ebobisse,1997-02-14,USA,FW,NA,29.37440109514031,mls,eVq3ya6MWO,FW,asa_live,TRUE,NA,mlspa_via_asa,246,722500,1007,722500,TRUE,0.26004228329809725,0.7399577167019027,blended,2025+2026 season to date,991.137420718816,0.1469255843346049,0.05188716510851103,-0.029875984388351314,0.12502763320603555,-0.037203511991115046,0.01800251306394351,0.01908776933558116,2026,722500,Los Angeles FC,0.21108432719581333,1,0.17111912363263382,0.1825270652138467,0.055346309450808005,40.42553191489362,-0.03186771668190393,63.12056737588652,0.13336280875727216,29.078014184397162,-0.03968374612509617,38.297872340425535,0.01920268060213983,26.95035460992908,0.02036028729192283,83.68794326241135,15.602836879432624,722500,58.95522388059702,68.22173435784852,535000,-43.352387001164395,FALSE,TRUE,NA,Low,41,59,Small-Sample Watchlist,Strikers,1.1.0,2026-08-01 14:43:31 UTC,NA,NA,NA,Performance data through: 2026-08-01 (updates every day) · MLSPA compensation as of: 2026-04-16,FALSE,2026-08-01 14:43:25 UTC
eVq3jBjj5W,asa_eVq3jBjj5W_mls_blended,Tom Barlow,tom barlow,1995-07-08,USA,FW,NA,30.981519507186857,mls,NWMWlBK5lz,FW,asa_live,TRUE,NA,mlspa_via_asa,734,121733,535,121733,TRUE,0.5118549511854951,0.48814504881450493,blended,2025+2026 season to date,995.1576011157601,0.14975845618425684,0.055481464826183866,-0.07334356547921636,0.18529144019082627,-0.03267932976185821,0.036549720408243065,-0.021541273999921794,2026,121733,FC Cincinnati,0.21108432719581333,1,0.17282547011516664,0.18434716812860527,0.059180229149778836,50.354609929078016,-0.0782331365136089,21.27659574468085,0.19764420287639106,52.4822695035461,-0.0348579517470714,46.09929078014184,0.03898636843667759,73.75886524822695,-0.022977358933967955,2.8368794326241136,17.73049645390071,121733,26.119402985074625,20.96597145993414,535000,-8.388906531173916,TRUE,FALSE,51.724137931034484,Medium,29.75,70.25,Fair Value,Strikers,1.1.0,2026-08-01 14:43:31 UTC,29,29,213,Performance data through: 2026-08-01 (updates every day) · MLSPA compensation as of: 2026-04-16,FALSE,2026-08-01 14:43:25 UTC
eVq3jDBG5W,asa_eVq3jDBG5W_mls_blended,Gustav Berggren,gustav berggren,1997-09-07,Sweden,CM,NA,28.81314168377823,mls,a2lqRX2Mr0,CM,asa_live,TRUE,NA,mlspa_via_asa,393,1310000,395,1310000,TRUE,0.3595608417200366,0.6404391582799633,blended,2025+2026 season to date,645.9734675205855,0.10997412764774686,0.014887465690759372,0.01884051559405654,0.04230782771839207,-0.001508112615377484,0.036223991568902214,-7.775603089858363e-4,2026,1310000,New York Red Bulls,0.13644825463003651,1,0.12272277487294259,0.13090429320189617,0.01587996340397291,50.943396226415096,0.020096549967621658,52.35849056603774,0.04512834956769513,78.30188679245283,-0.00160865345645292,33.0188679245283,0.038638924341369826,16.9811320754717,-8.293976629441441e-4,51.886792452830186,33.0188679245283,1310000,92.92929292929293,87.15697036223929,535541.5,-59.910425004764626,FALSE,TRUE,NA,Low,41,59,Small-Sample Watchlist,Central and defensive midfielders,1.1.0,2026-08-01 14:43:31 UTC,NA,NA,NA,Performance data through: 2026-08-01 (updates every day) · MLSPA compensation as of: 2026-04-16,FALSE,2026-08-01 14:43:25 UTC
eVq3jJYw5W,asa_eVq3jJYw5W_mls_blended,Jonathan González,jonathan gonzalez,1999-04-13,Mexico,CM,NA,27.21697467488022,mls,0KPqjA456v,CM,asa_live,TRUE,NA,mlspa_via_asa,250,275625,0,NA,FALSE,1,0,blended,2025+2026 season to date,250,0.06490800000000001,0.009792,-0.02754,0.005112,0.015912,0.062352,-7.199999999999999e-4,2026,275625,San Jose Earthquakes,0.13644825463003651,1,0.11540700326826106,0.12310080348999203,0.010444800000326401,34.43396226415094,-0.029376000000917998,8.49056603773585,0.0054528000001704,8.018867924528301,0.0169728000005304,76.88679245283019,0.0665088000020784,59.43396226415094,-7.680000000239999e-4,52.83018867924528,27.358490566037737,275625,32.82828282828283,34.577387486278816,535541.5,-5.469792262245093,FALSE,TRUE,NA,Low,49,51,Small-Sample Watchlist,Central and defensive midfielders,1.1.0,2026-08-01 14:43:31 UTC,NA,NA,NA,Performance data through: 2026-08-01 (updates every day) · MLSPA compensation as of: 2026-04-16,FALSE,2026-08-01 14:43:25 UTC
eVq3jYZv5W,asa_eVq3jYZv5W_mls_blended,Derrick Jones,derrick jones,1997-03-03,USA,CM,NA,28.32854209445585,mls,mvzqoLZQap,CM,asa_live,TRUE,NA,mlspa_via_asa,0,NA,16,387500,TRUE,0,1,blended,2025+2026 season to date,16,0.2750625,0.2041875,-0.08437499999999999,0.0095625,0.0523125,0.093375,0,2026,387500,Columbus Crew,0.13644825463003651,1,0.14004862463964596,0.14938519962029065,0.21780000000680624,100,-0.0900000000028125,2.358490566037736,0.01020000000031875,19.339622641509433,0.055800000001743746,94.33962264150944,0.0996000000031125,88.67924528301887,0,60.613207547169814,57.075471698113205,387500,40.4040404040404,43.084522502744235,535541.5,16.671431294072804,FALSE,FALSE,NA,Low,41,59,Insufficient Evidence,Central and defensive midfielders,1.1.0,2026-08-01 14:43:31 UTC,NA,NA,NA,Performance data through: 2026-08-01 (updates every day) · MLSPA compensation as of: 2026-04-16,FALSE,2026-08-01 14:43:25 UTC
eVq3jbrg5W,asa_eVq3jbrg5W_mls_blended,Toyosi Olusanya,toyosi olusanya,1997-10-14,England,FW,NA,27.71252566735113,mls,YgOMngl5wN,FW,asa_live,TRUE,NA,mlspa_via_asa,0,NA,96,363219,TRUE,0,1,blended,2025+2026 season to date,96,0.04903125,0.01959374999999999,-0.07453125000000001,0.0808125,-0.03084375,0.0234375,0.03056249999999999,2026,363219,Houston Dynamo FC,0.21108432719581333,1,0.18873217861708044,0.2013143238645102,0.020900000000653115,11.347517730496454,-0.07950000000248438,19.858156028368793,0.08620000000269375,13.47517730496454,-0.03290000000102813,48.226950354609926,0.02500000000078125,41.843971631205676,0.03260000000101874,93.61702127659575,30.49645390070922,363219,41.04477611940298,41.712403951701425,535000,-10.548322218693762,FALSE,FALSE,NA,Low,41,59,Insufficient Evidence,Strikers,1.1.0,2026-08-01 14:43:31 UTC,NA,NA,NA,Performance data through: 2026-08-01 (updates every day) · MLSPA compensation as of: 2026-04-16,FALSE,2026-08-01 14:43:25 UTC
eVq3jmnV5W,asa_eVq3jmnV5W_mls_blended,David Martínez,david martinez,1998-01-21,Argentina,CB,NA,27.44147843942505,mls,zeQZkL1MKw,CB,asa_live,TRUE,NA,mlspa_via_asa,0,NA,446,839839,TRUE,0,1,blended,2025+2026 season to date,446,0.22552466367713003,0.01908968609865471,0.03916816143497758,0.02736322869955157,0.031015695067264565,0.14319282511210762,-0.03430493273542601,2026,839839,Inter Miami CF,0.13407640205361335,1,0.1730686818663174,0.18460659399650753,0.020362331839201348,89.00523560209425,0.04177937219861502,39.79057591623037,0.029187443947100447,75.39267015706807,0.033083408072782726,97.38219895287958,0.1527390134576879,92.14659685863874,-0.03659192825226457,7.329842931937173,85.86387434554973,839839,76.79558011049724,76.50933040614709,501667,9.068294235052491,FALSE,FALSE,NA,Low,41,59,Insufficient Evidence,Center backs,1.1.0,2026-08-01 14:43:31 UTC,NA,NA,NA,Performance data through: 2026-08-01 (updates every day) · MLSPA compensation as of: 2026-04-16,FALSE,2026-08-01 14:43:25 UTC
eVq3jx6G5W,asa_eVq3jx6G5W_mls_blended,Andrés Cubas,andres cubas,1996-05-11,Paraguay,CM,NA,30.138261464750173,mls,lgpMOvnQzy,CM,asa_live,TRUE,NA,mlspa_via_asa,1160,1153333,2681,1153333,TRUE,0.6236559139784946,0.3763440860215054,blended,2025+2026 season to date,2168.978494623656,0.09263022403773266,0.006982561273477635,0.03037741935483871,0.006607036974648355,-0.007148012296807884,0.06476226311799882,-0.008951044386422972,2026,1153333,Vancouver Whitecaps FC,0.13644825463003651,1,0.1021249956318167,0.10893332867734198,0.007448065358608895,23.58490566037736,0.03240258064617387,67.45283018867924,0.0070475061065118135,11.320754716981131,-0.007624546450166677,22.169811320754718,0.06907974732802415,65.09433962264151,-0.009547780679149537,18.867924528301888,13.20754716981132,1153333,90.4040404040404,85.18111964873765,535541.5,-77.19649323422908,TRUE,FALSE,3.9215686274509802,High,20.75,79.25,Below Expected Value by Current Model,Central and defensive midfielders,1.1.0,2026-08-01 14:43:31 UTC,99,99,421,Performance data through: 2026-08-01 (updates every day) · MLSPA compensation as of: 2026-04-16,FALSE,2026-08-01 14:43:25 UTC
eVq3jyYV5W,asa_eVq3jyYV5W_mls_blended,Justen Glad,justen glad,1997-02-28,USA,CB,NA,29.336071184120467,mls,a2lqR4JMr0,CB,asa_live,TRUE,NA,mlspa_via_asa,1208,1330000,3246,1330000,TRUE,0.6331236897274634,0.36687631027253664,blended,2025+2026 season to date,2398.8805031446536,0.1269083865192574,0.006714647345353932,0.04859215987165626,0.018959625199083917,0.008411664864739179,0.05839127402085584,-0.014160984782431787,2026,1330000,Real Salt Lake,0.13407640205361335,1,0.12834252479722602,0.13689869312131916,0.007162290501934682,41.8848167539267,0.05183163719805308,51.832460732984295,0.020223600212988167,63.35078534031414,0.008972442522668846,74.3455497382199,0.0622840256241926,38.21989528795812,-0.01510505043506594,19.895287958115183,35.07853403141361,1330000,95.02762430939227,87.54116355653129,501667,-59.949090277978655,TRUE,FALSE,6.185567010309279,High,20.75,79.25,Below Expected Value by Current Model,Center backs,1.1.0,2026-08-01 14:43:31 UTC,92,92,411,Performance data through: 2026-08-01 (updates every day) · MLSPA compensation as of: 2026-04-16,FALSE,2026-08-01 14:43:25 UTC
eVq3r1eD5W,asa_eVq3r1eD5W_mls_blended,Ronald Donkor,ronald donkor,2004-11-20,Mali,CM,NA,21.609856262833677,mls,a2lqRX2Mr0,CM,asa_live,TRUE,NA,mlspa_via_asa,1520,175400,1017,175400,TRUE,0.6846846846846847,0.3153153153153153,blended,2025+2026 season to date,1840.6756756756756,0.18025204496531932,0.015174172845411778,0.057997257434425575,0.03839523638682931,0.03140495096866778,0.04232585904488559,-0.005045431714900733,2026,175400,New York Red Bulls,0.13644825463003651,1,0.1694836030690425,0.18078250994596146,0.016185784368945036,51.41509433962264,0.06186374126532052,83.01886792452831,0.040954918813897775,73.58490566037736,0.033498614367625794,90.09433962264151,0.045147582982622156,25.471698113207548,-0.00538179382939563,30.660377358490567,83.49056603773585,175400,24.747474747474747,27.8814489571899,535541.5,58.7430912902611,TRUE,FALSE,96.07843137254902,High,14,86,Elite Value,Central and defensive midfielders,1.1.0,2026-08-01 14:43:31 UTC,5,5,20,Performance data through: 2026-08-01 (updates every day) · MLSPA compensation as of: 2026-04-16,FALSE,2026-08-01 14:43:25 UTC
eVq3rBnV5W,asa_eVq3rBnV5W_mls_blended,Mateo Silvetti,mateo silvetti,2006-01-14,Argentina,W,NA,20.459958932238195,mls,zeQZkL1MKw,W,asa_live,TRUE,NA,mlspa_via_asa,877,607078,518,607078,TRUE,0.5561192136968929,0.4438807863031071,blended,2025+2026 season to date,1106.9302473050095,0.2150259473170063,0.05845395807982999,-0.008819688426536871,0.10838715316457867,0.008778813690037534,0.031187886681862585,0.017037824127234393,2026,607078,Inter Miami CF,0.20277985605674193,1,0.21072134566866157,0.22476943538692973,0.06235088862043379,74.23580786026201,-0.009407667655266651,47.161572052401745,0.11561296337916349,73.79912663755458,0.009364067936332663,44.97816593886463,0.03326707912835969,41.048034934497814,0.018173679069617945,86.46288209606988,63.75545851528384,607078,56.33802816901409,60.59275521405049,520000,7.417430346269754,TRUE,FALSE,71.875,Medium,29.75,70.25,Undervalued,Wingers and attacking midfielders,1.1.0,2026-08-01 14:43:31 UTC,28,28,126,Performance data through: 2026-08-01 (updates every day) · MLSPA compensation as of: 2026-04-16,FALSE,2026-08-01 14:43:25 UTC
eVq3rXzD5W,asa_eVq3rXzD5W_mls_blended,Ender Echenique,ender echenique,2004-04-02,Venezuela,FB,NA,22.245037645448324,mls,NWMWlBK5lz,FB,asa_live,TRUE,NA,mlspa_via_asa,1019,446580,915,446580,TRUE,0.5927865037812682,0.4072134962187318,blended,2025+2026 season to date,1391.6003490401397,0.20764864246273565,0.03190570194260864,-0.004853345921666241,0.06472408663061825,0.0542261894544102,0.05872048178983205,0.0029255285669327396,2026,446580,FC Cincinnati,0.11638469243644946,1,0.18015398469057634,0.19216425034261989,0.03403274873984607,88.65979381443299,-0.005176902316605768,24.22680412371134,0.0690390257414836,88.65979381443299,0.05784126875317842,95.87628865979381,0.0626351805777782,60.30927835051546,0.003120563804825773,79.89690721649484,95.36082474226804,446580,62.16216216216216,48.51811196487377,343925,33.198662580105875,TRUE,FALSE,87.8048780487805,High,20.75,79.25,Strong Value,Fullbacks and wingbacks,1.1.0,2026-08-01 14:43:31 UTC,11,11,56,Performance data through: 2026-08-01 (updates every day) · MLSPA compensation as of: 2026-04-16,FALSE,2026-08-01 14:43:25 UTC
eVq3rkkw5W,asa_eVq3rkkw5W_mls_blended,Tomás Avilés,tomas aviles,2004-02-03,Argentina,CB,NA,22.406570841889117,mls,APk5LGOMOW,CB,asa_live,TRUE,NA,mlspa_via_asa,253,522500,1398,522500,TRUE,0.2654774396642183,0.7345225603357817,blended,2025+2026 season to date,1279.8625393494228,0.16501414552643784,0.009959450391580232,0.06872387175803538,0.00545087795936932,0.014504839022017655,0.06994780431346234,-0.0035726979180270967,2026,522500,CF Montréal,0.13407640205361335,1,0.15513967561433523,0.16548232066046223,0.010623413751350895,61.78010471204188,0.07330546321086186,82.72251308900523,0.005814269823508971,22.513089005235603,0.01547182829063566,89.00523560209425,0.07461099127002475,50.78534031413613,-0.003810877779347993,50.261780104712045,71.20418848167539,522500,51.93370165745856,54.00658616904501,501667,19.270486824216825,FALSE,TRUE,NA,Low,41,59,Small-Sample Watchlist,Center backs,1.1.0,2026-08-01 14:43:31 UTC,NA,NA,NA,Performance data through: 2026-08-01 (updates every day) · MLSPA compensation as of: 2026-04-16,FALSE,2026-08-01 14:43:25 UTC
eVq3v9n5WO,asa_eVq3v9n5WO_mls_blended,Olivier Giroud,olivier giroud,1986-09-30,France,FW,NA,38.75154004106776,mls,eVq3ya6MWO,FW,asa_live,TRUE,NA,mlspa_via_asa,0,NA,595,3675000,TRUE,0,1,blended,2025+2026 season to date,595,0.3628134453781512,0.07876134453781514,-0.04773781512605042,0.2833411764705882,0.00251092436974789,0.030569747899159665,0.01536806722689075,2026,3675000,Los Angeles FC,0.21108432719581333,1,0.28663146135354645,0.30574022545333723,0.08401210084296153,77.30496453900709,-0.05092033613604505,43.262411347517734,0.3022305882447388,90.78014184397163,0.0026783193278147803,75.177304964539,0.032607731093455966,60.99290780141844,0.016392605042529068,78.72340425531915,90.78014184397163,3675000,91.7910447761194,96.65203073545554,535000,-1.010902932147772,FALSE,FALSE,NA,Low,41,59,Insufficient Evidence,Strikers,1.1.0,2026-08-01 14:43:31 UTC,NA,NA,NA,Performance data through: 2026-08-01 (updates every day) · MLSPA compensation as of: 2026-04-16,FALSE,2026-08-01 14:43:25 UTC
eVq3x2B6QW,asa_eVq3x2B6QW_mls_blended,Dante Polvara,dante polvara,2000-06-21,USA,CB,NA,26.026009582477755,mls,wvq9B9wQWn,CB,asa_live,TRUE,NA,mlspa_via_asa,1621,436806,0,NA,FALSE,1,0,blended,2025+2026 season to date,1621,0.13124120913016657,0.01179827267119062,0.03646637877853177,0.01102652683528685,6.440468846391116e-4,0.07176681061073412,-4.608266502159161e-4,2026,436806,St. Louis City SC,0.13407640205361335,1,0.13200713247733814,0.1408076079802276,0.012584824182996604,71.72774869109948,0.038897470698316096,32.98429319371728,0.011761628624673524,37.17277486910995,6.869833436365207e-4,41.361256544502616,0.07655126465384195,53.92670157068063,-4.91548426912338e-4,73.29842931937172,39.79057591623037,436806,43.646408839779006,47.200878155872665,501667,-3.8558329235486397,TRUE,FALSE,45.36082474226804,High,22,78,Fair Value,Center backs,1.1.0,2026-08-01 14:43:31 UTC,54,54,240,Performance data through: 2026-08-01 (updates every day) · MLSPA compensation as of: 2026-04-16,FALSE,2026-08-01 14:43:25 UTC
eVq3xWKgQW,asa_eVq3xWKgQW_mls_blended,José Caicedo,jose caicedo,2002-05-23,Colombia,CM,NA,24.10677618069815,mls,WBLMvYAQxe,CM,asa_live,TRUE,NA,mlspa_via_asa,687,1075009,0,NA,FALSE,1,0,blended,2025+2026 season to date,687,0.12183406113537118,0.00893449781659388,0.00948471615720524,0.02413100436681222,0.013506550218340612,0.06838427947598254,-0.00260698689956331,2026,1075009,Portland Timbers FC,0.13644825463003651,1,0.12864720495572798,0.13722368529039808,0.009530131004664622,30.18867924528302,0.010117030568001747,41.9811320754717,0.025739737992070737,52.35849056603774,0.014406986900013538,74.52830188679245,0.07294323144332751,70.75471698113208,-0.0027807860262877636,41.509433962264154,40.094339622641506,1075009,87.87878787878788,83.86388583973655,535541.5,-47.78444825614637,TRUE,FALSE,14.705882352941176,Low,37.75,62.25,Below Expected Value by Current Model,Central and defensive midfielders,1.1.0,2026-08-01 14:43:31 UTC,88,88,373,Performance data through: 2026-08-01 (updates every day) · MLSPA compensation as of: 2026-04-16,FALSE,2026-08-01 14:43:25 UTC
eVq3xk1VQW,asa_eVq3xk1VQW_mls_blended,Sebastian Berhalter,sebastian berhalter,2001-05-10,USA,CM,NA,25.14168377823409,mls,lgpMOvnQzy,CM,asa_live,TRUE,NA,mlspa_via_asa,1262,480000,3145,480000,TRUE,0.6432212028542303,0.35677879714576965,blended,2025+2026 season to date,2384.0693170234454,0.21593643616633362,0.04076064380624553,0.09252500692813699,0.017695679759630108,0.02210882280013418,0.05120043464943626,-0.008354151777249456,2026,480000,Vancouver Whitecaps FC,0.13644825463003651,1,0.19995392910803544,0.21328419105523627,0.043478020061353914,91.0377358490566,0.0986933407264303,92.45283018867924,0.018875391744195304,39.15094339622642,0.023582744320880086,83.9622641509434,0.054613796961105354,41.509433962264154,-0.008911095229344558,19.81132075471698,94.81132075471699,480000,47.97979797979798,50.933040614709114,535541.5,46.83152277491901,TRUE,FALSE,94.11764705882354,High,20.75,79.25,Elite Value,Central and defensive midfielders,1.1.0,2026-08-01 14:43:31 UTC,7,7,28,Performance data through: 2026-08-01 (updates every day) · MLSPA compensation as of: 2026-04-16,FALSE,2026-08-01 14:43:25 UTC
eVq3y38yMW,asa_eVq3y38yMW_mls_blended,Benjamin Cremaschi,benjamin cremaschi,2005-03-02,USA,W,NA,20.331279945242983,mls,zeQZkL1MKw,W,asa_live,TRUE,NA,mlspa_via_asa,0,NA,1540,502500,TRUE,0,1,blended,2025+2026 season to date,1540,0.09750974025974024,0.02112662337662337,-0.03186818181818181,0.06846428571428571,-0.00891233766233766,0.05284285714285714,-0.00414350649350649,2026,502500,Inter Miami CF,0.20277985605674193,1,0.12702472599721737,0.1354930410679327,0.022535064935769147,22.270742358078603,-0.03399272727378953,21.397379912663755,0.07302857143085358,37.99126637554585,-0.009506493506790581,25.76419213973799,0.056365714287475714,79.47598253275109,-0.004419740259878372,14.847161572052402,1.3100436681222707,502500,48.82629107981221,52.799121844127335,520000,-47.51624741168994,FALSE,FALSE,NA,Low,41,59,Insufficient Evidence,Wingers and attacking midfielders,1.1.0,2026-08-01 14:43:31 UTC,NA,NA,NA,Performance data through: 2026-08-01 (updates every day) · MLSPA compensation as of: 2026-04-16,FALSE,2026-08-01 14:43:25 UTC
eVq3y3LXMW,asa_eVq3y3LXMW_mls_blended,Caleb Swann,caleb swann,2007-02-04,USA,W,NA,19.4031485284052,mls,mKAqBBmqbg,W,asa_live,TRUE,NA,mlspa_via_asa,14,88025,0,NA,FALSE,1,0,blended,2025+2026 season to date,14,0.7823571428571429,0,-0.01735714285714286,0.009,0,0.7907142857142857,0,2026,88025,FC Dallas,0.20277985605674193,1,0.2159949733453504,0.23039463824224024,0,6.11353711790393,-0.018514285714864288,38.427947598253276,0.009600000000299999,2.6200873362445414,0,34.06113537117904,0.8434285714549286,100,0,37.77292576419214,67.24890829694323,88025,5.164319248826291,4.33589462129528,520000,62.08458904811694,FALSE,TRUE,NA,Low,49,51,Small-Sample Watchlist,Wingers and attacking midfielders,1.1.0,2026-08-01 14:43:31 UTC,NA,NA,NA,Performance data through: 2026-08-01 (updates every day) · MLSPA compensation as of: 2026-04-16,FALSE,2026-08-01 14:43:25 UTC
eVq3y6KGMW,asa_eVq3y6KGMW_mls_blended,David Martínez,david martinez,2006-02-07,Venezuela,W,NA,20.39425051334702,mls,eVq3ya6MWO,W,asa_live,TRUE,NA,mlspa_via_asa,1031,550000,1413,550000,TRUE,0.5956094742923166,0.4043905257076834,blended,2025+2026 season to date,1602.4038128249567,0.2920953059054264,0.06531673823532658,0.00886219813295948,0.09411531569322248,0.069925973352173,0.045138412684395085,0.008736667807349672,2026,550000,Los Angeles FC,0.20277985605674193,1,0.26776313321431877,0.28561400877086546,0.06967118745319224,81.22270742358079,0.009453011342118851,64.19213973799127,0.10038967007590782,63.75545851528384,0.0745877049113154,86.46288209606988,0.048147640198192704,69.86899563318778,0.009319112328130872,73.79912663755458,89.51965065502183,550000,52.582159624413144,56.58616904500549,520000,36.93749103060869,TRUE,FALSE,93.75,High,20.75,79.25,Elite Value,Wingers and attacking midfielders,1.1.0,2026-08-01 14:43:31 UTC,7,7,31,Performance data through: 2026-08-01 (updates every day) · MLSPA compensation as of: 2026-04-16,FALSE,2026-08-01 14:43:25 UTC
eVq3yPAGMW,asa_eVq3yPAGMW_mls_blended,Morris Duggan,morris duggan,2000-10-24,Germany,CB,NA,25.683778234086244,mls,kRQand1MKZ,CB,asa_live,TRUE,NA,mlspa_via_asa,1726,113400,1747,113400,TRUE,0.7114591920857378,0.2885408079142622,blended,2025+2026 season to date,2230.080791426216,0.16452123767938537,0.0158071368135034,0.03205550535106467,0.04139371816766559,-0.0014204263014065835,0.07714326243410562,-4.5795878554733563e-4,2026,113400,Minnesota United FC,0.13407640205361335,1,0.15806668647688857,0.1686044655806167,0.01686094593493053,82.19895287958116,0.034192539042204165,25.654450261780106,0.04415329938022309,89.00523560209425,-0.0015151213882143699,31.93717277486911,0.08228614659895077,59.16230366492147,-4.884893712657566e-4,73.82198952879581,75.91623036649214,113400,12.154696132596685,16.41053787047201,501667,63.76153423389546,TRUE,FALSE,92.78350515463917,High,14,86,Elite Value,Center backs,1.1.0,2026-08-01 14:43:31 UTC,8,8,34,Performance data through: 2026-08-01 (updates every day) · MLSPA compensation as of: 2026-04-16,FALSE,2026-08-01 14:43:25 UTC
eVq3yR3yMW,asa_eVq3yR3yMW_mls_blended,Owen Gene,owen gene,2003-03-19,France,CM,NA,23.28542094455852,mls,kRQand1MKZ,CM,asa_live,TRUE,NA,mlspa_via_asa,964,450100,795,450100,TRUE,0.5793269230769231,0.42067307692307687,blended,2025+2026 season to date,1298.4350961538462,0.16474956912191582,0.007619976868650213,0.022520035830914362,0.02240815493468795,0.013238989931059509,0.09871575653120465,2.466550253991291e-4,2026,450100,Minnesota United FC,0.13644825463003651,1,0.1558049448208112,0.1661919411473921,0.008127975326814226,25.471698113207548,0.02402137155372599,57.54716981132076,0.023902031931080755,49.528301886792455,0.01412158926023811,74.05660377358491,0.10529680696990881,90.09433962264151,2.630986937672929e-4,65.56603773584905,74.52830188679245,450100,46.464646464646464,48.957189901207464,535541.5,28.063655422145985,TRUE,FALSE,78.43137254901961,High,20.75,79.25,Strong Value,Central and defensive midfielders,1.1.0,2026-08-01 14:43:31 UTC,23,23,96,Performance data through: 2026-08-01 (updates every day) · MLSPA compensation as of: 2026-04-16,FALSE,2026-08-01 14:43:25 UTC
eVq3ydEvMW,asa_eVq3ydEvMW_mls_blended,Monsef Bakrar,monsef bakrar,2001-01-13,Algeria,FW,NA,24.46269678302533,mls,Vj58weDM8n,FW,asa_live,TRUE,NA,mlspa_via_asa,0,NA,703,468720,TRUE,0,1,blended,2025+2026 season to date,703,0.19646372688477953,0.07490611664295875,-0.04905832147937411,0.21128876244665715,-0.08185775248933144,0.0458321479374111,-0.00464722617354196,2026,468720,New York City FC,0.21108432719581333,1,0.2031961598752786,0.2167425705404037,0.0798998577549862,71.63120567375887,-0.052328876246301,42.5531914893617,0.2253746799501439,70.2127659574468,-0.08731493599134879,14.893617021276595,0.04888762446809958,86.52482269503547,-0.0049570412519329985,11.347517730496454,41.13475177304964,468720,47.76119402985075,50.27442371020856,535000,-6.626442256801106,FALSE,FALSE,NA,Low,41,59,Insufficient Evidence,Strikers,1.1.0,2026-08-01 14:43:31 UTC,NA,NA,NA,Performance data through: 2026-08-01 (updates every day) · MLSPA compensation as of: 2026-04-16,FALSE,2026-08-01 14:43:25 UTC
eVq3yp76MW,asa_eVq3yp76MW_mls_blended,Alonso Martínez,alonso martinez,1998-10-15,Costa Rica,FW,NA,26.71047227926078,mls,Vj58weDM8n,FW,asa_live,TRUE,NA,mlspa_via_asa,0,NA,3029,800333,TRUE,0,1,blended,2025+2026 season to date,3029,0.34089765599207655,0.09641498844503137,-0.04551997358864311,0.27633773522614724,-0.04286068009243975,0.0225817101353582,0.03394387586662265,2026,800333,New York City FC,0.21108432719581333,1,0.31943499485188426,0.34073066118599105,0.10284265434458062,90.0709219858156,-0.04855463849606999,46.808510638297875,0.2947602509171016,87.23404255319149,-0.04571805876669775,34.751773049645394,0.024087157478468138,39.716312056737586,0.03620680092552895,95.0354609929078,95.74468085106383,800333,61.940298507462686,74.20417124039517,535000,33.80438234360115,FALSE,FALSE,NA,Low,41,59,Insufficient Evidence,Strikers,1.1.0,2026-08-01 14:43:31 UTC,NA,NA,NA,Performance data through: 2026-08-01 (updates every day) · MLSPA compensation as of: 2026-04-16,FALSE,2026-08-01 14:43:25 UTC
eVq3yvnvMW,asa_eVq3yvnvMW_mls_blended,Edward Davis,edward davis,2006-06-17,USA,FW,NA,19.039014373716633,mls,9z5k7Yg5A3,FW,asa_live,TRUE,NA,mlspa_via_asa,0,NA,8,82622,TRUE,0,1,blended,2025+2026 season to date,8,-0.212625,0,0,0.023625,-0.23625,0,0,2026,82622,Philadelphia Union,0.21108432719581333,1,0.20550920446955262,0.21920981810770643,0,3.900709219858156,0,86.52482269503547,0.0252000000007875,3.5460992907801416,-0.252000000007875,2.127659574468085,0,8.51063829787234,0,31.914893617021278,44.680851063829785,82622,2.985074626865672,2.0856201975850714,535000,41.69577643696411,FALSE,FALSE,NA,Low,41,59,Insufficient Evidence,Strikers,1.1.0,2026-08-01 14:43:31 UTC,NA,NA,NA,Performance data through: 2026-08-01 (updates every day) · MLSPA compensation as of: 2026-04-16,FALSE,2026-08-01 14:43:25 UTC
gOMn6NBlMw,asa_gOMn6NBlMw_mls_blended,Yaw Yeboah,yaw yeboah,1997-03-28,Ghana,CM,NA,28.26009582477755,mls,eVq3ya6MWO,CM,asa_live,TRUE,NA,mlspa_via_asa,0,NA,559,550000,TRUE,0,1,blended,2025+2026 season to date,559,0.06555992844364938,0.00867799642218246,-0.00998211091234347,0.03013953488372093,-0.02331305903398927,0.05055456171735242,0.00948300536672629,2026,550000,Los Angeles FC,0.13644825463003651,1,0.10225794027439336,0.10907513629609485,0.00925652951728389,28.77358490566038,-0.010647584973499106,18.867924528301888,0.03214883721030697,63.20754716981132,-0.024867262970365657,7.547169811320755,0.05392486583352773,41.0377358490566,0.010115205724824142,91.0377358490566,13.679245283018869,550000,52.525252525252526,56.58616904500549,535541.5,-38.846007242233654,FALSE,FALSE,NA,Low,41,59,Insufficient Evidence,Central and defensive midfielders,1.1.0,2026-08-01 14:43:31 UTC,NA,NA,NA,Performance data through: 2026-08-01 (updates every day) · MLSPA compensation as of: 2026-04-16,FALSE,2026-08-01 14:43:25 UTC
gOMn6eOBMw,asa_gOMn6eOBMw_mls_blended,Timo Werner,timo werner,1996-03-06,Germany,W,NA,30.31895961670089,mls,0KPqjA456v,W,asa_live,TRUE,NA,mlspa_via_asa,688,4268039,0,NA,FALSE,1,0,blended,2025+2026 season to date,688,0.5010959302325582,0.05982122093023255,0.06947529069767441,0.10648255813953487,0.2357529069767442,0.02112645348837209,0.00843749999999999,2026,4268039,San Jose Earthquakes,0.20277985605674193,1,0.3621288149332649,0.38627073594088684,0.06380930232757542,75.54585152838428,0.07410697674650188,93.01310043668123,0.11358139535238662,71.61572052401746,0.2514697674497189,98.2532751091703,0.022534883721634442,24.45414847161572,0.00900000000028124,73.36244541484716,99.12663755458516,4268039,93.89671361502347,97.47530186608122,520000,5.2299239395616866,TRUE,FALSE,68.75,Low,37.75,62.25,Undervalued,Wingers and attacking midfielders,1.1.0,2026-08-01 14:43:31 UTC,31,31,139,Performance data through: 2026-08-01 (updates every day) · MLSPA compensation as of: 2026-04-16,FALSE,2026-08-01 14:43:25 UTC
gOMn6jW8Mw,asa_gOMn6jW8Mw_mls_blended,Júnior Alonso,junior alonso,1993-02-09,Paraguay,CB,NA,33.38809034907597,mls,KAqBN0Vqbg,CB,asa_live,FALSE,NA,NA,205,NA,0,NA,FALSE,1,0,blended,2025+2026 season to date,205,0.1238048780487805,0.02221463414634146,0.14044390243902438,0.015278048780487802,0.0252,-0.08359024390243903,0.00425853658536585,2026,NA,Atlanta United FC,0.13407640205361335,1,0.1314606723380969,0.14022471716501872,0.023695609756838047,92.67015706806282,0.14980682927297415,100,0.016296585366362925,49.738219895287955,0.02688000000084,95.28795811518324,-0.08916292683205465,3.141361256544503,0.004542439024532191,94.24083769633508,38.7434554973822,NA,NA,NA,501667,NA,FALSE,FALSE,NA,Insufficient,49,51,Insufficient Evidence,Center backs,1.1.0,2026-08-01 14:43:31 UTC,NA,NA,NA,Performance data through: 2026-08-01 (updates every day) · MLSPA compensation as of: 2026-04-16,FALSE,2026-08-01 14:43:25 UTC
gOMn6n8XMw,asa_gOMn6n8XMw_mls_blended,Christian Ramírez,christian ramirez,1991-04-04,USA,FW,NA,35.24161533196441,mls,gpMOLwl5zy,FW,asa_live,TRUE,NA,mlspa_via_asa,792,577500,1079,577500,TRUE,0.5308310991957105,0.4691689008042895,blended,2025+2026 season to date,1298.2332439678285,0.2420310957171644,0.06172735714977874,-0.03486590701846362,0.21455506849008738,-0.02297937594883556,0.021956780307453773,0.001637172737143666,2026,577500,Austin FC,0.21108432719581333,1,0.23224933619324084,0.24773262528053186,0.0658425142951549,56.02836879432624,-0.037190300820856725,56.737588652482266,0.2288587397299117,70.92198581560284,-0.024511334346190575,56.02836879432624,0.023420565662015915,37.5886524822695,0.0017463175863411495,43.262411347517734,65.95744680851064,577500,53.73134328358209,58.94621295279912,535000,12.226103524928547,TRUE,FALSE,79.3103448275862,Medium,29.75,70.25,Undervalued,Strikers,1.1.0,2026-08-01 14:43:31 UTC,13,13,93,Performance data through: 2026-08-01 (updates every day) · MLSPA compensation as of: 2026-04-16,FALSE,2026-08-01 14:43:25 UTC
gOMn6oPAMw,asa_gOMn6oPAMw_mls_blended,Federico Bernardeschi,federico bernardeschi,1994-02-16,Italy,W,NA,31.370294318959616,mls,kRQabn8MKZ,W,asa_live,TRUE,NA,mlspa_via_asa,0,NA,1443,6295381,TRUE,0,1,blended,2025+2026 season to date,1443,0.28085239085239083,0.07095218295218295,0.04204365904365904,0.06602494802494803,0.06454677754677754,0.03483991683991684,0.00244490644490644,2026,6295381,Toronto FC,0.20277985605674193,1,0.25792359942929277,0.2751185060665097,0.07568232848469354,87.33624454148472,0.044846569647971096,85.58951965065502,0.07042661122881207,34.49781659388646,0.0688498960520476,85.1528384279476,0.0371625779637393,49.78165938864629,0.0026079002079816994,55.02183406113537,86.46288209606988,6295381,98.59154929577464,99.23161361141602,520000,-12.128667199704765,FALSE,FALSE,NA,Low,41,59,Insufficient Evidence,Wingers and attacking midfielders,1.1.0,2026-08-01 14:43:31 UTC,NA,NA,NA,Performance data through: 2026-08-01 (updates every day) · MLSPA compensation as of: 2026-04-16,FALSE,2026-08-01 14:43:25 UTC
gOMnBnmMwN,asa_gOMnBnmMwN_mls_blended,Johnny Russell,johnny russell,1990-04-08,Scotland,W,NA,35.23066392881588,mls,a2lqR4JMr0,W,asa_live,TRUE,NA,mlspa_via_asa,0,NA,420,325500,TRUE,0,1,blended,2025+2026 season to date,420,0.2623714285714286,0.08072142857142857,-0.02614285714285714,0.15585,0.02552142857142857,0.02905714285714285,-0.00263571428571428,2026,325500,Real Salt Lake,0.20277985605674193,1,0.22731756238631878,0.24247206655298395,0.08610285714554786,91.26637554585153,-0.027885714286585712,27.510917030567686,0.16624000000519498,88.20960698689956,0.027222857143707854,60.698689956331876,0.03099428571525428,36.24454148471616,-0.0028114285715164222,20.087336244541486,72.0524017467249,325500,35.68075117370892,38.52908891328211,520000,36.37165057301598,FALSE,FALSE,NA,Low,41,59,Insufficient Evidence,Wingers and attacking midfielders,1.1.0,2026-08-01 14:43:31 UTC,NA,NA,NA,Performance data through: 2026-08-01 (updates every day) · MLSPA compensation as of: 2026-04-16,FALSE,2026-08-01 14:43:25 UTC
gOMnR0wlMw,asa_gOMnR0wlMw_mls_blended,Julian Gressel,julian gressel,1993-12-16,Germany,CM,NA,32.539356605065024,mls,kRQand1MKZ,CM,asa_live,TRUE,NA,mlspa_via_asa,71,1204005,1220,1204005,TRUE,0.15,0.85,blended,2025+2026 season to date,1108,0.050004371969522045,0.010659836065573764,0.021959589586700533,0.024489392749942267,0.004920574924959591,-0.005228151119833751,-0.006796870237820357,2026,1204005,Minnesota United FC,0.13644825463003651,1,0.08037107548024142,0.08572914718160321,0.01137049180363401,36.320754716981135,0.023423562226545888,56.60377358490566,0.026122018934088064,53.77358490566038,0.00524861325345425,51.41509433962264,-0.00557669452799694,3.30188679245283,-0.007249994920568276,25,4.716981132075472,1204005,92.42424242424242,86.05927552140506,535541.5,-87.70726129216695,FALSE,TRUE,NA,Low,41,59,Small-Sample Watchlist,Central and defensive midfielders,1.1.0,2026-08-01 14:43:31 UTC,NA,NA,NA,Performance data through: 2026-08-01 (updates every day) · MLSPA compensation as of: 2026-04-16,FALSE,2026-08-01 14:43:25 UTC
gOMnR6e6Mw,asa_gOMnR6e6Mw_mls_blended,Nick Lima,nick lima,1994-11-17,USA,FB,NA,30.62012320328542,mls,0KPqjA456v,FB,asa_live,TRUE,NA,mlspa_via_asa,0,NA,529,375000,TRUE,0,1,blended,2025+2026 season to date,529,0.05786200378071834,0.015294896030245742,0.03438374291115312,0.01144990548204158,-0.01076937618147447,0.01138185255198487,-0.00387901701323251,2026,375000,San Jose Earthquakes,0.11638469243644946,1,0.08896352122397669,0.09489442264187392,0.016314555766105288,60.824742268041234,0.036675992439709454,74.74226804123711,0.01221323251455935,23.195876288659793,-0.011487334593931748,18.556701030927837,0.01214064272249659,13.402061855670103,-0.0041376181475773115,36.08247422680412,14.948453608247423,375000,53.78378378378378,42.4807903402854,343925,-38.835330175536356,FALSE,FALSE,NA,Low,41,59,Insufficient Evidence,Fullbacks and wingbacks,1.1.0,2026-08-01 14:43:31 UTC,NA,NA,NA,Performance data through: 2026-08-01 (updates every day) · MLSPA compensation as of: 2026-04-16,FALSE,2026-08-01 14:43:25 UTC
gOMnR96lMw,asa_gOMnR96lMw_mls_blended,Alex Muyl,alex muyl,1995-09-30,USA,W,NA,30.751540041067763,mls,vzqoOgNqap,W,asa_live,TRUE,NA,mlspa_via_asa,792,655000,2651,655000,TRUE,0.5308310991957105,0.4691689008042895,blended,2025+2026 season to date,2035.7667560321715,0.13523623312766792,0.02656065038940235,-0.028531452545096543,0.091204347744743,0.0063291860626219255,0.038306007495780336,0.0013674939802168842,2026,655000,Nashville SC,0.20277985605674193,1,0.15061171112271315,0.16065249186924777,0.02833136041624786,27.510917030567686,-0.030433549382387362,24.890829694323145,0.09728463759743267,60.698689956331876,0.006751131800341027,41.48471615720524,0.04085974133010922,56.33187772925764,0.0014586602456102596,49.78165938864629,8.733624454148472,655000,60.563380281690144,63.88583973655324,520000,-51.829755827541675,TRUE,FALSE,11.458333333333334,Medium,29.75,70.25,Below Expected Value by Current Model,Wingers and attacking midfielders,1.1.0,2026-08-01 14:43:31 UTC,86,86,388,Performance data through: 2026-08-01 (updates every day) · MLSPA compensation as of: 2026-04-16,FALSE,2026-08-01 14:43:25 UTC
gOMnR9bXMw,asa_gOMnR9bXMw_mls_blended,Tom Pearce,tom pearce,1998-04-12,England,W,NA,27.21971252566735,mls,APk5LGOMOW,W,asa_live,TRUE,NA,mlspa_via_asa,0,NA,1030,507625,TRUE,0,1,blended,2025+2026 season to date,1030,0.13554174757281554,0.03345728155339805,0.01669805825242718,0.03281067961165049,-0.00819611650485437,0.05789708737864078,0.00287475728155339,2026,507625,CF Montréal,0.20277985605674193,1,0.16029197155462893,0.17097810299694727,0.035687766991406494,37.99126637554585,0.01781126213647893,70.74235807860262,0.034998058253520876,9.170305676855895,-0.008742524272117864,26.637554585152838,0.0617568932058134,85.1528384279476,0.003066407767086108,55.89519650655022,16.157205240174672,507625,49.76525821596244,53.23819978046103,520000,-33.60805297578777,FALSE,FALSE,NA,Low,41,59,Insufficient Evidence,Wingers and attacking midfielders,1.1.0,2026-08-01 14:43:31 UTC,NA,NA,NA,Performance data through: 2026-08-01 (updates every day) · MLSPA compensation as of: 2026-04-16,FALSE,2026-08-01 14:43:25 UTC
gOMnRE8BMw,asa_gOMnRE8BMw_mls_blended,Marcel Hartel,marcel hartel,1996-01-19,Germany,W,NA,30.4476386036961,mls,wvq9B9wQWn,W,asa_live,TRUE,NA,mlspa_via_asa,1505,2407813,3409,2407813,TRUE,0.6825396825396826,0.31746031746031744,blended,2025+2026 season to date,2587.222222222222,0.30599589322381926,0.06771581108829569,0.0342983866236433,0.1154406654653648,0.05470944977580355,0.034314411431923895,-4.8283116121191857e-4,2026,2407813,St. Louis City SC,0.20277985605674193,1,0.2865652988120285,0.30566965207571595,0.07223019849643926,83.84279475982532,0.036584945733029464,84.27947598253274,0.12313670983357047,76.41921397379913,0.058356746429347434,81.22270742358079,0.03660203886186263,48.03493449781659,-5.150199053088075e-4,30.56768558951965,92.13973799126637,2407813,87.79342723004694,94.07244785949506,520000,4.346310761219428,TRUE,FALSE,66.66666666666667,High,14,86,Fair Value,Wingers and attacking midfielders,1.1.0,2026-08-01 14:43:31 UTC,33,33,149,Performance data through: 2026-08-01 (updates every day) · MLSPA compensation as of: 2026-04-16,FALSE,2026-08-01 14:43:25 UTC
gOMnY6XOQw,asa_gOMnY6XOQw_mls_blended,Moises Castillo Mosquera,moises castillo mosquera,2001-05-24,Colombia,CB,NA,25.10335386721424,mls,Z2vQ1xlqrA,CB,asa_live,FALSE,NA,NA,26,NA,0,NA,FALSE,1,0,blended,2025+2026 season to date,26,-0.08065384615384616,0,0.08376923076923076,-0.00103846153846153,-0.02803846153846153,-0.1408846153846154,0.00553846153846153,2026,NA,Sporting Kansas City,0.13407640205361335,1,0.12515789334212143,0.1335017529024348,0,6.806282722513089,0.08935384615663845,91.62303664921465,-0.001107692307726914,3.141361256544503,-0.029907692308626912,5.7591623036649215,-0.15027692308161927,2.6178010471204187,0.005907692307876914,96.8586387434555,32.98429319371728,NA,NA,NA,501667,NA,FALSE,FALSE,NA,Insufficient,49,51,Insufficient Evidence,Center backs,1.1.0,2026-08-01 14:43:31 UTC,NA,NA,NA,Performance data through: 2026-08-01 (updates every day) · MLSPA compensation as of: 2026-04-16,FALSE,2026-08-01 14:43:25 UTC
gOMnYNjlQw,asa_gOMnYNjlQw_mls_blended,Stiven Jimenez,stiven jimenez,2007-06-24,USA,CM,NA,19.019849418206707,mls,NWMWlBK5lz,CM,asa_live,TRUE,NA,mlspa_via_asa,15,113400,121,113400,TRUE,0.15,0.85,blended,2025+2026 season to date,117.85,-0.023539834710743807,0,0.003925785123966935,0.010059917355371898,-0.006871983471074381,0.13678438016528927,-0.1674379338842975,2026,113400,FC Cincinnati,0.13644825463003651,1,0.11018288396929826,0.11752840957092424,0,6.60377358490566,0.0041875041323622565,32.075471698113205,0.010730578512732023,20.28301886792453,-0.007330115702708405,23.11320754716981,0.1459033388475347,97.64150943396227,-0.1786004628154986,0.4716981132075472,22.641509433962263,113400,14.393939393939394,16.41053787047201,535541.5,8.247570040022868,FALSE,TRUE,NA,Low,41,59,Small-Sample Watchlist,Central and defensive midfielders,1.1.0,2026-08-01 14:43:31 UTC,NA,NA,NA,Performance data through: 2026-08-01 (updates every day) · MLSPA compensation as of: 2026-04-16,FALSE,2026-08-01 14:43:25 UTC
gOMnYVweQw,asa_gOMnYVweQw_mls_blended,Gonzalo Lujan,gonzalo lujan,2001-04-07,Argentina,CB,NA,25.232032854209447,mls,zeQZkL1MKw,CB,asa_live,TRUE,NA,mlspa_via_asa,976,921750,1964,921750,TRUE,0.5823389021479713,0.41766109785202865,blended,2025+2026 season to date,1796.2863961813841,0.09333109454670951,0.008035217446252104,0.033862013862897306,0.009432219084329379,4.532175823534848e-4,0.05495025859261455,-0.013401832021737333,2026,921750,Inter Miami CF,0.13407640205361335,1,0.10353320750912512,0.1104354213465179,0.008570898609603418,49.738219895287955,0.03611948145488586,28.272251308900522,0.010061033690265744,34.55497382198953,4.8343208785882433e-4,40.31413612565445,0.058613609167287195,35.602094240837694,-0.014295287490299883,24.083769633507853,12.041884816753926,921750,81.76795580110497,80.02195389681668,501667,-69.72607098435105,TRUE,FALSE,3.0927835051546393,High,20.75,79.25,Below Expected Value by Current Model,Center backs,1.1.0,2026-08-01 14:43:31 UTC,95,95,425,Performance data through: 2026-08-01 (updates every day) · MLSPA compensation as of: 2026-04-16,FALSE,2026-08-01 14:43:25 UTC
gOMnYZnAQw,asa_gOMnYZnAQw_mls_blended,Mamadou Fall,mamadou fall,2002-11-21,Senegal,CB,NA,23.60848733744011,mls,wvq9B9wQWn,CB,asa_live,TRUE,NA,mlspa_via_asa,51,496350,0,NA,FALSE,1,0,blended,2025+2026 season to date,51,0.06282352941176471,0,0.02205882352941176,1.7647058823529413e-4,-0.014823529411764702,0.04270588235294118,0.012705882352941171,2026,496350,St. Louis City SC,0.13407640205361335,1,0.12849437977291553,0.13706067176205972,0,6.806282722513089,0.02352941176544117,14.659685863874346,1.8823529412352944e-4,7.853403141361256,-0.015811764706376467,9.947643979057592,0.045552941177894116,22.513089005235603,0.013552941176894111,98.95287958115183,36.64921465968586,496350,49.171270718232044,51.811196487376506,501667,-12.522056058546184,FALSE,TRUE,NA,Low,49,51,Small-Sample Watchlist,Center backs,1.1.0,2026-08-01 14:43:31 UTC,NA,NA,NA,Performance data through: 2026-08-01 (updates every day) · MLSPA compensation as of: 2026-04-16,FALSE,2026-08-01 14:43:25 UTC
gOMnYnlxQw,asa_gOMnYnlxQw_mls_blended,Allen Obando,allen obando,2006-06-13,Ecuador,FW,NA,19.04996577686516,mls,zeQZkL1MKw,FW,asa_live,TRUE,NA,mlspa_via_asa,0,NA,178,620833,TRUE,0,1,blended,2025+2026 season to date,178,0.3423539325842696,0.05035955056179774,-0.03463483146067416,0.16649999999999998,0.1102247191011236,0.029224719101123592,0.02067977528089887,2026,620833,Inter Miami CF,0.21108432719581333,1,0.24111773305589715,0.2571922486009942,0.05371685393426291,37.5886524822695,-0.0369438202258736,57.4468085106383,0.17760000000554999,48.226950354609926,0.11757303371153932,96.45390070921985,0.03117303370883932,56.737588652482266,0.022058426966981456,85.1063829787234,71.63120567375887,620833,55.223880597014926,61.58068057080132,535000,16.407325076743945,FALSE,FALSE,NA,Low,41,59,Insufficient Evidence,Strikers,1.1.0,2026-08-01 14:43:31 UTC,NA,NA,NA,Performance data through: 2026-08-01 (updates every day) · MLSPA compensation as of: 2026-04-16,FALSE,2026-08-01 14:43:25 UTC
gOMnYzdxQw,asa_gOMnYzdxQw_mls_blended,Tsiki Ntsabeleng,tsiki ntsabeleng,1998-02-09,South Africa,CM,NA,27.38945927446954,mls,mKAqBBmqbg,CM,asa_live,TRUE,NA,mlspa_via_asa,0,NA,415,227000,TRUE,0,1,blended,2025+2026 season to date,415,0.13337349397590362,0.02895180722891566,0.01433493975903614,0.0418987951807229,0.04359036144578313,0.0042722891566265,3.253012048192771e-4,2026,227000,FC Dallas,0.13644825463003651,1,0.13519108648080974,0.14420382558403677,0.03088192771180843,82.0754716981132,0.01529060241011638,48.113207547169814,0.044692048194167715,77.83018867924528,0.04649638554362168,92.45283018867924,0.004557108433877344,7.547169811320755,3.4698795181807227e-4,66.50943396226415,51.41509433962264,227000,30.303030303030305,31.94291986827662,535541.5,21.112064036592336,FALSE,FALSE,NA,Low,41,59,Insufficient Evidence,Central and defensive midfielders,1.1.0,2026-08-01 14:43:31 UTC,NA,NA,NA,Performance data through: 2026-08-01 (updates every day) · MLSPA compensation as of: 2026-04-16,FALSE,2026-08-01 14:43:25 UTC
gOMna9OOQw,asa_gOMna9OOQw_mls_blended,Forster Ajago,forster ajago,2001-08-16,Ghana,FW,NA,23.874058863791923,mls,a2lqR4JMr0,FW,asa_live,TRUE,NA,mlspa_via_asa,0,NA,295,80622,TRUE,0,1,blended,2025+2026 season to date,295,0.06177966101694914,0.03776949152542373,-0.04759322033898305,0.15242033898305085,-0.11513898305084748,0.027915254237288127,0.00640677966101695,2026,80622,Real Salt Lake,0.21108432719581333,1,0.16187217465641116,0.1726636529722343,0.040287457628377626,23.404255319148938,-0.05076610169650169,43.97163120567376,0.16258169492033492,41.843971631205676,-0.12281491525807528,7.801418439716312,0.029776271187371178,52.4822695035461,0.006833898305298306,60.99290780141844,9.21985815602837,80622,1.492537313432836,1.0428100987925357,535000,7.7273208425955335,FALSE,FALSE,NA,Low,41,59,Insufficient Evidence,Strikers,1.1.0,2026-08-01 14:43:31 UTC,NA,NA,NA,Performance data through: 2026-08-01 (updates every day) · MLSPA compensation as of: 2026-04-16,FALSE,2026-08-01 14:43:25 UTC
gOMnd9ROqw,asa_gOMnd9ROqw_mls_blended,Ayoub Lajhar,ayoub lajhar,2004-07-10,Libya,FB,NA,21.973990417522245,mls,NWMWlBK5lz,FB,asa_live,FALSE,NA,NA,52,NA,0,NA,FALSE,1,0,blended,2025+2026 season to date,52,-0.1410576923076923,0,0.07805769230769231,0.01523076923076923,0.00951923076923077,0.1888269230769231,-0.4326923076923077,2026,NA,FC Cincinnati,0.11638469243644946,1,0.09585247770225411,0.10224264288559946,0,6.443298969072165,0.08326153846414039,96.90721649484536,0.01624615384666154,33.50515463917526,0.010153846154163461,63.91752577319588,0.20141538462167885,97.9381443298969,-0.46153846155288464,0.5154639175257731,25.77319587628866,NA,NA,NA,343925,NA,FALSE,FALSE,NA,Insufficient,49,51,Insufficient Evidence,Fullbacks and wingbacks,1.1.0,2026-08-01 14:43:31 UTC,NA,NA,NA,Performance data through: 2026-08-01 (updates every day) · MLSPA compensation as of: 2026-04-16,FALSE,2026-08-01 14:43:25 UTC
gOMndX0Jqw,asa_gOMndX0Jqw_mls_blended,Ricky Louis,ricky louis,2004-10-04,Haiti,W,NA,21.738535249828885,mls,mKAqBBmqbg,W,asa_live,TRUE,NA,mlspa_via_asa,25,88858,0,NA,FALSE,1,0,blended,2025+2026 season to date,25,-0.20844,0,-0.01512,0.06984,-0.24804,-0.01152,-0.0036,2026,88858,FC Dallas,0.20277985605674193,1,0.18633106181447223,0.19875313260831476,0,6.11353711790393,-0.016128000000504,39.737991266375545,0.07449600000232799,39.737991266375545,-0.26457600000826803,1.7467248908296944,-0.012288000000384,3.493449781659389,-0.00384000000012,17.467248908296945,35.37117903930131,88858,7.511737089201878,6.311745334796926,520000,27.85944195009943,FALSE,TRUE,NA,Low,49,51,Small-Sample Watchlist,Wingers and attacking midfielders,1.1.0,2026-08-01 14:43:31 UTC,NA,NA,NA,Performance data through: 2026-08-01 (updates every day) · MLSPA compensation as of: 2026-04-16,FALSE,2026-08-01 14:43:25 UTC
gOMndYAxqw,asa_gOMndYAxqw_mls_blended,Troy Putt,troy putt,2006-09-27,New Zealand,W,NA,19.759069130732374,mls,kRQand1MKZ,W,asa_live,FALSE,NA,NA,8,NA,0,NA,FALSE,1,0,blended,2025+2026 season to date,8,0.207,0,0.05175,0.0225,-0.320625,0.453375,0,2026,NA,Minnesota United FC,0.20277985605674193,1,0.20283538426652165,0.21635774322438425,0,6.11353711790393,0.055200000001724994,89.51965065502183,0.024000000000749998,5.895196506550218,-0.3420000000106875,0.8733624454148472,0.48360000001511244,99.56331877729258,0,37.77292576419214,54.148471615720524,NA,NA,NA,520000,NA,FALSE,FALSE,NA,Insufficient,49,51,Insufficient Evidence,Wingers and attacking midfielders,1.1.0,2026-08-01 14:43:31 UTC,NA,NA,NA,Performance data through: 2026-08-01 (updates every day) · MLSPA compensation as of: 2026-04-16,FALSE,2026-08-01 14:43:25 UTC
gOMnl3ZXqw,asa_gOMnl3ZXqw_mls_blended,Marcelo Weigandt,marcelo weigandt,2000-01-11,Argentina,FB,NA,25.470225872689937,mls,zeQZkL1MKw,FB,asa_live,TRUE,NA,mlspa_via_asa,0,NA,1890,734708,TRUE,0,1,blended,2025+2026 season to date,1890,0.10769523809523812,0.01363809523809523,0.0236,0.0156047619047619,-0.00496666666666666,0.06370952380952381,-0.00389047619047619,2026,734708,Inter Miami CF,0.11638469243644946,1,0.10978908251480712,0.11710835468612056,0.014547301587756183,57.21649484536083,0.025173333334119998,59.27835051546392,0.01664507936559952,35.05154639175258,-0.005297777777943326,25.77319587628866,0.06795682539894905,67.52577319587628,-0.0041498412699709514,35.56701030927835,41.23711340206186,734708,84.32432432432432,69.4840834248079,343925,-43.087210922262464,FALSE,FALSE,NA,Low,41,59,Insufficient Evidence,Fullbacks and wingbacks,1.1.0,2026-08-01 14:43:31 UTC,NA,NA,NA,Performance data through: 2026-08-01 (updates every day) · MLSPA compensation as of: 2026-04-16,FALSE,2026-08-01 14:43:25 UTC
gOMnl3y6qw,asa_gOMnl3y6qw_mls_blended,Jeong Sang-Bin,jeong sangbin,2002-04-01,South Korea,W,NA,24.249144421629023,mls,wvq9B9wQWn,W,asa_live,TRUE,NA,mlspa_via_asa,510,791833,1097,791833,TRUE,0.4214876033057851,0.578512396694215,blended,2025+2026 season to date,1144.628099173554,0.15970173425646203,0.04384712777899154,-0.01788736524104055,0.07408242087737407,0.04011598951309733,0.014353500531125463,0.0051900607969141916,2026,791833,St. Louis City SC,0.20277985605674193,1,0.17451685335973213,0.18615131025619816,0.046770269632385876,48.47161572052402,-0.019079856257706165,37.99126637554585,0.07902124893833509,43.23144104803494,0.04279038881530769,74.23580786026201,0.015310400567012277,16.593886462882097,0.005536064850214806,63.75545851528384,23.580786026200872,791833,69.01408450704226,73.43578485181119,520000,-45.43329848084139,TRUE,FALSE,16.666666666666668,Medium,29.75,70.25,Below Expected Value by Current Model,Wingers and attacking midfielders,1.1.0,2026-08-01 14:43:31 UTC,81,81,365,Performance data through: 2026-08-01 (updates every day) · MLSPA compensation as of: 2026-04-16,FALSE,2026-08-01 14:43:25 UTC
gOMnl6zBqw,asa_gOMnl6zBqw_mls_blended,Osaze De Rosario,osaze de rosario,2001-07-19,Canada,FW,NA,24.95003422313484,mls,jYQJ19EqGR,FW,asa_live,TRUE,NA,mlspa_via_asa,586,315000,358,315000,TRUE,0.4556765163297045,0.5443234836702955,blended,2025+2026 season to date,780.8678071539657,0.39494702729002495,0.07798120715570345,-0.07487041799525616,0.34549812766622934,0.011742999383129015,0.04063156294256148,-0.006036451862342204,2026,315000,Seattle Sounders FC,0.21108432719581333,1,0.3150569614307181,0.33606075886993453,0.08317995430201638,75.177304964539,-0.07986177919743559,18.43971631205674,0.3685313361888279,96.45390070921985,0.012525866009062383,82.26950354609929,0.0433403338067533,80.1418439716312,-0.006438881986699565,8.51063829787234,95.0354609929078,315000,38.80597014925373,37.321624588364436,535000,56.22949084365407,TRUE,FALSE,96.55172413793103,Medium,29.75,70.25,Elite Value,Strikers,1.1.0,2026-08-01 14:43:31 UTC,3,3,18,Performance data through: 2026-08-01 (updates every day) · MLSPA compensation as of: 2026-04-16,FALSE,2026-08-01 14:43:25 UTC
gOMnlGZmqw,asa_gOMnlGZmqw_mls_blended,Mohamed Farsi,mohamed farsi,1999-12-16,Canada,FB,NA,26.54072553045859,mls,mvzqoLZQap,FB,asa_live,TRUE,NA,mlspa_via_asa,447,530000,1643,530000,TRUE,0.3897122929380994,0.6102877070619006,blended,2025+2026 season to date,1449.7027027027027,0.10835875906928072,0.02119408804677687,-0.029017419811188088,0.059068268806768395,-0.0019093637056843593,0.056233856773153505,0.0027893289594544154,2026,530000,Columbus Crew,0.11638469243644946,1,0.11070815345411103,0.1180886970214087,0.022607027250601798,74.74226804123711,-0.03095191446623454,8.762886597938145,0.06300615339585523,85.56701030927834,-0.0020366546194602953,33.50515463917526,0.059982780559904865,56.70103092783505,0.002975284223511021,78.8659793814433,42.78350515463917,530000,70,54.665203073545555,343925,-27.216494845360828,FALSE,TRUE,NA,Low,41,59,Small-Sample Watchlist,Fullbacks and wingbacks,1.1.0,2026-08-01 14:43:31 UTC,NA,NA,NA,Performance data through: 2026-08-01 (updates every day) · MLSPA compensation as of: 2026-04-16,FALSE,2026-08-01 14:43:25 UTC
gOMnlKNeqw,asa_gOMnlKNeqw_mls_blended,Liel Abada,liel abada,2001-10-03,Israel,W,NA,24.7419575633128,mls,NPqxKXZ59d,W,asa_live,TRUE,NA,mlspa_via_asa,573,2648500,1741,2648500,TRUE,0.45011783189316573,0.5498821681068342,blended,2025+2026 season to date,1530.3448546739983,0.2640180774834374,0.05961875798912869,0.015817654524920663,0.10454596752324714,0.057168105029434285,0.025513795333017786,0.0013537970836888435,2026,2648500,Charlotte FC,0.20277985605674193,1,0.24677066668259787,0.2632220444696634,0.0635933418570579,75.10917030567686,0.016872164827109296,69.86899563318778,0.11151569869494848,69.43231441048034,0.060979312033302174,82.53275109170306,0.027214715022736098,28.820960698689955,0.0014440502226465597,49.34497816593886,84.27947598253274,2648500,89.2018779342723,94.62129527991219,520000,-4.922401951739559,TRUE,FALSE,53.125,Medium,29.75,70.25,Fair Value,Wingers and attacking midfielders,1.1.0,2026-08-01 14:43:31 UTC,46,46,207,Performance data through: 2026-08-01 (updates every day) · MLSPA compensation as of: 2026-04-16,FALSE,2026-08-01 14:43:25 UTC
gOMnlNzlqw,asa_gOMnlNzlqw_mls_blended,Luke Hille,luke hille,2003-02-19,USA,W,NA,22.362765229295004,mls,kRQand1MKZ,W,asa_live,FALSE,NA,NA,0,NA,3,NA,TRUE,0,1,blended,2025+2026 season to date,3,-0.26399999999999996,0,0,0.039,-0.234,-0.06899999999999999,0,2026,NA,Minnesota United FC,0.20277985605674193,1,0.20045756821566363,0.2138214061033898,0,6.11353711790393,0,53.711790393013104,0.0416000000013,11.353711790393014,-0.2496000000078,2.183406113537118,-0.07360000000229999,2.183406113537118,0,37.77292576419214,51.52838427947598,NA,NA,NA,520000,NA,FALSE,FALSE,NA,Insufficient,41,59,Insufficient Evidence,Wingers and attacking midfielders,1.1.0,2026-08-01 14:43:31 UTC,NA,NA,NA,Performance data through: 2026-08-01 (updates every day) · MLSPA compensation as of: 2026-04-16,FALSE,2026-08-01 14:43:25 UTC
gOMnlWY8qw,asa_gOMnlWY8qw_mls_blended,Jaziel Orozco,jaziel orozco,2004-06-02,USA,CB,NA,22.078028747433265,mls,wvq9B9wQWn,CB,asa_live,TRUE,NA,mlspa_via_asa,926,88025,622,88025,TRUE,0.5694956949569495,0.4305043050430505,blended,2025+2026 season to date,1193.7736777367775,0.08919811108078926,0.01098158541070941,0.060622773816162594,0.016668917075022837,-0.010588240528707545,0.043336066254553225,-0.03182299094695128,2026,88025,St. Louis City SC,0.13407640205361335,1,0.10420946670379544,0.11115676448752211,0.011713691105122756,67.01570680628272,0.06466429207259419,70.15706806282722,0.017780178213913322,54.973821989528794,-0.011294123230974323,14.136125654450261,0.04622513733963464,24.083769633507853,-0.03394452367780879,7.853403141361256,13.089005235602095,88025,3.591160220994475,4.33589462129528,501667,9.49784501460762,TRUE,FALSE,67.01030927835052,High,20.75,79.25,Fair Value,Center backs,1.1.0,2026-08-01 14:43:31 UTC,33,33,147,Performance data through: 2026-08-01 (updates every day) · MLSPA compensation as of: 2026-04-16,FALSE,2026-08-01 14:43:25 UTC
gOMnlp9eqw,asa_gOMnlp9eqw_mls_blended,Matti Peltola,matti peltola,2002-07-03,Finland,CM,NA,23.994524298425738,mls,EKXMeX3Q64,CM,asa_live,TRUE,NA,mlspa_via_asa,1570,876000,1729,876000,TRUE,0.6916299559471366,0.3083700440528634,blended,2025+2026 season to date,2103.171806167401,0.1224787815013644,0.013347348802368509,0.03270596051293941,0.007038119103247782,0.0032433644259751366,0.06297576200752644,0.003168226649307107,2026,876000,D.C. United,0.13644825463003651,1,0.12557946635538667,0.1339514307832651,0.014237172056304655,43.867924528301884,0.0348863578815589,69.81132075471699,0.007507327043698904,12.264150943396226,0.003459588721148258,48.58490566037736,0.06717414614346073,60.84905660377358,0.0033794417593665214,80.18867924528301,35.84905660377358,876000,80.8080808080808,77.93633369923161,535541.5,-44.95902420430722,TRUE,FALSE,18.627450980392158,High,14,86,Below Expected Value by Current Model,Central and defensive midfielders,1.1.0,2026-08-01 14:43:31 UTC,84,84,357,Performance data through: 2026-08-01 (updates every day) · MLSPA compensation as of: 2026-04-16,FALSE,2026-08-01 14:43:25 UTC
gOMnlrDeqw,asa_gOMnlrDeqw_mls_blended,George Campbell,george campbell,2001-06-22,USA,CB,NA,24.024640657084188,mls,APk5LGOMOW,CB,asa_live,TRUE,NA,mlspa_via_asa,0,NA,1499,517500,TRUE,0,1,blended,2025+2026 season to date,1499,0.19911674449633088,0.01510006671114076,0.07027084723148767,0.01905070046697798,-0.05200667111407605,0.14654569713142093,1.561040693795864e-4,2026,517500,CF Montréal,0.13407640205361335,1,0.18052493627068508,0.19255993202808158,0.016106737825720144,80.6282722513089,0.07495557038259588,84.29319371727749,0.020320747165411535,64.3979057591623,-0.05547378252341468,1.5706806282722514,0.1563154102784005,93.19371727748691,1.6651100734342894e-4,81.15183246073299,87.43455497382199,517500,50.828729281767956,53.567508232711305,501667,36.60582569205403,FALSE,FALSE,NA,Low,41,59,Insufficient Evidence,Center backs,1.1.0,2026-08-01 14:43:31 UTC,NA,NA,NA,Performance data through: 2026-08-01 (updates every day) · MLSPA compensation as of: 2026-04-16,FALSE,2026-08-01 14:43:25 UTC
gjMN614vMK,asa_gjMN614vMK_mls_blended,Ramiro Enrique,ramiro enrique,2001-05-04,Argentina,FW,NA,24.15879534565366,mls,jYQJ8EW5GR,FW,asa_live,TRUE,NA,mlspa_via_asa,0,NA,1123,421363,TRUE,0,1,blended,2025+2026 season to date,1123,0.29157435440783613,0.08640961709706145,-0.05561086375779162,0.37288691006233304,-0.15279964381121994,0.04000712377560107,6.812110418521817e-4,2026,421363,Orlando City SC,0.21108432719581333,1,0.2635453257791573,0.28111501417321927,0.09217025823974587,84.39716312056737,-0.05931825467683142,32.6241134751773,0.39774603741225145,97.87234042553192,-0.16298628673706125,5.673758865248227,0.04267426536197471,78.72340425531915,7.266251113317009e-4,38.297872340425535,80.85106382978724,421363,44.776119402985074,45.554335894621296,535000,36.07494442680216,FALSE,FALSE,NA,Low,41,59,Insufficient Evidence,Strikers,1.1.0,2026-08-01 14:43:31 UTC,NA,NA,NA,Performance data through: 2026-08-01 (updates every day) · MLSPA compensation as of: 2026-04-16,FALSE,2026-08-01 14:43:25 UTC
gjMN6B9KMK,asa_gjMN6B9KMK_mls_blended,Mateja Djordjevic,mateja djordjevic,2003-01-17,Serbia,CB,NA,23.45242984257358,mls,gpMOLwl5zy,CB,asa_live,TRUE,NA,mlspa_via_asa,115,335000,348,335000,TRUE,0.15,0.85,blended,2025+2026 season to date,410.8,0.056866304347826094,0.004977391304347825,0.010171877811094455,0.010155539730134925,0.005020367316341828,0.028608778110944522,-0.002067649925037481,2026,335000,Austin FC,0.13407640205361335,1,0.10269738727567765,0.10954387976414608,0.00530921739147026,28.79581151832461,0.010850002998839814,8.37696335078534,0.010832575712482438,35.07853403141361,0.005355058470931962,62.303664921465966,0.030516029985961115,13.612565445026178,-0.002205493253442235,60.73298429319372,11.518324607329843,335000,37.01657458563536,39.352360043907794,501667,-25.498249978305516,FALSE,TRUE,NA,Low,41,59,Small-Sample Watchlist,Center backs,1.1.0,2026-08-01 14:43:31 UTC,NA,NA,NA,Performance data through: 2026-08-01 (updates every day) · MLSPA compensation as of: 2026-04-16,FALSE,2026-08-01 14:43:25 UTC
gjMN6gkKMK,asa_gjMN6gkKMK_mls_blended,Felipe Andrade,felipe andrade,2002-05-29,Brazil,FB,NA,24.09034907597536,mls,YgOMngl5wN,FB,asa_live,TRUE,NA,mlspa_via_asa,1317,252500,1973,252500,TRUE,0.652949925632127,0.34705007436787305,blended,2025+2026 season to date,2001.7297967278137,0.12943557862577618,0.01947442657331586,0.028371002836759307,0.0340822429018824,-7.738925167500472e-4,0.05692520393683593,-0.008643405106267276,2026,252500,Houston Dynamo FC,0.11638469243644946,1,0.1264258380587717,0.134854227266904,0.020772721678852732,70.10309278350516,0.030262403026822295,66.49484536082474,0.03635439242981064,65.97938144329896,-8.254853512258468e-4,38.144329896907216,0.060720217534522496,57.7319587628866,-0.009219632113639874,20.103092783505154,65.4639175257732,252500,39.45945945945946,33.15038419319429,343925,26.004458066313738,TRUE,FALSE,85.36585365853658,High,20.75,79.25,Strong Value,Fullbacks and wingbacks,1.1.0,2026-08-01 14:43:31 UTC,13,13,67,Performance data through: 2026-08-01 (updates every day) · MLSPA compensation as of: 2026-04-16,FALSE,2026-08-01 14:43:25 UTC
gjMN6r64MK,asa_gjMN6r64MK_mls_blended,Lucas Bartlett,lucas bartlett,1997-07-26,USA,CB,NA,28.930869267624914,mls,EKXMeX3Q64,CB,asa_live,TRUE,NA,mlspa_via_asa,1734,585625,2925,585625,TRUE,0.7124075595727198,0.28759244042728016,blended,2025+2026 season to date,2575.2078882497945,0.19263630617533659,0.017423582580115032,0.01623658428670753,0.06221926553315214,-0.0027572846217053222,0.08972037165792301,0.009793786739144175,2026,585625,D.C. United,0.13407640205361335,1,0.18157059214663998,0.19367529829580166,0.018585154752703486,85.86387434554973,0.01731902323969592,10.99476439790576,0.06636721657076959,96.33507853403141,-0.0029411035965775864,28.79581151832461,0.0957017297714419,74.86910994764398,0.010446705855413579,98.42931937172774,88.48167539267016,585625,56.9060773480663,59.49506037321625,501667,31.575598044603858,TRUE,FALSE,80.41237113402062,High,14,86,Strong Value,Center backs,1.1.0,2026-08-01 14:43:31 UTC,20,20,88,Performance data through: 2026-08-01 (updates every day) · MLSPA compensation as of: 2026-04-16,FALSE,2026-08-01 14:43:25 UTC
gjMN7Xz05K,asa_gjMN7Xz05K_mls_blended,Gage Guerra,gage guerra,2002-12-21,USA,FW,NA,23.526351813826142,mls,WBLMvYAQxe,FW,asa_live,TRUE,NA,mlspa_via_asa,327,88025,206,88025,TRUE,0.3184031158714703,0.6815968841285297,blended,2025+2026 season to date,467.4089581304771,0.25190088012024847,0.04359164689310934,-0.010769268583204919,0.26671611158903774,-0.06827836757073577,0.017820222913377638,0.0028205348786644064,2026,88025,Portland Timbers FC,0.21108432719581333,1,0.2289575353336784,0.2442213710302222,0.04649775668743635,31.20567375886525,-0.011487219822444222,78.72340425531915,0.2844971857038641,85.1063829787234,-0.0728302587443941,19.148936170212767,0.019008237774863487,25.53191489361702,0.0030085705373360514,48.93617021276596,63.829787234042556,88025,7.08955223880597,4.33589462129528,535000,56.740234995236584,FALSE,TRUE,NA,Low,41,59,Small-Sample Watchlist,Strikers,1.1.0,2026-08-01 14:43:31 UTC,NA,NA,NA,Performance data through: 2026-08-01 (updates every day) · MLSPA compensation as of: 2026-04-16,FALSE,2026-08-01 14:43:25 UTC
gjMNRGojMK,asa_gjMNRGojMK_mls_blended,Guilherme,guilherme,1995-04-13,Brazil,W,NA,31.21697467488022,mls,YgOMngl5wN,W,asa_live,TRUE,NA,mlspa_via_asa,1497,1925230,0,NA,FALSE,1,0,blended,2025+2026 season to date,1497,0.3819018036072144,0.07150100200400802,0.05896593186372746,0.07784969939879759,0.08546693386773548,0.06540480961923847,0.02271342685370741,2026,1925230,Houston Dynamo FC,0.20277985605674193,1,0.33065088871437537,0.35269428130635544,0.07626773547332526,87.77292576419214,0.06289699398994149,91.26637554585153,0.08303967936131242,46.724890829694324,0.09116472946176674,91.70305676855895,0.0697651302627012,91.26637554585153,0.02422765531137835,89.95633187772926,97.81659388646288,1925230,84.97652582159624,92.53567508232712,520000,12.840068064866642,TRUE,FALSE,81.25,High,28.75,71.25,Undervalued,Wingers and attacking midfielders,1.1.0,2026-08-01 14:43:31 UTC,19,19,85,Performance data through: 2026-08-01 (updates every day) · MLSPA compensation as of: 2026-04-16,FALSE,2026-08-01 14:43:25 UTC
gjMNRerBMK,asa_gjMNRerBMK_mls_blended,Hirving Lozano,hirving lozano,1995-07-30,Mexico,W,NA,29.921971252566735,mls,zeQZBOzQKw,W,asa_live,TRUE,NA,mlspa_via_asa,0,NA,2182,7633333,TRUE,0,1,blended,2025+2026 season to date,2182,0.34795600366636115,0.09186434463794683,0.01590054995417048,0.1949395050412466,-0.01042300641613198,0.03474197983501375,0.02093263061411549,2026,7633333,San Diego FC,0.20277985605674193,1,0.31664554767578906,0.33775525086472985,0.09798863428353877,94.75982532751091,0.016960586618311863,70.3056768558952,0.20793547205049437,94.75982532751091,-0.011117873510888212,24.017467248908297,0.03705811182517273,49.34497816593886,0.02232813932242094,88.646288209607,96.5065502183406,7633333,99.06103286384976,99.34138309549945,520000,-2.554482645509154,FALSE,FALSE,NA,Low,41,59,Insufficient Evidence,Wingers and attacking midfielders,1.1.0,2026-08-01 14:43:31 UTC,NA,NA,NA,Performance data through: 2026-08-01 (updates every day) · MLSPA compensation as of: 2026-04-16,FALSE,2026-08-01 14:43:25 UTC
gjMNRxjvMK,asa_gjMNRxjvMK_mls_blended,Maximiliano Falcón,maximiliano falcon,1997-05-01,Uruguay,CB,NA,29.166324435318277,mls,zeQZkL1MKw,CB,asa_live,TRUE,NA,mlspa_via_asa,924,674250,2685,674250,TRUE,0.5689655172413793,0.43103448275862066,blended,2025+2026 season to date,2081.3275862068967,0.07266691320142005,0.0035129585546412705,0.033421316426782616,0.026034135316619425,0.008090307400170622,0.015352770591958614,-0.013744575088752509,2026,674250,Inter Miami CF,0.13407640205361335,1,0.08640849908628362,0.09216906569491615,0.003747155791734454,20.418848167539267,0.03564940418968217,26.701570680628272,0.027769744338595193,73.82198952879581,0.00862966122711834,72.77486910994764,0.016376288631934282,9.424083769633508,-0.014660880095127496,22.513089005235603,5.2356020942408374,674250,62.430939226519335,65.75192096597146,501667,-57.195337132278496,TRUE,FALSE,9.278350515463918,High,20.75,79.25,Below Expected Value by Current Model,Center backs,1.1.0,2026-08-01 14:43:31 UTC,89,89,398,Performance data through: 2026-08-01 (updates every day) · MLSPA compensation as of: 2026-04-16,FALSE,2026-08-01 14:43:25 UTC
gjMNjJbkMK,asa_gjMNjJbkMK_mls_blended,Jacob Bartlett,jacob bartlett,2005-10-07,USA,CM,NA,20.73100616016427,mls,Z2vQ1xlqrA,CM,asa_live,TRUE,NA,mlspa_via_asa,936,91025,2178,91025,TRUE,0.57212713936430315,0.42787286063569685,blended,2025+2026 season to date,1867.9070904645478,0.10060545272686858,0.0032418365697427665,6.116813837418415e-4,0.017765367051263914,-0.01668724868152519,0.10253966538018548,-0.006865848976540238,2026,91025,Sporting Kansas City,0.13644825463003651,1,0.10931958999119024,0.11660756266091357,0.0034579590078336786,16.50943396226415,6.524601426783536e-4,27.830188679245282,0.018949724855273686,39.62264150943396,-0.01779973192751644,11.320754716981131,0.10937564307561584,92.45283018867924,-0.0073235722418717826,24.056603773584907,21.69811320754717,91025,6.0606060606060606,7.793633369923161,535541.5,15.63750714694111,TRUE,FALSE,72.54901960784314,High,20.75,79.25,Fair Value,Central and defensive midfielders,1.1.0,2026-08-01 14:43:31 UTC,29,29,122,Performance data through: 2026-08-01 (updates every day) · MLSPA compensation as of: 2026-04-16,FALSE,2026-08-01 14:43:25 UTC
gjMNjWyKMK,asa_gjMNjWyKMK_mls_blended,Alex Freeman,alex freeman,2004-08-09,USA,FB,NA,20.892539356605067,mls,jYQJ8EW5GR,FB,asa_live,TRUE,NA,mlspa_via_asa,0,NA,2878,108000,TRUE,0,1,blended,2025+2026 season to date,2878,0.2998207088255733,0.03883321751216122,0.029482974287699786,0.0943342599027102,0.05769944405837387,0.07634051424600416,0.00313029881862404,2026,108000,Orlando City SC,0.11638469243644946,1,0.2681756226169838,0.28605399746705523,0.04142209868093307,90.72164948453609,0.03144850590786254,68.55670103092784,0.10062321056603536,93.29896907216495,0.06154607366418877,96.3917525773196,0.08142988186494912,82.47422680412372,0.0033389854066366528,81.44329896907216,100,108000,16.756756756756758,14.489571899012075,343925,83.24324324324324,FALSE,FALSE,NA,Low,41,59,Insufficient Evidence,Fullbacks and wingbacks,1.1.0,2026-08-01 14:43:31 UTC,NA,NA,NA,Performance data through: 2026-08-01 (updates every day) · MLSPA compensation as of: 2026-04-16,FALSE,2026-08-01 14:43:25 UTC
gjMNjY0kMK,asa_gjMNjY0kMK_mls_blended,Dominik Fitz,dominik fitz,1999-06-16,Austria,CM,NA,27.041752224503764,mls,kRQand1MKZ,CM,asa_live,TRUE,NA,mlspa_via_asa,15,893000,187,893000,TRUE,0.15,0.85,blended,2025+2026 season to date,173.95,0.06706636363636359,0.027204545454545453,0.02609181818181817,0.10168363636363638,-0.13914,0.04839545454545455,0.0028309090909090853,2026,893000,Minnesota United FC,0.13644825463003651,1,0.12085424992902301,0.12891119992831968,0.029018181819088634,78.77358490566037,0.027831272728142443,61.79245283018868,0.10846254545793492,98.11320754716981,-0.148416000004638,0.9433962264150944,0.05162181818343137,34.905660377358494,0.0030196363637307213,78.30188679245283,30.660377358490567,893000,82.32323232323232,78.48518111964874,535541.5,-51.662854964741754,FALSE,TRUE,NA,Low,41,59,Small-Sample Watchlist,Central and defensive midfielders,1.1.0,2026-08-01 14:43:31 UTC,NA,NA,NA,Performance data through: 2026-08-01 (updates every day) · MLSPA compensation as of: 2026-04-16,FALSE,2026-08-01 14:43:25 UTC
gjMNjxPBMK,asa_gjMNjxPBMK_mls_blended,Ian Pilcher,ian pilcher,2003-03-21,USA,FB,NA,23.279945242984255,mls,zeQZBOzQKw,FB,asa_live,TRUE,NA,mlspa_via_asa,226,88025,1529,88025,TRUE,0.24406047516198703,0.755939524838013,blended,2025+2026 season to date,1381.8315334773217,0.12079186342659623,0.003154774432957068,0.04239893520094586,0.0041021793207491756,0.010240087607903072,0.060232882062698556,6.630048013425098e-4,2026,88025,San Diego FC,0.11638469243644946,1,0.11945759129023134,0.12742143071356202,0.0033650927285926984,19.587628865979383,0.04522553088242222,82.47422680412372,0.004375657942269193,8.762886597938145,0.010922760115437946,65.4639175257732,0.06424840753555289,62.88659793814433,7.072051214541107e-4,65.4639175257732,54.63917525773196,88025,4.054054054054054,4.33589462129528,343925,50.5851212036779,FALSE,TRUE,NA,Low,41,59,Small-Sample Watchlist,Fullbacks and wingbacks,1.1.0,2026-08-01 14:43:31 UTC,NA,NA,NA,Performance data through: 2026-08-01 (updates every day) · MLSPA compensation as of: 2026-04-16,FALSE,2026-08-01 14:43:25 UTC
gjMNrbKMKp,asa_gjMNrbKMKp_mls_blended,Christian Benteke,christian benteke,1990-12-03,Belgium,FW,NA,34.57631759069131,mls,EKXMeX3Q64,FW,asa_live,TRUE,NA,mlspa_via_asa,0,NA,2092,4937500,TRUE,0,1,blended,2025+2026 season to date,2092,0.3796735181644359,0.09803202676864246,-0.04533986615678776,0.31970650095602293,-0.04399330783938814,0.02895745697896749,0.02231070745697896,2026,4937500,D.C. United,0.21108432719581333,1,0.34209791839431203,0.3649044462986694,0.10456749522315303,91.48936170212765,-0.04836252390208494,47.5177304964539,0.3410202676970813,95.0354609929078,-0.046926195030147125,32.6241134751773,0.030887954111863906,53.90070921985816,0.02379808795485458,86.52482269503547,96.45390070921985,4937500,96.26865671641791,98.02414928649836,535000,0.1852439928019436,FALSE,FALSE,NA,Low,41,59,Insufficient Evidence,Strikers,1.1.0,2026-08-01 14:43:31 UTC,NA,NA,NA,Performance data through: 2026-08-01 (updates every day) · MLSPA compensation as of: 2026-04-16,FALSE,2026-08-01 14:43:25 UTC
gjMNv4DpMK,asa_gjMNv4DpMK_mls_blended,Alexander Hack,alexander hack,1993-09-08,Germany,CB,NA,31.811088295687885,mls,a2lqRX2Mr0,CB,asa_live,TRUE,NA,mlspa_via_asa,0,NA,1666,1031400,TRUE,0,1,blended,2025+2026 season to date,1666,0.2139255702280912,0.01480732292917167,0.09062665066026412,0.03776650660264106,0.00427851140456182,0.08254501800720289,-0.0160984393757503,2026,1031400,New York Red Bulls,0.13407640205361335,1,0.19278280725161867,0.20563499440815267,0.015794477791610025,79.58115183246073,0.09666842737396929,93.717277486911,0.04028427371074268,85.86387434554973,0.004563745498341892,58.638743455497384,0.08804801921043458,65.96858638743456,-0.0171716686680036,15.18324607329843,93.717277486911,1031400,86.74033149171271,83.09549945115258,501667,6.976945995198292,FALSE,FALSE,NA,Low,41,59,Insufficient Evidence,Center backs,1.1.0,2026-08-01 14:43:31 UTC,NA,NA,NA,Performance data through: 2026-08-01 (updates every day) · MLSPA compensation as of: 2026-04-16,FALSE,2026-08-01 14:43:25 UTC
gjMNv7PpMK,asa_gjMNv7PpMK_mls_blended,Aníbal Godoy,anibal godoy,1990-02-10,Panama,CM,NA,36.38603696098563,mls,zeQZBOzQKw,CM,asa_live,TRUE,NA,mlspa_via_asa,985,358333,2291,358333,TRUE,0.5845697329376854,0.41543026706231456,blended,2025+2026 season to date,1936.7507418397627,0.159459026224408,0.00640063621421457,0.0576945337645567,0.01985528224882037,0.0145873842555115,0.061553489787803395,-6.323000464985556e-4,2026,358333,San Diego FC,0.13644825463003651,1,0.15401644854860141,0.16428421179030872,0.006827345295375563,22.641509433962263,0.0615408360174503,82.54716981132076,0.021178967732736902,44.339622641509436,0.015559876539698512,75.94339622641509,0.06565705577570874,58.0188679245283,-6.744533829528693e-4,54.24528301886792,73.11320754716981,358333,38.888888888888886,41.27332601536773,535541.5,34.22431865828092,TRUE,FALSE,82.3529411764706,High,20.75,79.25,Strong Value,Central and defensive midfielders,1.1.0,2026-08-01 14:43:31 UTC,19,19,80,Performance data through: 2026-08-01 (updates every day) · MLSPA compensation as of: 2026-04-16,FALSE,2026-08-01 14:43:25 UTC
gjMNvJR4MK,asa_gjMNvJR4MK_mls_blended,Paddy McNair,paddy mcnair,1995-04-27,Northern Ireland,CB,NA,30.17932922655715,mls,zeQZBOzQKw,CB,asa_live,TRUE,NA,mlspa_via_asa,0,NA,1965,762803,TRUE,0,1,blended,2025+2026 season to date,1965,0.1558854961832061,0.01096030534351145,0.0958763358778626,0.0169969465648855,-0.00560152671755725,0.03685190839694657,8.01526717557252e-4,2026,762803,San Diego FC,0.13407640205361335,1,0.15078395369675165,0.16083621728156122,0.011690992366777557,66.49214659685863,0.1022680916062493,96.8586387434555,0.01813007633644443,56.02094240837696,-0.005974961832247784,23.56020942408377,0.03930870229130474,18.32460732984293,8.549618320877864e-4,85.86387434554973,66.49214659685863,762803,70.1657458563536,71.78924259055982,501667,-3.6735992594949636,FALSE,FALSE,NA,Low,41,59,Insufficient Evidence,Center backs,1.1.0,2026-08-01 14:43:31 UTC,NA,NA,NA,Performance data through: 2026-08-01 (updates every day) · MLSPA compensation as of: 2026-04-16,FALSE,2026-08-01 14:43:25 UTC
gjMNvjYvMK,asa_gjMNvjYvMK_mls_blended,Darlington Nagbe,darlington nagbe,1990-07-19,Liberia,CM,NA,34.95140314852841,mls,mvzqoLZQap,CM,asa_live,TRUE,NA,mlspa_via_asa,0,NA,3178,1565833,TRUE,0,1,blended,2025+2026 season to date,3178,0.09547702957835116,0.00773127753303964,0.01371239773442416,0.00988640654499685,0.0127863436123348,0.04836721208307111,0.0029933920704845805,2026,1565833,Columbus Crew,0.13644825463003651,1,0.10198384139174746,0.10878276415459676,0.008246696035499991,25.943396226415093,0.014626557583842851,46.698113207547166,0.010545500314992854,19.81132075471698,0.013638766520249998,73.11320754716981,0.051591692890221426,34.43396226415094,0.003192951541949999,79.24528301886792,12.735849056603774,1565833,94.94949494949495,90.12074643249177,535541.5,-82.21364589289118,FALSE,FALSE,NA,Low,41,59,Insufficient Evidence,Central and defensive midfielders,1.1.0,2026-08-01 14:43:31 UTC,NA,NA,NA,Performance data through: 2026-08-01 (updates every day) · MLSPA compensation as of: 2026-04-16,FALSE,2026-08-01 14:43:25 UTC
gjMNvnjDMK,asa_gjMNvnjDMK_mls_blended,Dario Župarić,dario zuparic,1992-05-03,Croatia,CB,NA,33.16084873374401,mls,WBLMvYAQxe,CB,asa_live,TRUE,NA,mlspa_via_asa,0,NA,1963,907950,TRUE,0,1,blended,2025+2026 season to date,1963,0.1008476821192053,0.00409424350483953,0.03838869077941925,0.0068222109016811,0.00387417218543046,0.05219358125318391,-0.00452521650534895,2026,907950,Portland Timbers FC,0.13407640205361335,1,0.10862654749596878,0.11586831733265425,0.004367193071965306,23.036649214659686,0.04094793683266015,37.696335078534034,0.00727702496202058,24.607329842931936,0.004132450331254963,54.45026178010471,0.05567315333846928,32.460732984293195,-0.004826897605856387,46.596858638743456,17.277486910994764,907950,80.66298342541437,79.03402854006586,501667,-63.3854965144196,FALSE,FALSE,NA,Low,41,59,Insufficient Evidence,Center backs,1.1.0,2026-08-01 14:43:31 UTC,NA,NA,NA,Performance data through: 2026-08-01 (updates every day) · MLSPA compensation as of: 2026-04-16,FALSE,2026-08-01 14:43:25 UTC
gjMNvrO4MK,asa_gjMNvrO4MK_mls_blended,Steven Moreira,steven moreira,1994-08-13,France,FB,NA,31.88227241615332,mls,mvzqoLZQap,FB,asa_live,TRUE,NA,mlspa_via_asa,1395,922000,3002,922000,TRUE,0.665871121718377,0.33412887828162297,blended,2025+2026 season to date,2398.054892601432,0.15072423507637708,0.016153437247085865,0.05589469963540615,0.009414788867882821,0.023594399278762442,0.044945827046090195,7.210830011495909e-4,2026,922000,Columbus Crew,0.11638469243644946,1,0.1438518707194728,0.1534419954388994,0.017230333064096704,63.402061855670105,0.05962101294629638,89.17525773195877,0.010042441459388835,18.04123711340206,0.02516735923146642,87.62886597938144,0.04794221551732773,41.23711340206186,7.691552012502664e-4,65.97938144329896,79.38144329896907,922000,94.05405405405405,80.13172338090011,343925,-14.672610755084975,TRUE,FALSE,50,High,20.75,79.25,Fair Value,Fullbacks and wingbacks,1.1.0,2026-08-01 14:43:31 UTC,42,42,222,Performance data through: 2026-08-01 (updates every day) · MLSPA compensation as of: 2026-04-16,FALSE,2026-08-01 14:43:25 UTC
gpMO1r1yqz,asa_gpMO1r1yqz_mls_blended,Jesús Barea,jesus barea,2002-04-28,Spain,FW,NA,24.175222450376456,mls,a2lqR4JMr0,FW,asa_live,TRUE,NA,mlspa_via_asa,33,89761,347,89761,TRUE,0.15,0.85,blended,2025+2026 season to date,327.95,0.34345268535499085,0.10044714435420485,-0.05461328268273513,0.21824233691380665,0.022535721771024367,0.046401401624312284,0.010439363374377777,2026,89761,Real Salt Lake,0.21108432719581333,1,0.2578650837649197,0.27505608935784315,0.1071436206478334,95.74468085106383,-0.05825416819673791,33.333333333333336,0.2327918260486685,71.63120567375887,0.024038103223177183,86.52482269503547,0.04949482840081315,87.94326241134752,0.011135320933017608,68.79432624113475,79.43262411347517,89761,10.447761194029852,7.025246981339188,535000,68.98486291944532,FALSE,TRUE,NA,Low,41,59,Small-Sample Watchlist,Strikers,1.1.0,2026-08-01 14:43:31 UTC,NA,NA,NA,Performance data through: 2026-08-01 (updates every day) · MLSPA compensation as of: 2026-04-16,FALSE,2026-08-01 14:43:25 UTC
gpMOL01y5z,asa_gpMOL01y5z_mls_blended,Lucas Sanabria,lucas sanabria,2003-12-26,Uruguay,CM,NA,22.51334702258727,mls,kaDQ0wRqEv,CM,asa_live,TRUE,NA,mlspa_via_asa,1263,742800,1106,742800,TRUE,0.6434029546612328,0.35659704533876724,blended,2025+2026 season to date,1657.3963321446765,0.1052986709828021,0.022996292164537618,0.005122403709125141,0.036348620362787513,-0.0022174855071996472,0.049223140762330975,-0.006174300508779502,2026,742800,LA Galaxy,0.13644825463003651,1,0.113578010291635,0.1211498776481966,0.024529378309606668,72.16981132075472,0.0054638972899042305,34.43396226415094,0.0387718617215183,71.22641509433963,-0.0023653178744202064,31.60377358490566,0.05250468348146048,36.320754716981135,-0.006585920542903945,27.358490566037737,25.471698113207548,742800,70.70707070707071,70.03293084522502,535541.5,-45.23537259386316,TRUE,FALSE,17.647058823529413,High,20.75,79.25,Below Expected Value by Current Model,Central and defensive midfielders,1.1.0,2026-08-01 14:43:31 UTC,85,85,361,Performance data through: 2026-08-01 (updates every day) · MLSPA compensation as of: 2026-04-16,FALSE,2026-08-01 14:43:25 UTC
gpMOLX225z,asa_gpMOLX225z_mls_blended,Joaquín Valiente,joaquin valiente,2001-04-13,Uruguay,W,NA,25.215605749486652,mls,mKAqBBmqbg,W,asa_live,TRUE,NA,mlspa_via_asa,1101,442022,0,NA,FALSE,1,0,blended,2025+2026 season to date,1101,0.08703269754768392,0.02253678474114441,-0.00471662125340599,0.04343869209809264,-0.00362125340599455,0.029877384196185283,-4.822888283378747e-4,2026,442022,FC Dallas,0.20277985605674193,1,0.12786061942036753,0.1363846607193207,0.02403923705797193,24.890829694323145,-0.005031062670456943,49.34497816593886,0.0463346049060801,14.410480349344978,-0.0038626702998482286,31.004366812227076,0.031869209810260216,37.55458515283843,-5.144414169098093e-4,31.004366812227076,1.7467248908296944,442022,44.13145539906103,47.85949506037321,520000,-42.384730508231335,TRUE,FALSE,18.75,Medium,28.75,71.25,Below Expected Value by Current Model,Wingers and attacking midfielders,1.1.0,2026-08-01 14:43:31 UTC,79,79,356,Performance data through: 2026-08-01 (updates every day) · MLSPA compensation as of: 2026-04-16,FALSE,2026-08-01 14:43:25 UTC
gpMOLj2r5z,asa_gpMOLj2r5z_mls_blended,Nicklaus Sullivan,nicklaus sullivan,2002-07-21,USA,FB,NA,22.94592744695414,mls,kaDQ0wRqEv,FB,asa_live,FALSE,NA,NA,0,NA,15,NA,TRUE,0,1,blended,2025+2026 season to date,15,0.4974,0.165,0.0084,0.1464,0.1776,0,0,2026,NA,LA Galaxy,0.11638469243644946,1,0.12567774871848728,0.13405626530390902,0.1760000000055,99.48453608247422,0.00896000000028,39.175257731958766,0.15616000000488,97.42268041237114,0.18944000000592,100,0,9.02061855670103,0,59.5360824742268,63.91752577319588,NA,NA,NA,343925,NA,FALSE,FALSE,NA,Insufficient,41,59,Insufficient Evidence,Fullbacks and wingbacks,1.1.0,2026-08-01 14:43:31 UTC,NA,NA,NA,Performance data through: 2026-08-01 (updates every day) · MLSPA compensation as of: 2026-04-16,FALSE,2026-08-01 14:43:25 UTC
gpMOa2rRqz,asa_gpMOa2rRqz_mls_blended,Besard Šabović,besard sabovic,1998-01-05,Sweden,CM,NA,28.484599589322382,mls,gpMOLwl5zy,CM,asa_live,TRUE,NA,mlspa_via_asa,560,650000,2010,650000,TRUE,0.4444444444444444,0.5555555555555556,blended,2025+2026 season to date,1676.6666666666667,0.09446794598436391,0.01626066098081023,0.0052514214641080255,0.01632874911158493,0.0017598791755508133,0.05712658137882018,-0.002259346126510304,2026,650000,Austin FC,0.13644825463003651,1,0.10553157051763049,0.1125670085556569,0.0173447050467396,54.24528301886792,0.0056015162285569416,34.905660377358494,0.01741733238623488,34.43396226415094,0.0018772044539795301,44.81132075471698,0.06093502013931241,50.943396226415096,-0.0024099692016863027,42.45283018867924,18.39622641509434,650000,60.60606060606061,63.61141602634468,535541.5,-42.20983419096627,TRUE,FALSE,20.58823529411765,Medium,29.75,70.25,Below Expected Value by Current Model,Central and defensive midfielders,1.1.0,2026-08-01 14:43:31 UTC,82,82,350,Performance data through: 2026-08-01 (updates every day) · MLSPA compensation as of: 2026-04-16,FALSE,2026-08-01 14:43:25 UTC
gpMOa67Eqz,asa_gpMOa67Eqz_mls_blended,Ronaldo Vieira,ronaldo vieira,1998-07-19,England,CM,NA,27.95071868583162,mls,0KPqjA456v,CM,asa_live,TRUE,NA,mlspa_via_asa,1254,853854,592,853854,TRUE,0.6417604912998977,0.35823950870010235,blended,2025+2026 season to date,1466.0777891504606,0.11469158552103792,0.028329870812470608,0.01214653932335611,0.02293485642756369,8.256141248720574e-4,0.054395176906691746,-0.003940472073916285,2026,853854,San Jose Earthquakes,0.13644825463003651,1,0.12100983817055058,0.12907716071928763,0.030218528867579645,80.66037735849056,0.012956308611984735,43.867924528301884,0.02446384685683243,50.943396226415096,8.80655066557715e-4,41.0377358490566,0.0580215220356177,45.283018867924525,-0.00420317021230872,34.43396226415094,31.132075471698112,853854,79.79797979797979,77.05817782656422,535541.5,-48.66590432628168,TRUE,FALSE,13.72549019607843,High,20.75,79.25,Below Expected Value by Current Model,Central and defensive midfielders,1.1.0,2026-08-01 14:43:31 UTC,89,89,378,Performance data through: 2026-08-01 (updates every day) · MLSPA compensation as of: 2026-04-16,FALSE,2026-08-01 14:43:25 UTC
gpMOa6DOqz,asa_gpMOa6DOqz_mls_blended,Agustín Bouzat,agustin bouzat,1994-03-28,Argentina,CM,NA,32.26009582477755,mls,YgOMngl5wN,CM,asa_live,TRUE,NA,mlspa_via_asa,778,705746,0,NA,FALSE,1,0,blended,2025+2026 season to date,778,0.12230976863753212,0.02892030848329049,-0.0063624678663239,0.01872879177377892,0.01159125964010282,0.07151413881748071,-0.00208226221079691,2026,705746,Houston Dynamo FC,0.13644825463003651,1,0.12846585832947888,0.13703024888905965,0.030848329049807197,81.60377358490567,-0.006786632390957575,22.169811320754718,0.019977377892655142,41.509433962264154,0.012364010283162715,69.33962264150944,0.07628174807436323,75.47169811320755,-0.0022210796915861125,44.339622641509436,38.679245283018865,705746,67.17171717171718,67.39846322722283,535541.5,-28.49247188869831,TRUE,FALSE,33.333333333333336,Low,37.75,62.25,Below Expected Value by Current Model,Central and defensive midfielders,1.1.0,2026-08-01 14:43:31 UTC,69,69,293,Performance data through: 2026-08-01 (updates every day) · MLSPA compensation as of: 2026-04-16,FALSE,2026-08-01 14:43:25 UTC
gpMOa6zrqz,asa_gpMOa6zrqz_mls_blended,Derrick Etienne Jr.,derrick etienne jr,1996-11-25,Haiti,W,NA,29.596167008898018,mls,kRQabn8MKZ,W,asa_live,TRUE,NA,mlspa_via_asa,896,375000,1124,375000,TRUE,0.5614035087719298,0.4385964912280702,blended,2025+2026 season to date,1388.982456140351,0.09593526074973913,0.03147692184197148,-0.02655017659807882,0.07990442966847724,-0.006194277954673161,0.01691835683514837,3.800069568940128e-4,2026,375000,Toronto FC,0.20277985605674193,1,0.12816619219224254,0.1367106050093309,0.03357538329915214,33.624454148471614,-0.02832018837216908,27.074235807860262,0.0852313916490392,48.90829694323144,-0.006607229818524514,27.94759825327511,0.018046247291388873,20.087336244541486,4.053407540329472e-4,43.66812227074236,2.183406113537118,375000,39.201877934272304,42.4807903402854,520000,-37.018471820735186,TRUE,FALSE,27.083333333333332,Medium,29.75,70.25,Below Expected Value by Current Model,Wingers and attacking midfielders,1.1.0,2026-08-01 14:43:31 UTC,71,71,320,Performance data through: 2026-08-01 (updates every day) · MLSPA compensation as of: 2026-04-16,FALSE,2026-08-01 14:43:25 UTC
gpMOaaB2qz,asa_gpMOaaB2qz_mls_blended,Manu García,manu garcia,1998-01-02,Spain,CM,NA,28.49281314168378,mls,Z2vQ1xlqrA,CM,asa_live,TRUE,NA,mlspa_via_asa,1366,2425313,2364,2425313,TRUE,0.6611810261374637,0.33881897386253634,blended,2025+2026 season to date,2166.968054211036,0.18453450351595324,0.013176945076436963,0.09905337320209728,0.02250504174426661,0.002039378184873782,0.03865943901995568,0.009100326288322906,2026,2425313,Sporting Kansas City,0.13644825463003651,1,0.1741072962745683,0.1857144493653431,0.014055408081971992,42.45283018867924,0.10565693141887221,93.86792452830188,0.02400537786130122,50,0.0021753367306000136,45.75471698113208,0.04123673495590804,19.81132075471698,0.009707014707847777,90.09433962264151,87.26415094339623,2425313,98.48484848484848,94.18221734357849,535541.5,-11.220697541452253,TRUE,FALSE,46.07843137254902,High,20.75,79.25,Fair Value,Central and defensive midfielders,1.1.0,2026-08-01 14:43:31 UTC,56,56,238,Performance data through: 2026-08-01 (updates every day) · MLSPA compensation as of: 2026-04-16,FALSE,2026-08-01 14:43:25 UTC
gpMOalORqz,asa_gpMOalORqz_mls_blended,Nick Scardina,nick scardina,2001-06-22,USA,FB,NA,24.024640657084188,mls,NPqxKXZ59d,FB,asa_live,TRUE,NA,mlspa_via_asa,0,NA,900,104000,TRUE,0,1,blended,2025+2026 season to date,900,0.17240000000000005,0.00123999999999999,0.00529,0.0156,-0.00151,0.14890000000000003,0.00288,2026,104000,Charlotte FC,0.11638469243644946,1,0.14999387697457983,0.15999346877788495,0.0013226666667079893,14.43298969072165,0.005642666666843,32.98969072164948,0.01664000000052,34.5360824742268,-0.0016106666667170001,34.5360824742268,0.15882666667163003,96.3917525773196,0.003072000000096,79.38144329896907,83.50515463917526,104000,13.783783783783784,12.952799121844127,343925,69.72137085539147,FALSE,FALSE,NA,Low,41,59,Insufficient Evidence,Fullbacks and wingbacks,1.1.0,2026-08-01 14:43:31 UTC,NA,NA,NA,Performance data through: 2026-08-01 (updates every day) · MLSPA compensation as of: 2026-04-16,FALSE,2026-08-01 14:43:25 UTC
gpMOalwDqz,asa_gpMOalwDqz_mls_blended,Ian Harkes,ian harkes,1995-03-30,USA,CM,NA,31.255304585900067,mls,0KPqjA456v,CM,asa_live,TRUE,NA,mlspa_via_asa,704,450000,2386,450000,TRUE,0.5014245014245015,0.49857549857549854,blended,2025+2026 season to date,1893.6011396011395,0.18250103703226084,0.028668434457411823,0.017337631912652866,0.041824279450641565,0.008922964085369781,0.07290641992821373,0.012841307197971073,2026,450000,San Jose Earthquakes,0.13644825463003651,1,0.17142000686969266,0.1828480073333862,0.030579663422194894,81.13207547169812,0.018493474040740976,50.943396226415096,0.04461256474874514,77.35849056603773,0.009517828358025199,63.20754716981132,0.0777668479258582,77.35849056603773,0.013697394344930522,94.81132075471699,84.90566037735849,450000,45.95959595959596,48.84742041712404,535541.5,38.94606441776253,TRUE,FALSE,87.25490196078431,Medium,29.75,70.25,Strong Value,Central and defensive midfielders,1.1.0,2026-08-01 14:43:31 UTC,14,14,59,Performance data through: 2026-08-01 (updates every day) · MLSPA compensation as of: 2026-04-16,FALSE,2026-08-01 14:43:25 UTC
gpMOe7GOqz,asa_gpMOe7GOqz_mls_blended,Emiro Garcés,emiro garces,2001-10-11,Colombia,CB,NA,24.720054757015745,mls,kaDQ0wRqEv,CB,asa_live,TRUE,NA,mlspa_via_asa,879,518000,1928,518000,TRUE,0.5566814439518682,0.44331855604813175,blended,2025+2026 season to date,1733.718176060798,0.09619415618372887,0.0031182099600829283,0.05026038067057516,0.003730395570493426,-0.0036170142876288656,0.06795856272287465,-0.025256378452668447,2026,518000,LA Galaxy,0.13407640205361335,1,0.1059336987536448,0.11299594534075225,0.0033260906241923973,19.3717277486911,0.05361107271695551,57.068062827225134,0.003979088608650668,19.3717277486911,-0.003858148573591357,26.17801047120419,0.07248913357333157,48.69109947643979,-0.026940137017021557,9.947643979057592,14.136125654450261,518000,51.38121546961326,53.677277716794734,501667,-37.245089815163,TRUE,FALSE,17.52577319587629,Medium,29.75,70.25,Below Expected Value by Current Model,Center backs,1.1.0,2026-08-01 14:43:31 UTC,81,81,362,Performance data through: 2026-08-01 (updates every day) · MLSPA compensation as of: 2026-04-16,FALSE,2026-08-01 14:43:25 UTC
gpMOeAdDqz,asa_gpMOeAdDqz_mls_blended,Santiago Morales,santiago morales,2007-02-09,USA,W,NA,19.38945927446954,mls,zeQZkL1MKw,W,asa_live,TRUE,NA,mlspa_via_asa,82,138333,50,138333,TRUE,0.15,0.85,blended,2025+2026 season to date,124.5,-0.01190656097560975,0,-0.06772543902439024,0.03006373170731707,-0.030247682926829257,0.05598834146341464,1.4487804878048852e-5,2026,138333,Inter Miami CF,0.20277985605674193,1,0.1658875732126732,0.17694674476571431,0,6.11353711790393,-0.07224046829494044,9.170305676855895,0.032067980488807,7.423580786026201,-0.032264195122959465,12.663755458515285,0.05972089756284189,83.84279475982532,1.5453658537068368e-5,41.048034934497814,18.34061135371179,138333,23.943661971830984,24.368825466520306,520000,-5.603050618119195,FALSE,TRUE,NA,Low,41,59,Small-Sample Watchlist,Wingers and attacking midfielders,1.1.0,2026-08-01 14:43:31 UTC,NA,NA,NA,Performance data through: 2026-08-01 (updates every day) · MLSPA compensation as of: 2026-04-16,FALSE,2026-08-01 14:43:25 UTC
gpMOeEDEqz,asa_gpMOeEDEqz_mls_blended,Rubén Ramos Jr.,ruben ramos jr,2007-01-22,USA,W,NA,19.43874058863792,mls,kaDQ0wRqEv,W,asa_live,TRUE,NA,mlspa_via_asa,130,113400,159,113400,TRUE,0.1566265060240964,0.8433734939759037,blended,2025+2026 season to date,264.0963855421687,0.10954494203228003,0.07714480563764492,-0.02896947033416685,0.06411782223232554,-0.022668174585132976,0.02880375085246646,-0.008883791770857009,2026,113400,LA Galaxy,0.20277985605674193,1,0.17428418796672235,0.18590313383697998,0.08228779268272607,89.95633187772926,-0.03090076835741029,23.580786026200872,0.06839234371661783,32.751091703056765,-0.024179386224897445,18.777292576419214,0.030724000910257683,34.06113537117904,-0.009476044555876936,5.240174672489083,23.14410480349345,113400,17.6056338028169,16.41053787047201,520000,5.538471000676548,FALSE,TRUE,NA,Low,41,59,Small-Sample Watchlist,Wingers and attacking midfielders,1.1.0,2026-08-01 14:43:31 UTC,NA,NA,NA,Performance data through: 2026-08-01 (updates every day) · MLSPA compensation as of: 2026-04-16,FALSE,2026-08-01 14:43:25 UTC
gpMOeEnOqz,asa_gpMOeEnOqz_mls_blended,Zavier Gozo,zavier gozo,2007-03-22,USA,FB,NA,19.277207392197127,mls,a2lqR4JMr0,FB,asa_live,TRUE,NA,mlspa_via_asa,1610,126123,2094,126123,TRUE,0.696969696969697,0.303030303030303,blended,2025+2026 season to date,2244.5454545454545,0.2119931641424478,0.06546285863134002,-0.01323183120604324,0.10111434897480742,0.030443977226212185,0.02711731849812079,0.0010864920180106415,2026,126123,Real Salt Lake,0.11638469243644946,1,0.1918264682888336,0.2046148995144834,0.06982704920894478,97.42268041237114,-0.014113953286887183,17.52577319587629,0.10785530557649839,93.81443298969072,0.03247357570897446,91.75257731958763,0.028925139732232753,20.103092783505154,0.0011589248192475673,69.58762886597938,97.9381443298969,126123,29.18918918918919,22.502744237102085,343925,68.74895514070771,TRUE,FALSE,96.34146341463415,High,14,86,Elite Value,Fullbacks and wingbacks,1.1.0,2026-08-01 14:43:31 UTC,4,4,19,Performance data through: 2026-08-01 (updates every day) · MLSPA compensation as of: 2026-04-16,FALSE,2026-08-01 14:43:25 UTC
gpMOeEzyqz,asa_gpMOeEzyqz_mls_blended,Tomás Jacob,tomas jacob,2004-04-20,Argentina,FB,NA,22.195756331279945,mls,KAqBN0Vqbg,FB,asa_live,TRUE,NA,mlspa_via_asa,1357,642500,0,NA,FALSE,1,0,blended,2025+2026 season to date,1357,0.05094252026529108,0.01262122328666175,0.00544509948415622,0.03027634487840825,-0.02300073691967575,0.02608474576271186,-4.8415622697126016e-4,2026,642500,Atlanta United FC,0.11638469243644946,1,0.07100654852420525,0.07574031842818582,0.013462638172859908,54.63917525773196,0.005808106116614804,33.50515463917526,0.032294767871311345,60.824742268041234,-0.024534119381754156,10.309278350515465,0.027823728814428808,19.072164948453608,-5.164333087854827e-4,54.123711340206185,6.701030927835052,642500,80,63.22722283205269,343925,-73.29896907216495,TRUE,FALSE,4.878048780487805,High,28.75,71.25,Below Expected Value by Current Model,Fullbacks and wingbacks,1.1.0,2026-08-01 14:43:31 UTC,79,79,418,Performance data through: 2026-08-01 (updates every day) · MLSPA compensation as of: 2026-04-16,FALSE,2026-08-01 14:43:25 UTC
gpMOeGdrqz,asa_gpMOeGdrqz_mls_blended,Antony,antony,2001-09-08,Brazil,W,NA,24.810403832991103,mls,WBLMvYAQxe,W,asa_live,TRUE,NA,mlspa_via_asa,1273,666042,2831,666042,TRUE,0.6452103395843892,0.3547896604156108,blended,2025+2026 season to date,2277.409528636594,0.14281999576407967,0.05233798920538538,-0.039361131366703765,0.10719969141875224,0.0013555228004768715,0.030187032354661462,-0.008899108648492545,2026,666042,Portland Timbers FC,0.20277985605674193,1,0.15532287928398092,0.1656777379080904,0.055827188487489,66.37554585152839,-0.04198520679246272,17.467248908296945,0.11434633751690905,72.48908296943232,0.0014458909872205137,36.68122270742358,0.03219950117931179,38.8646288209607,-0.009492382558688686,4.8034934497816595,11.790393013100436,666042,62.44131455399061,65.20307354555433,520000,-50.650921540890174,TRUE,FALSE,12.5,High,20.75,79.25,Below Expected Value by Current Model,Wingers and attacking midfielders,1.1.0,2026-08-01 14:43:31 UTC,85,85,383,Performance data through: 2026-08-01 (updates every day) · MLSPA compensation as of: 2026-04-16,FALSE,2026-08-01 14:43:25 UTC
gpMOeP02qz,asa_gpMOeP02qz_mls_blended,Cesar Abadia-Reda,cesar abadiareda,2006-02-21,USA,FB,NA,20.355920602327178,mls,zeQZkL1MKw,FB,asa_live,TRUE,NA,mlspa_via_asa,50,88025,0,NA,FALSE,1,0,blended,2025+2026 season to date,50,-0.03546,0,-0.02196,0.0036,0.012959999999999998,-0.00863999999999999,-0.021420000000000005,2026,88025,Inter Miami CF,0.11638469243644946,1,0.1047043314797995,0.11168462024860962,0,6.443298969072165,-0.023424000000732,11.855670103092784,0.00384000000012,7.216494845360825,0.013824000000431998,73.71134020618557,-0.009216000000287989,6.701030927835052,-0.022848000000714005,9.278350515463918,34.02061855670103,88025,4.054054054054054,4.33589462129528,343925,29.966564502646975,FALSE,TRUE,NA,Low,49,51,Small-Sample Watchlist,Fullbacks and wingbacks,1.1.0,2026-08-01 14:43:31 UTC,NA,NA,NA,Performance data through: 2026-08-01 (updates every day) · MLSPA compensation as of: 2026-04-16,FALSE,2026-08-01 14:43:25 UTC
gpMOeWWRqz,asa_gpMOeWWRqz_mls_blended,Jules-Anthony Vilsaint,julesanthony vilsaint,2003-01-06,Canada,W,NA,23.482546201232033,mls,kRQabn8MKZ,W,asa_live,TRUE,NA,mlspa_via_asa,134,156875,493,156875,TRUE,0.1606714628297362,0.8393285371702638,blended,2025+2026 season to date,547.7889688249401,0.11358316430020282,0.09295269747690689,-0.07433178892991084,0.19415781370846527,-0.07753233761874881,-0.026061413749325087,0.004398193412815386,2026,156875,Toronto FC,0.20277985605674193,1,0.16021021553307277,0.1708908965739513,0.09914954397846577,96.06986899563319,-0.07928724152771595,6.986899563318778,0.20710166796216822,94.32314410480349,-0.0827011601292498,6.11353711790393,-0.02779884133348214,3.056768558951965,0.0046914063071496846,61.572052401746724,15.720524017467248,156875,25.35211267605634,26.01536772777168,520000,-9.631588658589092,FALSE,TRUE,NA,Low,41,59,Small-Sample Watchlist,Wingers and attacking midfielders,1.1.0,2026-08-01 14:43:31 UTC,NA,NA,NA,Performance data through: 2026-08-01 (updates every day) · MLSPA compensation as of: 2026-04-16,FALSE,2026-08-01 14:43:25 UTC
gpMOo1JyMz,asa_gpMOo1JyMz_mls_blended,Theo Corbeanu,theo corbeanu,2002-05-17,Canada,W,NA,24.123203285420946,mls,kRQabn8MKZ,W,asa_live,TRUE,NA,mlspa_via_asa,307,496625,2554,496625,TRUE,0.30486593843098314,0.6951340615690169,blended,2025+2026 season to date,2082.3723932472694,0.24808179781467082,0.048082562236622425,-0.025090369760929564,0.05241785652352095,0.10684954807343117,0.058190125659148675,0.007632075082877178,2026,496625,Toronto FC,0.20277985605674193,1,0.2379485422222764,0.2538117783783598,0.05128806638733334,57.64192139737991,-0.026763061079161213,28.38427947598253,0.05591238029350294,20.96069868995633,0.11397285128188822,96.06986899563319,0.06206946737169826,86.02620087336244,0.008140880088656726,70.74235807860262,77.7292576419214,496625,47.417840375586856,51.920965971459935,520000,30.311417266334537,FALSE,TRUE,NA,Low,41,59,Small-Sample Watchlist,Wingers and attacking midfielders,1.1.0,2026-08-01 14:43:31 UTC,NA,NA,NA,Performance data through: 2026-08-01 (updates every day) · MLSPA compensation as of: 2026-04-16,FALSE,2026-08-01 14:43:25 UTC
gpMOoOERMz,asa_gpMOoOERMz_mls_blended,Julian Gaines,julian gaines,2002-11-05,USA,W,NA,22.652977412731005,mls,vzqoOgNqap,W,asa_live,TRUE,NA,mlspa_via_asa,0,NA,46,80622,TRUE,0,1,blended,2025+2026 season to date,46,0.1543695652173913,0.05145652173913042,0.08002173913043478,0.01134782608695652,-0.03189130434782608,0.04323913043478261,1.956521739130435e-4,2026,80622,Nashville SC,0.20277985605674193,1,0.19933268364403273,0.212621529226946,0.054886956523454336,65.06550218340611,0.08535652174179782,94.32314410480349,0.012104347826465215,3.056768558951965,-0.034017391305410864,11.790393013100436,0.04612173913187609,65.06550218340611,2.086956521804348e-4,42.79475982532751,49.34497816593886,80622,1.408450704225352,1.0428100987925357,520000,47.93652746171351,FALSE,FALSE,NA,Low,41,59,Insufficient Evidence,Wingers and attacking midfielders,1.1.0,2026-08-01 14:43:31 UTC,NA,NA,NA,Performance data through: 2026-08-01 (updates every day) · MLSPA compensation as of: 2026-04-16,FALSE,2026-08-01 14:43:25 UTC
gpMOoOjEMz,asa_gpMOoOjEMz_mls_blended,Justin Haak,justin haak,2001-09-12,USA,CB,NA,24.799452429842574,mls,kaDQ0wRqEv,CB,asa_live,TRUE,NA,mlspa_via_asa,1541,810561,3862,810561,TRUE,0.6876394466755913,0.3123605533244087,blended,2025+2026 season to date,2747.3364569388664,0.15027959377645225,0.008130909968200092,0.04430551413317693,0.012913114914344066,0.016633984929880052,0.08183016894091123,-0.013534099110060125,2026,810561,LA Galaxy,0.13407640205361335,1,0.1473752203563408,0.15720023505167602,0.008672970633017795,51.30890052356021,0.04725921507686558,46.07329842931937,0.013773989242397441,42.40837696335078,0.01774291725909319,92.14659685863874,0.08728551353969966,64.3979057591623,-0.01443637238451527,23.56020942408377,61.78010471204188,810561,74.03314917127072,74.97255762897915,501667,-12.253044459228839,TRUE,FALSE,35.05154639175258,High,14,86,Fair Value,Center backs,1.1.0,2026-08-01 14:43:31 UTC,64,64,286,Performance data through: 2026-08-01 (updates every day) · MLSPA compensation as of: 2026-04-16,FALSE,2026-08-01 14:43:25 UTC
gpMOoOpOMz,asa_gpMOoOpOMz_mls_blended,Bryce Duke,bryce duke,2001-02-28,USA,FB,NA,25.336071184120467,mls,zeQZBOzQKw,FB,asa_live,TRUE,NA,mlspa_via_asa,108,336500,775,336500,TRUE,0.15,0.85,blended,2025+2026 season to date,766.75,0.10785632258064515,0.01970245161290322,-0.013365935483870965,0.033645822580645156,0.0049398387096774195,0.06146470967741936,0.0014694354838709648,2026,336500,San Diego FC,0.11638469243644946,1,0.11160025666770026,0.11904027378260029,0.021015948387753516,71.1340206185567,-0.014256997849907893,17.010309278350515,0.03588887742047636,65.4639175257732,0.005269161290487242,52.577319587628864,0.06556235699129614,65.4639175257732,0.0015673978495113438,72.16494845360825,43.29896907216495,336500,49.729729729729726,39.62678375411635,343925,-6.430760657564775,FALSE,TRUE,NA,Low,41,59,Small-Sample Watchlist,Fullbacks and wingbacks,1.1.0,2026-08-01 14:43:31 UTC,NA,NA,NA,Performance data through: 2026-08-01 (updates every day) · MLSPA compensation as of: 2026-04-16,FALSE,2026-08-01 14:43:25 UTC
gpMOoZ47Mz,asa_gpMOoZ47Mz_mls_blended,Jorge Ruvalcaba,jorge ruvalcaba,2001-07-23,USA,W,NA,24.93908281998631,mls,a2lqRX2Mr0,W,asa_live,TRUE,NA,mlspa_via_asa,1443,788528,0,NA,FALSE,1,0,blended,2025+2026 season to date,1443,0.22133887733887733,0.08225987525987526,-0.06437837837837837,0.11629521829521829,0.07768191268191268,0.01432016632016632,-0.00483991683991684,2026,788528,New York Red Bulls,0.20277985605674193,1,0.21588835713854387,0.23028091428830974,0.08774386694660893,92.5764192139738,-0.0686702702724162,10.043668122270743,0.12404823285210935,77.29257641921397,0.08286070686329626,89.08296943231441,0.015274844075321413,16.157205240174672,-0.005162577962739293,12.663755458515285,66.8122270742358,788528,68.54460093896714,73.32601536772778,520000,-1.7323738647313291,TRUE,FALSE,59.375,High,28.75,71.25,Fair Value,Wingers and attacking midfielders,1.1.0,2026-08-01 14:43:31 UTC,40,40,180,Performance data through: 2026-08-01 (updates every day) · MLSPA compensation as of: 2026-04-16,FALSE,2026-08-01 14:43:25 UTC
gpMOogB1Mz,asa_gpMOogB1Mz_mls_blended,Telasco Segovia,telasco segovia,2003-04-02,Venezuela,CM,NA,23.247091033538673,mls,zeQZkL1MKw,CM,asa_live,TRUE,NA,mlspa_via_asa,1486,360000,2017,360000,TRUE,0.6797804208600183,0.32021957913998167,blended,2025+2026 season to date,2131.882891125343,0.17962758229341538,0.03232389737551036,-8.153284002719811e-4,0.08351068729159872,0.02763422663989211,0.044718217883579686,-0.0077441184968935145,2026,360000,Inter Miami CF,0.13644825463003651,1,0.17014416092048998,0.18148710498752746,0.034478823868288516,85.37735849056604,-8.696836269839574e-4,25.943396226415093,0.08907806644715566,95.28301886792453,0.029476508416806057,87.26415094339623,0.04769943241064227,28.77358490566038,-0.00826039306361122,21.69811320754717,83.9622641509434,360000,39.898989898989896,41.49286498353458,535541.5,44.0632742519535,TRUE,FALSE,92.15686274509804,High,20.75,79.25,Elite Value,Central and defensive midfielders,1.1.0,2026-08-01 14:43:31 UTC,9,9,37,Performance data through: 2026-08-01 (updates every day) · MLSPA compensation as of: 2026-04-16,FALSE,2026-08-01 14:43:25 UTC
gpMOopORMz,asa_gpMOopORMz_mls_blended,Hernán López,hernan lopez,2000-09-07,Argentina,CM,NA,24.81314168377823,mls,0KPqjA456v,CM,asa_live,TRUE,NA,mlspa_via_asa,0,NA,280,1020000,TRUE,0,1,blended,2025+2026 season to date,280,0.27392142857142854,0.06737142857142857,0.00430714285714285,0.03609642857142857,0.12416785714285712,0.03998571428571428,0.00199285714285714,2026,1020000,San Jose Earthquakes,0.13644825463003651,1,0.18018971906593398,0.19220236700966922,0.07186285714510285,96.69811320754717,0.004594285714429278,32.54716981132076,0.038502857144060355,70.75471698113208,0.1324457142898532,99.52830188679245,0.04265142857276142,20.754716981132077,0.002125714285780711,74.05660377358491,89.62264150943396,1020000,86.86868686868686,82.7113062568606,535541.5,2.7539546407470965,FALSE,FALSE,NA,Low,41,59,Insufficient Evidence,Central and defensive midfielders,1.1.0,2026-08-01 14:43:31 UTC,NA,NA,NA,Performance data through: 2026-08-01 (updates every day) · MLSPA compensation as of: 2026-04-16,FALSE,2026-08-01 14:43:25 UTC
gpMOov07Mz,asa_gpMOov07Mz_mls_blended,Nectarios Triantis,nectarios triantis,2003-05-11,Australia,CM,NA,23.14031485284052,mls,kRQand1MKZ,CM,asa_live,TRUE,NA,mlspa_via_asa,1281,732665,797,732665,TRUE,0.6466431095406361,0.3533568904593639,blended,2025+2026 season to date,1562.625441696113,0.15254952031754618,0.025817159502095496,0.030940709639948397,0.02771046016200327,0.009979800577253034,0.07253860672625828,-0.014437216290012328,2026,732665,Minnesota United FC,0.13644825463003651,1,0.14808237624985732,0.15795453467145054,0.027538303469762434,76.88679245283019,0.033003423616976314,67.9245283018868,0.02955782417372717,59.43396226415094,0.01064512061606923,66.50943396226415,0.07737451384376012,76.88679245283019,-0.01539969737649439,11.79245283018868,68.39622641509433,732665,69.1919191919192,69.15477497255763,535541.5,-0.7956927768248647,TRUE,FALSE,51.96078431372549,High,20.75,79.25,Fair Value,Central and defensive midfielders,1.1.0,2026-08-01 14:43:31 UTC,50,50,212,Performance data through: 2026-08-01 (updates every day) · MLSPA compensation as of: 2026-04-16,FALSE,2026-08-01 14:43:25 UTC
gpMOoypDMz,asa_gpMOoypDMz_mls_blended,Zach Booth,zach booth,2004-02-17,USA,FB,NA,22.368240930869263,mls,a2lqR4JMr0,FB,asa_live,TRUE,NA,mlspa_via_asa,382,217500,0,NA,FALSE,1,0,blended,2025+2026 season to date,382,0.12084031413612566,0.02775392670157068,-0.02028534031413612,0.02735340314136125,0.03091099476439791,0.04450523560209425,0.01060209424083769,2026,217500,Real Salt Lake,0.11638469243644946,1,0.11811793835220943,0.12599246757962732,0.029604188482600526,85.05154639175258,-0.021637696335754703,13.402061855670103,0.029176963351697113,55.154639175257735,0.03297172774972147,92.26804123711341,0.04747225131038404,39.69072164948454,0.011308900523913605,92.26804123711341,52.577319587628864,217500,36.75675675675676,30.625686059275523,343925,15.820562830872106,FALSE,TRUE,NA,Low,49,51,Small-Sample Watchlist,Fullbacks and wingbacks,1.1.0,2026-08-01 14:43:31 UTC,NA,NA,NA,Performance data through: 2026-08-01 (updates every day) · MLSPA compensation as of: 2026-04-16,FALSE,2026-08-01 14:43:25 UTC
gpMOz1KyQz,asa_gpMOz1KyQz_mls_blended,Diego Rubio,diego rubio,1993-05-15,Chile,FW,NA,32.12867898699521,mls,gpMOLwl5zy,FW,asa_live,TRUE,NA,mlspa_via_asa,0,NA,1098,208000,TRUE,0,1,blended,2025+2026 season to date,1098,0.23440983606557378,0.0445,0.06119672131147541,0.05601639344262295,0.00472131147540983,0.06449180327868853,0.00348360655737704,2026,208000,Austin FC,0.21108432719581333,1,0.22616760678297293,0.24124544724271005,0.04746666666815,31.914893617021278,0.06527650273428033,97.16312056737588,0.05975081967399836,5.673758865248227,0.005036065573927863,76.59574468085107,0.06879125683275082,96.45390070921985,0.00371584699465163,51.773049645390074,61.702127659574465,208000,33.582089552238806,30.13172338090011,535000,28.12003810733566,FALSE,FALSE,NA,Low,41,59,Insufficient Evidence,Strikers,1.1.0,2026-08-01 14:43:31 UTC,NA,NA,NA,Performance data through: 2026-08-01 (updates every day) · MLSPA compensation as of: 2026-04-16,FALSE,2026-08-01 14:43:25 UTC
jYQJ14KyqG,asa_jYQJ14KyqG_mls_blended,Philip Zinckernagel,philip zinckernagel,1994-12-16,Denmark,W,NA,31.540041067761805,mls,X0Oq66zq6D,W,asa_live,TRUE,NA,mlspa_via_asa,1428,1635665,2967,1635665,TRUE,0.6710526315789473,0.32894736842105265,blended,2025+2026 season to date,2403.9868421052633,0.2903424621019181,0.08176521102427455,0.029510870990671827,0.08915944087975247,0.03312599876840737,0.03628103404365312,0.020499906395158776,2026,1635665,Chicago Fire FC,0.20277985605674193,1,0.27285318322402324,0.29104339544805324,0.08721622509528502,91.70305676855895,0.03147826239103364,79.91266375545851,0.09510340360804129,58.951965065502186,0.03533439868740539,68.5589519650655,0.03869976964777269,52.838427947598255,0.021866566822186025,87.77292576419214,90.82969432314411,1635665,82.15962441314554,90.88913282107575,520000,8.670069909998574,TRUE,FALSE,77.08333333333333,High,20.75,79.25,Undervalued,Wingers and attacking midfielders,1.1.0,2026-08-01 14:43:31 UTC,23,23,103,Performance data through: 2026-08-01 (updates every day) · MLSPA compensation as of: 2026-04-16,FALSE,2026-08-01 14:43:25 UTC
jYQJ1PaVqG,asa_jYQJ1PaVqG_mls_blended,Antônio Carlos,antonio carlos,1993-03-07,Brazil,CB,NA,33.31690622861054,mls,YgOMngl5wN,CB,asa_live,TRUE,NA,mlspa_via_asa,1171,832676,701,832676,TRUE,0.6258685195082844,0.37413148049171563,blended,2025+2026 season to date,1433.2661678246927,0.13617141885570816,0.013564856191544333,0.027600253436527642,0.03081879898228917,0.00492004016557243,0.07318092272549485,-0.013913452645720283,2026,832676,Houston Dynamo FC,0.13407640205361335,1,0.1355531967551547,0.14459007654335013,0.01446917993809945,76.43979057591623,0.02944027033321616,20.418848167539267,0.03287338558213574,79.58115183246073,0.00524804284344126,61.78010471204188,0.07805965090963388,54.973821989528794,-0.014841016155898749,21.98952879581152,43.97905759162304,832676,76.24309392265194,76.0702524698134,501667,-32.2640363310289,TRUE,FALSE,20.61855670103093,High,20.75,79.25,Below Expected Value by Current Model,Center backs,1.1.0,2026-08-01 14:43:31 UTC,78,78,349,Performance data through: 2026-08-01 (updates every day) · MLSPA compensation as of: 2026-04-16,FALSE,2026-08-01 14:43:25 UTC
jYQJB7wVQG,asa_jYQJB7wVQG_mls_blended,Cole Bassett,cole bassett,2001-07-28,USA,CM,NA,24.92539356605065,mls,WBLMvYAQxe,CM,asa_live,TRUE,NA,mlspa_via_asa,1183,850000,2415,850000,TRUE,0.6282527881040892,0.37174721189591076,blended,2025+2026 season to date,2080.7695167286247,0.17455498857050497,0.044763790436168,0.02917028793091505,0.05534819552517952,-0.002630169248885912,0.04941393243898496,-0.0015110485118566559,2026,850000,Portland Timbers FC,0.13644825463003651,1,0.1660260791578889,0.17709448444061568,0.04774804313340466,93.39622641509433,0.031114973793948394,66.0377358490566,0.059038075228703094,86.32075471698113,-0.002805513865565978,29.245283018867923,0.05270819460323109,37.264150943396224,-0.0016117850793641345,47.16981132075472,83.01886792452831,850000,79.29292929292929,76.83863885839736,535541.5,3.7259386315990213,TRUE,FALSE,60.78431372549019,High,20.75,79.25,Fair Value,Central and defensive midfielders,1.1.0,2026-08-01 14:43:31 UTC,41,41,174,Performance data through: 2026-08-01 (updates every day) · MLSPA compensation as of: 2026-04-16,FALSE,2026-08-01 14:43:25 UTC
jYQJBvJGQG,asa_jYQJBvJGQG_mls_blended,Jon Bell,jon bell,1997-08-26,USA,CB,NA,28.84599589322382,mls,gpMOLwl5zy,CB,asa_live,TRUE,NA,mlspa_via_asa,851,225000,1508,225000,TRUE,0.5486782720825274,0.4513217279174726,blended,2025+2026 season to date,1531.5931656995485,0.14587646029685647,0.011759641678937342,0.043597776398216596,0.014907002755131873,0.004555987666039015,0.0775773258289766,-0.006521274030444976,2026,225000,Austin FC,0.13407640205361335,1,0.14255498457631374,0.1520586502194865,0.012543617791258486,71.20418848167539,0.04650429482621763,44.50261780104712,0.01590080293930423,49.21465968586387,0.004859720177260149,60.20942408376963,0.08274914755349429,59.68586387434555,-0.006956025632692017,37.696335078534034,56.544502617801044,225000,28.176795580110497,31.50384193194292,501667,28.367707037690547,TRUE,FALSE,78.35051546391753,Medium,29.75,70.25,Undervalued,Center backs,1.1.0,2026-08-01 14:43:31 UTC,22,22,97,Performance data through: 2026-08-01 (updates every day) · MLSPA compensation as of: 2026-04-16,FALSE,2026-08-01 14:43:25 UTC
jYQJYXpPqG,asa_jYQJYXpPqG_mls_blended,Tyrese Spicer,tyrese spicer,2000-12-04,Trinidad & Tobago,W,NA,25.571526351813823,mls,jYQJ8EW5GR,W,asa_live,TRUE,NA,mlspa_via_asa,592,311875,1385,311875,TRUE,0.4582043343653251,0.541795665634675,blended,2025+2026 season to date,1342.3869969040247,0.1794465720736328,0.047092901610577734,5.013719529232924e-4,0.11851042795989764,-0.031741695633221934,0.052865406109242105,-0.00778183992578601,2026,311875,Orlando City SC,0.20277985605674193,1,0.1866541833334796,0.19909779556193338,0.05023242838618601,55.89519650655022,5.347967498015576e-4,55.02183406113537,0.12641112316117448,78.16593886462883,-0.03385780867649479,12.22707423580786,0.056389766518287095,79.91266375545851,-0.008300629254431138,6.986899563318778,35.80786026200873,311875,34.74178403755869,36.99231613611416,520000,1.0660762244500432,TRUE,FALSE,61.458333333333336,Medium,29.75,70.25,Fair Value,Wingers and attacking midfielders,1.1.0,2026-08-01 14:43:31 UTC,38,38,171,Performance data through: 2026-08-01 (updates every day) · MLSPA compensation as of: 2026-04-16,FALSE,2026-08-01 14:43:25 UTC
jYQJYzKDqG,asa_jYQJYzKDqG_mls_blended,Chris Applewhite,chris applewhite,2007-08-23,USA,CB,NA,17.856262833675565,mls,vzqoOgNqap,CB,asa_live,TRUE,NA,mlspa_via_asa,0,NA,221,90067,TRUE,0,1,blended,2025+2026 season to date,221,0.05367420814479638,0,0.0826289592760181,8.552036199095022e-4,-0.00728959276018099,-0.02679638009049773,0.00427601809954751,2026,90067,Nashville SC,0.13407640205361335,1,0.11243342415611206,0.11992898577026731,0,6.806282722513089,0.08813755656384027,90.57591623036649,9.122171945986424e-4,10.99476439790576,-0.007775565611102709,20.418848167539267,-0.028582805430757457,4.18848167539267,0.0045610859729932115,94.76439790575917,22.513089005235603,90067,6.629834254143646,7.244785949506038,501667,15.883254751091958,FALSE,FALSE,NA,Low,41,59,Insufficient Evidence,Center backs,1.1.0,2026-08-01 14:43:31 UTC,NA,NA,NA,Performance data through: 2026-08-01 (updates every day) · MLSPA compensation as of: 2026-04-16,FALSE,2026-08-01 14:43:25 UTC
jYQJa30DqG,asa_jYQJa30DqG_mls_blended,Joseph Rosales,joseph rosales,2000-11-06,Honduras,W,NA,25.648186173853524,mls,gpMOLwl5zy,W,asa_live,TRUE,NA,mlspa_via_asa,1507,529875,1811,529875,TRUE,0.68282736746715,0.31717263253285,blended,2025+2026 season to date,2081.3996375169913,0.12754916451019133,0.020487654486240126,0.01886707997268867,0.027136170565168753,0.015140965308664735,0.05235764423073315,-0.006440350053304112,2026,529875,Austin FC,0.20277985605674193,1,0.14438306509568147,0.15400860277353967,0.021853498119339055,21.83406113537118,0.020124885304830153,72.0524017467249,0.02894524860375121,6.986899563318778,0.016150362996413748,51.09170305676856,0.05584815384786061,78.60262008733625,-0.006869706723739064,9.170305676855895,6.11353711790393,529875,51.17370892018779,54.33589462129528,520000,-45.06017180228386,TRUE,FALSE,17.708333333333332,High,14,86,Below Expected Value by Current Model,Wingers and attacking midfielders,1.1.0,2026-08-01 14:43:31 UTC,80,80,360,Performance data through: 2026-08-01 (updates every day) · MLSPA compensation as of: 2026-04-16,FALSE,2026-08-01 14:43:25 UTC
jYQJa3GEqG,asa_jYQJa3GEqG_mls_blended,Japhet Sery Larsen,japhet sery larsen,2000-04-10,Denmark,CB,NA,26.223134839151268,mls,9z5k7Yg5A3,CB,asa_live,TRUE,NA,mlspa_via_asa,876,675300,0,NA,FALSE,1,0,blended,2025+2026 season to date,876,0.15389383561643835,0.005496575342465749,0.04627397260273973,0.02616780821917808,-0.01278082191780822,0.08792465753424658,8.116438356164385e-4,2026,675300,Philadelphia Union,0.13407640205361335,1,0.14583796831447696,0.15556049954030335,0.005863013698813352,34.031413612565444,0.04935890411113151,50.261780104712045,0.027912328767995546,74.3455497382199,-0.013632876712754795,11.518324607329843,0.09378630137279384,71.72774869109948,8.657534246845892e-4,86.38743455497382,59.16230366492147,675300,62.98342541436464,65.86169045005488,501667,-3.821121749443172,TRUE,FALSE,46.391752577319586,Low,37.75,62.25,Fair Value,Center backs,1.1.0,2026-08-01 14:43:31 UTC,53,53,236,Performance data through: 2026-08-01 (updates every day) · MLSPA compensation as of: 2026-04-16,FALSE,2026-08-01 14:43:25 UTC
jYQJaDnDqG,asa_jYQJaDnDqG_mls_blended,Leo Afonso,leo afonso,2001-07-13,Brazil,W,NA,23.967145790554415,mls,zeQZkL1MKw,W,asa_live,TRUE,NA,mlspa_via_asa,0,NA,191,80622,TRUE,0,1,blended,2025+2026 season to date,191,-0.07718324607329843,0.04900523560209424,-0.04005235602094241,0.11304188481675394,-0.03609424083769633,-0.16030366492146597,-0.00278010471204188,2026,80622,Inter Miami CF,0.20277985605674193,1,0.135178146187162,0.1441900226041454,0.05227225131053403,58.07860262008734,-0.042722513090340315,17.03056768558952,0.12057801047497226,75.54585152838428,-0.03850052356141256,10.043668122270743,-0.17099057592157382,0.4366812227074236,-0.0029654450262706755,19.213973799126638,3.493449781659389,80622,1.408450704225352,1.0428100987925357,520000,2.084999077434037,FALSE,FALSE,NA,Low,41,59,Insufficient Evidence,Wingers and attacking midfielders,1.1.0,2026-08-01 14:43:31 UTC,NA,NA,NA,Performance data through: 2026-08-01 (updates every day) · MLSPA compensation as of: 2026-04-16,FALSE,2026-08-01 14:43:25 UTC
jYQJaaBdqG,asa_jYQJaaBdqG_mls_blended,Jack McGlynn,jack mcglynn,2003-07-07,USA,CM,NA,22.98425735797399,mls,YgOMngl5wN,CM,asa_live,TRUE,NA,mlspa_via_asa,981,910320,2582,910320,TRUE,0.5835812016656752,0.4164187983343248,blended,2025+2026 season to date,2056.1933372992266,0.23557641448531016,0.031660720284254096,0.12009729463715071,0.016424327852505628,0.022320115788110696,0.04034934067407591,0.0047246152492130735,2026,910320,Houston Dynamo FC,0.13644825463003651,1,0.21318463483660458,0.2273969438328177,0.03377143497092639,84.90566037735849,0.12810378095029734,98.11320754716981,0.017519283043220146,34.905660377358494,0.02380812350806208,84.43396226415095,0.043039296720359284,21.69811320754717,0.005039589599318099,84.43396226415095,97.16981132075472,910320,82.82828282828282,79.2535675082327,535541.5,14.341528492471895,TRUE,FALSE,71.56862745098039,High,20.75,79.25,Undervalued,Central and defensive midfielders,1.1.0,2026-08-01 14:43:31 UTC,30,30,127,Performance data through: 2026-08-01 (updates every day) · MLSPA compensation as of: 2026-04-16,FALSE,2026-08-01 14:43:25 UTC
jYQJal6kqG,asa_jYQJal6kqG_mls_blended,Miguel Navarro,miguel navarro,1999-02-26,Venezuela,FB,NA,27.342915811088297,mls,pzeQZ6xQKw,FB,asa_live,TRUE,NA,mlspa_via_asa,845,548781,0,NA,FALSE,1,0,blended,2025+2026 season to date,845,0.11935384615384616,0.00217278106508875,0.052285207100591716,0.02239881656804733,-0.0044733727810650804,0.06894319526627218,-0.02197278106508875,2026,548781,Colorado Rapids,0.11638469243644946,1,0.11812097955838732,0.12599571153288383,0.0023176331361670927,17.010309278350515,0.055770887575707334,86.08247422680412,0.023892071006663778,48.45360824742268,-0.004771597633285198,27.31958762886598,0.07353940828632177,74.74226804123711,-0.023437633136827094,8.24742268041237,53.09278350515464,548781,71.89189189189189,56.311745334796925,343925,-18.799108386737245,TRUE,FALSE,39.02439024390244,Low,37.75,62.25,Below Expected Value by Current Model,Fullbacks and wingbacks,1.1.0,2026-08-01 14:43:31 UTC,51,51,269,Performance data through: 2026-08-01 (updates every day) · MLSPA compensation as of: 2026-04-16,FALSE,2026-08-01 14:43:25 UTC
jYQJamlEqG,asa_jYQJamlEqG_mls_blended,Bongokuhle Hlongwane,bongokuhle hlongwane,2000-06-20,South Africa,FB,NA,26.028747433264886,mls,kRQand1MKZ,FB,asa_live,TRUE,NA,mlspa_via_asa,517,1142500,3039,1142500,TRUE,0.4248151191454396,0.5751848808545603,blended,2025+2026 season to date,2264.986852917009,0.17544502243229143,0.02551409815374657,-0.03220527392054483,0.07697854027470329,0.007049300750068344,0.0872217012851014,0.010886655889216681,2026,1142500,Minnesota United FC,0.11638469243644946,1,0.16307631017749505,0.17394806419476394,0.027215038031513476,80.9278350515464,-0.03435229218298799,7.216494845360825,0.08211044296224945,91.23711340206185,0.0075192541336412105,59.79381443298969,0.09303648137368221,88.65979381443299,0.011612432948860682,92.78350515463917,91.23711340206185,1142500,97.83783783783784,85.01646542261251,343925,-6.600724435775987,TRUE,FALSE,57.31707317073171,Medium,29.75,70.25,Fair Value,Fullbacks and wingbacks,1.1.0,2026-08-01 14:43:31 UTC,36,36,188,Performance data through: 2026-08-01 (updates every day) · MLSPA compensation as of: 2026-04-16,FALSE,2026-08-01 14:43:25 UTC
jYQJanvVqG,asa_jYQJanvVqG_mls_blended,Daniel Edelman,daniel edelman,2003-04-28,USA,CM,NA,23.17590691307324,mls,wvq9B9wQWn,CM,asa_live,TRUE,NA,mlspa_via_asa,1482,676350,2239,676350,TRUE,0.6791934005499541,0.32080659945004586,blended,2025+2026 season to date,2200.2859761686527,0.12511658115508387,0.014886192154822292,0.026828372665386416,0.017213275698813098,0.006509111046611825,0.057102091537034716,0.002577538052415534,2026,676350,St. Louis City SC,0.13644825463003651,1,0.12754454892081685,0.1360475188531228,0.015878604965639986,50.471698113207545,0.028616930843973123,63.20754716981132,0.01836082741264108,38.679245283018865,0.006943051783269584,57.54716981132076,0.0609088976414071,50.471698113207545,0.0027493739226624875,77.35849056603773,37.735849056603776,676350,63.63636363636363,65.97145993413831,535541.5,-25.900514579759857,TRUE,FALSE,35.294117647058826,High,20.75,79.25,Below Expected Value by Current Model,Central and defensive midfielders,1.1.0,2026-08-01 14:43:31 UTC,67,67,285,Performance data through: 2026-08-01 (updates every day) · MLSPA compensation as of: 2026-04-16,FALSE,2026-08-01 14:43:25 UTC
jYQJg3nEMG,asa_jYQJg3nEMG_mls_blended,Palmer Ault,palmer ault,2004-04-19,USA,FW,NA,22.198494182067076,mls,wvq9B9wQWn,FW,asa_live,FALSE,NA,NA,33,NA,0,NA,FALSE,1,0,blended,2025+2026 season to date,33,0.4603636363636363,0.18327272727272728,-0.1129090909090909,0.08481818181818182,0.20945454545454545,0.10172727272727274,-0.006,2026,NA,St. Louis City SC,0.21108432719581333,1,0.22407993099129225,0.23901859306484774,0.1954909090970182,99.29078014184397,-0.12043636364012726,3.5460992907801416,0.09047272727555454,16.31205673758865,0.22341818182516363,98.58156028368795,0.10850909091248183,99.29078014184397,-0.0064000000002,9.21985815602837,59.57446808510638,NA,NA,NA,535000,NA,FALSE,FALSE,NA,Insufficient,49,51,Insufficient Evidence,Strikers,1.1.0,2026-08-01 14:43:31 UTC,NA,NA,NA,Performance data through: 2026-08-01 (updates every day) · MLSPA compensation as of: 2026-04-16,FALSE,2026-08-01 14:43:25 UTC
jYQJg6lWMG,asa_jYQJg6lWMG_mls_blended,Augustin Anello,augustin anello,2002-04-22,USA,W,NA,24.191649555099247,mls,9z5k7Yg5A3,W,asa_live,TRUE,NA,mlspa_via_asa,434,539630,0,NA,FALSE,1,0,blended,2025+2026 season to date,434,0.2991566820276498,0.0919700460829493,-0.03508755760368663,0.16405299539170506,0.00269585253456221,0.06762442396313365,0.00790092165898617,2026,539630,Philadelphia Union,0.20277985605674193,1,0.2432320247911462,0.25944749311866366,0.09810138249154492,95.19650655021834,-0.037426728111768656,20.087336244541486,0.1749898617566205,89.95633187772926,0.002875576036956219,38.427947598253276,0.07213271889626337,92.13973799126637,0.00842764976984861,71.17903930131004,82.96943231441048,539630,52.11267605633803,55.21405049396268,520000,30.85675625807245,FALSE,TRUE,NA,Low,49,51,Small-Sample Watchlist,Wingers and attacking midfielders,1.1.0,2026-08-01 14:43:31 UTC,NA,NA,NA,Performance data through: 2026-08-01 (updates every day) · MLSPA compensation as of: 2026-04-16,FALSE,2026-08-01 14:43:25 UTC
jYQJg7nEMG,asa_jYQJg7nEMG_mls_blended,Antone Bossenberry,antone bossenberry,2008-08-14,Canada,CM,NA,17.87816563997262,mls,kRQabn8MKZ,CM,asa_live,FALSE,NA,NA,49,NA,0,NA,FALSE,1,0,blended,2025+2026 season to date,49,-0.04977551020408162,0,-0.08320408163265305,0.02975510204081632,0.02626530612244897,-0.027183673469387746,0.00459183673469387,2026,NA,Toronto FC,0.13644825463003651,1,0.122388216915288,0.13054743138038682,0,6.60377358490566,-0.08875102041093673,2.830188679245283,0.03173877551119591,62.264150943396224,0.028016326531487744,86.79245283018868,-0.028995918368253052,1.8867924528301887,0.004897959183826523,83.9622641509434,32.54716981132076,NA,NA,NA,535541.5,NA,FALSE,FALSE,NA,Insufficient,49,51,Insufficient Evidence,Central and defensive midfielders,1.1.0,2026-08-01 14:43:31 UTC,NA,NA,NA,Performance data through: 2026-08-01 (updates every day) · MLSPA compensation as of: 2026-04-16,FALSE,2026-08-01 14:43:25 UTC
jYQJgEJdMG,asa_jYQJgEJdMG_mls_blended,Cavan Sullivan,cavan sullivan,2009-09-28,USA,W,NA,16.75564681724846,mls,9z5k7Yg5A3,W,asa_live,TRUE,NA,mlspa_via_asa,841,614000,320,614000,TRUE,0.54574951330305,0.45425048669695,blended,2025+2026 season to date,986.360155743024,0.23151054510058403,0.04575121674237508,0.015033460415314732,0.094034961064244,0.03305937702790396,0.029153634003893578,0.014477895846852691,2026,614000,Philadelphia Union,0.20277985605674193,1,0.2206438996141238,0.23535349292908686,0.04880129786005846,52.40174672489083,0.016035691110170162,68.99563318777292,0.10030395847166143,63.31877729257642,0.03526333549753287,68.12227074235808,0.031097209605124937,36.68122270742358,0.015443088903792134,82.53275109170306,70.3056768558952,614000,57.27699530516432,61.14160263446762,520000,13.02868155073088,TRUE,FALSE,82.29166666666667,Medium,29.75,70.25,Undervalued,Wingers and attacking midfielders,1.1.0,2026-08-01 14:43:31 UTC,18,18,81,Performance data through: 2026-08-01 (updates every day) · MLSPA compensation as of: 2026-04-16,FALSE,2026-08-01 14:43:25 UTC
jYQJgRABMG,asa_jYQJgRABMG_mls_blended,Ethan Kohler,ethan kohler,2005-05-20,USA,CB,NA,21.114305270362767,mls,19vQ2095K6,CB,asa_live,TRUE,NA,mlspa_via_asa,1112,308800,0,NA,FALSE,1,0,blended,2025+2026 season to date,1112,0.06706294964028776,0.007737410071942441,0.03120863309352518,0.02067895683453237,0.00323741007194244,0.00661241007194244,-0.00241187050359712,2026,308800,New England Revolution,0.13407640205361335,1,0.09054897268234113,0.09658557086418218,0.00825323741032985,47.64397905759162,0.033289208634133816,24.083769633507853,0.022057553957523825,66.49214659685863,0.0034532374101798493,53.92670157068063,0.007053237410292349,6.806282722513089,-0.0025726618705839903,57.068062827225134,6.806282722513089,308800,33.70165745856354,36.66300768386389,501667,-26.89537473605045,TRUE,FALSE,22.68041237113402,Medium,28.75,71.25,Below Expected Value by Current Model,Center backs,1.1.0,2026-08-01 14:43:31 UTC,76,76,339,Performance data through: 2026-08-01 (updates every day) · MLSPA compensation as of: 2026-04-16,FALSE,2026-08-01 14:43:25 UTC
jYQJgokGMG,asa_jYQJgokGMG_mls_blended,Lazar Stefanovic,lazar stefanovic,2006-08-10,USA,CB,NA,19.890485968514717,mls,kRQabn8MKZ,CB,asa_live,TRUE,NA,mlspa_via_asa,252,125306,682,125306,TRUE,0.2647058823529412,0.7352941176470589,blended,2025+2026 season to date,753.4705882352941,0.09284411887922324,0.004859243697478992,0.0500794253185145,0.010856628428497498,-0.0012594322186352523,0.034723822666896685,-0.0064155690135291625,2026,125306,Toronto FC,0.13407640205361335,1,0.11112258766877425,0.11853076018372996,0.0051831932774729,27.74869109947644,0.05341805367475145,56.02094240837696,0.011580403657425886,36.12565445026178,-0.0013433943665862502,33.50785340314136,0.03703874417918059,15.706806282722512,-0.006843273614644959,38.7434554973822,20.418848167539267,125306,17.12707182320442,22.063666300768386,501667,3.2917763443348456,FALSE,TRUE,NA,Low,41,59,Small-Sample Watchlist,Center backs,1.1.0,2026-08-01 14:43:31 UTC,NA,NA,NA,Performance data through: 2026-08-01 (updates every day) · MLSPA compensation as of: 2026-04-16,FALSE,2026-08-01 14:43:25 UTC
jYQJgrOWMG,asa_jYQJgrOWMG_mls_blended,Luca Bombino,luca bombino,2006-07-10,USA,FB,NA,19.975359342915812,mls,zeQZBOzQKw,FB,asa_live,TRUE,NA,mlspa_via_asa,1037,177200,2848,177200,TRUE,0.597006332757628,0.40299366724237196,blended,2025+2026 season to date,2184.7259643062753,0.15091142225068407,0.015414238516621062,0.03212959917331315,0.020793764918204574,-0.011177701286604176,0.0920488953251441,0.0017026256040053502,2026,177200,San Diego FC,0.11638469243644946,1,0.14347225654674325,0.15303707365464186,0.01644185441824294,61.855670103092784,0.034271572452605016,70.61855670103093,0.02218001591344467,44.329896907216494,-0.011922881372750377,18.04123711340206,0.09818548834988866,90.20618556701031,0.0018161339776624611,73.19587628865979,78.35051546391753,177200,34.054054054054056,27.991218441273325,343925,44.296461409863475,TRUE,FALSE,92.6829268292683,High,20.75,79.25,Elite Value,Fullbacks and wingbacks,1.1.0,2026-08-01 14:43:31 UTC,7,7,36,Performance data through: 2026-08-01 (updates every day) · MLSPA compensation as of: 2026-04-16,FALSE,2026-08-01 14:43:25 UTC
jYQJzApVQG,asa_jYQJzApVQG_mls_blended,Silvan Hefti,silvan hefti,1997-10-25,Switzerland,FB,NA,28.681724845995895,mls,EKXMeX3Q64,FB,asa_live,TRUE,NA,mlspa_via_asa,1570,434833,0,NA,FALSE,1,0,blended,2025+2026 season to date,1570,0.10778216560509556,0.00788216560509554,0.029098089171974522,0.005411464968152861,0.01808025477707006,0.05242356687898088,-0.00511337579617834,2026,434833,D.C. United,0.11638469243644946,1,0.11016074445247451,0.1175047940863115,0.008407643312364647,35.05154639175258,0.031037961784409426,67.52577319587628,0.005772229299543434,11.34020618556701,0.019285605096144073,80.9278350515464,0.05591847133932706,51.54639175257732,-0.005454267516094008,30.412371134020617,42.2680412371134,434833,60.54054054054054,46.65203073545554,343925,-18.27249930342714,TRUE,FALSE,42.68292682926829,High,22,78,Below Expected Value by Current Model,Fullbacks and wingbacks,1.1.0,2026-08-01 14:43:31 UTC,48,48,253,Performance data through: 2026-08-01 (updates every day) · MLSPA compensation as of: 2026-04-16,FALSE,2026-08-01 14:43:25 UTC
jYQJzWGyQG,asa_jYQJzWGyQG_mls_blended,Miles Robinson,miles robinson,1997-03-14,USA,CB,NA,29.297741273100616,mls,NWMWlBK5lz,CB,asa_live,TRUE,NA,mlspa_via_asa,850,3950000,2882,3950000,TRUE,0.5483870967741935,0.4516129032258065,blended,2025+2026 season to date,2151.5483870967746,0.1937324675964272,0.014077699626155665,0.06423425578115555,0.03010366725616171,0.010910491817957953,0.09281691074746481,-0.01841055763246849,2026,3950000,FC Cincinnati,0.13407640205361335,1,0.18072392320973188,0.19277218476307148,0.015016212935035298,76.96335078534031,0.0685165395020404,75.91623036649214,0.032110578407575946,79.05759162303664,0.011637857939518832,81.67539267015707,0.0990047048003897,76.96335078534031,-0.019637928141913407,13.612565445026178,87.95811518324608,3950000,100,97.25576289791438,501667,-12.041884816753921,TRUE,FALSE,36.08247422680412,Medium,29.75,70.25,Fair Value,Center backs,1.1.0,2026-08-01 14:43:31 UTC,63,63,282,Performance data through: 2026-08-01 (updates every day) · MLSPA compensation as of: 2026-04-16,FALSE,2026-08-01 14:43:25 UTC
jYQJznnkQG,asa_jYQJznnkQG_mls_blended,Chris Durkin,chris durkin,2000-02-08,USA,CM,NA,26.392881587953458,mls,wvq9B9wQWn,CM,asa_live,TRUE,NA,mlspa_via_asa,1428,668500,1225,668500,TRUE,0.6710526315789473,0.32894736842105265,blended,2025+2026 season to date,1830.9605263157896,0.10154846938775511,0.017366809881847474,0.004578544575725022,0.04064258861439313,-0.0171468850698174,0.07208337808807733,-0.015975966702470458,2026,668500,St. Louis City SC,0.13644825463003651,1,0.11016229545308574,0.11750644848696354,0.018524597207882864,59.43396226415094,0.004883780880925974,33.0188679245283,0.04335209452337409,75.47169811320755,-0.018290010741710123,10.377358490566039,0.07688893662968525,75.94339622641509,-0.017041031149834355,9.90566037735849,22.169811320754718,668500,62.62626262626262,65.42261251372119,535541.5,-40.456451305507905,TRUE,FALSE,22.54901960784314,High,20.75,79.25,Below Expected Value by Current Model,Central and defensive midfielders,1.1.0,2026-08-01 14:43:31 UTC,80,80,340,Performance data through: 2026-08-01 (updates every day) · MLSPA compensation as of: 2026-04-16,FALSE,2026-08-01 14:43:25 UTC
jYQJznrBQG,asa_jYQJznrBQG_mls_blended,Prince Owusu,prince owusu,1997-01-07,Germany,FW,NA,29.478439425051334,mls,APk5LGOMOW,FW,asa_live,TRUE,NA,mlspa_via_asa,1430,1330000,3120,1330000,TRUE,0.6713615023474179,0.32863849765258213,blended,2025+2026 season to date,2455.352112676056,0.28824647887323945,0.05223870530877574,-0.03053783856988082,0.23944661430119174,-0.02226505958829902,0.036058125677139764,0.013305931744312025,2026,1330000,CF Montréal,0.21108432719581333,1,0.273093629283702,0.2912998712450519,0.05572128566443541,42.5531914893617,-0.03257369447555747,61.702127659574465,0.25540972192925276,79.43262411347517,-0.02374939689492779,56.737588652482266,0.03846200072348435,71.63120567375887,0.014192993861043024,75.177304964539,83.68794326241135,1330000,70.8955223880597,87.54116355653129,535000,12.792420874351649,TRUE,FALSE,82.75862068965517,High,20.75,79.25,Undervalued,Strikers,1.1.0,2026-08-01 14:43:31 UTC,11,11,78,Performance data through: 2026-08-01 (updates every day) · MLSPA compensation as of: 2026-04-16,FALSE,2026-08-01 14:43:25 UTC
jYQJzoGVQG,asa_jYQJzoGVQG_mls_blended,Maxime Dominguez,maxime dominguez,1996-02-01,Switzerland,CM,NA,29.412731006160165,mls,kRQabn8MKZ,CM,asa_live,TRUE,NA,mlspa_via_asa,0,NA,1567,337577,TRUE,0,1,blended,2025+2026 season to date,1567,0.10567389917038926,0.02520229738353542,0.007788130185067,0.03295022335673261,0.00352074026802807,0.04343777919591576,-0.00722527121888959,2026,337577,Toronto FC,0.13644825463003651,1,0.1141947174794748,0.1218076986485796,0.02688245054327786,75.47169811320755,0.008307338864331071,38.20754716981132,0.03514690491494646,67.45283018867924,0.003755456286013966,49.056603773584904,0.04633363114375807,25.943396226415093,-0.007706955967056404,22.641509433962263,26.41509433962264,337577,36.36363636363637,39.73655323819978,535541.5,-9.948542024013726,FALSE,FALSE,NA,Low,41,59,Insufficient Evidence,Central and defensive midfielders,1.1.0,2026-08-01 14:43:31 UTC,NA,NA,NA,Performance data through: 2026-08-01 (updates every day) · MLSPA compensation as of: 2026-04-16,FALSE,2026-08-01 14:43:25 UTC
jYQJzpAkQG,asa_jYQJzpAkQG_mls_blended,Brandt Bronico,brandt bronico,1995-06-20,USA,CM,NA,31.030800821355236,mls,NPqxKXZ59d,CM,asa_live,TRUE,NA,mlspa_via_asa,594,551667,2781,551667,TRUE,0.45904173106646057,0.5409582689335395,blended,2025+2026 season to date,2098.4049459041735,0.0928342937030757,0.010550334378735808,-0.010441239877352775,0.048687807305812736,-0.00896124007742981,0.048418658683593185,0.004579973289716538,2026,551667,Charlotte FC,0.13644825463003651,1,0.10253201405297968,0.10936748165992939,0.01125369000433654,34.905660377358494,-0.011137322536191001,17.92452830188679,0.051933661127823175,81.60377358490567,-0.009558656082890506,18.867924528301888,0.05164656926411335,35.37735849056604,0.004885304842516973,83.49056603773585,14.622641509433961,551667,53.03030303030303,56.86059275521405,535541.5,-38.40766152086907,TRUE,FALSE,24.50980392156863,Medium,29.75,70.25,Below Expected Value by Current Model,Central and defensive midfielders,1.1.0,2026-08-01 14:43:31 UTC,78,78,331,Performance data through: 2026-08-01 (updates every day) · MLSPA compensation as of: 2026-04-16,FALSE,2026-08-01 14:43:25 UTC
jYQJzwXkQG,asa_jYQJzwXkQG_mls_blended,Jeppe Tverskov,jeppe tverskov,1993-03-12,Denmark,CM,NA,33.30321697467488,mls,zeQZBOzQKw,CM,asa_live,TRUE,NA,mlspa_via_asa,1153,1096667,3850,1096667,TRUE,0.6222342147868322,0.37776578521316784,blended,2025+2026 season to date,2607.398273070696,0.21929701221606243,0.008812343619683062,0.05811784330078987,0.03288976107540598,0.017940833047147126,0.09934572928420743,0.002190501888828922,2026,1096667,San Diego FC,0.13644825463003651,1,0.2037987016479692,0.2173852817646271,0.009399833194622344,29.245283018867923,0.06199236618944645,83.49056603773585,0.0350824118148627,66.98113207547169,0.01913688858422163,78.77358490566037,0.10596877790646611,91.0377358490566,0.0023365353481572004,75,96.22641509433963,1096667,88.88888888888889,84.41273326015367,535541.5,7.337526205450743,TRUE,FALSE,65.68627450980392,High,20.75,79.25,Undervalued,Central and defensive midfielders,1.1.0,2026-08-01 14:43:31 UTC,36,36,152,Performance data through: 2026-08-01 (updates every day) · MLSPA compensation as of: 2026-04-16,FALSE,2026-08-01 14:43:25 UTC
kRQa207YMK,asa_kRQa207YMK_mls_blended,Paxton Pomykal,paxton pomykal,1999-12-17,USA,CM,NA,25.53867214236824,mls,mKAqBBmqbg,CM,asa_live,TRUE,NA,mlspa_via_asa,0,NA,62,1158000,TRUE,0,1,blended,2025+2026 season to date,62,0.09711290322580644,0.04412903225806452,0.06314516129032258,-0.00420967741935483,-0.03251612903225806,0.03135483870967742,-0.00479032258064516,2026,1158000,FC Dallas,0.13644825463003651,1,0.13276427912087901,0.14161523106669643,0.04707096774340645,92.9245283018868,0.06735483871178226,85.84905660377359,-0.004490322580785474,2.830188679245283,-0.0346838709688258,4.716981132075472,0.033445161291367737,14.150943396226415,-0.005109677419514515,31.132075471698112,48.113207547169814,1158000,90.9090909090909,85.29088913282108,535541.5,-42.79588336192109,FALSE,FALSE,NA,Low,41,59,Insufficient Evidence,Central and defensive midfielders,1.1.0,2026-08-01 14:43:31 UTC,NA,NA,NA,Performance data through: 2026-08-01 (updates every day) · MLSPA compensation as of: 2026-04-16,FALSE,2026-08-01 14:43:25 UTC
kRQa22abMK,asa_kRQa22abMK_mls_blended,Bill Tuiloma,bill tuiloma,1995-03-27,New Zealand,FB,NA,30.26420260095825,mls,NPqxKXZ59d,FB,asa_live,TRUE,NA,mlspa_via_asa,0,NA,469,524938,TRUE,0,1,blended,2025+2026 season to date,469,0.08464605543710021,0.01692537313432835,0.01972707889125799,0.034426439232409387,0.00798294243070362,0.00923027718550106,-0.00364605543710021,2026,524938,Charlotte FC,0.11638469243644946,1,0.10246007059108483,0.10929074196723916,0.018053731343847752,64.94845360824742,0.02104221748466609,56.18556701030928,0.036721535182384225,66.49484536082474,0.008515138593016626,61.855670103092784,0.009845628998175471,12.371134020618557,-0.003889125799695092,37.628865979381445,30.412371134020617,524938,69.1891891891892,54.11635565312843,343925,-38.776818055168576,FALSE,FALSE,NA,Low,41,59,Insufficient Evidence,Fullbacks and wingbacks,1.1.0,2026-08-01 14:43:31 UTC,NA,NA,NA,Performance data through: 2026-08-01 (updates every day) · MLSPA compensation as of: 2026-04-16,FALSE,2026-08-01 14:43:25 UTC
kRQa2AvjMK,asa_kRQa2AvjMK_mls_blended,Evander,evander,1998-06-09,Brazil,W,NA,28.060232717316907,mls,NWMWlBK5lz,W,asa_live,TRUE,NA,mlspa_via_asa,1497,4736411,3427,4736411,TRUE,0.6813837050523441,0.31861629494765586,blended,2025+2026 season to date,2588.898042785617,0.3538542805605809,0.07581981384541803,0.09077873573256048,0.05257717855170041,0.08478395307605047,0.019296206634534525,0.030598392720316947,2026,4736411,FC Cincinnati,0.20277985605674193,1,0.32542920911391837,0.34712448973236054,0.08087446810430655,88.646288209607,0.09683065145109047,96.06986899563319,0.05608232379023301,21.397379912663755,0.09043621661727996,91.26637554585153,0.020582620410813365,22.707423580786028,0.03263828556935802,93.88646288209607,97.37991266375546,4736411,95.77464788732394,97.91437980241493,520000,1.6052647764315253,TRUE,FALSE,62.5,High,20.75,79.25,Fair Value,Wingers and attacking midfielders,1.1.0,2026-08-01 14:43:31 UTC,37,37,166,Performance data through: 2026-08-01 (updates every day) · MLSPA compensation as of: 2026-04-16,FALSE,2026-08-01 14:43:25 UTC
kRQa2j0LMK,asa_kRQa2j0LMK_mls_blended,Kyle Smith,kyle smith,1992-01-09,USA,CB,NA,34.47501711156742,mls,NWMWlBK5lz,CB,asa_live,TRUE,NA,mlspa_via_asa,817,118400,1359,118400,TRUE,0.5385629531970996,0.46143704680290043,blended,2025+2026 season to date,1444.0929466051416,0.06318877446336661,0.014105659042987417,0.006160922350229404,0.01903732532403183,-0.016394194711590926,0.05886166492772857,-0.018582602470019693,2026,118400,FC Cincinnati,0.13407640205361335,1,0.0839963295331039,0.08959608483811071,0.0150460363129901,77.4869109947644,0.006571650507116728,6.282722513089006,0.02030648034626853,63.87434554973822,-0.01748714102624346,8.37696335078534,0.06278577592487253,38.7434554973822,-0.019821442635307093,13.089005235602095,4.18848167539267,118400,15.469613259668508,19.86827661909989,501667,-11.281131584275837,TRUE,FALSE,38.144329896907216,Medium,29.75,70.25,Fair Value,Center backs,1.1.0,2026-08-01 14:43:31 UTC,61,61,272,Performance data through: 2026-08-01 (updates every day) · MLSPA compensation as of: 2026-04-16,FALSE,2026-08-01 14:43:25 UTC
kRQaP8xjqK,asa_kRQaP8xjqK_mls_blended,Matthew Arana,matthew arana,2010-08-28,Mexico,CM,NA,15.841204654346338,mls,YgOMngl5wN,CM,asa_live,TRUE,NA,mlspa_via_asa,9,101986,0,NA,FALSE,1,0,blended,2025+2026 season to date,9,-0.36699999999999994,0,-0.06199999999999999,0.00299999999999999,0.127,-0.43499999999999994,0,2026,101986,Houston Dynamo FC,0.13644825463003651,1,0.12900813264043007,0.137608674820759,0,6.60377358490566,-0.06613333333539999,3.7735849056603774,0.003200000000099989,5.660377358490566,0.1354666666709,100,-0.4640000000144999,0.4716981132075472,0,60.613207547169814,41.0377358490566,101986,10.606060606060606,11.525795828759605,535541.5,30.431675242995997,FALSE,TRUE,NA,Low,49,51,Small-Sample Watchlist,Central and defensive midfielders,1.1.0,2026-08-01 14:43:31 UTC,NA,NA,NA,Performance data through: 2026-08-01 (updates every day) · MLSPA compensation as of: 2026-04-16,FALSE,2026-08-01 14:43:25 UTC
kRQaPd61qK,asa_kRQaPd61qK_mls_blended,Agustín Resch,agustin resch,2002-02-28,Argentina,CB,NA,24.33675564681725,mls,YgOMngl5wN,CB,asa_live,TRUE,NA,mlspa_via_asa,1118,88025,0,NA,FALSE,1,0,blended,2025+2026 season to date,1118,0.09594096601073349,0,0.02251610017889088,0.00272093023255813,-0.01027996422182468,0.08447763864042934,-0.00349373881932021,2026,88025,Houston Dynamo FC,0.13407640205361335,1,0.10925951177658211,0.11654347923199623,0,6.806282722513089,0.024017173524900806,15.18324607329843,0.0029023255814860367,16.75392670157068,-0.01096529517028899,14.659685863874346,0.09010948121927388,68.58638743455498,-0.003726654740724682,51.30890052356021,18.848167539267017,88025,3.591160220994475,4.33589462129528,501667,15.257007318272542,TRUE,FALSE,71.1340206185567,Medium,28.75,71.25,Fair Value,Center backs,1.1.0,2026-08-01 14:43:31 UTC,29,29,128,Performance data through: 2026-08-01 (updates every day) · MLSPA compensation as of: 2026-04-16,FALSE,2026-08-01 14:43:25 UTC
kRQabvYbMK,asa_kRQabvYbMK_mls_blended,Walker Zimmerman,walker zimmerman,1993-05-19,USA,CB,NA,33.1170431211499,mls,kRQabn8MKZ,CB,asa_live,TRUE,NA,mlspa_via_asa,1334,1708037,2043,1708037,TRUE,0.655850540806293,0.344149459193707,blended,2025+2026 season to date,2037.0973451327434,0.19734430323270913,0.01618518013159547,0.05235638203405542,0.04134695853313061,0.00582455308218436,0.09598110968166718,-0.014349880229923893,2026,1708037,Toronto FC,0.13407640205361335,1,0.18294940773235108,0.19514603492060612,0.01726419214090801,83.7696335078534,0.05584680750473766,60.20942408376963,0.044103422436717554,88.48167539267016,0.006212856621190802,63.87434554973822,0.10237985033031102,78.53403141361257,-0.015306538912397149,19.3717277486911,89.52879581151832,1708037,98.89502762430939,91.32821075740944,501667,-9.36623181279107,TRUE,FALSE,39.175257731958766,High,20.75,79.25,Fair Value,Center backs,1.1.0,2026-08-01 14:43:31 UTC,60,60,268,Performance data through: 2026-08-01 (updates every day) · MLSPA compensation as of: 2026-04-16,FALSE,2026-08-01 14:43:25 UTC
kRQabyN8MK,asa_kRQabyN8MK_mls_blended,Jonathan Rodríguez,jonathan rodriguez,1993-07-06,Uruguay,W,NA,31.98631074606434,mls,WBLMvYAQxe,W,asa_live,TRUE,NA,mlspa_via_asa,0,NA,190,3627500,TRUE,0,1,blended,2025+2026 season to date,190,0.47467894736842103,0.06323684210526316,0.08422105263157896,0.11458421052631579,0.01577368421052631,0.0178578947368421,0.17900526315789475,2026,3627500,Portland Timbers FC,0.20277985605674193,1,0.2681733083975255,0.28605152896629965,0.06745263158105527,78.60262008733625,0.0898357894764916,95.19650655021834,0.12222315789855631,75.9825327510917,0.01682526315842052,51.96506550218341,0.019048421053226836,20.96069868995633,0.1909389473743879,100,89.95633187772926,3627500,92.95774647887323,96.37760702524699,520000,-3.0014146011439777,FALSE,FALSE,NA,Low,41,59,Insufficient Evidence,Wingers and attacking midfielders,1.1.0,2026-08-01 14:43:31 UTC,NA,NA,NA,Performance data through: 2026-08-01 (updates every day) · MLSPA compensation as of: 2026-04-16,FALSE,2026-08-01 14:43:25 UTC
kRQao7Bg5K,asa_kRQao7Bg5K_mls_blended,André Franco,andre franco,1998-04-12,Portugal,CM,NA,27.21971252566735,mls,X0Oq66zq6D,CM,asa_live,TRUE,NA,mlspa_via_asa,0,NA,435,697083,TRUE,0,1,blended,2025+2026 season to date,435,0.24467586206896555,0.03086896551724138,0.1196689655172414,0.01922068965517241,0.012206896551724132,0.056544827586206894,0.00616551724137931,2026,697083,Chicago Fire FC,0.13644825463003651,1,0.18193522007538349,0.19406423475314022,0.032926896552753104,83.49056603773585,0.12764689655571312,97.64150943396227,0.020502068966157926,42.45283018867924,0.013020689655579303,71.22641509433963,0.060314482760505515,48.58490566037736,0.006576551724343448,87.26415094339623,91.0377358490566,697083,66.16161616161617,67.06915477497256,535541.5,24.876119687440436,FALSE,FALSE,NA,Low,41,59,Insufficient Evidence,Central and defensive midfielders,1.1.0,2026-08-01 14:43:31 UTC,NA,NA,NA,Performance data through: 2026-08-01 (updates every day) · MLSPA compensation as of: 2026-04-16,FALSE,2026-08-01 14:43:25 UTC
kRQaoNZj5K,asa_kRQaoNZj5K_mls_blended,Miguel Berry,miguel berry,1997-09-16,Spain,FW,NA,27.789185489390828,mls,kaDQ0wRqEv,FW,asa_live,TRUE,NA,mlspa_via_asa,0,NA,764,231667,TRUE,0,1,blended,2025+2026 season to date,764,0.14581413612565444,0.03721335078534031,-0.05235078534031414,0.16819633507853404,-0.03300785340314136,0.0191544502617801,0.00660863874345549,2026,231667,LA Galaxy,0.21108432719581333,1,0.1745253638691261,0.18616038813288535,0.03969424083893678,22.69503546099291,-0.05584083769808011,36.87943262411348,0.17940942408937618,48.93617021276596,-0.03520837696445104,44.680851063829785,0.020431413613203924,31.914893617021278,0.0070492146599061434,62.4113475177305,18.43971631205674,231667,34.32835820895522,32.05268935236004,535000,-15.888641896898484,FALSE,FALSE,NA,Low,41,59,Insufficient Evidence,Strikers,1.1.0,2026-08-01 14:43:31 UTC,NA,NA,NA,Performance data through: 2026-08-01 (updates every day) · MLSPA compensation as of: 2026-04-16,FALSE,2026-08-01 14:43:25 UTC
kRQaodJm5K,asa_kRQaodJm5K_mls_blended,Keisuke Kurokawa,keisuke kurokawa,1997-04-13,Japan,FB,NA,29.215605749486652,mls,EKXMeX3Q64,FB,asa_live,TRUE,NA,mlspa_via_asa,1719,615500,0,NA,FALSE,1,0,blended,2025+2026 season to date,1719,0.10221989528795812,0.00735078534031413,0.05854450261780105,0.0171413612565445,0.00686910994764398,0.02450261780104712,-0.01218848167539267,2026,615500,D.C. United,0.11638469243644946,1,0.10588478458899081,0.11294377023178635,0.007840837696580097,32.47422680412371,0.06244746946093927,90.72164948453609,0.018284118674218846,37.628865979381445,0.0073270506110492154,59.27835051546392,0.026136125655267014,18.04123711340206,-0.013001047120825131,15.97938144329897,37.11340206185567,615500,78.37837837837837,61.251372118551046,343925,-41.2649763165227,TRUE,FALSE,14.634146341463415,High,22,78,Below Expected Value by Current Model,Fullbacks and wingbacks,1.1.0,2026-08-01 14:43:31 UTC,71,71,374,Performance data through: 2026-08-01 (updates every day) · MLSPA compensation as of: 2026-04-16,FALSE,2026-08-01 14:43:25 UTC
kRQaopnY5K,asa_kRQaopnY5K_mls_blended,David Schnegg,david schnegg,1998-09-29,Austria,FB,NA,27.753593429158112,mls,NPqxKXZ59d,FB,asa_live,TRUE,NA,mlspa_via_asa,598,756250,2994,756250,TRUE,0.46070878274268107,0.539291217257319,blended,2025+2026 season to date,2212.637904468413,0.12885455348292885,0.010385382475274119,0.00968043791743734,0.030164140299088163,-0.005278733121095817,0.09177051792336599,-0.00786719201114092,2026,756250,Charlotte FC,0.11638469243644946,1,0.12619444689188805,0.1346074100222204,0.011077741307305239,45.36082474226804,0.010325800445589176,44.329896907216494,0.032175082986699514,60.30927835051546,-0.005630648662678163,25.257731958762886,0.0978885524546494,89.69072164948453,-0.008391671478812554,23.195876288659793,64.43298969072166,756250,87.02702702702703,71.29527991218441,343925,-22.594037336305377,TRUE,FALSE,31.70731707317073,Medium,29.75,70.25,Below Expected Value by Current Model,Fullbacks and wingbacks,1.1.0,2026-08-01 14:43:31 UTC,57,57,300,Performance data through: 2026-08-01 (updates every day) · MLSPA compensation as of: 2026-04-16,FALSE,2026-08-01 14:43:25 UTC
kRQaorKj5K,asa_kRQaorKj5K_mls_blended,Alan Montes Castro,alan montes castro,2000-10-26,Mexico,CB,NA,24.67898699520876,mls,Z2vQ1xlqrA,CB,asa_live,TRUE,NA,mlspa_via_asa,0,NA,509,422500,TRUE,0,1,blended,2025+2026 season to date,509,0.14995874263261297,0.01909626719056974,0.06186836935166994,0.06752652259332025,-0.0801335952848723,0.08283889980353634,-0.001237721021611,2026,422500,Sporting Kansas City,0.13407640205361335,1,0.14136595241854644,0.15079034925116172,0.020369351670577598,89.52879581151832,0.06599292731051022,72.25130890052355,0.07202829076845914,97.90575916230367,-0.08547583497320156,1.0471204188481675,0.0883614931265334,66.49214659685863,-0.001320235756426324,66.49214659685863,54.45026178010471,422500,41.43646408839779,45.66410537870472,501667,13.01379769170692,FALSE,FALSE,NA,Low,41,59,Insufficient Evidence,Center backs,1.1.0,2026-08-01 14:43:31 UTC,NA,NA,NA,Performance data through: 2026-08-01 (updates every day) · MLSPA compensation as of: 2026-04-16,FALSE,2026-08-01 14:43:25 UTC
kRQaovVo5K,asa_kRQaovVo5K_mls_blended,Gabriel Pec,gabriel pec,2001-02-11,Brazil,W,NA,25.38261464750171,mls,kaDQ0wRqEv,W,asa_live,TRUE,NA,mlspa_via_asa,1365,2459000,2764,2459000,TRUE,0.6610169491525424,0.3389830508474576,blended,2025+2026 season to date,2301.9491525423728,0.3940894706412085,0.11552867409761616,0.02231702799395899,0.11898270394522448,0.08707102245053139,0.0420366160563173,0.00815342609756012,2026,2459000,LA Galaxy,0.20277985605674193,1,0.35453475664833334,0.3781704071033734,0.12323058570797486,97.81659388646288,0.023804829860966825,74.23580786026201,0.12691488421220554,79.03930131004367,0.09287575728346918,92.5764192139738,0.04483905712813967,63.75545851528384,0.008696987837669241,72.48908296943232,98.2532751091703,2459000,88.26291079812206,94.29198682766192,520000,9.99036431104824,TRUE,FALSE,79.16666666666667,High,20.75,79.25,Undervalued,Wingers and attacking midfielders,1.1.0,2026-08-01 14:43:31 UTC,21,21,95,Performance data through: 2026-08-01 (updates every day) · MLSPA compensation as of: 2026-04-16,FALSE,2026-08-01 14:43:25 UTC
kRQaw1eO5K,asa_kRQaw1eO5K_mls_blended,Nicolás Rodríguez,nicolas rodriguez,2004-04-24,Colombia,W,NA,21.1854893908282,mls,jYQJ8EW5GR,W,asa_live,TRUE,NA,mlspa_via_asa,0,NA,294,262000,TRUE,0,1,blended,2025+2026 season to date,294,0.06563265306122448,0.02929591836734693,-0.02305102040816326,0.0308265306122449,-0.00658163265306122,0.03342857142857143,0.00171428571428571,2026,262000,Orlando City SC,0.20277985605674193,1,0.1576777557427798,0.16818960613088774,0.031248979592813256,31.004366812227076,-0.024587755102809177,32.314410480349345,0.03288163265408878,7.860262008733624,-0.007020408163484689,27.510917030567686,0.03565714285825715,47.161572052401745,0.0018285714286285669,51.52838427947598,13.100436681222707,262000,31.455399061032864,33.589462129527995,520000,-18.354962379810157,FALSE,FALSE,NA,Low,41,59,Insufficient Evidence,Wingers and attacking midfielders,1.1.0,2026-08-01 14:43:31 UTC,NA,NA,NA,Performance data through: 2026-08-01 (updates every day) · MLSPA compensation as of: 2026-04-16,FALSE,2026-08-01 14:43:25 UTC
kRQawAyb5K,asa_kRQawAyb5K_mls_blended,Emilio Aristizábal,emilio aristizabal,2005-08-05,Colombia,FW,NA,20.903490759753595,mls,kRQabn8MKZ,FW,asa_live,TRUE,NA,mlspa_via_asa,654,344788,0,NA,FALSE,1,0,blended,2025+2026 season to date,654,0.24077064220183492,0.06505045871559632,-1.6513761467889905e-4,0.16373394495412844,-0.03414220183486238,0.04354128440366973,0.00275229357798165,2026,344788,Toronto FC,0.21108432719581333,1,0.22656666373005424,0.24167110798627675,0.0693871559654711,60.99290780141844,-1.7614678899633023e-4,85.81560283687944,0.17464954128986146,45.39007092198582,-0.03641834862499128,43.262411347517734,0.046444036698699086,84.39716312056737,0.0029357798166055027,48.226950354609926,62.4113475177305,344788,39.55223880597015,40.065861690450056,535000,22.85910871176035,TRUE,FALSE,87.93103448275862,Low,37.75,62.25,Undervalued,Strikers,1.1.0,2026-08-01 14:43:31 UTC,8,8,55,Performance data through: 2026-08-01 (updates every day) · MLSPA compensation as of: 2026-04-16,FALSE,2026-08-01 14:43:25 UTC
kRQawPbO5K,asa_kRQawPbO5K_mls_blended,Nicholas Simmonds,nicholas simmonds,2006-12-17,Jamaica,FW,NA,19.53730321697467,mls,mKAqBBmqbg,FW,asa_live,TRUE,NA,mlspa_via_asa,132,102704,0,NA,FALSE,1,0,blended,2025+2026 season to date,132,0.06859090909090909,0.03845454545454545,-0.05420454545454546,0.10363636363636364,-0.01629545454545454,0,-0.003,2026,102704,FC Dallas,0.21108432719581333,1,0.18538879278345355,0.1977480456418634,0.04101818181946363,24.822695035460992,-0.057818181819988636,34.04255319148936,0.11054545454890909,19.858156028368793,-0.01738181818236136,58.86524822695036,0,8.51063829787234,-0.0032000000001,19.858156028368793,24.822695035460992,102704,13.432835820895523,11.745334796926455,535000,11.389859214565469,FALSE,TRUE,NA,Low,49,51,Small-Sample Watchlist,Strikers,1.1.0,2026-08-01 14:43:31 UTC,NA,NA,NA,Performance data through: 2026-08-01 (updates every day) · MLSPA compensation as of: 2026-04-16,FALSE,2026-08-01 14:43:25 UTC
kRQawobY5K,asa_kRQawobY5K_mls_blended,Aiden Hezarkhani,aiden hezarkhani,2007-06-28,USA,W,NA,19.00889801505818,mls,a2lqR4JMr0,W,asa_live,TRUE,NA,mlspa_via_asa,640,94383,75,94383,TRUE,0.47761194029850745,0.5223880597014925,blended,2025+2026 season to date,679.179104477612,0.10230671641791045,0.03698955223880597,-0.024418656716417905,0.04462388059701492,0.02867910447761194,0.018738805970149253,-0.002305970149253731,2026,94383,Real Salt Lake,0.20277985605674193,1,0.14943372433438,0.1593959726283198,0.03945552238929269,40.61135371179039,-0.026046567164993054,29.694323144104803,0.04759880597163671,15.283842794759826,0.030591044777075374,62.44541484716157,0.019988059702117162,21.83406113537118,-0.0024597014926141785,20.524017467248907,8.296943231441048,94383,10.328638497652582,9.330406147091109,520000,-2.0316952662115337,TRUE,FALSE,57.291666666666664,Medium,29.75,70.25,Fair Value,Wingers and attacking midfielders,1.1.0,2026-08-01 14:43:31 UTC,42,42,189,Performance data through: 2026-08-01 (updates every day) · MLSPA compensation as of: 2026-04-16,FALSE,2026-08-01 14:43:25 UTC
kRQay0LQKZ,asa_kRQay0LQKZ_mls_blended,Andy Najar,andy najar,1993-03-16,Honduras,FB,NA,33.29226557152635,mls,vzqoOgNqap,FB,asa_live,TRUE,NA,mlspa_via_asa,991,603333,3116,603333,TRUE,0.5860437610881135,0.4139562389118865,blended,2025+2026 season to date,2280.8876404494385,0.18911759606282297,0.008869668690773248,0.10028123137747298,0.024198259455594024,0.014287293069326468,0.04984336314962017,-0.008362219679963924,2026,603333,Nashville SC,0.11638469243644946,1,0.17396957655553805,0.18556754833170624,0.009460979937120454,39.175257731958766,0.10696664680598056,98.96907216494846,0.025811476753440234,51.03092783505155,0.015239779274424475,76.80412371134021,0.05316625402792296,47.422680412371136,-0.00891970099224026,21.649484536082475,94.3298969072165,603333,77.29729729729729,60.37321624588365,343925,17.032599609919203,TRUE,FALSE,81.70731707317073,High,20.75,79.25,Strong Value,Fullbacks and wingbacks,1.1.0,2026-08-01 14:43:31 UTC,16,16,82,Performance data through: 2026-08-01 (updates every day) · MLSPA compensation as of: 2026-04-16,FALSE,2026-08-01 14:43:25 UTC
ljqE20nYQx,asa_ljqE20nYQx_mls_blended,Sebastian Kowalczyk,sebastian kowalczyk,1998-08-22,Poland,W,NA,26.85831622176591,mls,YgOMngl5wN,W,asa_live,TRUE,NA,mlspa_via_asa,0,NA,1702,594618,TRUE,0,1,blended,2025+2026 season to date,1702,0.13591480611045828,0.02228848413631022,0.00298766157461809,0.055306110458284374,-0.005726792009400701,0.04767038777908342,0.01338895417156286,2026,594618,Houston Dynamo FC,0.20277985605674193,1,0.15334270792095792,0.16356555512079987,0.02377438307947385,24.017467248908297,0.0031868390130255515,59.82532751091703,0.0589931844906802,24.017467248908297,-0.006108578143551641,28.38427947598253,0.050848413632611326,71.17903930131004,0.014281551116780014,78.60262008733625,10.043668122270743,594618,54.929577464788736,59.60482985729967,520000,-44.88590934251799,FALSE,FALSE,NA,Low,41,59,Insufficient Evidence,Wingers and attacking midfielders,1.1.0,2026-08-01 14:43:31 UTC,NA,NA,NA,Performance data through: 2026-08-01 (updates every day) · MLSPA compensation as of: 2026-04-16,FALSE,2026-08-01 14:43:25 UTC
ljqE2EWkQx,asa_ljqE2EWkQx_mls_blended,Cristhian Paredes,cristhian paredes,1998-05-18,Paraguay,CM,NA,27.121149897330596,mls,WBLMvYAQxe,CM,asa_live,TRUE,NA,mlspa_via_asa,0,NA,1301,714000,TRUE,0,1,blended,2025+2026 season to date,1301,0.16669715603382013,0.01396003074558032,0.01512221368178324,0.04879093005380477,-0.01151114527286702,0.1074465795541891,-0.00711145272867025,2026,714000,Portland Timbers FC,0.13644825463003651,1,0.1571498962535623,0.1676265560090381,0.014890699462417676,47.16981132075472,0.016130361261072864,49.056603773584904,0.05204365872568478,82.54716981132076,-0.012278554958108525,16.50943396226415,0.11460968486138326,92.9245283018868,-0.007585549577485315,23.11320754716981,75.94339622641509,714000,67.67676767676768,67.94731064763995,535541.5,8.266628549647407,FALSE,FALSE,NA,Low,41,59,Insufficient Evidence,Central and defensive midfielders,1.1.0,2026-08-01 14:43:31 UTC,NA,NA,NA,Performance data through: 2026-08-01 (updates every day) · MLSPA compensation as of: 2026-04-16,FALSE,2026-08-01 14:43:25 UTC
ljqE2EwAQx,asa_ljqE2EwAQx_mls_blended,Mamadou Fofana,mamadou fofana,1998-01-21,Mali,CB,NA,28.44079397672827,mls,19vQ2095K6,CB,asa_live,TRUE,NA,mlspa_via_asa,1527,916250,2849,916250,TRUE,0.6856757970363718,0.3143242029636282,blended,2025+2026 season to date,2422.5096542433766,0.17735007154764676,0.0021045301741305254,0.04342143605008445,0.006738384953921544,0.011204262187647904,0.12348655268322983,-0.009605094501367512,2026,916250,New England Revolution,0.13407640205361335,1,0.16875979238676195,0.1800104452181714,0.002244832185809378,17.277486910994764,0.0463161984548708,43.97905759162304,0.007187610617740927,24.083769633507853,0.011951213000531239,82.19895287958116,0.1317189895328947,89.52879581151832,-0.010245434135112181,30.89005235602094,82.19895287958116,916250,81.21546961325967,79.69264544456641,501667,0.9834832663214854,TRUE,FALSE,52.577319587628864,High,14,86,Fair Value,Center backs,1.1.0,2026-08-01 14:43:31 UTC,47,47,209,Performance data through: 2026-08-01 (updates every day) · MLSPA compensation as of: 2026-04-16,FALSE,2026-08-01 14:43:25 UTC
ljqE2PbYQx,asa_ljqE2PbYQx_mls_blended,Javairô Dilrosun,javairo dilrosun,1998-06-22,Netherlands,W,NA,27.025325119780973,mls,eVq3ya6MWO,W,asa_live,FALSE,NA,NA,0,NA,470,NA,TRUE,0,1,blended,2025+2026 season to date,470,0.1333340425531915,0.06897446808510638,-0.04488510638297872,0.06026170212765957,0.01447659574468085,0.02732553191489361,0.00718085106382978,2026,NA,Los Angeles FC,0.20277985605674193,1,0.17227562021873383,0.18376066157239193,0.07357276595974595,85.58951965065502,-0.0478774468100068,13.973799126637555,0.06427914893817893,28.38427947598253,0.015441702128142127,50.21834061135371,0.029147234043464032,32.314410480349345,0.0076595744683244605,69.43231441048034,22.270742358078603,NA,NA,NA,520000,NA,FALSE,FALSE,NA,Insufficient,41,59,Insufficient Evidence,Wingers and attacking midfielders,1.1.0,2026-08-01 14:43:31 UTC,NA,NA,NA,Performance data through: 2026-08-01 (updates every day) · MLSPA compensation as of: 2026-04-16,FALSE,2026-08-01 14:43:25 UTC
ljqE2PwVQx,asa_ljqE2PwVQx_mls_blended,Memo Rodríguez,memo rodriguez,1995-12-27,USA,CM,NA,29.51129363449692,mls,Z2vQ1xlqrA,CM,asa_live,TRUE,NA,mlspa_via_asa,0,NA,766,114966,TRUE,0,1,blended,2025+2026 season to date,766,0.16365665796344647,0.02253524804177546,0.09613315926892951,0.02355744125326371,0.00511096605744125,0.04642167101827676,-0.0301018276762402,2026,114966,Sporting Kansas City,0.13644825463003651,1,0.15170567553295894,0.16181938724021305,0.02403759791197833,71.69811320754717,0.10254203655672925,92.9245283018868,0.02512793733759987,51.886792452830186,0.005451697128107699,52.35849056603774,0.04951644908770927,31.60377358490566,-0.03210861618899294,4.245283018867925,69.81132075471699,114966,16.161616161616163,18.111964873765093,535541.5,53.64970459310082,FALSE,FALSE,NA,Low,41,59,Insufficient Evidence,Central and defensive midfielders,1.1.0,2026-08-01 14:43:31 UTC,NA,NA,NA,Performance data through: 2026-08-01 (updates every day) · MLSPA compensation as of: 2026-04-16,FALSE,2026-08-01 14:43:25 UTC
ljqE2VkOQx,asa_ljqE2VkOQx_mls_blended,Luciano Acosta,luciano acosta,1994-05-31,Argentina,W,NA,31.085557837097877,mls,mKAqBBmqbg,W,asa_live,TRUE,NA,mlspa_via_asa,0,NA,1912,4296413,TRUE,0,1,blended,2025+2026 season to date,1912,0.3150517782426778,0.03723326359832635,0.09553556485355648,0.08517991631799163,0.02057949790794979,0.03858891213389121,0.03793462343096233,2026,4296413,FC Dallas,0.20277985605674193,1,0.2882352363192855,0.30745091875017905,0.03971548117278922,41.48471615720524,0.10190460251364476,96.94323144104804,0.09085857740869707,54.148471615720524,0.021951464435832426,57.64192139737991,0.041161506277436914,57.20524017467249,0.040463598327624306,96.06986899563319,92.5764192139738,4296413,94.36619718309859,97.58507135016465,520000,-1.789777969124799,FALSE,FALSE,NA,Low,41,59,Insufficient Evidence,Wingers and attacking midfielders,1.1.0,2026-08-01 14:43:31 UTC,NA,NA,NA,Performance data through: 2026-08-01 (updates every day) · MLSPA compensation as of: 2026-04-16,FALSE,2026-08-01 14:43:25 UTC
ljqE2XRzQx,asa_ljqE2XRzQx_mls_blended,Joedrick Pupe,joedrick pupe,1997-06-04,Belgium,CB,NA,28.073921971252567,mls,lgpMOvnQzy,CB,asa_live,TRUE,NA,mlspa_via_asa,0,NA,42,460600,TRUE,0,1,blended,2025+2026 season to date,42,0.11849999999999998,0,0.0075,6.428571428571427e-4,0.00921428571428571,0.09878571428571428,0.00235714285714285,2026,460600,Vancouver Whitecaps FC,0.13407640205361335,1,0.1330573850968349,0.14192787744105914,0,6.806282722513089,0.00800000000025,7.329842931937173,6.857142857357141e-4,9.947643979057592,0.009828571428878566,78.01047120418848,0.10537142857472143,79.58115183246073,0.0025142857143642785,91.09947643979058,40.83769633507853,460600,45.30386740331492,49.50603732162459,501667,-4.466171068236385,FALSE,FALSE,NA,Low,41,59,Insufficient Evidence,Center backs,1.1.0,2026-08-01 14:43:31 UTC,NA,NA,NA,Performance data through: 2026-08-01 (updates every day) · MLSPA compensation as of: 2026-04-16,FALSE,2026-08-01 14:43:25 UTC
ljqE2ekNQx,asa_ljqE2ekNQx_mls_blended,Žan Kolmanič,zan kolmanic,2000-03-03,Slovenia,FB,NA,26.327173169062284,mls,gpMOLwl5zy,FB,asa_live,TRUE,NA,mlspa_via_asa,334,375000,965,375000,TRUE,0.3230174081237911,0.6769825918762089,blended,2025+2026 season to date,987.2882011605416,0.21077553341818583,0.0085931189304577,0.03611797837263607,0.01632494162215251,0.01234989126186348,0.1343779076176827,0.003011695613393328,2026,375000,Austin FC,0.11638469243644946,1,0.17509549462772947,0.18676852760874796,0.009165993526107984,36.597938144329895,0.038525843598682406,77.83505154639175,0.017413271064173508,36.597938144329895,0.013173217346399375,71.1340206185567,0.14333643479667416,95.36082474226804,0.0032124753210532727,80.41237113402062,94.84536082474227,375000,53.78378378378378,42.4807903402854,343925,41.06157704095849,FALSE,TRUE,NA,Low,41,59,Small-Sample Watchlist,Fullbacks and wingbacks,1.1.0,2026-08-01 14:43:31 UTC,NA,NA,NA,Performance data through: 2026-08-01 (updates every day) · MLSPA compensation as of: 2026-04-16,FALSE,2026-08-01 14:43:25 UTC
ljqE2vBzQx,asa_ljqE2vBzQx_mls_blended,John Nelson,john nelson,1998-07-11,USA,FB,NA,27.97262149212868,mls,kaDQ0wRqEv,FB,asa_live,TRUE,NA,mlspa_via_asa,1107,350000,2288,350000,TRUE,0.612617598229109,0.387382401770891,blended,2025+2026 season to date,1993.3309352517986,0.0780528335803654,0.00488506720175231,-0.004418672915352489,0.014701098292963255,7.342947589212119e-5,0.0658447761425072,-0.0030328646173969917,2026,350000,LA Galaxy,0.11638469243644946,1,0.08692139524406117,0.09271615492989596,0.005210738348698633,25.257731958762886,-0.004713251109856611,25.77319587628866,0.015681171512984177,32.47422680412371,7.832477428737692e-5,43.29896907216495,0.07023442788753584,70.61855670103093,-0.00323505559199122,38.65979381443299,13.917525773195877,350000,51.08108108108108,40.61470911086718,343925,-37.163555307885204,TRUE,FALSE,18.29268292682927,High,20.75,79.25,Below Expected Value by Current Model,Fullbacks and wingbacks,1.1.0,2026-08-01 14:43:31 UTC,68,68,359,Performance data through: 2026-08-01 (updates every day) · MLSPA compensation as of: 2026-04-16,FALSE,2026-08-01 14:43:25 UTC
ljqE9kzoqx,asa_ljqE9kzoqx_mls_blended,Dieng Mamadou,dieng mamadou,2004-02-04,Senegal,FW,NA,22.403832991101982,mls,kRQand1MKZ,FW,asa_live,TRUE,NA,mlspa_via_asa,420,91172,136,91172,TRUE,0.375,0.625,blended,2025+2026 season to date,505,0.10671735819327732,0.05208891806722688,-0.10835546218487396,0.24450338760504203,-0.10470842962184873,0.022954017857142857,2.3492647058823526e-4,2026,91172,Minnesota United FC,0.21108432719581333,1,0.16338720561546882,0.17427968599527965,0.0555615126067783,41.843971631205676,-0.11557915966747741,4.964539007092198,0.26080361345352826,80.85106382978724,-0.11168899160012892,9.21985815602837,0.024484285715050846,40.42553191489362,2.505882353019485e-4,36.170212765957444,9.929078014184396,91172,11.194029850746269,7.903402854006586,535000,-1.2649518365618722,FALSE,TRUE,NA,Low,41,59,Small-Sample Watchlist,Strikers,1.1.0,2026-08-01 14:43:31 UTC,NA,NA,NA,Performance data through: 2026-08-01 (updates every day) · MLSPA compensation as of: 2026-04-16,FALSE,2026-08-01 14:43:25 UTC
ljqEJ8KkQx,asa_ljqEJ8KkQx_mls_blended,Ian James,ian james,2008-06-06,USA,CB,NA,18.067077344284737,mls,Z2vQ1xlqrA,CB,asa_live,TRUE,NA,mlspa_via_asa,873,117998,559,117998,TRUE,0.5549904640813732,0.4450095359186268,blended,2025+2026 season to date,1121.7603305785124,0.10026460610458007,0.004909653852408768,0.007790163162581443,0.013555828624132415,0.014384931542680765,0.10719416199347895,-0.047570133070702264,2026,117998,Sporting Kansas City,0.13407640205361335,1,0.11204735960930479,0.11951718358699336,0.0052369641093996736,28.272251308900522,0.008309507373679878,7.853403141361256,0.01445955053285977,45.54973821989529,0.01534392697933898,88.48167539267016,0.11434043946328401,82.19895287958116,-0.050741475277001416,5.7591623036649215,21.465968586387433,117998,14.917127071823204,19.64873765093304,501667,6.548841514564229,TRUE,FALSE,65.97938144329896,Medium,29.75,70.25,Fair Value,Center backs,1.1.0,2026-08-01 14:43:31 UTC,34,34,150,Performance data through: 2026-08-01 (updates every day) · MLSPA compensation as of: 2026-04-16,FALSE,2026-08-01 14:43:25 UTC
ljqEJEozQx,asa_ljqEJEozQx_mls_blended,Harbor Miller,harbor miller,2007-06-21,USA,W,NA,19.028062970568104,mls,kaDQ0wRqEv,W,asa_live,TRUE,NA,mlspa_via_asa,865,88025,696,88025,TRUE,0.5527156549520766,0.44728434504792336,blended,2025+2026 season to date,1176.3099041533546,0.15016601299988983,0.037003349124159965,0.003497840696265283,0.047243703866916384,0.01907493665307921,0.037875090889060256,0.005471091770408725,2026,88025,LA Galaxy,0.20277985605674193,1,0.16793785886997054,0.1791337161335665,0.03947023906700407,41.048034934497814,0.0037310300761328966,60.698689956331876,0.0503932841262856,17.467248908296945,0.020346599097253653,56.33187772925764,0.04040009694959344,54.585152838427945,0.005835831221951676,64.62882096069869,19.213973799126638,88025,5.164319248826291,4.33589462129528,520000,14.049654550300346,TRUE,FALSE,83.33333333333333,Medium,29.75,70.25,Fair Value,Wingers and attacking midfielders,1.1.0,2026-08-01 14:43:31 UTC,17,17,76,Performance data through: 2026-08-01 (updates every day) · MLSPA compensation as of: 2026-04-16,FALSE,2026-08-01 14:43:25 UTC
ljqEJEvzQx,asa_ljqEJEvzQx_mls_blended,Snyder Brunell,snyder brunell,2007-03-23,USA,CM,NA,19.274469541409992,mls,jYQJ19EqGR,CM,asa_live,TRUE,NA,mlspa_via_asa,1091,98051,323,98051,TRUE,0.6091568955890564,0.3908431044109436,blended,2025+2026 season to date,1217.2423227247348,0.24400283149493596,0.03693602688364422,-0.010238265631563385,0.08132384834388662,0.04452950511069278,0.08451634332653983,0.006935373461735922,2026,98051,Seattle Sounders FC,0.13644825463003651,1,0.20849147161081183,0.22239090305848233,0.03939842867711837,87.73584905660377,-0.010920816674008885,18.39622641509434,0.08674543823618985,94.33962264150944,0.04749813878622328,93.39622641509433,0.09015076621779303,85.37735849056604,0.007397731692749496,88.20754716981132,96.69811320754717,98051,9.090909090909092,10.318331503841932,535541.5,87.60720411663807,TRUE,FALSE,100,High,20.75,79.25,Elite Value,Central and defensive midfielders,1.1.0,2026-08-01 14:43:31 UTC,1,1,1,Performance data through: 2026-08-01 (updates every day) · MLSPA compensation as of: 2026-04-16,FALSE,2026-08-01 14:43:25 UTC
ljqEJGGOQx,asa_ljqEJGGOQx_mls_blended,Federico Redondo,federico redondo,2003-01-18,Argentina,CM,NA,22.45037645448323,mls,zeQZkL1MKw,CM,asa_live,TRUE,NA,mlspa_via_asa,0,NA,1022,837000,TRUE,0,1,blended,2025+2026 season to date,1022,0.08468101761252446,0.00370743639921722,1.3209393346379648e-4,0.014926614481409,-0.001206457925636,0.0682573385518591,-0.00113600782778864,2026,837000,Inter Miami CF,0.13644825463003651,1,0.1038304271134537,0.11075245559114495,0.003954598825955283,16.9811320754717,1.4090019569911938e-4,27.358490566037737,0.01592172211400049,32.075471698113205,-0.0012868884540519485,34.43396226415094,0.07280782779092496,70.28301886792453,-0.0012117416830124163,48.113207547169814,16.037735849056602,837000,78.78787878787878,76.39956092206367,535541.5,-62.75014293882218,FALSE,FALSE,NA,Low,41,59,Insufficient Evidence,Central and defensive midfielders,1.1.0,2026-08-01 14:43:31 UTC,NA,NA,NA,Performance data through: 2026-08-01 (updates every day) · MLSPA compensation as of: 2026-04-16,FALSE,2026-08-01 14:43:25 UTC
ljqEJWxzQx,asa_ljqEJWxzQx_mls_blended,Dominik Marczuk,dominik marczuk,2003-11-01,Poland,FB,NA,22.663928815879533,mls,a2lqR4JMr0,FB,asa_live,TRUE,NA,mlspa_via_asa,240,795500,1222,795500,TRUE,0.2553191489361702,0.7446808510638299,blended,2025+2026 season to date,1150,0.14076779433784864,0.02772621791969913,-0.013126501723717657,0.05348926245777762,0.026052738795835216,0.04543351499112024,0.0011925618971340992,2026,795500,Real Salt Lake,0.11638469243644946,1,0.13240787368594034,0.14123506526941662,0.02957463244860328,84.5360824742268,-0.014001601839069717,18.04123711340206,0.0570552132900791,83.50515463917526,0.027789588049759322,89.69072164948453,0.04846241599204271,42.78350515463917,0.001272066023649458,70.10309278350516,70.61855670103093,795500,88.64864864864865,73.76509330406147,343925,-18.03009194761772,FALSE,TRUE,NA,Low,41,59,Small-Sample Watchlist,Fullbacks and wingbacks,1.1.0,2026-08-01 14:43:31 UTC,NA,NA,NA,Performance data through: 2026-08-01 (updates every day) · MLSPA compensation as of: 2026-04-16,FALSE,2026-08-01 14:43:25 UTC
ljqEJonzQx,asa_ljqEJonzQx_mls_blended,Bruno Damiani,bruno damiani,2002-04-18,Uruguay,FW,NA,24.202600958247775,mls,9z5k7Yg5A3,FW,asa_live,TRUE,NA,mlspa_via_asa,1398,847600,2522,847600,TRUE,0.6663489037178265,0.3336510962821735,blended,2025+2026 season to date,2239.4680648236417,0.2166891167071997,0.05474339747306638,-0.03663977890653762,0.19094263975584919,-0.048741981147409,0.035169626070371,0.02121521346185975,2026,847600,Philadelphia Union,0.21108432719581333,1,0.21550478442028573,0.22987177005548826,0.05839295730642891,47.5177304964539,-0.03908243083486145,55.319148936170215,0.20367214907927056,56.737588652482266,-0.051991446558860996,29.078014184397162,0.037514267809568055,68.79432624113475,0.022629561026690906,85.81560283687944,52.4822695035461,847600,64.92537313432835,76.72886937431394,535000,-12.443103630782254,TRUE,FALSE,48.275862068965516,High,20.75,79.25,Fair Value,Strikers,1.1.0,2026-08-01 14:43:31 UTC,31,31,228,Performance data through: 2026-08-01 (updates every day) · MLSPA compensation as of: 2026-04-16,FALSE,2026-08-01 14:43:25 UTC
ljqEJzLkQx,asa_ljqEJzLkQx_mls_blended,Nolan Miller,nolan miller,2004-03-08,USA,CB,NA,22.313483915126625,mls,jYQJ8EW5GR,CB,asa_live,TRUE,NA,mlspa_via_asa,370,88025,0,NA,FALSE,1,0,blended,2025+2026 season to date,370,0.10651621621621624,9.729729729729732e-5,0.02904324324324324,0.01758648648648649,-0.00294324324324324,0.12347027027027029,-0.06073783783783784,2026,88025,Orlando City SC,0.13407640205361335,1,0.12356375384759591,0.13180133744155442,1.0378378378702705e-4,13.612565445026178,0.030979459460427565,21.465968586387433,0.018758918919505138,58.638743455497384,-0.003139459459557564,28.272251308900522,0.13170162162573731,89.00523560209425,-0.06478702702905162,3.141361256544503,30.36649214659686,88025,3.591160220994475,4.33589462129528,501667,26.775331925602384,FALSE,TRUE,NA,Low,49,51,Small-Sample Watchlist,Center backs,1.1.0,2026-08-01 14:43:31 UTC,NA,NA,NA,Performance data through: 2026-08-01 (updates every day) · MLSPA compensation as of: 2026-04-16,FALSE,2026-08-01 14:43:25 UTC
ljqEL4wo5x,asa_ljqEL4wo5x_mls_blended,Gerardo Valenzuela,gerardo valenzuela,2004-09-28,USA,CM,NA,21.754962354551676,mls,NWMWlBK5lz,CM,asa_live,TRUE,NA,mlspa_via_asa,1073,142542,971,142542,TRUE,0.6051889452904682,0.3948110547095318,blended,2025+2026 season to date,1456.3615341229554,0.20287759230893895,0.049954800901263544,-0.014055487304416924,0.0852044937711397,-0.007703780183703017,0.06696400173561193,0.022513563389043683,2026,142542,FC Cincinnati,0.13644825463003651,1,0.18349500712343028,0.19572800760444214,0.05328512096301294,95.28301886792453,-0.014992519791846569,15.09433962264151,0.0908847933587225,95.75471698113208,-0.00821736552954001,21.69811320754717,0.07142826852021819,68.86792452830188,0.02401446761573038,97.64150943396227,92.45283018867924,142542,20.2020202020202,24.807903402854006,535541.5,72.25080998665905,TRUE,FALSE,99.01960784313725,High,20.75,79.25,Elite Value,Central and defensive midfielders,1.1.0,2026-08-01 14:43:31 UTC,2,2,6,Performance data through: 2026-08-01 (updates every day) · MLSPA compensation as of: 2026-04-16,FALSE,2026-08-01 14:43:25 UTC
ljqELGYo5x,asa_ljqELGYo5x_mls_blended,William Reilly,william reilly,2002-12-03,USA,CM,NA,23.575633127994525,mls,KAqBN0Vqbg,CM,asa_live,TRUE,NA,mlspa_via_asa,549,88025,564,88025,TRUE,0.43955164131305047,0.5604483586869495,blended,2025+2026 season to date,865.0928742994395,0.12620436774951874,0.012658433129482309,0.006591997001856807,0.03840565218131952,-0.0011563974583922482,0.0670507640154677,0.002653918879784675,2026,88025,Atlanta United FC,0.13644825463003651,1,0.13039955034587777,0.13909285370661628,0.013502328671869743,40.56603773584906,0.007031463468866994,35.84905660377358,0.040966028994687674,74.05660377358491,-0.0012334906223236113,35.37735849056604,0.07152081495206723,69.33962264150944,0.0028308468051921176,77.83018867924528,43.39622641509434,88025,3.5353535353535355,4.33589462129528,535541.5,39.8608728797408,TRUE,FALSE,89.2156862745098,Medium,29.75,70.25,Fair Value,Central and defensive midfielders,1.1.0,2026-08-01 14:43:31 UTC,12,12,50,Performance data through: 2026-08-01 (updates every day) · MLSPA compensation as of: 2026-04-16,FALSE,2026-08-01 14:43:25 UTC
ljqELX2N5x,asa_ljqELX2N5x_mls_blended,Finn Sundstrom,finn sundstrom,2006-11-19,USA,FB,NA,19.613963039014372,mls,9z5k7Yg5A3,FB,asa_live,TRUE,NA,mlspa_via_asa,63,102285,0,NA,FALSE,1,0,blended,2025+2026 season to date,63,0.04114285714285714,0,-0.05071428571428571,0.01042857142857143,0.00585714285714285,0.07814285714285714,-0.00257142857142857,2026,102285,Philadelphia Union,0.11638469243644946,1,0.10923501577959227,0.11651735016853959,0,6.443298969072165,-0.054095238096928566,3.6082474226804124,0.011123809524157143,21.1340206185567,0.006247619047814278,56.70103092783505,0.0833523809549857,84.5360824742268,-0.0027428571429428555,42.2680412371134,40.20618556701031,102285,11.891891891891891,11.63556531284303,343925,28.314293675118417,FALSE,TRUE,NA,Low,49,51,Small-Sample Watchlist,Fullbacks and wingbacks,1.1.0,2026-08-01 14:43:31 UTC,NA,NA,NA,Performance data through: 2026-08-01 (updates every day) · MLSPA compensation as of: 2026-04-16,FALSE,2026-08-01 14:43:25 UTC
ljqELmRk5x,asa_ljqELmRk5x_mls_blended,Victor Loturi,victor loturi,2001-05-21,Canada,CM,NA,25.111567419575632,mls,APk5LGOMOW,CM,asa_live,TRUE,NA,mlspa_via_asa,1565,146500,2826,146500,TRUE,0.6909492273730684,0.3090507726269316,blended,2025+2026 season to date,2438.3774834437086,0.07753292276542792,0.00853185697613925,0.012170939666202665,0.019026419763501633,-0.016831571547081724,0.04918402722121455,0.005451250685451549,2026,146500,CF Montréal,0.13644825463003651,1,0.08916715824518148,0.09511163546449915,0.009100647441499595,28.30188679245283,0.012982335644355207,44.339622641509436,0.020294847748369288,41.9811320754717,-0.017953676317448226,10.849056603773585,0.052462962370934986,35.84905660377358,0.005814667397996694,85.84905660377359,7.0754716981132075,146500,20.707070707070706,25.246981339187705,535541.5,-13.631599008957497,TRUE,FALSE,45.09803921568628,High,14,86,Fair Value,Central and defensive midfielders,1.1.0,2026-08-01 14:43:31 UTC,57,57,242,Performance data through: 2026-08-01 (updates every day) · MLSPA compensation as of: 2026-04-16,FALSE,2026-08-01 14:43:25 UTC
ljqELmeo5x,asa_ljqELmeo5x_mls_blended,Ousseni Bouda,ousseni bouda,2000-04-28,Burkina Faso,W,NA,26.17385352498289,mls,0KPqjA456v,W,asa_live,TRUE,NA,mlspa_via_asa,1529,350000,1555,350000,TRUE,0.6859578286227007,0.3140421713772993,blended,2025+2026 season to date,2017.3355764917005,0.26465609136506646,0.05412349344146655,-0.010615359648249681,0.14196501971238526,0.034618709239071635,0.04016731941853873,0.0043969092018539555,2026,350000,San Jose Earthquakes,0.20277985605674193,1,0.2504715360797414,0.2671696384934065,0.05773172633936844,69.86899563318778,-0.011323050291820172,45.414847161572055,0.15142935436460978,84.27947598253274,0.036926623189497035,69.86899563318778,0.04284514071444689,60.698689956331876,0.0046900364821241165,61.1353711790393,84.71615720524018,350000,37.55868544600939,40.61470911086718,520000,47.15747175923079,TRUE,FALSE,96.875,High,14,86,Elite Value,Wingers and attacking midfielders,1.1.0,2026-08-01 14:43:31 UTC,4,4,17,Performance data through: 2026-08-01 (updates every day) · MLSPA compensation as of: 2026-04-16,FALSE,2026-08-01 14:43:25 UTC
ljqELmrw5x,asa_ljqELmrw5x_mls_blended,Santiago Muñoz,santiago munoz,2002-08-14,Mexico,W,NA,22.88021902806297,mls,Z2vQ1xlqrA,W,asa_live,TRUE,NA,mlspa_via_asa,0,NA,1011,335026,TRUE,0,1,blended,2025+2026 season to date,1011,0.2135786350148368,0.05333234421364985,-0.03831454005934718,0.16225816023738873,-0.02736498516320475,0.03913353115727003,0.02453412462908012,2026,335026,Sporting Kansas City,0.20277985605674193,1,0.20955674341033217,0.22352719297800622,0.05688783382967092,68.99563318777292,-0.040868842731247475,18.34061135371179,0.1730753709252899,89.08296943231441,-0.029189317508330564,15.720524017467248,0.041742433235725816,58.951965065502186,0.026169732938503262,90.82969432314411,61.572052401746724,335026,37.08920187793427,39.51701427003293,520000,24.482850523812452,FALSE,FALSE,NA,Low,41,59,Insufficient Evidence,Wingers and attacking midfielders,1.1.0,2026-08-01 14:43:31 UTC,NA,NA,NA,Performance data through: 2026-08-01 (updates every day) · MLSPA compensation as of: 2026-04-16,FALSE,2026-08-01 14:43:25 UTC
ljqEVeEoQx,asa_ljqEVeEoQx_mls_blended,Rodrigo Schlegel,rodrigo schlegel,1997-04-03,Argentina,CB,NA,28.243668720054757,mls,jYQJ8EW5GR,CB,asa_live,TRUE,NA,mlspa_via_asa,0,NA,3085,609667,TRUE,0,1,blended,2025+2026 season to date,3085,0.14176823338735817,0.00771636952998379,0.05792090761750404,0.00837277147487844,0.007690113452188,0.0707513776337115,-0.01068330632090762,2026,609667,Orlando City SC,0.13407640205361335,1,0.14051583208471313,0.14988355422837787,0.008230794165573254,47.12041884816754,0.06178230146060167,65.96858638743456,0.008930956240149428,28.79581151832461,0.008202787682590203,70.15706806282722,0.07546813614498399,52.35602094240838,-0.011395526742657572,27.74869109947644,52.87958115183246,609667,58.011049723756905,60.81229418221734,501667,-5.131468571924444,FALSE,FALSE,NA,Low,41,59,Insufficient Evidence,Center backs,1.1.0,2026-08-01 14:43:31 UTC,NA,NA,NA,Performance data through: 2026-08-01 (updates every day) · MLSPA compensation as of: 2026-04-16,FALSE,2026-08-01 14:43:25 UTC
ljqEj6gkQx,asa_ljqEj6gkQx_mls_blended,Dany Rosero,dany rosero,1993-10-06,Colombia,CB,NA,31.734428473648187,mls,Z2vQ1xlqrA,CB,asa_live,TRUE,NA,mlspa_via_asa,0,NA,212,530000,TRUE,0,1,blended,2025+2026 season to date,212,0.30506603773584906,0.03069339622641509,0.05663207547169811,0.13168867924528302,-0.00148584905660377,0.08902358490566038,-0.00148584905660377,2026,530000,Sporting Kansas City,0.13407640205361335,1,0.17871901629577341,0.1906336173881156,0.032739622642532544,98.42931937172774,0.06040754717169905,64.92146596858639,0.1404679245326915,98.95287958115183,-0.001584905660426883,31.413612565445025,0.0949584905690052,73.29842931937172,-0.001584905660426883,63.35078534031414,86.91099476439791,530000,52.76243093922652,54.665203073545555,501667,34.148563825171394,FALSE,FALSE,NA,Low,41,59,Insufficient Evidence,Center backs,1.1.0,2026-08-01 14:43:31 UTC,NA,NA,NA,Performance data through: 2026-08-01 (updates every day) · MLSPA compensation as of: 2026-04-16,FALSE,2026-08-01 14:43:25 UTC
ljqEj8WNQx,asa_ljqEj8WNQx_mls_blended,Andrew Farrell,andrew farrell,1992-04-02,USA,CB,NA,34.24503764544832,mls,19vQ2095K6,CB,asa_live,TRUE,NA,mlspa_via_asa,103,113400,46,113400,TRUE,0.15,0.85,blended,2025+2026 season to date,142.1,0.238543404390038,0,0.03443582735331363,-0.002358558463486698,0.009862484170536083,0.19340454833262985,0.0031991029970451614,2026,113400,New England Revolution,0.13407640205361335,1,0.15408012261958282,0.16435213079935768,0,6.806282722513089,0.036731549178015736,29.842931937172775,-0.00251579569446443,1.0471204188481675,0.010519983115567238,79.58115183246073,0.20629818489458532,96.8586387434555,0.0034123765302881423,93.717277486911,69.63350785340315,113400,12.154696132596685,16.41053787047201,501667,57.47881172080646,FALSE,TRUE,NA,Low,41,59,Small-Sample Watchlist,Center backs,1.1.0,2026-08-01 14:43:31 UTC,NA,NA,NA,Performance data through: 2026-08-01 (updates every day) · MLSPA compensation as of: 2026-04-16,FALSE,2026-08-01 14:43:25 UTC
ljqEjLaEQx,asa_ljqEjLaEQx_mls_blended,Diego Fagundez,diego fagundez,1995-02-14,Uruguay,W,NA,31.37577002053388,mls,19vQ2095K6,W,asa_live,TRUE,NA,mlspa_via_asa,251,316250,2684,316250,TRUE,0.26393270241850686,0.7360672975814931,blended,2025+2026 season to date,2226.6046267087277,0.1428334375455439,0.019342424085714148,0.04588028132595542,0.048363979558735726,-0.002796297253969069,0.03260733309199978,-5.64283262892147e-4,2026,316250,New England Revolution,0.20277985605674193,1,0.15555819245709282,0.1659287386260843,0.020631919025406505,20.96069868995633,0.04893896674921512,86.46288209606988,0.051588244864263576,18.34061135371179,-0.00298271707099355,31.441048034934497,0.034781155299220004,46.2882096069869,-6.019021471037662e-4,29.694323144104803,12.22707423580786,316250,35.2112676056338,37.43139407244786,520000,-22.984193369825938,FALSE,TRUE,NA,Low,41,59,Small-Sample Watchlist,Wingers and attacking midfielders,1.1.0,2026-08-01 14:43:31 UTC,NA,NA,NA,Performance data through: 2026-08-01 (updates every day) · MLSPA compensation as of: 2026-04-16,FALSE,2026-08-01 14:43:25 UTC
ljqEjV8oQx,asa_ljqEjV8oQx_mls_blended,Nathan Byrne,nathan byrne,1992-06-05,England,FB,NA,34.06981519507187,mls,NPqxKXZ59d,FB,asa_live,TRUE,NA,mlspa_via_asa,1538,498750,2024,498750,TRUE,0.6872207327971404,0.31277926720285965,blended,2025+2026 season to date,2171.065236818588,0.0835715648147167,0.0015201072386058963,0.044024536659284304,0.004648984306287015,0.007383536966588606,0.026882527630895735,-8.881279869448623e-4,2026,498750,Charlotte FC,0.11638469243644946,1,0.09067636924568093,0.09672146053174886,0.001621447721230293,14.948453608247423,0.046959505771370744,83.50515463917526,0.004958916593527782,9.278350515463918,0.007875772764607297,60.824742268041234,0.0286746961405182,19.587628865979383,-9.473365194374574e-4,50,18.04123711340206,498750,67.02702702702703,52.25027442371021,343925,-48.98578991362497,TRUE,FALSE,10.975609756097562,High,14,86,Below Expected Value by Current Model,Fullbacks and wingbacks,1.1.0,2026-08-01 14:43:31 UTC,74,74,390,Performance data through: 2026-08-01 (updates every day) · MLSPA compensation as of: 2026-04-16,FALSE,2026-08-01 14:43:25 UTC
odMX70VAQY,asa_odMX70VAQY_mls_blended,Calvin Harris,calvin harris,2000-03-20,England,W,NA,26.28062970568104,mls,Z2vQ1xlqrA,W,asa_live,TRUE,NA,mlspa_via_asa,1393,375000,1480,375000,TRUE,0.6655518394648829,0.33444816053511706,blended,2025+2026 season to date,1887.9832775919733,0.32091483193657105,0.0638292700249222,-0.03035479268087963,0.1486920494311799,0.07138759184411358,0.05339224054441446,0.013968472772820598,2026,375000,Sporting Kansas City,0.20277985605674193,1,0.29242549836014103,0.31192053159389793,0.06808455469537798,79.91266375545851,-0.03237844552728343,22.707423580786028,0.15860485273154828,86.46288209606988,0.07614676463610075,86.8995633187773,0.056951723249155164,80.349344978165945,0.014899704291474254,80.349344978165945,93.01310043668123,375000,39.201877934272304,42.4807903402854,520000,53.811222502408924,TRUE,FALSE,98.95833333333333,High,20.75,79.25,Elite Value,Wingers and attacking midfielders,1.1.0,2026-08-01 14:43:31 UTC,2,2,8,Performance data through: 2026-08-01 (updates every day) · MLSPA compensation as of: 2026-04-16,FALSE,2026-08-01 14:43:25 UTC
odMX70eoQY,asa_odMX70eoQY_mls_blended,Bret Halsey,bret halsey,2000-06-01,USA,FB,NA,25.08145106091718,mls,NWMWlBK5lz,FB,asa_live,TRUE,NA,mlspa_via_asa,0,NA,37,104000,TRUE,0,1,blended,2025+2026 season to date,37,0.18316216216216216,0,-0.01483783783783783,-0.0017027027027027,0.09535135135135137,0.10435135135135136,0,2026,104000,FC Cincinnati,0.11638469243644946,1,0.12026344656494453,0.12828100967328296,0,6.443298969072165,-0.015827027027521614,15.97938144329897,-0.00181621621627297,2.0618556701030926,0.1017081081112865,98.96907216494846,0.11130810811158649,91.75257731958763,0,59.5360824742268,57.21649484536083,104000,13.783783783783784,12.952799121844127,343925,43.432711061577045,FALSE,FALSE,NA,Low,41,59,Insufficient Evidence,Fullbacks and wingbacks,1.1.0,2026-08-01 14:43:31 UTC,NA,NA,NA,Performance data through: 2026-08-01 (updates every day) · MLSPA compensation as of: 2026-04-16,FALSE,2026-08-01 14:43:25 UTC
odMX7PRaQY,asa_odMX7PRaQY_mls_blended,Ignatius Ganago,ignatius ganago,1999-02-16,Cameroon,W,NA,26.3709787816564,mls,19vQ2095K6,W,asa_live,TRUE,NA,mlspa_via_asa,0,NA,1744,1300000,TRUE,0,1,blended,2025+2026 season to date,1744,0.24516743119266057,0.0667104357798165,-0.05601261467889908,0.20235550458715593,-0.0398394495412844,0.04006651376146789,0.03188704128440366,2026,1300000,New England Revolution,0.20277985605674193,1,0.23431736929780084,0.24993852725879814,0.07115779816736129,82.96943231441048,-0.05974678899269277,11.353711790393014,0.21584587156637816,95.63318777292577,-0.04249541284536467,9.170305676855895,0.04273761468023463,59.38864628820961,0.034012844037760136,94.75982532751091,75.54585152838428,1300000,77.46478873239437,87.04720087815588,520000,-1.918937204010092,FALSE,FALSE,NA,Low,41,59,Insufficient Evidence,Wingers and attacking midfielders,1.1.0,2026-08-01 14:43:31 UTC,NA,NA,NA,Performance data through: 2026-08-01 (updates every day) · MLSPA compensation as of: 2026-04-16,FALSE,2026-08-01 14:43:25 UTC
odMX7XZoQY,asa_odMX7XZoQY_mls_blended,Zac McGraw,zac mcgraw,1997-06-08,USA,CB,NA,28.06297056810404,mls,WBLMvYAQxe,CB,asa_live,TRUE,NA,mlspa_via_asa,0,NA,274,321750,TRUE,0,1,blended,2025+2026 season to date,274,-0.04358759124087592,0,0.04004014598540146,-8.868613138686132e-4,-0.00942700729927007,0.00893430656934306,-0.08224817518248176,2026,321750,Portland Timbers FC,0.13407640205361335,1,0.07837853687891076,0.08360377267345076,0,6.806282722513089,0.042709489052429564,40.83769633507853,-9.459854014894161e-4,3.6649214659685865,-0.010055474452868975,16.75392670157068,0.009529927007597075,7.853403141361256,-0.08773138686405547,1.5706806282722514,2.6178010471204187,321750,35.35911602209945,37.980241492864984,501667,-32.741314974979034,FALSE,FALSE,NA,Low,41,59,Insufficient Evidence,Center backs,1.1.0,2026-08-01 14:43:31 UTC,NA,NA,NA,Performance data through: 2026-08-01 (updates every day) · MLSPA compensation as of: 2026-04-16,FALSE,2026-08-01 14:43:25 UTC
odMX84koMY,asa_odMX84koMY_mls_blended,Son Heung-Min,son heungmin,1992-07-08,South Korea,FW,NA,33.97946611909651,mls,eVq3ya6MWO,FW,asa_live,TRUE,NA,mlspa_via_asa,1411,11152852,1232,11152852,TRUE,0.6684036001894836,0.33159639981051636,blended,2025+2026 season to date,1819.5267645665563,0.34259396666810216,0.107701175659963,0.013745241376340372,0.11432385556177599,0.06434955428276129,0.030398787735239654,0.012075352052021872,2026,11152852,Los Angeles FC,0.21108432719581333,1,0.3099818935805334,0.33064735316290167,0.1148812540408839,96.45390070921985,0.014661590801887905,92.90780141843972,0.12194544593637185,24.113475177304963,0.06863952457042369,95.0354609929078,0.032425373585268924,59.57446808510638,0.012880375522559176,74.46808510638297,94.32624113475177,11152852,99.25373134328358,99.78046103183316,535000,-4.9274902085318075,TRUE,FALSE,58.62068965517241,High,20.75,79.25,Fair Value,Strikers,1.1.0,2026-08-01 14:43:31 UTC,25,25,183,Performance data through: 2026-08-01 (updates every day) · MLSPA compensation as of: 2026-04-16,FALSE,2026-08-01 14:43:25 UTC
odMX8YarMY,asa_odMX8YarMY_mls_blended,Alexandru Mihail Baluta,alexandru mihail baluta,1993-09-13,Romania,CM,NA,31.797399041752225,mls,eVq3ya6MWO,CM,asa_live,TRUE,NA,mlspa_via_asa,0,NA,24,768900,TRUE,0,1,blended,2025+2026 season to date,24,0.65925,0.14325,-0.062625,0.518625,0.06187499999999999,0,-0.001875,2026,768900,Los Angeles FC,0.13644825463003651,1,0.15655601406734282,0.16699308167705088,0.15280000000477498,99.52830188679245,-0.0668000000020875,3.30188679245283,0.5532000000172875,100,0.06600000000206249,97.16981132075472,0,5.188679245283019,-0.0020000000000625,46.22641509433962,75.47169811320755,768900,72.72727272727273,72.00878155872667,535541.5,2.744425385934818,FALSE,FALSE,NA,Low,41,59,Insufficient Evidence,Central and defensive midfielders,1.1.0,2026-08-01 14:43:31 UTC,NA,NA,NA,Performance data through: 2026-08-01 (updates every day) · MLSPA compensation as of: 2026-04-16,FALSE,2026-08-01 14:43:25 UTC
odMX8xmrMY,asa_odMX8xmrMY_mls_blended,Sebastien Ibeagha,sebastien ibeagha,1992-01-21,USA,CB,NA,34.44216290212184,mls,mKAqBBmqbg,CB,asa_live,TRUE,NA,mlspa_via_asa,1206,793625,3306,793625,TRUE,0.6327387198321092,0.36726128016789084,blended,2025+2026 season to date,2420.165792235047,0.16014378988503208,0.008428517833644062,0.04453073206589944,0.023880666269284305,-0.00412158852644148,0.09246246260257511,-0.005037000359929378,2026,793625,FC Dallas,0.13407640205361335,1,0.15496512295917544,0.16529613116161931,0.008990419022834616,54.45026178010471,0.04749944753844376,46.596858638743456,0.025472710688032613,71.20418848167539,-0.004396361095008298,24.607329842931936,0.0986266267791622,75.91623036649214,-0.00537280038409257,45.026178010471206,70.68062827225131,793625,71.8232044198895,73.54555433589462,501667,-1.142576147638195,TRUE,FALSE,50.51546391752577,High,20.75,79.25,Fair Value,Center backs,1.1.0,2026-08-01 14:43:31 UTC,49,49,218,Performance data through: 2026-08-01 (updates every day) · MLSPA compensation as of: 2026-04-16,FALSE,2026-08-01 14:43:25 UTC
odMXE2rG5Y,asa_odMXE2rG5Y_mls_blended,Puso Dithejane,puso dithejane,2004-07-24,South Africa,W,NA,21.93566050650239,mls,X0Oq66zq6D,W,asa_live,TRUE,NA,mlspa_via_asa,280,283252,0,NA,FALSE,1,0,blended,2025+2026 season to date,280,0.32743928571428577,0.09861428571428572,-0.02854285714285714,0.2007964285714286,0.03879642857142857,-0.083475,0.10125,2026,283252,Chicago Fire FC,0.20277985605674193,1,0.2424442200386877,0.25860716804934836,0.10518857143185859,96.5065502183406,-0.03044571428666571,24.45414847161572,0.21418285714955038,95.19650655021834,0.04138285714415036,72.92576419213974,-0.08904000000278249,1.7467248908296944,0.10800000000337501,98.2532751091703,80.78602620087337,283252,33.333333333333336,35.345773874862786,520000,47.45269286754003,FALSE,TRUE,NA,Low,49,51,Small-Sample Watchlist,Wingers and attacking midfielders,1.1.0,2026-08-01 14:43:31 UTC,NA,NA,NA,Performance data through: 2026-08-01 (updates every day) · MLSPA compensation as of: 2026-04-16,FALSE,2026-08-01 14:43:25 UTC
odMXE98x5Y,asa_odMXE98x5Y_mls_blended,Owen Graham-Roache,owen grahamroache,2008-02-11,Canada,FW,NA,18.38466803559206,mls,APk5LGOMOW,FW,asa_live,TRUE,NA,mlspa_via_asa,18,93915,150,93915,TRUE,0.15,0.85,blended,2025+2026 season to date,145.5,0.001662000000000015,0.018666,-0.015434999999999999,0.312534,-0.328077,0.018053999999999997,-0.004079999999999999,2026,93915,CF Montréal,0.21108432719581333,1,0.17021115669683165,0.1815585671489608,0.0199104000006222,10.638297872340425,-0.016464000000514498,75.177304964539,0.33336960001041777,94.32624113475177,-0.3499488000109359,1.4184397163120568,0.019257600000601796,27.659574468085108,-0.004352000000136,14.893617021276595,14.184397163120567,93915,11.940298507462687,8.89132821075741,535000,2.2440986556578792,FALSE,TRUE,NA,Low,41,59,Small-Sample Watchlist,Strikers,1.1.0,2026-08-01 14:43:31 UTC,NA,NA,NA,Performance data through: 2026-08-01 (updates every day) · MLSPA compensation as of: 2026-04-16,FALSE,2026-08-01 14:43:25 UTC
odMXEANx5Y,asa_odMXEANx5Y_mls_blended,Tahir Reid-Brown,tahir reidbrown,2006-07-02,USA,CB,NA,19.99726214921287,mls,jYQJ8EW5GR,CB,asa_live,TRUE,NA,mlspa_via_asa,289,139508,0,NA,FALSE,1,0,blended,2025+2026 season to date,289,0.08831833910034602,0,0.014480968858131481,0.00641522491349481,0.00731833910034602,0.06686159169550174,-0.00675778546712802,2026,139508,Orlando City SC,0.13407640205361335,1,0.11920117123978403,0.12714791599307634,0,6.806282722513089,0.015446366782489613,10.471204188481675,0.006842906574608305,23.56020942408377,0.007806228373946365,68.58638743455498,0.07131903114409724,47.12041884816754,-0.0072083044984951475,37.17277486910995,27.74869109947644,139508,20.994475138121548,24.478594950603732,501667,6.754215961354891,FALSE,TRUE,NA,Low,49,51,Small-Sample Watchlist,Center backs,1.1.0,2026-08-01 14:43:31 UTC,NA,NA,NA,Performance data through: 2026-08-01 (updates every day) · MLSPA compensation as of: 2026-04-16,FALSE,2026-08-01 14:43:25 UTC
odMXEZjr5Y,asa_odMXEZjr5Y_mls_blended,Sam Williams,sam williams,2005-03-18,USA,CM,NA,20.28747433264887,mls,X0Oq66zq6D,CM,asa_live,TRUE,NA,mlspa_via_asa,0,NA,354,91951,TRUE,0,1,blended,2025+2026 season to date,354,0.03927966101694915,0.01055084745762711,-0.00455084745762711,0.0141864406779661,-0.0029745762711864397,0.02196610169491525,1.016949152542373e-4,2026,91951,Chicago Fire FC,0.13644825463003651,1,0.10039198404404814,0.10708478298366442,0.01125423728848728,35.37735849056604,-0.0048542372882872786,23.58490566037736,0.015132203390303387,30.18867924528302,-0.003172881356031355,27.830188679245282,0.02343050847530847,10.377358490566039,1.0847457627457628e-4,64.62264150943396,11.320754716981131,91951,6.565656565656566,8.01317233809001,535541.5,4.755098151324566,FALSE,FALSE,NA,Low,41,59,Insufficient Evidence,Central and defensive midfielders,1.1.0,2026-08-01 14:43:31 UTC,NA,NA,NA,Performance data through: 2026-08-01 (updates every day) · MLSPA compensation as of: 2026-04-16,FALSE,2026-08-01 14:43:25 UTC
odMXGB1xQY,asa_odMXGB1xQY_mls_blended,Nicolás Dubersarsky,nicolas dubersarsky,2004-12-21,Argentina,CM,NA,21.52498288843258,mls,gpMOLwl5zy,CM,asa_live,TRUE,NA,mlspa_via_asa,742,347986,820,347986,TRUE,0.5145631067961165,0.4854368932038835,blended,2025+2026 season to date,1140.0582524271845,0.04215973749196577,0.004473207942897732,0.0032643685937552873,0.010740874801258408,-0.0020316295118568343,0.0750200433002943,-0.049307127634383136,2026,347986,Austin FC,0.13644825463003651,1,0.07467193080729262,0.07965005953026785,0.004771421805906687,18.39622641509434,0.0034819931667811185,30.18867924528302,0.011456933121700331,20.754716981132077,-0.0021670714793816776,32.54716981132076,0.08002137952281459,78.77358490566037,-0.05259426947831892,1.4150943396226414,2.830188679245283,347986,36.86868686868687,40.17563117453348,535541.5,-34.03849818944159,TRUE,FALSE,28.431372549019606,Medium,29.75,70.25,Below Expected Value by Current Model,Central and defensive midfielders,1.1.0,2026-08-01 14:43:31 UTC,74,74,314,Performance data through: 2026-08-01 (updates every day) · MLSPA compensation as of: 2026-04-16,FALSE,2026-08-01 14:43:25 UTC
odMXGL8JQY,asa_odMXGL8JQY_mls_blended,Logan Farrington,logan farrington,2001-12-14,USA,FW,NA,24.54483230663929,mls,mKAqBBmqbg,FW,asa_live,TRUE,NA,mlspa_via_asa,954,417000,1907,417000,TRUE,0.5767835550181378,0.42321644498186217,blended,2025+2026 season to date,1761.073760580411,0.2604800952894859,0.06402052357222707,-0.026017095103700545,0.15124917363573012,-0.01428742131864466,0.041989886747038366,0.04352502775683553,2026,417000,FC Dallas,0.21108432719581333,1,0.2479275603577022,0.26445606438981323,0.06828855847917623,58.156028368794324,-0.02775156811148115,68.79432624113475,0.16133245188315376,39.716312056737586,-0.01523991607369722,60.283687943262414,0.04478921253157392,82.97872340425532,0.046426696275408734,97.16312056737588,74.46808510638297,417000,44.02985074626866,45.22502744237102,535000,30.438234360114315,TRUE,FALSE,89.65517241379311,High,20.75,79.25,Strong Value,Strikers,1.1.0,2026-08-01 14:43:31 UTC,7,7,48,Performance data through: 2026-08-01 (updates every day) · MLSPA compensation as of: 2026-04-16,FALSE,2026-08-01 14:43:25 UTC
odMXR02JqY,asa_odMXR02JqY_mls_blended,DJ Taylor,dj taylor,1997-08-26,USA,FB,NA,28.84599589322382,mls,kRQand1MKZ,FB,asa_live,TRUE,NA,mlspa_via_asa,139,240117,254,240117,TRUE,0.16567342073897498,0.834326579261025,blended,2025+2026 season to date,350.9189511323003,5.765581447730109e-4,0,0.026939776449278766,0.013748115961071007,0.006650014546751376,-0.015748754141131638,-0.031012594671196495,2026,240117,Minnesota United FC,0.11638469243644946,1,0.07364785459150722,0.07855771156672929,0,6.443298969072165,0.028735761546795344,63.91752577319588,0.014664657025600679,29.896907216494846,0.007093348850089802,58.76288659793814,-0.016798671084398704,4.639175257731959,-0.03308010098364335,5.154639175257732,8.24742268041237,240117,38.91891891891892,32.711306256860595,343925,-30.67149623850655,FALSE,TRUE,NA,Low,41,59,Small-Sample Watchlist,Fullbacks and wingbacks,1.1.0,2026-08-01 14:43:31 UTC,NA,NA,NA,Performance data through: 2026-08-01 (updates every day) · MLSPA compensation as of: 2026-04-16,FALSE,2026-08-01 14:43:25 UTC
odMXR6GGqY,asa_odMXR6GGqY_mls_blended,Jonathan Dean,jonathan dean,1997-05-15,USA,FB,NA,29.127994524298423,mls,X0Oq66zq6D,FB,asa_live,TRUE,NA,mlspa_via_asa,1025,210700,2159,210700,TRUE,0.5942028985507246,0.4057971014492754,blended,2025+2026 season to date,1901.1159420289855,0.08194325069980063,0.004398171456189459,0.011969270797672031,0.01981920695974384,0.004169766196105278,0.05941906438165817,-0.01783222909156815,2026,210700,Chicago Fire FC,0.11638469243644946,1,0.09020550863624212,0.09621920921499844,0.004691382886748695,23.195876288659793,0.012767222184582476,47.93814432989691,0.021140487424387403,42.2680412371134,0.004447750609317955,50.51546391752577,0.06338033534241602,61.34020618556701,-0.019021044364933768,11.34020618556701,17.52577319587629,210700,36.21621621621622,30.296377607025246,343925,-18.690443020339927,TRUE,FALSE,40.24390243902439,High,20.75,79.25,Below Expected Value by Current Model,Fullbacks and wingbacks,1.1.0,2026-08-01 14:43:31 UTC,50,50,262,Performance data through: 2026-08-01 (updates every day) · MLSPA compensation as of: 2026-04-16,FALSE,2026-08-01 14:43:25 UTC
odMXRLKWqY,asa_odMXRLKWqY_mls_blended,Claudio Bravo,claudio bravo,1997-03-13,Argentina,FB,NA,28.301163586584533,mls,WBLMvYAQxe,FB,asa_live,TRUE,NA,mlspa_via_asa,0,NA,369,556654,TRUE,0,1,blended,2025+2026 season to date,369,0.262,0.0234390243902439,0.07546341463414634,0.02360975609756097,0.04136585365853658,0.16558536585365852,-0.06746341463414635,2026,556654,Portland Timbers FC,0.11638469243644946,1,0.17183572287086654,0.18329143773465217,0.02500162601704146,78.35051546391753,0.08049430894560487,96.3917525773196,0.025183739838185358,48.96907216494845,0.04412357723715121,94.3298969072165,0.17662439024942192,96.90721649484536,-0.07196097561200489,2.0618556701030926,93.29896907216495,556654,73.51351351351352,57.409440175631175,343925,19.785455558651435,FALSE,FALSE,NA,Low,41,59,Insufficient Evidence,Fullbacks and wingbacks,1.1.0,2026-08-01 14:43:31 UTC,NA,NA,NA,Performance data through: 2026-08-01 (updates every day) · MLSPA compensation as of: 2026-04-16,FALSE,2026-08-01 14:43:25 UTC
odMXRO3xqY,asa_odMXRO3xqY_mls_blended,Lalas Abubakar,lalas abubakar,1994-12-25,Ghana,CB,NA,31.515400410677618,mls,mKAqBBmqbg,CB,asa_live,TRUE,NA,mlspa_via_asa,57,495000,1981,495000,TRUE,0.15,0.85,blended,2025+2026 season to date,1740.85,0.03874215574271366,0.007885562847046945,0.03188248625096309,0.016344974627381166,-0.015266284970376472,0.06667294162969259,-0.06877752464199367,2026,495000,FC Dallas,0.13407640205361335,1,0.06317795803100203,0.06738982190184142,0.008411267037112927,48.69109947643979,0.03400798533542338,25.130890052356023,0.017434639603084744,53.92670157068063,-0.01628403730224378,9.424083769633508,0.07111780440722786,46.596858638743456,-0.0733626929537525,2.6178010471204187,1.0471204188481675,495000,48.61878453038674,51.64654226125137,501667,-47.571664111538574,FALSE,TRUE,NA,Low,41,59,Small-Sample Watchlist,Center backs,1.1.0,2026-08-01 14:43:31 UTC,NA,NA,NA,Performance data through: 2026-08-01 (updates every day) · MLSPA compensation as of: 2026-04-16,FALSE,2026-08-01 14:43:25 UTC
odMXRxV2qY,asa_odMXRxV2qY_mls_blended,Dénis Bouanga,denis bouanga,1994-11-11,Gabon,W,NA,31.63586584531143,mls,eVq3ya6MWO,W,asa_live,TRUE,NA,mlspa_via_asa,1606,4939217,3294,4939217,TRUE,0.6964440589765828,0.3035559410234172,blended,2025+2026 season to date,2605.913269731136,0.39689758956203586,0.0908152266124484,0.004252645747136244,0.16316985151588398,0.09917130649908293,0.026638664164285137,0.012849895023199158,2026,4939217,Los Angeles FC,0.20277985605674193,1,0.36056764851127743,0.3846054917573815,0.09686957505630546,94.32314410480349,0.004536155463753748,62.00873362445415,0.1740478416223819,89.51965065502183,0.10578272693566083,94.32314410480349,0.02841457510945877,30.56768558951965,0.013706554691840764,77.7292576419214,98.68995633187772,4939217,96.24413145539906,98.13391877058177,520000,2.4458248764786674,TRUE,FALSE,65.625,High,14,86,Fair Value,Wingers and attacking midfielders,1.1.0,2026-08-01 14:43:31 UTC,34,34,153,Performance data through: 2026-08-01 (updates every day) · MLSPA compensation as of: 2026-04-16,FALSE,2026-08-01 14:43:25 UTC
odMXRxZJqY,asa_odMXRxZJqY_mls_blended,James Sands,james sands,2000-07-06,USA,CB,NA,25.984941820670773,mls,Vj58weDM8n,CB,asa_live,TRUE,NA,mlspa_via_asa,310,1318750,0,NA,FALSE,1,0,blended,2025+2026 season to date,310,0.11743548387096776,0.01599677419354838,0.03629032258064516,0.00113225806451612,0.00897096774193548,0.05356451612903226,0.00148064516129032,2026,1318750,New York City FC,0.13407640205361335,1,0.12840751783754728,0.13696801903099734,0.01706322580698483,83.24607329842932,0.03870967742056451,32.460732984293195,0.0012077419355216033,11.518324607329843,0.009569032258363544,77.4869109947644,0.057135483872753225,33.50785340314136,0.0015793548387590293,88.48167539267016,36.12565445026178,1318750,94.47513812154696,87.37650933040615,501667,-58.349483671285185,FALSE,TRUE,NA,Low,49,51,Small-Sample Watchlist,Center backs,1.1.0,2026-08-01 14:43:31 UTC,NA,NA,NA,Performance data through: 2026-08-01 (updates every day) · MLSPA compensation as of: 2026-04-16,FALSE,2026-08-01 14:43:25 UTC
odMXrvAqYL,asa_odMXrvAqYL_mls_blended,Erik Sviatchenko,erik sviatchenko,1991-10-04,Denmark,CB,NA,34.74058863791923,mls,YgOMngl5wN,CB,asa_live,TRUE,NA,mlspa_via_asa,715,925000,1072,925000,TRUE,0.5053003533568905,0.4946996466431095,blended,2025+2026 season to date,1245.3180212014133,0.10240695638415694,0.016489636622541,0.041970183534623694,0.015422438162544159,-0.012415096777596116,0.042349744211803174,-0.0014099493697589751,2026,925000,Houston Dynamo FC,0.13407640205361335,1,0.1127041881801715,0.12021780072927307,0.017588945731260054,84.29319371727749,0.04476819577166428,42.931937172774866,0.016450600707227852,51.832460732984295,-0.013242769896516361,13.089005235602095,0.04517306049400171,21.98952879581152,-0.0015039459944565718,64.92146596858639,23.036649214659686,925000,82.32044198895028,80.24149286498353,501667,-59.28379277429059,TRUE,FALSE,7.216494845360825,Medium,29.75,70.25,Below Expected Value by Current Model,Center backs,1.1.0,2026-08-01 14:43:31 UTC,91,91,407,Performance data through: 2026-08-01 (updates every day) · MLSPA compensation as of: 2026-04-16,FALSE,2026-08-01 14:43:25 UTC
p6qb3zlDQ0,asa_p6qb3zlDQ0_mls_blended,Nicolas Fleuriau Chateau,nicolas fleuriau chateau,2002-05-21,Canada,FB,NA,23.1129363449692,mls,lgpMOvnQzy,FB,asa_live,TRUE,NA,mlspa_via_asa,0,NA,18,80622,TRUE,0,1,blended,2025+2026 season to date,18,0.4765,0.1805,-0.039,0.28950000000000004,0.011,0.05049999999999999,-0.016,2026,80622,Vancouver Whitecaps FC,0.11638469243644946,1,0.12687348780237812,0.13533172032676577,0.19253333333935,100,-0.0416000000013,6.701030927835052,0.30880000000965,98.96907216494846,0.011733333333699998,67.01030927835052,0.05386666666834999,48.96907216494845,-0.0170666666672,12.371134020618557,65.97938144329896,80622,1.0810810810810811,1.0428100987925357,343925,64.89830036221788,FALSE,FALSE,NA,Low,41,59,Insufficient Evidence,Fullbacks and wingbacks,1.1.0,2026-08-01 14:43:31 UTC,NA,NA,NA,Performance data through: 2026-08-01 (updates every day) · MLSPA compensation as of: 2026-04-16,FALSE,2026-08-01 14:43:25 UTC
p6qbOD1bQ0,asa_p6qbOD1bQ0_mls_blended,Eddie Segura,eddie segura,1997-02-02,Colombia,FB,NA,29.4072553045859,mls,eVq3ya6MWO,FB,asa_live,TRUE,NA,mlspa_via_asa,1488,722500,3126,722500,TRUE,0.680073126142596,0.31992687385740404,blended,2025+2026 season to date,2488.091407678245,0.1086345815774053,0.005767831515121737,0.04200801615512287,0.011073965654573715,0.006154185980413139,0.045485598465894936,-0.0018550161937211165,2026,722500,Los Angeles FC,0.11638469243644946,1,0.11014038755965846,0.11748308006730704,0.006152353616322114,28.8659793814433,0.04480855056686466,81.95876288659794,0.011812230031914428,22.68041237113402,0.006564465045979155,58.24742268041237,0.04851797169847078,43.29896907216495,-0.001978683940031025,44.329896907216494,41.75257731958763,722500,83.24324324324324,68.22173435784852,343925,-41.49066592365561,TRUE,FALSE,13.414634146341463,High,20.75,79.25,Below Expected Value by Current Model,Fullbacks and wingbacks,1.1.0,2026-08-01 14:43:31 UTC,72,72,380,Performance data through: 2026-08-01 (updates every day) · MLSPA compensation as of: 2026-04-16,FALSE,2026-08-01 14:43:25 UTC
p6qbON3aQ0,asa_p6qbON3aQ0_mls_blended,Franco Negri,franco negri,1995-02-20,Argentina,FB,NA,31.359342915811087,mls,YgOMngl5wN,FB,asa_live,TRUE,NA,mlspa_via_asa,346,115605,871,115605,TRUE,0.33078393881453155,0.6692160611854685,blended,2025+2026 season to date,928.8871892925431,0.09797304695817866,0.01328966617127628,0.05298482217534185,0.015142939150401838,-0.0036302046174481258,0.04735645606355632,-0.0271706319849495,2026,115605,Houston Dynamo FC,0.11638469243644946,1,0.10519855539616499,0.1122117924260826,0.01417564391647102,56.18556701030928,0.05651714365546413,87.11340206185567,0.01615246842760006,32.98969072164948,-0.003872218258732341,29.896907216494846,0.05051355313603862,44.845360824742265,-0.02898200745151849,6.185567010309279,34.5360824742268,115605,22.16216216216216,18.660812294182218,343925,12.37392031206464,FALSE,TRUE,NA,Low,41,59,Small-Sample Watchlist,Fullbacks and wingbacks,1.1.0,2026-08-01 14:43:31 UTC,NA,NA,NA,Performance data through: 2026-08-01 (updates every day) · MLSPA compensation as of: 2026-04-16,FALSE,2026-08-01 14:43:25 UTC
p6qbONo3Q0,asa_p6qbONo3Q0_mls_blended,Aiden O'Neill,aiden oneill,1998-07-04,Australia,CM,NA,27.991786447638603,mls,Vj58weDM8n,CM,asa_live,TRUE,NA,mlspa_via_asa,991,630938,2067,630938,TRUE,0.5860437610881135,0.4139562389118865,blended,2025+2026 season to date,1846.6475458308694,0.09592583806182996,0.013361698877091127,0.002681481144520763,0.007391773574606103,0.021441021750083035,0.05789256449451935,-0.00684270177899045,2026,630938,New York City FC,0.13644825463003651,1,0.10586329308364317,0.11292084595941483,0.014252478802675925,44.339622641509436,0.002860246554244863,29.245283018867923,0.007884558479826236,14.622641509433961,0.02287042320080327,83.49056603773585,0.06175206879608373,53.77358490566038,-0.0072988818978179035,24.528301886792452,18.867924528301888,630938,59.5959595959596,62.678375411635564,535541.5,-40.728035067657714,TRUE,FALSE,21.568627450980394,High,20.75,79.25,Below Expected Value by Current Model,Central and defensive midfielders,1.1.0,2026-08-01 14:43:31 UTC,81,81,345,Performance data through: 2026-08-01 (updates every day) · MLSPA compensation as of: 2026-04-16,FALSE,2026-08-01 14:43:25 UTC
p6qbOeRXQ0,asa_p6qbOeRXQ0_mls_blended,Jordan Morris,jordan morris,1994-10-26,USA,FW,NA,31.679671457905545,mls,jYQJ19EqGR,FW,asa_live,TRUE,NA,mlspa_via_asa,648,2372500,1178,2372500,TRUE,0.4807121661721068,0.5192878338278932,blended,2025+2026 season to date,1259.7210682492582,0.3171986619175487,0.05525639443204546,-0.03512954235161946,0.2822370083579774,0.0012311391333699427,0.005201730035819907,0.00840193230995551,2026,2372500,Seattle Sounders FC,0.21108432719581333,1,0.2829630972836658,0.3018273037786756,0.058940154062690375,49.645390070921984,-0.03747151184289841,56.02836879432624,0.30105280892458375,90.0709219858156,0.0013132150756356435,73.75886524822695,0.0055485120383812914,12.76595744680851,0.008962061130899274,65.2482269503546,87.23404255319149,2372500,83.58208955223881,93.96267837541164,535000,3.6519530009526733,TRUE,FALSE,68.96551724137932,Medium,29.75,70.25,Fair Value,Strikers,1.1.0,2026-08-01 14:43:31 UTC,19,19,138,Performance data through: 2026-08-01 (updates every day) · MLSPA compensation as of: 2026-04-16,FALSE,2026-08-01 14:43:25 UTC
p6qbOkywQ0,asa_p6qbOkywQ0_mls_blended,Pablo Ruiz,pablo ruiz,1998-12-20,Argentina,CM,NA,27.529089664613277,mls,a2lqR4JMr0,CM,asa_live,TRUE,NA,mlspa_via_asa,85,911500,1354,911500,TRUE,0.15,0.85,blended,2025+2026 season to date,1235.8999999999999,0.1790205022156573,0.01853641063515509,0.11932013728386481,0.012776156486228162,-0.005363824832739589,0.03679573638022417,-0.0030441137370753268,2026,911500,Real Salt Lake,0.13644825463003651,1,0.1651072452020005,0.17611439488763744,0.01977217134478331,62.735849056603776,0.12727481310676647,97.16981132075472,0.013627900252402578,25.471698113207548,-0.005721413155101022,24.528301886792452,0.039248785473465636,17.92452830188679,-0.003247054652981819,37.735849056603776,82.0754716981132,911500,83.83838383838383,79.47310647639956,535541.5,-1.762912140270629,FALSE,TRUE,NA,Low,41,59,Small-Sample Watchlist,Central and defensive midfielders,1.1.0,2026-08-01 14:43:31 UTC,NA,NA,NA,Performance data through: 2026-08-01 (updates every day) · MLSPA compensation as of: 2026-04-16,FALSE,2026-08-01 14:43:25 UTC
p6qbOn3DQ0,asa_p6qbOn3DQ0_mls_blended,Jonathan Bamba,jonathan bamba,1996-03-26,France,W,NA,30.26420260095825,mls,X0Oq66zq6D,W,asa_live,TRUE,NA,mlspa_via_asa,946,5581806,3018,5581806,TRUE,0.574726609963548,0.42527339003645204,blended,2025+2026 season to date,2229.4750911300125,0.2730035799782109,0.046840405924115085,0.0029473728709154597,0.09363531206442996,0.08669155299068289,0.04288143918989103,7.496938176528934e-6,2026,5581806,Chicago Fire FC,0.20277985605674193,1,0.2581123959260996,0.2753198889964433,0.04996309965395077,55.02183406113537,0.003143864395741403,59.38864628820961,0.0998776662051798,62.44541484716157,0.09247098985961813,92.13973799126637,0.04574020180397981,64.62882096069869,7.996734055214094e-6,40.61135371179039,86.8995633187773,5581806,98.12206572769954,98.79253567508233,520000,-11.222502408922239,TRUE,FALSE,44.791666666666664,High,20.75,79.25,Fair Value,Wingers and attacking midfielders,1.1.0,2026-08-01 14:43:31 UTC,54,54,244,Performance data through: 2026-08-01 (updates every day) · MLSPA compensation as of: 2026-04-16,FALSE,2026-08-01 14:43:25 UTC
p6qbOnb8Q0,asa_p6qbOnb8Q0_mls_blended,Saba Lobjanidze,saba lobjanidze,1994-12-18,Georgia,W,NA,31.534565366187543,mls,KAqBN0Vqbg,W,asa_live,TRUE,NA,mlspa_via_asa,750,998750,2141,998750,TRUE,0.5172413793103449,0.48275862068965514,blended,2025+2026 season to date,1783.5862068965516,0.18055428658860667,0.06278168596691845,-0.019208225611622026,0.08433849860683856,0.04447150058786581,0.00890179709771457,-7.309700591086989e-4,2026,998750,Atlanta United FC,0.20277985605674193,1,0.1861489412490076,0.19855887067181308,0.06696713170013907,77.7292576419214,-0.020488773986370435,35.80786026200873,0.08996106518343909,53.711790393013104,0.04743626729520591,75.9825327510917,0.009495250237858934,13.973799126637555,-7.797013964069778e-4,27.94759825327511,34.93449781659389,998750,72.7699530516432,82.3271130625686,520000,-37.83545523504931,TRUE,FALSE,23.958333333333332,Medium,29.75,70.25,Below Expected Value by Current Model,Wingers and attacking midfielders,1.1.0,2026-08-01 14:43:31 UTC,74,74,334,Performance data through: 2026-08-01 (updates every day) · MLSPA compensation as of: 2026-04-16,FALSE,2026-08-01 14:43:25 UTC
p6qbOpVDQ0,asa_p6qbOpVDQ0_mls_blended,Lucas Halter,lucas halter,2000-05-02,Brazil,CB,NA,26.16290212183436,mls,YgOMngl5wN,CB,asa_live,TRUE,NA,mlspa_via_asa,440,1416921,0,NA,FALSE,1,0,blended,2025+2026 season to date,440,0.1370659090909091,0.01797954545454545,0.03884318181818182,0.06111818181818181,-0.00681136363636363,0.02929090909090909,-0.00335454545454545,2026,1416921,Houston Dynamo FC,0.13407640205361335,1,0.13534119349246923,0.14436393972981187,0.019178181818781132,86.91099476439791,0.041432727274022044,38.7434554973822,0.06519272727476454,95.81151832460733,-0.007265454545681584,21.98952879581152,0.031243636364612727,14.136125654450261,-0.0035781818182936314,52.87958115183246,43.455497382198956,1416921,96.68508287292818,88.91328210757409,501667,-53.22958549072922,FALSE,TRUE,NA,Low,49,51,Small-Sample Watchlist,Center backs,1.1.0,2026-08-01 14:43:31 UTC,NA,NA,NA,Performance data through: 2026-08-01 (updates every day) · MLSPA compensation as of: 2026-04-16,FALSE,2026-08-01 14:43:25 UTC
p6qbPXRpM0,asa_p6qbPXRpM0_mls_blended,Alex Harris,alex harris,2005-02-16,USA,W,NA,21.36892539356605,mls,pzeQZ6xQKw,W,asa_live,TRUE,NA,mlspa_via_asa,116,90025,66,90025,TRUE,0.15,0.85,blended,2025+2026 season to date,172.1,-0.046184482758620686,0.01510603448275862,-0.14938295454545455,0.043922257053291544,0.03323452194357367,0.014202978056426323,-0.003267319749216296,2026,90025,Colorado Rapids,0.20277985605674193,1,0.1472860564062771,0.15710512683827177,0.016113103448779396,17.03056768558952,-0.15934181818679763,0.8733624454148472,0.04685040752497505,14.847161572052402,0.035450156740919725,69.43231441048034,0.015149843260661511,15.720524017467248,-0.0034851410659396263,18.34061135371179,7.423580786026201,90025,8.450704225352112,7.135016465422613,520000,-1.0271234393259112,FALSE,TRUE,NA,Low,41,59,Small-Sample Watchlist,Wingers and attacking midfielders,1.1.0,2026-08-01 14:43:31 UTC,NA,NA,NA,Performance data through: 2026-08-01 (updates every day) · MLSPA compensation as of: 2026-04-16,FALSE,2026-08-01 14:43:25 UTC
p6qbPrmDM0,asa_p6qbPrmDM0_mls_blended,Charles-Emile Brunet,charlesemile brunet,2003-11-26,Canada,CM,NA,22.595482546201232,mls,vzqoOgNqap,CM,asa_live,TRUE,NA,mlspa_via_asa,80,88025,0,NA,FALSE,1,0,blended,2025+2026 season to date,80,0.057487500000000004,0,-0.0387,0.0072,0.0252,0.0684,-0.0046125,2026,88025,Nashville SC,0.13644825463003651,1,0.12715875408532634,0.13563600436192005,0,6.60377358490566,-0.04128000000129,8.018867924528301,0.00768000000024,14.150943396226415,0.02688000000084,86.32075471698113,0.07296000000228,71.22641509433963,-0.00492000000015375,31.60377358490566,36.79245283018868,88025,3.5353535353535355,4.33589462129528,535541.5,33.25709929483514,FALSE,TRUE,NA,Low,49,51,Small-Sample Watchlist,Central and defensive midfielders,1.1.0,2026-08-01 14:43:31 UTC,NA,NA,NA,Performance data through: 2026-08-01 (updates every day) · MLSPA compensation as of: 2026-04-16,FALSE,2026-08-01 14:43:25 UTC
p6qbeZ1p50,asa_p6qbeZ1p50_mls_blended,Robin Lod,robin lod,1993-04-17,Finland,FW,NA,33.204654346338124,mls,X0Oq66zq6D,FW,asa_live,TRUE,NA,mlspa_via_asa,1065,866667,3055,866667,TRUE,0.603399433427762,0.39660056657223797,blended,2025+2026 season to date,2276.614730878187,0.18875316274347073,0.042833879350713776,-0.025725421104120398,0.10404855088254522,0.019863776931886148,0.045832379927949814,0.0018999967544961825,2026,866667,Chicago Fire FC,0.21108432719581333,1,0.19341096363963564,0.20630502788872504,0.045689471308855825,29.78723404255319,-0.02744044917858594,70.92198581560284,0.11098512094484986,20.56737588652482,0.02118802872800735,85.81560283687944,0.04888787192467421,87.23404255319149,0.0020266632048592612,44.680851063829785,33.333333333333336,866667,65.67164179104478,77.38748627881449,535000,-32.33830845771144,TRUE,FALSE,31.03448275862069,High,20.75,79.25,Below Expected Value by Current Model,Strikers,1.1.0,2026-08-01 14:43:31 UTC,41,41,303,Performance data through: 2026-08-01 (updates every day) · MLSPA compensation as of: 2026-04-16,FALSE,2026-08-01 14:43:25 UTC
p6qbekPD50,asa_p6qbekPD50_mls_blended,Tyler Boyd,tyler boyd,1994-12-30,USA,W,NA,31.50171115674196,mls,eVq3ya6MWO,W,asa_live,TRUE,NA,mlspa_via_asa,588,1435000,206,1435000,TRUE,0.45652173913043476,0.5434782608695652,blended,2025+2026 season to date,699.9565217391304,0.10033272779352348,0.024856645359705717,-0.018967609901706557,0.08975312820358199,-0.03257323765301816,0.023642909907736837,0.013620891877223661,2026,1435000,Los Angeles FC,0.20277985605674193,1,0.1476175991949889,0.1574587724795754,0.02651375505118132,25.76419213973799,-0.02023211722911925,36.24454148471616,0.09573667008681255,59.82532751091703,-0.03474478683097181,11.353711790393014,0.025219103902374057,27.074235807860262,0.014528951336159269,79.91266375545851,7.860262008733624,1435000,79.34272300469483,89.13282107574095,520000,-71.4824609959612,TRUE,FALSE,1.0416666666666667,Medium,29.75,70.25,Below Expected Value by Current Model,Wingers and attacking midfielders,1.1.0,2026-08-01 14:43:31 UTC,96,96,433,Performance data through: 2026-08-01 (updates every day) · MLSPA compensation as of: 2026-04-16,FALSE,2026-08-01 14:43:25 UTC
p6qbgGEpQ0,asa_p6qbgGEpQ0_mls_blended,Kerwin Vargas,kerwin vargas,2002-01-02,Colombia,W,NA,24.49281314168378,mls,NPqxKXZ59d,W,asa_live,TRUE,NA,mlspa_via_asa,1095,733750,2215,733750,TRUE,0.6100278551532033,0.38997214484679665,blended,2025+2026 season to date,1958.7883008356546,0.217173609914674,0.04712316630721153,-0.002760953740324577,0.06755220483283764,0.04290259373604884,0.05546775655979426,0.0068888422191062375,2026,733750,Charlotte FC,0.20277985605674193,1,0.21379847633604274,0.22805170809890554,0.05026471072926307,56.33187772925764,-0.0029450173231049138,51.09170305676856,0.07205568515727855,36.24454148471616,0.04576276665321552,75.10917030567686,0.059165606998962804,82.53275109170306,0.007348098367276281,67.68558951965065,65.93886462882097,733750,65.72769953051643,69.37431394072448,520000,0.21116509830453367,TRUE,FALSE,60.416666666666664,High,20.75,79.25,Fair Value,Wingers and attacking midfielders,1.1.0,2026-08-01 14:43:31 UTC,39,39,175,Performance data through: 2026-08-01 (updates every day) · MLSPA compensation as of: 2026-04-16,FALSE,2026-08-01 14:43:25 UTC
p6qbgNaBQ0,asa_p6qbgNaBQ0_mls_blended,Baltasar Rodríguez,baltasar rodriguez,2003-07-09,Argentina,W,NA,21.97946611909651,mls,zeQZkL1MKw,W,asa_live,TRUE,NA,mlspa_via_asa,0,NA,1109,440000,TRUE,0,1,blended,2025+2026 season to date,1109,0.1620649233543733,0.03225067628494139,-0.00676825969341749,0.05465734896302976,0.00389540126239855,0.08151127141568981,-0.00348151487826871,2026,440000,Inter Miami CF,0.20277985605674193,1,0.1763592238935314,0.18811650549231212,0.03440072137167917,35.80786026200873,-0.007219477006537598,48.03493449781659,0.058301172229053656,23.580786026200872,0.004155094680021633,39.737991266375545,0.08694535617945284,93.88646288209607,-0.0037136158702693414,17.903930131004365,24.017467248908297,440000,43.1924882629108,47.47530186608123,520000,-19.175021014002503,FALSE,FALSE,NA,Low,41,59,Insufficient Evidence,Wingers and attacking midfielders,1.1.0,2026-08-01 14:43:31 UTC,NA,NA,NA,Performance data through: 2026-08-01 (updates every day) · MLSPA compensation as of: 2026-04-16,FALSE,2026-08-01 14:43:25 UTC
p6qbgzx4Q0,asa_p6qbgzx4Q0_mls_blended,Jasper Löeffelsend,jasper loeffelsend,1997-09-10,NA,FB,NA,27.805612594113622,mls,zeQZBOzQKw,FB,asa_live,TRUE,NA,mlspa_via_asa,0,NA,680,280833,TRUE,0,1,blended,2025+2026 season to date,680,0.04284264705882353,0.01535294117647059,-0.05010882352941176,0.029858823529411764,9.661764705882354e-4,0.04469558823529412,0.00207794117647058,2026,280833,San Diego FC,0.11638469243644946,1,0.07731548082958568,0.08246984622080192,0.016376470588747062,61.34020618556701,-0.05344941176637617,4.123711340206185,0.03184941176570118,59.79381443298969,0.0010305882353263236,44.845360824742265,0.047675294119136916,40.72164948453608,0.0022164705883045504,76.80412371134021,9.793814432989691,280833,41.62162162162162,34.79692645444566,343925,-31.82780718863193,FALSE,FALSE,NA,Low,41,59,Insufficient Evidence,Fullbacks and wingbacks,1.1.0,2026-08-01 14:43:31 UTC,NA,NA,NA,Performance data through: 2026-08-01 (updates every day) · MLSPA compensation as of: 2026-04-16,FALSE,2026-08-01 14:43:25 UTC
p6qboAn8Q0,asa_p6qboAn8Q0_mls_blended,Luca Orellano,luca orellano,2000-03-22,Argentina,FB,NA,25.27583846680356,mls,NWMWlBK5lz,FB,asa_live,TRUE,NA,mlspa_via_asa,0,NA,2192,943950,TRUE,0,1,blended,2025+2026 season to date,2192,0.2230784671532847,0.04589096715328467,0.00230748175182481,0.04480702554744525,0.08614461678832117,0.0382007299270073,0.00572764598540146,2026,943950,FC Cincinnati,0.11638469243644946,1,0.20015000553791895,0.21349333924711855,0.04895036496503334,93.29896907216495,0.0024613138686900467,30.412371134020617,0.04779416058543517,76.28865979381443,0.0918875912437474,97.42268041237114,0.04074744525674781,32.47422680412371,0.0061094890512858125,88.65979381443299,98.45360824742268,943950,95.13513513513513,80.79034028540066,343925,3.318473112287549,FALSE,FALSE,NA,Low,41,59,Insufficient Evidence,Fullbacks and wingbacks,1.1.0,2026-08-01 14:43:31 UTC,NA,NA,NA,Performance data through: 2026-08-01 (updates every day) · MLSPA compensation as of: 2026-04-16,FALSE,2026-08-01 14:43:25 UTC
p6qboGWbQ0,asa_p6qboGWbQ0_mls_blended,Carlos Harvey,carlos harvey,2000-02-03,Panama,CB,NA,26.406570841889117,mls,kRQand1MKZ,CB,asa_live,TRUE,NA,mlspa_via_asa,162,317063,1824,317063,TRUE,0.18793503480278423,0.8120649651972158,blended,2025+2026 season to date,1643.2064965197217,0.1382877640737575,0.017317819636097204,0.019063293747710337,0.035521530406643055,-0.012730698192697515,0.08873221699841251,-0.009616398522408108,2026,317063,Minnesota United FC,0.13407640205361335,1,0.13716133312947895,0.1463054220093496,0.018472340945747612,85.34031413612566,0.020334179998193137,12.565445026178011,0.03788963243493664,84.29319371727749,-0.013579411405968371,12.041884816753926,0.09464769813459775,72.25130890052355,-0.010257491757555862,30.36649214659686,47.12041884816754,317063,34.806629834254146,37.54116355653129,501667,12.313789013913393,FALSE,TRUE,NA,Low,41,59,Small-Sample Watchlist,Center backs,1.1.0,2026-08-01 14:43:31 UTC,NA,NA,NA,Performance data through: 2026-08-01 (updates every day) · MLSPA compensation as of: 2026-04-16,FALSE,2026-08-01 14:43:25 UTC
raMy4ylQd2,asa_raMy4ylQd2_mls_blended,Omar González,omar gonzalez,1988-10-11,USA,CB,NA,36.720054757015745,mls,X0Oq66zq6D,CB,asa_live,TRUE,NA,mlspa_via_asa,0,NA,511,123333,TRUE,0,1,blended,2025+2026 season to date,511,0.00699217221135028,0,0.04769471624266144,0.00118003913894324,0.00986301369863013,-0.00260665362035225,-0.04913894324853229,2026,123333,Chicago Fire FC,0.13407640205361335,1,0.0756245195609073,0.08066615420082193,0,6.806282722513089,0.05087436399376202,50.78534031413613,0.001258708414912124,12.041884816753926,0.01052054794553424,80.10471204188482,-0.0027804305284626217,5.7591623036649215,-0.052414872800072405,5.2356020942408374,2.094240837696335,123333,16.574585635359117,21.514818880351264,501667,-14.480344797662783,FALSE,FALSE,NA,Low,41,59,Insufficient Evidence,Center backs,1.1.0,2026-08-01 14:43:31 UTC,NA,NA,NA,Performance data through: 2026-08-01 (updates every day) · MLSPA compensation as of: 2026-04-16,FALSE,2026-08-01 14:43:25 UTC
raMyA6KRMd,asa_raMyA6KRMd_mls_blended,Jon Gallagher,jon gallagher,1996-02-23,Republic of Ireland,FB,NA,30.351813826146476,mls,gpMOLwl5zy,FB,asa_live,TRUE,NA,mlspa_via_asa,1540,400000,2796,400000,TRUE,0.6875,0.3125,blended,2025+2026 season to date,2413.75,0.09926878832004905,0.012039735974862041,0.006533386342734514,0.04479350858369099,-0.009536421290619249,0.04133079973942366,0.004107778969957079,2026,400000,Austin FC,0.11638469243644946,1,0.10267635114703877,0.10952144122693057,0.012842385040254168,52.577319587628864,0.006968945432467928,36.08247422680412,0.0477797424907635,75.77319587628865,-0.010172182710311745,20.103092783505154,0.04408618639009627,34.02061855670103,0.004381630901424477,85.56701030927834,31.443298969072163,400000,57.2972972972973,44.182217343578486,343925,-25.853998328225135,TRUE,FALSE,29.26829268292683,High,14,86,Below Expected Value by Current Model,Fullbacks and wingbacks,1.1.0,2026-08-01 14:43:31 UTC,59,59,311,Performance data through: 2026-08-01 (updates every day) · MLSPA compensation as of: 2026-04-16,FALSE,2026-08-01 14:43:25 UTC
raMyAExNMd,asa_raMyAExNMd_mls_blended,Nick Fernandez,nick fernandez,2001-12-22,USA,W,NA,24.522929500342233,mls,0KPqjA456v,W,asa_live,TRUE,NA,mlspa_via_asa,526,115304,127,115304,TRUE,0.4290375203915171,0.5709624796084829,blended,2025+2026 season to date,598.5122349102774,0.1599258069902763,0.044287176786425346,0.026848152239534493,0.019306341601263953,0.0014226406854118728,0.054740106100114316,0.013321389577526297,2026,115304,San Jose Earthquakes,0.20277985605674193,1,0.1813794298160827,0.19347139180986753,0.04723965524032994,49.34497816593886,0.0286380290563984,78.16593886462883,0.02059343104199176,5.240174672489083,0.0015174833978200857,37.11790393013101,0.058389446508613274,81.22270742358079,0.014209482216472096,78.16593886462883,28.38427947598253,115304,19.718309859154928,18.441273326015367,520000,8.665969616827603,TRUE,FALSE,76.04166666666667,Medium,29.75,70.25,Fair Value,Wingers and attacking midfielders,1.1.0,2026-08-01 14:43:31 UTC,24,24,107,Performance data through: 2026-08-01 (updates every day) · MLSPA compensation as of: 2026-04-16,FALSE,2026-08-01 14:43:25 UTC
raMyAGEBMd,asa_raMyAGEBMd_mls_blended,Fafa Picault,fafa picault,1991-02-23,USA,W,NA,35.351129363449694,mls,KAqBN0Vqbg,W,asa_live,TRUE,NA,mlspa_via_asa,415,142250,875,142250,TRUE,0.3721973094170404,0.6278026905829597,blended,2025+2026 season to date,964.3273542600897,0.2148764125560538,0.06000860986547085,-0.011920358744394618,0.175912466367713,-0.03875246636771301,0.02930529147982063,3.228699551569488e-4,2026,142250,Atlanta United FC,0.20277985605674193,1,0.2102367609640633,0.22425254503534206,0.06400918385850253,76.41921397379913,-0.012715049327751604,43.23144104803494,0.18763996413142428,91.26637554585153,-0.041335964126852295,9.606986899563319,0.03125897757945218,37.11790393013101,3.443946188448411e-4,43.23144104803494,62.44541484716157,142250,24.413145539906104,24.588364434687158,520000,38.03226930725547,FALSE,TRUE,NA,Low,41,59,Small-Sample Watchlist,Wingers and attacking midfielders,1.1.0,2026-08-01 14:43:31 UTC,NA,NA,NA,Performance data through: 2026-08-01 (updates every day) · MLSPA compensation as of: 2026-04-16,FALSE,2026-08-01 14:43:25 UTC
raMyAWZAMd,asa_raMyAWZAMd_mls_blended,Kévin Denkey,kevin denkey,2000-11-30,Togo,FW,NA,25.582477754962355,mls,NWMWlBK5lz,FW,asa_live,TRUE,NA,mlspa_via_asa,1491,3810000,2827,3810000,TRUE,0.6805111821086262,0.31948881789137384,blended,2025+2026 season to date,2394.194888178914,0.27983021289944376,0.08317172495708318,-0.04598817315005577,0.19985904325780757,0.007046094281894434,0.024513078150203496,0.011228445402510863,2026,3810000,FC Cincinnati,0.21108432719581333,1,0.2660543790066589,0.2837913376159713,0.08871650662366111,81.56028368794327,-0.049054051361592424,46.09929078014184,0.2131829794816567,60.99290780141844,0.007515833900922266,78.72340425531915,0.026147283361034165,44.680851063829785,0.011977008429719202,71.63120567375887,81.56028368794327,3810000,94.02985074626865,97.03622392974754,535000,-12.469567058325381,TRUE,FALSE,46.55172413793103,High,20.75,79.25,Fair Value,Strikers,1.1.0,2026-08-01 14:43:31 UTC,32,32,235,Performance data through: 2026-08-01 (updates every day) · MLSPA compensation as of: 2026-04-16,FALSE,2026-08-01 14:43:25 UTC
raMyAZR2Md,asa_raMyAZR2Md_mls_blended,Cristian Roldan,cristian roldan,1995-06-03,USA,CM,NA,31.077344284736483,mls,jYQJ19EqGR,CM,asa_live,TRUE,NA,mlspa_via_asa,1080,1766000,3269,1766000,TRUE,0.6067415730337079,0.3932584269662921,blended,2025+2026 season to date,2365.561797752809,0.16946985058826358,0.0351161646175685,0.03299450713374877,0.05012068666843106,0.010221754926256519,0.04144474773235811,-4.28010490099366e-4,2026,1766000,Seattle Sounders FC,0.13644825463003651,1,0.16278883736845823,0.17364142653178175,0.037457242259910276,86.79245283018868,0.03519414094376517,70.75471698113208,0.05346206578133048,83.49056603773585,0.010903205255014346,67.45283018867924,0.04420773091589681,24.056603773584907,-4.565445227869241e-4,56.132075471698116,80.18867924528301,1766000,96.46464646464646,91.43798024149287,535541.5,-16.27596721936345,TRUE,FALSE,41.1764705882353,High,20.75,79.25,Below Expected Value by Current Model,Central and defensive midfielders,1.1.0,2026-08-01 14:43:31 UTC,61,61,260,Performance data through: 2026-08-01 (updates every day) · MLSPA compensation as of: 2026-04-16,FALSE,2026-08-01 14:43:25 UTC
raMyAywlMd,asa_raMyAywlMd_mls_blended,Miguel Almirón,miguel almiron,1994-02-10,Paraguay,W,NA,32.38603696098563,mls,KAqBN0Vqbg,W,asa_live,TRUE,NA,mlspa_via_asa,1053,7871000,3016,7871000,TRUE,0.6006845407872219,0.3993154592127781,blended,2025+2026 season to date,2257.335424985739,0.34204750703984527,0.06992725770600154,0.04762197052116795,0.10273145089660621,0.07472383454812592,0.0418789774558506,0.005164015912093096,2026,7871000,Atlanta United FC,0.20277985605674193,1,0.3128032713581772,0.33365682279248243,0.07458907488873255,86.02620087336244,0.05079676855749988,87.77292576419214,0.10958021429313766,68.5589519650655,0.07970542352049177,87.77292576419214,0.044670909287636604,63.31877729257642,0.005508283639738102,63.31877729257642,95.63318777292577,7871000,99.53051643192488,99.45115257958288,520000,-3.8973286589991147,TRUE,FALSE,55.208333333333336,High,20.75,79.25,Fair Value,Wingers and attacking midfielders,1.1.0,2026-08-01 14:43:31 UTC,44,44,197,Performance data through: 2026-08-01 (updates every day) · MLSPA compensation as of: 2026-04-16,FALSE,2026-08-01 14:43:25 UTC
raMyZWeR5d,asa_raMyZWeR5d_mls_blended,Sebastian Schonlau,sebastian schonlau,1994-08-05,Germany,CB,NA,31.904175222450377,mls,lgpMOvnQzy,CB,asa_live,TRUE,NA,mlspa_via_asa,29,776833,0,NA,FALSE,1,0,blended,2025+2026 season to date,29,0.2433103448275862,0.03382758620689655,0.10520689655172416,0.15362068965517242,0.00310344827586206,0.023586206896551724,-0.0760344827586207,2026,776833,Vancouver Whitecaps FC,0.13407640205361335,1,0.1391126251703784,0.14838680018637404,0.036082758621817236,99.47643979057591,0.11222068965867933,97.90575916230367,0.16386206897063793,100,0.0033103448276896458,52.35602094240838,0.025158620690441377,10.99476439790576,-0.08110344827839655,2.094240837696335,51.30890052356021,776833,70.7182320441989,72.5576289791438,501667,-19.409331520638688,FALSE,TRUE,NA,Low,49,51,Small-Sample Watchlist,Center backs,1.1.0,2026-08-01 14:43:31 UTC,NA,NA,NA,Performance data through: 2026-08-01 (updates every day) · MLSPA compensation as of: 2026-04-16,FALSE,2026-08-01 14:43:25 UTC
raMyZX9N5d,asa_raMyZX9N5d_mls_blended,Anton Salétros,anton saletros,1996-04-12,Sweden,CM,NA,30.217659137577,mls,X0Oq66zq6D,CM,asa_live,TRUE,NA,mlspa_via_asa,1404,750000,0,NA,FALSE,1,0,blended,2025+2026 season to date,1404,0.1417820512820513,0.01258974358974358,0.06188461538461539,0.025993589743589743,0.02406410256410256,0.02681410256410256,-0.00956410256410256,2026,750000,Chicago Fire FC,0.13644825463003651,1,0.14018510617665764,0.14953077992644098,0.013429059829479478,39.62264150943396,0.06601025641231924,84.90566037735849,0.027726495727362178,56.60377358490566,0.0256683760691782,84.90566037735849,0.0286017094026032,13.20754716981132,-0.0102017094020282,17.92452830188679,57.54716981132076,750000,71.46464646464646,70.85620197585071,535541.5,-13.917476653325707,TRUE,FALSE,44.11764705882353,High,28.75,71.25,Fair Value,Central and defensive midfielders,1.1.0,2026-08-01 14:43:31 UTC,58,58,246,Performance data through: 2026-08-01 (updates every day) · MLSPA compensation as of: 2026-04-16,FALSE,2026-08-01 14:43:25 UTC
raMyeRERMd,asa_raMyeRERMd_mls_blended,Tate Johnson,tate johnson,2005-07-10,USA,FB,NA,20.974674880219027,mls,lgpMOvnQzy,FB,asa_live,TRUE,NA,mlspa_via_asa,1291,89025,2510,89025,TRUE,0.6484178804620794,0.3515821195379206,blended,2025+2026 season to date,2173.4711200401807,0.1591294390494276,0.0045124714602163855,0.05405988101836751,0.012907213936819267,0.01586899213792745,0.06750407911298052,0.004276801383116455,2026,89025,Vancouver Whitecaps FC,0.11638469243644946,1,0.14988223694861202,0.15987438608351556,0.004813302891047894,24.22680412371134,0.057663873088060674,88.14432989690722,0.013767694866370792,26.804123711340207,0.016926924947651578,78.35051546391753,0.07200435105609602,74.22680412371135,0.004561921475466778,86.5979381443299,82.98969072164948,89025,6.486486486486487,6.476399560922063,343925,76.503204235163,TRUE,FALSE,100,High,20.75,79.25,Elite Value,Fullbacks and wingbacks,1.1.0,2026-08-01 14:43:31 UTC,1,1,4,Performance data through: 2026-08-01 (updates every day) · MLSPA compensation as of: 2026-04-16,FALSE,2026-08-01 14:43:25 UTC
raMyeZ2NMd,asa_raMyeZ2NMd_mls_blended,Pablo Ortíz,pablo ortiz,2000-06-08,Colombia,CB,NA,25.062286105407257,mls,YgOMngl5wN,CB,asa_live,TRUE,NA,mlspa_via_asa,0,NA,1622,443400,TRUE,0,1,blended,2025+2026 season to date,1622,0.06898150431565968,0.00529901356350185,0.03682120838471023,0.01621331689272503,0.00400616522811344,0.01600246609124537,-0.00936066584463625,2026,443400,Houston Dynamo FC,0.13407640205361335,1,0.0865588844429199,0.09232947674199986,0.005652281134578607,31.413612565445025,0.03927595561158495,34.031413612565444,0.01729420468611381,53.403141361256544,0.0042732429101212084,56.544502617801044,0.017069297164528475,9.947643979057592,-0.00998471023459069,31.413612565445025,5.7591623036649215,443400,44.19889502762431,48.188803512623494,501667,-38.43973272395939,FALSE,FALSE,NA,Low,41,59,Insufficient Evidence,Center backs,1.1.0,2026-08-01 14:43:31 UTC,NA,NA,NA,Performance data through: 2026-08-01 (updates every day) · MLSPA compensation as of: 2026-04-16,FALSE,2026-08-01 14:43:25 UTC
raMyedmkMd,asa_raMyedmkMd_mls_blended,Griffin Dillon,griffin dillon,2003-04-25,USA,CM,NA,23.184120465434635,mls,a2lqR4JMr0,CM,asa_live,TRUE,NA,mlspa_via_asa,390,92668,0,NA,FALSE,1,0,blended,2025+2026 season to date,390,0.1192846153846154,0.01913076923076923,0.04564615384615384,0.03710769230769231,-0.0264,0.0453923076923077,-0.00159230769230769,2026,92668,Real Salt Lake,0.13644825463003651,1,0.1296868209879009,0.13833260905808387,0.020406153846791536,64.62264150943396,0.0486892307707523,76.41509433962264,0.03958153846277538,72.64150943396227,-0.02816000000088,6.132075471698113,0.04841846153997462,30.18867924528302,-0.001698461538514613,46.698113207547166,42.45283018867924,92668,7.070707070707071,8.23271130625686,535541.5,35.38212311797217,FALSE,TRUE,NA,Low,49,51,Small-Sample Watchlist,Central and defensive midfielders,1.1.0,2026-08-01 14:43:31 UTC,NA,NA,NA,Performance data through: 2026-08-01 (updates every day) · MLSPA compensation as of: 2026-04-16,FALSE,2026-08-01 14:43:25 UTC
raMyeeOAMd,asa_raMyeeOAMd_mls_blended,Tomás Ángel,tomas angel,2003-02-20,Colombia,FW,NA,22.360027378507873,mls,zeQZBOzQKw,FW,asa_live,TRUE,NA,mlspa_via_asa,0,NA,851,443750,TRUE,0,1,blended,2025+2026 season to date,851,0.10572620446533489,0.05154641598119859,-0.02914688601645123,0.13268390129259694,-0.06999059929494712,0.026830787309048174,-0.00619741480611045,2026,443750,San Diego FC,0.21108432719581333,1,0.14929262323741418,0.15924546479155155,0.05498284371499671,39.716312056737586,-0.031090011751852872,65.2482269503546,0.1415294947165262,33.333333333333336,-0.07465663925027662,17.73049645390071,0.028619506463879077,50.354609929078016,-0.006610575793391061,7.801418439716312,4.25531914893617,443750,46.26865671641791,48.298572996706916,535000,-42.01333756748174,FALSE,FALSE,NA,Low,41,59,Insufficient Evidence,Strikers,1.1.0,2026-08-01 14:43:31 UTC,NA,NA,NA,Performance data through: 2026-08-01 (updates every day) · MLSPA compensation as of: 2026-04-16,FALSE,2026-08-01 14:43:25 UTC
raMyekYkMd,asa_raMyekYkMd_mls_blended,Miguel Perez,miguel perez,2005-04-28,USA,CM,NA,21.17453798767967,mls,wvq9B9wQWn,CM,asa_live,TRUE,NA,mlspa_via_asa,319,113400,0,NA,FALSE,1,0,blended,2025+2026 season to date,319,0.151730407523511,0.04279937304075235,0.05165830721003135,0.01963636363636363,0.04395611285266457,0.00197492163009404,-0.00829467084639498,2026,113400,St. Louis City SC,0.13644825463003651,1,0.1417529409989357,0.1512031370702565,0.04565266457822915,91.98113207547169,0.05510219435908871,79.71698113207547,0.020945454546109084,43.867924528301884,0.046886520377640746,92.9245283018868,0.0021065830721661402,7.0754716981132075,-0.008847648903097801,20.754716981132077,59.43396226415094,113400,14.393939393939394,16.41053787047201,535541.5,45.040022870211544,FALSE,TRUE,NA,Low,49,51,Small-Sample Watchlist,Central and defensive midfielders,1.1.0,2026-08-01 14:43:31 UTC,NA,NA,NA,Performance data through: 2026-08-01 (updates every day) · MLSPA compensation as of: 2026-04-16,FALSE,2026-08-01 14:43:25 UTC
raMyeneJMd,asa_raMyeneJMd_mls_blended,Ryan Sailor,ryan sailor,1998-11-27,USA,CB,NA,26.5927446954141,mls,zeQZkL1MKw,CB,asa_live,TRUE,NA,mlspa_via_asa,0,NA,108,104000,TRUE,0,1,blended,2025+2026 season to date,108,0.1401666666666667,3.333333333333334e-4,0.09333333333333334,0.1370833333333333,-0.14475,0.04883333333333333,0.00533333333333333,2026,104000,Inter Miami CF,0.13407640205361335,1,0.13500542546916386,0.1440057871716083,3.555555555666667e-4,14.659685863874346,0.09955555555866667,95.81151832460733,0.14622222222679163,99.47643979057591,-0.15440000000482498,0.5235602094240838,0.05208888889051667,28.272251308900522,0.005688888889066663,95.28795811518324,42.40837696335078,104000,10.220994475138122,12.952799121844127,501667,32.18738248821266,FALSE,FALSE,NA,Low,41,59,Insufficient Evidence,Center backs,1.1.0,2026-08-01 14:43:31 UTC,NA,NA,NA,Performance data through: 2026-08-01 (updates every day) · MLSPA compensation as of: 2026-04-16,FALSE,2026-08-01 14:43:25 UTC
raMyoAOeqd,asa_raMyoAOeqd_mls_blended,Mauricio Gonzalez,mauricio gonzalez,2004-09-15,Colombia,W,NA,21.790554414784395,mls,kRQand1MKZ,W,asa_live,TRUE,NA,mlspa_via_asa,127,240000,0,NA,FALSE,1,0,blended,2025+2026 season to date,127,0.43426771653543306,0.10048818897637796,-0.02076377952755905,0.27248031496062997,0.05761417322834646,0.02331496062992126,0.00113385826771653,2026,240000,Minnesota United FC,0.20277985605674193,1,0.24321858821739362,0.2594331607733271,0.10718740157815276,96.94323144104804,-0.022148031496755115,34.49781659388646,0.2906456693004213,97.37991266375546,0.06145511811215669,82.96943231441048,0.024869291339359844,26.637554585152838,0.0012094488189354272,47.161572052401745,82.53275109170306,240000,30.516431924882628,32.601536772777166,520000,52.01631916682044,FALSE,TRUE,NA,Low,49,51,Small-Sample Watchlist,Wingers and attacking midfielders,1.1.0,2026-08-01 14:43:31 UTC,NA,NA,NA,Performance data through: 2026-08-01 (updates every day) · MLSPA compensation as of: 2026-04-16,FALSE,2026-08-01 14:43:25 UTC
raMyoLlNqd,asa_raMyoLlNqd_mls_blended,Lucas Herrington,lucas herrington,2007-07-05,Australia,CB,NA,18.989733059548257,mls,pzeQZ6xQKw,CB,asa_live,TRUE,NA,mlspa_via_asa,1650,235004,0,NA,FALSE,1,0,blended,2025+2026 season to date,1650,0.17540727272727274,0.00619090909090909,0.07035272727272728,0.01190727272727272,0.03226363636363636,0.05394545454545454,7.472727272727273e-4,2026,235004,Colorado Rapids,0.13407640205361335,1,0.1643857072142969,0.17534475436739622,0.006603636363842726,37.17277486910995,0.07504290909325419,84.81675392670157,0.01270109090948781,40.31413612565445,0.03441454545562091,98.42931937172774,0.05754181818361636,35.07853403141361,7.970909091158182e-4,85.34031413612566,78.53403141361257,235004,29.281767955801104,32.38199780461032,501667,49.252263457811466,TRUE,FALSE,90.72164948453609,High,22,78,Elite Value,Center backs,1.1.0,2026-08-01 14:43:31 UTC,10,10,43,Performance data through: 2026-08-01 (updates every day) · MLSPA compensation as of: 2026-04-16,FALSE,2026-08-01 14:43:25 UTC
raMyob1lqd,asa_raMyob1lqd_mls_blended,Sydney Wathuta,sydney wathuta,NA,Canada,W,NA,26,mls,pzeQZ6xQKw,W,asa_live,FALSE,NA,NA,0,NA,7,NA,TRUE,0,1,blended,2025+2026 season to date,7,0.28157142857142864,0,-0.072,0.09771428571428573,0.2558571428571429,0,0,2026,NA,Colorado Rapids,0.20277985605674193,1,0.20368849033615344,0.21726772303201994,0,6.11353711790393,-0.07680000000239999,7.423580786026201,0.10422857143182858,67.24890829694323,0.27291428572281434,98.68995633187772,0,8.296943231441048,0,37.77292576419214,55.89519650655022,NA,NA,NA,520000,NA,FALSE,FALSE,NA,Insufficient,41,59,Insufficient Evidence,Wingers and attacking midfielders,1.1.0,2026-08-01 14:43:31 UTC,NA,NA,NA,Performance data through: 2026-08-01 (updates every day) · MLSPA compensation as of: 2026-04-16,FALSE,2026-08-01 14:43:25 UTC
raMyr4Ne5d,asa_raMyr4Ne5d_mls_blended,David Brekalo,david brekalo,1998-12-03,Slovenia,CB,NA,27.575633127994525,mls,jYQJ8EW5GR,CB,asa_live,TRUE,NA,mlspa_via_asa,1114,683000,2816,683000,TRUE,0.6141124586549063,0.38588754134509373,blended,2025+2026 season to date,2200.659316427784,0.15575223717675654,0.019504865095970728,0.023951050697855067,0.0287393199671745,0.016545679281096515,0.06915730868497544,-0.002145986550315726,2026,683000,Orlando City SC,0.13407640205361335,1,0.15110850882407909,0.16118240941738798,0.020805189436352272,90.05235602094241,0.025547787411843773,16.230366492146597,0.030655274632610776,76.96335078534031,0.01764872456705447,91.62303664921465,0.0737677959329457,49.738219895287955,-0.0022890523204083073,59.68586387434555,67.53926701570681,683000,63.53591160220994,66.08122941822174,501667,4.00335541349687,TRUE,FALSE,59.79381443298969,High,20.75,79.25,Fair Value,Center backs,1.1.0,2026-08-01 14:43:31 UTC,40,40,178,Performance data through: 2026-08-01 (updates every day) · MLSPA compensation as of: 2026-04-16,FALSE,2026-08-01 14:43:25 UTC
raMyrEDR5d,asa_raMyrEDR5d_mls_blended,Patrickson Delgado,patrickson delgado,2003-10-17,Ecuador,CM,NA,22.704996577686515,mls,mKAqBBmqbg,CM,asa_live,TRUE,NA,mlspa_via_asa,693,286280,1949,286280,TRUE,0.49748743718592964,0.5025125628140703,blended,2025+2026 season to date,1672.396984924623,0.1575691950185583,0.039540970998804034,-0.009639401287018543,0.054689046272187736,-0.0013129036666142445,0.07620007646529944,-0.001908593764100133,2026,286280,FC Dallas,0.13644825463003651,1,0.15199245630732758,0.16212528673288248,0.04217703573337567,89.62264150943396,-0.01028202803980776,19.339622641509433,0.058334982692156555,85.84905660377359,-0.0014004305777656242,33.9622641509434,0.08128008156552607,79.71698113207547,-0.002035833348437095,45.75471698113208,70.75471698113208,286280,33.333333333333336,35.56531284302964,535541.5,37.42138364779874,TRUE,FALSE,86.27450980392157,Medium,29.75,70.25,Strong Value,Central and defensive midfielders,1.1.0,2026-08-01 14:43:31 UTC,15,15,63,Performance data through: 2026-08-01 (updates every day) · MLSPA compensation as of: 2026-04-16,FALSE,2026-08-01 14:43:25 UTC
raMyrW2A5d,asa_raMyrW2A5d_mls_blended,Matheus Pereira,matheus pereira,2000-12-21,Brazil,FB,NA,25.52498288843258,mls,kRQabn8MKZ,FB,asa_live,TRUE,NA,mlspa_via_asa,139,650800,0,NA,FALSE,1,0,blended,2025+2026 season to date,139,0.26268345323741005,0.0209136690647482,0.10955395683453235,0.02097841726618705,0.03755395683453238,0.07446043165467625,-7.76978417266187e-4,2026,650800,Toronto FC,0.11638469243644946,1,0.1439023213286464,0.15349580942201957,0.022307913669761866,73.71134020618557,0.1168575539604863,99.48453608247422,0.022376978417965467,44.845360824742265,0.040057553958086335,93.81443298969072,0.07942446043413669,80.41237113402062,-8.287769784431654e-4,52.06185567010309,79.89690721649484,650800,80.54054054054055,63.776070252469815,343925,-0.6436333240457088,FALSE,TRUE,NA,Low,49,51,Small-Sample Watchlist,Fullbacks and wingbacks,1.1.0,2026-08-01 14:43:31 UTC,NA,NA,NA,Performance data through: 2026-08-01 (updates every day) · MLSPA compensation as of: 2026-04-16,FALSE,2026-08-01 14:43:25 UTC
raMyrrNJ5d,asa_raMyrrNJ5d_mls_blended,Bode Hidalgo,bode hidalgo,2002-02-22,USA,FB,NA,24.35318275154004,mls,APk5LGOMOW,FB,asa_live,TRUE,NA,mlspa_via_asa,296,320800,1357,320800,TRUE,0.2971887550200803,0.7028112449799198,blended,2025+2026 season to date,1249.714859437751,0.11272102082783957,0.008194522794438476,0.0350614994983619,0.010722061421811048,0.007166348518613883,0.05448883078370964,-0.0029122421890953555,2026,320800,CF Montréal,0.11638469243644946,1,0.11390942181513233,0.12150338327327147,0.008740824314340858,36.08247422680412,0.037398932799421414,76.28865979381443,0.011436865516955852,21.649484536082475,0.007644105086760353,60.30927835051546,0.058121419504439914,54.123711340206185,-0.003106391668465454,39.175257731958766,46.391752577319586,320800,45.945945945945944,37.76070252469813,343925,0.4458066313736424,FALSE,TRUE,NA,Low,41,59,Small-Sample Watchlist,Fullbacks and wingbacks,1.1.0,2026-08-01 14:43:31 UTC,NA,NA,NA,Performance data through: 2026-08-01 (updates every day) · MLSPA compensation as of: 2026-04-16,FALSE,2026-08-01 14:43:25 UTC
raMyrwkR5d,asa_raMyrwkR5d_mls_blended,Boris Enow,boris enow,2000-03-30,Cameroon,CM,NA,25.253935660506503,mls,EKXMeX3Q64,CM,asa_live,TRUE,NA,mlspa_via_asa,0,NA,1838,613900,TRUE,0,1,blended,2025+2026 season to date,1838,0.07877203482045703,0.00749183895538628,0.00797660500544069,0.00813329706202394,0.00154243743199129,0.05990533188248096,-0.00627747551686615,2026,613900,D.C. United,0.13644825463003651,1,0.09296634650452087,0.09916410294125448,0.007991294885995093,25,0.008508378672735958,38.679245283018865,0.008675516866429978,16.037735849056602,0.0016452665941754571,43.39622641509434,0.0638990206766432,56.60377358490566,-0.006695973884866476,25.943396226415093,8.49056603773585,613900,57.07070707070707,61.031833150384195,535541.5,-48.58014103297123,FALSE,FALSE,NA,Low,41,59,Insufficient Evidence,Central and defensive midfielders,1.1.0,2026-08-01 14:43:31 UTC,NA,NA,NA,Performance data through: 2026-08-01 (updates every day) · MLSPA compensation as of: 2026-04-16,FALSE,2026-08-01 14:43:25 UTC
raMyyJaAMd,asa_raMyyJaAMd_mls_blended,Paul Marie,paul marie,1995-03-24,France,W,NA,31.27173169062286,mls,0KPqjA456v,W,asa_live,TRUE,NA,mlspa_via_asa,347,382500,114,382500,TRUE,0.3314231136580707,0.6685768863419292,blended,2025+2026 season to date,423.2177650429799,0.3411520132709998,0.06339451063188055,0.023396621927311113,0.18487181420600207,0.017332679837128634,0.026466143869702908,0.02569024279897451,2026,382500,San Jose Earthquakes,0.20277985605674193,1,0.26001259489404527,0.2773467678956487,0.06762081134278573,79.03930131004367,0.024956396723245074,75.9825327510917,0.19719660182589793,93.44978165938865,0.0184881918268483,55.45851528384279,0.02823055346189864,29.694323144104803,0.02740292565309582,93.01310043668123,87.33624454148472,382500,39.906103286384976,42.810098792535676,520000,47.43014125509974,FALSE,TRUE,NA,Low,41,59,Small-Sample Watchlist,Wingers and attacking midfielders,1.1.0,2026-08-01 14:43:31 UTC,NA,NA,NA,Performance data through: 2026-08-01 (updates every day) · MLSPA compensation as of: 2026-04-16,FALSE,2026-08-01 14:43:25 UTC
vzqo70PBqa,asa_vzqo70PBqa_mls_blended,Amar Sejdić,amar sejdic,1996-11-29,USA,CM,NA,29.58521560574949,mls,mvzqoLZQap,CM,asa_live,TRUE,NA,mlspa_via_asa,228,214550,426,214550,TRUE,0.24568965517241378,0.7543103448275862,blended,2025+2026 season to date,549.3362068965517,0.12067350655658085,0.02492115407965031,0.03010800145701796,0.01363345373967945,0.006795440747935886,0.0463385897280233,-0.0011231331957260744,2026,214550,Columbus Crew,0.13644825463003651,1,0.1289085632678198,0.13750246748997141,0.026582564352457705,74.52830188679245,0.03211520155515609,66.50943396226415,0.014542350656112528,28.77358490566038,0.007248470131358126,58.9622641509434,0.04942782904476947,31.132075471698112,-0.0011980087421452504,48.58490566037736,40.56603773584906,214550,28.78787878787879,30.515916575192097,535541.5,11.778158947970269,FALSE,TRUE,NA,Low,41,59,Small-Sample Watchlist,Central and defensive midfielders,1.1.0,2026-08-01 14:43:31 UTC,NA,NA,NA,Performance data through: 2026-08-01 (updates every day) · MLSPA compensation as of: 2026-04-16,FALSE,2026-08-01 14:43:25 UTC
vzqo78BJqa,asa_vzqo78BJqa_mls_blended,Omir Fernández,omir fernandez,1999-02-08,USA,W,NA,26.392881587953458,mls,WBLMvYAQxe,W,asa_live,TRUE,NA,mlspa_via_asa,0,NA,832,661875,TRUE,0,1,blended,2025+2026 season to date,832,0.2586201923076923,0.04024038461538461,-0.00925961538461538,0.1235985576923077,0.03649759615384615,0.0714375,-0.00389423076923076,2026,661875,Portland Timbers FC,0.20277985605674193,1,0.23522340337572983,0.25090496360861925,0.04292307692441826,45.851528384279476,-0.009876923077231725,46.724890829694324,0.1318384615425815,79.91266375545851,0.038930769231985816,71.61572052401746,0.07620000000238125,93.01310043668123,-0.004153846153975952,16.593886462882097,75.9825327510917,661875,61.502347417840376,64.76399560922064,520000,14.48018533325132,FALSE,FALSE,NA,Low,41,59,Insufficient Evidence,Wingers and attacking midfielders,1.1.0,2026-08-01 14:43:31 UTC,NA,NA,NA,Performance data through: 2026-08-01 (updates every day) · MLSPA compensation as of: 2026-04-16,FALSE,2026-08-01 14:43:25 UTC
vzqo7Azvqa,asa_vzqo7Azvqa_mls_blended,Emir Karic,emir karic,1997-06-09,Austria,FB,NA,29.05954825462012,mls,Z2vQ1xlqrA,FB,asa_live,FALSE,NA,NA,237,NA,0,NA,FALSE,1,0,blended,2025+2026 season to date,237,0.11346835443037974,0,0.03083544303797468,0.00531645569620253,0.00979746835443038,0.0670632911392405,4.556962025316455e-4,2026,NA,Sporting Kansas City,0.11638469243644946,1,0.11555891930928276,0.1232628472670869,0,6.443298969072165,0.032891139241534174,69.58762886597938,0.005670886076126581,10.824742268041238,0.010450632911718986,64.43298969072166,0.07153417721742532,73.19587628865979,4.860759493822784e-4,63.402061855670105,48.96907216494845,NA,NA,NA,343925,NA,FALSE,FALSE,NA,Insufficient,49,51,Insufficient Evidence,Fullbacks and wingbacks,1.1.0,2026-08-01 14:43:31 UTC,NA,NA,NA,Performance data through: 2026-08-01 (updates every day) · MLSPA compensation as of: 2026-04-16,FALSE,2026-08-01 14:43:25 UTC
vzqo7EpLqa,asa_vzqo7EpLqa_mls_blended,Anthony Markanich,anthony markanich,1999-12-26,USA,FB,NA,26.51334702258727,mls,kRQand1MKZ,FB,asa_live,TRUE,NA,mlspa_via_asa,1510,395700,2433,395700,TRUE,0.6832579185520362,0.3167420814479638,blended,2025+2026 season to date,2280.633484162896,0.223614117535471,0.03697769359095245,-0.00857169518665856,0.10236323682845042,0.005357391299496178,0.06905835430254811,0.018429136700682365,2026,395700,Minnesota United FC,0.11638469243644946,1,0.2012795666760411,0.21469820446115317,0.0394428731649152,89.69072164948453,-0.009143141532721522,21.649484536082475,0.10918745262042588,95.36082474226804,0.00571455071964117,54.63917525773196,0.0736622445916866,75.25773195876289,0.019657745814675495,97.9381443298969,98.96907216494846,395700,56.75675675675676,44.01756311745335,343925,42.2123154081917,TRUE,FALSE,91.46341463414635,High,14,86,Elite Value,Fullbacks and wingbacks,1.1.0,2026-08-01 14:43:31 UTC,8,8,40,Performance data through: 2026-08-01 (updates every day) · MLSPA compensation as of: 2026-04-16,FALSE,2026-08-01 14:43:25 UTC
vzqo7XWpqa,asa_vzqo7XWpqa_mls_blended,Jackson Ragen,jackson ragen,1998-09-24,USA,CB,NA,27.76728268309377,mls,jYQJ19EqGR,CB,asa_live,TRUE,NA,mlspa_via_asa,1394,635000,2478,635000,TRUE,0.6657115568290354,0.3342884431709646,blended,2025+2026 season to date,2222.3667621776503,0.2755653683648196,0.010870113156233305,0.11307355155164878,0.02860244767131271,0.014165752027584862,0.11182538487688798,-0.0029718809188480385,2026,635000,Seattle Sounders FC,0.13407640205361335,1,0.24548657742794552,0.2618523492646581,0.011594787367011196,65.44502617801047,0.12061178832552781,98.42931937172774,0.030509277517020306,76.43979057591623,0.015110135496562711,87.43455497382199,0.11928041053907469,83.7696335078534,-0.0031700063135369706,53.92670157068063,100,635000,59.11602209944751,63.00768386388584,501667,40.88397790055249,TRUE,FALSE,85.56701030927834,High,20.75,79.25,Strong Value,Center backs,1.1.0,2026-08-01 14:43:31 UTC,15,15,65,Performance data through: 2026-08-01 (updates every day) · MLSPA compensation as of: 2026-04-16,FALSE,2026-08-01 14:43:25 UTC
vzqo7YOpqa,asa_vzqo7YOpqa_mls_blended,Cengiz Ünder,cengiz under,1997-07-14,Turkey,W,NA,27.964407939767284,mls,eVq3ya6MWO,W,asa_live,TRUE,NA,mlspa_via_asa,0,NA,528,1663889.4,TRUE,0,1,blended,2025+2026 season to date,528,0.2597556818181818,0.07032954545454545,0.00124431818181818,0.04639772727272728,0.07762500000000001,0.04813636363636363,0.01602272727272727,2026,1663889.4,Los Angeles FC,0.20277985605674193,1,0.22944939151954358,0.2447460176284948,0.07501818182052614,86.46288209606988,0.0013272727273142026,55.45851528384279,0.04949090909245569,17.03056768558952,0.08280000000258751,88.646288209607,0.051345454547059084,72.48908296943232,0.017090909091443177,85.58951965065502,73.36244541484716,1663889.4,83.09859154929578,91.21844127332602,520000,-9.736146134448617,FALSE,FALSE,NA,Low,41,59,Insufficient Evidence,Wingers and attacking midfielders,1.1.0,2026-08-01 14:43:31 UTC,NA,NA,NA,Performance data through: 2026-08-01 (updates every day) · MLSPA compensation as of: 2026-04-16,FALSE,2026-08-01 14:43:25 UTC
vzqo7jLvqa,asa_vzqo7jLvqa_mls_blended,Nouhou,nouhou,1997-06-23,Cameroon,FB,NA,29.021218343600275,mls,jYQJ19EqGR,FB,asa_live,TRUE,NA,mlspa_via_asa,1576,835000,2760,835000,TRUE,0.6924428822495606,0.30755711775043937,blended,2025+2026 season to date,2424.8576449912125,0.1667685775960877,0.005666892717964388,0.03545295904332543,0.00663486666157255,0.004638314739818135,0.11540948078245586,-0.001033936349048673,2026,835000,Seattle Sounders FC,0.11638469243644946,1,0.1567746094019677,0.16722625003399136,0.006044685566017577,27.835051546391753,0.03781648964739556,77.31958762886597,0.007077191105898549,12.88659793814433,0.004947535722627287,51.54639175257732,0.1231034461717999,93.81443298969072,-0.0011028654390197157,48.96907216494845,87.62886597938144,835000,90.27027027027027,76.28979143798024,343925,-2.641404290888829,TRUE,FALSE,62.19512195121951,High,14,86,Fair Value,Fullbacks and wingbacks,1.1.0,2026-08-01 14:43:31 UTC,32,32,167,Performance data through: 2026-08-01 (updates every day) · MLSPA compensation as of: 2026-04-16,FALSE,2026-08-01 14:43:25 UTC
vzqo7joZqa,asa_vzqo7joZqa_mls_blended,Teenage Hadebe,teenage hadebe,1995-09-17,Zimbabwe,CB,NA,30.78713210130048,mls,NWMWlBK5lz,CB,asa_live,TRUE,NA,mlspa_via_asa,335,1230000,1485,1230000,TRUE,0.32367149758454106,0.6763285024154589,blended,2025+2026 season to date,1339.3478260869565,0.2062750109793588,0.007784365393061039,0.050191948470209344,0.017716732542819497,-0.007209837505489675,0.1483973063973064,-0.010605504318547794,2026,1230000,FC Cincinnati,0.13407640205361335,1,0.18393803523279928,0.19620057092111717,0.008303323086191253,48.167539267015705,0.053538078369896366,56.544502617801044,0.01889784804626469,59.16230366492147,-0.007690493339429314,20.94240837696335,0.15829046016207338,93.717277486911,-0.01131253794013783,28.272251308900522,90.05235602094241,1230000,92.26519337016575,86.49835345773874,501667,-2.212837349223335,FALSE,TRUE,NA,Low,41,59,Small-Sample Watchlist,Center backs,1.1.0,2026-08-01 14:43:31 UTC,NA,NA,NA,Performance data through: 2026-08-01 (updates every day) · MLSPA compensation as of: 2026-04-16,FALSE,2026-08-01 14:43:25 UTC
vzqo7mXJqa,asa_vzqo7mXJqa_mls_blended,Iván Angulo,ivan angulo,1999-03-22,Colombia,FB,NA,27.277207392197127,mls,jYQJ8EW5GR,FB,asa_live,TRUE,NA,mlspa_via_asa,1653,582656,2578,582656,TRUE,0.7025074373140672,0.2974925626859328,blended,2025+2026 season to date,2419.9358266043346,0.16207872359436165,0.021041137257061197,0.02934663966604869,0.048303337567840866,0.02188645596117661,0.0412489498080624,2.5220333417188054e-4,2026,582656,Orlando City SC,0.11638469243644946,1,0.15300024634553389,0.16320026277366947,0.02244387974156665,74.22680412371135,0.031303082311430155,68.04123711340206,0.0515235600739737,77.83505154639175,0.023345553025984598,85.56701030927834,0.04399887979664153,33.50515463917526,2.69016889791746e-4,62.371134020618555,84.5360824742268,582656,75.67567567567568,59.275521405049396,343925,8.860406798551125,TRUE,FALSE,75.60975609756098,High,14,86,Undervalued,Fullbacks and wingbacks,1.1.0,2026-08-01 14:43:31 UTC,21,21,109,Performance data through: 2026-08-01 (updates every day) · MLSPA compensation as of: 2026-04-16,FALSE,2026-08-01 14:43:25 UTC
vzqo7o4kqa,asa_vzqo7o4kqa_mls_blended,Milan Iloski,milan iloski,1999-07-29,USA,FW,NA,26.924024640657084,mls,9z5k7Yg5A3,FW,asa_live,TRUE,NA,mlspa_via_asa,1515,628194,1523,628194,TRUE,0.6839729119638827,0.31602708803611734,blended,2025+2026 season to date,1996.3092550790068,0.3057670766827382,0.08764697986776131,-0.012029729253033623,0.15209569801790157,0.025267404389281576,0.02471948794185172,0.028067235718975705,2026,628194,Philadelphia Union,0.21108432719581333,1,0.2838861510645664,0.3028118944783337,0.09349011186186695,85.1063829787234,-0.012831711203636855,77.30496453900709,0.16223541122416488,41.13475177304964,0.026951898016075927,87.94326241134752,0.026367453805465818,45.39007092198582,0.029938384767842992,92.19858156028369,88.65248226950355,628194,56.71641791044776,62.45883644346871,535000,31.93606435905579,TRUE,FALSE,91.37931034482759,High,14,86,Elite Value,Strikers,1.1.0,2026-08-01 14:43:31 UTC,6,6,41,Performance data through: 2026-08-01 (updates every day) · MLSPA compensation as of: 2026-04-16,FALSE,2026-08-01 14:43:25 UTC
vzqo7zWLqa,asa_vzqo7zWLqa_mls_blended,Hugo Cuypers,hugo cuypers,1997-02-07,Belgium,FW,NA,29.39356605065024,mls,X0Oq66zq6D,FW,asa_live,TRUE,NA,mlspa_via_asa,1135,3528044,3425,3528044,TRUE,0.6185286103542235,0.38147138964577654,blended,2025+2026 season to date,2441.539509536785,0.3898196264842181,0.09258542134887328,-0.03936049642992104,0.251296417987629,-0.015629702261381488,0.07531506593209888,0.025612919906919385,2026,3528044,Chicago Fire FC,0.21108432719581333,1,0.3545607783789126,0.3781981636159921,0.09875778277521767,89.36170212765957,-0.04198452952656112,51.06382978723404,0.2680495125285141,82.97872340425532,-0.016671682412661246,59.57446808510638,0.08033607033008265,97.87234042553192,0.027320447901567773,89.36170212765957,98.58156028368795,3528044,88.80597014925372,95.93852908891328,535000,9.775590134434225,TRUE,FALSE,74.13793103448276,High,20.75,79.25,Undervalued,Strikers,1.1.0,2026-08-01 14:43:31 UTC,16,16,116,Performance data through: 2026-08-01 (updates every day) · MLSPA compensation as of: 2026-04-16,FALSE,2026-08-01 14:43:25 UTC
vzqo7zdZqa,asa_vzqo7zdZqa_mls_blended,Oliver Larraz,oliver larraz,2001-09-16,USA,CM,NA,24.78850102669405,mls,lgpMOvnQzy,CM,asa_live,TRUE,NA,mlspa_via_asa,395,496667,2458,496667,TRUE,0.3607305936073059,0.639269406392694,blended,2025+2026 season to date,1966.3242009132418,0.14917938629245292,0.018154211576401343,0.030199594279790895,0.02083111561911343,0.006618544980327023,0.0698845614543509,0.003491358382469315,2026,496667,Vancouver Whitecaps FC,0.13644825463003651,1,0.1462028804422834,0.15594973914330906,0.01936449234876657,61.79245283018868,0.03221290056611694,66.98113207547169,0.02221985666108203,47.16981132075472,0.007059781312569443,58.490566037735846,0.07454353222030378,73.58490566037736,0.0037241156080836477,81.13207547169812,65.56603773584905,496667,48.484848484848484,52.03073545554336,535541.5,17.081189251000566,FALSE,TRUE,NA,Low,41,59,Small-Sample Watchlist,Central and defensive midfielders,1.1.0,2026-08-01 14:43:31 UTC,NA,NA,NA,Performance data through: 2026-08-01 (updates every day) · MLSPA compensation as of: 2026-04-16,FALSE,2026-08-01 14:43:25 UTC
vzqoG6aLqa,asa_vzqoG6aLqa_mls_blended,Juan Manuel Sanabria,juan manuel sanabria,2000-03-29,Uruguay,FB,NA,26.255989048596852,mls,a2lqR4JMr0,FB,asa_live,TRUE,NA,mlspa_via_asa,1216,500000,0,NA,FALSE,1,0,blended,2025+2026 season to date,1216,0.09825986842105262,0.02336595394736841,0.02527549342105263,0.02892434210526315,-0.00963651315789473,0.03112993421052631,-7.99342105263158e-4,2026,500000,Real Salt Lake,0.11638469243644946,1,0.10424824639970796,0.11119812949649677,0.02492368421130517,77.83505154639175,0.026960526316631987,61.34020618556701,0.030852631579911506,57.21649484536083,-0.010278947368742263,19.587628865979383,0.033205263158932394,24.742268041237114,-8.526315789740132e-4,51.03092783505155,32.98969072164948,500000,67.56756756756756,52.414928649835346,343925,-34.577876845918084,TRUE,FALSE,21.951219512195124,High,28.75,71.25,Below Expected Value by Current Model,Fullbacks and wingbacks,1.1.0,2026-08-01 14:43:31 UTC,65,65,342,Performance data through: 2026-08-01 (updates every day) · MLSPA compensation as of: 2026-04-16,FALSE,2026-08-01 14:43:25 UTC
vzqoJ3pj5a,asa_vzqoJ3pj5a_mls_blended,Julian Hall,julian hall,2008-03-24,USA,FW,NA,18.269678302532512,mls,a2lqRX2Mr0,FW,asa_live,TRUE,NA,mlspa_via_asa,1622,257241,829,257241,TRUE,0.6985357450473729,0.3014642549526271,blended,2025+2026 season to date,1871.913867355728,0.223069206384829,0.05949615675933459,-0.05414849776979829,0.19366677420259767,-0.0033398088665712844,0.016585112351670546,0.010809469707595777,2026,257241,New York Red Bulls,0.21108432719581333,1,0.22016015376435813,0.23483749735598733,0.0634625672119401,53.90070921985816,-0.057758397622923126,34.751773049645394,0.20657789248922642,58.156028368794324,-0.003562462791120697,68.79432624113475,0.01769078650900142,22.69503546099291,0.011530101021795811,70.2127659574468,56.02836879432624,257241,35.82089552238806,33.36992316136114,535000,20.207473271938184,TRUE,FALSE,86.20689655172414,High,14,86,Undervalued,Strikers,1.1.0,2026-08-01 14:43:31 UTC,9,9,64,Performance data through: 2026-08-01 (updates every day) · MLSPA compensation as of: 2026-04-16,FALSE,2026-08-01 14:43:25 UTC
vzqoJLyY5a,asa_vzqoJLyY5a_mls_blended,Tarik Scott,tarik scott,2005-04-23,USA,W,NA,20.188911704312115,mls,mKAqBBmqbg,W,asa_live,TRUE,NA,mlspa_via_asa,0,NA,63,155942,TRUE,0,1,blended,2025+2026 season to date,63,0.2297142857142857,0.00942857142857142,-0.03414285714285715,0.24514285714285716,0.02057142857142857,-0.00585714285714285,-0.00542857142857142,2026,155942,FC Dallas,0.20277985605674193,1,0.2053392362504452,0.21902851867398618,0.010057142857457133,15.283842794759826,-0.03641904762018572,20.96069868995633,0.26148571429388573,96.5065502183406,0.021942857143542854,57.20524017467249,-0.006247619047814278,5.676855895196507,-0.0057904761906571334,11.790393013100436,58.07860262008734,155942,24.88262910798122,25.905598243688253,520000,33.19597351210612,FALSE,FALSE,NA,Low,41,59,Insufficient Evidence,Wingers and attacking midfielders,1.1.0,2026-08-01 14:43:31 UTC,NA,NA,NA,Performance data through: 2026-08-01 (updates every day) · MLSPA compensation as of: 2026-04-16,FALSE,2026-08-01 14:43:25 UTC
vzqoJNWB5a,asa_vzqoJNWB5a_mls_blended,Enes Sali,enes sali,2006-02-23,Romania,W,NA,19.351129363449697,mls,mKAqBBmqbg,W,asa_live,TRUE,NA,mlspa_via_asa,0,NA,17,370000,TRUE,0,1,blended,2025+2026 season to date,17,0.04023529411764706,0,0.08205882352941177,0.01376470588235294,-0.009,-0.04288235294117647,-0.00370588235294117,2026,370000,FC Dallas,0.20277985605674193,1,0.19830131869375228,0.21152140661327914,0,6.11353711790393,0.08752941176744118,94.75982532751091,0.014682352941635292,4.366812227074236,-0.009600000000299999,25.32751091703057,-0.04574117647201764,2.6200873362445414,-0.003952941176594111,17.03056768558952,48.90829694323144,370000,38.497652582159624,42.15148188803513,520000,10.410644361071817,FALSE,FALSE,NA,Low,41,59,Insufficient Evidence,Wingers and attacking midfielders,1.1.0,2026-08-01 14:43:31 UTC,NA,NA,NA,Performance data through: 2026-08-01 (updates every day) · MLSPA compensation as of: 2026-04-16,FALSE,2026-08-01 14:43:25 UTC
vzqoJNzk5a,asa_vzqoJNzk5a_mls_blended,Aiden Harangi,aiden harangi,2006-02-08,USA,FB,NA,19.392197125256672,mls,zeQZBOzQKw,FB,asa_live,TRUE,NA,mlspa_via_asa,0,NA,369,80622,TRUE,0,1,blended,2025+2026 season to date,369,0.12446341463414634,0.00663414634146341,-0.00870731707317073,0.05797560975609755,0.01302439024390243,0.060853658536585364,-0.0053170731707317,2026,80622,San Diego FC,0.11638469243644946,1,0.11946110986777056,0.1274251838629373,0.007076422764448776,29.896907216494846,-0.009287804878339023,21.1340206185567,0.06184065040843657,85.05154639175258,0.013892682927263405,74.22680412371135,0.06491056910771952,64.43298969072166,-0.005671544715624382,29.38144329896907,55.154639175257735,80622,1.0810810810810811,1.0428100987925357,343925,54.073558094176654,FALSE,FALSE,NA,Low,41,59,Insufficient Evidence,Fullbacks and wingbacks,1.1.0,2026-08-01 14:43:31 UTC,NA,NA,NA,Performance data through: 2026-08-01 (updates every day) · MLSPA compensation as of: 2026-04-16,FALSE,2026-08-01 14:43:25 UTC
vzqoJzL75a,asa_vzqoJzL75a_mls_blended,Nicholas Markanich,nicholas markanich,1999-12-26,USA,FW,NA,26.51334702258727,mls,YgOMngl5wN,FW,asa_live,TRUE,NA,mlspa_via_asa,120,202778,0,NA,FALSE,1,0,blended,2025+2026 season to date,120,0.361425,0.06967499999999999,-0.025875,0.294975,-0.01095,0.03705,-0.00345,2026,202778,Houston Dynamo FC,0.21108432719581333,1,0.2361411059965111,0.2518838464041499,0.07432000000232249,66.66666666666667,-0.027600000000862497,69.50354609929079,0.3146400000098325,92.19858156028369,-0.011680000000364999,62.4113475177305,0.039520000001235,74.46808510638297,-0.0036800000001149997,17.02127659574468,70.2127659574468,202778,32.83582089552239,29.747530186608124,535000,37.37694506192442,FALSE,TRUE,NA,Low,49,51,Small-Sample Watchlist,Strikers,1.1.0,2026-08-01 14:43:31 UTC,NA,NA,NA,Performance data through: 2026-08-01 (updates every day) · MLSPA compensation as of: 2026-04-16,FALSE,2026-08-01 14:43:25 UTC
vzqoOO2Zqa,asa_vzqoOO2Zqa_mls_blended,Hamady Diop,hamady diop,2002-06-06,Senegal,FB,NA,23.069130732375086,mls,zeQZBOzQKw,FB,asa_live,TRUE,NA,mlspa_via_asa,0,NA,239,122500,TRUE,0,1,blended,2025+2026 season to date,239,0.21596234309623433,0.01012970711297071,0.08710041841004185,0.00372803347280334,0.01946861924686192,0.10468619246861928,-0.00915062761506276,2026,122500,San Diego FC,0.11638469243644946,1,0.1447506739712392,0.15440071890748017,0.010805020920839748,43.29896907216495,0.09290711297361465,98.45360824742268,0.003976569037781164,7.731958762886598,0.020766527197301668,82.98969072164948,0.11166527197001677,92.26804123711341,-0.009760669456371966,19.072164948453608,80.41237113402062,122500,27.027027027027028,21.405049396267838,343925,53.385344106993585,FALSE,FALSE,NA,Low,41,59,Insufficient Evidence,Fullbacks and wingbacks,1.1.0,2026-08-01 14:43:31 UTC,NA,NA,NA,Performance data through: 2026-08-01 (updates every day) · MLSPA compensation as of: 2026-04-16,FALSE,2026-08-01 14:43:25 UTC
vzqod7xBQa,asa_vzqod7xBQa_mls_blended,Shapi Suleymanov,shapi suleymanov,1999-12-16,Russia,W,NA,26.54072553045859,mls,Z2vQ1xlqrA,W,asa_live,TRUE,NA,mlspa_via_asa,850,1065028,2210,1065028,TRUE,0.5483870967741935,0.4516129032258065,blended,2025+2026 season to date,1848.0645161290322,0.12717626623850534,0.037688048460078824,-0.02836096920157641,0.04146951977813458,0.039217851408553495,0.029021459640928324,0.008140356152386511,2026,1065028,Sporting Kansas City,0.20277985605674193,1,0.14570606951455226,0.15541980748704595,0.040200585025340345,41.92139737991266,-0.030251700482626872,25.76419213973799,0.04423415443139254,12.663755458515285,0.041832374837097654,73.36244541484716,0.030956223617957593,35.80786026200873,0.008683046562816956,72.0524017467249,6.986899563318778,1065028,74.17840375586854,83.64434687156971,520000,-67.19150419254977,TRUE,FALSE,2.0833333333333335,Medium,29.75,70.25,Below Expected Value by Current Model,Wingers and attacking midfielders,1.1.0,2026-08-01 14:43:31 UTC,95,95,428,Performance data through: 2026-08-01 (updates every day) · MLSPA compensation as of: 2026-04-16,FALSE,2026-08-01 14:43:25 UTC
vzqodDnvQa,asa_vzqodDnvQa_mls_blended,Rida Zouhir,rida zouhir,2003-11-23,Canada,W,NA,21.60438056125941,mls,EKXMeX3Q64,W,asa_live,TRUE,NA,mlspa_via_asa,0,NA,412,95362,TRUE,0,1,blended,2025+2026 season to date,412,0.0960509708737864,0.03272330097087379,-0.012451456310679608,0.03628398058252427,-0.01588106796116505,0.05535436893203883,2.184466019417476e-5,2026,95362,D.C. United,0.20277985605674193,1,0.1593289660415466,0.169950897116294,0.03490485437002282,37.11790393013101,-0.013281553398473298,41.92139737991266,0.03870291262256869,10.91703056768559,-0.01693980582577209,21.397379912663755,0.059044660196019894,82.09606986899563,2.3300970874514566e-5,41.48471615720524,14.410480349344978,95362,11.267605633802816,9.659714599341383,520000,3.1428747155421615,FALSE,FALSE,NA,Low,41,59,Insufficient Evidence,Wingers and attacking midfielders,1.1.0,2026-08-01 14:43:31 UTC,NA,NA,NA,Performance data through: 2026-08-01 (updates every day) · MLSPA compensation as of: 2026-04-16,FALSE,2026-08-01 14:43:25 UTC
vzqodKdZQa,asa_vzqodKdZQa_mls_blended,Capita,capita,2002-01-10,Angola,W,NA,24.470910335386723,mls,Z2vQ1xlqrA,W,asa_live,TRUE,NA,mlspa_via_asa,734,658720,0,NA,FALSE,1,0,blended,2025+2026 season to date,734,0.11486648501362398,0.02901089918256131,-0.01220027247956403,0.06973160762942779,-0.02330926430517711,0.04972070844686649,0.0019128065395095301,2026,658720,Sporting Kansas City,0.20277985605674193,1,0.15440773135985394,0.16470158012232447,0.030944959129032428,29.694323144104803,-0.01301362397860831,42.79475982532751,0.07438038147371402,39.301310043668124,-0.02486321525963256,18.34061135371179,0.05303542234498161,75.54585152838428,0.002040326975540592,53.275109170305676,10.91703056768559,658720,61.032863849765256,64.54445664105378,520000,-50.11583328207966,TRUE,FALSE,13.541666666666666,Low,37.75,62.25,Below Expected Value by Current Model,Wingers and attacking midfielders,1.1.0,2026-08-01 14:43:31 UTC,84,84,379,Performance data through: 2026-08-01 (updates every day) · MLSPA compensation as of: 2026-04-16,FALSE,2026-08-01 14:43:25 UTC
vzqodVa7Qa,asa_vzqodVa7Qa_mls_blended,Hamzat Ojediran,hamzat ojediran,2003-11-14,Nigeria,CM,NA,22.628336755646817,mls,pzeQZ6xQKw,CM,asa_live,TRUE,NA,mlspa_via_asa,1225,881667,0,NA,FALSE,1,0,blended,2025+2026 season to date,1225,0.08585632653061225,0.02101224489795918,-0.00503265306122449,0.01664081632653061,-0.00820653061224489,0.06563020408163264,-0.00418775510204081,2026,881667,Colorado Rapids,0.13644825463003651,1,0.10248928919343667,0.10932190847641542,0.022413061225190198,68.39622641509433,-0.005368163265473878,23.11320754716981,0.017750204082187346,36.320754716981135,-0.008753632653334767,20.754716981132077,0.07000555102259583,66.98113207547169,-0.004466938775649789,33.0188679245283,14.150943396226415,881667,81.31313131313131,78.15587266739847,535541.5,-67.1621879169049,TRUE,FALSE,6.862745098039215,High,28.75,71.25,Below Expected Value by Current Model,Central and defensive midfielders,1.1.0,2026-08-01 14:43:31 UTC,96,96,409,Performance data through: 2026-08-01 (updates every day) · MLSPA compensation as of: 2026-04-16,FALSE,2026-08-01 14:43:25 UTC
vzqodWY7Qa,asa_vzqodWY7Qa_mls_blended,Alejandro Alvarado Jr.,alejandro alvarado jr,2003-07-29,USA,CM,NA,22.924024640657084,mls,zeQZBOzQKw,CM,asa_live,TRUE,NA,mlspa_via_asa,209,95547,566,95547,TRUE,0.2299229922992299,0.7700770077007701,blended,2025+2026 season to date,644.863586358636,0.13906325438197528,0.021222649826820136,0.005402791869292936,0.03007035650561523,-0.008895252422768781,0.0681413777420145,0.023121330861001294,2026,95547,San Diego FC,0.13644825463003651,1,0.13780287543896774,0.146989733806159,0.02263749314931557,69.81132075471699,0.005762977994092558,35.37735849056604,0.03207504694032526,62.735849056603776,-0.009488269251249876,19.339622641509433,0.07268413626042017,69.81132075471699,0.024662752919172092,98.11320754716981,54.24528301886792,95547,8.585858585858587,9.879253567508233,535541.5,45.659424433009335,FALSE,TRUE,NA,Low,41,59,Small-Sample Watchlist,Central and defensive midfielders,1.1.0,2026-08-01 14:43:31 UTC,NA,NA,NA,Performance data through: 2026-08-01 (updates every day) · MLSPA compensation as of: 2026-04-16,FALSE,2026-08-01 14:43:25 UTC
vzqodXdjQa,asa_vzqodXdjQa_mls_blended,Jamar Ricketts,jamar ricketts,2001-10-24,USA,FB,NA,24.684462696783022,mls,0KPqjA456v,FB,asa_live,TRUE,NA,mlspa_via_asa,1128,114987,1029,114987,TRUE,0.6170678336980306,0.38293216630196936,blended,2025+2026 season to date,1522.0371991247264,0.18639658598669226,0.017203143839592726,0.03268389675344973,0.039877941767516634,0.024587962756218457,0.05953833787344258,0.012505302996472106,2026,114987,San Jose Earthquakes,0.11638469243644946,1,0.16660092163760717,0.17770764975233436,0.01835002009613901,65.97938144329896,0.034862823204769175,73.19587628865979,0.04253647122001367,72.16494845360825,0.026227160274119286,88.65979381443299,0.06350756040032336,61.855670103092784,0.013338989863320423,94.3298969072165,92.26804123711341,114987,21.08108108108108,18.22173435784852,343925,71.18696015603233,TRUE,FALSE,98.78048780487805,High,20.75,79.25,Elite Value,Fullbacks and wingbacks,1.1.0,2026-08-01 14:43:31 UTC,2,2,9,Performance data through: 2026-08-01 (updates every day) · MLSPA compensation as of: 2026-04-16,FALSE,2026-08-01 14:43:25 UTC
vzqoddNJQa,asa_vzqoddNJQa_mls_blended,Garrison Tubbs,garrison tubbs,2002-02-17,USA,CB,NA,23.367556468172484,mls,EKXMeX3Q64,CB,asa_live,TRUE,NA,mlspa_via_asa,0,NA,626,104000,TRUE,0,1,blended,2025+2026 season to date,626,0.07556549520766774,0,0.01706549520766773,1.8690095846645363e-4,-0.00432747603833865,0.06491214057507987,-0.00227156549520766,2026,104000,D.C. United,0.13407640205361335,1,0.10420052302786952,0.11114722456653417,0,6.806282722513089,0.018203194888747762,11.518324607329843,1.9936102237044724e-4,8.37696335078534,-0.00461597444103881,24.083769633507853,0.06923961661558226,45.026178010471206,-0.0024230031949638896,58.1151832460733,12.565445026178011,104000,10.220994475138122,12.952799121844127,501667,2.3444505510398894,FALSE,FALSE,NA,Low,41,59,Insufficient Evidence,Center backs,1.1.0,2026-08-01 14:43:31 UTC,NA,NA,NA,Performance data through: 2026-08-01 (updates every day) · MLSPA compensation as of: 2026-04-16,FALSE,2026-08-01 14:43:25 UTC
vzqoddvZQa,asa_vzqoddvZQa_mls_blended,Dante Sealy,dante sealy,2003-04-17,USA,W,NA,23.20602327173169,mls,pzeQZ6xQKw,W,asa_live,TRUE,NA,mlspa_via_asa,986,168022,2689,168022,TRUE,0.5848161328588375,0.4151838671411625,blended,2025+2026 season to date,2102.4294187425858,0.19047591810049908,0.045405902391316144,0.02450097934249062,0.0784125705225851,0.01608515449127789,0.02315760201373991,0.002913709339089391,2026,168022,Colorado Rapids,0.20277985605674193,1,0.19320766854790972,0.2060881797908773,0.04843296255225075,51.52838427947598,0.026134377966140026,77.29257641921397,0.08364007522670452,47.59825327510917,0.01715749812456592,52.40174672489083,0.02470144214876116,26.200873362445414,0.003107956628459141,56.33187772925764,44.54148471615721,168022,27.230046948356808,27.222832052689352,520000,17.3114377678004,TRUE,FALSE,86.45833333333333,High,20.75,79.25,Fair Value,Wingers and attacking midfielders,1.1.0,2026-08-01 14:43:31 UTC,14,14,62,Performance data through: 2026-08-01 (updates every day) · MLSPA compensation as of: 2026-04-16,FALSE,2026-08-01 14:43:25 UTC
vzqoddyjQa,asa_vzqoddyjQa_mls_blended,Ousman Jabang,ousman jabang,2001-03-29,USA,CB,NA,24.257357973990416,mls,APk5LGOMOW,CB,asa_live,TRUE,NA,NA,0,NA,91,71401,TRUE,0,1,blended,2025+2026 season to date,91,0.061813186813186816,0,9.89010989010989e-4,0.00336263736263736,-0.00405494505494505,0.03936263736263736,0.02215384615384615,2026,71401,CF Montréal,0.13407640205361335,1,0.12455982812180609,0.13286381666741182,0,6.806282722513089,0.001054945054978022,4.18848167539267,0.003586813186925272,18.32460732984293,-0.0043252747254098846,25.130890052356023,0.04198681318812527,19.895287958115183,0.023630769231507687,100,31.93717277486911,71401,0.5524861878453039,0.10976948408342481,501667,31.384686587023808,FALSE,FALSE,NA,Low,41,59,Insufficient Evidence,Center backs,1.1.0,2026-08-01 14:43:31 UTC,NA,NA,NA,Performance data through: 2026-08-01 (updates every day) · MLSPA compensation as of: 2026-04-16,FALSE,2026-08-01 14:43:25 UTC
vzqodgRYQa,asa_vzqodgRYQa_mls_blended,Sunusi Ibrahim,sunusi ibrahim,2002-10-01,Nigeria,FW,NA,22.748802190280628,mls,APk5LGOMOW,FW,asa_live,TRUE,NA,mlspa_via_asa,0,NA,134,410000,TRUE,0,1,blended,2025+2026 season to date,134,0.22956716417910447,0.0981268656716418,-0.08214179104477612,0.25871641791044775,-0.03277611940298507,0,-0.01235820895522388,2026,410000,CF Montréal,0.21108432719581333,1,0.2144585780892207,0.2287558166356507,0.10466865671968882,92.19858156028369,-0.08761791045049926,10.638297872340425,0.27596417911310145,83.68794326241135,-0.03496119403094328,45.39007092198582,0,8.51063829787234,-0.013182089552650746,5.673758865248227,51.06382978723404,410000,43.28358208955224,44.62129527991218,535000,7.780247697681801,FALSE,FALSE,NA,Low,41,59,Insufficient Evidence,Strikers,1.1.0,2026-08-01 14:43:31 UTC,NA,NA,NA,Performance data through: 2026-08-01 (updates every day) · MLSPA compensation as of: 2026-04-16,FALSE,2026-08-01 14:43:25 UTC
vzqodkKBQa,asa_vzqodkKBQa_mls_blended,Zorhan Bassong,zorhan bassong,1999-05-07,Canada,CM,NA,27.15126625598905,mls,Z2vQ1xlqrA,CM,asa_live,TRUE,NA,mlspa_via_asa,530,540833,1868,540833,TRUE,0.43089430894308944,0.5691056910569106,blended,2025+2026 season to date,1593.0894308943089,0.14025473964589755,0.024363628766908653,0.02517098239933149,0.02684880137880608,0.028395931477516054,0.0549406747793388,-0.019465279156003545,2026,540833,Sporting Kansas City,0.13644825463003651,1,0.13921333614572873,0.1484942252267511,0.025987870685514683,74.05660377358491,0.026849047893459287,60.37735849056604,0.028638721471621442,58.0188679245283,0.030288993576963654,88.67924528301887,0.05860338643312607,45.75471698113208,-0.02076296443371929,9.433962264150944,56.132075471698116,540833,50.505050505050505,55.433589462129525,535541.5,5.62702496664761,TRUE,FALSE,63.72549019607843,Medium,29.75,70.25,Undervalued,Central and defensive midfielders,1.1.0,2026-08-01 14:43:31 UTC,38,38,161,Performance data through: 2026-08-01 (updates every day) · MLSPA compensation as of: 2026-04-16,FALSE,2026-08-01 14:43:25 UTC
vzqodxN7Qa,asa_vzqodxN7Qa_mls_blended,Jacen Russell-Rowe,jacen russellrowe,2002-09-13,Canada,FW,NA,22.798083504449007,mls,mvzqoLZQap,FW,asa_live,TRUE,NA,mlspa_via_asa,0,NA,2027,130789,TRUE,0,1,blended,2025+2026 season to date,2027,0.1793739516526887,0.06673408978786383,-0.06387025160335472,0.19968722249629992,-0.05146916625555008,0.02918006906758757,-8.880118401578688e-4,2026,130789,Columbus Crew,0.21108432719581333,1,0.18661651934430454,0.1990576206401454,0.07118302910927922,62.4113475177305,-0.06812826837904071,26.95035460992908,0.21299970400270948,60.283687943262414,-0.05490044400763572,26.95035460992908,0.03112540700639941,56.02836879432624,-9.472126295313271e-4,26.24113475177305,26.95035460992908,130789,27.611940298507463,23.27113062568606,535000,-0.6615856885783842,FALSE,FALSE,NA,Low,41,59,Insufficient Evidence,Strikers,1.1.0,2026-08-01 14:43:31 UTC,NA,NA,NA,Performance data through: 2026-08-01 (updates every day) · MLSPA compensation as of: 2026-04-16,FALSE,2026-08-01 14:43:25 UTC
vzqorGW75a,asa_vzqorGW75a_mls_blended,Gastón Brugman,gaston brugman,1992-09-07,Uruguay,CM,NA,32.813141683778234,mls,vzqoOgNqap,CM,asa_live,TRUE,NA,mlspa_via_asa,0,NA,1548,1409000,TRUE,0,1,blended,2025+2026 season to date,1548,0.24634302325581395,0.01897674418604651,0.1151686046511628,0.04629651162790697,0.00786046511627906,0.05707558139534883,9.651162790697674e-4,2026,1409000,Nashville SC,0.13644825463003651,1,0.21564616051118338,0.23002257121911715,0.020241860465748832,63.20754716981132,0.12284651163174594,96.22641509433963,0.049382945737977316,81.13207547169812,0.008384496124293013,60.37735849056604,0.06088062015694127,50,0.0010294573643732559,68.86792452830188,97.64150943396227,1409000,94.44444444444444,88.69374313940725,535541.5,3.197064989517827,FALSE,FALSE,NA,Low,41,59,Insufficient Evidence,Central and defensive midfielders,1.1.0,2026-08-01 14:43:31 UTC,NA,NA,NA,Performance data through: 2026-08-01 (updates every day) · MLSPA compensation as of: 2026-04-16,FALSE,2026-08-01 14:43:25 UTC
vzqorrRk5a,asa_vzqorrRk5a_mls_blended,Carles Gil,carles gil,1992-11-22,Spain,W,NA,33.60438056125941,mls,19vQ2095K6,W,asa_live,TRUE,NA,mlspa_via_asa,1610,4952083,3430,4952083,TRUE,0.696969696969697,0.303030303030303,blended,2025+2026 season to date,2649.393939393939,0.2865068380598993,0.03799035250463822,0.09665390935595017,0.03136578319639544,0.07534921812880996,0.03175094089583886,0.013396633978266625,2026,4952083,New England Revolution,0.20277985605674193,1,0.2710466660589433,0.28911644380524104,0.04052304267288044,42.35807860262009,0.10309750331623531,97.37991266375546,0.033456835410534,8.296943231441048,0.08037249933990893,88.20960698689956,0.03386767028995315,43.66812227074236,0.014289742910597621,79.03930131004367,90.39301310043668,4952083,96.71361502347418,98.2436882546652,520000,-6.320601923037501,TRUE,FALSE,46.875,High,14,86,Fair Value,Wingers and attacking midfielders,1.1.0,2026-08-01 14:43:31 UTC,52,52,234,Performance data through: 2026-08-01 (updates every day) · MLSPA compensation as of: 2026-04-16,FALSE,2026-08-01 14:43:25 UTC
vzqowm7qap,asa_vzqowm7qap_mls_blended,Lionel Messi,lionel messi,1987-06-24,Argentina,FW,NA,39.01984941820671,mls,zeQZkL1MKw,FW,asa_live,TRUE,NA,mlspa_via_asa,1420,28333332,3326,28333332,TRUE,0.6698113207547169,0.33018867924528306,blended,2025+2026 season to date,2518.2075471698117,0.6930653717423615,0.1463048976616481,0.13888959824822156,0.17565171972679516,0.18347198289066136,0.018869256798919883,0.029877916416115455,2026,28333332,Inter Miami CF,0.21108432719581333,1,0.6003234287019099,0.6403449906353813,0.1560585575106348,98.58156028368795,0.14814890480273266,98.58156028368795,0.18736183438110324,50.354609929078016,0.19570344842282117,97.87234042553192,0.020127207252810184,30.49645390070922,0.031869777511519086,92.90780141843972,100,28333332,100,100,535000,0,TRUE,FALSE,62.06896551724138,High,20.75,79.25,Fair Value,Strikers,1.1.0,2026-08-01 14:43:31 UTC,23,23,168,Performance data through: 2026-08-01 (updates every day) · MLSPA compensation as of: 2026-04-16,FALSE,2026-08-01 14:43:25 UTC
wvq9X6JB5W,asa_wvq9X6JB5W_mls_blended,Alan Carleton,alan carleton,2005-03-20,USA,W,NA,20.281998631074607,mls,vzqoOgNqap,W,asa_live,FALSE,NA,NA,0,NA,52,NA,TRUE,0,1,blended,2025+2026 season to date,52,0.00986538461538461,0,-0.04188461538461538,0.0083076923076923,0.04949999999999999,3.461538461538462e-4,-0.00640384615384615,2026,NA,Nashville SC,0.20277985605674193,1,0.18739403931602017,0.199886975276668,0,6.11353711790393,-0.044676923078319226,15.720524017467248,0.008861538461815376,2.183406113537118,0.052800000001649985,77.29257641921397,3.692307692423077e-4,10.043668122270743,-0.006830769230982688,9.606986899563319,37.11790393013101,NA,NA,NA,520000,NA,FALSE,FALSE,NA,Insufficient,41,59,Insufficient Evidence,Wingers and attacking midfielders,1.1.0,2026-08-01 14:43:31 UTC,NA,NA,NA,Performance data through: 2026-08-01 (updates every day) · MLSPA compensation as of: 2026-04-16,FALSE,2026-08-01 14:43:25 UTC
wvq9XO7B5W,asa_wvq9XO7B5W_mls_blended,Colin Guske,colin guske,2007-01-29,USA,CM,NA,19.419575633127995,mls,jYQJ8EW5GR,CM,asa_live,TRUE,NA,mlspa_via_asa,322,98830,69,98830,TRUE,0.3150684931506849,0.6849315068493151,blended,2025+2026 season to date,369.26027397260276,0.02536854420148047,0.002439334637964775,0.006968050710456907,0.009278099208712667,0.0026899940440738472,0.004929720071471098,-9.366544711988411e-4,2026,98830,Orlando City SC,0.13644825463003651,1,0.09413008126930164,0.10040542002372609,0.0026019569472437378,14.622641509433961,0.007432587424719635,36.79245283018868,0.009896639156269448,18.39622641509434,0.0028693269804351035,47.16981132075472,0.0052583680764001625,8.018867924528301,-9.990981026433189e-4,50.471698113207545,9.433962264150944,98830,9.595959595959595,10.647639956092206,535541.5,-0.16199733180865117,FALSE,TRUE,NA,Low,41,59,Small-Sample Watchlist,Central and defensive midfielders,1.1.0,2026-08-01 14:43:31 UTC,NA,NA,NA,Performance data through: 2026-08-01 (updates every day) · MLSPA compensation as of: 2026-04-16,FALSE,2026-08-01 14:43:25 UTC
wvq9XOgm5W,asa_wvq9XOgm5W_mls_blended,Marcos Zambrano-Delgado,marcos zambranodelgado,2005-01-20,USA,W,NA,21.44284736481862,mls,19vQ2095K6,W,asa_live,TRUE,NA,mlspa_via_asa,140,135659,0,NA,FALSE,1,0,blended,2025+2026 season to date,140,-0.04975714285714287,0.01356428571428571,-0.02243571428571428,0.1773,-0.22384285714285715,0.00430714285714285,0.00135,2026,135659,New England Revolution,0.20277985605674193,1,0.15500258599195288,0.16533609172991648,0.014468571429023566,16.593886462882097,-0.023931428572176422,33.18777292576419,0.18912000000591,92.13973799126637,-0.23876571429317572,2.6200873362445414,0.004594285714429278,12.663755458515285,0.0014400000000450001,48.90829694323144,11.353711790393014,135659,23.004694835680752,23.71020856201976,520000,-11.650983045287738,FALSE,TRUE,NA,Low,49,51,Small-Sample Watchlist,Wingers and attacking midfielders,1.1.0,2026-08-01 14:43:31 UTC,NA,NA,NA,Performance data through: 2026-08-01 (updates every day) · MLSPA compensation as of: 2026-04-16,FALSE,2026-08-01 14:43:25 UTC
wvq9XOlw5W,asa_wvq9XOlw5W_mls_blended,Micah Burton,micah burton,2006-03-26,USA,W,NA,20.265571526351813,mls,gpMOLwl5zy,W,asa_live,TRUE,NA,mlspa_via_asa,40,136000,0,NA,FALSE,1,0,blended,2025+2026 season to date,40,0.03352500000000002,0.007875,0.011925,0.27630000000000005,-0.262575,0,0,2026,136000,Austin FC,0.20277985605674193,1,0.19220142755319555,0.20501485606314865,0.0084000000002625,14.410480349344978,0.0127200000003975,66.8122270742358,0.29472000000921006,97.81659388646288,-0.2800800000087525,1.3100436681222707,0,8.296943231441048,0,37.77292576419214,42.79475982532751,136000,23.474178403755868,23.929747530186606,520000,19.320581421571642,FALSE,TRUE,NA,Low,49,51,Small-Sample Watchlist,Wingers and attacking midfielders,1.1.0,2026-08-01 14:43:31 UTC,NA,NA,NA,Performance data through: 2026-08-01 (updates every day) · MLSPA compensation as of: 2026-04-16,FALSE,2026-08-01 14:43:25 UTC
wvq9Xdlw5W,asa_wvq9Xdlw5W_mls_blended,Tadeo Allende,tadeo allende,1999-02-20,Argentina,W,NA,27.359342915811087,mls,zeQZkL1MKw,W,asa_live,TRUE,NA,mlspa_via_asa,493,1000000,2908,1000000,TRUE,0.413243922883487,0.586756077116513,blended,2025+2026 season to date,2199.2866722548197,0.21711463477345494,0.05879240549237817,-0.09807041649419873,0.2548726996429193,-0.018085287745687528,0.01912369380764224,4.815400704015053e-4,2026,1000000,Inter Miami CF,0.20277985605674193,1,0.21404211372183296,0.2283115879770899,0.0627118991938298,74.67248908296943,-0.10460844426374766,2.6200873362445414,0.27186421296094304,96.94323144104804,-0.01929097359600287,20.524017467248907,0.020398606728789178,22.270742358078603,5.13642741777657e-4,44.10480349344978,66.37554585152839,1000000,73.2394366197183,82.49176728869374,520000,-6.863890768189918,TRUE,FALSE,45.833333333333336,Medium,29.75,70.25,Fair Value,Wingers and attacking midfielders,1.1.0,2026-08-01 14:43:31 UTC,53,53,239,Performance data through: 2026-08-01 (updates every day) · MLSPA compensation as of: 2026-04-16,FALSE,2026-08-01 14:43:25 UTC
wvq9Xp1B5W,asa_wvq9Xp1B5W_mls_blended,Gabriel Pirani,gabriel pirani,2002-04-12,Brazil,FW,NA,24.21902806297057,mls,EKXMeX3Q64,FW,asa_live,TRUE,NA,mlspa_via_asa,507,866700,2082,866700,TRUE,0.420049710024855,0.579950289975145,blended,2025+2026 season to date,1714.4565037282518,0.15742385555919003,0.04333164131423564,0.0021088869204376947,0.08415677997464359,-0.009819721174990269,0.03448807031031757,0.0031581982145457853,2026,866700,D.C. United,0.21108432719581333,1,0.1713348030883877,0.18275712329999136,0.04622041740329574,30.49645390070922,0.002249479381870504,87.94326241134752,0.08976723197575838,14.184397163120567,-0.010474369253650277,65.2482269503546,0.03678727499882168,66.66666666666667,0.003368744762287444,49.645390070921984,16.31205673758865,866700,66.41791044776119,77.49725576289791,535000,-50.10585371017254,TRUE,FALSE,13.793103448275861,Medium,29.75,70.25,Below Expected Value by Current Model,Strikers,1.1.0,2026-08-01 14:43:31 UTC,51,51,377,Performance data through: 2026-08-01 (updates every day) · MLSPA compensation as of: 2026-04-16,FALSE,2026-08-01 14:43:25 UTC
wvq9eLBwqW,asa_wvq9eLBwqW_mls_blended,Alhassan Yusuf,alhassan yusuf,2000-07-18,Nigeria,CM,NA,25.95208761122519,mls,19vQ2095K6,CM,asa_live,TRUE,NA,mlspa_via_asa,1371,995311,3309,995311,TRUE,0.6619990342829551,0.33800096571704485,blended,2025+2026 season to date,2489.4451955577015,0.13433511694763373,0.014312357369589888,0.0110430785973726,0.03700238408659409,0.01369051526651558,0.060232536434367795,-0.001945754806806246,2026,995311,New England Revolution,0.13644825463003651,1,0.1347455086293715,0.1437285425424878,0.015266514528039626,49.056603773584904,0.011779283837565543,43.39622641509434,0.039469209693600446,72.16981132075472,0.014603216284739637,75,0.0642480388653334,57.54716981132076,-0.0020754717939915207,44.81132075471698,50.471698113207545,995311,86.36363636363636,82.10757409440176,535541.5,-35.891938250428815,TRUE,FALSE,27.45098039215686,High,20.75,79.25,Below Expected Value by Current Model,Central and defensive midfielders,1.1.0,2026-08-01 14:43:31 UTC,75,75,319,Performance data through: 2026-08-01 (updates every day) · MLSPA compensation as of: 2026-04-16,FALSE,2026-08-01 14:43:25 UTC
wvq9eWbBqW,asa_wvq9eWbBqW_mls_blended,Deandre Kerr,deandre kerr,2002-11-29,Canada,FW,NA,23.586584531143053,mls,kRQabn8MKZ,FW,asa_live,TRUE,NA,mlspa_via_asa,515,165319,1026,165319,TRUE,0.42386831275720166,0.5761316872427984,blended,2025+2026 season to date,1106.1111111111113,0.0923797126561259,0.024462796909970396,-0.02611685798859288,0.12550038264385244,-0.050878117103458236,0.011703631506750408,0.00770787668760378,2026,165319,Toronto FC,0.21108432719581333,1,0.13412539279382124,0.1430670856512135,0.026093650038117183,12.056737588652481,-0.027857981855369637,68.08510638297872,0.1338670748242926,29.78723404255319,-0.054269991578718056,27.659574468085108,0.012483873607590555,16.31205673758865,0.008221735133700961,64.53900709219859,2.127659574468085,165319,29.850746268656717,27.113062568605926,535000,-27.72308669418863,TRUE,FALSE,36.206896551724135,Medium,29.75,70.25,Below Expected Value by Current Model,Strikers,1.1.0,2026-08-01 14:43:31 UTC,38,38,281,Performance data through: 2026-08-01 (updates every day) · MLSPA compensation as of: 2026-04-16,FALSE,2026-08-01 14:43:25 UTC
wvq9eXy3qW,asa_wvq9eXy3qW_mls_blended,Sam Sarver,sam sarver,2003-03-03,USA,FB,NA,23.329226557152634,mls,mKAqBBmqbg,FB,asa_live,TRUE,NA,mlspa_via_asa,313,113400,254,113400,TRUE,0.3089832181638697,0.6910167818361304,blended,2025+2026 season to date,488.5182625863771,0.35643087888939845,0.037308889942557766,-0.02121926763103279,0.10858462818011522,0.10676883195622264,0.06375938002813815,0.06122841641339749,2026,113400,FC Dallas,0.11638469243644946,1,0.22411549492004554,0.23905652792218576,0.03979614927330525,90.20618556701031,-0.02263388547380895,12.88659793814433,0.11582360339574238,95.87628865979381,0.11388675409019644,99.48453608247422,0.06801000536547266,68.04123711340206,0.06531031084299826,99.48453608247422,99.48453608247422,113400,19.18918918918919,16.41053787047201,343925,80.29534689328503,FALSE,TRUE,NA,Low,41,59,Small-Sample Watchlist,Fullbacks and wingbacks,1.1.0,2026-08-01 14:43:31 UTC,NA,NA,NA,Performance data through: 2026-08-01 (updates every day) · MLSPA compensation as of: 2026-04-16,FALSE,2026-08-01 14:43:25 UTC
wvq9eY8YqW,asa_wvq9eY8YqW_mls_blended,Robert Voloder,robert voloder,2001-05-09,Germany,CB,NA,25.144421629021217,mls,a2lqRX2Mr0,CB,asa_live,TRUE,NA,mlspa_via_asa,793,685250,1664,685250,TRUE,0.5311453449430676,0.46885465505693236,blended,2025+2026 season to date,1573.1741460147355,0.14456602124014628,0.007661030320985106,0.058728793665309906,0.003889188005564424,0.021256828339945386,0.051528103907980835,0.0015020770003606571,2026,685250,New York Red Bulls,0.13407640205361335,1,0.14166990197448062,0.151114562110835,0.008171765675972813,46.596858638743456,0.06264404657828819,68.06282722513089,0.004148467206065025,20.418848167539267,0.022673950229983638,93.717277486911,0.05496331083689716,29.842931937172775,0.0016022154671014369,89.00523560209425,55.49738219895288,685250,64.08839779005525,66.41053787047201,501667,-8.591015591102376,TRUE,FALSE,40.20618556701031,Medium,29.75,70.25,Fair Value,Center backs,1.1.0,2026-08-01 14:43:31 UTC,59,59,263,Performance data through: 2026-08-01 (updates every day) · MLSPA compensation as of: 2026-04-16,FALSE,2026-08-01 14:43:25 UTC
wvq9eZdYqW,asa_wvq9eZdYqW_mls_blended,Benji Kikanović,benji kikanovic,2000-01-06,USA,FB,NA,26.483230663928815,mls,0KPqjA456v,FB,asa_live,TRUE,NA,mlspa_via_asa,1336,478700,464,478700,TRUE,0.656188605108055,0.343811394891945,blended,2025+2026 season to date,1495.5284872298625,0.14140425360747919,0.011951400650362437,0.03860199596910778,0.03974986027369419,0.014743056026014495,0.03559072894790326,7.672117403969927e-4,2026,478700,San Jose Earthquakes,0.11638469243644946,1,0.1342405539517125,0.1431899242196347,0.012748160694118313,52.06185567010309,0.04117546236833503,78.8659793814433,0.04239985095993213,71.64948453608247,0.01572592642824023,77.31958762886597,0.03796344421228316,28.8659793814433,8.183591897823659e-4,67.01030927835052,71.64948453608247,478700,66.48648648648648,50.823271130625685,343925,5.162998049595984,TRUE,FALSE,69.51219512195122,High,20.75,79.25,Undervalued,Fullbacks and wingbacks,1.1.0,2026-08-01 14:43:31 UTC,26,26,136,Performance data through: 2026-08-01 (updates every day) · MLSPA compensation as of: 2026-04-16,FALSE,2026-08-01 14:43:25 UTC
wvq9ebLaqW,asa_wvq9ebLaqW_mls_blended,Reed Baker-Whiting,reed bakerwhiting,2005-03-31,USA,FB,NA,21.251197809719372,mls,vzqoOgNqap,FB,asa_live,TRUE,NA,mlspa_via_asa,473,283000,632,283000,TRUE,0.4032395566922421,0.5967604433077579,blended,2025+2026 season to date,850.152600170503,0.0812217779792159,0.0069206675515555635,0.05505542426106381,0.026156884327754218,-0.006086972708731262,0.04171509275146491,-0.04253931820389135,2026,283000,Nashville SC,0.11638469243644946,1,0.09577041835806951,0.10215511291846649,0.007382045388556623,31.95876288659794,0.05872578588030324,88.65979381443299,0.02790067661714306,54.123711340206185,-0.006492770889516245,23.711340206185568,0.04449609893628641,34.5360824742268,-0.045375272752235414,3.6082474226804124,25.257731958762886,283000,42.7027027027027,35.236004390779364,343925,-17.444970743939816,TRUE,FALSE,43.90243902439025,Medium,29.75,70.25,Below Expected Value by Current Model,Fullbacks and wingbacks,1.1.0,2026-08-01 14:43:31 UTC,47,47,247,Performance data through: 2026-08-01 (updates every day) · MLSPA compensation as of: 2026-04-16,FALSE,2026-08-01 14:43:25 UTC
wvq9ed47qW,asa_wvq9ed47qW_mls_blended,Brendan McSorley,brendan mcsorley,2002-02-01,USA,W,NA,24.410677618069816,mls,wvq9B9wQWn,W,asa_live,TRUE,NA,mlspa_via_asa,245,88025,328,88025,TRUE,0.25925925925925924,0.7407407407407407,blended,2025+2026 season to date,487.96296296296293,0.4254809523809523,0.12433763066202089,-0.009638792102206733,0.22197212543554004,0.027655052264808362,0.053989663182346104,0.007165272938443663,2026,88025,St. Louis City SC,0.20277985605674193,1,0.30266366691874946,0.32284124472342157,0.13262680604363353,99.12663755458516,-0.010281378242675141,46.2882096069869,0.23677026713864177,96.06986899563319,0.029498722416717423,62.00873362445415,0.05758897406296883,80.78602620087337,0.007642957801245417,68.99563318777292,95.19650655021834,88025,5.164319248826291,4.33589462129528,520000,90.03218730139206,FALSE,TRUE,NA,Low,41,59,Small-Sample Watchlist,Wingers and attacking midfielders,1.1.0,2026-08-01 14:43:31 UTC,NA,NA,NA,Performance data through: 2026-08-01 (updates every day) · MLSPA compensation as of: 2026-04-16,FALSE,2026-08-01 14:43:25 UTC
wvq9edxmqW,asa_wvq9edxmqW_mls_blended,Ian Smith,ian smith,2002-07-16,USA,FB,NA,23.958932238193015,mls,WBLMvYAQxe,FB,asa_live,TRUE,NA,mlspa_via_asa,406,88025,1192,88025,TRUE,0.3670886075949367,0.6329113924050633,blended,2025+2026 season to date,1160.4303797468356,0.1371689533599524,0.021498303943104723,0.014296649149847684,0.04018613541755161,0.0020624567642025787,0.06162624852846585,-0.0025008404432200243,2026,88025,Portland Timbers FC,0.11638469243644946,1,0.1300851420956324,0.13875748490634407,0.022931524206694982,75.77319587628865,0.015249759093647418,48.96907216494845,0.042865211113394586,73.19587628865979,0.0021999538818848322,46.391752577319586,0.06573466509908445,65.97938144329896,-0.0026675631395180538,43.29896907216495,68.04123711340206,88025,4.054054054054054,4.33589462129528,343925,63.987183059348006,FALSE,TRUE,NA,Low,41,59,Small-Sample Watchlist,Fullbacks and wingbacks,1.1.0,2026-08-01 14:43:31 UTC,NA,NA,NA,Performance data through: 2026-08-01 (updates every day) · MLSPA compensation as of: 2026-04-16,FALSE,2026-08-01 14:43:25 UTC
wvq9ena3qW,asa_wvq9ena3qW_mls_blended,Jack Jasinski,jack jasinski,2003-12-04,USA,FB,NA,22.573579739904176,mls,0KPqjA456v,FB,asa_live,TRUE,NA,mlspa_via_asa,436,90287,0,NA,FALSE,1,0,blended,2025+2026 season to date,436,0.12851834862385322,0.04904587155963302,-0.00241513761467889,0.10135321100917433,-0.05591972477064219,0.0440091743119266,-0.00755504587155963,2026,90287,San Jose Earthquakes,0.11638469243644946,1,0.12149113461570432,0.1295905435941343,0.05231559633191008,94.84536082474227,-0.002576146789071321,26.804123711340207,0.10811009174649772,94.3298969072165,-0.05964770642388233,3.6082474226804124,0.04694311926752201,38.144329896907216,-0.008058715596582106,23.711340206185568,58.24742268041237,90287,7.5675675675675675,7.4643249176728865,343925,50.679855112844805,FALSE,TRUE,NA,Low,49,51,Small-Sample Watchlist,Fullbacks and wingbacks,1.1.0,2026-08-01 14:43:31 UTC,NA,NA,NA,Performance data through: 2026-08-01 (updates every day) · MLSPA compensation as of: 2026-04-16,FALSE,2026-08-01 14:43:25 UTC
wvq9g7AaMW,asa_wvq9g7AaMW_mls_blended,Tim Parker,tim parker,1993-02-23,USA,CB,NA,33.34976043805612,mls,a2lqRX2Mr0,CB,asa_live,TRUE,NA,mlspa_via_asa,481,387500,987,387500,TRUE,0.4072819644369179,0.5927180355630821,blended,2025+2026 season to date,1066.0127011007621,0.1410513989226584,0.010524348280397059,0.07489098672239537,0.024024429351252992,0.0043364260363557726,0.02639845424901364,8.767542832435549e-4,2026,387500,New York Red Bulls,0.13407640205361335,1,0.13853941439897383,0.1477753753635234,0.011225971499441007,63.87434554973822,0.07988371917305143,86.38743455497382,0.025626057975470674,71.72774869109948,0.004625521105590705,59.16230366492147,0.028158351199827833,12.041884816753926,9.352045688223504e-4,87.43455497382199,49.738219895287955,387500,39.226519337016576,43.084522502744235,501667,10.511700558271379,TRUE,FALSE,68.04123711340206,Medium,29.75,70.25,Fair Value,Center backs,1.1.0,2026-08-01 14:43:31 UTC,32,32,142,Performance data through: 2026-08-01 (updates every day) · MLSPA compensation as of: 2026-04-16,FALSE,2026-08-01 14:43:25 UTC
wvq9gNr3MW,asa_wvq9gNr3MW_mls_blended,Souleyman Doumbia,souleyman doumbia,1996-09-24,Ivory Coast,FB,NA,28.76659822039699,mls,NPqxKXZ59d,FB,asa_live,TRUE,NA,mlspa_via_asa,0,NA,664,541250,TRUE,0,1,blended,2025+2026 season to date,664,0.25564608433734937,0,0.06056024096385541,0.0028328313253012,0.0188539156626506,0.1741852409638554,-7.861445783132531e-4,2026,541250,Charlotte FC,0.11638469243644946,1,0.18954099324515006,0.20217705946781142,0,6.443298969072165,0.06459759036346445,91.75257731958763,0.0030216867470823743,6.185567010309279,0.020110843374122438,81.95876288659794,0.18579759036725194,97.42268041237114,-8.385542168936748e-4,51.54639175257732,96.90721649484536,541250,70.8108108108108,55.543358946212955,343925,26.09640568403455,FALSE,FALSE,NA,Low,41,59,Insufficient Evidence,Fullbacks and wingbacks,1.1.0,2026-08-01 14:43:31 UTC,NA,NA,NA,Performance data through: 2026-08-01 (updates every day) · MLSPA compensation as of: 2026-04-16,FALSE,2026-08-01 14:43:25 UTC
wvq9gPmNMW,asa_wvq9gPmNMW_mls_blended,Jack Elliott,jack elliott,1995-08-25,England,CB,NA,30.850102669404517,mls,X0Oq66zq6D,CB,asa_live,TRUE,NA,mlspa_via_asa,1363,1054275,3635,1054275,TRUE,0.6606883179835191,0.3393116820164809,blended,2025+2026 season to date,2596.397964129908,0.1427282932869094,0.012674539488905526,0.05139410628476711,0.034046620851699655,0.009384555017632336,0.0473641276409337,-0.012135655997028936,2026,1054275,Chicago Fire FC,0.13407640205361335,1,0.14110423558250815,0.15051118462604549,0.013519508788588378,73.82198952879581,0.05482038003879805,59.16230366492147,0.036316395576281184,82.72251308900523,0.010010192019120644,78.53403141361257,0.05052173615190809,26.17801047120419,-0.012944699730568719,25.130890052356023,53.92670157068063,1054275,87.84530386740332,83.31503841931944,501667,-33.91860229672269,TRUE,FALSE,18.556701030927837,High,20.75,79.25,Below Expected Value by Current Model,Center backs,1.1.0,2026-08-01 14:43:31 UTC,80,80,358,Performance data through: 2026-08-01 (updates every day) · MLSPA compensation as of: 2026-04-16,FALSE,2026-08-01 14:43:25 UTC
wvq9go6aMW,asa_wvq9go6aMW_mls_blended,Diego Rossi,diego rossi,1998-03-05,Uruguay,FW,NA,28.32306639288159,mls,mvzqoLZQap,FW,asa_live,TRUE,NA,mlspa_via_asa,1410,3476827,3003,3476827,TRUE,0.6682464454976303,0.33175355450236965,blended,2025+2026 season to date,2406.255924170616,0.2188386902197329,0.07073325489676201,-0.009755483379180061,0.1260841149371955,-0.0014439929738507982,0.027106446160474598,0.00611435057833162,2026,3476827,Columbus Crew,0.21108432719581333,1,0.21729104493213638,0.23177711460152184,0.07544880522557058,68.79432624113475,-0.010405848938117248,79.43262411347517,0.134489722603878,30.49645390070922,-0.0015402591721556513,71.63120567375887,0.028913542572076453,51.773049645390074,0.006521973950424206,58.156028368794324,53.90070921985816,3476827,88.05970149253731,95.82875960482986,535000,-34.15899227267916,TRUE,FALSE,29.310344827586206,High,20.75,79.25,Below Expected Value by Current Model,Strikers,1.1.0,2026-08-01 14:43:31 UTC,42,42,310,Performance data through: 2026-08-01 (updates every day) · MLSPA compensation as of: 2026-04-16,FALSE,2026-08-01 14:43:25 UTC
wvq9gxBmMW,asa_wvq9gxBmMW_mls_blended,Joao Ortíz,joao ortiz,1996-05-01,Ecuador,CM,NA,30.16563997262149,mls,WBLMvYAQxe,CM,asa_live,TRUE,NA,mlspa_via_asa,522,600625,1214,600625,TRUE,0.42716857610474634,0.5728314238952537,blended,2025+2026 season to date,1217.417348608838,0.11507876061335698,0.014099839030190601,0.020836170752028295,0.021066305001388598,-0.016616064085936844,0.08906492718610212,-0.013372417270415795,2026,600625,Portland Timbers FC,0.13644825463003651,1,0.12213365992958847,0.1302759039289655,0.01503982829933997,47.64150943396226,0.022225248802858054,54.716981132075475,0.022470725335516716,48.113207547169814,-0.017723801692219834,11.79245283018868,0.09500258900147776,87.73584905660377,-0.014263911755555927,13.679245283018869,31.60377358490566,600625,56.06060606060606,60.153677277716795,535541.5,-24.456832475700402,TRUE,FALSE,37.254901960784316,Medium,29.75,70.25,Below Expected Value by Current Model,Central and defensive midfielders,1.1.0,2026-08-01 14:43:31 UTC,65,65,276,Performance data through: 2026-08-01 (updates every day) · MLSPA compensation as of: 2026-04-16,FALSE,2026-08-01 14:43:25 UTC
wvq9gzx1MW,asa_wvq9gzx1MW_mls_blended,Sergi Palencia,sergi palencia,1996-03-23,Spain,FB,NA,30.272416153319643,mls,eVq3ya6MWO,FB,asa_live,TRUE,NA,mlspa_via_asa,679,745000,3407,745000,TRUE,0.49238578680203043,0.5076142131979695,blended,2025+2026 season to date,2408.4416243654823,0.11194018819335615,0.010884057542239634,0.007677864304029606,0.02792853811831759,0.01179032099803905,0.05970622335578777,-0.006046816125057546,2026,745000,Los Angeles FC,0.11638469243644946,1,0.11282659480475862,0.12034836779550341,0.011609661378751746,47.422680412371136,0.008189721924554175,38.65979381443299,0.029790440660469715,56.18556701030928,0.012576342398301332,70.10309278350516,0.06368663824816383,62.371134020618555,-0.006449937200262943,26.804123711340207,44.845360824742265,745000,85.94594594594595,70.47200878155873,343925,-41.100585121203686,TRUE,FALSE,15.853658536585366,Medium,29.75,70.25,Below Expected Value by Current Model,Fullbacks and wingbacks,1.1.0,2026-08-01 14:43:31 UTC,70,70,368,Performance data through: 2026-08-01 (updates every day) · MLSPA compensation as of: 2026-04-16,FALSE,2026-08-01 14:43:25 UTC
wvq9jYdBQW,asa_wvq9jYdBQW_mls_blended,Stephen Afrifa,stephen afrifa,2001-02-19,Canada,W,NA,25.360711841204655,mls,Z2vQ1xlqrA,W,asa_live,TRUE,NA,mlspa_via_asa,411,113400,192,113400,TRUE,0.36993699369936994,0.6300630063006301,blended,2025+2026 season to date,531.9720972097209,0.1759004837983798,0.051068350585058514,-0.08057639513951395,0.12006075607560757,-0.027850416291629165,0.03686813681368136,0.07633005175517552,2026,113400,Sporting Kansas City,0.20277985605674193,1,0.19014785208137142,0.2028243755598011,0.05447290729243136,63.31877729257642,-0.08594815481816742,5.240174672489083,0.1280648064846501,79.47598253275109,-0.029707110711999454,15.283842794759826,0.03932601260248906,53.711790393013104,0.08141872187473155,97.81659388646288,40.17467248908297,113400,17.6056338028169,16.41053787047201,520000,22.569038686266072,FALSE,TRUE,NA,Low,41,59,Small-Sample Watchlist,Wingers and attacking midfielders,1.1.0,2026-08-01 14:43:31 UTC,NA,NA,NA,Performance data through: 2026-08-01 (updates every day) · MLSPA compensation as of: 2026-04-16,FALSE,2026-08-01 14:43:25 UTC
wvq9jvANQW,asa_wvq9jvANQW_mls_blended,Markus Anderson,markus anderson,2003-12-11,USA,FW,NA,21.555099247091032,mls,9z5k7Yg5A3,FW,asa_live,TRUE,NA,mlspa_via_asa,0,NA,118,122000,TRUE,0,1,blended,2025+2026 season to date,118,0.03889830508474577,0.0263135593220339,-0.01327118644067796,0.1201271186440678,-0.07901694915254237,-0.01609322033898305,8.389830508474577e-4,2026,122000,Philadelphia Union,0.21108432719581333,1,0.18278634584608358,0.19497210224191536,0.02806779661104661,13.47517730496454,-0.014155932203832197,75.88652482269504,0.12813559322434323,26.24113475177305,-0.08428474576534575,15.602836879432624,-0.017166101695451692,1.4184397163120568,8.949152542652543e-4,39.00709219858156,23.404255319148938,122000,26.865671641791046,21.075740944017564,535000,-3.4614163226421084,FALSE,FALSE,NA,Low,41,59,Insufficient Evidence,Strikers,1.1.0,2026-08-01 14:43:31 UTC,NA,NA,NA,Performance data through: 2026-08-01 (updates every day) · MLSPA compensation as of: 2026-04-16,FALSE,2026-08-01 14:43:25 UTC
wvq9opZMWn,asa_wvq9opZMWn_mls_blended,Jordi Alba,jordi alba,1989-03-21,Spain,FB,NA,36.27926078028747,mls,zeQZkL1MKw,FB,asa_live,TRUE,NA,mlspa_via_asa,0,NA,3463,6000000,TRUE,0,1,blended,2025+2026 season to date,3463,0.19737106555010103,0.01678891134854172,0.06695293098469535,0.05720184810857638,-0.00261449610164597,0.05885994802194629,1.8192318798729423e-4,2026,6000000,Inter Miami CF,0.11638469243644946,1,0.18541147316314782,0.19777223804687138,0.0179081721056708,64.43298969072166,0.07141645971924013,94.3298969072165,0.06101530465105486,84.5360824742268,-0.0027887958418428512,31.95876288659794,0.0627839445587047,60.824742268041234,1.940514005258446e-4,61.855670103092784,96.3917525773196,6000000,100,99.01207464324918,343925,-3.6082474226804067,FALSE,FALSE,NA,Low,41,59,Insufficient Evidence,Fullbacks and wingbacks,1.1.0,2026-08-01 14:43:31 UTC,NA,NA,NA,Performance data through: 2026-08-01 (updates every day) · MLSPA compensation as of: 2026-04-16,FALSE,2026-08-01 14:43:25 UTC
wvq9pAjl5W,asa_wvq9pAjl5W_mls_blended,Ryan Hollingshead,ryan hollingshead,1991-04-16,USA,FB,NA,35.20876112251882,mls,eVq3ya6MWO,FB,asa_live,TRUE,NA,mlspa_via_asa,974,550000,2660,550000,TRUE,0.5818399044205496,0.41816009557945044,blended,2025+2026 season to date,2086.3058542413382,0.12779711375212227,0.019628183361629876,0.00680305602716468,0.05008064516129032,0.023070175438596487,0.032361346915676284,-0.004146293152235424,2026,550000,Los Angeles FC,0.11638469243644946,1,0.12524809172672913,0.133597964512686,0.02093672891972614,70.61855670103093,0.007256593095869094,37.11340206185567,0.05341935484037903,79.89690721649484,0.024608187135271926,86.5979381443299,0.03451877004446675,25.257731958762886,-0.004422712695855995,34.5360824742268,62.371134020618555,550000,72.70270270270271,56.58616904500549,343925,-10.331568682084153,TRUE,FALSE,53.65853658536585,High,20.75,79.25,Fair Value,Fullbacks and wingbacks,1.1.0,2026-08-01 14:43:31 UTC,39,39,204,Performance data through: 2026-08-01 (updates every day) · MLSPA compensation as of: 2026-04-16,FALSE,2026-08-01 14:43:25 UTC
wvq9rwBQWn,asa_wvq9rwBQWn_mls_blended,Casemiro,casemiro,1992-02-23,Brazil,CM,NA,34.351813826146476,mls,zeQZkL1MKw,CM,asa_live,FALSE,NA,NA,107,NA,0,NA,FALSE,1,0,blended,2025+2026 season to date,107,0.2756355140186916,0,0.12869158878504672,0.01127102803738317,0.018841121495327105,0.13079439252336447,-0.0139626168224299,2026,NA,Inter Miami CF,0.13644825463003651,1,0.1575133702659433,0.16801426162225663,0,6.60377358490566,0.13727102804167288,98.58490566037736,0.012022429906917749,22.169811320754718,0.020097196262310282,79.71698113207547,0.1395140186959486,97.16981132075472,-0.014893457944390648,13.20754716981132,77.83018867924528,NA,NA,NA,535541.5,NA,FALSE,FALSE,NA,Insufficient,49,51,Insufficient Evidence,Central and defensive midfielders,1.1.0,2026-08-01 14:43:31 UTC,NA,NA,NA,Performance data through: 2026-08-01 (updates every day) · MLSPA compensation as of: 2026-04-16,FALSE,2026-08-01 14:43:25 UTC
xW5p7L4KMg,asa_xW5p7L4KMg_mls_blended,Elías Baez,elias baez,2004-10-18,Argentina,FB,NA,21.700205338809035,mls,KAqBN0Vqbg,FB,asa_live,TRUE,NA,mlspa_via_asa,1481,293706,0,NA,FALSE,1,0,blended,2025+2026 season to date,1481,0.09153747467927077,0.03144834571235651,0.006921674544226869,0.02909655638082376,-0.00844699527346387,0.04524307900067523,-0.012725185685347732,2026,293706,Atlanta United FC,0.11638469243644946,1,0.09870149709844772,0.10528159690830095,0.03354490209422856,87.62886597938144,0.007383119514072716,37.628865979381445,0.031036326807181897,58.24742268041237,-0.00901012829197636,21.1340206185567,0.04825928426889501,42.2680412371134,-0.01357353139812842,14.948453608247423,27.31958762886598,293706,43.78378378378378,35.78485181119649,343925,-16.464196154917804,TRUE,FALSE,45.1219512195122,High,28.75,71.25,Below Expected Value by Current Model,Fullbacks and wingbacks,1.1.0,2026-08-01 14:43:31 UTC,46,46,241,Performance data through: 2026-08-01 (updates every day) · MLSPA compensation as of: 2026-04-16,FALSE,2026-08-01 14:43:25 UTC
xW5p7lPJMg,asa_xW5p7lPJMg_mls_blended,Andy Rojas,andy rojas,2005-12-05,Costa Rica,CM,NA,20.569472963723477,mls,a2lqRX2Mr0,CM,asa_live,TRUE,NA,mlspa_via_asa,70,213131,0,NA,FALSE,1,0,blended,2025+2026 season to date,70,0.22307142857142856,0.04512857142857143,-0.01787142857142857,0.08331428571428572,0.0117,0.04474285714285714,0.05605714285714285,2026,213131,New York Red Bulls,0.13644825463003651,1,0.14549843698212225,0.15519833278578035,0.04813714285864714,94.33962264150944,-0.019062857143452856,10.849056603773585,0.08886857143134858,94.81132075471699,0.01248000000039,69.81132075471699,0.04772571428720571,29.71698113207547,0.05979428571615428,99.52830188679245,65.09433962264151,213131,28.282828282828284,30.40614709110867,535541.5,36.81151133981323,FALSE,TRUE,NA,Low,49,51,Small-Sample Watchlist,Central and defensive midfielders,1.1.0,2026-08-01 14:43:31 UTC,NA,NA,NA,Performance data through: 2026-08-01 (updates every day) · MLSPA compensation as of: 2026-04-16,FALSE,2026-08-01 14:43:25 UTC
xW5pYyddqg,asa_xW5pYyddqg_mls_blended,Lineker Rodrigues,lineker rodrigues,2002-03-12,Brazil,W,NA,24.303901437371664,mls,a2lqR4JMr0,W,asa_live,FALSE,NA,NA,38,NA,0,NA,FALSE,1,0,blended,2025+2026 season to date,38,0.1269473684210526,0,-0.07792105263157895,0.07863157894736843,-0.01231578947368421,0.14044736842105263,-0.00189473684210526,2026,NA,Real Salt Lake,0.20277985605674193,1,0.19826318751417735,0.21148073335506462,0,6.11353711790393,-0.08311578947628158,5.676855895196507,0.08387368421314738,48.03493449781659,-0.013136842105673684,23.14410480349345,0.14981052632047104,98.2532751091703,-0.002021052631642102,21.397379912663755,48.47161572052402,NA,NA,NA,520000,NA,FALSE,FALSE,NA,Insufficient,49,51,Insufficient Evidence,Wingers and attacking midfielders,1.1.0,2026-08-01 14:43:31 UTC,NA,NA,NA,Performance data through: 2026-08-01 (updates every day) · MLSPA compensation as of: 2026-04-16,FALSE,2026-08-01 14:43:25 UTC
xW5pbAlQg1,asa_xW5pbAlQg1_mls_blended,Maxime Chanot,maxime chanot,1989-11-21,Luxembourg,CB,NA,35.60848733744011,mls,eVq3ya6MWO,CB,asa_live,TRUE,NA,mlspa_via_asa,0,NA,74,400000,TRUE,0,1,blended,2025+2026 season to date,74,0.4013513513513514,0,-0.0197027027027027,-0.00291891891891891,-1.2162162162162164e-4,0.42409459459459464,0,2026,400000,Los Angeles FC,0.13407640205361335,1,0.16342112942458162,0.17431587139166776,0,6.806282722513089,-0.021016216216872972,1.0471204188481675,-0.0031135135136108015,0.5235602094240838,-1.297297297337838e-4,37.17277486910995,0.4523675675817041,100,0,78.01047120418848,78.01047120418848,400000,39.77900552486188,44.182217343578486,501667,38.2314656793266,FALSE,FALSE,NA,Low,41,59,Insufficient Evidence,Center backs,1.1.0,2026-08-01 14:43:31 UTC,NA,NA,NA,Performance data through: 2026-08-01 (updates every day) · MLSPA compensation as of: 2026-04-16,FALSE,2026-08-01 14:43:25 UTC
xW5pr1oYQg,asa_xW5pr1oYQg_mls_blended,Josh Sargent,josh sargent,2000-02-20,USA,FW,NA,26.360027378507873,mls,kRQabn8MKZ,FW,asa_live,TRUE,NA,mlspa_via_asa,865,5265667,0,NA,FALSE,1,0,blended,2025+2026 season to date,865,0.28200693641618496,0.07869017341040462,-0.01097687861271676,0.193328323699422,-0.01042543352601156,0.02440924855491329,0.00698150289017341,2026,5265667,Toronto FC,0.21108432719581333,1,0.25296013400511125,0.26982414294721735,0.08393618497372127,76.59574468085107,-0.011708670520597106,78.01418439716312,0.20621687861916108,57.4468085106383,-0.011120462428093178,63.829787234042556,0.02603653179272115,43.97163120567376,0.007446936416417688,63.12056737588652,77.30496453900709,5265667,97.01492537313433,98.57299670691548,535000,-19.709960834127244,TRUE,FALSE,39.6551724137931,Low,37.75,62.25,Below Expected Value by Current Model,Strikers,1.1.0,2026-08-01 14:43:31 UTC,36,36,265,Performance data through: 2026-08-01 (updates every day) · MLSPA compensation as of: 2026-04-16,FALSE,2026-08-01 14:43:25 UTC
xW5pr6gRQg,asa_xW5pr6gRQg_mls_blended,Diogo Gonçalves,diogo goncalves,1997-02-06,Portugal,W,NA,28.396988364134156,mls,a2lqR4JMr0,W,asa_live,TRUE,NA,mlspa_via_asa,0,NA,2540,1797108,TRUE,0,1,blended,2025+2026 season to date,2540,0.20703543307086614,0.05635984251968504,0.03299173228346457,0.07626968503937008,-7.440944881889764e-4,0.04012086614173229,0.00203740157480314,2026,1797108,Real Salt Lake,0.20277985605674193,1,0.2062222654885494,0.21997041652799346,0.06011716535620937,72.92576419213974,0.03519118110346193,82.53275109170306,0.08135433071120374,45.414847161572055,-7.93700787426378e-4,33.18777292576419,0.04279559055251847,59.82532751091703,0.002173228346524596,54.148471615720524,58.951965065502186,1797108,83.5680751173709,91.65751920965971,520000,-24.61611005186871,FALSE,FALSE,NA,Low,41,59,Insufficient Evidence,Wingers and attacking midfielders,1.1.0,2026-08-01 14:43:31 UTC,NA,NA,NA,Performance data through: 2026-08-01 (updates every day) · MLSPA compensation as of: 2026-04-16,FALSE,2026-08-01 14:43:25 UTC
xW5prAjYQg,asa_xW5prAjYQg_mls_blended,Raoul Petretta,raoul petretta,1997-03-24,Italy,FB,NA,28.27104722792608,mls,kRQabn8MKZ,FB,asa_live,TRUE,NA,mlspa_via_asa,0,NA,2069,854750,TRUE,0,1,blended,2025+2026 season to date,2069,0.09843885935234412,0.00250120831319478,0.02264137264378927,0.02211068148864185,-0.01435911068148864,0.06976848719188014,-0.00422377960367327,2026,854750,Toronto FC,0.11638469243644946,1,0.1024731417991269,0.10930468458915113,0.0026679555341578057,17.52577319587629,0.024150797487463266,58.24742268041237,0.023584726921954995,47.422680412371136,-0.015316384727399853,15.97938144329897,0.07441971967366444,76.28865979381443,-0.004505364910725613,33.50515463917526,30.927835051546392,854750,91.35135135135135,77.16794731064763,343925,-60.42351629980496,FALSE,FALSE,NA,Low,41,59,Insufficient Evidence,Fullbacks and wingbacks,1.1.0,2026-08-01 14:43:31 UTC,NA,NA,NA,Performance data through: 2026-08-01 (updates every day) · MLSPA compensation as of: 2026-04-16,FALSE,2026-08-01 14:43:25 UTC
xW5prK4BQg,asa_xW5prK4BQg_mls_blended,Ariel Lassiter,ariel lassiter,1994-09-27,Costa Rica,W,NA,31.759069130732374,mls,WBLMvYAQxe,W,asa_live,TRUE,NA,mlspa_via_asa,435,358000,685,358000,TRUE,0.3832599118942731,0.6167400881057269,blended,2025+2026 season to date,857.4669603524229,0.13510580404514616,0.026870002250876227,-0.0014746583491430545,0.06198183864432939,0.009362963439338887,0.032596443615550336,0.005769214444194345,2026,358000,Portland Timbers FC,0.20277985605674193,1,0.16296539353260808,0.17382975310688079,0.02866133573516364,28.38427947598253,-0.0015729689058017467,52.40174672489083,0.06611396122268408,31.441048034934497,0.009987161002273579,45.414847161572055,0.03476953985767357,45.851528384279476,0.006153828740666276,65.06550218340611,17.467248908296945,358000,38.028169014084504,41.1635565312843,520000,-20.56092010578756,FALSE,TRUE,NA,Low,41,59,Small-Sample Watchlist,Wingers and attacking midfielders,1.1.0,2026-08-01 14:43:31 UTC,NA,NA,NA,Performance data through: 2026-08-01 (updates every day) · MLSPA compensation as of: 2026-04-16,FALSE,2026-08-01 14:43:25 UTC
xW5prZBdQg,asa_xW5prZBdQg_mls_blended,Henry Wingo,henry wingo,1995-10-04,USA,FB,NA,30.740588637919235,mls,kRQabn8MKZ,FB,asa_live,TRUE,NA,mlspa_via_asa,21,796031,309,796031,TRUE,0.15,0.85,blended,2025+2026 season to date,283.65,0.1336002773925104,0.02140714285714286,0.02667253814147017,0.01041615811373093,-0.009120457697642163,0.1462914008321775,-0.06206650485436893,2026,796031,Toronto FC,0.11638469243644946,1,0.12191086306145561,0.13003825393628302,0.022834285714999288,75.25773195876289,0.0284507073517906,63.402061855670105,0.01111056865499353,20.61855670103093,-0.009728488211122323,20.61855670103093,0.1560441608925324,95.87628865979381,-0.06620427184672907,2.577319587628866,58.76288659793814,796031,89.1891891891892,73.8748627881449,343925,-30.42630259125105,FALSE,TRUE,NA,Low,41,59,Small-Sample Watchlist,Fullbacks and wingbacks,1.1.0,2026-08-01 14:43:31 UTC,NA,NA,NA,Performance data through: 2026-08-01 (updates every day) · MLSPA compensation as of: 2026-04-16,FALSE,2026-08-01 14:43:25 UTC
xW5prbllQg,asa_xW5prbllQg_mls_blended,Artur,artur,1996-03-11,Brazil,CM,NA,30.305270362765228,mls,YgOMngl5wN,CM,asa_live,TRUE,NA,mlspa_via_asa,637,958379,3237,958379,TRUE,0.47643979057591623,0.5235602094240838,blended,2025+2026 season to date,2331.7643979057593,0.06535559463560472,0.008030081317156313,0.016287130456120548,0.00718787583450423,0.0018452783575473271,0.040925455229814015,-0.008920226559537727,2026,958379,Houston Dynamo FC,0.13644825463003651,1,0.07990505707778772,0.08523206088563708,0.008565420071901069,27.358490566037737,0.017372939153738155,50,0.007667067557044108,13.679245283018869,0.0019682969147786582,45.283018867924525,0.0436538189131658,23.11320754716981,-0.009514908330470915,19.339622641509433,4.245283018867925,958379,85.35353535353535,81.22941822173436,535541.5,-81.10825233466743,TRUE,FALSE,2.9411764705882355,Medium,29.75,70.25,Below Expected Value by Current Model,Central and defensive midfielders,1.1.0,2026-08-01 14:43:31 UTC,100,100,426,Performance data through: 2026-08-01 (updates every day) · MLSPA compensation as of: 2026-04-16,FALSE,2026-08-01 14:43:25 UTC
xW5prl1KQg,asa_xW5prl1KQg_mls_blended,Dominique Badji,dominique badji,1992-10-16,Senegal,FW,NA,32.70636550308008,mls,EKXMeX3Q64,FW,asa_live,TRUE,NA,mlspa_via_asa,0,NA,866,435000,TRUE,0,1,blended,2025+2026 season to date,866,0.1968048498845266,0.03810969976905312,-0.07506581986143188,0.16522170900692842,0.00843879907621247,0.061441108545034644,-0.0013406466512702,2026,435000,D.C. United,0.21108432719581333,1,0.20264911072134245,0.21615905144285358,0.040650346421593646,24.113475177304963,-0.0800702078546962,17.73049645390071,0.1762364896128977,46.808510638297875,0.009001385681574596,80.1418439716312,0.06553718245008498,95.0354609929078,-0.0014300230947329015,24.822695035460992,40.42553191489362,435000,45.52238805970149,46.816684961580684,535000,-5.096856144807873,FALSE,FALSE,NA,Low,41,59,Insufficient Evidence,Strikers,1.1.0,2026-08-01 14:43:31 UTC,NA,NA,NA,Performance data through: 2026-08-01 (updates every day) · MLSPA compensation as of: 2026-04-16,FALSE,2026-08-01 14:43:25 UTC
xW5pro36Qg,asa_xW5pro36Qg_mls_blended,Sergio Córdova,sergio cordova,1997-08-09,Venezuela,FW,NA,28.892539356605067,mls,wvq9B9wQWn,FW,asa_live,TRUE,NA,mlspa_via_asa,563,1213500,0,NA,FALSE,1,0,blended,2025+2026 season to date,563,0.1385968028419183,0.03449733570159858,-0.03459325044404973,0.11602486678507994,-0.0106785079928952,0.02367495559502664,0.00967140319715808,2026,1213500,St. Louis City SC,0.21108432719581333,1,0.17599363397892348,0.18772654291671817,0.036797158082855067,18.43971631205674,-0.03689946714147282,58.156028368794324,0.12375985790795276,25.53191489361702,-0.01139040852611083,63.12056737588652,0.025253285968817582,42.5531914893617,0.010316163410624333,68.08510638297872,19.148936170212767,1213500,70.14925373134328,86.16904500548847,535000,-51.000317561130515,TRUE,FALSE,12.068965517241379,Low,37.75,62.25,Below Expected Value by Current Model,Strikers,1.1.0,2026-08-01 14:43:31 UTC,52,52,386,Performance data through: 2026-08-01 (updates every day) · MLSPA compensation as of: 2026-04-16,FALSE,2026-08-01 14:43:25 UTC
xW5pw3PYMg,asa_xW5pw3PYMg_mls_blended,Conrad Wallem,conrad wallem,2000-06-09,Norway,FB,NA,26.05886379192334,mls,wvq9B9wQWn,FB,asa_live,TRUE,NA,mlspa_via_asa,1304,657188,2726,657188,TRUE,0.6506986027944112,0.34930139720558884,blended,2025+2026 season to date,2256.195608782435,0.10294898537481163,0.021578428615988854,-0.004717806133880445,0.03891072989750506,0.02084635644338615,0.05370781035141749,-0.027376533799605487,2026,657188,St. Louis City SC,0.11638469243644946,1,0.10577141959892249,0.11282284757570969,0.023016990524440725,76.28865979381443,-0.005032326542963068,24.742268041237114,0.041504778558635755,70.10309278350516,0.022236113540306773,84.02061855670104,0.05728833104330225,52.577319587628864,-0.029201636053825072,5.670103092783505,36.597938144329895,657188,81.08108108108108,64.21514818880351,343925,-44.483142936751186,TRUE,FALSE,12.195121951219512,High,20.75,79.25,Below Expected Value by Current Model,Fullbacks and wingbacks,1.1.0,2026-08-01 14:43:31 UTC,73,73,385,Performance data through: 2026-08-01 (updates every day) · MLSPA compensation as of: 2026-04-16,FALSE,2026-08-01 14:43:25 UTC
xW5pw8KGMg,asa_xW5pw8KGMg_mls_blended,Lawrence Ennali,lawrence ennali,2002-03-07,Germany,FB,NA,24.317590691307323,mls,YgOMngl5wN,FB,asa_live,TRUE,NA,mlspa_via_asa,1414,574250,1149,574250,TRUE,0.6688741721854304,0.33112582781456956,blended,2025+2026 season to date,1794.4635761589404,0.14126077177884105,0.030225023528336514,-0.049851891283029214,0.06501694534262445,0.049949276364705274,0.04177537663864674,0.00414604118755727,2026,574250,Houston Dynamo FC,0.11638469243644946,1,0.13502737246801177,0.14402919730371347,0.032240025097899784,86.5979381443299,-0.053175350703559554,4.639175257731959,0.06935140836763332,89.17525773195877,0.05327922812401727,94.84536082474227,0.04456040174928237,35.05154639175258,0.004422443933532623,86.08247422680412,73.19587628865979,574250,74.05405405405405,58.397365532382,343925,-0.8581777653942595,TRUE,FALSE,64.63414634146342,High,20.75,79.25,Fair Value,Fullbacks and wingbacks,1.1.0,2026-08-01 14:43:31 UTC,30,30,157,Performance data through: 2026-08-01 (updates every day) · MLSPA compensation as of: 2026-04-16,FALSE,2026-08-01 14:43:25 UTC
xW5pwBoGMg,asa_xW5pwBoGMg_mls_blended,Shane Donovan,shane donovan,2007-01-06,USA,W,NA,19.482546201232033,mls,Z2vQ1xlqrA,W,asa_live,FALSE,NA,NA,6,NA,0,NA,FALSE,1,0,blended,2025+2026 season to date,6,0.207,0,0.0735,0.1335,0,0,0,2026,NA,Sporting Kansas City,0.20277985605674193,1,0.20282163966014052,0.21634308231091062,0,6.11353711790393,0.07840000000245,93.88646288209607,0.14240000000445,82.09606986899563,0,34.06113537117904,0,8.296943231441048,0,37.77292576419214,53.711790393013104,NA,NA,NA,520000,NA,FALSE,FALSE,NA,Insufficient,49,51,Insufficient Evidence,Wingers and attacking midfielders,1.1.0,2026-08-01 14:43:31 UTC,NA,NA,NA,Performance data through: 2026-08-01 (updates every day) · MLSPA compensation as of: 2026-04-16,FALSE,2026-08-01 14:43:25 UTC
xW5pwEwGMg,asa_xW5pwEwGMg_mls_blended,Finn Surman,finn surman,2003-09-23,New Zealand,CB,NA,22.770704996577688,mls,WBLMvYAQxe,CB,asa_live,TRUE,NA,mlspa_via_asa,1704,303233,3460,303233,TRUE,0.7088186356073212,0.29118136439267883,blended,2025+2026 season to date,2711.487520798669,0.2355691333326922,0.008119091014013247,0.04799821107402884,0.008376350110124733,0.002997583507256689,0.16124986294518767,0.006828034682080925,2026,303233,Portland Timbers FC,0.13407640205361335,1,0.21717992353347773,0.23165858510961557,0.008660363748551433,50.78534031413613,0.05119809181389737,51.30890052356021,0.008934773451078928,29.319371727748692,0.003197422407840388,51.30890052356021,0.1719998538135752,94.76439790575917,0.007283236994447254,97.38219895287958,98.95287958115183,303233,32.59668508287293,36.333699231613615,501667,66.35619449827891,TRUE,FALSE,94.84536082474227,High,14,86,Elite Value,Center backs,1.1.0,2026-08-01 14:43:31 UTC,6,6,25,Performance data through: 2026-08-01 (updates every day) · MLSPA compensation as of: 2026-04-16,FALSE,2026-08-01 14:43:25 UTC
xW5pxANJ5g,asa_xW5pxANJ5g_mls_blended,Marcus Ingvartsen,marcus ingvartsen,1996-01-04,Denmark,FW,NA,30.48870636550308,mls,zeQZBOzQKw,FW,asa_live,TRUE,NA,mlspa_via_asa,1406,1800000,580,1800000,TRUE,0.6676163342830009,0.33238366571699907,blended,2025+2026 season to date,1598.7825261158596,0.20463424697907456,0.06406424992631889,-0.05266917182434423,0.23627807250221045,-0.07048909519599174,0.021117742410845856,0.006332449160035365,2026,1800000,San Diego FC,0.21108432719581333,1,0.20639433379260755,0.22015395605232785,0.06833519992354228,58.86524822695036,-0.05618044994772282,35.46099290780142,0.25202994401023376,78.01418439716312,-0.0751883682114075,17.02127659574468,0.02252559190560617,35.46099290780142,0.006754612437582137,60.283687943262414,47.5177304964539,1800000,78.35820895522389,91.87705817782657,535000,-30.840478458769987,TRUE,FALSE,32.758620689655174,High,20.75,79.25,Below Expected Value by Current Model,Strikers,1.1.0,2026-08-01 14:43:31 UTC,40,40,296,Performance data through: 2026-08-01 (updates every day) · MLSPA compensation as of: 2026-04-16,FALSE,2026-08-01 14:43:25 UTC
xW5pxRGB5g,asa_xW5pxRGB5g_mls_blended,Thiago Martins,thiago martins,1995-03-17,Brazil,CB,NA,31.290896646132783,mls,Vj58weDM8n,CB,asa_live,TRUE,NA,mlspa_via_asa,1706,2262000,3504,2262000,TRUE,0.7090606816292602,0.29093931837073983,blended,2025+2026 season to date,2725.4513715710723,0.16303745345540258,0.004797001503091584,0.08670277644928774,0.009013895056878347,0.008395210603627912,0.06297404177911387,-0.008845471936596863,2026,2262000,New York City FC,0.13407640205361335,1,0.1578121084121328,0.16833291564486874,0.00511680160345759,27.225130890052355,0.09248296154879701,92.67015706806282,0.009614821394304033,32.460732984293195,0.00895489131081628,73.82198952879581,0.06717231123315393,42.40837696335078,-0.00943517006599817,32.460732984293195,74.86910994764398,2262000,99.4475138121547,93.52360043907794,501667,-24.57840386451072,TRUE,FALSE,24.742268041237114,High,14,86,Below Expected Value by Current Model,Center backs,1.1.0,2026-08-01 14:43:31 UTC,74,74,330,Performance data through: 2026-08-01 (updates every day) · MLSPA compensation as of: 2026-04-16,FALSE,2026-08-01 14:43:25 UTC
xW5py2Jdqg,asa_xW5py2Jdqg_mls_blended,Markus Cimermancic,markus cimermancic,2004-10-01,Canada,W,NA,21.74674880219028,mls,kRQabn8MKZ,W,asa_live,TRUE,NA,mlspa_via_asa,150,101881,326,101881,TRUE,0.17647058823529413,0.8235294117647058,blended,2025+2026 season to date,418.4705882352941,0.12359900396968602,0.0028396607722843705,-0.047196831468783826,0.045472638036809815,-0.0019030891374954796,0.13252949837603753,-0.008142872609166366,2026,101881,Toronto FC,0.20277985605674193,1,0.1702459192571973,0.18159564721335197,0.003028971490531317,12.22707423580786,-0.05034328690160931,12.663755458515285,0.048504147240779553,16.593886462882097,-0.0020299617467252813,31.87772925764192,0.141364798272191,97.81659388646288,-0.00868573078338222,6.11353711790393,21.397379912663755,101881,13.145539906103286,11.306256860592756,520000,8.25184000656047,FALSE,TRUE,NA,Low,41,59,Small-Sample Watchlist,Wingers and attacking midfielders,1.1.0,2026-08-01 14:43:31 UTC,NA,NA,NA,Performance data through: 2026-08-01 (updates every day) · MLSPA compensation as of: 2026-04-16,FALSE,2026-08-01 14:43:25 UTC
xW5pyAAGqg,asa_xW5pyAAGqg_mls_blended,Anthony Ramirez,anthony ramirez,2005-12-22,USA,W,NA,19.523613963039015,mls,mKAqBBmqbg,W,asa_live,TRUE,NA,mlspa_via_asa,0,NA,11,80622,TRUE,0,1,blended,2025+2026 season to date,11,0.07363636363636364,0,-0.135,0.05563636363636364,-0.01390909090909091,0,0.16690909090909092,2026,80622,FC Dallas,0.20277985605674193,1,0.20045485046488568,0.21381850716922654,0,6.11353711790393,-0.1440000000045,1.3100436681222707,0.05934545454730909,24.45414847161572,-0.014836363636827273,22.270742358078603,0,8.296943231441048,0.1780363636419273,99.56331877729258,51.09170305676856,80622,1.408450704225352,1.0428100987925357,520000,49.68325235254321,FALSE,FALSE,NA,Low,41,59,Insufficient Evidence,Wingers and attacking midfielders,1.1.0,2026-08-01 14:43:31 UTC,NA,NA,NA,Performance data through: 2026-08-01 (updates every day) · MLSPA compensation as of: 2026-04-16,FALSE,2026-08-01 14:43:25 UTC
xW5pyAVYqg,asa_xW5pyAVYqg_mls_blended,Stas Kornzeniowski,stas kornzeniowski,2003-01-30,USA,FW,NA,23.416837782340863,mls,9z5k7Yg5A3,FW,asa_live,TRUE,NA,mlspa_via_asa,185,88025,0,NA,FALSE,1,0,blended,2025+2026 season to date,185,0.4917405405405405,0.09865945945945948,-0.09423243243243246,0.312372972972973,0.04821081081081081,0.00715135135135135,0.11957837837837838,2026,88025,Philadelphia Union,0.21108432719581333,1,0.2772262373471185,0.2957079865128339,0.10523675676004542,93.61702127659575,-0.10051459459773569,7.801418439716312,0.3331978378482503,93.61702127659575,0.05142486486647189,94.32624113475177,0.007628108108346485,14.893617021276595,0.12755027027425622,100,85.81560283687944,88025,7.08955223880597,4.33589462129528,535000,78.72605059807347,FALSE,TRUE,NA,Low,49,51,Small-Sample Watchlist,Strikers,1.1.0,2026-08-01 14:43:31 UTC,NA,NA,NA,Performance data through: 2026-08-01 (updates every day) · MLSPA compensation as of: 2026-04-16,FALSE,2026-08-01 14:43:25 UTC
xW5pyEZBqg,asa_xW5pyEZBqg_mls_blended,Samuel Bassett,samuel bassett,2003-04-13,USA,W,NA,22.217659137577,mls,pzeQZ6xQKw,W,asa_live,TRUE,NA,mlspa_via_asa,0,NA,414,80622,TRUE,0,1,blended,2025+2026 season to date,414,-0.03571739130434783,0.0307391304347826,-0.10221739130434782,0.06971739130434783,0.02308695652173913,-0.007239130434782601,-0.04980434782608695,2026,80622,Colorado Rapids,0.20277985605674193,1,0.10540524027026149,0.11243225629179243,0.03278840579812608,31.87772925764192,-0.10903188406137825,2.183406113537118,0.07436521739362827,38.8646288209607,0.024626086957291304,58.951965065502186,-0.007721739130676079,5.240174672489083,-0.05312463768281955,0.8733624454148472,0.4366812227074236,80622,1.408450704225352,1.0428100987925357,520000,-0.9717694815179284,FALSE,FALSE,NA,Low,41,59,Insufficient Evidence,Wingers and attacking midfielders,1.1.0,2026-08-01 14:43:31 UTC,NA,NA,NA,Performance data through: 2026-08-01 (updates every day) · MLSPA compensation as of: 2026-04-16,FALSE,2026-08-01 14:43:25 UTC
xW5pyPEYqg,asa_xW5pyPEYqg_mls_blended,Érik Dueñas,erik duenas,2004-10-18,USA,CM,NA,20.700889801505816,mls,YgOMngl5wN,CM,asa_live,TRUE,NA,mlspa_via_asa,0,NA,201,170625,TRUE,0,1,blended,2025+2026 season to date,201,0.14807462686567163,0.04656716417910447,0.06940298507462686,0.03497014925373134,-0.028970149253731335,0.03394029850746269,-0.00783582089552239,2026,170625,Houston Dynamo FC,0.13644825463003651,1,0.13936573380527079,0.1486567827302677,0.049671641792597004,94.81132075471699,0.07402985074858208,88.20754716981132,0.0373014925384791,68.86792452830188,-0.030901492538279094,5.188679245283019,0.03620298507575821,15.566037735849056,-0.008358208955485075,21.22641509433962,56.60377358490566,170625,24.242424242424242,27.552140504939626,535541.5,32.36134934248142,FALSE,FALSE,NA,Low,41,59,Insufficient Evidence,Central and defensive midfielders,1.1.0,2026-08-01 14:43:31 UTC,NA,NA,NA,Performance data through: 2026-08-01 (updates every day) · MLSPA compensation as of: 2026-04-16,FALSE,2026-08-01 14:43:25 UTC
xW5pygjdqg,asa_xW5pygjdqg_mls_blended,Jalen Neal,jalen neal,2003-08-24,USA,CB,NA,22.85284052019165,mls,APk5LGOMOW,CB,asa_live,TRUE,NA,mlspa_via_asa,623,756250,1066,756250,TRUE,0.4708994708994709,0.5291005291005291,blended,2025+2026 season to date,1187.021164021164,0.10665475871399216,0.005840014805171593,0.005987147579482077,0.011109890109890106,4.10269173335376e-4,0.08420087809983279,-0.00089344105371979665,2026,756250,CF Montréal,0.13407640205361335,1,0.11586169276437024,0.1235858056191903,0.006229349125711033,34.55497382198953,0.00638629075164712,5.7591623036649215,0.011850549450919776,37.696335078534034,4.3762045157141004e-4,39.79057591623037,0.08981426997596167,68.06282722513089,-9.530037906642311e-4,70.15706806282722,27.225130890052355,756250,68.50828729281768,71.29527991218441,501667,-41.28315640276533,TRUE,FALSE,15.463917525773196,Medium,29.75,70.25,Below Expected Value by Current Model,Center backs,1.1.0,2026-08-01 14:43:31 UTC,83,83,372,Performance data through: 2026-08-01 (updates every day) · MLSPA compensation as of: 2026-04-16,FALSE,2026-08-01 14:43:25 UTC
xW5pykn0qg,asa_xW5pykn0qg_mls_blended,Juan Berrocal,juan berrocal,1999-02-05,Spain,CB,NA,27.40041067761807,mls,KAqBN0Vqbg,CB,asa_live,TRUE,NA,mlspa_via_asa,821,1424666.6,653,1424666.6,TRUE,0.539776462853386,0.460223537146614,blended,2025+2026 season to date,1121.525969756739,0.1381822448961099,0.003912520275107149,0.06209482860171987,0.018147548411065896,0.002191088920503459,0.08215392770734979,-0.030317669019636263,2026,1424666.6,Atlanta United FC,0.13407640205361335,1,0.13675124370950215,0.145867993294694,0.00417335496024471,21.98952879581152,0.06623448384390436,72.77486910994764,0.01935738497240854,60.73298429319372,0.0023371615152767257,47.64397905759162,0.08763085622391158,64.92146596858639,-0.03233884695528927,8.37696335078534,46.07329842931937,1424666.6,97.23756906077348,89.02305159165752,501667,-51.16427063145411,TRUE,FALSE,11.34020618556701,Medium,29.75,70.25,Below Expected Value by Current Model,Center backs,1.1.0,2026-08-01 14:43:31 UTC,87,87,389,Performance data through: 2026-08-01 (updates every day) · MLSPA compensation as of: 2026-04-16,FALSE,2026-08-01 14:43:25 UTC
xW5pynPBqg,asa_xW5pynPBqg_mls_blended,Guilherme Biro,guilherme biro,2000-05-01,Brazil,FB,NA,26.16563997262149,mls,gpMOLwl5zy,FB,asa_live,TRUE,NA,mlspa_via_asa,1156,325000,3085,325000,TRUE,0.6228448275862069,0.37715517241379315,blended,2025+2026 season to date,2319.5237068965516,0.15321473743223607,0.017299680741071927,0.03362360804504555,0.06504686277454871,-0.018757117832392547,0.05507665008662606,9.250536173363855e-4,2026,325000,Austin FC,0.11638469243644946,1,0.1456456853484076,0.15535539770982296,0.018452992791053377,67.01030927835052,0.03586518191583604,73.71134020618557,0.06938332029502019,89.69072164948453,-0.020007592355177288,11.855670103092784,0.05874842676090368,55.154639175257735,9.867238585229796e-4,68.55670103092784,81.44329896907216,325000,48.108108108108105,38.30954994511526,343925,33.335190860964055,TRUE,FALSE,89.02439024390245,High,20.75,79.25,Strong Value,Fullbacks and wingbacks,1.1.0,2026-08-01 14:43:31 UTC,10,10,51,Performance data through: 2026-08-01 (updates every day) · MLSPA compensation as of: 2026-04-16,FALSE,2026-08-01 14:43:25 UTC
xW5pynj0qg,asa_xW5pynj0qg_mls_blended,Matheus Nascimento,matheus nascimento,2004-03-03,Brazil,FW,NA,22.327173169062284,mls,kaDQ0wRqEv,FW,asa_live,TRUE,NA,mlspa_via_asa,193,707000,1309,707000,TRUE,0.21612541993281076,0.7838745800671892,blended,2025+2026 season to date,1219.0918253079508,0.1631499062823745,0.05296273451862675,-0.05789526980495954,0.1761185273457851,-0.04142497499865262,0.029641723206639874,0.0037471660149349297,2026,707000,LA Galaxy,0.21108432719581333,1,0.17896035199376373,0.19089104213264665,0.05649358348830062,46.09929078014184,-0.06175495446055335,29.078014184397162,0.18785976250804137,51.06382978723404,-0.04418663999994363,36.87943262411348,0.03161783808807059,57.4468085106383,0.003996977082722164,53.191489361702125,21.27659574468085,707000,57.46268656716418,67.61800219538968,535000,-36.18609082248332,FALSE,TRUE,NA,Low,41,59,Small-Sample Watchlist,Strikers,1.1.0,2026-08-01 14:43:31 UTC,NA,NA,NA,Performance data through: 2026-08-01 (updates every day) · MLSPA compensation as of: 2026-04-16,FALSE,2026-08-01 14:43:25 UTC
xW5pyrwKqg,asa_xW5pyrwKqg_mls_blended,Obinna Nwobodo,obinna nwobodo,1996-11-29,Nigeria,CM,NA,29.58521560574949,mls,NWMWlBK5lz,CM,asa_live,TRUE,NA,mlspa_via_asa,651,1849724,1019,1849724,TRUE,0.48186528497409326,0.5181347150259068,blended,2025+2026 season to date,1178.979274611399,0.0872030008665845,0.014574183046178853,-0.012684245087235929,0.013938945381932761,0.007957716778688267,0.07656715012831698,-0.01315074938129644,2026,1849724,FC Cincinnati,0.13644825463003651,1,0.10381204892001138,0.11073285218480587,0.01554579524974325,49.528301886792455,-0.013529861426807798,16.50943396226415,0.014868208407859577,29.71698113207547,0.008488231230866075,60.84905660377358,0.08167162680609036,80.66037735849056,-0.01402746600715456,14.150943396226415,15.566037735849056,1849724,97.47474747474747,92.09659714599341,535541.5,-81.90870973889842,TRUE,FALSE,1.9607843137254901,Medium,29.75,70.25,Below Expected Value by Current Model,Central and defensive midfielders,1.1.0,2026-08-01 14:43:31 UTC,101,101,430,Performance data through: 2026-08-01 (updates every day) · MLSPA compensation as of: 2026-04-16,FALSE,2026-08-01 14:43:25 UTC
xW5pyx70qg,asa_xW5pyx70qg_mls_blended,Tucker Lepley,tucker lepley,2002-01-17,USA,CM,NA,23.45242984257358,mls,kaDQ0wRqEv,CM,asa_live,TRUE,NA,mlspa_via_asa,0,NA,646,82308,TRUE,0,1,blended,2025+2026 season to date,646,0.1690356037151703,0.04362074303405573,-0.05092105263157894,0.07353250773993808,0.03052476780185758,0.06411455108359133,0.0081640866873065,2026,82308,LA Galaxy,0.13644825463003651,1,0.15334346129857296,0.16356635872358927,0.04652879257111347,92.45283018867924,-0.05431578947538157,5.188679245283019,0.0784346749250517,92.45283018867924,0.03255975232299891,89.62264150943396,0.06838885449130123,63.20754716981132,0.00870835913339907,88.67924528301887,72.16981132075472,82308,2.0202020202020203,1.9758507135016465,535541.5,70.1496093005527,FALSE,FALSE,NA,Low,41,59,Insufficient Evidence,Central and defensive midfielders,1.1.0,2026-08-01 14:43:31 UTC,NA,NA,NA,Performance data through: 2026-08-01 (updates every day) · MLSPA compensation as of: 2026-04-16,FALSE,2026-08-01 14:43:25 UTC
xW5pyyaJqg,asa_xW5pyyaJqg_mls_blended,Braian Ojeda,braian ojeda,2000-06-27,Paraguay,CM,NA,26.00958247775496,mls,jYQJ8EW5GR,CM,asa_live,TRUE,NA,mlspa_via_asa,1729,910500,2431,910500,TRUE,0.7118155619596542,0.28818443804034577,blended,2025+2026 season to date,2429.576368876081,0.12086771594230489,0.017087023165002484,0.013591924264919685,0.015630487329249824,0.012797217530731686,0.05683626324514611,0.004924800407255059,2026,910500,Orlando City SC,0.13644825463003651,1,0.12395340254478754,0.1322169627185718,0.018226158043238884,58.490566037735846,0.014498052549700729,46.22641509433962,0.016672519818387493,33.9622641509434,0.013650365366540372,73.58490566037736,0.06062534746338372,49.528301886792455,0.005253120434569556,84.90566037735849,33.9622641509434,910500,83.33333333333333,79.36333699231614,535541.5,-49.37106918238993,TRUE,FALSE,12.745098039215685,High,14,86,Below Expected Value by Current Model,Central and defensive midfielders,1.1.0,2026-08-01 14:43:31 UTC,90,90,382,Performance data through: 2026-08-01 (updates every day) · MLSPA compensation as of: 2026-04-16,FALSE,2026-08-01 14:43:25 UTC
zeQZ7DJzMK,asa_zeQZ7DJzMK_mls_blended,Tristan Muyumba,tristan muyumba,1997-03-07,France,CM,NA,29.31690622861054,mls,KAqBN0Vqbg,CM,asa_live,TRUE,NA,mlspa_via_asa,1433,641600,1323,641600,TRUE,0.6718237224566338,0.3281762775433662,blended,2025+2026 season to date,1867.1772151898736,0.1585036054740696,0.017618400196459265,0.04759556180653225,0.039089746165695535,-0.010838635501082756,0.0655866318397964,-5.48099033331099e-4,2026,641600,Atlanta United FC,0.13644825463003651,1,0.15313990057887772,0.1633492272892409,0.01879296021014383,60.37735849056604,0.050768599261887586,77.83018867924528,0.041695729244711564,75,-0.011561211201516227,16.9811320754717,0.06995907396463572,66.50943396226415,-5.846389689047755e-4,54.716981132075475,71.69811320754717,641600,60.101010101010104,63.11745334796927,535541.5,11.597103106537062,TRUE,FALSE,68.62745098039215,High,20.75,79.25,Undervalued,Central and defensive midfielders,1.1.0,2026-08-01 14:43:31 UTC,33,33,140,Performance data through: 2026-08-01 (updates every day) · MLSPA compensation as of: 2026-04-16,FALSE,2026-08-01 14:43:25 UTC
zeQZJ7YgQK,asa_zeQZJ7YgQK_mls_blended,Rudy Camacho,rudy camacho,1991-03-05,France,CB,NA,35.32375085557837,mls,mvzqoLZQap,CB,asa_live,TRUE,NA,mlspa_via_asa,1658,415000,12,415000,TRUE,0.7031382527565734,0.2968617472434266,blended,2025+2026 season to date,1661.562340966921,0.1667226463104326,0.0060954198473282435,0.1305470737913486,0.007110687022900764,-0.0013727735368956745,0.04272900763358779,-0.01838676844783715,2026,415000,Columbus Crew,0.13407640205361335,1,0.15806148928669259,0.16859892191107415,0.00650178117068664,36.12565445026178,0.13925021204845675,99.47643979057591,0.0075847328246645045,25.654450261780106,-0.0014642917727344786,32.460732984293195,0.045577608143917946,23.036649214659686,-0.019612553011639187,14.136125654450261,75.39267015706807,415000,40.88397790055249,45.00548847420417,501667,34.50869225651558,TRUE,FALSE,84.5360824742268,High,14,86,Strong Value,Center backs,1.1.0,2026-08-01 14:43:31 UTC,16,16,69,Performance data through: 2026-08-01 (updates every day) · MLSPA compensation as of: 2026-04-16,FALSE,2026-08-01 14:43:25 UTC
zeQZJxR1QK,asa_zeQZJxR1QK_mls_blended,Eric Miller,eric miller,1993-01-15,USA,FB,NA,32.45722108145106,mls,WBLMvYAQxe,FB,asa_live,TRUE,NA,mlspa_via_asa,0,NA,529,104000,TRUE,0,1,blended,2025+2026 season to date,529,0.0674234404536862,0,-0.04089981096408317,0.0488109640831758,0.01156899810964083,0.04989981096408318,-0.00195652173913043,2026,104000,Portland Timbers FC,0.11638469243644946,1,0.09344359208314408,0.09967316489180181,0,6.443298969072165,-0.04362646502971871,6.185567010309279,0.05206502835701455,78.35051546391753,0.012340264650669185,68.55670103092784,0.05322646503001872,47.93814432989691,-0.002086956521804343,43.81443298969072,21.1340206185567,104000,13.783783783783784,12.952799121844127,343925,7.350236834772916,FALSE,FALSE,NA,Low,41,59,Insufficient Evidence,Fullbacks and wingbacks,1.1.0,2026-08-01 14:43:31 UTC,NA,NA,NA,Performance data through: 2026-08-01 (updates every day) · MLSPA compensation as of: 2026-04-16,FALSE,2026-08-01 14:43:25 UTC
zeQZKbYMKw,asa_zeQZKbYMKw_mls_blended,Luis Suárez,luis suarez,1987-01-24,Uruguay,FW,NA,39.43326488706366,mls,zeQZkL1MKw,FW,asa_live,TRUE,NA,mlspa_via_asa,918,803125,2766,803125,TRUE,0.5673671199011124,0.43263288009888756,blended,2025+2026 season to date,2114.662546353523,0.2611222647064344,0.08824900723691442,-0.023195113809126713,0.20277464210924284,-0.04329062686855307,0.028970066952854145,0.007614289085102786,2026,803125,Inter Miami CF,0.21108432719581333,1,0.2500627823605713,0.26673363452627813,0.09413227438898368,86.52482269503547,-0.02474145473050833,72.34042553191489,0.21629295158995152,63.12056737588652,-0.04617666866123296,33.333333333333336,0.030901404750676757,54.60992907801418,0.00812190835769678,63.829787234042556,75.177304964539,803125,63.43283582089552,74.53347969264544,535000,11.744469143643485,TRUE,FALSE,75.86206896551724,High,20.75,79.25,Undervalued,Strikers,1.1.0,2026-08-01 14:43:31 UTC,15,15,108,Performance data through: 2026-08-01 (updates every day) · MLSPA compensation as of: 2026-04-16,FALSE,2026-08-01 14:43:25 UTC
zeQZX6bK5K,asa_zeQZX6bK5K_mls_blended,Roald Mitchell,roald mitchell,2003-01-13,USA,FW,NA,23.463381245722108,mls,a2lqRX2Mr0,FW,asa_live,TRUE,NA,mlspa_via_asa,48,145408,0,NA,FALSE,1,0,blended,2025+2026 season to date,48,0.3853125,0.0365625,-0.00375,0.08437499999999999,0.16668750000000002,0.035625,0.0658125,2026,145408,New York Red Bulls,0.21108432719581333,1,0.2239901177739012,0.23892279229962762,0.03900000000121875,21.98581560283688,-0.004000000000125,82.97872340425532,0.0900000000028125,14.893617021276595,0.17780000000555626,97.16312056737588,0.038000000001187494,70.2127659574468,0.07020000000219374,98.58156028368795,58.86524822695036,145408,29.104477611940297,25.13721185510428,535000,29.76077061501006,FALSE,TRUE,NA,Low,49,51,Small-Sample Watchlist,Strikers,1.1.0,2026-08-01 14:43:31 UTC,NA,NA,NA,Performance data through: 2026-08-01 (updates every day) · MLSPA compensation as of: 2026-04-16,FALSE,2026-08-01 14:43:25 UTC
zeQZX96N5K,asa_zeQZX96N5K_mls_blended,Jimer Fory,jimer fory,2002-05-24,Colombia,FB,NA,24.10403832991102,mls,WBLMvYAQxe,FB,asa_live,TRUE,NA,mlspa_via_asa,1529,470000,2521,470000,TRUE,0.6859578286227007,0.3140421713772993,blended,2025+2026 season to date,2320.7003140421716,0.13237899464151195,0.008778907513361515,0.050363737071586555,0.021780530488713114,-0.008356770022791057,0.06465761786725022,-0.0048450282766083815,2026,470000,Portland Timbers FC,0.11638469243644946,1,0.12909328221257874,0.13769950103105377,0.009364168014544913,38.144329896907216,0.05372131954470445,85.56701030927834,0.02323256585535334,45.876288659793815,-0.00891388802458902,21.649484536082475,0.06896812572722215,68.55670103092784,-0.005168030161877108,31.443298969072163,67.01030927835052,470000,65.4054054054054,50.38419319429199,343925,1.6049038729451155,TRUE,FALSE,67.07317073170732,High,14,86,Fair Value,Fullbacks and wingbacks,1.1.0,2026-08-01 14:43:31 UTC,28,28,146,Performance data through: 2026-08-01 (updates every day) · MLSPA compensation as of: 2026-04-16,FALSE,2026-08-01 14:43:25 UTC
zeQZXXm15K,asa_zeQZXXm15K_mls_blended,Jake Davis,jake davis,2002-01-03,USA,FB,NA,24.490075290896645,mls,Z2vQ1xlqrA,FB,asa_live,FALSE,NA,NA,1389,NA,2090,NA,TRUE,0.6649114408808042,0.3350885591191958,blended,2025+2026 season to date,2089.335088559119,0.12065707133057416,0.00876496160109573,0.03231676977377514,0.01802232473127638,0.00360673246282074,0.06046835898222863,-0.0025220762206224854,2026,NA,Sporting Kansas City,0.11638469243644946,1,0.11970388875865143,0.1276841480132183,0.009349292374794278,37.628865979381445,0.03447122109310404,71.64948453608247,0.01922381304729555,38.65979381443299,0.0038471812937956804,49.48453608247423,0.06449958291639282,63.402061855670105,-0.00269021463541472,42.78350515463917,56.18556701030928,NA,NA,NA,343925,NA,FALSE,FALSE,NA,Insufficient,20.75,79.25,Insufficient Evidence,Fullbacks and wingbacks,1.1.0,2026-08-01 14:43:31 UTC,NA,NA,NA,Performance data through: 2026-08-01 (updates every day) · MLSPA compensation as of: 2026-04-16,FALSE,2026-08-01 14:43:25 UTC
zeQZe4aYqK,asa_zeQZe4aYqK_mls_blended,Zakaria Taifi,zakaria taifi,2005-10-01,USA,FB,NA,20.747433264887064,mls,jYQJ8EW5GR,FB,asa_live,TRUE,NA,mlspa_via_asa,402,99923,85,99923,TRUE,0.3647912885662432,0.6352087114337568,blended,2025+2026 season to date,455.9927404718693,0.06323203800576492,0.008844827586206897,0.025701932315575958,0.019907227500800678,-0.0029751788192591035,0.01653090637343866,-0.0047776769509981845,2026,99923,Orlando City SC,0.11638469243644946,1,0.09343261745686986,0.0996614586237756,0.009434482758915518,38.65979381443299,0.02741539447080442,61.855670103092784,0.021234376001517632,42.78350515463917,-0.0031735240739755497,31.443298969072163,0.0176329667988856,14.948453608247423,-0.005096188747890653,31.95876288659794,20.61855670103093,99923,11.35135135135135,10.867178924259056,343925,9.267205349679578,FALSE,TRUE,NA,Low,41,59,Small-Sample Watchlist,Fullbacks and wingbacks,1.1.0,2026-08-01 14:43:31 UTC,NA,NA,NA,Performance data through: 2026-08-01 (updates every day) · MLSPA compensation as of: 2026-04-16,FALSE,2026-08-01 14:43:25 UTC
zeQZeWKjqK,asa_zeQZeWKjqK_mls_blended,Hugo Picard,hugo picard,2003-05-09,France,W,NA,23.145790554414784,mls,mvzqoLZQap,W,asa_live,TRUE,NA,mlspa_via_asa,929,781244,883,781244,TRUE,0.5702885205647636,0.42971147943523635,blended,2025+2026 season to date,1308.4352363413136,0.1795947016386878,0.03928951402489003,-0.027629871795673965,0.10433210489103571,0.030710729995057032,0.03235589996433554,5.363245590434412e-4,2026,781244,Columbus Crew,0.20277985605674193,1,0.18688396793703052,0.19934289913906203,0.04190881496119235,44.10480349344978,-0.02947186324963989,26.200873362445414,0.11128757855391583,68.99563318777292,0.03275811199575119,64.62882096069869,0.03451295996303644,45.414847161572055,5.720795296642148e-4,45.414847161572055,36.68122270742358,781244,67.6056338028169,72.66739846322723,520000,-30.924411095393317,TRUE,FALSE,30.208333333333332,High,20.75,79.25,Below Expected Value by Current Model,Wingers and attacking midfielders,1.1.0,2026-08-01 14:43:31 UTC,68,68,307,Performance data through: 2026-08-01 (updates every day) · MLSPA compensation as of: 2026-04-16,FALSE,2026-08-01 14:43:25 UTC
zeQZkkOjMK,asa_zeQZkkOjMK_mls_blended,Chris Rindov,chris rindov,2001-10-08,USA,CB,NA,24.72826830937714,mls,kaDQ0wRqEv,CB,asa_live,TRUE,NA,mlspa_via_asa,9,122150,572,122150,TRUE,0.15,0.85,blended,2025+2026 season to date,495.2,0.18935061188811186,0,0.03811888111888111,0.00855655594405594,-0.0059782342657342625,0.1497634615384615,-0.0011100524475524424,2026,122150,LA Galaxy,0.13407640205361335,1,0.15906890452808709,0.1696734981685952,0,6.806282722513089,0.040660139861410476,36.64921465968586,0.009126993007278221,30.89005235602094,-0.006376783216982488,23.036649214659686,0.1597476923126844,94.24083769633508,-0.0011840559440929404,67.53926701570681,76.96335078534031,122150,16.022099447513813,21.185510428100987,501667,60.9412513378265,FALSE,TRUE,NA,Low,41,59,Small-Sample Watchlist,Center backs,1.1.0,2026-08-01 14:43:31 UTC,NA,NA,NA,Performance data through: 2026-08-01 (updates every day) · MLSPA compensation as of: 2026-04-16,FALSE,2026-08-01 14:43:25 UTC
