asa_player_id,player_id,display_name,normalized_name,birth_date,nationality,primary_position,is_domestic_player,age,league_id,team_id,position_group,data_source,compensation_known,salary_as_of,salary_source,minutes_2026,salary_2026,minutes_2025,salary_2025,evaluation_period,season_label,minutes,blend_weight_2026,blend_weight_2025,has_2025_prior,goals_added_p90,goals_added_shooting_p90,goals_added_passing_p90,goals_added_receiving_p90,goals_added_dribbling_p90,goals_added_defending_p90,goals_added_fouling_p90,season_year,guaranteed_compensation,club,prior_goals_added_p90,metric_coverage,adjusted_goals_added_p90,adjusted_goals_added_p96,goals_added_shooting_p96,pct_goals_added_shooting,goals_added_passing_p96,pct_goals_added_passing,goals_added_receiving_p96,pct_goals_added_receiving,goals_added_dribbling_p96,pct_goals_added_dribbling,goals_added_defending_p96,pct_goals_added_defending,goals_added_fouling_p96,pct_goals_added_fouling,sporting_impact,compensation,compensation_percentile,compensation_percentile_league,position_median_compensation,value_surplus,official_eligible,small_sample_watchlist,undervaluation_score,data_confidence,model_uncertainty,model_confidence,value_label,position_label,model_version,calculation_timestamp,undervaluation_rank,position_rank,display_rank,data_cutoff_label,is_synthetic,data_version
0Oq624oPq6,asa_0Oq624oPq6_mls_full_2025,Kalani Kossa-Rienzi,kalani kossarienzi,2002-06-27,USA,FB,NA,24.01095140314853,mls,jYQJ19EqGR,FB,asa_live,TRUE,NA,mlspa_via_asa,1807,113400,1634,113400,full_2025,2025 full season,1634,0,1,TRUE,0.1942215422276622,0.0168984088127295,0.04627784577723378,0.023766829865361067,0.02148102815177478,0.093921664626683,-0.00812423500611995,2026,113400,Seattle Sounders FC,0.1336622996580173,1,0.17795675013196527,0.18982053348002817,0.01802496940080808,67.94871794871794,0.04936303549725863,82.6923076923077,0.0253512851905107,54.48717948717949,0.022913096695942464,85.8974358974359,0.10018310893825925,85.25641025641026,-0.008665850673465422,17.94871794871795,87.17948717948718,113400,15.359477124183007,13.896103896103897,368750,71.82001005530418,TRUE,FALSE,98.88888888888889,High,14,86,Elite Value,Fullbacks and wingbacks,1.1.0,2026-10-03 17:19:27 UTC,2,2,9,Performance data through: 2026-10-03 (updates every day) · MLSPA compensation as of: 2026-04-16,FALSE,2026-10-03 17:19:20 UTC
0Oq630dXQ6,asa_0Oq630dXQ6_mls_full_2025,Kévin Cabral,kevin cabral,1999-07-10,France,W,NA,25.976728268309376,mls,pzeQZ6xQKw,W,asa_live,TRUE,NA,mlspa_via_asa,0,NA,861,2100000,full_2025,2025 full season,861,0,1,TRUE,0.11438675958188156,0.03173519163763066,-0.04598257839721254,0.11775261324041812,-0.02564111498257839,0.04101742160278746,-0.00449477351916376,2026,2100000,Colorado Rapids,0.20362313755561975,1,0.1510341427333141,0.16110308558723616,0.033850871081197206,33.898305084745765,-0.04904808362522613,11.864406779661017,0.1256027874603711,75.14124293785311,-0.02735052264893832,17.51412429378531,0.043751916377673866,53.10734463276836,-0.004794425087257837,12.994350282485875,9.6045197740113,2100000,82.94117647058823,92.20779220779221,562000,-73.33665669657694,FALSE,FALSE,NA,Low,41,59,Insufficient Evidence,Wingers and attacking midfielders,1.1.0,2026-10-03 17:19:27 UTC,NA,NA,NA,Performance data through: 2026-10-03 (updates every day) · MLSPA compensation as of: 2026-04-16,FALSE,2026-10-03 17:19:20 UTC
0Oq632k7Q6,asa_0Oq632k7Q6_mls_full_2025,Danny Leyva,danny leyva,2003-05-05,USA,CM,NA,22.157426420260094,mls,jYQJ19EqGR,CM,asa_live,TRUE,NA,mlspa_via_asa,0,NA,840,349900,full_2025,2025 full season,840,0,1,TRUE,0.16733571428571423,0.01669285714285714,0.02656071428571428,0.04234285714285714,-0.00883928571428571,0.05847857142857142,0.0321,2026,349900,Seattle Sounders FC,0.1398991348215602,1,0.15590380617565006,0.16629739325922352,0.017805714286270712,55.3072625698324,0.028331428572313924,60.33519553072626,0.04516571428712571,72.62569832402235,-0.009428571428866066,24.022346368715084,0.062377142859092134,45.81005586592179,0.03424000000107,99.44134078212291,73.18435754189944,349900,36.57142857142857,37.79220779220779,516250,36.612928970470875,FALSE,FALSE,NA,Low,41,59,Insufficient Evidence,Central and defensive midfielders,1.1.0,2026-10-03 17:19:27 UTC,NA,NA,NA,Performance data through: 2026-10-03 (updates every day) · MLSPA compensation as of: 2026-04-16,FALSE,2026-10-03 17:19:20 UTC
0Oq63DL6Q6,asa_0Oq63DL6Q6_mls_full_2025,Cody Baker,cody baker,2004-01-07,USA,FB,NA,22.480492813141684,mls,jYQJ19EqGR,FB,asa_live,TRUE,NA,mlspa_via_asa,280,119104,133,119104,full_2025,2025 full season,133,0,1,TRUE,0.21376691729323308,0,0.06658646616541353,4.7368421052631577e-4,-0.00121804511278195,0.14792481203007518,0,2026,119104,Seattle Sounders FC,0.1336622996580173,1,0.14819697107068264,0.1580767691470014,0,6.410256410256411,0.07102556391199398,92.94871794871794,5.052631579105263e-4,1.9230769230769231,-0.0012992481203413482,36.53846153846154,0.15778646617034436,95.51282051282051,0,53.84615384615385,70.51282051282051,119104,21.568627450980394,17.92207792207792,368750,48.94419306184012,FALSE,TRUE,NA,Low,41,59,Small-Sample Watchlist,Fullbacks and wingbacks,1.1.0,2026-10-03 17:19:27 UTC,NA,NA,NA,Performance data through: 2026-10-03 (updates every day) · MLSPA compensation as of: 2026-04-16,FALSE,2026-10-03 17:19:20 UTC
0Oq63JA7Q6,asa_0Oq63JA7Q6_mls_full_2025,Wyatt Omsberg,wyatt omsberg,1995-09-21,USA,CB,NA,29.776865160848732,mls,19vQ2095K6,CB,asa_live,TRUE,NA,mlspa_via_asa,0,NA,470,137500,full_2025,2025 full season,470,0,1,TRUE,0.14436382978723408,0.01191063829787234,0.03858510638297872,0.0207,-0.02650212765957447,0.0977744680851064,0.00189574468085106,2026,137500,New England Revolution,0.14523645173583166,1,0.14485315050607384,0.1545100272113072,0.012704680851460851,71.16564417177914,0.041157446809796806,32.515337423312886,0.02208000000069,62.576687116564415,-0.02826893617109617,6.748466257668712,0.10429276596070597,74.23312883435582,0.0020221276596376556,90.79754601226993,49.079754601226995,137500,21.73913043478261,22.207792207792206,518000,27.340624166444385,FALSE,FALSE,NA,Low,41,59,Insufficient Evidence,Center backs,1.1.0,2026-10-03 17:19:27 UTC,NA,NA,NA,Performance data through: 2026-10-03 (updates every day) · MLSPA compensation as of: 2026-04-16,FALSE,2026-10-03 17:19:20 UTC
0Oq63P32Q6,asa_0Oq63P32Q6_mls_full_2025,Nkosi Tafari,nkosi tafari,1997-03-23,USA,CB,NA,29.27310061601643,mls,eVq3ya6MWO,CB,asa_live,TRUE,NA,mlspa_via_asa,2041,481500,2247,481500,full_2025,2025 full season,2247,0,1,TRUE,0.13143124165554074,0.00630440587449933,0.04326969292389853,0.01198798397863818,0.00337249666221628,0.07388251001335114,-0.00738584779706275,2026,481500,Los Angeles FC,0.14523645173583166,1,0.1343406642225146,0.14329670850849358,0.0067246995996760985,41.717791411042946,0.046154339120267424,42.94478527607362,0.01278718291094699,36.19631901840491,0.0035973297731431153,56.441717791411044,0.07880801068337064,46.625766871165645,-0.007878237650446462,35.58282208588957,33.74233128834356,481500,45.962732919254655,49.35064935064935,518000,-12.220401630911098,TRUE,FALSE,33.68421052631579,High,14,86,Fair Value,Center backs,1.1.0,2026-10-03 17:19:27 UTC,64,64,295,Performance data through: 2026-10-03 (updates every day) · MLSPA compensation as of: 2026-04-16,FALSE,2026-10-03 17:19:20 UTC
0Oq63YndQ6,asa_0Oq63YndQ6_mls_full_2025,Onni Valakari,onni valakari,1999-08-18,Finland,CM,NA,26.869267624914443,mls,zeQZBOzQKw,CM,asa_live,TRUE,NA,mlspa_via_asa,2160,781800,3268,781800,full_2025,2025 full season,3268,0,1,TRUE,0.19357435740514076,0.02621236230110158,0.005989902080783349,0.12186903304773562,-0.03316340269277846,0.05253488372093023,0.02013157894736841,2026,781800,San Diego FC,0.1398991348215602,1,0.18524831460520583,0.19759820225172783,0.027959853122048763,75.41899441340782,0.006389228886368569,30.726256983240223,0.1299936352549803,97.76536312849161,-0.0353742962067358,7.82122905027933,0.05603720930407674,34.63687150837989,0.021473684211197358,97.76536312849161,89.94413407821229,781800,74.85714285714286,71.55844155844156,516250,15.086991221069425,TRUE,FALSE,68.26923076923077,High,14,86,Undervalued,Central and defensive midfielders,1.1.0,2026-10-03 17:19:27 UTC,34,34,143,Performance data through: 2026-10-03 (updates every day) · MLSPA compensation as of: 2026-04-16,FALSE,2026-10-03 17:19:20 UTC
0Oq6712Q6D,asa_0Oq6712Q6D_mls_full_2025,Ashley Westwood,ashley westwood,1990-04-01,England,CM,NA,36.24914442162902,mls,NPqxKXZ59d,CM,asa_live,TRUE,NA,mlspa_via_asa,2298,833333,3542,833333,full_2025,2025 full season,3542,0,1,TRUE,0.15750508187464707,0.01005448898927159,0.06014906832298136,0.01443252399774138,0.00374280067758328,0.06744664031620554,0.00167955957086391,2026,833333,Charlotte FC,0.1398991348215602,1,0.1549547274005157,0.16528504256571522,0.01072478825555818,34.07821229050279,0.06415900621318509,85.47486033519553,0.015394692264738555,28.491620111731844,0.003992320722880259,55.3072625698324,0.0719430830062008,62.56983240223464,0.0017915302089774891,74.86033519553072,70.94972067039106,833333,77.71428571428571,74.8051948051948,516250,-6.764565043894649,TRUE,FALSE,40.38461538461539,High,14,86,Fair Value,Central and defensive midfielders,1.1.0,2026-10-03 17:19:27 UTC,63,63,266,Performance data through: 2026-10-03 (updates every day) · MLSPA compensation as of: 2026-04-16,FALSE,2026-10-03 17:19:20 UTC
0Oq6ENn256,asa_0Oq6ENn256_mls_full_2025,Danny Musovski,danny musovski,1995-11-30,USA,FW,NA,30.584531143052704,mls,jYQJ19EqGR,FW,asa_live,TRUE,NA,mlspa_via_asa,1154,712924,1913,712924,full_2025,2025 full season,1913,0,1,TRUE,0.34965917407213803,0.08667851542080501,-0.05199111343439624,0.33144746471510717,-0.04787924725561945,0.03888395190799791,-0.0074803972817564,2026,712924,Seattle Sounders FC,0.2320804800898512,1,0.32158626663506196,0.34302535108811893,0.09245708311841463,87.5,-0.055457187665089024,34.82142857142857,0.35354396237382923,92.85714285714286,-0.05107119707425672,35.714285714285715,0.041476215369827235,70.53571428571429,-0.00797909043412284,8.928571428571429,91.07142857142857,712924,56.75675675675676,66.1038961038961,558750,34.31467181467181,TRUE,FALSE,86.20689655172414,High,20.75,79.25,Strong Value,Strikers,1.1.0,2026-10-03 17:19:27 UTC,9,9,64,Performance data through: 2026-10-03 (updates every day) · MLSPA compensation as of: 2026-04-16,FALSE,2026-10-03 17:19:20 UTC
0Oq6J43rq6,asa_0Oq6J43rq6_mls_full_2025,Sharod George,sharod george,2004-05-10,USA,CM,NA,21.14168377823409,mls,19vQ2095K6,CM,asa_live,FALSE,NA,NA,0,NA,11,NA,full_2025,2025 full season,11,0,1,TRUE,0.11454545454545452,0,0.02454545454545454,-0.01963636363636363,-0.02781818181818182,0.13745454545454547,0,2026,NA,New England Revolution,0.1398991348215602,1,0.13944268558582015,0.1487388646295229,0,6.145251396648045,0.026181818182636356,56.42458100558659,-0.020945454546109084,1.1173184357541899,-0.029672727273654546,10.05586592178771,0.14661818182276365,97.76536312849161,0,61.1731843575419,49.720670391061454,NA,NA,NA,516250,NA,FALSE,FALSE,NA,Insufficient,41,59,Insufficient Evidence,Central and defensive midfielders,1.1.0,2026-10-03 17:19:27 UTC,NA,NA,NA,Performance data through: 2026-10-03 (updates every day) · MLSPA compensation as of: 2026-04-16,FALSE,2026-10-03 17:19:20 UTC
0Oq6L8EgM6,asa_0Oq6L8EgM6_mls_full_2025,Ayoub Jabbari,ayoub jabbari,2000-01-30,Morocco,FW,NA,26.417522245037645,mls,NWMWlBK5lz,FW,asa_live,TRUE,NA,mlspa_via_asa,767,474800,207,474800,full_2025,2025 full season,207,0,1,TRUE,0.24882608695652175,0.03447826086956521,0.07517391304347826,0.13495652173913045,-0.06034782608695652,0.04817391304347826,0.01639130434782608,2026,474800,FC Cincinnati,0.2320804800898512,1,0.23637582162814214,0.25213420974456413,0.03677681159535216,16.071428571428573,0.0801855072488826,98.21428571428571,0.14395362319290436,24.107142857142858,-0.06437101449476522,27.678571428571427,0.05138550724798261,80.35714285714286,0.01748405797156086,78.57142857142857,55.357142857142854,474800,45.945945945945944,48.96103896103896,558750,9.41119691119691,TRUE,FALSE,68.96551724137932,Medium,29.75,70.25,Undervalued,Strikers,1.1.0,2026-10-03 17:19:27 UTC,19,19,140,Performance data through: 2026-10-03 (updates every day) · MLSPA compensation as of: 2026-04-16,FALSE,2026-10-03 17:19:20 UTC
0Oq6LeJ7M6,asa_0Oq6LeJ7M6_mls_full_2025,Philip Quinton,philip quinton,1999-11-16,USA,CB,NA,26.622861054072555,mls,a2lqR4JMr0,CB,asa_live,TRUE,NA,mlspa_via_asa,1888,175000,941,175000,full_2025,2025 full season,941,0,1,TRUE,0.1267364505844846,0.00295536663124335,0.03752072263549415,0.02066843783209351,-8.703506907545165e-4,0.0653528161530287,0.00110945802337938,2026,175000,Real Salt Lake,0.14523645173583166,1,0.13393956589325048,0.1428688702905985,0.0031523910734247524,24.539877300613497,0.04002210414577778,30.67484662576687,0.022046333688255357,61.96319018404908,-9.283740701671626e-4,41.717791411042946,0.06970967056540904,38.03680981595092,0.001183421891641654,86.50306748466258,32.515337423312886,175000,25.46583850931677,25.844155844155843,518000,7.049498913996114,TRUE,FALSE,56.8421052631579,High,14,86,Fair Value,Center backs,1.1.0,2026-10-03 17:19:27 UTC,42,42,193,Performance data through: 2026-10-03 (updates every day) · MLSPA compensation as of: 2026-04-16,FALSE,2026-10-03 17:19:20 UTC
0Oq6LgZgM6,asa_0Oq6LgZgM6_mls_full_2025,Justin Ellis,justin ellis,2007-05-14,USA,FW,NA,19.132101300479125,mls,jYQJ8EW5GR,FW,asa_live,TRUE,NA,mlspa_via_asa,1434,112424,8,112424,full_2025,2025 full season,8,0,1,TRUE,0.021375,0,0.0045,0.028125,0.00337499999999999,-0.01462499999999999,0,2026,112424,Orlando City SC,0.2320804800898512,1,0.22930803956235316,0.24459524220748696,0,3.125,0.004800000000149999,83.92857142857143,0.0300000000009375,3.5714285714285716,0.0036000000001124893,80.35714285714286,-0.01560000000048749,1.7857142857142858,0,34.375,50,112424,15.315315315315315,12.207792207792208,558750,34.68468468468468,TRUE,FALSE,89.65517241379311,High,20.75,79.25,Fair Value,Strikers,1.1.0,2026-10-03 17:19:27 UTC,7,7,48,Performance data through: 2026-10-03 (updates every day) · MLSPA compensation as of: 2026-04-16,FALSE,2026-10-03 17:19:20 UTC
0Oq6LpK2M6,asa_0Oq6LpK2M6_mls_full_2025,Wayne Frederick,wayne frederick,2004-06-13,Trinidad & Tobago,CM,NA,22.04791238877481,mls,pzeQZ6xQKw,CM,asa_live,TRUE,NA,mlspa_via_asa,1742,113400,273,113400,full_2025,2025 full season,273,0,1,TRUE,0.09194505494505496,0.00296703296703296,-0.0089010989010989,0.01691208791208791,0.00161538461538461,0.0749010989010989,0.00445054945054945,2026,113400,Colorado Rapids,0.1398991348215602,1,0.12490318544437128,0.13323006447815947,0.003164835164934058,15.64245810055866,-0.009494505494802196,16.75977653631285,0.018039560440124176,34.07821229050279,0.0017230769231307633,49.16201117318436,0.0798945054970022,70.94972067039106,0.004747252747401098,84.35754189944134,28.491620111731844,113400,12.857142857142858,13.896103896103897,516250,15.634477254588987,TRUE,FALSE,70.1923076923077,High,14,86,Fair Value,Central and defensive midfielders,1.1.0,2026-10-03 17:19:27 UTC,32,32,135,Performance data through: 2026-10-03 (updates every day) · MLSPA compensation as of: 2026-04-16,FALSE,2026-10-03 17:19:20 UTC
0Oq6lLZgM6,asa_0Oq6lLZgM6_mls_full_2025,Maxi Urruti,maxi urruti,1991-02-22,Argentina,FW,NA,34.35455167693361,mls,19vQ2095K6,FW,asa_live,TRUE,NA,mlspa_via_asa,0,NA,720,104000,full_2025,2025 full season,720,0,1,TRUE,0.17921249999999997,0.0593125,-0.07335,0.1892625,-0.019725,0.0308375,-0.007125,2026,104000,New England Revolution,0.2320804800898512,1,0.20324340004084143,0.21679296005033896,0.06326666666864375,47.32142857142857,-0.07824000000244499,17.857142857142858,0.20188000000630874,54.464285714285715,-0.021040000000657498,60.714285714285715,0.03289333333436125,57.142857142857146,-0.0076000000002375,10.714285714285714,26.785714285714285,104000,12.612612612612613,10.519480519480519,558750,14.173101673101671,FALSE,FALSE,NA,Low,41,59,Insufficient Evidence,Strikers,1.1.0,2026-10-03 17:19:27 UTC,NA,NA,NA,Performance data through: 2026-10-03 (updates every day) · MLSPA compensation as of: 2026-04-16,FALSE,2026-10-03 17:19:20 UTC
0Oq6lyNdM6,asa_0Oq6lyNdM6_mls_full_2025,Wil Trapp,wil trapp,1993-01-15,USA,CM,NA,33.45653661875428,mls,kRQand1MKZ,CM,asa_live,TRUE,NA,mlspa_via_asa,1957,602500,3350,602500,full_2025,2025 full season,3350,0,1,TRUE,0.15015223880597012,0.00570626865671641,0.049924477611940306,0.01052597014925373,-5.453731343283582e-4,0.08714686567164179,-0.00260597014925373,2026,602500,Minnesota United FC,0.1398991348215602,1,0.1485948052893509,0.15850112564692745,0.00608668656735438,21.787709497206706,0.053252776121067144,78.2122905027933,0.011227701492888178,20.11173184357542,-5.817313433017611e-4,40.78212290502793,0.09295665671932281,80.44692737430168,-0.002779701492624178,44.134078212290504,64.24581005586592,602500,56,58.57142857142857,516250,8.245810055865917,TRUE,FALSE,59.61538461538461,High,14,86,Fair Value,Central and defensive midfielders,1.1.0,2026-10-03 17:19:27 UTC,43,43,181,Performance data through: 2026-10-03 (updates every day) · MLSPA compensation as of: 2026-04-16,FALSE,2026-10-03 17:19:20 UTC
0Oq6w6j2Q6,asa_0Oq6w6j2Q6_mls_full_2025,Gabe Segal,gabe segal,2001-05-17,USA,FW,NA,24.123203285420946,mls,YgOMngl5wN,FW,asa_live,TRUE,NA,mlspa_via_asa,0,NA,230,104000,full_2025,2025 full season,230,0,1,TRUE,0.2991521739130435,0.13621304347826088,-0.10322608695652172,0.2821304347826087,-0.05020434782608696,0.0202695652173913,0.0139695652173913,2026,104000,Houston Dynamo FC,0.2320804800898512,1,0.25066661211314545,0.2673777195957107,0.1452939130480187,100,-0.11010782609039736,6.25,0.30093913044418696,85.71428571428571,-0.05355130434949957,33.92857142857143,0.021620869565893038,20.535714285714285,0.014900869565683037,75.89285714285714,65.17857142857143,104000,12.612612612612613,10.519480519480519,558750,52.565958815958815,FALSE,FALSE,NA,Low,41,59,Insufficient Evidence,Strikers,1.1.0,2026-10-03 17:19:27 UTC,NA,NA,NA,Performance data through: 2026-10-03 (updates every day) · MLSPA compensation as of: 2026-04-16,FALSE,2026-10-03 17:19:20 UTC
0Oq6wjlzQ6,asa_0Oq6wjlzQ6_mls_full_2025,Jack Skahan,jack skahan,1998-02-07,USA,W,NA,28.39425051334702,mls,0KPqjA456v,W,asa_live,TRUE,NA,mlspa_via_asa,820,225000,88,225000,full_2025,2025 full season,88,0,1,TRUE,0.3478295454545454,0.06913636363636363,0.15371590909090907,0.09194318181818179,0.00746590909090909,0.03477272727272727,-0.00920454545454545,2026,225000,San Jose Earthquakes,0.20362313755561975,1,0.22206814321711027,0.23687268610565324,0.07374545454775909,85.31073446327683,0.1639636363687602,97.74011299435028,0.09807272727579201,61.5819209039548,0.007963636363885225,51.41242937853107,0.03709090909206818,40.112994350282484,-0.009818181818488632,6.779661016949152,69.49152542372882,225000,25.88235294117647,29.350649350649352,562000,43.609172482552346,TRUE,FALSE,95.74468085106383,Medium,29.75,70.25,Strong Value,Wingers and attacking midfielders,1.1.0,2026-10-03 17:19:27 UTC,5,5,22,Performance data through: 2026-10-03 (updates every day) · MLSPA compensation as of: 2026-04-16,FALSE,2026-10-03 17:19:20 UTC
0Oq6wmbrQ6,asa_0Oq6wmbrQ6_mls_full_2025,Kye Rowles,kye rowles,1998-06-24,Australia,CB,NA,28.019164955509925,mls,EKXMeX3Q64,CB,asa_live,TRUE,NA,mlspa_via_asa,2017,751667,3013,751667,full_2025,2025 full season,3013,0,1,TRUE,0.14825954198473282,0.00588450049784268,0.05441818785263857,0.01892897444407567,-0.00577995353468304,0.07741553269166943,-0.00260769996681048,2026,751667,D.C. United,0.14523645173583166,1,0.14775750651577607,0.1576080069550864,0.0062768005312283425,37.423312883435585,0.05804606704462841,61.96319018404908,0.02019090607431168,57.05521472392638,-0.006165283770521241,28.834355828220858,0.0825765682070279,50.920245398773005,-0.0027815466313514353,50.306748466257666,52.147239263803684,751667,66.45962732919254,69.48051948051948,518000,-14.312388065388859,TRUE,FALSE,31.57894736842105,High,14,86,Fair Value,Center backs,1.1.0,2026-10-03 17:19:27 UTC,66,66,305,Performance data through: 2026-10-03 (updates every day) · MLSPA compensation as of: 2026-04-16,FALSE,2026-10-03 17:19:20 UTC
0Oq6wvbgQ6,asa_0Oq6wvbgQ6_mls_full_2025,Vitor Costa,vitor costa,1994-07-01,Brazil,FB,NA,32,mls,0KPqjA456v,FB,asa_live,TRUE,NA,mlspa_via_asa,546,463333,1790,463333,full_2025,2025 full season,1790,0,1,TRUE,0.1651826815642458,0.02451620111731843,-0.00887932960893854,0.0810050279329609,-0.02515474860335195,0.0780586592178771,0.01563687150837988,2026,463333,San Jose Earthquakes,0.1336622996580173,1,0.15726961497690808,0.16775425598061094,0.026150614525956867,79.48717948717949,-0.009471284916497087,21.794871794871796,0.08640536313119179,91.02564102564102,-0.026831731844413904,6.410256410256411,0.08326256983500419,74.35897435897436,0.016679329609459767,96.15384615384616,79.48717948717949,463333,62.745098039215684,47.922077922077925,368750,16.742081447963805,TRUE,FALSE,72.22222222222223,Medium,29.75,70.25,Undervalued,Fullbacks and wingbacks,1.1.0,2026-10-03 17:19:27 UTC,26,26,126,Performance data through: 2026-10-03 (updates every day) · MLSPA compensation as of: 2026-04-16,FALSE,2026-10-03 17:19:20 UTC
0x5g2BmPM7,asa_0x5g2BmPM7_mls_full_2025,Enea Mihaj,enea mihaj,1998-07-05,Albania,CB,NA,27.98904859685147,mls,KAqBN0Vqbg,CB,asa_live,TRUE,NA,mlspa_via_asa,1696,1557000,714,1557000,full_2025,2025 full season,714,0,1,TRUE,0.13044957983193275,0.006819327731092429,0.06916386554621848,0.01386554621848739,-0.00940336134453781,0.04933613445378151,6.680672268907562e-4,2026,1557000,Atlanta United FC,0.14523645173583166,1,0.13720157613508294,0.1463483478819952,0.007273949580059235,45.39877300613497,0.07377478991827184,80.3680981595092,0.014789915966848735,41.717791411042946,-0.010030252101153776,21.47239263803681,0.052625210085678144,24.539877300613497,7.126050420390755e-4,80.98159509202453,38.65030674846626,1557000,97.51552795031056,89.35064935064935,518000,-58.8652212018443,TRUE,FALSE,6.315789473684211,High,14,86,Below Expected Value by Current Model,Center backs,1.1.0,2026-10-03 17:19:27 UTC,90,90,417,Performance data through: 2026-10-03 (updates every day) · MLSPA compensation as of: 2026-04-16,FALSE,2026-10-03 17:19:20 UTC
0x5g2EKLM7,asa_0x5g2EKLM7_mls_full_2025,Indiana Vassilev,indiana vassilev,2001-02-16,USA,W,NA,25.36892539356605,mls,9z5k7Yg5A3,W,asa_live,TRUE,NA,mlspa_via_asa,1856,665000,2371,665000,full_2025,2025 full season,2371,0,1,TRUE,0.17684943061999156,0.03766638549135386,0.00702235343736819,0.06108308730493463,0.03848629270350064,0.02928131590046394,0.0033099957823703,2026,665000,Philadelphia Union,0.20362313755561975,1,0.18225643976215816,0.1944068690857106,0.04017747785869966,45.76271186440678,0.007490510333426814,61.016949152542374,0.0651552931272997,33.333333333333336,0.041052045551683555,77.96610169491525,0.03123340362813758,29.37853107344633,0.0035306621679719865,55.367231638418076,32.76836158192091,665000,58.8235294117647,63.246753246753244,562000,-26.055167829843796,TRUE,FALSE,23.404255319148938,High,14,86,Below Expected Value by Current Model,Wingers and attacking midfielders,1.1.0,2026-10-03 17:19:27 UTC,73,73,340,Performance data through: 2026-10-03 (updates every day) · MLSPA compensation as of: 2026-04-16,FALSE,2026-10-03 17:19:20 UTC
0x5g2EwmM7,asa_0x5g2EwmM7_mls_full_2025,Michael Edwards,michael edwards,2000-11-27,USA,CB,NA,24.591375770020537,mls,pzeQZ6xQKw,CB,asa_live,TRUE,NA,mlspa_via_asa,0,NA,35,160000,full_2025,2025 full season,35,0,1,TRUE,-0.5485001520857143,0,-0.01182857142857142,-1.4437800000000001e-5,-0.00797142857142857,-0.5286857142857143,0,2026,160000,Colorado Rapids,0.14523645173583166,1,0.10699900113149446,0.11413226787716073,0,7.975460122699387,-0.012617142857537133,3.067484662576687,-1.540032000048126e-5,6.748466257668712,-0.008502857143122856,22.699386503067483,-0.5639314285890514,0.6134969325153374,0,72.69938650306749,7.975460122699387,160000,23.60248447204969,24.61038961038961,518000,-15.627024349350302,FALSE,FALSE,NA,Low,41,59,Insufficient Evidence,Center backs,1.1.0,2026-10-03 17:19:27 UTC,NA,NA,NA,Performance data through: 2026-10-03 (updates every day) · MLSPA compensation as of: 2026-04-16,FALSE,2026-10-03 17:19:20 UTC
0x5g2pW7M7,asa_0x5g2pW7M7_mls_full_2025,Shaq Moore,shaq moore,1996-11-02,USA,CB,NA,29.659137577002053,mls,mKAqBBmqbg,CB,asa_live,TRUE,NA,mlspa_via_asa,2612,870000,3403,870000,full_2025,2025 full season,3403,0,1,TRUE,0.13826359094916252,0.01236673523361739,0.03557948868645313,0.03142198060534822,-0.00451983543931824,0.07193123714369674,-0.00851601528063473,2026,870000,FC Dallas,0.14523645173583166,1,0.1393087362082186,0.14859598529341012,0.013191184249604106,74.84662576687117,0.03795145460006932,27.607361963190183,0.03351677931341883,77.91411042944786,-0.004821157802090117,30.061349693251532,0.07672665295567424,44.785276073619634,-0.009083749632960913,33.12883435582822,40.49079754601227,870000,77.01863354037268,76.68831168831169,518000,-36.52783599436041,TRUE,FALSE,17.894736842105264,High,14,86,Below Expected Value by Current Model,Center backs,1.1.0,2026-10-03 17:19:27 UTC,79,79,365,Performance data through: 2026-10-03 (updates every day) · MLSPA compensation as of: 2026-04-16,FALSE,2026-10-03 17:19:20 UTC
0x5g2xoXM7,asa_0x5g2xoXM7_mls_full_2025,Raheem Edwards,raheem edwards,1995-07-17,Canada,FB,NA,30.95687885010267,mls,kRQabn8MKZ,FB,asa_live,TRUE,NA,mlspa_via_asa,855,414340,1621,414340,full_2025,2025 full season,1621,0,1,TRUE,0.14769771745835905,0.01029919802590993,0.05365576804441702,0.01162615669339913,-0.00682356570018507,0.06804688463911165,0.01089327575570635,2026,414340,Toronto FC,0.1336622996580173,1,0.14390606924574983,0.15349980720026335,0.010985811227980565,44.23076923076923,0.05723281924916668,88.46153846153847,0.012401233806679944,22.435897435897434,-0.00727847008042486,23.076923076923077,0.07258334361732066,60.256410256410255,0.011619494139783217,94.23076923076923,64.74358974358974,414340,56.209150326797385,42.72727272727273,368750,8.534439416792353,TRUE,FALSE,66.66666666666667,Medium,29.75,70.25,Undervalued,Fullbacks and wingbacks,1.1.0,2026-10-03 17:19:27 UTC,31,31,150,Performance data through: 2026-10-03 (updates every day) · MLSPA compensation as of: 2026-04-16,FALSE,2026-10-03 17:19:20 UTC
0x5gJ0wjM7,asa_0x5gJ0wjM7_mls_full_2025,Andy Batioja,andy batioja,2006-01-31,Colombia,FW,NA,19.41409993155373,mls,YgOMngl5wN,FW,asa_live,FALSE,NA,NA,0,NA,14,NA,full_2025,2025 full season,14,0,1,TRUE,-0.02635714285714286,0,-0.1272857142857143,0.09257142857142855,0.00835714285714285,0,0,2026,NA,Houston Dynamo FC,0.2320804800898512,1,0.22618776556011516,0.2412669499383291,0,3.125,-0.13577142857567145,2.6785714285714284,0.09874285714594284,12.5,0.008914285714564277,83.92857142857143,0,5.803571428571429,0,34.375,46.42857142857143,NA,NA,NA,558750,NA,FALSE,FALSE,NA,Insufficient,41,59,Insufficient Evidence,Strikers,1.1.0,2026-10-03 17:19:27 UTC,NA,NA,NA,Performance data through: 2026-10-03 (updates every day) · MLSPA compensation as of: 2026-04-16,FALSE,2026-10-03 17:19:20 UTC
0x5gJEVLM7,asa_0x5gJEVLM7_mls_full_2025,Jacob Murrell,jacob murrell,2004-03-28,USA,FW,NA,22.258726899383984,mls,EKXMeX3Q64,FW,asa_live,TRUE,NA,mlspa_via_asa,135,113400,1020,113400,full_2025,2025 full season,1020,0,1,TRUE,0.13290882352941177,0.05034705882352941,-0.04728529411764706,0.1340470588235294,-0.0308735294117647,0.0286235294117647,-0.00195,2026,113400,D.C. United,0.2320804800898512,1,0.16963906669994488,0.1809483378189292,0.05370352941344294,36.607142857142854,-0.0504376470603997,41.964285714285715,0.14298352941623294,23.214285714285715,-0.03293176470691146,51.785714285714285,0.030531764706836464,46.42857142857143,-0.002080000000065,24.107142857142858,12.5,113400,17.117117117117118,13.896103896103897,558750,-4.617117117117118,FALSE,TRUE,NA,Low,41,59,Small-Sample Watchlist,Strikers,1.1.0,2026-10-03 17:19:27 UTC,NA,NA,NA,Performance data through: 2026-10-03 (updates every day) · MLSPA compensation as of: 2026-04-16,FALSE,2026-10-03 17:19:20 UTC
0x5gJJWPM7,asa_0x5gJJWPM7_mls_full_2025,Ariath Piol,ariath piol,2004-10-11,Australia,FW,NA,21.71937029431896,mls,a2lqR4JMr0,FW,asa_live,TRUE,NA,mlspa_via_asa,176,348859,1036,348859,full_2025,2025 full season,1036,0,1,TRUE,0.02838127413127411,0.0216573359073359,-0.05247972972972973,0.15420752895752896,-0.1078349420849421,0.01208397683397683,7.471042471042472e-4,2026,348859,Real Salt Lake,0.2320804800898512,1,0.10308758438503099,0.10996009001413597,0.023101158301880205,9.821428571428571,-0.0559783783801277,33.035714285714285,0.16448803089317113,37.5,-0.11502393822753273,10.714285714285714,0.012889575289978085,9.821428571428571,7.969111969361004e-4,38.392857142857146,0.8928571428571429,348859,36.03603603603604,37.66233766233766,558750,-35.14317889317889,FALSE,TRUE,NA,Low,41,59,Small-Sample Watchlist,Strikers,1.1.0,2026-10-03 17:19:27 UTC,NA,NA,NA,Performance data through: 2026-10-03 (updates every day) · MLSPA compensation as of: 2026-04-16,FALSE,2026-10-03 17:19:20 UTC
0x5gJWwjM7,asa_0x5gJWwjM7_mls_full_2025,Dawid Bugaj,dawid bugaj,2004-07-09,Poland,FB,NA,21.976728268309376,mls,APk5LGOMOW,FB,asa_live,TRUE,NA,mlspa_via_asa,1745,267600,1891,267600,full_2025,2025 full season,1891,0,1,TRUE,0.1509867794817557,0.01069434161819143,0.021255420412480165,0.00670121628767847,0.00683923849814912,0.09127075621364356,0.0142258064516129,2026,267600,CF Montréal,0.1336622996580173,1,0.14681388189273803,0.15660147402381436,0.011407297726427337,48.717948717948715,0.022672448440687356,51.92307692307692,0.0071479640404137415,9.615384615384615,0.007295187731587036,62.17948717948718,0.09735547329759549,83.97435897435898,0.015174193548861287,94.87179487179488,67.94871794871794,267600,37.254901960784316,31.428571428571427,368750,30.693815987933625,TRUE,FALSE,81.11111111111111,High,14,86,Strong Value,Fullbacks and wingbacks,1.1.0,2026-10-03 17:19:27 UTC,18,18,85,Performance data through: 2026-10-03 (updates every day) · MLSPA compensation as of: 2026-04-16,FALSE,2026-10-03 17:19:20 UTC
0x5gLm2bq7,asa_0x5gLm2bq7_mls_full_2025,Jackson Hopkins,jackson hopkins,2004-07-01,USA,W,NA,21.998631074606433,mls,EKXMeX3Q64,W,asa_live,TRUE,NA,mlspa_via_asa,1846,157833,920,157833,full_2025,2025 full season,920,0,1,TRUE,0.14473369565217392,0.02590434782608695,0.02052391304347825,0.02752826086956521,8.217391304347826e-4,0.06755869565217391,0.00239673913043478,2026,157833,D.C. United,0.20362313755561975,1,0.1679795279824815,0.17917816318691293,0.02763130434868956,24.293785310734464,0.021892173913727598,73.44632768361582,0.029363478261787167,9.6045197740113,8.765217391578261e-4,41.80790960451977,0.07206260869790414,90.3954802259887,0.002556521739210323,51.41242937853107,18.64406779661017,157833,21.764705882352942,24.155844155844157,562000,-3.1206380857427725,TRUE,FALSE,52.12765957446808,High,14,86,Fair Value,Wingers and attacking midfielders,1.1.0,2026-10-03 17:19:27 UTC,46,46,214,Performance data through: 2026-10-03 (updates every day) · MLSPA compensation as of: 2026-04-16,FALSE,2026-10-03 17:19:20 UTC
0x5gLpbwq7,asa_0x5gLpbwq7_mls_full_2025,Caden Clark,caden clark,2003-05-27,USA,W,NA,23.096509240246405,mls,jYQJ19EqGR,W,asa_live,TRUE,NA,mlspa_via_asa,260,432000,1877,432000,full_2025,2025 full season,1877,0,1,TRUE,0.11987213638785296,0.02419499200852424,-0.00395578050079914,0.06299041022908898,-0.01457645178476291,0.04538838572189664,0.00583058071390516,2026,432000,Seattle Sounders FC,0.20362313755561975,1,0.14015901596018243,0.1495029503621999,0.02580799147656569,23.728813559322035,-0.004219499200984275,47.45762711864407,0.06718977091312793,35.59322033898305,-0.015548215237566318,22.598870056497177,0.04841427810486937,63.27683615819209,0.006219286095026523,62.14689265536723,5.649717514124294,432000,38.8235294117647,44.285714285714285,562000,-33.173811897640405,FALSE,TRUE,NA,Low,41,59,Small-Sample Watchlist,Wingers and attacking midfielders,1.1.0,2026-10-03 17:19:27 UTC,NA,NA,NA,Performance data through: 2026-10-03 (updates every day) · MLSPA compensation as of: 2026-04-16,FALSE,2026-10-03 17:19:20 UTC
0x5gP3gXq7,asa_0x5gP3gXq7_mls_full_2025,Matt Miazga,matt miazga,1995-07-19,USA,CB,NA,30.951403148528406,mls,NWMWlBK5lz,CB,asa_live,TRUE,NA,mlspa_via_asa,1094,1639000,1720,1639000,full_2025,2025 full season,1720,0,1,TRUE,0.13133720930232556,0.00259011627906976,0.0355656976744186,0.00738313953488372,0.01312325581395349,0.08601279069767442,-0.01333779069767442,2026,1639000,FC Cincinnati,0.14523645173583166,1,0.13493184096616334,0.14392729703507195,0.002762790697760748,23.312883435582823,0.03793674418723203,26.993865030674847,0.007875348837455406,26.380368098159508,0.013998139535321164,85.88957055214723,0.09174697674705315,59.50920245398773,-0.01422697674463064,23.312883435582823,34.355828220858896,1639000,98.13664596273291,90.51948051948052,518000,-63.78081774187402,TRUE,FALSE,3.1578947368421053,High,20.75,79.25,Below Expected Value by Current Model,Center backs,1.1.0,2026-10-03 17:19:27 UTC,93,93,431,Performance data through: 2026-10-03 (updates every day) · MLSPA compensation as of: 2026-04-16,FALSE,2026-10-03 17:19:20 UTC
0x5gPv8mq7,asa_0x5gPv8mq7_mls_full_2025,Duane Holmes,duane holmes,1994-11-06,USA,FB,NA,31.64955509924709,mls,YgOMngl5wN,FB,asa_live,TRUE,NA,mlspa_via_asa,669,628000,726,628000,full_2025,2025 full season,726,0,1,TRUE,0.16839669421487605,0.02790495867768595,-5.950413223140495e-4,0.02618181818181818,0.01033884297520661,0.07165289256198347,0.03291322314049587,2026,628000,Houston Dynamo FC,0.1336622996580173,1,0.1526797736009128,0.16285842517939633,0.02976528925712851,83.97435897435898,-6.347107438214875e-4,26.923076923076923,0.027927272728145453,57.69230769230769,0.011028099173898347,71.15384615384616,0.07642975206850414,64.74358974358974,0.03510743801762604,98.71794871794872,75.64102564102564,628000,79.08496732026144,60.77922077922078,368750,-3.443941679235806,TRUE,FALSE,47.77777777777778,Medium,29.75,70.25,Fair Value,Fullbacks and wingbacks,1.1.0,2026-10-03 17:19:27 UTC,48,48,234,Performance data through: 2026-10-03 (updates every day) · MLSPA compensation as of: 2026-04-16,FALSE,2026-10-03 17:19:20 UTC
0x5gPvZRq7,asa_0x5gPvZRq7_mls_full_2025,Eriq Zavaleta,eriq zavaleta,1992-08-02,USA,CB,NA,32.91170431211499,mls,kaDQ0wRqEv,CB,asa_live,TRUE,NA,mlspa_via_asa,0,NA,170,198311,full_2025,2025 full season,170,0,1,TRUE,0.16046470588235295,0,0.0036,0.00894705882352941,0.00741176470588235,0.1405058823529412,0,2026,198311,LA Galaxy,0.14523645173583166,1,0.14859853382012858,0.15850510274642376,0,7.975460122699387,0.00384000000012,6.134969325153374,0.00954352941206294,29.447852760736197,0.007905882353188232,73.61963190184049,0.14987294118115416,89.57055214723927,0,72.69938650306749,53.987730061349694,198311,26.70807453416149,27.142857142857142,518000,27.279655527188204,FALSE,FALSE,NA,Low,41,59,Insufficient Evidence,Center backs,1.1.0,2026-10-03 17:19:27 UTC,NA,NA,NA,Performance data through: 2026-10-03 (updates every day) · MLSPA compensation as of: 2026-04-16,FALSE,2026-10-03 17:19:20 UTC
0x5gWlZb57,asa_0x5gWlZb57_mls_full_2025,Samuel Gidi,samuel gidi,2004-04-15,Ghana,CB,NA,22.209445585215605,mls,NWMWlBK5lz,CB,asa_live,TRUE,NA,mlspa_via_asa,2072,671050,733,671050,full_2025,2025 full season,733,0,1,TRUE,0.07567121418826739,0.01198362892223738,-0.03854160982264666,0.0227762619372442,-0.0016944065484311,0.08680763983628921,-0.00566030013642564,2026,671050,FC Cincinnati,0.14523645173583166,1,0.10698339913090697,0.11411562574320022,0.012782537517452659,71.77914110429448,-0.04111105047877449,0.6134969325153374,0.024294679400486355,65.6441717791411,-0.0018073669850496535,36.19631901840491,0.09259481582826874,61.34969325153374,-0.006037653479042692,40.49079754601227,7.361963190184049,671050,60.24844720496895,63.76623376623377,518000,-52.8864840147849,TRUE,FALSE,11.578947368421053,High,14,86,Below Expected Value by Current Model,Center backs,1.1.0,2026-10-03 17:19:27 UTC,85,85,393,Performance data through: 2026-10-03 (updates every day) · MLSPA compensation as of: 2026-04-16,FALSE,2026-10-03 17:19:20 UTC
0x5gZDPM7O,asa_0x5gZDPM7O_mls_full_2025,Kei Kamara,kei kamara,1984-09-01,Sierra Leone,FW,NA,40.82956878850103,mls,NWMWlBK5lz,FW,asa_live,TRUE,NA,mlspa_via_asa,0,NA,900,119000,full_2025,2025 full season,900,0,1,TRUE,0.09605,0.03533,-0.03947,0.14678,-0.08796,0.04178999999999999,-4.2e-4,2026,119000,FC Cincinnati,0.2320804800898512,1,0.15046219203594047,0.1604930048433519,0.037685333334511,18.75,-0.042101333334649,51.785714285714285,0.156565333338226,32.142857142857146,-0.09382400000293199,16.071428571428573,0.04457600000139299,75,-4.48000000014e-4,31.25,5.357142857142857,119000,19.81981981981982,17.792207792207794,558750,-14.462676962676962,FALSE,FALSE,NA,Low,41,59,Insufficient Evidence,Strikers,1.1.0,2026-10-03 17:19:27 UTC,NA,NA,NA,Performance data through: 2026-10-03 (updates every day) · MLSPA compensation as of: 2026-04-16,FALSE,2026-10-03 17:19:20 UTC
0x5gkPbP57,asa_0x5gkPbP57_mls_full_2025,Anderson Rosa,anderson rosa,2001-11-13,Brazil,FB,NA,23.630390143737166,mls,pzeQZ6xQKw,FB,asa_live,FALSE,NA,NA,0,NA,43,NA,full_2025,2025 full season,43,0,1,TRUE,0.060279069767441865,0,0.08099999999999999,8.372093023255815e-4,0,-0.02155813953488372,0,2026,NA,Colorado Rapids,0.1336622996580173,1,0.12875486748804102,0.13733852532486893,0,6.410256410256411,0.08640000000269998,97.43589743589743,8.930232558418606e-4,3.2051282051282053,0,44.55128205128205,-0.022995348837927906,3.2051282051282053,0,53.84615384615385,46.15384615384615,NA,NA,NA,368750,NA,FALSE,FALSE,NA,Insufficient,41,59,Insufficient Evidence,Fullbacks and wingbacks,1.1.0,2026-10-03 17:19:27 UTC,NA,NA,NA,Performance data through: 2026-10-03 (updates every day) · MLSPA compensation as of: 2026-04-16,FALSE,2026-10-03 17:19:20 UTC
2lqR72mAQr,asa_2lqR72mAQr_mls_full_2025,Kenji Cabrera,kenji cabrera,2003-01-27,Peru,W,NA,23.42505133470226,mls,lgpMOvnQzy,W,asa_live,TRUE,NA,mlspa_via_asa,382,440053,307,440053,full_2025,2025 full season,307,0,1,TRUE,0.2991986970684039,0.0767785016286645,0.014980456026058629,0.13863517915309445,0.03233550488599348,0.0304885993485342,0.00598045602605863,2026,440053,Vancouver Whitecaps FC,0.20362313755561975,1,0.2359734096288554,0.25170497027864486,0.08189706840646807,90.96045197740114,0.015979153094961885,68.36158192090396,0.1478775244345886,80.7909604519774,0.03449120521280423,74.57627118644068,0.03252117263945276,31.638418079096045,0.006379153094661888,62.71186440677966,76.27118644067797,440053,40,45.45454545454545,562000,36.271186440677965,FALSE,TRUE,NA,Low,41,59,Small-Sample Watchlist,Wingers and attacking midfielders,1.1.0,2026-10-03 17:19:27 UTC,NA,NA,NA,Performance data through: 2026-10-03 (updates every day) · MLSPA compensation as of: 2026-04-16,FALSE,2026-10-03 17:19:20 UTC
2lqR7V9AQr,asa_2lqR7V9AQr_mls_full_2025,Georgi Minoungou,georgi minoungou,2002-07-25,Ivory Coast,W,NA,23.93429158110883,mls,pzeQZ6xQKw,W,asa_live,TRUE,NA,mlspa_via_asa,1598,113400,888,113400,full_2025,2025 full season,888,0,1,TRUE,0.1991554054054054,0.07304391891891891,-0.08583445945945946,0.16146283783783782,0.00221959459459459,0.048344594594594593,-8.108108108108109e-5,2026,113400,Colorado Rapids,0.20362313755561975,1,0.20095691030468538,0.21435403766502964,0.0779135135159483,89.83050847457628,-0.0915567567596179,3.9548022598870056,0.1722270270324091,88.13559322033899,0.002367567567641549,45.19774011299435,0.05156756756917905,70.62146892655367,-8.64864864891892e-5,31.638418079096045,51.9774011299435,113400,14.705882352941176,13.896103896103897,562000,37.27151877700233,TRUE,FALSE,90.42553191489361,High,14,86,Fair Value,Wingers and attacking midfielders,1.1.0,2026-10-03 17:19:27 UTC,10,10,45,Performance data through: 2026-10-03 (updates every day) · MLSPA compensation as of: 2026-04-16,FALSE,2026-10-03 17:19:20 UTC
2lqR7YEaQr,asa_2lqR7YEaQr_mls_full_2025,Jackson Travis,jackson travis,2004-02-23,USA,FB,NA,22.351813826146476,mls,pzeQZ6xQKw,FB,asa_live,TRUE,NA,mlspa_via_asa,986,127500,748,127500,full_2025,2025 full season,748,0,1,TRUE,0.06060561497326204,0.004475935828877,0.00815775401069518,0.01341577540106952,0.00948128342245989,0.02109224598930481,0.00398262032085561,2026,127500,Colorado Rapids,0.1336622996580173,1,0.09312342714748545,0.0993316556270886,0.004774331550951331,25.641025641025642,0.008701604278346785,33.97435897435897,0.014310160428254679,29.487179487179485,0.01011336898427326,69.23076923076923,0.022498395722628205,15.384615384615385,0.0042481283423787385,80.76923076923077,6.410256410256411,127500,26.143790849673202,20.77922077922078,368750,-19.733534439416793,TRUE,FALSE,26.666666666666668,High,20.75,79.25,Below Expected Value by Current Model,Fullbacks and wingbacks,1.1.0,2026-10-03 17:19:27 UTC,67,67,326,Performance data through: 2026-10-03 (updates every day) · MLSPA compensation as of: 2026-04-16,FALSE,2026-10-03 17:19:20 UTC
2lqR7wZaQr,asa_2lqR7wZaQr_mls_full_2025,Max Arfsten,max arfsten,2001-04-19,USA,W,NA,25.19917864476386,mls,mvzqoLZQap,W,asa_live,TRUE,NA,mlspa_via_asa,1642,895000,3136,895000,full_2025,2025 full season,3136,0,1,TRUE,0.21004783163265303,0.03319323979591837,0.04158195153061225,0.06954910714285714,0.03431536989795918,0.02988424744897958,0.00152391581632653,2026,895000,Columbus Crew,0.20362313755561975,1,0.20901602851535647,0.22295043042334745,0.035406122450086036,37.85310734463277,0.04435408163403913,82.485875706214685,0.07418571428803258,43.50282485875706,0.036603061225633636,76.27118644067797,0.03187653061324103,29.943502824858758,0.0016255102041324292,46.89265536723164,59.887005649717516,895000,67.05882352941177,77.53246753246754,562000,-7.171817879694252,TRUE,FALSE,41.48936170212766,High,14,86,Fair Value,Wingers and attacking midfielders,1.1.0,2026-10-03 17:19:27 UTC,56,56,260,Performance data through: 2026-10-03 (updates every day) · MLSPA compensation as of: 2026-04-16,FALSE,2026-10-03 17:19:20 UTC
2lqR7yoAQr,asa_2lqR7yoAQr_mls_full_2025,Mykhi Joyner,mykhi joyner,2006-08-30,USA,FB,NA,19.835728952772072,mls,wvq9B9wQWn,FB,asa_live,TRUE,NA,mlspa_via_asa,134,130680,476,130680,full_2025,2025 full season,476,0,1,TRUE,0.26965966386554624,0.05857563025210084,0.02172478991596638,0.15689495798319328,-0.01573109243697479,0.0911533613445378,-0.04295798319327731,2026,130680,St. Louis City SC,0.1336622996580173,1,0.19382470241153382,0.20674634924543023,0.06248067227086008,96.7948717948718,0.023173109244421633,52.56410256410256,0.16735462185396932,98.71794871794872,-0.016779831933297476,12.820512820512821,0.09723025210387877,83.33333333333333,-0.04582184874092773,2.5641025641025643,93.58974358974359,130680,26.797385620915033,21.2987012987013,368750,66.79235796882855,FALSE,TRUE,NA,Low,41,59,Small-Sample Watchlist,Fullbacks and wingbacks,1.1.0,2026-10-03 17:19:27 UTC,NA,NA,NA,Performance data through: 2026-10-03 (updates every day) · MLSPA compensation as of: 2026-04-16,FALSE,2026-10-03 17:19:20 UTC
2lqRJ0l4qr,asa_2lqRJ0l4qr_mls_full_2025,Hosei Kijima,hosei kijima,2002-07-01,Japan,W,NA,24,mls,EKXMeX3Q64,W,asa_live,TRUE,NA,mlspa_via_asa,304,113400,1778,113400,full_2025,2025 full season,1778,0,1,TRUE,0.14228402699662543,0.01786332958380202,0.00221203599550056,0.05204611923509561,0.00591226096737907,0.06272159730033747,0.00152868391451068,2026,113400,D.C. United,0.20362313755561975,1,0.15776067389965176,0.16827805216488723,0.019054218223317602,18.07909604519774,0.0023595050619409984,56.49717514124294,0.055515860519170186,24.858757062146893,0.00630641169873475,48.58757062146893,0.06690303712245069,86.44067796610169,0.0016305961755290147,47.45762711864407,12.429378531073446,113400,14.705882352941176,13.896103896103897,562000,-2.2765038218677294,FALSE,TRUE,NA,Low,41,59,Small-Sample Watchlist,Wingers and attacking midfielders,1.1.0,2026-10-03 17:19:27 UTC,NA,NA,NA,Performance data through: 2026-10-03 (updates every day) · MLSPA compensation as of: 2026-04-16,FALSE,2026-10-03 17:19:20 UTC
2lqRJgb2qr,asa_2lqRJgb2qr_mls_full_2025,Wiktor Bogacz,wiktor bogacz,2004-07-14,Poland,FW,NA,20.9637234770705,mls,a2lqRX2Mr0,FW,asa_live,TRUE,NA,mlspa_via_asa,0,NA,414,516240,full_2025,2025 full season,414,0,1,TRUE,0.05945652173913043,0.03513043478260869,-0.0295,0.15871739130434784,-0.10721739130434783,0.00654347826086956,-0.00421739130434782,2026,516240,New York Red Bulls,0.2320804800898512,1,0.16160087579281135,0.1723742675177188,0.03747246376928695,16.964285714285715,-0.031466666667649995,59.82142857142857,0.16929855072992828,38.392857142857146,-0.11436521739487827,11.607142857142858,0.0069797101451456465,8.035714285714286,-0.004498550724778254,16.964285714285715,8.928571428571429,516240,46.846846846846844,51.688311688311686,558750,-37.918275418275414,FALSE,FALSE,NA,Low,41,59,Insufficient Evidence,Strikers,1.1.0,2026-10-03 17:19:27 UTC,NA,NA,NA,Performance data through: 2026-10-03 (updates every day) · MLSPA compensation as of: 2026-04-16,FALSE,2026-10-03 17:19:20 UTC
2lqRR1wxqr,asa_2lqRR1wxqr_mls_full_2025,Marlon,marlon,1995-09-07,Brazil,CB,NA,29.815195071868583,mls,eVq3ya6MWO,CB,asa_live,TRUE,NA,mlspa_via_asa,0,NA,718,1000000,full_2025,2025 full season,718,0,1,TRUE,0.08741782729805013,0.00517688022284122,0.09229387186629526,-7.395543175487465e-4,0.0125974930362117,-0.01677158774373259,-0.00513927576601671,2026,1000000,Los Angeles FC,0.14523645173583166,1,0.11373890063846662,0.12132149401815569,0.0055220055712031976,33.74233128834356,0.09844679666045807,95.70552147239263,-7.888579387433148e-4,4.294478527607362,0.013437325905712396,84.66257668711657,-0.017889693593873816,1.8404907975460123,-0.0054818941505891325,41.717791411042946,16.56441717791411,1000000,85.71428571428571,81.88311688311688,518000,-69.1498685363716,FALSE,FALSE,NA,Low,41,59,Insufficient Evidence,Center backs,1.1.0,2026-10-03 17:19:27 UTC,NA,NA,NA,Performance data through: 2026-10-03 (updates every day) · MLSPA compensation as of: 2026-04-16,FALSE,2026-10-03 17:19:20 UTC
2lqRR3wJqr,asa_2lqRR3wJqr_mls_full_2025,Bjørn Inge Utvik,bjorn inge utvik,1996-02-28,Norway,CB,NA,29.3388090349076,mls,lgpMOvnQzy,CB,asa_live,TRUE,NA,mlspa_via_asa,0,NA,1157,622083,full_2025,2025 full season,1157,0,1,TRUE,0.13794036300777873,0.00509507346585998,0.04479775280898876,0.028960242005185825,0.007148660328435601,0.05191529818496111,2.33362143474503e-5,2026,622083,Vancouver Whitecaps FC,0.14523645173583166,1,0.1404319129433688,0.14979404047760778,0.005434745030420482,31.901840490797547,0.047784269664414604,45.39877300613497,0.030890924806496887,75.4601226993865,0.00762523768390293,71.77914110429448,0.055376318065689024,26.993865030674847,2.4891961971391528e-5,74.84662576687117,41.104294478527606,622083,57.142857142857146,60.12987012987013,518000,-16.03856266432954,FALSE,FALSE,NA,Low,41,59,Insufficient Evidence,Center backs,1.1.0,2026-10-03 17:19:27 UTC,NA,NA,NA,Performance data through: 2026-10-03 (updates every day) · MLSPA compensation as of: 2026-04-16,FALSE,2026-10-03 17:19:20 UTC
2lqRR4Rxqr,asa_2lqRR4Rxqr_mls_full_2025,Lewis Morgan,lewis morgan,1996-09-30,Scotland,W,NA,29.749486652977417,mls,kRQabn8MKZ,W,asa_live,TRUE,NA,mlspa_via_asa,770,1868508,165,1868508,full_2025,2025 full season,165,0,1,TRUE,0.24316363636363636,0.05089090909090909,-0.01598181818181818,0.16123636363636362,0.025090909090909077,0.02154545454545454,3.8181818181818184e-4,2026,1868508,Toronto FC,0.20362313755561975,1,0.2121514804357802,0.22629491247190392,0.054283636365332726,63.84180790960452,-0.017047272727805454,33.898305084745765,0.1719854545508291,87.57062146892656,0.026763636364472713,67.79661016949153,0.02298181818253636,21.468926553672315,4.0727272728545454e-4,42.3728813559322,63.27683615819209,1868508,81.76470588235294,91.81818181818181,562000,-18.487869724160852,TRUE,FALSE,28.72340425531915,Medium,29.75,70.25,Below Expected Value by Current Model,Wingers and attacking midfielders,1.1.0,2026-10-03 17:19:27 UTC,68,68,318,Performance data through: 2026-10-03 (updates every day) · MLSPA compensation as of: 2026-04-16,FALSE,2026-10-03 17:19:20 UTC
2lqRRZy2qr,asa_2lqRRZy2qr_mls_full_2025,Ilie Sánchez,ilie sanchez,1990-11-21,Spain,CM,NA,35.60848733744011,mls,gpMOLwl5zy,CM,asa_live,TRUE,NA,mlspa_via_asa,1281,225000,1966,225000,full_2025,2025 full season,1966,0,1,TRUE,0.08526653102746695,0.00916937945066124,0.02036673448626653,0.00592828077314343,0.00927009155645981,0.04859816887080367,-0.00806612410986775,2026,225000,Austin FC,0.1398991348215602,1,0.09804110712896966,0.10457718094083567,0.009780671414344301,30.726256983240223,0.02172451678602986,51.95530726256983,0.006323499491550601,8.379888268156424,0.0098880976605328,71.50837988826815,0.05183804679714385,27.932960893854748,-0.008603865717461136,18.435754189944134,9.497206703910615,225000,29.142857142857142,29.350649350649352,516250,-19.645650438946525,TRUE,FALSE,27.884615384615383,High,20.75,79.25,Below Expected Value by Current Model,Central and defensive midfielders,1.1.0,2026-10-03 17:19:27 UTC,76,76,320,Performance data through: 2026-10-03 (updates every day) · MLSPA compensation as of: 2026-04-16,FALSE,2026-10-03 17:19:20 UTC
2lqRRkw2qr,asa_2lqRRkw2qr_mls_full_2025,Alfredo Morales,alfredo morales,1990-05-12,USA,CM,NA,35.13757700205339,mls,wvq9B9wQWn,CM,asa_live,TRUE,NA,mlspa_via_asa,0,NA,1275,205571,full_2025,2025 full season,1275,0,1,TRUE,0.13114588235294117,0.00669176470588235,0.07810588235294118,0.01651764705882353,-0.02296941176470588,0.07404705882352941,-0.02124705882352941,2026,205571,St. Louis City SC,0.1398991348215602,1,0.13394692314289924,0.14287671802355742,0.007137882353164232,25.139664804469273,0.08331294117907412,89.94413407821229,0.017618823529962354,32.960893854748605,-0.024500705883118586,13.40782122905028,0.07898352941423294,69.83240223463687,-0.02266352941247294,7.82122905027933,43.01675977653631,205571,26.857142857142858,27.92207792207792,516250,16.159616919393454,FALSE,FALSE,NA,Low,41,59,Insufficient Evidence,Central and defensive midfielders,1.1.0,2026-10-03 17:19:27 UTC,NA,NA,NA,Performance data through: 2026-10-03 (updates every day) · MLSPA compensation as of: 2026-04-16,FALSE,2026-10-03 17:19:20 UTC
2lqRj3Zxqr,asa_2lqRj3Zxqr_mls_full_2025,Olger Escobar,olger escobar,2006-09-11,Guatemala,W,NA,19.802874743326488,mls,APk5LGOMOW,W,asa_live,TRUE,NA,mlspa_via_asa,485,93421,526,93421,full_2025,2025 full season,526,0,1,TRUE,0.14222053231939163,0.03546958174904943,0.01117300380228136,0.04067110266159696,0.02544296577946768,0.01724714828897338,0.01221673003802281,2026,93421,CF Montréal,0.20362313755561975,1,0.17493950491418458,0.18660213858096153,0.03783422053350171,41.24293785310734,0.011917870722805883,66.66666666666667,0.043382509507059124,15.819209039548022,0.027139163498946958,68.36158192090396,0.018396958175479844,16.949152542372882,0.013031178707631553,74.57627118644068,24.858757062146893,93421,7.647058823529412,6.623376623376624,562000,17.21169823861748,TRUE,FALSE,79.7872340425532,Medium,29.75,70.25,Fair Value,Wingers and attacking midfielders,1.1.0,2026-10-03 17:19:27 UTC,20,20,93,Performance data through: 2026-10-03 (updates every day) · MLSPA compensation as of: 2026-04-16,FALSE,2026-10-03 17:19:20 UTC
2lqRj7nDqr,asa_2lqRj7nDqr_mls_full_2025,Jason Shokalook,jason shokalook,2002-09-30,USA,FW,NA,23.750855578370977,mls,a2lqR4JMr0,FW,asa_live,TRUE,NA,mlspa_via_asa,203,88025,16,88025,full_2025,2025 full season,16,0,1,TRUE,2.2213125,0,1.8815625,0.0185625,0.26775000000000004,0.0534375,0,2026,88025,Real Salt Lake,0.2320804800898512,1,0.28374884424336155,0.30266543386904393,0,3.125,2.007000000062719,100,0.01980000000061875,0.8928571428571429,0.28560000000892505,100,0.05700000000178125,85.71428571428571,0,34.375,79.46428571428571,88025,5.8558558558558556,3.831168831168831,558750,73.60842985842986,FALSE,TRUE,NA,Low,41,59,Small-Sample Watchlist,Strikers,1.1.0,2026-10-03 17:19:27 UTC,NA,NA,NA,Performance data through: 2026-10-03 (updates every day) · MLSPA compensation as of: 2026-04-16,FALSE,2026-10-03 17:19:20 UTC
2lqRjDAAqr,asa_2lqRjDAAqr_mls_full_2025,Ian Fray,ian fray,2002-08-31,USA,FB,NA,23.83299110198494,mls,zeQZkL1MKw,FB,asa_live,TRUE,NA,mlspa_via_asa,1610,429000,1806,429000,full_2025,2025 full season,1806,0,1,TRUE,0.1022840531561462,0.01721760797342192,0.0051029900332225896,0.02127906976744186,-0.00935382059800664,0.0643654485049834,0.00367275747508305,2026,429000,Inter Miami CF,0.1336622996580173,1,0.11010905228379486,0.11744965577305148,0.0183654485055573,69.23076923076923,0.0054431893689408616,30.76923076923077,0.022697674419313953,45.51282051282051,-0.009977408638185543,18.58974358974359,0.06865647840746114,55.12820512820513,0.003917607973544345,79.48717948717949,24.358974358974358,429000,57.51633986928105,44.02597402597402,368750,-33.15736551030669,TRUE,FALSE,15.555555555555555,High,14,86,Below Expected Value by Current Model,Fullbacks and wingbacks,1.1.0,2026-10-03 17:19:27 UTC,77,77,375,Performance data through: 2026-10-03 (updates every day) · MLSPA compensation as of: 2026-04-16,FALSE,2026-10-03 17:19:20 UTC
2lqRjL12qr,asa_2lqRjL12qr_mls_full_2025,Brandan Craig,brandan craig,2004-04-07,USA,CB,NA,22.23134839151266,mls,APk5LGOMOW,CB,asa_live,TRUE,NA,mlspa_via_asa,706,97830,1636,97830,full_2025,2025 full season,1636,0,1,TRUE,0.14023716381418092,0.01123349633251833,0.07150488997555011,0.01693276283618582,-0.01693826405867971,0.06037591687041564,-0.00287163814180929,2026,97830,CF Montréal,0.14523645173583166,1,0.1415786543119405,0.15101723127078914,0.011982396088394002,66.87116564417178,0.07627188264297029,83.43558282208589,0.018061613692495964,50.306748466257666,-0.018067481663156297,9.815950920245399,0.06440097799712255,32.515337423312886,-0.0030630806846922974,47.239263803680984,42.94478527607362,97830,8.695652173913043,8.051948051948052,518000,34.24913310216057,TRUE,FALSE,85.26315789473684,Medium,29.75,70.25,Fair Value,Center backs,1.1.0,2026-10-03 17:19:27 UTC,15,15,68,Performance data through: 2026-10-03 (updates every day) · MLSPA compensation as of: 2026-04-16,FALSE,2026-10-03 17:19:20 UTC
2lqRjYLWqr,asa_2lqRjYLWqr_mls_full_2025,Zane Monlouis,zane monlouis,2003-10-16,England,CB,NA,22.70773442847365,mls,kRQabn8MKZ,CB,asa_live,TRUE,NA,mlspa_via_asa,1360,137891,566,137891,full_2025,2025 full season,566,0,1,TRUE,0.12821024734982334,0,0.04476148409893992,-7.950530035335688e-5,0.00564487632508833,0.0775017667844523,3.8162544169611303e-4,2026,137891,Toronto FC,0.14523645173583166,1,0.1369715875141501,0.14610302668632583,0,7.975460122699387,0.0477455830403613,44.785276073619634,-8.480565371289752e-5,6.134969325153374,0.006021201413615714,66.25766871165644,0.0826685512393325,51.533742331288344,4.0706713782190807e-4,78.52760736196319,37.423312883435585,137891,22.36024844720497,22.337662337662337,518000,15.063064436230615,TRUE,FALSE,70.52631578947368,High,20.75,79.25,Fair Value,Center backs,1.1.0,2026-10-03 17:19:27 UTC,29,29,133,Performance data through: 2026-10-03 (updates every day) · MLSPA compensation as of: 2026-04-16,FALSE,2026-10-03 17:19:20 UTC
2lqRjkEJqr,asa_2lqRjkEJqr_mls_full_2025,Logan Ndenbe,logan ndenbe,2000-02-09,Belgium,FB,NA,25.39082819986311,mls,Z2vQ1xlqrA,FB,asa_live,TRUE,NA,mlspa_via_asa,0,NA,2234,530000,full_2025,2025 full season,2234,0,1,TRUE,0.1452287376902417,0.02379722470904207,0.01189256938227394,0.05083348254252462,0.01895076096687556,0.03400984780662489,0.00574485228290062,2026,530000,Sporting Kansas City,0.1336622996580173,1,0.142779950527456,0.15229861390071242,0.025383706357104782,78.2051282051282,0.012685407341488621,42.94871794871795,0.05422238138038738,80.12820512820512,0.02021414503196562,83.33333333333333,0.036277170994866874,21.153846153846153,0.0061278424352854905,87.82051282051282,62.82051282051282,530000,68.95424836601308,53.246753246753244,368750,-6.133735545500258,FALSE,FALSE,NA,Low,41,59,Insufficient Evidence,Fullbacks and wingbacks,1.1.0,2026-10-03 17:19:27 UTC,NA,NA,NA,Performance data through: 2026-10-03 (updates every day) · MLSPA compensation as of: 2026-04-16,FALSE,2026-10-03 17:19:20 UTC
2lqRk034Qr,asa_2lqRk034Qr_mls_full_2025,Keegan Hughes,keegan hughes,2000-07-22,USA,CB,NA,25.94113620807666,mls,19vQ2095K6,CB,asa_live,TRUE,NA,mlspa_via_asa,90,113400,440,113400,full_2025,2025 full season,440,0,1,TRUE,0.04831363636363635,0.00231136363636363,0.02603863636363636,0.02223409090909091,-0.009449999999999988,0.06612954545454545,-0.05895,2026,113400,New England Revolution,0.14523645173583166,1,0.10423064523221057,0.11117935491783229,0.002465454545531584,20.858895705521473,0.027774545455413406,14.110429447852761,0.023716363637104776,65.03067484662577,-0.010080000000314986,20.245398773006134,0.07053818182038614,39.263803680981596,-0.062880000001965,3.067484662576687,6.134969325153374,113400,11.801242236024844,13.896103896103897,518000,-5.66627291087147,FALSE,TRUE,NA,Low,41,59,Small-Sample Watchlist,Center backs,1.1.0,2026-10-03 17:19:27 UTC,NA,NA,NA,Performance data through: 2026-10-03 (updates every day) · MLSPA compensation as of: 2026-04-16,FALSE,2026-10-03 17:19:20 UTC
2lqRk1raQr,asa_2lqRk1raQr_mls_full_2025,Kamal Miller,kamal miller,1997-05-16,Canada,CB,NA,29.125256673511295,mls,WBLMvYAQxe,CB,asa_live,TRUE,NA,mlspa_via_asa,1769,822496,2481,822496,full_2025,2025 full season,2481,0,1,TRUE,0.14081862152357918,0.00999032648125755,0.08229866989117292,0.0104328899637243,0.00646795646916565,0.03934824667472794,-0.007719467956469161,2026,822496,Portland Timbers FC,0.14523645173583166,1,0.14167895846851636,0.15112422237114007,0.010656348247007731,59.50920245398773,0.08778524788666106,90.1840490797546,0.011128415961653683,31.288343558282207,0.006899153567325626,69.93865030674847,0.04197146312102141,15.950920245398773,-0.00823409915382442,34.969325153374236,43.558282208588956,822496,73.2919254658385,74.15584415584415,518000,-29.733643257249547,TRUE,FALSE,24.210526315789473,High,14,86,Below Expected Value by Current Model,Center backs,1.1.0,2026-10-03 17:19:27 UTC,73,73,337,Performance data through: 2026-10-03 (updates every day) · MLSPA compensation as of: 2026-04-16,FALSE,2026-10-03 17:19:20 UTC
2lqRk3NWQr,asa_2lqRk3NWQr_mls_full_2025,Kyle Duncan,kyle duncan,1997-08-08,USA,FB,NA,28.8952772073922,mls,kRQand1MKZ,FB,asa_live,TRUE,NA,mlspa_via_asa,1859,437889,1695,437889,full_2025,2025 full season,1695,0,1,TRUE,0.12329734513274336,0.00796991150442478,0.03687610619469027,0.020129203539823,-0.0073646017699115,0.0672796460176991,-0.0015929203539823,2026,437889,Minnesota United FC,0.1336622996580173,1,0.12600713716549472,0.13440761298072793,0.008501238938318762,32.05128205128205,0.03933451327556549,76.28205128205128,0.021471150443148842,41.666666666666664,-0.00785557522148442,21.794871794871796,0.07176495575445503,58.97435897435897,-0.0016991150443008839,40.38461538461539,43.58974358974359,437889,58.8235294117647,45.064935064935064,368750,-15.233785822021112,TRUE,FALSE,35.55555555555556,High,14,86,Below Expected Value by Current Model,Fullbacks and wingbacks,1.1.0,2026-10-03 17:19:27 UTC,59,59,288,Performance data through: 2026-10-03 (updates every day) · MLSPA compensation as of: 2026-04-16,FALSE,2026-10-03 17:19:20 UTC
2lqRk3lnQr,asa_2lqRk3lnQr_mls_full_2025,Keaton Parks,keaton parks,1997-08-06,USA,CM,NA,28.90075290896646,mls,Vj58weDM8n,CM,asa_live,TRUE,NA,mlspa_via_asa,1200,1130000,993,1130000,full_2025,2025 full season,993,0,1,TRUE,0.28691238670694863,0.02928398791540785,0.05565861027190332,0.07966767371601208,0.02188821752265861,0.09291842900302114,0.00749546827794561,2026,1130000,New York City FC,0.1398991348215602,1,0.23154016377459893,0.24697617470062352,0.031236253777411172,81.00558659217877,0.05936918429188549,82.68156424581005,0.0849788519664018,92.17877094972067,0.02334743202489879,89.94413407821229,0.09911299093965316,84.91620111731844,0.007995166163391833,88.26815642458101,99.44134078212291,1130000,89.14285714285714,84.15584415584415,516250,10.298483639265768,TRUE,FALSE,64.42307692307692,High,20.75,79.25,Undervalued,Central and defensive midfielders,1.1.0,2026-10-03 17:19:27 UTC,38,38,160,Performance data through: 2026-10-03 (updates every day) · MLSPA compensation as of: 2026-04-16,FALSE,2026-10-03 17:19:20 UTC
2lqRkOwnQr,asa_2lqRkOwnQr_mls_full_2025,Ryan Porteous,ryan porteous,1999-03-25,Scotland,CB,NA,27.26899383983573,mls,eVq3ya6MWO,CB,asa_live,TRUE,NA,mlspa_via_asa,2181,760260,1274,760260,full_2025,2025 full season,1274,0,1,TRUE,0.15500627943485085,0.0102574568288854,0.08299215070643642,0.01087205651491365,0.00801805337519623,0.06878571428571428,-0.02591915227629513,2026,760260,Los Angeles FC,0.14523645173583166,1,0.15187826629749146,0.16200348405572015,0.010941287284486342,61.34969325153374,0.08852496075629859,92.02453987730061,0.01159686028293696,32.515337423312886,0.008552590267143247,77.30061349693251,0.07337142857372142,39.877300613496935,-0.027647095762245444,9.202453987730062,58.282208588957054,760260,68.32298136645963,70.25974025974025,518000,-10.040772777502575,TRUE,FALSE,35.78947368421053,High,14,86,Fair Value,Center backs,1.1.0,2026-10-03 17:19:27 UTC,62,62,286,Performance data through: 2026-10-03 (updates every day) · MLSPA compensation as of: 2026-04-16,FALSE,2026-10-03 17:19:20 UTC
2lqRkWG0Qr,asa_2lqRkWG0Qr_mls_full_2025,Rafael Santos,rafael santos,1998-02-05,Brazil,FB,NA,28.399726214921287,mls,wvq9B9wQWn,FB,asa_live,TRUE,NA,mlspa_via_asa,1198,226354,1206,226354,full_2025,2025 full season,1206,0,1,TRUE,0.09111940298507464,0.0172910447761194,0.04558208955223881,0.01370149253731343,-0.0025,0.01642537313432835,6.194029850746268e-4,2026,226354,St. Louis City SC,0.1336622996580173,1,0.10525325570033797,0.11227013941720228,0.018443781095103726,69.87179487179488,0.04862089552390746,82.05128205128206,0.014614925373591043,31.41025641025641,-0.00266666666675,33.97435897435897,0.01752039801049775,13.461538461538462,6.60696517433582e-4,60.256410256410255,17.94871794871795,226354,34.64052287581699,29.61038961038961,368750,-16.691804927099042,TRUE,FALSE,33.333333333333336,High,20.75,79.25,Below Expected Value by Current Model,Fullbacks and wingbacks,1.1.0,2026-10-03 17:19:27 UTC,61,61,297,Performance data through: 2026-10-03 (updates every day) · MLSPA compensation as of: 2026-04-16,FALSE,2026-10-03 17:19:20 UTC
2lqRkYZnQr,asa_2lqRkYZnQr_mls_full_2025,Bryan Acosta,bryan acosta,1993-11-24,Honduras,CM,NA,32.59958932238193,mls,vzqoOgNqap,CM,asa_live,TRUE,NA,mlspa_via_asa,732,200500,394,200500,full_2025,2025 full season,394,0,1,TRUE,0.15820812182741115,0.0037690355329949203,0.04008883248730964,0.00712690355329949,0.0018730964467005,0.1164060913705584,-0.01105583756345177,2026,200500,Nashville SC,0.1398991348215602,1,0.14715641940939245,0.15696684737492383,0.004020304568653549,18.435754189944134,0.042761421321133246,72.06703910614524,0.007602030457090353,10.614525139664805,0.0019979695432096366,50.279329608938546,0.12416649746580917,94.97206703910615,-0.01179289340138375,15.64245810055866,62.01117318435754,200500,26.285714285714285,27.662337662337663,516250,35.725458898643254,TRUE,FALSE,85.57692307692308,Medium,29.75,70.25,Strong Value,Central and defensive midfielders,1.1.0,2026-10-03 17:19:27 UTC,16,16,66,Performance data through: 2026-10-03 (updates every day) · MLSPA compensation as of: 2026-04-16,FALSE,2026-10-03 17:19:20 UTC
2lqRkZXDQr,asa_2lqRkZXDQr_mls_full_2025,Cristian Espinoza,cristian espinoza,1995-04-03,Argentina,W,NA,31.24435318275154,mls,vzqoOgNqap,W,asa_live,TRUE,NA,mlspa_via_asa,1819,2343567,3017,2343567,full_2025,2025 full season,3017,0,1,TRUE,0.25099767981438514,0.0273370898243288,0.10186377195889956,0.05841498176997017,0.01411004308916141,0.04895856811402055,3.132250580046404e-4,2026,2343567,Nashville SC,0.20362313755561975,1,0.24313903304765602,0.2593483019256044,0.02915956248019529,27.11864406779661,0.10865469009288832,95.48022598870057,0.06230931388991535,31.638418079096045,0.015050712628909172,57.6271186440678,0.05222247265658721,71.75141242937853,3.3410672854872393e-4,41.80790960451977,79.09604519774011,2343567,84.70588235294117,93.24675324675324,562000,-5.609837155201063,TRUE,FALSE,44.680851063829785,High,14,86,Fair Value,Wingers and attacking midfielders,1.1.0,2026-10-03 17:19:27 UTC,53,53,247,Performance data through: 2026-10-03 (updates every day) · MLSPA compensation as of: 2026-04-16,FALSE,2026-10-03 17:19:20 UTC
2lqRkbN4Qr,asa_2lqRkbN4Qr_mls_full_2025,Paul Rothrock,paul rothrock,1999-01-09,USA,W,NA,27.474332648870636,mls,jYQJ19EqGR,W,asa_live,TRUE,NA,mlspa_via_asa,1954,525000,2526,525000,full_2025,2025 full season,2526,0,1,TRUE,0.17346912114014254,0.03991211401425178,-0.06622802850356295,0.1007209026128266,0.04612589073634204,0.03818764845605701,0.014750593824228019,2026,525000,Seattle Sounders FC,0.20362313755561975,1,0.17925684022180804,0.19120729624257046,0.042572921616532304,46.89265536723164,-0.07064323040600808,7.909604519774011,0.10743562945703906,68.92655367231639,0.04920095012030237,81.92090395480226,0.04073349168773373,46.32768361581921,0.015733966746334906,78.53107344632768,28.8135593220339,525000,47.64705882352941,52.72727272727273,562000,-18.833499501495513,TRUE,FALSE,27.659574468085108,High,14,86,Below Expected Value by Current Model,Wingers and attacking midfielders,1.1.0,2026-10-03 17:19:27 UTC,69,69,322,Performance data through: 2026-10-03 (updates every day) · MLSPA compensation as of: 2026-04-16,FALSE,2026-10-03 17:19:20 UTC
2lqRked4Qr,asa_2lqRked4Qr_mls_full_2025,Eduard Löwen,eduard lowen,1997-01-28,Germany,W,NA,29.42094455852156,mls,wvq9B9wQWn,W,asa_live,TRUE,NA,mlspa_via_asa,1240,1444250,1587,1444250,full_2025,2025 full season,1587,0,1,TRUE,0.23893383742911153,0.04985444234404537,0.06996408317580341,0.03529111531190926,0.01794896030245746,0.05679584120982987,0.00907939508506616,2026,1444250,St. Louis City SC,0.20362313755561975,1,0.2292464026215692,0.24452949613731537,0.0531780718353102,61.016949152542374,0.07462835538985577,89.26553672316385,0.03764385633387958,13.559322033898304,0.01914555765655292,62.14689265536723,0.06058223062571172,78.53107344632768,0.009684688091039883,70.62146892655367,71.75141242937853,1444250,76.47058823529412,88.57142857142857,562000,-4.719175805915583,TRUE,FALSE,45.744680851063826,High,20.75,79.25,Fair Value,Wingers and attacking midfielders,1.1.0,2026-10-03 17:19:27 UTC,52,52,242,Performance data through: 2026-10-03 (updates every day) · MLSPA compensation as of: 2026-04-16,FALSE,2026-10-03 17:19:20 UTC
2lqRknk2Qr,asa_2lqRknk2Qr_mls_full_2025,Yeimar Gómez Andrade,yeimar gomez andrade,1992-06-30,Colombia,CB,NA,34.001368925393564,mls,jYQJ19EqGR,CB,asa_live,TRUE,NA,mlspa_via_asa,211,982500,2241,982500,full_2025,2025 full season,2241,0,1,TRUE,0.18364658634538153,0.01539357429718875,0.05224899598393574,0.03377911646586345,-0.00231325301204819,0.10266666666666668,-0.0181285140562249,2026,982500,Seattle Sounders FC,0.14523645173583166,1,0.1755346254985917,0.18723693387101562,0.01641981258418112,82.20858895705521,0.05573226238460642,60.122699386503065,0.03603105756471365,80.98159509202453,-0.002467469879595178,34.355828220858896,0.10951111111453335,79.14110429447852,-0.019337081660577512,13.496932515337424,80.98159509202453,982500,84.472049689441,81.2987012987013,518000,-3.490454597416459,FALSE,TRUE,NA,Low,41,59,Small-Sample Watchlist,Center backs,1.1.0,2026-10-03 17:19:27 UTC,NA,NA,NA,Performance data through: 2026-10-03 (updates every day) · MLSPA compensation as of: 2026-04-16,FALSE,2026-10-03 17:19:20 UTC
2vQ14E1Kqr,asa_2vQ14E1Kqr_mls_full_2025,Ranko Veselinović,ranko veselinovic,1999-03-24,Serbia,CB,NA,27.27173169062286,mls,lgpMOvnQzy,CB,asa_live,TRUE,NA,mlspa_via_asa,63,782125,1958,782125,full_2025,2025 full season,1958,0,1,TRUE,0.1672262512768131,0.01321501532175689,0.04594228804902962,0.04415423901940756,0.01957660878447395,0.0564959141981614,-0.01215781409601634,2026,782125,Vancouver Whitecaps FC,0.14523645173583166,1,0.1620683624087174,0.17287291990803416,0.01409601634364785,78.52760736196319,0.04900510725382967,47.852760736196316,0.047097854955506537,90.1840490797546,0.020881716037424766,95.0920245398773,0.06026230847992202,30.061349693251532,-0.012968335036156024,25.153374233128833,66.25766871165644,782125,69.56521739130434,71.68831168831169,518000,-3.3075486796479083,FALSE,TRUE,NA,Low,41,59,Small-Sample Watchlist,Center backs,1.1.0,2026-10-03 17:19:27 UTC,NA,NA,NA,Performance data through: 2026-10-03 (updates every day) · MLSPA compensation as of: 2026-04-16,FALSE,2026-10-03 17:19:20 UTC
2vQ14xl0qr,asa_2vQ14xl0qr_mls_full_2025,Dylan Chambost,dylan chambost,1997-08-19,France,CM,NA,28.865160848733744,mls,mvzqoLZQap,CM,asa_live,TRUE,NA,mlspa_via_asa,1435,695250,3153,695250,full_2025,2025 full season,3153,0,1,TRUE,0.23012369172216937,0.024054234062797334,0.08252711703139867,0.03209800190294957,0.012676498572787818,0.07164890580399619,0.00711893434823977,2026,695250,Columbus Crew,0.1398991348215602,1,0.21569930212974583,0.2300792556122522,0.02565784966778563,70.39106145251397,0.08802892483624282,91.06145251396649,0.034237868697549474,61.452513966480446,0.013521598478062889,80.44692737430168,0.0764254995266509,67.59776536312849,0.007593529971693052,87.70949720670392,95.53072625698324,695250,65.71428571428571,65.1948051948052,516250,29.816440542697535,TRUE,FALSE,82.6923076923077,High,20.75,79.25,Strong Value,Central and defensive midfielders,1.1.0,2026-10-03 17:19:27 UTC,19,19,80,Performance data through: 2026-10-03 (updates every day) · MLSPA compensation as of: 2026-04-16,FALSE,2026-10-03 17:19:20 UTC
2vQ1LYY0qr,asa_2vQ1LYY0qr_mls_full_2025,Emmanuel Boateng,emmanuel boateng,1994-01-17,Ghana,W,NA,31.45242984257358,mls,zeQZBOzQKw,W,asa_live,TRUE,NA,mlspa_via_asa,0,NA,319,331500,full_2025,2025 full season,319,0,1,TRUE,0.09251097178683385,0,-0.06878369905956112,0.06435423197492163,0.00420376175548589,0.09445768025078367,-0.00172100313479623,2026,331500,San Diego FC,0.20362313755561975,1,0.165054279144039,0.1760578977591434,0,6.214689265536723,-0.07336927899915799,6.779661016949152,0.06864451410872821,37.85310734463277,0.004484012539325075,48.0225988700565,0.10075485893731784,97.74011299435028,-0.0018357366771733453,22.033898305084747,16.384180790960453,331500,31.764705882352942,36.23376623376623,562000,-15.380525091392489,FALSE,FALSE,NA,Low,41,59,Insufficient Evidence,Wingers and attacking midfielders,1.1.0,2026-10-03 17:19:27 UTC,NA,NA,NA,Performance data through: 2026-10-03 (updates every day) · MLSPA compensation as of: 2026-04-16,FALSE,2026-10-03 17:19:20 UTC
2vQ1LYxbqr,asa_2vQ1LYxbqr_mls_full_2025,Paul Arriola,paul arriola,1995-02-05,USA,W,NA,31.40041067761807,mls,jYQJ19EqGR,W,asa_live,TRUE,NA,mlspa_via_asa,655,1142500,84,1142500,full_2025,2025 full season,84,0,1,TRUE,0.12160714285714286,0.04714285714285714,-0.04403571428571428,0.08089285714285714,0.03985714285714285,0.01275,-0.015,2026,1142500,Seattle Sounders FC,0.20362313755561975,1,0.19355099785580682,0.20645439771931232,0.05028571428728571,56.49717514124294,-0.04697142857289643,14.124293785310735,0.08628571428841071,53.67231638418079,0.042514285715614275,78.53107344632768,0.013600000000425,12.994350282485875,-0.0160000000005,4.519774011299435,46.32768361581921,1142500,71.76470588235294,84.48051948051948,562000,-25.43702226653373,TRUE,FALSE,24.46808510638298,Medium,29.75,70.25,Below Expected Value by Current Model,Wingers and attacking midfielders,1.1.0,2026-10-03 17:19:27 UTC,72,72,335,Performance data through: 2026-10-03 (updates every day) · MLSPA compensation as of: 2026-04-16,FALSE,2026-10-03 17:19:20 UTC
2vQ1N6yLMr,asa_2vQ1N6yLMr_mls_full_2025,Giacomo Vrioni,giacomo vrioni,1998-10-15,Albania,FW,NA,26.71047227926078,mls,APk5LGOMOW,FW,asa_live,TRUE,NA,mlspa_via_asa,0,NA,455,2247500,full_2025,2025 full season,455,0,1,TRUE,0.3556681318681319,0.11607032967032968,-0.0498065934065934,0.41030109890109895,-0.13606813186813185,0.01972087912087912,-0.004549450549450539,2026,2247500,CF Montréal,0.2320804800898512,1,0.28538131569091063,0.30440673674648405,0.12380835165222066,98.21428571428571,-0.05312703296869318,37.5,0.43765450550818225,98.21428571428571,-0.14513934066387624,8.035714285714286,0.021035604396261755,19.642857142857142,-0.0048527472528988895,16.071428571428573,80.35714285714286,2247500,81.08108108108108,92.85714285714286,558750,-0.7239382239382195,FALSE,FALSE,NA,Low,41,59,Insufficient Evidence,Strikers,1.1.0,2026-10-03 17:19:27 UTC,NA,NA,NA,Performance data through: 2026-10-03 (updates every day) · MLSPA compensation as of: 2026-04-16,FALSE,2026-10-03 17:19:20 UTC
2vQ1NBY8Mr,asa_2vQ1NBY8Mr_mls_full_2025,Joaquín Pereyra,joaquin pereyra,1998-12-01,Argentina,W,NA,27.581108829568787,mls,kRQand1MKZ,W,asa_live,TRUE,NA,mlspa_via_asa,2535,1089000,3233,1089000,full_2025,2025 full season,3233,0,1,TRUE,0.20658799876275905,0.04452397154345809,0.0769662851840396,0.04375286111970306,-0.01497123414785029,0.05587070832044541,4.454067429631921e-4,2026,1089000,Minnesota United FC,0.20362313755561975,1,0.20612389317332946,0.2198654860584222,0.04749223631450609,53.67231638418079,0.08209737086554111,90.96045197740114,0.04666971852914169,18.64406779661017,-0.015969316424872683,22.033898305084747,0.059595422210337465,76.8361581920904,4.751005258422518e-4,42.93785310734463,58.19209039548023,1089000,71.17647058823529,83.63636363636364,562000,-12.984380192755062,TRUE,FALSE,35.1063829787234,High,14,86,Fair Value,Wingers and attacking midfielders,1.1.0,2026-10-03 17:19:27 UTC,62,62,289,Performance data through: 2026-10-03 (updates every day) · MLSPA compensation as of: 2026-04-16,FALSE,2026-10-03 17:19:20 UTC
2vQ1NO0OMr,asa_2vQ1NO0OMr_mls_full_2025,Jáder Obrian,jader obrian,1995-05-18,Colombia,W,NA,30.12183436002738,mls,gpMOLwl5zy,W,asa_live,TRUE,NA,mlspa_via_asa,0,NA,1130,505401,full_2025,2025 full season,1130,0,1,TRUE,0.1562575221238938,0.02278672566371681,2.230088495575221e-4,0.07320265486725665,0.01518053097345132,0.04559734513274336,-7.327433628318584e-4,2026,505401,Austin FC,0.20362313755561975,1,0.17268490319848084,0.18419723008413572,0.024305840708724154,22.033898305084747,2.3787610620212387e-4,53.10734463276836,0.07808283186084718,45.76271186440678,0.016192566372187425,59.887005649717516,0.04863716814311283,65.53672316384181,-7.815929203784071e-4,27.683615819209038,22.598870056497177,505401,45.88235294117647,51.42857142857143,562000,-23.283482884679295,FALSE,FALSE,NA,Low,41,59,Insufficient Evidence,Wingers and attacking midfielders,1.1.0,2026-10-03 17:19:27 UTC,NA,NA,NA,Performance data through: 2026-10-03 (updates every day) · MLSPA compensation as of: 2026-04-16,FALSE,2026-10-03 17:19:20 UTC
2vQ1NPw4Mr,asa_2vQ1NPw4Mr_mls_full_2025,Emmanuel Sabbi,emmanuel sabbi,1997-12-24,USA,W,NA,28.517453798767967,mls,lgpMOvnQzy,W,asa_live,TRUE,NA,mlspa_via_asa,1288,1167750,2384,1167750,full_2025,2025 full season,2384,0,1,TRUE,0.3174765100671141,0.07429907718120805,-0.015006291946308722,0.175998322147651,-7.248322147651006e-4,0.04545302013422819,0.03745721476510067,2026,1167750,Vancouver Whitecaps FC,0.20362313755561975,1,0.29458374079536587,0.3142226568582097,0.07925234899576522,90.3954802259887,-0.01600671140989618,35.59322033898305,0.18773154363002767,89.83050847457628,-7.731543624402683e-4,40.67796610169491,0.04848322147802517,64.40677966101696,0.039954362417355956,97.17514124293785,96.045197740113,1167750,72.3529411764706,84.93506493506493,562000,23.692256563642403,TRUE,FALSE,82.97872340425532,High,20.75,79.25,Strong Value,Wingers and attacking midfielders,1.1.0,2026-10-03 17:19:27 UTC,17,17,78,Performance data through: 2026-10-03 (updates every day) · MLSPA compensation as of: 2026-04-16,FALSE,2026-10-03 17:19:20 UTC
2vQ1Nv7LMr,asa_2vQ1Nv7LMr_mls_full_2025,Randall Leal,randall leal,1997-01-14,Costa Rica,W,NA,28.459958932238195,mls,EKXMeX3Q64,W,asa_live,TRUE,NA,mlspa_via_asa,0,NA,597,1265000,full_2025,2025 full season,597,0,1,TRUE,0.20662311557788943,0.02841708542713568,0.06606030150753768,0.04109547738693468,-0.0014321608040201,0.06619597989949748,0.00628643216080402,2026,1265000,D.C. United,0.20362313755561975,1,0.20511936719579937,0.21879399168235664,0.03031155778989196,27.683615819209038,0.0704643216102422,87.57062146892656,0.04383517588076684,16.949152542372882,-0.0015276381910025122,39.548022598870055,0.07060904522833718,89.83050847457628,0.006705527638400503,65.53672316384181,56.49717514124294,1265000,72.94117647058823,86.1038961038961,562000,-16.44400132934529,FALSE,FALSE,NA,Low,41,59,Insufficient Evidence,Wingers and attacking midfielders,1.1.0,2026-10-03 17:19:27 UTC,NA,NA,NA,Performance data through: 2026-10-03 (updates every day) · MLSPA compensation as of: 2026-04-16,FALSE,2026-10-03 17:19:20 UTC
2vQ1dJAxqr,asa_2vQ1dJAxqr_mls_full_2025,Eric Klein,eric klein,2006-11-20,USA,W,NA,19.61122518822724,mls,19vQ2095K6,W,asa_live,TRUE,NA,mlspa_via_asa,40,94302,9,94302,full_2025,2025 full season,9,0,1,TRUE,-0.29100000000000004,0,-0.084,0.052,-0.626,0.3670000000000001,0,2026,94302,New England Revolution,0.20362313755561975,1,0.19631343601538892,0.20940099842295862,0,6.214689265536723,-0.08960000000280001,4.519774011299435,0.0554666666684,24.293785310734464,-0.6677333333542,0.5649717514124294,0.3914666666789001,99.43502824858757,0,35.31073446327684,47.45762711864407,94302,8.235294117647058,7.142857142857143,562000,39.22233300099701,FALSE,TRUE,NA,Low,41,59,Small-Sample Watchlist,Wingers and attacking midfielders,1.1.0,2026-10-03 17:19:27 UTC,NA,NA,NA,Performance data through: 2026-10-03 (updates every day) · MLSPA compensation as of: 2026-04-16,FALSE,2026-10-03 17:19:20 UTC
2vQ1dVAwqr,asa_2vQ1dVAwqr_mls_full_2025,Célio Pompeu,celio pompeu,1999-12-10,Brazil,W,NA,26.55715263518138,mls,wvq9B9wQWn,W,asa_live,TRUE,NA,mlspa_via_asa,134,309006,1720,309006,full_2025,2025 full season,1720,0,1,TRUE,0.18593895348837208,0.03765348837209302,0.00403430232558139,0.04694127906976744,0.06049360465116278,0.04694651162790698,-0.01013023255813953,2026,309006,St. Louis City SC,0.20362313755561975,1,0.19051244936783268,0.20321327933203862,0.04016372093148767,45.19774011299435,0.004303255814087959,59.32203389830509,0.05007069767598331,19.774011299435028,0.06452651162992343,88.13559322033899,0.05007627907133233,67.79661016949153,-0.010805581395686508,6.214689265536723,40.67796610169491,309006,29.41176470588235,34.15584415584416,562000,11.266201395812562,FALSE,TRUE,NA,Low,41,59,Small-Sample Watchlist,Wingers and attacking midfielders,1.1.0,2026-10-03 17:19:27 UTC,NA,NA,NA,Performance data through: 2026-10-03 (updates every day) · MLSPA compensation as of: 2026-04-16,FALSE,2026-10-03 17:19:20 UTC
2vQ1dZ8Kqr,asa_2vQ1dZ8Kqr_mls_full_2025,Lukas Engel,lukas engel,1998-12-14,Denmark,CB,NA,27.54551676933607,mls,a2lqR4JMr0,CB,asa_live,TRUE,NA,mlspa_via_asa,1271,832135,3154,832135,full_2025,2025 full season,3154,0,1,TRUE,0.17883005707038685,0.01018991756499682,0.04623557387444515,0.022071972098922,0.00396068484464172,0.0975875079264426,-0.0012155992390615,2026,832135,Real Salt Lake,0.14523645173583166,1,0.17346080741648884,0.18502486125003678,0.010869245403002938,60.736196319018404,0.04931794546761601,48.466257668711656,0.023543436906252532,63.80368098159509,0.004224730501083191,60.122699386503065,0.10409334179145835,73.61963190184049,-0.0012966391883727866,62.576687116564415,80.3680981595092,832135,73.91304347826087,74.54545454545455,518000,6.455054681248328,TRUE,FALSE,55.78947368421053,High,20.75,79.25,Fair Value,Center backs,1.1.0,2026-10-03 17:19:27 UTC,43,43,197,Performance data through: 2026-10-03 (updates every day) · MLSPA compensation as of: 2026-04-16,FALSE,2026-10-03 17:19:20 UTC
2vQ1dbG8qr,asa_2vQ1dbG8qr_mls_full_2025,Rwan Cruz,rwan cruz,2001-05-20,Brazil,FW,NA,24.11498973305955,mls,a2lqR4JMr0,FW,asa_live,TRUE,NA,mlspa_via_asa,0,NA,708,1858426,full_2025,2025 full season,708,0,1,TRUE,0.23061864406779659,0.08963135593220338,-0.07613135593220338,0.21091525423728813,-0.0349957627118644,0.04020762711864407,9.915254237288136e-4,2026,1858426,Real Salt Lake,0.2320804800898512,1,0.23128921105039044,0.24670849179479276,0.09560677966400465,89.28571428571429,-0.08120677966355465,14.285714285714286,0.2249762711934712,63.392857142857146,-0.037328813560488554,44.642857142857146,0.042888135594560596,74.10714285714286,0.0010576271186771187,41.07142857142857,50.892857142857146,1858426,78.37837837837837,91.68831168831169,558750,-27.485521235521226,FALSE,FALSE,NA,Low,41,59,Insufficient Evidence,Strikers,1.1.0,2026-10-03 17:19:27 UTC,NA,NA,NA,Performance data through: 2026-10-03 (updates every day) · MLSPA compensation as of: 2026-04-16,FALSE,2026-10-03 17:19:20 UTC
2vQ1dlaOqr,asa_2vQ1dlaOqr_mls_full_2025,Aleksandr Guboglo,aleksandr guboglo,2007-03-20,Haiti,FB,NA,19.28268309377139,mls,APk5LGOMOW,FB,asa_live,TRUE,NA,mlspa_via_asa,65,93714,1164,93714,full_2025,2025 full season,1164,0,1,TRUE,0.05055154639175258,0.0111881443298969,-0.01172164948453608,0.01967783505154639,0.00131443298969072,0.03673453608247423,-0.00664175257731958,2026,93714,CF Montréal,0.1336622996580173,1,0.07882051008776099,0.08407521076290574,0.011934020618929632,50.64102564102564,-0.012503092783895874,17.307692307692307,0.020989690722305412,41.02564102564103,0.0014020618557139158,50.64102564102564,0.03918350515586366,23.71794871794872,-0.0070845360826956106,19.871794871794872,1.9230769230769231,93714,6.5359477124183005,6.753246753246753,368750,-4.612870789341377,FALSE,TRUE,NA,Low,41,59,Small-Sample Watchlist,Fullbacks and wingbacks,1.1.0,2026-10-03 17:19:27 UTC,NA,NA,NA,Performance data through: 2026-10-03 (updates every day) · MLSPA compensation as of: 2026-04-16,FALSE,2026-10-03 17:19:20 UTC
2vQ1jGzOMr,asa_2vQ1jGzOMr_mls_full_2025,Ola Brynhildsen,ola brynhildsen,1999-04-27,Norway,FW,NA,26.17932922655715,mls,kRQabn8MKZ,FW,asa_live,TRUE,NA,mlspa_via_asa,0,NA,1450,1629610,full_2025,2025 full season,1450,0,1,TRUE,0.24599793103448275,0.04838896551724138,-0.03333724137931034,0.1871006896551724,0.01621862068965517,0.01836,0.00926689655172413,2026,1629610,Toronto FC,0.2320804800898512,1,0.24192453075800524,0.2580528328166031,0.051614896553337106,34.82142857142857,-0.035559724139042265,56.25,0.19957406897175392,50.892857142857146,0.017299862069506136,88.39285714285714,0.019584000000612,17.857142857142858,0.009884689655481302,63.392857142857146,58.035714285714285,1629610,75.67567567567568,90.25974025974025,558750,-17.639961389961393,FALSE,FALSE,NA,Low,41,59,Insufficient Evidence,Strikers,1.1.0,2026-10-03 17:19:27 UTC,NA,NA,NA,Performance data through: 2026-10-03 (updates every day) · MLSPA compensation as of: 2026-04-16,FALSE,2026-10-03 17:19:20 UTC
315V60b59x,asa_315V60b59x_mls_full_2025,Tim Ream,tim ream,1987-10-05,USA,CB,NA,38.7378507871321,mls,NPqxKXZ59d,CB,asa_live,TRUE,NA,mlspa_via_asa,1995,1127750,2790,1127750,full_2025,2025 full season,2790,0,1,TRUE,0.12281935483870968,0,0.05988387096774192,7.096774193548388e-4,0.00569032258064516,0.056980645161290325,-4.4516129032258066e-4,2026,1127750,Charlotte FC,0.14523645173583166,1,0.1267869826081118,0.1352394481195455,0,7.975460122699387,0.06387612903425417,69.93865030674847,7.569892473354839e-4,10.429447852760736,0.0060696774195445145,66.87116564417178,0.060779354840609034,30.67484662576687,-4.748387096922581e-4,68.09815950920246,26.993865030674847,1127750,90.06211180124224,84.02597402597402,518000,-63.06824677056739,TRUE,FALSE,4.2105263157894735,High,14,86,Below Expected Value by Current Model,Center backs,1.1.0,2026-10-03 17:19:27 UTC,92,92,426,Performance data through: 2026-10-03 (updates every day) · MLSPA compensation as of: 2026-04-16,FALSE,2026-10-03 17:19:20 UTC
315V7AgEq9,asa_315V7AgEq9_mls_full_2025,Peyton Miller,peyton miller,2007-11-08,USA,W,NA,18.64476386036961,mls,19vQ2095K6,W,asa_live,TRUE,NA,mlspa_via_asa,1882,115400,2283,115400,full_2025,2025 full season,2283,0,1,TRUE,0.15544021024967147,0.02373193166885676,-6.544021024967149e-4,0.07475952693823916,0.0019316688567674097,0.05875821287779237,-0.00308672798948751,2026,115400,New England Revolution,0.20362313755561975,1,0.16546787462135687,0.17649906626829626,0.025314060447571608,23.163841807909606,-6.980289093516427e-4,50.282485875706215,0.07974349540328042,46.89265536723164,0.0020604467806162926,44.632768361581924,0.0626754270716038,82.485875706214685,-0.003292509855556235,18.07909604519774,16.949152542372882,115400,17.058823529411764,16.233766233766232,562000,-0.10967098703888212,TRUE,FALSE,59.57446808510638,High,14,86,Fair Value,Wingers and attacking midfielders,1.1.0,2026-10-03 17:19:27 UTC,39,39,182,Performance data through: 2026-10-03 (updates every day) · MLSPA compensation as of: 2026-04-16,FALSE,2026-10-03 17:19:20 UTC
315V7V1Yq9,asa_315V7V1Yq9_mls_full_2025,Leonardo Barroso,leonardo barroso,2005-06-12,Portugal,FB,NA,21.05133470225873,mls,X0Oq66zq6D,FB,asa_live,TRUE,NA,mlspa_via_asa,1048,395500,1182,395500,full_2025,2025 full season,1182,0,1,TRUE,0.1357842639593909,0.01910406091370558,-0.01152030456852791,0.0098984771573604,0.01812182741116751,0.10158883248730964,-0.00140862944162436,2026,395500,Chicago Fire FC,0.1336622996580173,1,0.1350697978646523,0.14407445106013145,0.020377664975256084,71.15384615384616,-0.012288324873480447,17.94871794871795,0.01055837563484771,19.23076923076923,0.01932994923918274,81.41025641025641,0.10836142132318324,90.38461538461539,-0.0015025380711129381,42.30769230769231,52.56410256410256,395500,54.248366013071895,41.688311688311686,368750,-1.6842634489693324,TRUE,FALSE,50,High,20.75,79.25,Fair Value,Fullbacks and wingbacks,1.1.0,2026-10-03 17:19:27 UTC,46,46,222,Performance data through: 2026-10-03 (updates every day) · MLSPA compensation as of: 2026-04-16,FALSE,2026-10-03 17:19:20 UTC
315V7Z2Vq9,asa_315V7Z2Vq9_mls_full_2025,Dor Turgeman,dor turgeman,2003-10-24,Israel,FW,NA,22.68583162217659,mls,19vQ2095K6,FW,asa_live,TRUE,NA,mlspa_via_asa,2309,800000,245,800000,full_2025,2025 full season,245,0,1,TRUE,0.34159591836734693,0.07571020408163265,-0.01616326530612245,0.08173469387755102,0.06549795918367346,0.1294530612244898,0.00536326530612244,2026,800000,New England Revolution,0.2320804800898512,1,0.2638334769868766,0.2814223754614628,0.08075755102293183,75,-0.017240816327069388,67.85714285714286,0.08718367347211224,11.607142857142858,0.06986448979810163,97.32142857142857,0.13808326531043755,100,0.0057208163267093775,53.57142857142857,70.53571428571429,800000,60.36036036036036,72.66233766233766,558750,10.175353925353932,TRUE,FALSE,70.6896551724138,High,14,86,Undervalued,Strikers,1.1.0,2026-10-03 17:19:27 UTC,18,18,132,Performance data through: 2026-10-03 (updates every day) · MLSPA compensation as of: 2026-04-16,FALSE,2026-10-03 17:19:20 UTC
315V7bLYq9,asa_315V7bLYq9_mls_full_2025,Reid Roberts,reid roberts,2003-12-09,USA,CB,NA,22.559890485968516,mls,0KPqjA456v,CB,asa_live,TRUE,NA,mlspa_via_asa,2394,88025,1014,88025,full_2025,2025 full season,1014,0,1,TRUE,0.09229881656804736,0.0047396449704142,0.04166272189349112,0.01622485207100591,-0.01250591715976331,0.05071597633136095,-0.00853846153846153,2026,88025,San Jose Earthquakes,0.14523645173583166,1,0.11197823484603409,0.11944345050616896,0.0050556213019331345,30.061349693251532,0.044440236687779286,39.877300613496935,0.017306508876280467,48.466257668711656,-0.01333964497083106,14.723926380368098,0.05409704142180888,25.766871165644172,-0.009107692307976914,32.515337423312886,15.337423312883436,88025,3.1055900621118013,3.831168831168831,518000,12.231833250771635,TRUE,FALSE,62.10526315789474,High,14,86,Fair Value,Center backs,1.1.0,2026-10-03 17:19:27 UTC,37,37,170,Performance data through: 2026-10-03 (updates every day) · MLSPA compensation as of: 2026-04-16,FALSE,2026-10-03 17:19:20 UTC
315V7ox6q9,asa_315V7ox6q9_mls_full_2025,Alexis Manyoma,alexis manyoma,2003-01-30,Colombia,W,NA,23.416837782340863,mls,pzeQZ6xQKw,W,asa_live,TRUE,NA,mlspa_via_asa,304,711750,60,711750,full_2025,2025 full season,60,0,1,TRUE,0.28650000000000003,0.063,0.03015,-0.00944999999999999,0.07125000000000001,0.15119999999999997,-0.01965,2026,711750,Colorado Rapids,0.20362313755561975,1,0.21115739777783613,0.22523455763673045,0.0672000000021,79.66101694915254,0.032160000001005,77.96610169491525,-0.010080000000314988,0.5649717514124294,0.076000000002375,90.3954802259887,0.16128000000503998,98.87005649717514,-0.020960000000655,2.824858757062147,62.14689265536723,711750,60.588235294117645,65.97402597402598,562000,1.5586573612495869,FALSE,TRUE,NA,Low,41,59,Small-Sample Watchlist,Wingers and attacking midfielders,1.1.0,2026-10-03 17:19:27 UTC,NA,NA,NA,Performance data through: 2026-10-03 (updates every day) · MLSPA compensation as of: 2026-04-16,FALSE,2026-10-03 17:19:20 UTC
315VPKlXQ9,asa_315VPKlXQ9_mls_full_2025,Iván Jaime,ivan jaime,2000-09-26,Spain,W,NA,25.760438056125945,mls,APk5LGOMOW,W,asa_live,TRUE,NA,mlspa_via_asa,918,2111200,340,2111200,full_2025,2025 full season,340,0,1,TRUE,0.7923970588235295,0.13947352941176472,0.14460882352941176,0.20199705882352945,0.2232,0.06988235294117648,0.013235294117647052,2026,2111200,CF Montréal,0.20362313755561975,1,0.4165839175886935,0.4443561787751592,0.1487717647105315,98.87005649717514,0.15424941176952617,97.17514124293785,0.21546352941849797,93.22033898305085,0.23808000000744,98.87005649717514,0.07454117647291765,92.090395480226,0.014117647059264698,75.70621468926554,98.87005649717514,2111200,83.52941176470588,92.33766233766234,562000,15.340644732469258,TRUE,FALSE,78.72340425531915,High,20.75,79.25,Strong Value,Wingers and attacking midfielders,1.1.0,2026-10-03 17:19:27 UTC,21,21,98,Performance data through: 2026-10-03 (updates every day) · MLSPA compensation as of: 2026-04-16,FALSE,2026-10-03 17:19:20 UTC
315VPPBEQ9,asa_315VPPBEQ9_mls_full_2025,Tayvon Gray,tayvon gray,2002-08-19,USA,FB,NA,23.86584531143053,mls,Vj58weDM8n,FB,asa_live,TRUE,NA,mlspa_via_asa,2183,664000,2470,664000,full_2025,2025 full season,2470,0,1,TRUE,0.15377611336032387,0.00379676113360323,0.07894858299595142,0.00881417004048583,0.00216801619433198,0.07206923076923077,-0.01202064777327935,2026,664000,New York City FC,0.1336622996580173,1,0.14984507485172976,0.15983474651350657,0.004049878542636671,21.153846153846153,0.0842118218649798,96.15384615384616,0.009401781376812024,16.025641025641026,0.0023125506073597125,55.12820512820513,0.07687384615624847,66.02564102564102,-0.012822024291898661,12.179487179487179,72.43589743589743,664000,81.04575163398692,63.116883116883116,368750,-8.609854198089494,TRUE,FALSE,37.77777777777778,High,14,86,Fair Value,Fullbacks and wingbacks,1.1.0,2026-10-03 17:19:27 UTC,57,57,278,Performance data through: 2026-10-03 (updates every day) · MLSPA compensation as of: 2026-04-16,FALSE,2026-10-03 17:19:20 UTC
315VPR6vQ9,asa_315VPR6vQ9_mls_full_2025,Petar Musa,petar musa,1998-03-04,Croatia,FW,NA,28.32580424366872,mls,mKAqBBmqbg,FW,asa_live,TRUE,NA,mlspa_via_asa,1948,2880000,2787,2880000,full_2025,2025 full season,2787,0,1,TRUE,0.3313918191603875,0.07131539289558665,-0.00887082884822389,0.22568460710441332,-0.02627341227125942,0.07059203444564048,-0.00105597416576964,2026,2880000,FC Dallas,0.2320804800898512,1,0.3137990221594068,0.33471895698049386,0.07606975242433628,68.75,-0.009462217438401177,74.10714285714286,0.2407302475855637,66.96428571428571,-0.028024973090219164,55.357142857142854,0.07529817007770291,96.42857142857143,-0.0011263724435228153,26.785714285714285,89.28571428571429,2880000,84.68468468468468,94.67532467532467,558750,4.601029601029609,TRUE,FALSE,60.3448275862069,High,14,86,Fair Value,Strikers,1.1.0,2026-10-03 17:19:27 UTC,24,24,178,Performance data through: 2026-10-03 (updates every day) · MLSPA compensation as of: 2026-04-16,FALSE,2026-10-03 17:19:20 UTC
315VPVXbQ9,asa_315VPVXbQ9_mls_full_2025,Ibrahim Aliyu,ibrahim aliyu,2002-01-16,Nigeria,W,NA,24.45448323066393,mls,YgOMngl5wN,W,asa_live,TRUE,NA,mlspa_via_asa,732,576379,1578,576379,full_2025,2025 full season,1578,0,1,TRUE,0.1903631178707225,0.0359828897338403,-0.0922528517110266,0.18586882129277563,-0.00797338403041825,0.06942205323193916,-6.844106463878328e-4,2026,576379,Houston Dynamo FC,0.20362313755561975,1,0.19401601585554268,0.20695041691904606,0.038381749050629084,41.80790960451977,-0.09840304182817013,2.824858757062147,0.19826007605182297,90.3954802259887,-0.008504942966045245,31.073446327683616,0.0740501901163825,91.52542372881356,-7.30038022836502e-4,28.8135593220339,46.89265536723164,576379,51.1764705882353,56.883116883116884,562000,-4.283815221003657,TRUE,FALSE,48.93617021276596,Medium,29.75,70.25,Fair Value,Wingers and attacking midfielders,1.1.0,2026-10-03 17:19:27 UTC,49,49,228,Performance data through: 2026-10-03 (updates every day) · MLSPA compensation as of: 2026-04-16,FALSE,2026-10-03 17:19:20 UTC
315VPZmnQ9,asa_315VPZmnQ9_mls_full_2025,Aziel Jackson,aziel jackson,2001-10-25,USA,W,NA,24.681724845995895,mls,kRQand1MKZ,W,asa_live,TRUE,NA,mlspa_via_asa,632,403680,841,403680,full_2025,2025 full season,841,0,1,TRUE,0.15384542211652794,0.06189774078478003,0.00894649227110582,0.09521165279429251,-0.05274791914387633,0.031066587395957187,0.00947086801426872,2026,403680,Minnesota United FC,0.20362313755561975,1,0.17457174360400546,0.18620985985009156,0.06602425683916195,77.40112994350282,0.009542925089477758,62.71186440677966,0.10155909631708573,63.84180790960452,-0.05626444708855968,8.474576271186441,0.033137693223389886,33.333333333333336,0.010102259215535665,71.1864406779661,24.293785310734464,403680,37.05882352941177,42.20779220779221,562000,-12.765038218677304,TRUE,FALSE,36.170212765957444,Medium,29.75,70.25,Fair Value,Wingers and attacking midfielders,1.1.0,2026-10-03 17:19:27 UTC,61,61,285,Performance data through: 2026-10-03 (updates every day) · MLSPA compensation as of: 2026-04-16,FALSE,2026-10-03 17:19:20 UTC
315VX4PEQ9,asa_315VX4PEQ9_mls_full_2025,Luca De La Torre,luca de la torre,1998-05-23,USA,CM,NA,28.10677618069815,mls,NPqxKXZ59d,CM,asa_live,TRUE,NA,mlspa_via_asa,1125,1611827,2485,1611827,full_2025,2025 full season,2485,0,1,TRUE,0.10122374245472836,0.0249066398390342,-0.01336056338028169,0.06330422535211268,-0.0042338028169014,0.030940442655935606,-3.3319919517102616e-4,2026,1611827,Charlotte FC,0.1398991348215602,1,0.10874569883077344,0.11599541208978319,0.026567082495800035,70.94972067039106,-0.014251267606079155,13.966480446927374,0.06752450704436366,87.15083798882682,-0.004516056338169287,29.050279329608937,0.033003138834029326,11.731843575418994,-3.5541247486020123e-4,54.18994413407821,16.201117318435752,1611827,95.42857142857143,89.87012987012987,516250,-79.22745411013568,TRUE,FALSE,1.9230769230769231,High,20.75,79.25,Below Expected Value by Current Model,Central and defensive midfielders,1.1.0,2026-10-03 17:19:27 UTC,103,103,436,Performance data through: 2026-10-03 (updates every day) · MLSPA compensation as of: 2026-04-16,FALSE,2026-10-03 17:19:20 UTC
315VXO8XQ9,asa_315VXO8XQ9_mls_full_2025,Tomas Totland,tomas totland,1999-09-28,Norway,FB,NA,26.757015742642025,mls,wvq9B9wQWn,FB,asa_live,TRUE,NA,mlspa_via_asa,1820,391763,1193,391763,full_2025,2025 full season,1193,0,1,TRUE,0.15118189438390614,0.01677032690695725,0.062487007544006705,0.04674266554903605,-0.03102095557418273,0.05412070410729254,0.00208214585079631,2026,391763,St. Louis City SC,0.1336622996580173,1,0.14531923022577267,0.15500717891233481,0.017888348701313412,66.66666666666667,0.06665280804902339,91.66666666666667,0.04985884325386321,77.56410256410257,-0.03308901928016227,5.128205128205129,0.057728751049582736,43.58974358974359,0.002220955574252135,71.15384615384616,66.66666666666667,391763,53.59477124183007,41.298701298701296,368750,13.071895424836605,TRUE,FALSE,71.11111111111111,High,14,86,Undervalued,Fullbacks and wingbacks,1.1.0,2026-10-03 17:19:27 UTC,27,27,131,Performance data through: 2026-10-03 (updates every day) · MLSPA compensation as of: 2026-04-16,FALSE,2026-10-03 17:19:20 UTC
315VXPJEQ9,asa_315VXPJEQ9_mls_full_2025,Julio Cascante,julio cascante,1993-10-03,Costa Rica,CB,NA,31.742642026009584,mls,gpMOLwl5zy,CB,asa_live,TRUE,NA,mlspa_via_asa,0,NA,906,853750,full_2025,2025 full season,906,0,1,TRUE,0.10336092715231789,0.00701324503311258,0.06498675496688741,0.01266556291390728,0.01136423841059602,0.00703311258278145,2.980132450331126e-4,2026,853750,Austin FC,0.14523645173583166,1,0.12004440308200465,0.1280473632914731,0.007480794702220526,46.625766871165645,0.06931920530017946,77.30061349693251,0.013509933775256618,38.03680981595092,0.012121854305014562,83.43558282208589,0.007501986755201317,4.9079754601226995,3.1788079471192055e-4,77.30061349693251,20.245398773006134,853750,75.77639751552795,75.84415584415585,518000,-55.53099874252182,FALSE,FALSE,NA,Low,41,59,Insufficient Evidence,Center backs,1.1.0,2026-10-03 17:19:27 UTC,NA,NA,NA,Performance data through: 2026-10-03 (updates every day) · MLSPA compensation as of: 2026-04-16,FALSE,2026-10-03 17:19:20 UTC
315VXyJXQ9,asa_315VXyJXQ9_mls_full_2025,Andrew Gutman,andrew gutman,1996-10-02,USA,FB,NA,29.744010951403148,mls,X0Oq66zq6D,FB,asa_live,TRUE,NA,mlspa_via_asa,1739,625000,3517,625000,full_2025,2025 full season,3517,0,1,TRUE,0.1864102928632357,0.02395479101506966,0.03847455217514927,0.04554762581745806,-0.00111828262723912,0.07596388967870345,0.00358771680409439,2026,625000,Chicago Fire FC,0.1336622996580173,1,0.17872294869924954,0.1906378119518236,0.025551777083539465,78.84615384615384,0.04103952232144171,76.92307692307692,0.04858413420680685,76.28205128205128,-0.0011928348024256707,37.82051282051282,0.08102814899314914,69.87179487179488,0.00382689792448694,78.84615384615384,88.46153846153847,625000,78.43137254901961,60.324675324675326,368750,10.030165912518854,TRUE,FALSE,67.77777777777777,High,14,86,Undervalued,Fullbacks and wingbacks,1.1.0,2026-10-03 17:19:27 UTC,30,30,145,Performance data through: 2026-10-03 (updates every day) · MLSPA compensation as of: 2026-04-16,FALSE,2026-10-03 17:19:20 UTC
315VkJ1Yq9,asa_315VkJ1Yq9_mls_full_2025,Ian Murphy,ian murphy,2000-01-16,USA,CB,NA,26.455852156057496,mls,zeQZBOzQKw,CB,asa_live,TRUE,NA,mlspa_via_asa,729,447500,1164,447500,full_2025,2025 full season,1164,0,1,TRUE,0.09231185567010308,0,0.02611855670103092,0.0019407216494845298,-0.00344072164948453,0.06935567010309279,-0.00166237113402061,2026,447500,San Diego FC,0.14523645173583166,1,0.11031341895776586,0.1176676468919607,0,7.975460122699387,0.027859793815303596,14.723926380368098,0.002070103092848189,14.110429447852761,-0.0036701030928981892,32.515337423312886,0.07397938144561084,40.49079754601227,-0.001773195876344063,57.05521472392638,12.269938650306749,447500,43.47826086956522,46.753246753246756,518000,-31.20832221925847,TRUE,FALSE,21.05263157894737,Medium,29.75,70.25,Below Expected Value by Current Model,Center backs,1.1.0,2026-10-03 17:19:27 UTC,76,76,352,Performance data through: 2026-10-03 (updates every day) · MLSPA compensation as of: 2026-04-16,FALSE,2026-10-03 17:19:20 UTC
4JMAaaxkMK,asa_4JMAaaxkMK_mls_full_2025,Sebastian Lletget,sebastian lletget,1992-09-03,USA,CM,NA,32.824093086926766,mls,mKAqBBmqbg,CM,asa_live,TRUE,NA,mlspa_via_asa,0,NA,1331,891250,full_2025,2025 full season,1331,0,1,TRUE,0.15206686701728023,0.02523516153268219,0.013740045078888048,0.05313448534936139,-0.00696468820435762,0.06464312546957174,0.00227873779113448,2026,891250,FC Dallas,0.1398991348215602,1,0.14828611128582916,0.15817185204316064,0.026917505635702173,74.30167597765363,0.014656048084605253,41.899441340782126,0.0566767843744233,79.88826815642459,-0.007429000751546951,26.256983240223462,0.06895266716969796,55.865921787709496,0.0024306536439527363,77.09497206703911,63.687150837988824,891250,82.28571428571429,77.27272727272727,516250,-18.598563447725468,FALSE,FALSE,NA,Low,41,59,Insufficient Evidence,Central and defensive midfielders,1.1.0,2026-10-03 17:19:27 UTC,NA,NA,NA,Performance data through: 2026-10-03 (updates every day) · MLSPA compensation as of: 2026-04-16,FALSE,2026-10-03 17:19:20 UTC
4JMAk7nkqK,asa_4JMAk7nkqK_mls_full_2025,Devin Padelford,devin padelford,2003-01-03,USA,FB,NA,23.49075975359343,mls,a2lqRX2Mr0,FB,asa_live,TRUE,NA,mlspa_via_asa,926,179500,982,179500,full_2025,2025 full season,982,0,1,TRUE,0.10166700610997964,0.00184215885947046,0.04884928716904278,0.01174032586558044,-2.474541751527495e-4,0.03845621181262729,0.0010264765784114,2026,179500,New York Red Bulls,0.1336622996580173,1,0.11380175713957673,0.12138854095267523,0.001964969450163229,15.384615384615385,0.05210590631527394,85.25641025641026,0.01252301425701048,23.076923076923077,-2.639511201711813e-4,39.743589743589745,0.04101995926808431,26.28205128205128,0.0010949083503397092,62.82051282051282,28.205128205128204,179500,32.02614379084967,26.363636363636363,368750,-3.8210155857214687,TRUE,FALSE,46.666666666666664,High,20.75,79.25,Fair Value,Fullbacks and wingbacks,1.1.0,2026-10-03 17:19:27 UTC,49,49,238,Performance data through: 2026-10-03 (updates every day) · MLSPA compensation as of: 2026-04-16,FALSE,2026-10-03 17:19:20 UTC
4JMAka69qK,asa_4JMAka69qK_mls_full_2025,Andrew Moran,andrew moran,2003-10-15,Republic of Ireland,CM,NA,21.711156741957563,mls,eVq3ya6MWO,CM,asa_live,TRUE,NA,mlspa_via_asa,0,NA,477,691111,full_2025,2025 full season,477,0,1,TRUE,0.2258490566037736,0.05524528301886793,-5.660377358490566e-4,0.1331320754716981,-0.01526415094339622,0.05367924528301886,-3.773584905660377e-4,2026,691111,Los Angeles FC,0.1398991348215602,1,0.1779660918225962,0.18983049795003482,0.05892830188863397,94.41340782122904,-6.037735849245283e-4,24.58100558659218,0.14200754717424904,98.32402234636872,-0.016281761006798106,15.64245810055866,0.057257861637009425,37.98882681564246,-4.0251572328301886e-4,53.63128491620112,83.79888268156425,691111,64,64.67532467532467,516250,19.79888268156425,FALSE,FALSE,NA,Low,41,59,Insufficient Evidence,Central and defensive midfielders,1.1.0,2026-10-03 17:19:27 UTC,NA,NA,NA,Performance data through: 2026-10-03 (updates every day) · MLSPA compensation as of: 2026-04-16,FALSE,2026-10-03 17:19:20 UTC
4JMAkkK1qK,asa_4JMAkkK1qK_mls_full_2025,Preston Judd,preston judd,1999-05-28,USA,FW,NA,27.09377138945927,mls,0KPqjA456v,FW,asa_live,TRUE,NA,mlspa_via_asa,1975,299375,1253,299375,full_2025,2025 full season,1253,0,1,TRUE,0.4005107741420591,0.0765754189944134,0.01248363926576217,0.2750135674381485,-0.01961612130885874,0.02803431763766959,0.02801995211492418,2026,299375,San Jose Earthquakes,0.2320804800898512,1,0.34597317218235873,0.36903805033938175,0.0816804469299268,75.89285714285714,0.013315881883895769,90.17857142857143,0.2933478052765255,82.14285714285714,-0.020923862730103195,61.607142857142854,0.029903272147782038,45.535714285714285,0.02988794892351979,89.28571428571429,98.21428571428571,299375,34.234234234234236,33.37662337662338,558750,63.98005148005147,TRUE,FALSE,100,High,14,86,Elite Value,Strikers,1.1.0,2026-10-03 17:19:27 UTC,1,1,4,Performance data through: 2026-10-03 (updates every day) · MLSPA compensation as of: 2026-04-16,FALSE,2026-10-03 17:19:20 UTC
4JMAkzjkqK,asa_4JMAkzjkqK_mls_full_2025,Ervin Torres,ervin torres,2007-11-14,USA,CM,NA,18.628336755646817,mls,gpMOLwl5zy,CM,asa_live,TRUE,NA,mlspa_via_asa,971,104525,12,104525,full_2025,2025 full season,12,0,1,TRUE,0.12074999999999998,0,-0.03374999999999999,0.084,-0.04949999999999999,0,0.12,2026,104525,Austin FC,0.1398991348215602,1,0.1395236615897649,0.14882523903373335,0,6.145251396648045,-0.036000000001124986,8.379888268156424,0.08960000000280001,92.73743016759776,-0.052800000001649985,3.910614525139665,0,5.307262569832402,0.128000000004,100,50.279329608938546,104525,10.285714285714286,11.428571428571429,516250,39.99361532322426,TRUE,FALSE,88.46153846153847,High,20.75,79.25,Fair Value,Central and defensive midfielders,1.1.0,2026-10-03 17:19:27 UTC,13,13,53,Performance data through: 2026-10-03 (updates every day) · MLSPA compensation as of: 2026-04-16,FALSE,2026-10-03 17:19:20 UTC
4JMAnx65Kg,asa_4JMAnx65Kg_mls_full_2025,Thomas Müller,thomas muller,1989-09-13,Germany,W,NA,36.79671457905544,mls,lgpMOvnQzy,W,asa_live,TRUE,NA,mlspa_via_asa,1850,5152504,1097,5152504,full_2025,2025 full season,1097,0,1,TRUE,0.31761713764813126,0.05953783044667275,0.00552962625341841,0.15720875113947128,0.01494804010938924,0.07176207839562443,0.00863081130355515,2026,5152504,Vancouver Whitecaps FC,0.20362313755561975,1,0.27731283590652434,0.2958003583095364,0.06350701914510219,75.14124293785311,0.005898268003830624,60.451977401129945,0.16768933455400964,86.44067796610169,0.015944576117180125,59.32203389830509,0.07654621695772479,94.35028248587571,0.009206198724079854,69.49152542372882,92.090395480226,5152504,96.47058823529412,98.31168831168831,562000,-4.380192755068123,TRUE,FALSE,47.87234042553192,High,14,86,Fair Value,Wingers and attacking midfielders,1.1.0,2026-10-03 17:19:27 UTC,50,50,233,Performance data through: 2026-10-03 (updates every day) · MLSPA compensation as of: 2026-04-16,FALSE,2026-10-03 17:19:20 UTC
4JMAoJNkqK,asa_4JMAoJNkqK_mls_full_2025,Jonathan Pérez,jonathan perez,2003-01-18,USA,W,NA,22.45037645448323,mls,vzqoOgNqap,W,asa_live,TRUE,NA,mlspa_via_asa,0,NA,977,470956,full_2025,2025 full season,977,0,1,TRUE,0.20350870010235417,0.05088638689866939,0.03004912998976458,0.05291299897645855,0.03262845445240532,0.03814636642784033,-0.00111463664278403,2026,470956,Nashville SC,0.20362313755561975,1,0.20355224003384392,0.21712238937621858,0.05427881269361023,63.27683615819209,0.03205240532341719,76.8361581920904,0.056440532243319554,26.55367231638418,0.03480368475031996,75.14124293785311,0.040689457524301226,45.76271186440678,-0.00118894575234012,24.858757062146893,54.23728813559322,470956,41.76470588235294,48.701298701298704,562000,12.472582253240276,FALSE,FALSE,NA,Low,41,59,Insufficient Evidence,Wingers and attacking midfielders,1.1.0,2026-10-03 17:19:27 UTC,NA,NA,NA,Performance data through: 2026-10-03 (updates every day) · MLSPA compensation as of: 2026-04-16,FALSE,2026-10-03 17:19:20 UTC
4JMAoR9lqK,asa_4JMAoR9lqK_mls_full_2025,Osaze Urhoghide,osaze urhoghide,2000-07-04,England,CB,NA,25.99041752224504,mls,mKAqBBmqbg,CB,asa_live,TRUE,NA,mlspa_via_asa,2251,643982,2677,643982,full_2025,2025 full season,2677,0,1,TRUE,0.1546137467314158,0.01175009338812103,0.02635786327979081,0.025920806873365704,-0.02146619350018677,0.14280649981322377,-0.030755323122898758,2026,643982,FC Dallas,0.14523645173583166,1,0.1528968175286845,0.16308993870236002,0.012533432947720769,69.93865030674847,0.028115054165988793,15.337423312883436,0.027648860665787443,69.32515337423312,-0.022897273067581426,7.361963190184049,0.15232693313886556,90.1840490797546,-0.03280567799878385,7.361963190184049,60.122699386503065,643982,58.38509316770186,61.688311688311686,518000,1.7376062188012042,TRUE,FALSE,50.526315789473685,High,14,86,Fair Value,Center backs,1.1.0,2026-10-03 17:19:27 UTC,48,48,221,Performance data through: 2026-10-03 (updates every day) · MLSPA compensation as of: 2026-04-16,FALSE,2026-10-03 17:19:20 UTC
4JMAolz1qK,asa_4JMAolz1qK_mls_full_2025,Dani Pereira,dani pereira,2000-07-14,Venezuela,CM,NA,25.963039014373717,mls,gpMOLwl5zy,CM,asa_live,TRUE,NA,mlspa_via_asa,889,793750,2527,793750,full_2025,2025 full season,2527,0,1,TRUE,0.1592469331222794,0.01836327661258409,0.05248634744756628,0.02142619707162643,0.015036802532647402,0.04992204194697269,0.00201226751088246,2026,793750,Austin FC,0.1398991348215602,1,0.15553453178539692,0.16590350057627454,0.019587495054035137,60.89385474860335,0.055985437279153574,79.32960893854748,0.022854610210449065,41.899441340782126,0.016039256035325123,82.12290502793296,0.053250178078434934,31.843575418994412,0.0021464186783416994,75.97765363128492,72.62569832402235,793750,75.42857142857143,72.20779220779221,516250,-2.8028731045490787,TRUE,FALSE,48.07692307692308,Medium,29.75,70.25,Fair Value,Central and defensive midfielders,1.1.0,2026-10-03 17:19:27 UTC,55,55,232,Performance data through: 2026-10-03 (updates every day) · MLSPA compensation as of: 2026-04-16,FALSE,2026-10-03 17:19:20 UTC
4JMAormOqK,asa_4JMAormOqK_mls_full_2025,David Da Costa,david da costa,2001-01-05,Portugal,W,NA,25.4839151266256,mls,WBLMvYAQxe,W,asa_live,TRUE,NA,mlspa_via_asa,2104,3425000,3068,3425000,full_2025,2025 full season,3068,0,1,TRUE,0.21250619295958276,0.03259126466753585,0.049203715775749675,0.06603911342894393,0.02894491525423728,0.02766003911342894,0.00806714471968709,2026,3425000,Portland Timbers FC,0.20362313755561975,1,0.2110531304616608,0.22512333916613994,0.034764015646457945,36.15819209039548,0.05248396349577311,85.31073446327683,0.07044172099307483,41.24293785310734,0.03087457627215126,72.31638418079096,0.02950404172191287,27.11864406779661,0.008604954367935133,68.92655367231639,61.016949152542374,3425000,90.58823529411765,95.45454545454545,562000,-29.57128614157528,TRUE,FALSE,20.21276595744681,High,14,86,Below Expected Value by Current Model,Wingers and attacking midfielders,1.1.0,2026-10-03 17:19:27 UTC,76,76,354,Performance data through: 2026-10-03 (updates every day) · MLSPA compensation as of: 2026-04-16,FALSE,2026-10-03 17:19:20 UTC
4wM42Belqj,asa_4wM42Belqj_mls_full_2025,Mark Delgado,mark delgado,1995-05-16,USA,CM,NA,31.12662559890486,mls,eVq3ya6MWO,CM,asa_live,TRUE,NA,mlspa_via_asa,2085,1055000,3153,1055000,full_2025,2025 full season,3153,0,1,TRUE,0.2304548049476689,0.01731493815413891,0.09667935299714556,0.03327973358705994,0.01852521408182683,0.06653092293054234,-0.00187535680304471,2026,1055000,Los Angeles FC,0.1398991348215602,1,0.2159774795877794,0.23037597823416395,0.018469267364992,57.54189944134078,0.1031246432001779,94.41340782122904,0.03549838249397326,64.24581005586592,0.019760228354566128,86.59217877094972,0.0709663177947962,61.452513966480446,-0.0020003805899768694,45.25139664804469,96.08938547486034,1055000,87.42857142857143,82.72727272727273,516250,8.660814046288905,TRUE,FALSE,60.57692307692308,High,14,86,Undervalued,Central and defensive midfielders,1.1.0,2026-10-03 17:19:27 UTC,42,42,177,Performance data through: 2026-10-03 (updates every day) · MLSPA compensation as of: 2026-04-16,FALSE,2026-10-03 17:19:20 UTC
4wM46RpqjB,asa_4wM46RpqjB_mls_full_2025,Emil Forsberg,emil forsberg,1991-10-23,Sweden,CM,NA,34.68856947296372,mls,a2lqRX2Mr0,CM,asa_live,TRUE,NA,mlspa_via_asa,1927,6035625,3175,6035625,full_2025,2025 full season,3175,0,1,TRUE,0.20934708661417323,0.04226456692913386,0.02412566929133858,0.11184661417322836,-3.713385826771654e-4,0.02282740157480315,0.00865417322834645,2026,6035625,New York Red Bulls,0.1398991348215602,1,0.19830900156104267,0.21152960167172247,0.04508220472581827,89.94413407821229,0.025734047244898674,55.865921787709496,0.11930305512183847,97.20670391061452,-3.960944882013544e-4,41.340782122905026,0.024349228347217606,10.614525139664805,0.009231118110524687,89.94413407821229,93.29608938547486,6035625,98.85714285714286,98.96103896103897,516250,-5.561053471668004,TRUE,FALSE,42.30769230769231,High,14,86,Fair Value,Central and defensive midfielders,1.1.0,2026-10-03 17:19:27 UTC,61,61,257,Performance data through: 2026-10-03 (updates every day) · MLSPA compensation as of: 2026-04-16,FALSE,2026-10-03 17:19:20 UTC
4wM4E8Xg5j,asa_4wM4E8Xg5j_mls_full_2025,Chris Donovan,chris donovan,2000-08-08,USA,FW,NA,24.8952772073922,mls,9z5k7Yg5A3,FW,asa_live,TRUE,NA,mlspa_via_asa,0,NA,675,200156,full_2025,2025 full season,675,0,1,TRUE,0.35012000000000004,0.03066666666666666,-0.024453333333333327,0.21030666666666667,0.00106666666666666,0.051266666666666676,0.08126666666666667,2026,200156,Philadelphia Union,0.2320804800898512,1,0.2945719906305182,0.3142101233490385,0.032711111112133325,14.285714285714286,-0.02608355555637066,63.392857142857146,0.22432711111812134,62.5,0.0011377777778133263,76.78571428571429,0.05468444444615334,83.03571428571429,0.08668444444715333,99.10714285714286,83.03571428571429,200156,27.92792792792793,27.532467532467532,558750,55.10778635778637,FALSE,FALSE,NA,Low,41,59,Insufficient Evidence,Strikers,1.1.0,2026-10-03 17:19:27 UTC,NA,NA,NA,Performance data through: 2026-10-03 (updates every day) · MLSPA compensation as of: 2026-04-16,FALSE,2026-10-03 17:19:20 UTC
4wM4EBbB5j,asa_4wM4EBbB5j_mls_full_2025,Gavin Turner,gavin turner,2007-01-05,USA,FW,NA,19.485284052019164,mls,EKXMeX3Q64,FW,asa_live,TRUE,NA,mlspa_via_asa,55,110259,26,110259,full_2025,2025 full season,26,0,1,TRUE,-0.019730769230769225,0.10661538461538464,-0.12115384615384615,0.07892307692307693,-0.0976153846153846,0.0135,0,2026,110259,D.C. United,0.2320804800898512,1,0.22162186590081584,0.23639665696825762,0.11372307692663079,95.53571428571429,-0.1292307692348077,4.464285714285714,0.08418461538724616,8.928571428571429,-0.10412307692633076,14.285714285714286,0.014400000000449999,12.5,0,34.375,42.857142857142854,110259,14.414414414414415,12.077922077922079,558750,28.442728442728438,FALSE,TRUE,NA,Low,41,59,Small-Sample Watchlist,Strikers,1.1.0,2026-10-03 17:19:27 UTC,NA,NA,NA,Performance data through: 2026-10-03 (updates every day) · MLSPA compensation as of: 2026-04-16,FALSE,2026-10-03 17:19:20 UTC
4wM4EmLl5j,asa_4wM4EmLl5j_mls_full_2025,Daniel Pinter,daniel pinter,2007-06-06,Hungary,W,NA,19.069130732375086,mls,zeQZkL1MKw,W,asa_live,TRUE,NA,mlspa_via_asa,589,88025,24,88025,full_2025,2025 full season,24,0,1,TRUE,0.04574999999999999,0,7.500000000000001e-4,0.017625,0.0015000000000000002,0.025875,0,2026,88025,Inter Miami CF,0.20362313755561975,1,0.19755109380348054,0.21072116673029762,0,6.214689265536723,8.000000000250001e-4,54.23728813559322,0.0188000000005875,7.344632768361582,0.0016000000000500002,42.3728813559322,0.027600000000862497,23.728813559322035,0,35.31073446327684,48.58757062146893,88025,5,3.831168831168831,562000,43.58757062146893,TRUE,FALSE,94.68085106382979,Medium,29.75,70.25,Fair Value,Wingers and attacking midfielders,1.1.0,2026-10-03 17:19:27 UTC,6,6,27,Performance data through: 2026-10-03 (updates every day) · MLSPA compensation as of: 2026-04-16,FALSE,2026-10-03 17:19:20 UTC
4wM4J0KNqj,asa_4wM4J0KNqj_mls_full_2025,Peglow,peglow,2002-01-07,Brazil,W,NA,24.479123887748116,mls,EKXMeX3Q64,W,asa_live,TRUE,NA,mlspa_via_asa,2128,626312,1854,626312,full_2025,2025 full season,1854,0,1,TRUE,0.1891116504854369,0.0314757281553398,0.0025,0.0643252427184466,0.00377669902912621,0.07554368932038835,0.01149029126213592,2026,626312,D.C. United,0.20362313755561975,1,0.19265969133389238,0.20550367076257386,0.03357411003341164,33.333333333333336,0.00266666666675,57.06214689265537,0.06861359223515388,37.28813559322034,0.004028478964527181,46.89265536723164,0.08057993527759903,96.045197740113,0.012256310679994657,73.44632768361582,44.632768361581924,626312,55.294117647058826,60.51948051948052,562000,-10.661349285476902,TRUE,FALSE,37.234042553191486,High,14,86,Fair Value,Wingers and attacking midfielders,1.1.0,2026-10-03 17:19:27 UTC,60,60,280,Performance data through: 2026-10-03 (updates every day) · MLSPA compensation as of: 2026-04-16,FALSE,2026-10-03 17:19:20 UTC
4wM4J8bNqj,asa_4wM4J8bNqj_mls_full_2025,Owen Wolff,owen wolff,2004-12-30,USA,CM,NA,21.50034223134839,mls,Z2vQ1xlqrA,CM,asa_live,TRUE,NA,mlspa_via_asa,475,750000,3027,750000,full_2025,2025 full season,3027,0,1,TRUE,0.18432606541129828,0.02563825569871159,0.02524876114965312,0.05431219028741328,0.00614568880079286,0.06909514370664024,0.00388602576808721,2026,750000,Sporting Kansas City,0.1398991348215602,1,0.17697669724095288,0.1887751437295823,0.027347472746146972,74.86033519553072,0.026932011893804956,57.54189944134078,0.05793300297505123,80.44692737430168,0.00655540138771724,61.452513966480446,0.07370148662271943,64.24581005586592,0.0041450941527558915,82.12290502793296,82.68156424581005,750000,71.42857142857143,69.35064935064935,516250,11.25299281723862,TRUE,FALSE,65.38461538461539,Medium,29.75,70.25,Undervalued,Central and defensive midfielders,1.1.0,2026-10-03 17:19:27 UTC,37,37,156,Performance data through: 2026-10-03 (updates every day) · MLSPA compensation as of: 2026-04-16,FALSE,2026-10-03 17:19:20 UTC
4wM4J9zlqj,asa_4wM4J9zlqj_mls_full_2025,Pedro de la Vega,pedro de la vega,2001-02-07,Argentina,W,NA,24.39425051334702,mls,jYQJ19EqGR,W,asa_live,TRUE,NA,mlspa_via_asa,0,NA,1313,1379000,full_2025,2025 full season,1313,0,1,TRUE,0.22217593297791316,0.057886519421172886,-0.00513404417364813,0.10233130236100532,0.00282406702208682,0.06297258187357196,0.00129550647372429,2026,1379000,Seattle Sounders FC,0.20362313755561975,1,0.2163569694372043,0.2307807674068965,0.0617456207178473,73.44632768361582,-0.0054763137853958066,46.32768361581921,0.10915338918848339,69.49152542372882,0.0030123381569867437,46.32768361581921,0.06717075400057584,87.00564971751412,0.0013818735720157595,45.76271186440678,66.10169491525424,1379000,75.29411764705883,87.40259740259741,562000,-9.192422731804584,FALSE,FALSE,NA,Low,41,59,Insufficient Evidence,Wingers and attacking midfielders,1.1.0,2026-10-03 17:19:27 UTC,NA,NA,NA,Performance data through: 2026-10-03 (updates every day) · MLSPA compensation as of: 2026-04-16,FALSE,2026-10-03 17:19:20 UTC
4wM4JGblqj,asa_4wM4JGblqj_mls_full_2025,Sean Nealis,sean nealis,1997-01-13,USA,CB,NA,29.462012320328544,mls,EKXMeX3Q64,CB,asa_live,TRUE,NA,mlspa_via_asa,376,723750,2075,723750,full_2025,2025 full season,2075,0,1,TRUE,0.14328433734939758,0.00481879518072289,0.0333455421686747,0.0168722891566265,0.01101686746987951,0.09113638554216869,-0.01390554216867469,2026,723750,D.C. United,0.14523645173583166,1,0.14372219478186876,0.1533036744387841,0.005140048192931708,30.67484662576687,0.03556857831436453,23.926380368098158,0.017997108434297342,49.693251533742334,0.01175132530157204,82.82208588957056,0.09721214458135115,67.48466257668711,-0.01483257831371652,21.47239263803681,47.239263803680984,723750,63.975155279503106,66.88311688311688,518000,-16.735891475822122,FALSE,TRUE,NA,Low,41,59,Small-Sample Watchlist,Center backs,1.1.0,2026-10-03 17:19:27 UTC,NA,NA,NA,Performance data through: 2026-10-03 (updates every day) · MLSPA compensation as of: 2026-04-16,FALSE,2026-10-03 17:19:20 UTC
4wM4JZezqj,asa_4wM4JZezqj_mls_full_2025,Dagur Dan Thórhallsson,dagur dan thorhallsson,2000-05-02,Iceland,FB,NA,26.16290212183436,mls,zeQZBOzQKw,FB,asa_live,TRUE,NA,mlspa_via_asa,1098,530625,1336,530625,full_2025,2025 full season,1336,0,1,TRUE,0.1472133233532934,0.013338323353293408,-0.03843862275449102,0.09266766467065868,0.00644011976047904,0.07202694610778443,0.00117889221556886,2026,530625,San Diego FC,0.1336622996580173,1,0.14301362592707145,0.15254786766031,0.014227544910624246,57.05128205128205,-0.0410011976060717,6.410256410256411,0.09884550898512484,92.3076923076923,0.00686946107805898,60.8974358974359,0.07682874251737096,65.38461538461539,0.0012574850299794137,64.1025641025641,63.46153846153846,530625,69.93464052287581,53.63636363636363,368750,-6.47310206133735,TRUE,FALSE,42.22222222222222,High,20.75,79.25,Fair Value,Fullbacks and wingbacks,1.1.0,2026-10-03 17:19:27 UTC,53,53,258,Performance data through: 2026-10-03 (updates every day) · MLSPA compensation as of: 2026-04-16,FALSE,2026-10-03 17:19:20 UTC
4wM4JmKAqj,asa_4wM4JmKAqj_mls_full_2025,Santiago Moreno,santiago moreno,2000-04-21,Colombia,W,NA,26.193018480492817,mls,mKAqBBmqbg,W,asa_live,TRUE,NA,mlspa_via_asa,1174,938387,1852,938387,full_2025,2025 full season,1852,0,1,TRUE,0.2613158747300216,0.05274622030237581,-0.00252213822894168,0.09470896328293738,0.04668142548596112,0.0739584233261339,-0.00425701943844492,2026,938387,FC Dallas,0.20362313755561975,1,0.24719856547038005,0.263678469843312,0.05626263499095907,66.10169491525424,-0.0026902807776218634,49.152542372881356,0.1010228941716235,63.27683615819209,0.04979352051991457,82.485875706214685,0.07888898488367478,94.91525423728814,-0.004540820734483149,14.124293785310735,79.66101694915254,938387,67.6470588235294,80,562000,12.013958125623134,TRUE,FALSE,75.53191489361703,High,20.75,79.25,Undervalued,Wingers and attacking midfielders,1.1.0,2026-10-03 17:19:27 UTC,24,24,112,Performance data through: 2026-10-03 (updates every day) · MLSPA compensation as of: 2026-04-16,FALSE,2026-10-03 17:19:20 UTC
4wM4JrbBqj,asa_4wM4JrbBqj_mls_full_2025,Pavel Bucha,pavel bucha,1998-03-11,Czech Republic,CM,NA,28.306639288158795,mls,NWMWlBK5lz,CM,asa_live,TRUE,NA,mlspa_via_asa,2310,548774,3588,548774,full_2025,2025 full season,3588,0,1,TRUE,0.14234698996655518,0.01665802675585284,0.00187876254180602,0.03263879598662207,0.01917892976588628,0.07298578595317726,-9.933110367892975e-4,2026,548774,FC Cincinnati,0.1398991348215602,1,0.141996294387043,0.15146271401757908,0.017768561873464966,54.18994413407821,0.0020040133779890465,27.932960893854748,0.0348147157201515,62.56983240223464,0.02045752508425133,87.70949720670392,0.07785150501915526,69.27374301675978,-0.001059531772608361,50.83798882681564,55.3072625698324,548774,52,54.54545454545455,516250,3.307262569832403,TRUE,FALSE,56.73076923076923,High,14,86,Fair Value,Central and defensive midfielders,1.1.0,2026-10-03 17:19:27 UTC,46,46,194,Performance data through: 2026-10-03 (updates every day) · MLSPA compensation as of: 2026-04-16,FALSE,2026-10-03 17:19:20 UTC
4wM4Jwdzqj,asa_4wM4Jwdzqj_mls_full_2025,Jahkeele Marshall-Rutty,jahkeele marshallrutty,2004-06-16,Canada,FB,NA,22.039698836413415,mls,a2lqRX2Mr0,FB,asa_live,TRUE,NA,mlspa_via_asa,1604,473750,2281,473750,full_2025,2025 full season,2281,0,1,TRUE,0.1021880754055239,0.00665629110039456,0.014089872862779481,0.01264576939938623,-2.288469969311705e-4,0.0671902674265673,0.00183472161332748,2026,473750,New York Red Bulls,0.1336622996580173,1,0.10874292946713307,0.11599245810190004,0.00710004384064274,28.205128205128204,0.015029197720767776,44.87179487179487,0.013488820693100171,27.564102564102566,-2.4410346340087677e-4,40.38461538461539,0.07166961859057812,58.333333333333336,0.0019570363876104694,68.58974358974359,22.435897435897434,473750,64.05228758169935,48.83116883116883,368750,-41.616390145801915,TRUE,FALSE,11.11111111111111,High,14,86,Below Expected Value by Current Model,Fullbacks and wingbacks,1.1.0,2026-10-03 17:19:27 UTC,81,81,395,Performance data through: 2026-10-03 (updates every day) · MLSPA compensation as of: 2026-04-16,FALSE,2026-10-03 17:19:20 UTC
4wM4JxwBqj,asa_4wM4JxwBqj_mls_full_2025,Daniel Munie,daniel munie,2000-02-10,USA,CB,NA,26.38740588637919,mls,0KPqjA456v,CB,asa_live,TRUE,NA,mlspa_via_asa,2493,574000,2256,574000,full_2025,2025 full season,2256,0,1,TRUE,0.15817819148936169,0.0111781914893617,0.04156914893617021,0.03154787234042553,0.00765558510638297,0.0648031914893617,0.00142420212765957,2026,574000,San Jose Earthquakes,0.14523645173583166,1,0.15545933859996464,0.1658232945118109,0.011923404255691753,66.25766871165644,0.04434042553330053,39.263803680981596,0.03365106383083883,78.52760736196319,0.008165957447063686,75.4601226993865,0.06912340425747925,35.58282208588957,0.0015191489362176814,88.34355828220859,63.190184049079754,574000,52.79503105590062,56.298701298701296,518000,10.395152993179131,TRUE,FALSE,60,High,14,86,Undervalued,Center backs,1.1.0,2026-10-03 17:19:27 UTC,39,39,179,Performance data through: 2026-10-03 (updates every day) · MLSPA compensation as of: 2026-04-16,FALSE,2026-10-03 17:19:20 UTC
4wM4aNJN5j,asa_4wM4aNJN5j_mls_full_2025,Yevhen Cheberko,yevhen cheberko,1998-01-23,Ukraine,FB,NA,28.435318275154003,mls,mvzqoLZQap,FB,asa_live,TRUE,NA,mlspa_via_asa,1350,658250,2619,658250,full_2025,2025 full season,2619,0,1,TRUE,0.17736082474226805,0.00305154639175257,0.11004810996563574,0.00863230240549828,0.02603780068728522,0.04789347079037801,-0.01830240549828178,2026,658250,Columbus Crew,0.1336622996580173,1,0.16921571289059037,0.18049676042227025,0.003254982817971126,18.58974358974359,0.11738465063367973,99.35897435897436,0.009207789232819242,15.384615384615385,0.027773654067305496,90.38461538461539,0.05108636884466632,38.46153846153846,-0.01952256586544398,7.051282051282051,83.97435897435898,658250,80.3921568627451,62.72727272727273,368750,3.5822021116138814,TRUE,FALSE,61.111111111111114,High,20.75,79.25,Fair Value,Fullbacks and wingbacks,1.1.0,2026-10-03 17:19:27 UTC,36,36,174,Performance data through: 2026-10-03 (updates every day) · MLSPA compensation as of: 2026-04-16,FALSE,2026-10-03 17:19:20 UTC
4wM4aRPp5j,asa_4wM4aRPp5j_mls_full_2025,Samuel Shashoua,samuel shashoua,1999-05-13,England,CM,NA,26.13552361396304,mls,kRQand1MKZ,CM,asa_live,TRUE,NA,mlspa_via_asa,0,NA,133,104833,full_2025,2025 full season,133,0,1,TRUE,-0.02449624060150377,0.0388421052631579,-0.04560902255639097,0.05657142857142856,-0.08912030075187971,0.01048872180451127,0.00433082706766917,2026,104833,Minnesota United FC,0.1398991348215602,1,0.11007023314179551,0.11740824868825088,0.041431578948663166,87.70949720670392,-0.048649624061670664,4.4692737430167595,0.06034285714474284,83.79888268156425,-0.09506165413830904,1.675977653631285,0.011187969925161644,8.379888268156424,0.004619548872324809,83.79888268156425,18.435754189944134,104833,10.857142857142858,11.558441558441558,516250,7.578611332801277,FALSE,FALSE,NA,Low,41,59,Insufficient Evidence,Central and defensive midfielders,1.1.0,2026-10-03 17:19:27 UTC,NA,NA,NA,Performance data through: 2026-10-03 (updates every day) · MLSPA compensation as of: 2026-04-16,FALSE,2026-10-03 17:19:20 UTC
4wM4aomy5j,asa_4wM4aomy5j_mls_full_2025,Reggie Cannon,reggie cannon,1998-06-11,USA,FB,NA,28.05475701574264,mls,pzeQZ6xQKw,FB,asa_live,TRUE,NA,mlspa_via_asa,1308,841500,2708,841500,full_2025,2025 full season,2708,0,1,TRUE,0.0698364106351551,0.00268205317577548,0.013161004431314622,0.01246307237813884,0.00811595273264401,0.03871528803545052,-0.00530096011816839,2026,841500,Colorado Rapids,0.1336622996580173,1,0.08141305314232478,0.08684059002119353,0.0028608567209165805,16.666666666666668,0.014038404727174296,44.23076923076923,0.0132939438704302,25.641025641025642,0.008657016248424142,65.38461538461539,0.04129630723910439,26.923076923076923,-0.005654357459556315,23.71794871794872,2.5641025641025643,841500,90.84967320261438,75.32467532467533,368750,-88.28557063851181,TRUE,FALSE,1.1111111111111112,High,20.75,79.25,Below Expected Value by Current Model,Fullbacks and wingbacks,1.1.0,2026-10-03 17:19:27 UTC,90,90,438,Performance data through: 2026-10-03 (updates every day) · MLSPA compensation as of: 2026-04-16,FALSE,2026-10-03 17:19:20 UTC
4wM4pewlMj,asa_4wM4pewlMj_mls_full_2025,Sal Olivas,sal olivas,2006-07-11,USA,FW,NA,19.97262149212868,mls,9z5k7Yg5A3,FW,asa_live,TRUE,NA,mlspa_via_asa,19,137480,60,137480,full_2025,2025 full season,60,0,1,TRUE,0.1281,0.10695,-0.28275,0.17024999999999998,0.03374999999999999,0.12555,-0.02565,2026,137480,Philadelphia Union,0.2320804800898512,1,0.22262770917259198,0.23746955645818568,0.114080000003565,96.42857142857143,-0.301600000009425,0.8928571428571429,0.18160000000567497,44.642857142857146,0.036000000001124986,91.96428571428571,0.133920000004185,99.10714285714286,-0.027360000000855,2.6785714285714284,43.75,137480,24.324324324324323,22.07792207792208,558750,19.425675675675677,FALSE,TRUE,NA,Low,41,59,Small-Sample Watchlist,Strikers,1.1.0,2026-10-03 17:19:27 UTC,NA,NA,NA,Performance data through: 2026-10-03 (updates every day) · MLSPA compensation as of: 2026-04-16,FALSE,2026-10-03 17:19:20 UTC
7VqG080xQv,asa_7VqG080xQv_mls_full_2025,Nicksoen Gomis,nicksoen gomis,2002-03-15,France,CB,NA,24.295687885010267,mls,kRQabn8MKZ,CB,asa_live,TRUE,NA,mlspa_via_asa,277,113400,528,113400,full_2025,2025 full season,528,0,1,TRUE,0.152625,0.00236931818181818,0.03177272727272727,0.0020965909090909,0.00574431818181818,0.1126875,-0.00204545454545454,2026,113400,Toronto FC,0.14523645173583166,1,0.14869492113608068,0.15860791588344256,0.0025272727273517024,21.47239263803681,0.03389090909196818,20.858895705521473,0.002236363636433513,15.950920245398773,0.006127272727464203,67.48466257668711,0.12020000000375625,85.2760736196319,-0.002181818181886358,54.60122699386503,54.60122699386503,113400,11.801242236024844,13.896103896103897,518000,42.79998475784019,FALSE,TRUE,NA,Low,41,59,Small-Sample Watchlist,Center backs,1.1.0,2026-10-03 17:19:27 UTC,NA,NA,NA,Performance data through: 2026-10-03 (updates every day) · MLSPA compensation as of: 2026-04-16,FALSE,2026-10-03 17:19:20 UTC
7VqG08vjQv,asa_7VqG08vjQv_mls_full_2025,David Ayala,david ayala,2002-07-26,Argentina,CM,NA,23.9315537303217,mls,zeQZkL1MKw,CM,asa_live,TRUE,NA,mlspa_via_asa,463,771000,3200,771000,full_2025,2025 full season,3200,0,1,TRUE,0.18405562499999997,0.0222271875,0.01690875,0.0283528125,4.8375e-4,0.12231562499999998,-0.00623249999999999,2026,771000,Inter Miami CF,0.1398991348215602,1,0.17708354760340422,0.18888911744953396,0.023709000000740905,68.15642458100558,0.018036000000563625,48.60335195530726,0.030243000000945094,56.42458100558659,5.16000000016125e-4,44.6927374301676,0.13047000000407716,96.64804469273743,-0.006648000000207739,26.81564245810056,83.24022346368714,771000,73.14285714285714,70.77922077922078,516250,10.097366320830005,TRUE,FALSE,63.46153846153846,Medium,29.75,70.25,Undervalued,Central and defensive midfielders,1.1.0,2026-10-03 17:19:27 UTC,39,39,164,Performance data through: 2026-10-03 (updates every day) · MLSPA compensation as of: 2026-04-16,FALSE,2026-10-03 17:19:20 UTC
7VqG08wXQv,asa_7VqG08wXQv_mls_full_2025,Wikelman Carmona,wikelman carmona,2003-02-24,Venezuela,W,NA,23.34839151266256,mls,APk5LGOMOW,W,asa_live,TRUE,NA,mlspa_via_asa,1108,555000,2086,555000,full_2025,2025 full season,2086,0,1,TRUE,0.10035906040268457,0.03135330776605945,-0.03411888782358581,0.05283077660594439,-0.00735186960690316,0.06012224352828379,-0.00247651006711409,2026,555000,CF Montréal,0.20362313755561975,1,0.12342624070490389,0.13165465675601168,0.03344352828484186,32.76836158192091,-0.03639348034629549,22.033898305084747,0.05635282838143504,25.98870056497175,-0.007841994247608433,31.638418079096045,0.06413039309884011,83.61581920903954,-0.0026416107383375794,19.774011299435028,1.694915254237288,555000,49.411764705882355,55.45454545454545,562000,-47.71684945164507,TRUE,FALSE,9.574468085106384,High,20.75,79.25,Below Expected Value by Current Model,Wingers and attacking midfielders,1.1.0,2026-10-03 17:19:27 UTC,86,86,402,Performance data through: 2026-10-03 (updates every day) · MLSPA compensation as of: 2026-04-16,FALSE,2026-10-03 17:19:20 UTC
7VqG0ZGYQv,asa_7VqG0ZGYQv_mls_full_2025,Diego Luna,diego luna,2003-09-07,USA,W,NA,22.8145106091718,mls,a2lqR4JMr0,W,asa_live,TRUE,NA,mlspa_via_asa,1350,500833,2580,500833,full_2025,2025 full season,2580,0,1,TRUE,0.20869534883720928,0.04375813953488372,0.0312453488372093,0.08930232558139535,-0.00574186046511627,0.04479767441860465,0.00533372093023255,2026,500833,Real Salt Lake,0.20362313755561975,1,0.20773832784068297,0.2215875497036531,0.046675348838667904,52.54237288135593,0.033328372094064765,78.53107344632768,0.09525581395646511,61.016949152542374,-0.006124651162982083,33.898305084745765,0.04778418604800488,61.5819209039548,0.005689302325759178,60.451977401129945,59.32203389830509,500833,44.705882352941174,50.90909090909091,562000,14.616151545363913,TRUE,FALSE,76.59574468085107,High,20.75,79.25,Undervalued,Wingers and attacking midfielders,1.1.0,2026-10-03 17:19:27 UTC,23,23,107,Performance data through: 2026-10-03 (updates every day) · MLSPA compensation as of: 2026-04-16,FALSE,2026-10-03 17:19:20 UTC
7VqG0jDzQv,asa_7VqG0jDzQv_mls_full_2025,Maren Haile-Selassie,maren haileselassie,1999-03-13,Switzerland,W,NA,27.301848049281315,mls,X0Oq66zq6D,W,asa_live,TRUE,NA,mlspa_via_asa,2027,483500,1309,483500,full_2025,2025 full season,1309,0,1,TRUE,0.23298242933537056,0.04697326203208556,0.01571734148204736,0.06762032085561498,0.05446753246753247,0.04574942704354468,0.00245454545454545,2026,483500,Chicago Fire FC,0.20362313755561975,1,0.2237547839357632,0.23867176953893923,0.05010481283579037,55.932203389830505,0.016765164248041094,68.92655367231639,0.07212834224824333,41.80790960451977,0.058098701300516885,87.57062146892656,0.048799388847972636,66.66666666666667,0.0026181818182636316,52.54237288135593,70.05649717514125,483500,42.35294117647059,49.61038961038961,562000,27.70355599867066,TRUE,FALSE,85.1063829787234,High,14,86,Strong Value,Wingers and attacking midfielders,1.1.0,2026-10-03 17:19:27 UTC,15,15,69,Performance data through: 2026-10-03 (updates every day) · MLSPA compensation as of: 2026-04-16,FALSE,2026-10-03 17:19:20 UTC
7VqG0wE6Qv,asa_7VqG0wE6Qv_mls_full_2025,Nathan Saliba,nathan saliba,2004-02-07,Canada,CM,NA,21.39630390143737,mls,APk5LGOMOW,CM,asa_live,TRUE,NA,mlspa_via_asa,0,NA,1390,178434,full_2025,2025 full season,1390,0,1,TRUE,0.17460647482014385,0.02191726618705036,0.00683741007194244,0.03122805755395684,0.012574100719424462,0.1074561151079137,-0.00540647482014388,2026,178434,CF Montréal,0.1398991348215602,1,0.1641419501974553,0.17508474688275705,0.023378417266917625,67.59776536312849,0.00729323741029985,32.402234636871505,0.033309928058594895,59.21787709497207,0.013412374101138562,79.88826815642459,0.11461985611868981,91.62011173184358,-0.005766906475000355,30.16759776536313,76.53631284916202,178434,24.571428571428573,26.233766233766232,516250,51.96488427773345,FALSE,FALSE,NA,Low,41,59,Insufficient Evidence,Central and defensive midfielders,1.1.0,2026-10-03 17:19:27 UTC,NA,NA,NA,Performance data through: 2026-10-03 (updates every day) · MLSPA compensation as of: 2026-04-16,FALSE,2026-10-03 17:19:20 UTC
7VqG0xmYQv,asa_7VqG0xmYQv_mls_full_2025,Cole Mrowka,cole mrowka,2006-04-06,USA,CM,NA,19.236139630390145,mls,mvzqoLZQap,CM,asa_live,TRUE,NA,mlspa_via_asa,0,NA,36,100630,full_2025,2025 full season,36,0,1,TRUE,0.274,0.09975,0.0345,0.03225,0.04174999999999999,0.04950000000000001,0.01625,2026,100630,Columbus Crew,0.1398991348215602,1,0.14748974983166055,0.15732239982535423,0.106400000003325,98.88268156424581,0.03680000000115,69.27374301675978,0.034400000001075,62.01117318435754,0.044533333334724985,94.97206703910615,0.052800000001650006,29.608938547486034,0.017333333333875,95.53072625698324,62.56983240223464,100630,7.428571428571429,8.96103896103896,516250,55.14126097366321,FALSE,FALSE,NA,Low,41,59,Insufficient Evidence,Central and defensive midfielders,1.1.0,2026-10-03 17:19:27 UTC,NA,NA,NA,Performance data through: 2026-10-03 (updates every day) · MLSPA compensation as of: 2026-04-16,FALSE,2026-10-03 17:19:20 UTC
7VqG3Kk6qv,asa_7VqG3Kk6qv_mls_full_2025,Belal Halbouni,belal halbouni,1999-12-29,Syria,CB,NA,25.505817932922657,mls,lgpMOvnQzy,CB,asa_live,TRUE,NA,mlspa_via_asa,0,NA,1110,165000,full_2025,2025 full season,1110,0,1,TRUE,0.13105135135135135,0.00454864864864864,0.07243783783783783,0.00851351351351351,0.0123081081081081,0.04898108108108108,-0.01573783783783784,2026,165000,Vancouver Whitecaps FC,0.14523645173583166,1,0.13602857955643216,0.14509715153139527,0.004851891892043504,28.220858895705522,0.07726702702944162,84.66257668711657,0.00908108108136486,28.834355828220858,0.01312864864905891,84.04907975460122,0.05224648648811919,23.926380368098158,-0.016787027027551624,17.791411042944784,36.809815950920246,165000,24.84472049689441,25.064935064935064,518000,11.965095454025835,FALSE,FALSE,NA,Low,41,59,Insufficient Evidence,Center backs,1.1.0,2026-10-03 17:19:27 UTC,NA,NA,NA,Performance data through: 2026-10-03 (updates every day) · MLSPA compensation as of: 2026-04-16,FALSE,2026-10-03 17:19:20 UTC
7VqG3Vmjqv,asa_7VqG3Vmjqv_mls_full_2025,Patrick Yazbek,patrick yazbek,2002-04-05,Australia,CM,NA,24.238193018480494,mls,vzqoOgNqap,CM,asa_live,TRUE,NA,mlspa_via_asa,1157,616013,2538,616013,full_2025,2025 full season,2538,0,1,TRUE,0.13029787234042553,0.013092198581560282,0.01024468085106383,0.013198581560283678,0.01565602836879432,0.09073404255319148,-0.01262765957446808,2026,616013,Nashville SC,0.1398991348215602,1,0.13213367778614918,0.14094258964296358,0.013965011820767374,41.899441340782126,0.010927659574809574,39.10614525139665,0.014078486998075877,24.58100558659218,0.016699763593902475,83.24022346368714,0.09678297872642871,83.24022346368714,-0.013469503546520207,14.525139664804469,38.547486033519554,616013,57.142857142857146,59.74025974025974,516250,-18.59537110933759,TRUE,FALSE,30.76923076923077,High,20.75,79.25,Below Expected Value by Current Model,Central and defensive midfielders,1.1.0,2026-10-03 17:19:27 UTC,73,73,309,Performance data through: 2026-10-03 (updates every day) · MLSPA compensation as of: 2026-04-16,FALSE,2026-10-03 17:19:20 UTC
7VqG3dLjqv,asa_7VqG3dLjqv_mls_full_2025,Artem Smoliakov,artem smoliakov,2003-05-29,Ukraine,FB,NA,23.091033538672143,mls,eVq3ya6MWO,FB,asa_live,TRUE,NA,mlspa_via_asa,205,613297,1363,613297,full_2025,2025 full season,1363,0,1,TRUE,0.07599486426999266,0.01337123991195891,-0.01012912692589875,0.04481511371973588,0.00713793103448276,0.01871973587674248,0.00207997065297138,2026,613297,Los Angeles FC,0.1336622996580173,1,0.09362118175996453,0.09986259388041621,0.01426265590653521,57.69230769230769,-0.010804402054629639,19.871794871794872,0.047802787969212106,75,0.007613793103686208,63.46153846153846,0.019967718269149302,14.102564102564102,0.0022186353632388045,70.51282051282051,7.051282051282051,613297,77.77777777777777,59.35064935064935,368750,-70.72649572649573,FALSE,TRUE,NA,Low,41,59,Small-Sample Watchlist,Fullbacks and wingbacks,1.1.0,2026-10-03 17:19:27 UTC,NA,NA,NA,Performance data through: 2026-10-03 (updates every day) · MLSPA compensation as of: 2026-04-16,FALSE,2026-10-03 17:19:20 UTC
7VqG3l0xqv,asa_7VqG3l0xqv_mls_full_2025,Pedro Soma,pedro soma,2006-06-30,USA,CM,NA,20.00273785078713,mls,zeQZBOzQKw,CM,asa_live,TRUE,NA,mlspa_via_asa,458,325453,116,325453,full_2025,2025 full season,116,0,1,TRUE,0.16223275862068964,0,0.0699051724137931,0.01450862068965517,0.02816379310344827,0.06067241379310345,-0.01101724137931034,2026,325453,San Diego FC,0.1398991348215602,1,0.14351743141471524,0.15308526018048016,0,6.145251396648045,0.07456551724370948,88.8268156424581,0.015475862069449136,29.050279329608937,0.030041379311283613,91.62011173184358,0.06471724138133277,50.83798882681564,-0.011751724138298272,16.201117318435752,56.98324022346369,325453,34.285714285714285,35.84415584415584,516250,22.697525937749404,TRUE,FALSE,77.88461538461539,Medium,29.75,70.25,Undervalued,Central and defensive midfielders,1.1.0,2026-10-03 17:19:27 UTC,24,24,100,Performance data through: 2026-10-03 (updates every day) · MLSPA compensation as of: 2026-04-16,FALSE,2026-10-03 17:19:20 UTC
7VqGL7PeQv,asa_7VqGL7PeQv_mls_full_2025,Baye Coulibaly,baye coulibaly,2006-01-08,Mali,W,NA,19.477070499657767,mls,NPqxKXZ59d,W,asa_live,TRUE,NA,mlspa_via_asa,0,NA,18,269500,full_2025,2025 full season,18,0,1,TRUE,-0.28800000000000003,0,-0.0435,-5e-4,-0.12000000000000001,-0.12400000000000001,0,2026,269500,Charlotte FC,0.20362313755561975,1,0.18930401704429103,0.2019242848535539,0,6.214689265536723,-0.04640000000145,14.689265536723164,-5.3333333335e-4,1.694915254237288,-0.128000000004,3.389830508474576,-0.1322666666708,1.1299435028248588,0,35.31073446327684,38.983050847457626,269500,27.647058823529413,31.818181818181817,562000,11.335992023928213,FALSE,FALSE,NA,Low,41,59,Insufficient Evidence,Wingers and attacking midfielders,1.1.0,2026-10-03 17:19:27 UTC,NA,NA,NA,Performance data through: 2026-10-03 (updates every day) · MLSPA compensation as of: 2026-04-16,FALSE,2026-10-03 17:19:20 UTC
7VqGLJn6Qv,asa_7VqGLJn6Qv_mls_full_2025,Hennadiy Synchuk,hennadiy synchuk,2006-07-10,Ukraine,W,NA,19.975359342915812,mls,APk5LGOMOW,W,asa_live,TRUE,NA,mlspa_via_asa,1209,606000,876,606000,full_2025,2025 full season,876,0,1,TRUE,0.2803150684931507,0.04196917808219177,-0.02830479452054794,0.04821575342465754,0.1215513698630137,0.05684589041095891,0.04003767123287671,2026,606000,CF Montréal,0.20362313755561975,1,0.24913948681122755,0.2657487859402807,0.04476712328907019,49.717514124293785,-0.030191780822861294,25.98870056497175,0.05143013698790857,21.468926553672315,0.12965479452459966,96.045197740113,0.06063561644025103,79.09604519774011,0.042706849316403075,98.30508474576271,81.35593220338983,606000,52.94117647058823,58.83116883116883,562000,28.414755732801595,TRUE,FALSE,87.23404255319149,High,20.75,79.25,Strong Value,Wingers and attacking midfielders,1.1.0,2026-10-03 17:19:27 UTC,13,13,60,Performance data through: 2026-10-03 (updates every day) · MLSPA compensation as of: 2026-04-16,FALSE,2026-10-03 17:19:20 UTC
7VqGLa36Qv,asa_7VqGLa36Qv_mls_full_2025,Kimani Stewart-Baynes,kimani stewartbaynes,2005-01-17,Canada,W,NA,21.451060917180012,mls,pzeQZ6xQKw,W,asa_live,TRUE,NA,mlspa_via_asa,16,116000,51,116000,full_2025,2025 full season,51,0,1,TRUE,0.01729411764705882,0,-0.04323529411764706,0.021000000000000005,-0.02876470588235294,0.07041176470588235,-0.00211764705882352,2026,116000,Colorado Rapids,0.20362313755561975,1,0.18902593323098596,0.20162766211935254,0,6.214689265536723,-0.04611764706026471,15.254237288135593,0.022400000000700006,7.909604519774011,-0.030682352942135293,15.819209039548022,0.07510588235528824,93.22033898305085,-0.002258823529482343,20.903954802259886,38.4180790960452,116000,17.647058823529413,16.493506493506494,562000,20.771020272515784,FALSE,TRUE,NA,Low,41,59,Small-Sample Watchlist,Wingers and attacking midfielders,1.1.0,2026-10-03 17:19:27 UTC,NA,NA,NA,Performance data through: 2026-10-03 (updates every day) · MLSPA compensation as of: 2026-04-16,FALSE,2026-10-03 17:19:20 UTC
7VqGj3RA5v,asa_7VqGj3RA5v_mls_full_2025,Samuel Piette,samuel piette,1994-11-12,Canada,CM,NA,31.633127994524298,mls,APk5LGOMOW,CM,asa_live,TRUE,NA,mlspa_via_asa,1009,621016,1666,621016,full_2025,2025 full season,1666,0,1,TRUE,0.0956938775510204,0.0031494597839135602,0.03242376950780312,0.00465666266506602,-0.00188535414165666,0.06491236494597839,-0.00756302521008403,2026,621016,CF Montréal,0.1398991348215602,1,0.10739871177975997,0.11455862590199059,0.0033594237696127796,16.75977653631285,0.03458535414273745,67.0391061452514,0.00496710684289231,6.145251396648045,-0.002011044417829949,37.43016759776536,0.0692398559445407,56.98324022346369,-0.0080672268910084,20.11173184357542,14.525139664804469,621016,57.714285714285715,60,516250,-43.189146049481245,TRUE,FALSE,13.461538461538462,High,20.75,79.25,Below Expected Value by Current Model,Central and defensive midfielders,1.1.0,2026-10-03 17:19:27 UTC,91,91,385,Performance data through: 2026-10-03 (updates every day) · MLSPA compensation as of: 2026-04-16,FALSE,2026-10-03 17:19:20 UTC
7VqGj7ee5v,asa_7VqGj7ee5v_mls_full_2025,Lassi Lappalainen,lassi lappalainen,1998-08-24,Finland,FB,NA,26.85284052019165,mls,mvzqoLZQap,FB,asa_live,TRUE,NA,mlspa_via_asa,0,NA,585,368750,full_2025,2025 full season,585,0,1,TRUE,0.11018461538461538,0.05212307692307692,0.00858461538461538,0.062230769230769235,-0.00116923076923076,-0.01533846153846153,0.00375384615384615,2026,368750,Columbus Crew,0.1336622996580173,1,0.12207205045975558,0.1302101871611417,0.055597948719686145,94.23076923076923,0.009156923077209226,35.256410256410255,0.06637948718156154,83.97435897435898,-0.0012471794872184517,37.17948717948718,-0.016361025641536915,3.8461538461538463,0.004004102564227689,80.12820512820512,41.02564102564103,368750,50,39.41558441558441,368750,-8.974358974358971,FALSE,FALSE,NA,Low,41,59,Insufficient Evidence,Fullbacks and wingbacks,1.1.0,2026-10-03 17:19:27 UTC,NA,NA,NA,Performance data through: 2026-10-03 (updates every day) · MLSPA compensation as of: 2026-04-16,FALSE,2026-10-03 17:19:20 UTC
7VqGjBpz5v,asa_7VqGjBpz5v_mls_full_2025,Jared Stroud,jared stroud,1996-07-10,USA,W,NA,29.973990417522245,mls,EKXMeX3Q64,W,asa_live,TRUE,NA,mlspa_via_asa,613,467500,1474,467500,full_2025,2025 full season,1474,0,1,TRUE,0.1817035278154681,0.06061872455902307,0.00140434192672998,0.099842605156038,-0.03601221166892809,0.05668046132971506,-8.303934871099001e-4,2026,467500,D.C. United,0.20362313755561975,1,0.18804478424945603,0.20058110320568792,0.06465997286497857,76.27118644067797,0.0014979647218921234,55.367231638418076,0.10649877883643528,68.36158192090396,-0.038413025781390366,11.864406779661017,0.060459158753585415,77.96610169491525,-8.857530529449065e-4,25.423728813559322,37.28813559322034,467500,41.1764705882353,48.18181818181818,562000,-3.888334995014958,TRUE,FALSE,51.06382978723404,Medium,29.75,70.25,Fair Value,Wingers and attacking midfielders,1.1.0,2026-10-03 17:19:27 UTC,47,47,219,Performance data through: 2026-10-03 (updates every day) · MLSPA compensation as of: 2026-04-16,FALSE,2026-10-03 17:19:20 UTC
7VqGjRDY5v,asa_7VqGjRDY5v_mls_full_2025,Diadie Samassékou,diadie samassekou,1996-01-11,Mali,CM,NA,30.469541409993155,mls,YgOMngl5wN,CM,asa_live,TRUE,NA,mlspa_via_asa,1033,771871,2,771871,full_2025,2025 full season,2,0,1,TRUE,0,0,0,0,0,0,0,2026,771871,Houston Dynamo FC,0.1398991348215602,1,0.13943435364275103,0.14872997722358225,0,6.145251396648045,0,25.139664804469273,0,3.631284916201117,0,43.01675977653631,0,5.307262569832402,0,61.1731843575419,49.16201117318436,771871,73.71428571428571,70.9090909090909,516250,-24.552274541101347,TRUE,FALSE,22.115384615384617,High,20.75,79.25,Below Expected Value by Current Model,Central and defensive midfielders,1.1.0,2026-10-03 17:19:27 UTC,82,82,347,Performance data through: 2026-10-03 (updates every day) · MLSPA compensation as of: 2026-04-16,FALSE,2026-10-03 17:19:20 UTC
7VqGjbre5v,asa_7VqGjbre5v_mls_full_2025,Bruno Wilson,bruno wilson,1996-12-27,Portugal,CB,NA,28.50924024640657,mls,0KPqjA456v,CB,asa_live,TRUE,NA,mlspa_via_asa,0,NA,1417,1218333,full_2025,2025 full season,1417,0,1,TRUE,0.1283500352858151,0.01138814396612561,0.05452081863091037,0.05494636556104446,-0.0329258997882851,0.03958856739590684,8.320395201129147e-4,2026,1218333,San Jose Earthquakes,0.14523645173583166,1,0.1333732627870595,0.1422648136439759,0.012147353564246921,68.71165644171779,0.05815553987478842,63.190184049079754,0.05860945660027897,92.63803680981596,-0.0351209597752683,5.521472392638037,0.04222780522362025,17.791411042944784,8.875088214815103e-4,82.82208588957056,31.901840490797547,1218333,91.92546583850931,85.71428571428571,518000,-60.023625347711764,FALSE,FALSE,NA,Low,41,59,Insufficient Evidence,Center backs,1.1.0,2026-10-03 17:19:27 UTC,NA,NA,NA,Performance data through: 2026-10-03 (updates every day) · MLSPA compensation as of: 2026-04-16,FALSE,2026-10-03 17:19:20 UTC
7VqGm2OYMv,asa_7VqGm2OYMv_mls_full_2025,Tim Leibold,tim leibold,1993-11-30,Germany,FB,NA,31.58384668035592,mls,Z2vQ1xlqrA,FB,asa_live,TRUE,NA,mlspa_via_asa,0,NA,978,926050,full_2025,2025 full season,978,0,1,TRUE,0.14098159509202454,0.0271840490797546,0.00985582822085889,0.02907055214723926,0.01670245398773006,0.05572085889570553,0.00244785276073619,2026,926050,Sporting Kansas City,0.1336622996580173,1,0.1381985930258621,0.1474118325655262,0.028996319019311042,82.6923076923077,0.010512883435911344,40.38461538461539,0.031008588958024226,61.53846153846154,0.017815950920802147,80.12820512820512,0.05943558282394326,45.51282051282051,0.0026110429448668645,73.71794871794872,57.69230769230769,926050,95.42483660130719,79.6103896103896,368750,-37.7325289089995,FALSE,FALSE,NA,Low,41,59,Insufficient Evidence,Fullbacks and wingbacks,1.1.0,2026-10-03 17:19:27 UTC,NA,NA,NA,Performance data through: 2026-10-03 (updates every day) · MLSPA compensation as of: 2026-04-16,FALSE,2026-10-03 17:19:20 UTC
7VqGmmzzMv,asa_7VqGmmzzMv_mls_full_2025,Luis Muriel,luis muriel,1991-04-16,Colombia,FW,NA,34.209445585215605,mls,jYQJ8EW5GR,FW,asa_live,TRUE,NA,mlspa_via_asa,0,NA,2358,4003333,full_2025,2025 full season,2358,0,1,TRUE,0.26653053435114504,0.05991984732824427,0.02976717557251908,0.16564885496183204,-0.03712213740458015,0.030706106870229004,0.01761068702290076,2026,4003333,Orlando City SC,0.2320804800898512,1,0.2595426937301929,0.27684553998752387,0.06391450381879121,51.785714285714285,0.031751653945012594,93.75,0.17669211196480913,41.964285714285715,-0.03959694656612289,41.964285714285715,0.03275318066260114,56.25,0.0187847328250145,80.35714285714286,68.75,4003333,96.3963963963964,97.27272727272727,558750,-27.646396396396398,FALSE,FALSE,NA,Low,41,59,Insufficient Evidence,Strikers,1.1.0,2026-10-03 17:19:27 UTC,NA,NA,NA,Performance data through: 2026-10-03 (updates every day) · MLSPA compensation as of: 2026-04-16,FALSE,2026-10-03 17:19:20 UTC
7vQ73eoDQD,asa_7vQ73eoDQD_mls_full_2025,Nemanja Radoja,nemanja radoja,1993-02-06,Serbia,CM,NA,32.39698836413415,mls,Z2vQ1xlqrA,CM,asa_live,TRUE,NA,mlspa_via_asa,0,NA,1232,1390000,full_2025,2025 full season,1232,0,1,TRUE,0.15300730519480518,0.01141801948051948,0.02702922077922077,0.01350730519480519,0.00619480519480519,0.09557386363636364,-7.159090909090909e-4,2026,1390000,Sporting Kansas City,0.1398991348215602,1,0.1487142362952708,0.15862851871991268,0.01217922077960138,35.754189944134076,0.028831168832069796,61.452513966480446,0.014407792208242447,25.69832402234637,0.006607792207998696,62.01117318435754,0.10194545454864035,87.15083798882682,-7.636363636602273e-4,51.95530726256983,64.80446927374301,1390000,93.71428571428571,87.66233766233766,516250,-28.9098164405427,FALSE,FALSE,NA,Low,41,59,Insufficient Evidence,Central and defensive midfielders,1.1.0,2026-10-03 17:19:27 UTC,NA,NA,NA,Performance data through: 2026-10-03 (updates every day) · MLSPA compensation as of: 2026-04-16,FALSE,2026-10-03 17:19:20 UTC
7vQ73orEQD,asa_7vQ73orEQD_mls_full_2025,DeAndre Yedlin,deandre yedlin,1993-07-09,USA,CB,NA,32.97741273100616,mls,a2lqR4JMr0,CB,asa_live,TRUE,NA,mlspa_via_asa,1675,726667,2985,726667,full_2025,2025 full season,2985,0,1,TRUE,0.11784120603015076,0.00617788944723618,0.02462713567839196,0.02315577889447236,8.954773869346734e-4,0.06211658291457286,8.683417085427136e-4,2026,726667,Real Salt Lake,0.14523645173583166,1,0.12242618439093418,0.13058793002107733,0.006589748743924522,40.49079754601227,0.026268944724438994,12.269938650306749,0.024699497488209043,66.87116564417178,9.551758794268343e-4,49.693251533742334,0.0662576884442816,33.74233128834356,9.262311558078392e-4,83.43558282208589,22.085889570552148,726667,64.59627329192547,67.27272727272727,518000,-42.51038372137332,TRUE,FALSE,14.736842105263158,High,14,86,Below Expected Value by Current Model,Center backs,1.1.0,2026-10-03 17:19:27 UTC,82,82,379,Performance data through: 2026-10-03 (updates every day) · MLSPA compensation as of: 2026-04-16,FALSE,2026-10-03 17:19:20 UTC
7vQ7BmAzqD,asa_7vQ7BmAzqD_mls_full_2025,Hassani Dotson,hassani dotson,1997-08-06,USA,CM,NA,28.90075290896646,mls,jYQJ19EqGR,CM,asa_live,TRUE,NA,mlspa_via_asa,1188,828125,529,828125,full_2025,2025 full season,529,0,1,TRUE,0.1532381852551985,0.00990170132325142,0.05724952741020794,0.022117202268431,0.00307939508506616,0.06493950850661626,-0.00404914933837429,2026,828125,Seattle Sounders FC,0.1398991348215602,1,0.14614923019746334,0.1558925122154992,0.01056181474513157,32.960893854748605,0.06106616257279678,84.35754189944134,0.023591682420396973,42.45810055865922,0.003284688090839884,53.072625698324025,0.06926880907588866,57.54189944134078,-0.004319092627734214,35.754189944134076,59.77653631284916,828125,77.14285714285714,74.41558441558442,516250,-17.36632083000798,TRUE,FALSE,32.69230769230769,High,20.75,79.25,Below Expected Value by Current Model,Central and defensive midfielders,1.1.0,2026-10-03 17:19:27 UTC,71,71,300,Performance data through: 2026-10-03 (updates every day) · MLSPA compensation as of: 2026-04-16,FALSE,2026-10-03 17:19:20 UTC
7vQ7J8JYqD,asa_7vQ7J8JYqD_mls_full_2025,Joseph Paintsil,joseph paintsil,1998-02-01,Ghana,W,NA,28.410677618069816,mls,kaDQ0wRqEv,W,asa_live,TRUE,NA,mlspa_via_asa,1700,4502000,2213,4502000,full_2025,2025 full season,2213,0,1,TRUE,0.2740140081337551,0.06940126525079077,-0.04455671034794396,0.1447686398553999,0.04019701762313601,0.04559376412110257,0.01861003163126976,2026,4502000,LA Galaxy,0.20362313755561975,1,0.2589999582415115,0.27626662213291225,0.07402801626982353,85.87570621468926,-0.04752715770595878,13.559322033898304,0.15441988251725217,83.05084745762711,0.042876818799351644,79.09604519774011,0.04863334839736253,64.97175141242938,0.01985070040730808,84.7457627118644,87.00564971751412,4502000,93.52941176470588,97.53246753246754,562000,-6.5237620471917666,TRUE,FALSE,43.61702127659574,High,14,86,Fair Value,Wingers and attacking midfielders,1.1.0,2026-10-03 17:19:27 UTC,54,54,251,Performance data through: 2026-10-03 (updates every day) · MLSPA compensation as of: 2026-04-16,FALSE,2026-10-03 17:19:20 UTC
7vQ7J8VDqD,asa_7vQ7J8VDqD_mls_full_2025,Derek Dodson,derek dodson,1998-11-03,USA,FB,NA,26.65845311430527,mls,EKXMeX3Q64,FB,asa_live,TRUE,NA,mlspa_via_asa,0,NA,659,110250,full_2025,2025 full season,659,0,1,TRUE,0.12593171471927164,0.00367374810318664,0.0093823975720789,0.024610015174506825,0.015254931714719271,0.07910166919575115,-0.006091047040971161,2026,110250,D.C. United,0.1336622996580173,1,0.12961586957490895,0.13825692755089009,0.00391866464352154,20.512820512820515,0.010007890743863573,37.82051282051282,0.026250682853627614,55.76923076923077,0.01627192716287572,78.84615384615384,0.08437511381143795,76.92307692307692,-0.006497116843905607,21.153846153846153,48.717948717948715,110250,13.72549019607843,11.948051948051948,368750,34.99245852187028,FALSE,FALSE,NA,Low,41,59,Insufficient Evidence,Fullbacks and wingbacks,1.1.0,2026-10-03 17:19:27 UTC,NA,NA,NA,Performance data through: 2026-10-03 (updates every day) · MLSPA compensation as of: 2026-04-16,FALSE,2026-10-03 17:19:20 UTC
7vQ7eEPE5D,asa_7vQ7eEPE5D_mls_full_2025,Allan Oyirwoth,allan oyirwoth,2007-01-23,Uganda,CM,NA,18.43668720054757,mls,19vQ2095K6,CM,asa_live,TRUE,NA,mlspa_via_asa,0,NA,308,120000,full_2025,2025 full season,308,0,1,TRUE,0.1305,0.026707792207792198,-0.02346428571428571,0.00300974025974026,0.00818181818181818,0.13014935064935065,-0.01408441558441558,2026,120000,New England Revolution,0.1398991348215602,1,0.13671088204067855,0.14582494084794748,0.028488311689201937,76.53631284916202,-0.025028571429353566,9.497206703910615,0.003210389610489935,5.58659217877095,0.008727272727545454,69.83240223463687,0.13882597403031233,97.20670391061452,-0.015023376623846098,11.731843575418994,45.81005586592179,120000,16.285714285714285,18.181818181818183,516250,29.524341580207505,FALSE,FALSE,NA,Low,41,59,Insufficient Evidence,Central and defensive midfielders,1.1.0,2026-10-03 17:19:27 UTC,NA,NA,NA,Performance data through: 2026-10-03 (updates every day) · MLSPA compensation as of: 2026-04-16,FALSE,2026-10-03 17:19:20 UTC
7vQ7eNPO5D,asa_7vQ7eNPO5D_mls_full_2025,Mohammed Sofo,mohammed sofo,2004-11-30,Ghana,CM,NA,21.582477754962355,mls,a2lqRX2Mr0,CM,asa_live,TRUE,NA,mlspa_via_asa,976,208000,1751,208000,full_2025,2025 full season,1751,0,1,TRUE,0.07832210165619648,0.05447287264420331,-0.039346087949743,0.08959908623643632,-0.06874643061107938,0.04531353512278698,-0.00297087378640776,2026,208000,New York Red Bulls,0.1398991348215602,1,0.09403721007781206,0.10030635741946743,0.05810439748896595,93.85474860335195,-0.0419691604810374,6.145251396648045,0.09557235865518537,93.29608938547486,-0.07332952598744288,2.793296089385475,0.04833443746581656,23.463687150837988,-0.003168932038933973,40.78212290502793,7.82122905027933,208000,27.428571428571427,28.116883116883116,516250,-19.607342378292095,TRUE,FALSE,28.846153846153847,High,20.75,79.25,Below Expected Value by Current Model,Central and defensive midfielders,1.1.0,2026-10-03 17:19:27 UTC,75,75,317,Performance data through: 2026-10-03 (updates every day) · MLSPA compensation as of: 2026-04-16,FALSE,2026-10-03 17:19:20 UTC
7vQ7rA7YqD,asa_7vQ7rA7YqD_mls_full_2025,Will Sands,will sands,2000-07-06,USA,FB,NA,25.984941820670773,mls,19vQ2095K6,FB,asa_live,TRUE,NA,mlspa_via_asa,2614,333333,883,333333,full_2025,2025 full season,883,0,1,TRUE,0.16479275198187995,0.010579841449603618,-0.00962174405436013,0.04637599093997735,0.00786862967157418,0.07880860702151754,0.03078142695356738,2026,333333,New England Revolution,0.1336622996580173,1,0.15219782858719513,0.1623443504980814,0.011285164213263187,48.07692307692308,-0.010263193658304864,20.512820512820515,0.04946772367085504,76.92307692307692,0.008393204983274746,64.1025641025641,0.08406251415891233,76.28205128205128,0.03283352208483125,98.07692307692308,74.35897435897436,333333,46.40522875816993,36.493506493506494,368750,27.95374560080443,TRUE,FALSE,77.77777777777777,High,14,86,Strong Value,Fullbacks and wingbacks,1.1.0,2026-10-03 17:19:27 UTC,21,21,101,Performance data through: 2026-10-03 (updates every day) · MLSPA compensation as of: 2026-04-16,FALSE,2026-10-03 17:19:20 UTC
7vQ7rVvGqD,asa_7vQ7rVvGqD_mls_full_2025,Kevin O'Toole,kevin otoole,1998-12-14,USA,FB,NA,27.54551676933607,mls,Vj58weDM8n,FB,asa_live,TRUE,NA,mlspa_via_asa,1422,323333,2582,323333,full_2025,2025 full season,2582,0,1,TRUE,0.08993377226955847,0.00908017041053447,0.01240898528272656,0.02209217660728118,-0.00409914794732765,0.04324322230828815,0.00720836560805577,2026,323333,New York City FC,0.1336622996580173,1,0.09817925197825593,0.10472453544674563,0.009685515104872772,38.46153846153846,0.013236250968655296,43.58974358974359,0.02356498838183633,50.64102564102564,-0.004372424477286132,30.128205128205128,0.0461261037969488,33.333333333333336,0.007688923315499767,90.38461538461539,12.179487179487179,323333,44.44444444444444,35.45454545454545,368750,-32.26495726495726,TRUE,FALSE,16.666666666666668,High,20.75,79.25,Below Expected Value by Current Model,Fullbacks and wingbacks,1.1.0,2026-10-03 17:19:27 UTC,76,76,371,Performance data through: 2026-10-03 (updates every day) · MLSPA compensation as of: 2026-04-16,FALSE,2026-10-03 17:19:20 UTC
7vQ7w3kLQD,asa_7vQ7w3kLQD_mls_full_2025,Max Floriani,max floriani,2003-02-06,USA,CB,NA,23.397672826830934,mls,0KPqjA456v,CB,asa_live,TRUE,NA,mlspa_via_asa,457,90525,931,90525,full_2025,2025 full season,931,0,1,TRUE,0.12863909774436091,0,0.03943179377013963,0.00116004296455424,-0.00154672395273899,0.09106337271750806,-0.0014693877551020399,2026,90525,San Jose Earthquakes,0.14523645173583166,1,0.13514361269856237,0.14415318688297132,0,7.975460122699387,0.04206058002279667,36.809815950920246,0.0012373791622298576,11.656441717791411,-0.0016498388829731467,37.423312883435585,0.09713426423504404,66.87116564417178,-0.0015673469388244887,58.282208588957054,34.969325153374236,90525,6.832298136645963,5.8441558441558445,518000,28.137027016728272,TRUE,FALSE,80,Medium,29.75,70.25,Fair Value,Center backs,1.1.0,2026-10-03 17:19:27 UTC,20,20,91,Performance data through: 2026-10-03 (updates every day) · MLSPA compensation as of: 2026-04-16,FALSE,2026-10-03 17:19:20 UTC
7vQ7wYXeQD,asa_7vQ7wYXeQD_mls_full_2025,Nico Cavallo,nico cavallo,2001-12-27,USA,FB,NA,24.50924024640657,mls,Vj58weDM8n,FB,asa_live,TRUE,NA,mlspa_via_asa,1349,115248,386,115248,full_2025,2025 full season,386,0,1,TRUE,0.16927461139896374,0.00951295336787564,0.04742487046632124,0.00820725388601036,0.00603886010362694,0.15605440414507774,-0.05796373056994818,2026,115248,New York City FC,0.1336622996580173,1,0.14760383346329653,0.15744408903243642,0.010147150259384449,39.743589743589745,0.05058652849899015,83.33333333333333,0.008754404145351292,14.743589743589743,0.006441450777403365,59.61538461538461,0.16645803109328472,96.7948717948718,-0.061827979276543515,1.9230769230769231,69.87179487179488,115248,18.30065359477124,15.974025974025974,368750,51.571141277023635,TRUE,FALSE,93.33333333333333,High,20.75,79.25,Strong Value,Fullbacks and wingbacks,1.1.0,2026-10-03 17:19:27 UTC,7,7,32,Performance data through: 2026-10-03 (updates every day) · MLSPA compensation as of: 2026-04-16,FALSE,2026-10-03 17:19:20 UTC
7vQ7x6aOMD,asa_7vQ7x6aOMD_mls_full_2025,Jeevan Badwal,jeevan badwal,2006-03-11,Canada,W,NA,20.306639288158795,mls,lgpMOvnQzy,W,asa_live,TRUE,NA,mlspa_via_asa,1485,113400,1115,113400,full_2025,2025 full season,1115,0,1,TRUE,0.06232197309417041,0.02072825112107623,-0.00740986547085201,0.04077040358744394,-0.01280179372197309,0.01367354260089686,0.007361434977578469,2026,113400,Vancouver Whitecaps FC,0.20362313755561975,1,0.11175678281829263,0.11920723500990403,0.02211013452983892,19.2090395480226,-0.00790385650248914,44.632768361581924,0.043488430494632545,16.384180790960453,-0.013655246637198021,24.858757062146893,0.014585112108079102,14.124293785310735,0.007852197309662414,68.36158192090396,1.1299435028248588,113400,14.705882352941176,13.896103896103897,562000,-13.575938850116318,TRUE,FALSE,34.04255319148936,High,20.75,79.25,Fair Value,Wingers and attacking midfielders,1.1.0,2026-10-03 17:19:27 UTC,63,63,294,Performance data through: 2026-10-03 (updates every day) · MLSPA compensation as of: 2026-04-16,FALSE,2026-10-03 17:19:20 UTC
7vQ7xGkYMD,asa_7vQ7xGkYMD_mls_full_2025,Oscar Verhoeven,oscar verhoeven,2006-05-31,USA,FB,NA,20.084873374401095,mls,zeQZBOzQKw,FB,asa_live,TRUE,NA,mlspa_via_asa,1931,188395,1156,188395,full_2025,2025 full season,1156,0,1,TRUE,0.107727508650519,0.00294290657439446,-0.00215657439446366,0.01146020761245674,-0.00513840830449827,0.09925692041522492,0.00136245674740484,2026,188395,San Diego FC,0.1336622996580173,1,0.11658905455285327,0.12436165819359646,0.003139100346118854,17.94871794871795,-0.0023003460208331234,25.641025641025642,0.012224221453669196,21.153846153846153,-0.005480968858302768,26.28205128205128,0.10587404844621515,89.1025641025641,0.0014532871972772446,64.74358974358974,31.41025641025641,188395,32.6797385620915,26.753246753246753,368750,-1.269482151835092,TRUE,FALSE,51.111111111111114,High,14,86,Fair Value,Fullbacks and wingbacks,1.1.0,2026-10-03 17:19:27 UTC,45,45,218,Performance data through: 2026-10-03 (updates every day) · MLSPA compensation as of: 2026-04-16,FALSE,2026-10-03 17:19:20 UTC
7vQ7xNzdMD,asa_7vQ7xNzdMD_mls_full_2025,Frankie Westfield,frankie westfield,2005-12-09,USA,FB,NA,20.55852156057495,mls,9z5k7Yg5A3,FB,asa_live,TRUE,NA,mlspa_via_asa,2142,125285,2129,125285,full_2025,2025 full season,2129,0,1,TRUE,0.14531470173790512,0.01584828558008454,0.04780272428370127,0.02544011272898074,-0.015552372005636438,0.06887177078440582,0.00290418036636918,2026,125285,Philadelphia Union,0.1336622996580173,1,0.142752795820744,0.15226964888021868,0.016904837952618452,63.46153846153846,0.050989572570874775,84.61538461538461,0.02713612024509413,57.05128205128205,-0.016589196806530614,13.461538461538462,0.07346322217232859,62.17948717948718,0.003097792390890598,76.28205128205128,62.17948717948718,125285,24.183006535947712,19.74025974025974,368750,37.99648064353947,TRUE,FALSE,84.44444444444444,High,14,86,Strong Value,Fullbacks and wingbacks,1.1.0,2026-10-03 17:19:27 UTC,15,15,72,Performance data through: 2026-10-03 (updates every day) · MLSPA compensation as of: 2026-04-16,FALSE,2026-10-03 17:19:20 UTC
7vQ7xWmYMD,asa_7vQ7xWmYMD_mls_full_2025,Édier Ocampo,edier ocampo,2003-10-03,Colombia,FB,NA,22.74332648870637,mls,lgpMOvnQzy,FB,asa_live,TRUE,NA,mlspa_via_asa,2065,453799,2968,453799,full_2025,2025 full season,2968,0,1,TRUE,0.11281233153638814,0.02327628032345013,-0.00828133423180593,0.04338982479784367,0.01599561994609164,0.0405788409703504,-0.00214690026954177,2026,453799,Vancouver Whitecaps FC,0.1336622996580173,1,0.11631849209495806,0.12407305823849922,0.02482803234578935,76.92307692307692,-0.008833423180869037,23.076923076923077,0.0462824797858129,71.15384615384616,0.017061994609697605,79.48717948717949,0.043284097036393056,29.487179487179485,-0.0022900269542494517,37.17948717948718,30.76923076923077,453799,62.091503267973856,47.4025974025974,368750,-31.322272498743086,TRUE,FALSE,17.77777777777778,High,14,86,Below Expected Value by Current Model,Fullbacks and wingbacks,1.1.0,2026-10-03 17:19:27 UTC,75,75,366,Performance data through: 2026-10-03 (updates every day) · MLSPA compensation as of: 2026-04-16,FALSE,2026-10-03 17:19:20 UTC
7vQ7xgKOMD,asa_7vQ7xgKOMD_mls_full_2025,Sergio Oregel,sergio oregel,2005-05-16,USA,CM,NA,21.125256673511295,mls,X0Oq66zq6D,CM,asa_live,TRUE,NA,mlspa_via_asa,376,392500,2350,392500,full_2025,2025 full season,2350,0,1,TRUE,0.10208297872340424,0.01334297872340425,0.04010936170212766,0.02235446808510638,-0.01003404255319149,0.04274425531914894,-0.00643404255319149,2026,392500,Chicago Fire FC,0.1398991348215602,1,0.1097744003026902,0.11709269365986202,0.014232510638742632,42.45810055865922,0.04278331915027315,72.62569832402235,0.023844765958191953,44.134078212290504,-0.010702978723738725,21.22905027932961,0.04559387234185034,19.553072625698324,-0.0068629787236187244,25.69832402234637,17.318435754189945,392500,41.714285714285715,41.493506493506494,516250,-24.39584996009577,FALSE,TRUE,NA,Low,41,59,Small-Sample Watchlist,Central and defensive midfielders,1.1.0,2026-10-03 17:19:27 UTC,NA,NA,NA,Performance data through: 2026-10-03 (updates every day) · MLSPA compensation as of: 2026-04-16,FALSE,2026-10-03 17:19:20 UTC
7vQ7xpBzMD,asa_7vQ7xpBzMD_mls_full_2025,Taha Habroune,taha habroune,2006-02-05,USA,CM,NA,20.399726214921287,mls,mvzqoLZQap,CM,asa_live,TRUE,NA,mlspa_via_asa,2035,152000,835,152000,full_2025,2025 full season,835,0,1,TRUE,0.19547784431137724,0.02690299401197604,0.04733892215568862,0.0973616766467066,-0.03167784431137725,0.06111377245508981,-0.00556167664670658,2026,152000,Columbus Crew,0.1398991348215602,1,0.17223935950727254,0.18372198348016536,0.028696526947004544,77.09497206703911,0.05049485030097916,77.09497206703911,0.10385245509306576,94.41340782122904,-0.03378970059985832,8.938547486033519,0.06518802395413292,51.39664804469274,-0.005932455090005741,29.608938547486034,79.32960893854748,152000,21.714285714285715,23.636363636363637,516250,57.615323224261765,TRUE,FALSE,97.11538461538461,High,14,86,Elite Value,Central and defensive midfielders,1.1.0,2026-10-03 17:19:27 UTC,4,4,15,Performance data through: 2026-10-03 (updates every day) · MLSPA compensation as of: 2026-04-16,FALSE,2026-10-03 17:19:20 UTC
9Yqd6pKkMv,asa_9Yqd6pKkMv_mls_full_2025,Xande Silva,xande silva,1997-03-16,Portugal,W,NA,28.292950034223136,mls,wvq9B9wQWn,W,asa_live,TRUE,NA,mlspa_via_asa,0,NA,555,629250,full_2025,2025 full season,555,0,1,TRUE,0.1619189189189189,0.04723783783783784,0.03012972972972972,0.0507081081081081,0.02015675675675675,0.02033513513513513,-0.00664864864864864,2026,629250,St. Louis City SC,0.20362313755561975,1,0.18358344808084143,0.19582234462568363,0.05038702702860162,57.06214689265537,0.03213837837938269,77.40112994350282,0.05408864865033891,23.728813559322035,0.021500540541212424,63.84180790960452,0.02169081081148864,19.774011299435028,-0.007091891892113504,8.474576271186441,33.333333333333336,629250,55.88235294117647,61.03896103896104,562000,-22.549019607843135,FALSE,FALSE,NA,Low,41,59,Insufficient Evidence,Wingers and attacking midfielders,1.1.0,2026-10-03 17:19:27 UTC,NA,NA,NA,Performance data through: 2026-10-03 (updates every day) · MLSPA compensation as of: 2026-04-16,FALSE,2026-10-03 17:19:20 UTC
9Yqd6yrkMv,asa_9Yqd6yrkMv_mls_full_2025,Sergio Santos,sergio santos,1994-09-04,Brazil,FW,NA,31.822039698836413,mls,KAqBN0Vqbg,FW,asa_live,TRUE,NA,mlspa_via_asa,118,171000,767,171000,full_2025,2025 full season,767,0,1,TRUE,0.1885775749674055,0.0480625814863103,-0.04413168187744459,0.141993481095176,-0.03723207301173403,0.07353715775749675,0.00634810951760104,2026,171000,Atlanta United FC,0.2320804800898512,1,0.2076717542457284,0.22151653786903266,0.05126675358699974,33.035714285714285,-0.047073794004078615,47.32142857142857,0.15145971317292087,26.785714285714285,-0.039714211213757365,41.07142857142857,0.0784396349437811,98.21428571428571,0.006771316818986047,57.142857142857146,32.142857142857146,171000,27.027027027027028,25.714285714285715,558750,5.115830115830118,FALSE,TRUE,NA,Low,41,59,Small-Sample Watchlist,Strikers,1.1.0,2026-10-03 17:19:27 UTC,NA,NA,NA,Performance data through: 2026-10-03 (updates every day) · MLSPA compensation as of: 2026-04-16,FALSE,2026-10-03 17:19:20 UTC
9YqdY2mRQv,asa_9YqdY2mRQv_mls_full_2025,Mathieu Choinière,mathieu choiniere,1999-02-07,Canada,CM,NA,27.394934976043807,mls,eVq3ya6MWO,CM,asa_live,TRUE,NA,mlspa_via_asa,1913,725000,825,725000,full_2025,2025 full season,825,0,1,TRUE,0.15186545454545453,0.02053090909090909,0.04087636363636363,0.0251890909090909,0.00500727272727272,0.06599999999999999,-0.00573818181818181,2026,725000,Los Angeles FC,0.1398991348215602,1,0.14682700413539373,0.15661547108264756,0.021899636364320726,65.92178770949721,0.04360145454681708,73.18435754189944,0.02686836363720326,49.720670391061454,0.00534109090925781,59.21787709497207,0.0704000000022,59.77653631284916,-0.006120727272918536,29.050279329608937,60.89385474860335,725000,68.57142857142857,67.14285714285714,516250,-7.677573822825217,TRUE,FALSE,39.42307692307692,High,14,86,Fair Value,Central and defensive midfielders,1.1.0,2026-10-03 17:19:27 UTC,64,64,270,Performance data through: 2026-10-03 (updates every day) · MLSPA compensation as of: 2026-04-16,FALSE,2026-10-03 17:19:20 UTC
9YqddY89qv,asa_9YqddY89qv_mls_full_2025,Cesar Ruvalcaba,cesar ruvalcaba,2001-07-13,USA,CB,NA,24.966461327857633,mls,mvzqoLZQap,CB,asa_live,TRUE,NA,mlspa_via_asa,401,113400,374,113400,full_2025,2025 full season,374,0,1,TRUE,0.17167379679144387,0.0315,0.0069304812834224605,0.014366310160427798,0.02632620320855615,0.09103475935828878,0.00151604278074866,2026,113400,Columbus Crew,0.14523645173583166,1,0.1553879579481509,0.1657471551498739,0.03360000000105,98.77300613496932,0.0073925133692149736,6.748466257668712,0.015324064171601861,43.558282208588956,0.028081283423337433,96.31901840490798,0.09710374331854252,65.6441717791411,0.001617112299515772,88.95705521472392,62.576687116564415,113400,11.801242236024844,13.896103896103897,518000,50.77544488053957,FALSE,TRUE,NA,Low,41,59,Small-Sample Watchlist,Center backs,1.1.0,2026-10-03 17:19:27 UTC,NA,NA,NA,Performance data through: 2026-10-03 (updates every day) · MLSPA compensation as of: 2026-04-16,FALSE,2026-10-03 17:19:20 UTC
9Yqdwg885v,asa_9Yqdwg885v_mls_full_2025,Gilberto Flores,gilberto flores,2003-04-01,Paraguay,CB,NA,23.249828884325805,mls,NWMWlBK5lz,CB,asa_live,TRUE,NA,mlspa_via_asa,352,436672,1349,436672,full_2025,2025 full season,1349,0,1,TRUE,0.09494366197183102,0.01393699036323202,0.04087694588584136,0.01096145292809488,-0.012762787249814672,0.04113713862120088,7.939214232765013e-4,2026,436672,FC Cincinnati,0.14523645173583166,1,0.11042630633222116,0.11778806009138344,0.014866123054578722,80.3680981595092,0.043602075612926686,38.65030674846626,0.01169221645699992,33.12883435582822,-0.013613639733561077,14.110429447852761,0.04387961453065217,19.01840490797546,8.468495181880654e-4,81.59509202453988,12.883435582822086,436672,42.2360248447205,44.935064935064936,518000,-29.35258926189841,FALSE,TRUE,NA,Low,41,59,Small-Sample Watchlist,Center backs,1.1.0,2026-10-03 17:19:27 UTC,NA,NA,NA,Performance data through: 2026-10-03 (updates every day) · MLSPA compensation as of: 2026-04-16,FALSE,2026-10-03 17:19:20 UTC
9Yqdwlrj5v,asa_9Yqdwlrj5v_mls_full_2025,Marco Pašalić,marco pasalic,2000-09-14,Croatia,W,NA,25.793292265571527,mls,jYQJ8EW5GR,W,asa_live,TRUE,NA,mlspa_via_asa,1124,1650667,2876,1650667,full_2025,2025 full season,2876,0,1,TRUE,0.2725942280945758,0.08732127955493742,0.02818602225312934,0.07277294853963838,0.05083310152990264,0.0398490959666203,-0.00636821974965229,2026,1650667,Orlando City SC,0.20362313755561975,1,0.2606889765631104,0.2780682416760074,0.09314269819484396,93.22033898305085,0.030065090404277496,76.27118644067797,0.0776244784447067,45.19774011299435,0.05422197496692392,85.87570621468926,0.04250570236572329,49.717514124293785,-0.006792767733174717,9.6045197740113,87.57062146892656,1650667,80,90.64935064935065,562000,7.570621468926561,TRUE,FALSE,65.95744680851064,High,20.75,79.25,Undervalued,Wingers and attacking midfielders,1.1.0,2026-10-03 17:19:27 UTC,33,33,153,Performance data through: 2026-10-03 (updates every day) · MLSPA compensation as of: 2026-04-16,FALSE,2026-10-03 17:19:20 UTC
9vQ229oLQK,asa_9vQ229oLQK_mls_full_2025,Erik Thommy,erik thommy,1994-08-20,Germany,CM,NA,31.863107460643395,mls,kaDQ0wRqEv,CM,asa_live,TRUE,NA,mlspa_via_asa,942,706667,1414,706667,full_2025,2025 full season,1414,0,1,TRUE,0.2124229137199434,0.06956223479490807,-0.01949575671852899,0.07217821782178217,0.02114427157001414,0.05328712871287128,0.01574681753889674,2026,706667,LA Galaxy,0.1398991348215602,1,0.1908170212973863,0.20353815605690598,0.07419971711688735,96.08938547486034,-0.020795473833747448,11.1731843575419,0.07699009901230693,89.3854748603352,0.022553889675386556,89.3854748603352,0.05683960396217227,36.87150837988827,0.01679660537534808,94.97206703910615,91.62011173184358,706667,67.42857142857143,65.71428571428571,516250,24.19154030327215,TRUE,FALSE,79.8076923076923,High,20.75,79.25,Strong Value,Central and defensive midfielders,1.1.0,2026-10-03 17:19:27 UTC,22,22,92,Performance data through: 2026-10-03 (updates every day) · MLSPA compensation as of: 2026-04-16,FALSE,2026-10-03 17:19:20 UTC
9vQ22BR7QK,asa_9vQ22BR7QK_mls_full_2025,Jesús Ferreira,jesus ferreira,2000-12-24,USA,W,NA,25.516769336071185,mls,jYQJ19EqGR,W,asa_live,TRUE,NA,mlspa_via_asa,1292,1882937,2630,1882937,full_2025,2025 full season,2630,0,1,TRUE,0.1747916349809886,0.04159505703422053,0.0089828897338403,0.12160608365019011,-0.03257110266159695,0.03657490494296578,-0.00139619771863117,2026,1882937,Seattle Sounders FC,0.20362313755561975,1,0.1801473320536755,0.1921571541965921,0.0443680608378884,49.152542372881356,0.009581749049729082,63.27683615819209,0.12971315589758967,77.40112994350282,-0.034742509506789115,13.559322033898304,0.03901323194038266,44.632768361581924,-0.0014892775665864546,22.598870056497177,30.508474576271187,1882937,82.3529411764706,91.94805194805195,562000,-51.84446660019941,TRUE,FALSE,7.446808510638298,High,20.75,79.25,Below Expected Value by Current Model,Wingers and attacking midfielders,1.1.0,2026-10-03 17:19:27 UTC,88,88,411,Performance data through: 2026-10-03 (updates every day) · MLSPA compensation as of: 2026-04-16,FALSE,2026-10-03 17:19:20 UTC
9vQ22OOoQK,asa_9vQ22OOoQK_mls_full_2025,Jackson Yueill,jackson yueill,1997-03-19,USA,CM,NA,29.284052019164957,mls,19vQ2095K6,CM,asa_live,TRUE,NA,mlspa_via_asa,629,1141087,813,1141087,full_2025,2025 full season,813,0,1,TRUE,0.030177121771217712,0.00956457564575646,-0.03597785977859778,0.01795571955719557,-0.01826568265682657,0.0562140221402214,6.863468634686346e-4,2026,1141087,New England Revolution,0.1398991348215602,1,0.07676821011531218,0.08188609079222527,0.010202214022459043,32.402234636871505,-0.03837638376503689,7.82122905027933,0.019152767528273797,36.312849162011176,-0.0194833948345572,13.966480446927374,0.05996162361810996,41.340782122905026,7.321033210560884e-4,68.15642458100558,2.2346368715083798,1141087,89.71428571428571,84.28571428571429,516250,-87.47964884277732,TRUE,FALSE,0.9615384615384616,Medium,29.75,70.25,Below Expected Value by Current Model,Central and defensive midfielders,1.1.0,2026-10-03 17:19:27 UTC,104,104,441,Performance data through: 2026-10-03 (updates every day) · MLSPA compensation as of: 2026-04-16,FALSE,2026-10-03 17:19:20 UTC
9vQ22jRLQK,asa_9vQ22jRLQK_mls_full_2025,Daniel Lovitz,daniel lovitz,1991-08-27,USA,FB,NA,34.84462696783025,mls,vzqoOgNqap,FB,asa_live,TRUE,NA,mlspa_via_asa,1827,427500,3192,427500,full_2025,2025 full season,3192,0,1,TRUE,0.11865789473684211,0.0097781954887218,0.057578007518797,0.01221710526315789,5.526315789473684e-4,0.046875,-0.00834304511278195,2026,427500,Nashville SC,0.1336622996580173,1,0.1210320094395597,0.1291008100728981,0.01043007518829586,41.666666666666664,0.06141654135530273,89.74358974358974,0.013031578947775653,25,5.894736842289473e-4,46.794871794871796,0.0500000000015625,37.17948717948718,-0.00889924812057885,17.307692307692307,38.46153846153846,427500,56.86274509803921,43.896103896103895,368750,-18.401206636500753,TRUE,FALSE,27.77777777777778,High,14,86,Below Expected Value by Current Model,Fullbacks and wingbacks,1.1.0,2026-10-03 17:19:27 UTC,66,66,321,Performance data through: 2026-10-03 (updates every day) · MLSPA compensation as of: 2026-04-16,FALSE,2026-10-03 17:19:20 UTC
9vQ22nALQK,asa_9vQ22nALQK_mls_full_2025,Daniel Ríos,daniel rios,1995-02-22,Mexico,FW,NA,31.353867214236825,mls,APk5LGOMOW,FW,asa_live,TRUE,NA,mlspa_via_asa,1032,237066,1779,237066,full_2025,2025 full season,1779,0,1,TRUE,0.14610961214165263,0.05975210792580102,-0.04961888701517707,0.18822091062394605,-0.0800691399662732,0.02873524451939291,-9.106239460370994e-4,2026,237066,CF Montréal,0.2320804800898512,1,0.167792050464023,0.1789781871672176,0.06373558178951282,50,-0.05292681281784283,38.392857142857146,0.20076897133848315,52.67857142857143,-0.08540708263336039,20.535714285714285,0.03065092748831028,47.32142857142857,-9.713322091365934e-4,27.678571428571427,11.607142857142858,237066,30.63063063063063,30.25974025974026,558750,-19.023487773487773,TRUE,FALSE,34.48275862068966,High,20.75,79.25,Below Expected Value by Current Model,Strikers,1.1.0,2026-10-03 17:19:27 UTC,39,39,292,Performance data through: 2026-10-03 (updates every day) · MLSPA compensation as of: 2026-04-16,FALSE,2026-10-03 17:19:20 UTC
9vQ22pVaQK,asa_9vQ22pVaQK_mls_full_2025,Matt Polster,matt polster,1993-06-08,USA,FB,NA,33.06228610540725,mls,19vQ2095K6,FB,asa_live,TRUE,NA,mlspa_via_asa,1688,733333,2585,733333,full_2025,2025 full season,2585,0,1,TRUE,0.1244263056092843,0.00842553191489361,0.0318220502901354,0.02424255319148936,0.00212727272727272,0.05834158607350096,-5.326885880077369e-4,2026,733333,New England Revolution,0.1336622996580173,1,0.12616621029664374,0.13457729098729218,0.008987234042834035,33.97435897435897,0.033943520310538496,68.58974358974359,0.0258587234050634,55.12820512820513,0.00226909090916181,54.48717948717949,0.06223102514701241,46.794871794871796,-5.682011605593424e-4,47.43589743589744,44.23076923076923,733333,83.00653594771242,67.79220779220779,368750,-38.77576671694319,TRUE,FALSE,12.222222222222221,High,14,86,Below Expected Value by Current Model,Fullbacks and wingbacks,1.1.0,2026-10-03 17:19:27 UTC,80,80,390,Performance data through: 2026-10-03 (updates every day) · MLSPA compensation as of: 2026-04-16,FALSE,2026-10-03 17:19:20 UTC
9vQ248BL5K,asa_9vQ248BL5K_mls_full_2025,Idan Toklomati,idan toklomati,2004-08-09,Israel,FW,NA,21.89185489390828,mls,NPqxKXZ59d,FW,asa_live,TRUE,NA,mlspa_via_asa,2084,781500,2346,781500,full_2025,2025 full season,2346,0,1,TRUE,0.22767774936061383,0.05911764705882353,-0.058499999999999996,0.24455754475703323,-0.03563171355498721,0.02647826086956522,-0.00834398976982097,2026,781500,Charlotte FC,0.2320804800898512,1,0.22857443586351348,0.24381273159536684,0.06305882353138235,45.535714285714285,-0.06240000000194999,26.785714285714285,0.2608613810823207,73.21428571428571,-0.03800716112650741,43.75,0.028243478261752174,41.07142857142857,-0.008900255754753835,8.035714285714286,49.107142857142854,781500,59.45945945945946,71.42857142857143,558750,-10.352316602316606,TRUE,FALSE,44.827586206896555,High,14,86,Fair Value,Strikers,1.1.0,2026-10-03 17:19:27 UTC,33,33,246,Performance data through: 2026-10-03 (updates every day) · MLSPA compensation as of: 2026-04-16,FALSE,2026-10-03 17:19:20 UTC
9vQ24BKm5K,asa_9vQ24BKm5K_mls_full_2025,Giuseppe Bovalina,giuseppe bovalina,2004-11-11,Australia,FB,NA,20.635181382614647,mls,lgpMOvnQzy,FB,asa_live,TRUE,NA,mlspa_via_asa,0,NA,260,116980,full_2025,2025 full season,260,0,1,TRUE,0.04499999999999999,0.04818461538461538,-0.02398846153846154,0.06244615384615383,-0.04603846153846154,0.00443076923076923,-3.461538461538462e-5,2026,116980,Vancouver Whitecaps FC,0.1336622996580173,1,0.10685741836605857,0.11398124626069105,0.05139692307852923,92.94871794871794,-0.02558769230849192,10.256410256410257,0.0666092307713123,84.61538461538461,-0.04910769230922692,2.5641025641025643,0.004726153846301538,9.615384615384615,-3.692307692423077e-5,50.64102564102564,21.153846153846153,116980,20.26143790849673,17.142857142857142,368750,0.8924082453494222,FALSE,FALSE,NA,Low,41,59,Insufficient Evidence,Fullbacks and wingbacks,1.1.0,2026-10-03 17:19:27 UTC,NA,NA,NA,Performance data through: 2026-10-03 (updates every day) · MLSPA compensation as of: 2026-04-16,FALSE,2026-10-03 17:19:20 UTC
9vQ24Gkx5K,asa_9vQ24Gkx5K_mls_full_2025,Agustín Ojeda,agustin ojeda,2004-06-19,Argentina,W,NA,22.031485284052017,mls,Vj58weDM8n,W,asa_live,TRUE,NA,mlspa_via_asa,2406,607833,1741,607833,full_2025,2025 full season,1741,0,1,TRUE,0.17789603676048246,0.01641298104537622,-0.01742619184376795,0.06577082136703044,0.03208673176335439,0.06560022975301551,0.01545146467547386,2026,607833,New York City FC,0.20362313755561975,1,0.1844899113769209,0.19678923880819862,0.017507179782281734,16.949152542372882,-0.018587937967266686,32.76836158192091,0.0701555427936915,40.112994350282484,0.034225847215314235,74.01129943502825,0.06997357840540322,89.26553672316385,0.0164815623210205,80.22598870056497,34.463276836158194,607833,54.11764705882353,59.09090909090909,562000,-19.654370222665335,TRUE,FALSE,26.595744680851062,High,14,86,Below Expected Value by Current Model,Wingers and attacking midfielders,1.1.0,2026-10-03 17:19:27 UTC,70,70,327,Performance data through: 2026-10-03 (updates every day) · MLSPA compensation as of: 2026-04-16,FALSE,2026-10-03 17:19:20 UTC
9vQ2Z3doQK,asa_9vQ2Z3doQK_mls_full_2025,Louicius Don Deedson,louicius don deedson,2001-02-11,Haiti,FB,NA,25.38261464750171,mls,mKAqBBmqbg,FB,asa_live,TRUE,NA,mlspa_via_asa,303,450319,33,450319,full_2025,2025 full season,33,0,1,TRUE,0.096,0.07527272727272727,-0.02645454545454545,0.0049090909090909,0,0.0379090909090909,0.00436363636363636,2026,450319,FC Dallas,0.1336622996580173,1,0.13169886223508748,0.14047878638848327,0.08029090909341818,98.71794871794872,-0.02821818181906363,9.615384615384615,0.005236363636527263,8.333333333333334,0,44.55128205128205,0.04043636363762726,25,0.004654545454690905,83.33333333333333,50.64102564102564,450319,61.43790849673203,47.142857142857146,368750,-10.796882855706386,FALSE,TRUE,NA,Low,41,59,Small-Sample Watchlist,Fullbacks and wingbacks,1.1.0,2026-10-03 17:19:27 UTC,NA,NA,NA,Performance data through: 2026-10-03 (updates every day) · MLSPA compensation as of: 2026-04-16,FALSE,2026-10-03 17:19:20 UTC
9vQ2ZDwaQK,asa_9vQ2ZDwaQK_mls_full_2025,J.C. Ngando,jc ngando,1999-11-20,Cameroon,CM,NA,26.611909650924023,mls,lgpMOvnQzy,CM,asa_live,TRUE,NA,mlspa_via_asa,130,200000,1408,200000,full_2025,2025 full season,1408,0,1,TRUE,0.18248011363636368,0.02520383522727273,0.04466122159090908,0.05050355113636364,0.00276775568181818,0.05705539772727272,0.00228835227272727,2026,200000,Vancouver Whitecaps FC,0.1398991348215602,1,0.1697567135920997,0.18107382783723158,0.02688409090993104,73.74301675977654,0.04763863636512506,75.97765363128492,0.05387045454713801,78.2122905027933,0.0029522727273649835,51.39664804469274,0.06085909091099275,44.134078212290504,0.0024409090909853666,77.6536312849162,77.6536312849162,200000,25.714285714285715,27.337662337662337,516250,51.939345570630486,FALSE,TRUE,NA,Low,41,59,Small-Sample Watchlist,Central and defensive midfielders,1.1.0,2026-10-03 17:19:27 UTC,NA,NA,NA,Performance data through: 2026-10-03 (updates every day) · MLSPA compensation as of: 2026-04-16,FALSE,2026-10-03 17:19:20 UTC
9vQ2ZEYoQK,asa_9vQ2ZEYoQK_mls_full_2025,Strahinja Tanasijević,strahinja tanasijevic,1997-06-12,Serbia,FB,NA,29.05133470225873,mls,Vj58weDM8n,FB,asa_live,TRUE,NA,mlspa_via_asa,98,368750,718,368750,full_2025,2025 full season,718,0,1,TRUE,0.06312534818941505,0,0.04947493036211699,0.00129108635097493,0.00142896935933147,0.01247214484679665,-0.0015417827298050103,2026,368750,New York City FC,0.1336622996580173,1,0.09523625174113079,0.10158533519371404,0,6.410256410256411,0.05277325905457395,85.8974358974359,0.0013771587744162948,4.487179487179487,0.0015242339833345336,52.56410256410256,0.013303621170332165,11.538461538461538,-0.001644568245176737,41.02564102564103,8.974358974358974,368750,50,39.41558441558441,368750,-41.02564102564102,FALSE,TRUE,NA,Low,41,59,Small-Sample Watchlist,Fullbacks and wingbacks,1.1.0,2026-10-03 17:19:27 UTC,NA,NA,NA,Performance data through: 2026-10-03 (updates every day) · MLSPA compensation as of: 2026-04-16,FALSE,2026-10-03 17:19:20 UTC
9vQ2ZNGLQK,asa_9vQ2ZNGLQK_mls_full_2025,Ben Bender,ben bender,2001-03-07,USA,FB,NA,25.31690622861054,mls,9z5k7Yg5A3,FB,asa_live,TRUE,NA,mlspa_via_asa,612,149667,366,149667,full_2025,2025 full season,366,0,1,TRUE,0.007647540983606561,0.030639344262295077,-0.0386311475409836,0.05886885245901638,-0.03378688524590163,-0.011926229508196723,0.00248360655737704,2026,149667,Philadelphia Union,0.1336622996580173,1,0.08591757742733994,0.09164541592535985,0.03268196721413606,85.25641025641026,-0.04120655737833688,5.769230769230769,0.0627934426249131,83.33333333333333,-0.0360393442634213,4.487179487179487,-0.012721311475807379,6.410256410256411,0.0026491803279516295,74.35897435897436,5.128205128205129,149667,29.41176470588235,23.376623376623378,368750,-24.283559577677224,TRUE,FALSE,23.333333333333332,Medium,29.75,70.25,Below Expected Value by Current Model,Fullbacks and wingbacks,1.1.0,2026-10-03 17:19:27 UTC,70,70,341,Performance data through: 2026-10-03 (updates every day) · MLSPA compensation as of: 2026-04-16,FALSE,2026-10-03 17:19:20 UTC
9vQ2ZWw1QK,asa_9vQ2ZWw1QK_mls_full_2025,Odin Thiago Holm,odin thiago holm,2003-01-18,Norway,CM,NA,22.45037645448323,mls,eVq3ya6MWO,CM,asa_live,TRUE,NA,mlspa_via_asa,0,NA,115,660000,full_2025,2025 full season,115,0,1,TRUE,0.1429826086956522,0,-0.01432173913043478,0.00649565217391304,0.03811304347826087,0.11128695652173912,0.00140869565217391,2026,660000,Los Angeles FC,0.1398991348215602,1,0.14039507817193864,0.14975475005474773,0,6.145251396648045,-0.015276521739607822,13.40782122905028,0.006928695652390431,9.497206703910615,0.04065391304474869,93.85474860335195,0.11870608696023129,92.73743016759776,0.0015026086956991273,73.74301675977654,51.95530726256983,660000,61.142857142857146,62.857142857142854,516250,-9.187549880287314,FALSE,FALSE,NA,Low,41,59,Insufficient Evidence,Central and defensive midfielders,1.1.0,2026-10-03 17:19:27 UTC,NA,NA,NA,Performance data through: 2026-10-03 (updates every day) · MLSPA compensation as of: 2026-04-16,FALSE,2026-10-03 17:19:20 UTC
9vQ2ZjbmQK,asa_9vQ2ZjbmQK_mls_full_2025,Jayden Nelson,jayden nelson,2002-09-26,Canada,W,NA,23.761806981519506,mls,gpMOLwl5zy,W,asa_live,TRUE,NA,mlspa_via_asa,613,554000,1550,554000,full_2025,2025 full season,1550,0,1,TRUE,0.3197206451612903,0.05930129032258065,0.00704903225806451,0.07458387096774194,0.12244064516129032,0.03377612903225806,0.02256967741935483,2026,554000,Austin FC,0.20362313755561975,1,0.28732134071319615,0.30647609677031995,0.06325470967939607,74.57627118644068,0.007518967742170445,61.5819209039548,0.0795561290347442,46.32768361581921,0.13060335484279104,96.61016949152543,0.0360278709688678,38.4180790960452,0.024074322581397474,89.26553672316385,93.78531073446328,554000,48.8235294117647,55.324675324675326,562000,44.96178132269858,TRUE,FALSE,96.80851063829788,Medium,29.75,70.25,Elite Value,Wingers and attacking midfielders,1.1.0,2026-10-03 17:19:27 UTC,4,4,17,Performance data through: 2026-10-03 (updates every day) · MLSPA compensation as of: 2026-04-16,FALSE,2026-10-03 17:19:20 UTC
9vQ2ZlkaQK,asa_9vQ2ZlkaQK_mls_full_2025,Matthew Edwards,matthew edwards,2003-02-17,USA,FB,NA,23.367556468172484,mls,KAqBN0Vqbg,FB,asa_live,TRUE,NA,mlspa_via_asa,981,113400,1347,113400,full_2025,2025 full season,1347,0,1,TRUE,0.09438975501113586,0.00430957683741648,0.03353452115812917,0.02179510022271714,-0.00189086859688195,0.04127839643652561,-0.0046369710467706,2026,113400,Atlanta United FC,0.1336622996580173,1,0.10649223410108392,0.11359171637803926,0.004596881960054564,25,0.03577015590312226,71.15384615384616,0.02324810690495812,47.43589743589744,-0.0020169265034037757,34.61538461538461,0.04403028953366993,31.41025641025641,-0.004946102450043205,26.923076923076923,19.871794871794872,113400,15.359477124183007,13.896103896103897,368750,4.512317747611865,TRUE,FALSE,64.44444444444444,High,20.75,79.25,Fair Value,Fullbacks and wingbacks,1.1.0,2026-10-03 17:19:27 UTC,33,33,159,Performance data through: 2026-10-03 (updates every day) · MLSPA compensation as of: 2026-04-16,FALSE,2026-10-03 17:19:20 UTC
9vQ2ZoR7QK,asa_9vQ2ZoR7QK_mls_full_2025,Andrés Herrera,andres herrera,1998-11-03,Argentina,FB,NA,27.65776865160849,mls,mvzqoLZQap,FB,asa_live,TRUE,NA,mlspa_via_asa,1085,727632,1774,727632,full_2025,2025 full season,1774,0,1,TRUE,0.21434103720405864,0.03998252536640361,-0.00609808342728297,0.09781285231116121,0.02533089064261556,0.05621195039458851,0.00110090191657271,2026,727632,Columbus Crew,0.1336622996580173,1,0.19395045484195889,0.20688048517122115,0.04264802705882993,91.02564102564102,-0.0065046223226384375,24.358974358974358,0.10433370913516572,94.23076923076923,0.02701961668630096,89.1025641025641,0.059959413756101476,46.15384615384615,0.0011742953777142539,63.46153846153846,94.23076923076923,727632,82.3529411764706,67.40259740259741,368750,11.877828054298632,TRUE,FALSE,70,High,20.75,79.25,Undervalued,Fullbacks and wingbacks,1.1.0,2026-10-03 17:19:27 UTC,28,28,136,Performance data through: 2026-10-03 (updates every day) · MLSPA compensation as of: 2026-04-16,FALSE,2026-10-03 17:19:20 UTC
9vQ2ZyAaQK,asa_9vQ2ZyAaQK_mls_full_2025,Fernando Álvarez,fernando alvarez,2003-08-24,USA,CB,NA,21.85352498288843,mls,APk5LGOMOW,CB,asa_live,TRUE,NA,mlspa_via_asa,0,NA,1247,307500,full_2025,2025 full season,1247,0,1,TRUE,0.06074097834803528,0.0081916599839615,0.04365036086607859,0.01914033680834001,-0.01533680834001603,0.01104971932638332,-0.00595429029671211,2026,307500,CF Montréal,0.14523645173583166,1,0.08818942666025933,0.09406872177388294,0.008737770649831987,51.533742331288344,0.046560384925272175,43.558282208588956,0.020416359262867355,58.282208588957054,-0.016359262229861657,12.269938650306749,0.011786367281843865,6.748466257668712,-0.00635124298335806,38.65030674846626,3.067484662576687,307500,32.91925465838509,34.02597402597402,518000,-29.851769995808404,FALSE,FALSE,NA,Low,41,59,Insufficient Evidence,Center backs,1.1.0,2026-10-03 17:19:27 UTC,NA,NA,NA,Performance data through: 2026-10-03 (updates every day) · MLSPA compensation as of: 2026-04-16,FALSE,2026-10-03 17:19:20 UTC
9vQ2d3X75K,asa_9vQ2d3X75K_mls_full_2025,Kellyn Acosta,kellyn acosta,1995-07-24,USA,CM,NA,29.93839835728953,mls,X0Oq66zq6D,CM,asa_live,TRUE,NA,mlspa_via_asa,0,NA,795,1628477,full_2025,2025 full season,795,0,1,TRUE,0.01123018867924528,0.00572830188679245,-0.024520754716981126,0.0132,-0.0025245283018867906,0.04963018867924528,-0.030283018867924526,2026,1628477,Chicago Fire FC,0.1398991348215602,1,0.06657167089099363,0.0710097822859456,0.006110188679436223,22.3463687150838,-0.02615547169893056,8.938547486033519,0.01408000000044,25.139664804469273,-0.002692830188763394,36.312849162011176,0.05293886792618263,30.726256983240223,-0.03230188679346226,5.027932960893855,1.1173184357541899,1628477,96,90.12987012987013,516250,-94.88268156424581,FALSE,FALSE,NA,Low,41,59,Insufficient Evidence,Central and defensive midfielders,1.1.0,2026-10-03 17:19:27 UTC,NA,NA,NA,Performance data through: 2026-10-03 (updates every day) · MLSPA compensation as of: 2026-04-16,FALSE,2026-10-03 17:19:20 UTC
9vQ2d66e5K,asa_9vQ2d66e5K_mls_full_2025,Stian Gregersen,stian gregersen,1995-05-17,Norway,CB,NA,31.123887748117728,mls,KAqBN0Vqbg,CB,asa_live,TRUE,NA,mlspa_via_asa,1089,970000,1493,970000,full_2025,2025 full season,1493,0,1,TRUE,0.18136235766912256,0.00145880776959142,0.06837709310113865,0.01864501004688546,0.01686068318821165,0.07707568653717348,-0.00105492297387809,2026,970000,Atlanta United FC,0.14523645173583166,1,0.17100614956593357,0.18240655954269602,0.0015560616209461416,19.631901840490798,0.07293556597682713,79.75460122699387,0.019888010717299325,55.828220858895705,0.017984728734654447,92.02453987730061,0.08221406564222089,50.306748466257666,-0.0011252511721717934,63.80368098159509,77.30061349693251,970000,83.22981366459628,81.03896103896103,518000,-5.929200167663765,TRUE,FALSE,45.26315789473684,High,20.75,79.25,Fair Value,Center backs,1.1.0,2026-10-03 17:19:27 UTC,53,53,244,Performance data through: 2026-10-03 (updates every day) · MLSPA compensation as of: 2026-04-16,FALSE,2026-10-03 17:19:20 UTC
9z5k36ra5A,asa_9z5k36ra5A_mls_full_2025,Loïc Mesanvi,loic mesanvi,2003-10-06,Togo,FW,NA,21.73579739904175,mls,kRQand1MKZ,FW,asa_live,TRUE,NA,mlspa_via_asa,0,NA,26,83613,full_2025,2025 full season,26,0,1,TRUE,-0.02353846153846154,0,-0.00865384615384615,0.03080769230769231,-0.03461538461538462,-0.01107692307692307,0,2026,83613,Minnesota United FC,0.2320804800898512,1,0.22146371893595962,0.23622796687240571,0,3.125,-0.009230769231057688,75,0.032861538462565384,4.464285714285714,-0.03692307692423077,45.535714285714285,-0.011815384615753838,2.6785714285714284,0,34.375,41.964285714285715,83613,4.504504504504505,2.4675324675324677,558750,37.45978120978121,FALSE,FALSE,NA,Low,41,59,Insufficient Evidence,Strikers,1.1.0,2026-10-03 17:19:27 UTC,NA,NA,NA,Performance data through: 2026-10-03 (updates every day) · MLSPA compensation as of: 2026-04-16,FALSE,2026-10-03 17:19:20 UTC
9z5k3O7J5A,asa_9z5k3O7J5A_mls_full_2025,Marcelo Morales,marcelo morales,2003-06-06,Chile,FB,NA,22.069815195071868,mls,a2lqRX2Mr0,FB,asa_live,TRUE,NA,mlspa_via_asa,0,NA,214,447375,full_2025,2025 full season,214,0,1,TRUE,0.14257009345794394,0.02195327102803738,0.07128504672897197,0.01589719626168224,0.02123831775700934,0.023172897196261675,-0.01097663551401869,2026,447375,New York Red Bulls,0.1336622996580173,1,0.13600415208207664,0.14507109555874856,0.023416822430638317,74.35897435897436,0.07603738317994627,94.23076923076923,0.016957009346324298,37.17948717948718,0.022654205608184572,84.61538461538461,0.024717757010118215,16.025641025641026,-0.011708411215319159,13.461538461538462,55.12820512820513,447375,60.78431372549019,46.62337662337662,368750,-5.656108597285062,FALSE,FALSE,NA,Low,41,59,Insufficient Evidence,Fullbacks and wingbacks,1.1.0,2026-10-03 17:19:27 UTC,NA,NA,NA,Performance data through: 2026-10-03 (updates every day) · MLSPA compensation as of: 2026-04-16,FALSE,2026-10-03 17:19:20 UTC
9z5k3nlg5A,asa_9z5k3nlg5A_mls_full_2025,Anisse Saidi,anisse saidi,2008-06-20,USA,W,NA,18.028747433264886,mls,zeQZBOzQKw,W,asa_live,TRUE,NA,mlspa_via_asa,35,101915,16,101915,full_2025,2025 full season,16,0,1,TRUE,0.00674999999999999,0,0,0,0,0,0.00674999999999999,2026,101915,San Diego FC,0.20362313755561975,1,0.19850954956716207,0.2117435195449232,0,6.214689265536723,0,52.259887005649716,0,2.2598870056497176,0,41.24293785310734,0,9.322033898305085,0.00720000000022499,66.10169491525424,49.152542372881356,101915,11.764705882352942,9.220779220779221,562000,37.387836490528414,FALSE,TRUE,NA,Low,41,59,Small-Sample Watchlist,Wingers and attacking midfielders,1.1.0,2026-10-03 17:19:27 UTC,NA,NA,NA,Performance data through: 2026-10-03 (updates every day) · MLSPA compensation as of: 2026-04-16,FALSE,2026-10-03 17:19:20 UTC
9z5k3r7a5A,asa_9z5k3r7a5A_mls_full_2025,Christopher Cupps,christopher cupps,2008-05-26,USA,CB,NA,18.09719370294319,mls,X0Oq66zq6D,CB,asa_live,TRUE,NA,mlspa_via_asa,58,116186,324,116186,full_2025,2025 full season,324,0,1,TRUE,0.09958333333333332,0,0.03875000000000001,-1.6666666666666663e-4,-0.00958333333333333,0.08794444444444445,-0.01736111111111111,2026,116186,Chicago Fire FC,0.14523645173583166,1,0.12922821541287768,0.1378434297780438,0,7.975460122699387,0.04133333333462501,33.12883435582822,-1.777777777833333e-4,5.521472392638037,-0.010222222222541663,19.631901840490798,0.0938074074103389,62.576687116564415,-0.018518518519097218,15.337423312883436,28.220858895705522,116186,14.285714285714286,16.753246753246753,518000,13.935144609991235,FALSE,TRUE,NA,Low,41,59,Small-Sample Watchlist,Center backs,1.1.0,2026-10-03 17:19:27 UTC,NA,NA,NA,Performance data through: 2026-10-03 (updates every day) · MLSPA compensation as of: 2026-04-16,FALSE,2026-10-03 17:19:20 UTC
9z5k71be5A,asa_9z5k71be5A_mls_full_2025,Dave Romney,dave romney,1993-06-12,USA,CB,NA,33.05133470225873,mls,0KPqjA456v,CB,asa_live,TRUE,NA,mlspa_via_asa,1106,962375,3052,962375,full_2025,2025 full season,3052,0,1,TRUE,0.13029652686762777,0.00919462647444299,0.0603224115334207,0.01285714285714285,0.0054288990825688,0.04281192660550459,-3.1847968545216257e-4,2026,962375,San Jose Earthquakes,0.14523645173583166,1,0.13275105997850464,0.14160113064816332,0.009807601573045676,54.60122699386503,0.0643439056376595,70.5521472392638,0.013714285714714279,39.877300613496935,0.00579082568825435,65.6441717791411,0.04566605504729863,20.245398773006134,-3.3971166449292274e-4,69.32515337423312,31.288343558282207,962375,81.98757763975155,80.77922077922078,518000,-50.69923408146934,TRUE,FALSE,12.631578947368421,High,20.75,79.25,Below Expected Value by Current Model,Center backs,1.1.0,2026-10-03 17:19:27 UTC,84,84,388,Performance data through: 2026-10-03 (updates every day) · MLSPA compensation as of: 2026-04-16,FALSE,2026-10-03 17:19:20 UTC
9z5k76Yd5A,asa_9z5k76Yd5A_mls_full_2025,Alexandros Katranis,alexandros katranis,1998-05-04,Greece,FB,NA,28.15879534565366,mls,a2lqR4JMr0,FB,asa_live,TRUE,NA,mlspa_via_asa,799,519875,2126,519875,full_2025,2025 full season,2126,0,1,TRUE,0.12889134524929446,0.02306726246472248,0.03031467544684854,0.04365804327375353,0.00479209783631232,0.03785418626528692,-0.01079492003762935,2026,519875,Real Salt Lake,0.1336622996580173,1,0.1299414452658879,0.13860420828794515,0.024605079963139556,75.64102564102564,0.032335653810982266,65.38461538461539,0.04656857949345903,73.07692307692308,0.005111571025559545,57.69230769230769,0.04037779868423452,24.358974358974358,-0.011514581373831137,14.102564102564102,49.35897435897436,519875,66.66666666666667,52.20779220779221,368750,-17.307692307692314,TRUE,FALSE,30,Medium,29.75,70.25,Below Expected Value by Current Model,Fullbacks and wingbacks,1.1.0,2026-10-03 17:19:27 UTC,64,64,311,Performance data through: 2026-10-03 (updates every day) · MLSPA compensation as of: 2026-04-16,FALSE,2026-10-03 17:19:20 UTC
9z5k7kBJ5A,asa_9z5k7kBJ5A_mls_full_2025,Sigurd Rosted,sigurd rosted,1994-07-22,Norway,CB,NA,30.94318959616701,mls,kRQabn8MKZ,CB,asa_live,TRUE,NA,mlspa_via_asa,0,NA,2826,805000,full_2025,2025 full season,2826,0,1,TRUE,0.1369968152866242,0.00931847133757961,0.04426114649681528,0.013184713375796171,-0.01413694267515923,0.07902547770700637,0.00534394904458598,2026,805000,Toronto FC,0.14523645173583166,1,0.13843983392921744,0.14766915619577992,0.009939702760395533,55.828220858895705,0.04721188959807834,44.171779141104295,0.014063694267955406,41.104294478527606,-0.015079405520641076,12.883435582822086,0.08429384289010763,53.374233128834355,0.005700212314403177,97.54601226993866,39.877300613496935,805000,70.80745341614907,73.24675324675324,518000,-30.930152802652138,FALSE,FALSE,NA,Low,41,59,Insufficient Evidence,Center backs,1.1.0,2026-10-03 17:19:27 UTC,NA,NA,NA,Performance data through: 2026-10-03 (updates every day) · MLSPA compensation as of: 2026-04-16,FALSE,2026-10-03 17:19:20 UTC
9z5k7rej5A,asa_9z5k7rej5A_mls_full_2025,Brandon Vázquez,brandon vazquez,1998-10-14,NA,FW,NA,27.71252566735113,mls,gpMOLwl5zy,FW,asa_live,TRUE,NA,mlspa_via_asa,961,3701778,1734,3701778,full_2025,2025 full season,1734,0,1,TRUE,0.28637543252595155,0.06766089965397924,-0.02176297577854671,0.2537906574394464,-0.05777854671280277,0.04237370242214532,0.0020916955017301,2026,3701778,Austin FC,0.2320804800898512,1,0.2724178612056173,0.29057905196173905,0.07217162629983322,60.714285714285715,-0.023213840831175257,65.17857142857143,0.27071003461053583,77.67857142857143,-0.06163044982891557,32.142857142857146,0.04519861591836746,76.78571428571429,0.0022311418685818296,45.535714285714285,76.78571428571429,3701778,93.69369369369369,96.75324675324676,558750,-16.907979407979397,TRUE,FALSE,36.206896551724135,High,20.75,79.25,Below Expected Value by Current Model,Strikers,1.1.0,2026-10-03 17:19:27 UTC,38,38,284,Performance data through: 2026-10-03 (updates every day) · MLSPA compensation as of: 2026-04-16,FALSE,2026-10-03 17:19:20 UTC
9z5kNOEdMA,asa_9z5kNOEdMA_mls_full_2025,Michael Sullivan,michael sullivan,2003-03-03,USA,CM,NA,22.32991101984942,mls,kRQabn8MKZ,CM,asa_live,FALSE,NA,NA,0,NA,14,NA,full_2025,2025 full season,14,0,1,TRUE,0.02121428571428571,0,0.019928571428571424,0,0.00128571428571428,0,0,2026,NA,Toronto FC,0.1398991348215602,1,0.13719296562367445,0.1463391633364925,0,6.145251396648045,0.021257142857807138,51.39664804469274,0,3.631284916201117,0.0013714285714714225,47.486033519553075,0,5.307262569832402,0,61.1731843575419,46.36871508379888,NA,NA,NA,516250,NA,FALSE,FALSE,NA,Insufficient,41,59,Insufficient Evidence,Central and defensive midfielders,1.1.0,2026-10-03 17:19:27 UTC,NA,NA,NA,Performance data through: 2026-10-03 (updates every day) · MLSPA compensation as of: 2026-04-16,FALSE,2026-10-03 17:19:20 UTC
9z5ka8adQA,asa_9z5ka8adQA_mls_full_2025,Ryan Gauld,ryan gauld,1995-12-16,Scotland,W,NA,30.54072553045859,mls,lgpMOvnQzy,W,asa_live,TRUE,NA,mlspa_via_asa,786,3675000,474,3675000,full_2025,2025 full season,474,0,1,TRUE,0.2713101265822785,0.06241139240506328,0.01980379746835443,0.149373417721519,-0.0125126582278481,0.05688607594936708,-0.00465189873417721,2026,3675000,Vancouver Whitecaps FC,0.20362313755561975,1,0.23349616623218983,0.249062577322119,0.06657215190081454,78.53107344632768,0.021124050633571517,72.31638418079096,0.15933164557459936,84.7457627118644,-0.01334683544345506,25.423728813559322,0.06067848101455442,79.66101694915254,-0.004962025316610754,12.429378531073446,74.01129943502825,3675000,92.3529411764706,96.55844155844156,562000,-18.341641741442345,TRUE,FALSE,29.78723404255319,Medium,29.75,70.25,Below Expected Value by Current Model,Wingers and attacking midfielders,1.1.0,2026-10-03 17:19:27 UTC,67,67,313,Performance data through: 2026-10-03 (updates every day) · MLSPA compensation as of: 2026-04-16,FALSE,2026-10-03 17:19:20 UTC
9z5karAKQA,asa_9z5karAKQA_mls_full_2025,Nick Hagglund,nick hagglund,1992-09-14,USA,CB,NA,33.79329226557152,mls,NWMWlBK5lz,CB,asa_live,TRUE,NA,mlspa_via_asa,1269,130067,1557,130067,full_2025,2025 full season,1557,0,1,TRUE,0.15305780346820808,0.010867052023121378,0.05461849710982659,0.02612138728323699,0.0079364161849711,0.08284393063583816,-0.02932947976878612,2026,130067,FC Cincinnati,0.14523645173583166,1,0.1508821840711632,0.16094099634760348,0.011591522158358371,63.80368098159509,0.05825973025230231,64.41717791411043,0.02786281310299017,69.93865030674847,0.008465510597567052,76.68711656441718,0.0883668593476555,57.05521472392638,-0.03128477842101618,7.975460122699387,57.05521472392638,130067,21.11801242236025,21.16883116883117,518000,35.93720230156613,TRUE,FALSE,87.36842105263158,High,20.75,79.25,Undervalued,Center backs,1.1.0,2026-10-03 17:19:27 UTC,13,13,59,Performance data through: 2026-10-03 (updates every day) · MLSPA compensation as of: 2026-04-16,FALSE,2026-10-03 17:19:20 UTC
9z5kb8dJMA,asa_9z5kb8dJMA_mls_full_2025,Raul Gustavo,raul gustavo,1999-04-24,Brazil,CB,NA,27.18685831622177,mls,Vj58weDM8n,CB,asa_live,TRUE,NA,mlspa_via_asa,1547,812960,872,812960,full_2025,2025 full season,872,0,1,TRUE,0.12830160550458716,0.01245756880733945,0.04819954128440367,0.00484059633027523,0.00453096330275229,0.05555848623853211,0.0027144495412844,2026,812960,New York City FC,0.14523645173583166,1,0.13520439608797485,0.14421802249834664,0.013288073394910664,75.4601226993865,0.0514128440383039,53.374233128834355,0.0051633027524549315,19.631901840490798,0.004833027523086808,62.576687116564415,0.05926238532295287,29.447852760736197,0.002895412844127175,92.63803680981596,35.58282208588957,812960,72.67080745341615,73.63636363636364,518000,-37.08798536752658,TRUE,FALSE,15.789473684210526,High,14,86,Below Expected Value by Current Model,Center backs,1.1.0,2026-10-03 17:19:27 UTC,81,81,374,Performance data through: 2026-10-03 (updates every day) · MLSPA compensation as of: 2026-04-16,FALSE,2026-10-03 17:19:20 UTC
9z5kbwEdMA,asa_9z5kbwEdMA_mls_full_2025,Nelson Pierre,nelson pierre,2005-03-22,USA,FW,NA,20.27652292950034,mls,lgpMOvnQzy,FW,asa_live,TRUE,NA,mlspa_via_asa,0,NA,57,118116,full_2025,2025 full season,57,0,1,TRUE,0.13957894736842105,0.07452631578947369,-0.00678947368421052,0.02352631578947368,0.00884210526315789,0.05273684210526315,-0.01326315789473684,2026,118116,Vancouver Whitecaps FC,0.2320804800898512,1,0.2240552329587682,0.23899224849682124,0.07949473684458948,72.32142857142857,-0.007242105263384204,76.78571428571429,0.02509473684288947,1.7857142857142858,0.009431578947663154,85.71428571428571,0.05625263158070526,84.82142857142857,-0.014147368421494734,6.25,44.642857142857146,118116,18.91891891891892,17.532467532467532,558750,25.723938223938227,FALSE,FALSE,NA,Low,41,59,Insufficient Evidence,Strikers,1.1.0,2026-10-03 17:19:27 UTC,NA,NA,NA,Performance data through: 2026-10-03 (updates every day) · MLSPA compensation as of: 2026-04-16,FALSE,2026-10-03 17:19:20 UTC
BLMv1GlQxe,asa_BLMv1GlQxe_mls_full_2025,Albert Rusnák,albert rusnak,1994-07-07,Slovakia,W,NA,31.98357289527721,mls,jYQJ19EqGR,W,asa_live,TRUE,NA,mlspa_via_asa,2238,2685000,2705,2685000,full_2025,2025 full season,2705,0,1,TRUE,0.2657611829944547,0.063309426987061,0.07438225508317929,0.07560998151571165,0.0189815157116451,0.01771053604436229,0.01576746765249537,2026,2685000,Seattle Sounders FC,0.20362313755561975,1,0.25448044857288105,0.2714458118195558,0.06753005545497538,80.7909604519774,0.07934107209120399,90.3954802259887,0.08065064695261276,47.45762711864407,0.020246950093054158,63.27683615819209,0.018891238447910127,17.51412429378531,0.01681863216318731,80.7909604519774,83.61581920903954,2685000,87.6470588235294,94.28571428571429,562000,-4.031239614489863,TRUE,FALSE,50,High,14,86,Fair Value,Wingers and attacking midfielders,1.1.0,2026-10-03 17:19:27 UTC,48,48,224,Performance data through: 2026-10-03 (updates every day) · MLSPA compensation as of: 2026-04-16,FALSE,2026-10-03 17:19:20 UTC
BLMv6ZyRMx,asa_BLMv6ZyRMx_mls_full_2025,Niko Tsakiris,niko tsakiris,2005-06-19,USA,W,NA,21.032169746748803,mls,0KPqjA456v,W,asa_live,TRUE,NA,mlspa_via_asa,1656,755214,435,755214,full_2025,2025 full season,435,0,1,TRUE,0.2309793103448276,0.03732413793103448,0.07781379310344827,0.05342068965517241,-0.00146896551724137,0.06103448275862068,0.0028551724137931,2026,755214,San Jose Earthquakes,0.20362313755561975,1,0.2151206594525332,0.22946203675653942,0.03981241379434758,44.067796610169495,0.08300137931293862,91.52542372881356,0.056982068967297926,27.11864406779661,-0.0015668965517730935,38.983050847457626,0.06510344827789655,85.87570621468926,0.003045517241474479,53.67231638418079,65.53672316384181,755214,63.529411764705884,69.6103896103896,562000,2.0073113991359293,TRUE,FALSE,62.765957446808514,High,14,86,Fair Value,Wingers and attacking midfielders,1.1.0,2026-10-03 17:19:27 UTC,36,36,167,Performance data through: 2026-10-03 (updates every day) · MLSPA compensation as of: 2026-04-16,FALSE,2026-10-03 17:19:20 UTC
BLMv6j1AMx,asa_BLMv6j1AMx_mls_full_2025,Djé D'Avilla,dje davilla,2003-05-05,Ivory Coast,CM,NA,23.156741957563312,mls,X0Oq66zq6D,CM,asa_live,TRUE,NA,mlspa_via_asa,2003,685486,1579,685486,full_2025,2025 full season,1579,0,1,TRUE,0.0704325522482584,0.00634958834705509,0.028424952501583275,0.01642115262824572,-0.02384800506649778,0.06467574414186195,-0.02159088030398986,2026,685486,Chicago Fire FC,0.1398991348215602,1,0.0895605694781717,0.09553127411303516,0.006772894237070416,24.58100558659218,0.030319949335969657,63.687150837988824,0.017515896137342807,31.843575418994412,-0.0254378720717259,12.29050279329609,0.06898746042014194,56.42458100558659,-0.023030272324975547,7.262569832402234,5.58659217877095,685486,63.42857142857143,64.41558441558442,516250,-57.84197924980048,TRUE,FALSE,8.653846153846153,High,14,86,Below Expected Value by Current Model,Central and defensive midfielders,1.1.0,2026-10-03 17:19:27 UTC,96,96,405,Performance data through: 2026-10-03 (updates every day) · MLSPA compensation as of: 2026-04-16,FALSE,2026-10-03 17:19:20 UTC
BLMv6jROMx,asa_BLMv6jROMx_mls_full_2025,Julián Fernández,julian fernandez,2004-01-30,Argentina,W,NA,21.418206707734427,mls,Vj58weDM8n,W,asa_live,TRUE,NA,mlspa_via_asa,0,NA,1665,724300,full_2025,2025 full season,1665,0,1,TRUE,0.27604864864864864,0.04533513513513514,0.04584864864864865,0.07829189189189188,0.03619459459459459,0.06420540540540541,0.00617297297297297,2026,724300,New York City FC,0.20362313755561975,1,0.25686308279619063,0.27398728832449876,0.04835747747898865,54.80225988700565,0.04890522522675351,84.7457627118644,0.08351135135396107,50.847457627118644,0.03860756756877405,76.8361581920904,0.06848576576790595,87.57062146892656,0.006584504504710267,64.40677966101696,84.7457627118644,724300,61.76470588235294,67.01298701298701,562000,22.98105682951146,FALSE,FALSE,NA,Low,41,59,Insufficient Evidence,Wingers and attacking midfielders,1.1.0,2026-10-03 17:19:27 UTC,NA,NA,NA,Performance data through: 2026-10-03 (updates every day) · MLSPA compensation as of: 2026-04-16,FALSE,2026-10-03 17:19:20 UTC
BLMv7DLA5x,asa_BLMv7DLA5x_mls_full_2025,Darren Yapi,darren yapi,2004-11-19,USA,W,NA,21.61259411362081,mls,pzeQZ6xQKw,W,asa_live,TRUE,NA,mlspa_via_asa,1490,820000,1593,820000,full_2025,2025 full season,1593,0,1,TRUE,0.2468248587570622,0.04901694915254237,-0.06366101694915255,0.19936723163841807,-0.013661016949152541,0.04416949152542374,0.03159322033898305,2026,820000,Colorado Rapids,0.20362313755561975,1,0.23500496239551844,0.2506719598963865,0.05228474576434576,59.887005649717516,-0.06790508474788476,8.474576271186441,0.2126583804209582,92.65536723163842,-0.014571751412884745,24.293785310734464,0.04711412429525764,61.016949152542374,0.03369943502930169,93.22033898305085,75.70621468926554,820000,66.47058823529412,73.83116883116882,562000,9.23562645397142,TRUE,FALSE,71.27659574468085,High,20.75,79.25,Undervalued,Wingers and attacking midfielders,1.1.0,2026-10-03 17:19:27 UTC,28,28,129,Performance data through: 2026-10-03 (updates every day) · MLSPA compensation as of: 2026-04-16,FALSE,2026-10-03 17:19:20 UTC
BLMv7L435x,asa_BLMv7L435x_mls_full_2025,Andrés Reyes,andres reyes,1999-09-08,Colombia,CB,NA,25.812457221081452,mls,zeQZBOzQKw,CB,asa_live,TRUE,NA,mlspa_via_asa,0,NA,43,807000,full_2025,2025 full season,43,0,1,TRUE,-0.4943720930232558,0,0.06299999999999999,2.0930232558139536e-4,0.00586046511627907,0.06948837209302326,-0.6329302325581395,2026,807000,San Diego FC,0.14523645173583166,1,0.10246325200855208,0.10929413547920433,0,7.975460122699387,0.06720000000209998,74.84662576687117,2.2325581396046514e-4,9.202453987730062,0.006251162790893024,68.71165644171779,0.07412093023487443,41.717791411042946,-0.6751255814164465,0.6134969325153374,4.294478527607362,807000,71.42857142857143,73.37662337662337,518000,-67.13409290096406,FALSE,FALSE,NA,Low,41,59,Insufficient Evidence,Center backs,1.1.0,2026-10-03 17:19:27 UTC,NA,NA,NA,Performance data through: 2026-10-03 (updates every day) · MLSPA compensation as of: 2026-04-16,FALSE,2026-10-03 17:19:20 UTC
BLMv7oaB5x,asa_BLMv7oaB5x_mls_full_2025,Djibril Diani,djibril diani,1998-02-11,France,CM,NA,28.383299110198493,mls,NPqxKXZ59d,CM,asa_live,TRUE,NA,mlspa_via_asa,1388,387944,1620,387944,full_2025,2025 full season,1620,0,1,TRUE,0.10592777777777776,0.01235555555555555,0.00582777777777777,0.0175,0.00628888888888888,0.08581111111111112,-0.02185555555555556,2026,387944,Charlotte FC,0.1398991348215602,1,0.11510922562744869,0.1227831740064489,0.013179259259671105,38.547486033519554,0.006216296296490548,30.16759776536313,0.01866666666725,34.63687150837989,0.0067081481483577685,63.12849162011173,0.09153185185471223,79.88826815642459,-0.023312592593321114,6.70391061452514,20.670391061452513,387944,40.57142857142857,40.90909090909091,516250,-19.901037509976057,TRUE,FALSE,26.923076923076923,High,20.75,79.25,Below Expected Value by Current Model,Central and defensive midfielders,1.1.0,2026-10-03 17:19:27 UTC,77,77,325,Performance data through: 2026-10-03 (updates every day) · MLSPA compensation as of: 2026-04-16,FALSE,2026-10-03 17:19:20 UTC
BLMv7ygB5x,asa_BLMv7ygB5x_mls_full_2025,César Araújo,cesar araujo,2001-04-02,Uruguay,CM,NA,24.246406570841888,mls,jYQJ8EW5GR,CM,asa_live,TRUE,NA,mlspa_via_asa,0,NA,2101,548000,full_2025,2025 full season,2101,0,1,TRUE,0.1513165159447882,0.01919514516896716,0.05525083293669682,0.020467396477867678,-7.325083293669681e-4,0.05813802950975726,-0.00100237981913374,2026,548000,Orlando City SC,0.1398991348215602,1,0.1487802594938675,0.15869894346508467,0.020474821514204808,64.80446927374301,0.05893422180098497,82.12290502793296,0.021831889577074437,40.22346368715084,-7.813422180158496e-4,39.66480446927374,0.06201389814567901,45.25139664804469,-0.0010692051404427355,50.279329608938546,65.36312849162012,548000,51.42857142857143,54.41558441558441,516250,13.934557063048686,FALSE,FALSE,NA,Low,41,59,Insufficient Evidence,Central and defensive midfielders,1.1.0,2026-10-03 17:19:27 UTC,NA,NA,NA,Performance data through: 2026-10-03 (updates every day) · MLSPA compensation as of: 2026-04-16,FALSE,2026-10-03 17:19:20 UTC
BLMvkAAR5x,asa_BLMvkAAR5x_mls_full_2025,Danley Jean Jacques,danley jean jacques,2000-05-20,Haiti,CM,NA,26.11362080766598,mls,9z5k7Yg5A3,CM,asa_live,TRUE,NA,mlspa_via_asa,2426,702500,2933,702500,full_2025,2025 full season,2933,0,1,TRUE,0.18172758267984995,0.027466416638254335,0.02803102625298329,0.05494510739856802,0.00898772587794067,0.06506512103648142,-0.00276781452437777,2026,702500,Philadelphia Union,0.1398991348215602,1,0.1746239685516377,0.186265566460901,0.02929751108172017,78.77094972067039,0.029899761337449877,63.12849162011173,0.058608114560304056,82.12290502793296,0.009586907603436305,70.94972067039106,0.06940279577441569,58.659217877094974,-0.0029523354927618816,41.899441340782126,80.44692737430168,702500,66.85714285714286,65.58441558441558,516250,13.589784517158819,TRUE,FALSE,67.3076923076923,High,14,86,Undervalued,Central and defensive midfielders,1.1.0,2026-10-03 17:19:27 UTC,35,35,147,Performance data through: 2026-10-03 (updates every day) · MLSPA compensation as of: 2026-04-16,FALSE,2026-10-03 17:19:20 UTC
BLMvzKKjMx,asa_BLMvzKKjMx_mls_full_2025,Andrew Brody,andrew brody,1995-05-03,USA,FB,NA,30.16290212183436,mls,Z2vQ1xlqrA,FB,asa_live,TRUE,NA,mlspa_via_asa,0,NA,556,300678,full_2025,2025 full season,556,0,1,TRUE,0.08651978417266186,0.00675,-0.00788309352517985,0.01534532374100719,0.02146402877697841,0.05005035971223021,7.931654676258992e-4,2026,300678,Sporting Kansas City,0.1336622996580173,1,0.11098821781557991,0.11838743234031818,0.0072000000002249995,28.846153846153847,-0.008408633093787943,23.71794871794872,0.016368345324252513,35.256410256410255,0.022894964029492437,85.25641025641026,0.05338705036138057,39.743589743589745,8.460431654940647e-4,61.53846153846154,25,300678,41.830065359477125,33.63636363636363,368750,-16.830065359477125,FALSE,FALSE,NA,Low,41,59,Insufficient Evidence,Fullbacks and wingbacks,1.1.0,2026-10-03 17:19:27 UTC,NA,NA,NA,Performance data through: 2026-10-03 (updates every day) · MLSPA compensation as of: 2026-04-16,FALSE,2026-10-03 17:19:20 UTC
BLMvzyGjMx,asa_BLMvzyGjMx_mls_full_2025,Emmanuel Latte Lath,emmanuel latte lath,1999-01-01,Ivory Coast,FW,NA,27.496235455167692,mls,KAqBN0Vqbg,FW,asa_live,TRUE,NA,mlspa_via_asa,1025,3736000,2441,3736000,full_2025,2025 full season,2441,0,1,TRUE,0.18982957804178616,0.05679475624743957,-0.07696640721015977,0.18186562884063903,0.006570258090946331,0.02244653830397378,-8.811962310528473e-4,2026,3736000,Atlanta United FC,0.2320804800898512,1,0.19816582967902358,0.21137688499756402,0.060581073332495364,43.75,-0.08209750102673596,12.5,0.1939900041027438,48.214285714285715,0.007008275297228428,82.14285714285714,0.02394297419165358,33.035714285714285,-9.399426464857437e-4,29.464285714285715,23.214285714285715,3736000,94.5945945945946,96.88311688311688,558750,-71.38030888030889,TRUE,FALSE,3.4482758620689653,High,20.75,79.25,Below Expected Value by Current Model,Strikers,1.1.0,2026-10-03 17:19:27 UTC,57,57,428,Performance data through: 2026-10-03 (updates every day) · MLSPA compensation as of: 2026-04-16,FALSE,2026-10-03 17:19:20 UTC
EGMP1jAA5a,asa_EGMP1jAA5a_mls_full_2025,Frankie Amaya,frankie amaya,2000-09-26,USA,CM,NA,25.760438056125945,mls,APk5LGOMOW,CM,asa_live,TRUE,NA,NA,20,574000,613,574000,full_2025,2025 full season,613,0,1,TRUE,0.11962805872756936,0.02517944535073409,-6.01957585644372e-4,0.04066884176182708,-0.01111419249592169,0.06645024469820555,-9.543230016313214e-4,2026,574000,CF Montréal,0.1398991348215602,1,0.12965497188205782,0.13829863667851683,0.026858075041622343,72.62569832402235,-6.420880913740621e-4,24.022346368715084,0.04338009788063785,70.94972067039106,-0.011855138662686941,20.670391061452513,0.07088026101363426,60.89385474860335,-0.0010179445351052201,51.39664804469274,34.07821229050279,574000,54.285714285714285,56.298701298701296,516250,-20.207501995211494,FALSE,TRUE,NA,Low,41,59,Small-Sample Watchlist,Central and defensive midfielders,1.1.0,2026-10-03 17:19:27 UTC,NA,NA,NA,Performance data through: 2026-10-03 (updates every day) · MLSPA compensation as of: 2026-04-16,FALSE,2026-10-03 17:19:20 UTC
EGMP1vxy5a,asa_EGMP1vxy5a_mls_full_2025,Kristoffer Velde,kristoffer velde,1999-09-09,Norway,W,NA,26.809034907597535,mls,WBLMvYAQxe,W,asa_live,TRUE,NA,mlspa_via_asa,2508,3027000,1124,3027000,full_2025,2025 full season,1124,0,1,TRUE,0.39358185053380784,0.08248932384341637,0.08859074733096087,0.07710854092526691,0.07987099644128115,0.04509608540925267,0.02042615658362989,2026,3027000,Portland Timbers FC,0.20362313755561975,1,0.3274709295437192,0.34930232485754953,0.08798861210239377,92.65536723163842,0.09449679715597795,93.78531073446328,0.08224911032285498,48.58757062146893,0.08519572954002892,92.090395480226,0.04810249110470605,62.14689265536723,0.02178790035655275,87.57062146892656,97.74011299435028,3027000,90,95.1948051948052,562000,7.740112994350284,TRUE,FALSE,67.02127659574468,High,14,86,Undervalued,Wingers and attacking midfielders,1.1.0,2026-10-03 17:19:27 UTC,32,32,149,Performance data through: 2026-10-03 (updates every day) · MLSPA compensation as of: 2026-04-16,FALSE,2026-10-03 17:19:20 UTC
EGMP1wzA5a,asa_EGMP1wzA5a_mls_full_2025,Tate Schmitt,tate schmitt,1997-05-28,USA,FB,NA,28.093086926762492,mls,vzqoOgNqap,FB,asa_live,TRUE,NA,mlspa_via_asa,0,NA,44,104000,full_2025,2025 full season,44,0,1,TRUE,-0.07281818181818182,0.048886363636363644,0.030886363636363625,6.136363636363635e-4,-0.09899999999999999,-0.05727272727272726,0.00306818181818181,2026,104000,Nashville SC,0.1336622996580173,1,0.11955493756958133,0.1275252667448719,0.0521454545470841,93.58974358974359,0.03294545454648408,66.02564102564102,6.54545454565909e-4,2.5641025641025643,-0.10560000000329998,0.6410256410256411,-0.06109090909281817,1.2820512820512822,0.0032727272728295368,76.92307692307692,36.53846153846154,104000,10.457516339869281,10.519480519480519,368750,26.08094519859226,FALSE,FALSE,NA,Low,41,59,Insufficient Evidence,Fullbacks and wingbacks,1.1.0,2026-10-03 17:19:27 UTC,NA,NA,NA,Performance data through: 2026-10-03 (updates every day) · MLSPA compensation as of: 2026-04-16,FALSE,2026-10-03 17:19:20 UTC
EGMPR64xqa,asa_EGMPR64xqa_mls_full_2025,Noah Cobb,noah cobb,2005-07-20,NA,CB,NA,20.947296372347708,mls,pzeQZ6xQKw,CB,asa_live,TRUE,NA,mlspa_via_asa,545,130000.04,914,130000.04,full_2025,2025 full season,914,0,1,TRUE,0.10784245076586434,0.00718818380743982,0.06104048140043764,0.01282056892778993,-0.00150656455142231,0.03471006564551422,-0.00641028446389496,2026,130000.04,Colorado Rapids,0.14523645173583166,1,0.1226617378081235,0.13083918699942046,0.007667396061508747,48.466257668711656,0.06510984682916816,72.39263803680981,0.013675273523403277,39.263803680981596,-0.0016070021882340162,38.03680981595092,0.037024070023038834,12.269938650306749,-0.006837636761701633,37.423312883435585,23.312883435582823,130000.04,20.496894409937887,21.038961038961038,518000,2.815989025644935,TRUE,FALSE,51.578947368421055,Medium,29.75,70.25,Fair Value,Center backs,1.1.0,2026-10-03 17:19:27 UTC,47,47,217,Performance data through: 2026-10-03 (updates every day) · MLSPA compensation as of: 2026-04-16,FALSE,2026-10-03 17:19:20 UTC
EGMPRNwVqa,asa_EGMPRNwVqa_mls_full_2025,Igor Jesus,igor jesus,2003-03-07,Brazil,CM,NA,23.318275154004105,mls,eVq3ya6MWO,CM,asa_live,TRUE,NA,mlspa_via_asa,104,691684,2075,691684,full_2025,2025 full season,2075,0,1,TRUE,0.11032915662650604,0.01741012048192771,0.03677638554216867,0.01928819277108433,-0.00964192771084337,0.04693012048192772,-4.337349397590362e-4,2026,691684,Los Angeles FC,0.1398991348215602,1,0.11696167510016305,0.12475912011073931,0.018570795181303227,58.100558659217874,0.03922814457953913,70.94972067039106,0.020574072289799558,37.98882681564246,-0.010284722891887659,22.3463687150838,0.05005879518228724,25.139664804469273,-4.626506024240964e-4,53.072625698324025,22.905027932960895,691684,64.57142857142857,64.8051948051948,516250,-41.66640063846768,FALSE,TRUE,NA,Low,41,59,Small-Sample Watchlist,Central and defensive midfielders,1.1.0,2026-10-03 17:19:27 UTC,NA,NA,NA,Performance data through: 2026-10-03 (updates every day) · MLSPA compensation as of: 2026-04-16,FALSE,2026-10-03 17:19:20 UTC
EGMPROvAqa,asa_EGMPROvAqa_mls_full_2025,Alisa Randell,alisa randell,2007-08-25,USA,CM,NA,17.8507871321013,mls,kRQand1MKZ,CM,asa_live,TRUE,NA,mlspa_via_asa,0,NA,81,91016,full_2025,2025 full season,81,0,1,TRUE,0.09566666666666666,0,0.00977777777777777,0.05722222222222222,-0.07344444444444445,0.10833333333333334,-0.006222222222222219,2026,91016,Minnesota United FC,0.1398991348215602,1,0.13463800424807065,0.14361387120242997,0,6.145251396648045,0.010429629629955547,38.547486033519554,0.06103703703894445,84.91620111731844,-0.07834074074318889,2.2346368715083798,0.11555555555916668,92.17877094972067,-0.006637037037244441,27.374301675977655,43.57541899441341,91016,3.4285714285714284,5.974025974025974,516250,40.14684756584198,FALSE,FALSE,NA,Low,41,59,Insufficient Evidence,Central and defensive midfielders,1.1.0,2026-10-03 17:19:27 UTC,NA,NA,NA,Performance data through: 2026-10-03 (updates every day) · MLSPA compensation as of: 2026-04-16,FALSE,2026-10-03 17:19:20 UTC
EGMPRgDAqa,asa_EGMPRgDAqa_mls_full_2025,Brayan Ceballos,brayan ceballos,2001-05-24,Colombia,CB,NA,25.10335386721424,mls,19vQ2095K6,CB,asa_live,TRUE,NA,mlspa_via_asa,1116,855625,2868,855625,full_2025,2025 full season,2868,0,1,TRUE,0.14619665271966528,0.00565481171548117,0.041918410041841,0.01742887029288703,-0.0072583682008368205,0.09740899581589955,-0.00895606694560669,2026,855625,New England Revolution,0.14523645173583166,1,0.1460305279819778,0.15576589651897732,0.006031799163368408,36.809815950920246,0.044712970712694346,40.49079754601227,0.01859079497966046,53.987730061349694,-0.0077422594144678876,24.539877300613497,0.10390292887353983,73.00613496932516,-0.009553138075612339,30.061349693251532,49.693251533742334,855625,76.3975155279503,76.23376623376623,518000,-26.70426399420797,TRUE,FALSE,25.263157894736842,High,20.75,79.25,Below Expected Value by Current Model,Center backs,1.1.0,2026-10-03 17:19:27 UTC,72,72,333,Performance data through: 2026-10-03 (updates every day) · MLSPA compensation as of: 2026-04-16,FALSE,2026-10-03 17:19:20 UTC
EGMPRpB0qa,asa_EGMPRpB0qa_mls_full_2025,Luca Langoni,luca langoni,2002-02-09,Argentina,W,NA,24.38877481177276,mls,19vQ2095K6,W,asa_live,TRUE,NA,mlspa_via_asa,1069,787283,1818,787283,full_2025,2025 full season,1818,0,1,TRUE,0.16067821782178218,0.04043564356435644,-0.01584653465346534,0.08064851485148515,0.0063069306930693,0.04542574257425742,0.0037079207920792,2026,787283,New England Revolution,0.20362313755561975,1,0.17133452544804462,0.18275682715029207,0.04313135313666139,48.0225988700565,-0.016902970297557912,34.463276836158194,0.08602508251093911,53.10734463276836,0.0067273927394841514,50.282485875706215,0.048454125414055436,63.84180790960452,0.003955115511674744,57.06214689265537,21.468926553672315,787283,64.70588235294117,71.81818181818181,562000,-43.236955799268856,TRUE,FALSE,13.829787234042554,High,20.75,79.25,Below Expected Value by Current Model,Wingers and attacking midfielders,1.1.0,2026-10-03 17:19:27 UTC,82,82,382,Performance data through: 2026-10-03 (updates every day) · MLSPA compensation as of: 2026-04-16,FALSE,2026-10-03 17:19:20 UTC
EGMPRxGrqa,asa_EGMPRxGrqa_mls_full_2025,Liam Mackenzie,liam mackenzie,2007-03-15,Canada,W,NA,18.29705681040383,mls,lgpMOvnQzy,W,asa_live,TRUE,NA,mlspa_via_asa,0,NA,69,96047,full_2025,2025 full season,69,0,1,TRUE,-0.03769565217391304,0,-0.01956521739130434,0.01226086956521739,-0.06221739130434783,0.03130434782608696,5.217391304347827e-4,2026,96047,Vancouver Whitecaps FC,0.20362313755561975,1,0.17873375565526436,0.1906493393715731,0,6.214689265536723,-0.02086956521804347,31.638418079096045,0.01307826086997391,5.084745762711864,-0.06636521739337826,6.779661016949152,0.03339130434886957,34.463276836158194,5.565217391478261e-4,44.067796610169495,28.24858757062147,96047,10.588235294117647,7.922077922077922,562000,17.660352276503822,FALSE,FALSE,NA,Low,41,59,Insufficient Evidence,Wingers and attacking midfielders,1.1.0,2026-10-03 17:19:27 UTC,NA,NA,NA,Performance data through: 2026-10-03 (updates every day) · MLSPA compensation as of: 2026-04-16,FALSE,2026-10-03 17:19:20 UTC
EGMPRxR4qa,asa_EGMPRxR4qa_mls_full_2025,Willy Kumado,willy kumado,2002-10-16,Ghana,FB,NA,23.707049965776864,mls,zeQZBOzQKw,FB,asa_live,TRUE,NA,mlspa_via_asa,35,125835,874,125835,full_2025,2025 full season,874,0,1,TRUE,0.05945766590389015,0.00387185354691075,-0.03940846681922196,0.01793821510297482,0.02569221967963386,0.07808581235697941,-0.02672196796338672,2026,125835,San Diego FC,0.1336622996580173,1,0.0896630799150681,0.0956406185790614,0.004129977116833862,22.435897435897434,-0.04203569794181704,3.8461538461538463,0.01913409611043775,39.1025641025641,0.027405034325799188,89.74358974358974,0.0832915331833809,75,-0.0285034324951699,5.769230769230769,5.769230769230769,125835,24.836601307189543,20.12987012987013,368750,-19.067370537958773,FALSE,TRUE,NA,Low,41,59,Small-Sample Watchlist,Fullbacks and wingbacks,1.1.0,2026-10-03 17:19:27 UTC,NA,NA,NA,Performance data through: 2026-10-03 (updates every day) · MLSPA compensation as of: 2026-04-16,FALSE,2026-10-03 17:19:20 UTC
EGMPYRXV5a,asa_EGMPYRXV5a_mls_full_2025,Musu,musu,NA,USA,W,NA,26,mls,Vj58weDM8n,W,asa_live,FALSE,NA,NA,0,NA,20,NA,full_2025,2025 full season,20,0,1,TRUE,1.0053,0.1179,0.1026,0.7861499999999999,0.00855,0.006750000000000001,-0.01665,2026,NA,New York City FC,0.20362313755561975,1,0.22948368150543846,0.24478259361345048,0.12576000000393,97.74011299435028,0.10944000000342,96.045197740113,0.8385600000262049,99.43502824858757,0.009120000000285,53.10734463276836,0.007200000000225,11.864406779661017,-0.017760000000555002,3.389830508474576,72.31638418079096,NA,NA,NA,562000,NA,FALSE,FALSE,NA,Insufficient,41,59,Insufficient Evidence,Wingers and attacking midfielders,1.1.0,2026-10-03 17:19:27 UTC,NA,NA,NA,Performance data through: 2026-10-03 (updates every day) · MLSPA compensation as of: 2026-04-16,FALSE,2026-10-03 17:19:20 UTC
EGMPYkGA5a,asa_EGMPYkGA5a_mls_full_2025,Kieran Chandler,kieran chandler,2005-06-09,USA,FB,NA,21.05954825462012,mls,kRQand1MKZ,FB,asa_live,TRUE,NA,mlspa_via_asa,17,88025,68,88025,full_2025,2025 full season,68,0,1,TRUE,0.05545588235294117,0,-0.01733823529411764,9.264705882352939e-4,-0.00423529411764705,0.07610294117647058,0,2026,88025,Minnesota United FC,0.1336622996580173,1,0.12570116735750056,0.13408124518552397,0,6.410256410256411,-0.018494117647636758,12.820512820512821,9.882352941485292e-4,3.8461538461538463,-0.0045176470589646965,28.205128205128204,0.08117647059077206,70.51282051282051,0,53.84615384615385,42.30769230769231,88025,4.57516339869281,3.831168831168831,368750,37.7325289089995,FALSE,TRUE,NA,Low,41,59,Small-Sample Watchlist,Fullbacks and wingbacks,1.1.0,2026-10-03 17:19:27 UTC,NA,NA,NA,Performance data through: 2026-10-03 (updates every day) · MLSPA compensation as of: 2026-04-16,FALSE,2026-10-03 17:19:20 UTC
EGMPZ0m3qa,asa_EGMPZ0m3qa_mls_full_2025,Juan Mosquera,juan mosquera,2002-09-05,Colombia,FB,NA,23.81930184804928,mls,WBLMvYAQxe,FB,asa_live,TRUE,NA,mlspa_via_asa,85,541650,2805,541650,full_2025,2025 full season,2805,0,1,TRUE,0.12462352941176472,0.01672620320855615,0.01595614973262032,0.01495828877005347,0.00908983957219251,0.05951229946524063,0.0083807486631016,2026,541650,Portland Timbers FC,0.1336622996580173,1,0.12621626425691934,0.1346306818782545,0.017841283423017433,66.02564102564102,0.017019893048660216,47.43589743589744,0.015955508021888977,33.97435897435897,0.009695828877308337,68.58974358974359,0.06347978609824041,48.717948717948715,0.008939465240921065,92.94871794871794,44.87179487179487,541650,71.24183006535948,54.02597402597402,368750,-26.37003519356461,FALSE,TRUE,NA,Low,41,59,Small-Sample Watchlist,Fullbacks and wingbacks,1.1.0,2026-10-03 17:19:27 UTC,NA,NA,NA,Performance data through: 2026-10-03 (updates every day) · MLSPA compensation as of: 2026-04-16,FALSE,2026-10-03 17:19:20 UTC
EGMPZZa3qa,asa_EGMPZZa3qa_mls_full_2025,Peter Kingston,peter kingston,2001-07-14,USA,CM,NA,24.9637234770705,mls,jYQJ19EqGR,CM,asa_live,TRUE,NA,mlspa_via_asa,1086,113400,16,113400,full_2025,2025 full season,16,0,1,TRUE,-0.0354375,0,0.02475,0.045,-0.0388125,-0.066375,0,2026,113400,Seattle Sounders FC,0.1398991348215602,1,0.13534493651450666,0.14436793228665193,0,6.145251396648045,0.026400000000825,56.98324022346369,0.048000000001499996,74.86033519553072,-0.04140000000129375,5.58659217877095,-0.07080000000221251,1.675977653631285,0,61.1731843575419,44.134078212290504,113400,12.857142857142858,13.896103896103897,516250,31.276935355147646,TRUE,FALSE,84.61538461538461,High,20.75,79.25,Fair Value,Central and defensive midfielders,1.1.0,2026-10-03 17:19:27 UTC,17,17,70,Performance data through: 2026-10-03 (updates every day) · MLSPA compensation as of: 2026-04-16,FALSE,2026-10-03 17:19:20 UTC
EGMPZlYrqa,asa_EGMPZlYrqa_mls_full_2025,Jansen Miller,jansen miller,2002-02-10,USA,CB,NA,24.386036960985628,mls,Z2vQ1xlqrA,CB,asa_live,TRUE,NA,mlspa_via_asa,897,89705,2614,89705,full_2025,2025 full season,2614,0,1,TRUE,0.18811170619739864,0.0120504973221117,0.04639097169089518,0.04016258607498087,-0.00118783473603672,0.10079380260137721,-0.01009831675592961,2026,89705,Sporting Kansas City,0.14523645173583166,1,0.180107613889701,0.19211478815501798,0.012853863810654164,73.00613496932516,0.04948370313850122,49.079754601226995,0.042840091814651676,86.50306748466258,-0.0012670237184787625,39.877300613496935,0.10751338944482881,77.91411042944786,-0.010771537873328194,26.993865030674847,85.88957055214723,89705,5.590062111801243,5.324675324675325,518000,80.29950844034599,TRUE,FALSE,100,Medium,29.75,70.25,Elite Value,Center backs,1.1.0,2026-10-03 17:19:27 UTC,1,1,2,Performance data through: 2026-10-03 (updates every day) · MLSPA compensation as of: 2026-04-16,FALSE,2026-10-03 17:19:20 UTC
EGMPlOjkMa,asa_EGMPlOjkMa_mls_full_2025,Felipe Mora,felipe mora,1993-08-02,Chile,FW,NA,32.91170431211499,mls,WBLMvYAQxe,FW,asa_live,TRUE,NA,mlspa_via_asa,544,1397750,2077,1397750,full_2025,2025 full season,2077,0,1,TRUE,0.1794886856042369,0.05916080885893115,-0.0823909484833895,0.22535965334617236,-0.05938180067404911,0.02345979778526721,0.01328117477130476,2026,1397750,Portland Timbers FC,0.2320804800898512,1,0.19127616288902158,0.2040279070879989,0.06310486278483192,46.42857142857143,-0.0878836783850285,8.928571428571429,0.24038363024342918,66.07142857142857,-0.06334058738763178,30.357142857142858,0.025023784305067017,36.607142857142854,0.014166586423167782,71.42857142857143,18.75,1397750,71.17117117117117,88.05194805194805,558750,-52.42117117117117,TRUE,FALSE,15.517241379310345,Medium,29.75,70.25,Below Expected Value by Current Model,Strikers,1.1.0,2026-10-03 17:19:27 UTC,50,50,376,Performance data through: 2026-10-03 (updates every day) · MLSPA compensation as of: 2026-04-16,FALSE,2026-10-03 17:19:20 UTC
EGMPn03kqa,asa_EGMPn03kqa_mls_full_2025,Isaiah Parente,isaiah parente,2000-03-16,USA,CM,NA,26.29158110882957,mls,kaDQ0wRqEv,CM,asa_live,TRUE,NA,mlspa_via_asa,343,113400,1236,113400,full_2025,2025 full season,1236,0,1,TRUE,0.11425485436893204,0.01253883495145631,0.02548543689320388,0.02680339805825242,0.007310679611650479,0.04379854368932039,-0.00168203883495145,2026,113400,LA Galaxy,0.1398991348215602,1,0.12263533817698045,0.13081102739286699,0.013374757281971359,39.10614525139665,0.027184466020266987,58.659217877094974,0.02859029126302936,53.072625698324025,0.007798058252670867,68.71508379888269,0.0467184466034017,21.787709497206706,-0.0017941747573376147,46.36871508379888,27.374301675977655,113400,12.857142857142858,13.896103896103897,516250,14.517158818834798,FALSE,TRUE,NA,Low,41,59,Small-Sample Watchlist,Central and defensive midfielders,1.1.0,2026-10-03 17:19:27 UTC,NA,NA,NA,Performance data through: 2026-10-03 (updates every day) · MLSPA compensation as of: 2026-04-16,FALSE,2026-10-03 17:19:20 UTC
EGMPnReVqa,asa_EGMPnReVqa_mls_full_2025,Anderson Julio,anderson julio,1996-05-31,Ecuador,FW,NA,30.083504449007528,mls,mKAqBBmqbg,FW,asa_live,TRUE,NA,mlspa_via_asa,106,820000,1857,820000,full_2025,2025 full season,1857,0,1,TRUE,0.17025848142164782,0.03674636510500807,-0.01128756058158319,0.12346042003231018,0.007507269789983841,0.02107754442649434,-0.00724555735056542,2026,820000,FC Dallas,0.2320804800898512,1,0.18535542859337026,0.19771245717244013,0.03919612277990015,19.642857142857142,-0.012040064620731655,70.53571428571429,0.13169111470524622,19.642857142857142,0.008007754442899672,83.03571428571429,0.02248271405562988,23.214285714285715,-0.0077285945075113,9.821428571428571,17.857142857142858,820000,63.06306306306306,73.83116883116882,558750,-45.20592020592021,FALSE,TRUE,NA,Low,41,59,Small-Sample Watchlist,Strikers,1.1.0,2026-10-03 17:19:27 UTC,NA,NA,NA,Performance data through: 2026-10-03 (updates every day) · MLSPA compensation as of: 2026-04-16,FALSE,2026-10-03 17:19:20 UTC
EGMPnxNAqa,asa_EGMPnxNAqa_mls_full_2025,Nykolas Sessock,nykolas sessock,2000-06-17,USA,FB,NA,25.037645448323065,mls,KAqBN0Vqbg,FB,asa_live,TRUE,NA,mlspa_via_asa,0,NA,9,104000,full_2025,2025 full season,9,0,1,TRUE,-0.166,0,-0.15,0.002,-0.018,0,0,2026,104000,Atlanta United FC,0.1336622996580173,1,0.1292337927665195,0.13784937895526192,0,6.410256410256411,-0.160000000005,0.6410256410256411,0.0021333333334,5.128205128205129,-0.019200000000599998,9.615384615384615,0,7.6923076923076925,0,53.84615384615385,47.43589743589744,104000,10.457516339869281,10.519480519480519,368750,36.97838109602816,FALSE,FALSE,NA,Low,41,59,Insufficient Evidence,Fullbacks and wingbacks,1.1.0,2026-10-03 17:19:27 UTC,NA,NA,NA,Performance data through: 2026-10-03 (updates every day) · MLSPA compensation as of: 2026-04-16,FALSE,2026-10-03 17:19:20 UTC
EGMPrOV0qa,asa_EGMPrOV0qa_mls_full_2025,Seth Antwi,seth antwi,NA,Ghana,CM,NA,26,mls,wvq9B9wQWn,CM,asa_live,TRUE,NA,mlspa_via_asa,0,NA,22,104000,full_2025,2025 full season,22,0,1,TRUE,0.3346363636363636,0,0.00859090909090909,-0.0045,0,0.33054545454545453,0,2026,104000,St. Louis City SC,0.1398991348215602,1,0.1467869467732092,0.15657274322964937,0,6.145251396648045,0.009163636363922726,36.87150837988827,-0.004800000000149999,2.2346368715083798,0,43.01675977653631,0.35258181819283635,100,0,61.1731843575419,60.33519553072626,104000,9.428571428571429,10.519480519480519,516250,50.90662410215483,FALSE,FALSE,NA,Low,41,59,Insufficient Evidence,Central and defensive midfielders,1.1.0,2026-10-03 17:19:27 UTC,NA,NA,NA,Performance data through: 2026-10-03 (updates every day) · MLSPA compensation as of: 2026-04-16,FALSE,2026-10-03 17:19:20 UTC
KAqB92k75b,asa_KAqB92k75b_mls_full_2025,Franco Escobar,franco escobar,1995-02-21,Argentina,FB,NA,30.357289527720734,mls,YgOMngl5wN,FB,asa_live,TRUE,NA,mlspa_via_asa,0,NA,1803,599167,full_2025,2025 full season,1803,0,1,TRUE,0.1514625623960067,0.01525956738768719,0.05721963394342762,0.03359900166389351,9.78369384359401e-4,0.05098502495840267,-0.00657903494176372,2026,599167,Houston Dynamo FC,0.1336622996580173,1,0.147018052349068,0.15681925584390646,0.01627687188070832,60.8974358974359,0.06103427620823011,89.1025641025641,0.035838935109273044,66.66666666666667,0.0010435940100159734,48.717948717948715,0.05438402662399568,41.666666666666664,-0.007017637271433935,20.512820512820515,68.58974358974359,599167,76.47058823529412,58.18181818181818,368750,-7.880844645550525,FALSE,FALSE,NA,Low,41,59,Insufficient Evidence,Fullbacks and wingbacks,1.1.0,2026-10-03 17:19:27 UTC,NA,NA,NA,Performance data through: 2026-10-03 (updates every day) · MLSPA compensation as of: 2026-04-16,FALSE,2026-10-03 17:19:20 UTC
KAqB96V75b,asa_KAqB96V75b_mls_full_2025,Luis Abram,luis abram,1996-02-27,Peru,CB,NA,29.34154688569473,mls,KAqBN0Vqbg,CB,asa_live,TRUE,NA,mlspa_via_asa,0,NA,1690,871888,full_2025,2025 full season,1690,0,1,TRUE,0.10273313609467456,0.00265207100591715,0.06097100591715976,0.00201834319526627,0.01437869822485207,0.03786923076923076,-0.015156213017751472,2026,871888,Atlanta United FC,0.14523645173583166,1,0.11386937600065458,0.1214606677378272,0.002828875739733362,23.926380368098158,0.06503573964700278,71.77914110429448,0.002152899408351299,14.723926380368098,0.015337278106988164,90.1840490797546,0.04039384615510845,14.723926380368098,-0.01616662721944011,19.631901840490798,17.177914110429448,871888,77.63975155279503,76.88311688311688,518000,-60.461837442365585,FALSE,FALSE,NA,Low,41,59,Insufficient Evidence,Center backs,1.1.0,2026-10-03 17:19:27 UTC,NA,NA,NA,Performance data through: 2026-10-03 (updates every day) · MLSPA compensation as of: 2026-04-16,FALSE,2026-10-03 17:19:20 UTC
KAqB9DZX5b,asa_KAqB9DZX5b_mls_full_2025,Richie Laryea,richie laryea,1995-01-07,Canada,FB,NA,31.479808350444905,mls,kRQabn8MKZ,FB,asa_live,TRUE,NA,mlspa_via_asa,2166,1214438,1426,1214438,full_2025,2025 full season,1426,0,1,TRUE,0.16704908835904628,0.01258485273492286,0.0024109396914446,0.023724403927068722,0.0354382889200561,0.07839340813464235,0.01449719495091163,2026,1214438,Toronto FC,0.1336622996580173,1,0.15716158923732002,0.16763902852504672,0.013423842917670546,55.76923076923077,0.002571669004287938,29.487179487179485,0.025306030856330784,53.84615384615385,0.037800841515907783,93.58974358974359,0.08361963534623162,75.64102564102564,0.015463674614788979,95.51282051282051,78.84615384615384,1214438,98.69281045751634,85.58441558441558,368750,-19.846656611362505,TRUE,FALSE,25.555555555555557,High,14,86,Below Expected Value by Current Model,Fullbacks and wingbacks,1.1.0,2026-10-03 17:19:27 UTC,68,68,331,Performance data through: 2026-10-03 (updates every day) · MLSPA compensation as of: 2026-04-16,FALSE,2026-10-03 17:19:20 UTC
KAqB9K1v5b,asa_KAqB9K1v5b_mls_full_2025,Bartosz Slisz,bartosz slisz,1999-03-29,Poland,CM,NA,26.258726899383984,mls,KAqBN0Vqbg,CM,asa_live,TRUE,NA,mlspa_via_asa,0,NA,2586,870000,full_2025,2025 full season,2586,0,1,TRUE,0.18982830626450117,0.02105916473317865,0.0596276102088167,0.024790023201856144,0.02073897911832946,0.07063921113689095,-0.00702668213457076,2026,870000,Atlanta United FC,0.1398991348215602,1,0.1804254491189379,0.19245381239954795,0.022463109049425868,66.4804469273743,0.0636027842247254,84.91620111731844,0.026442691416139554,49.16201117318436,0.022121577726909387,88.8268156424581,0.07534849188170499,67.0391061452514,-0.007495127610443034,24.022346368715084,85.47486033519553,870000,80.57142857142857,76.68831168831169,516250,4.90343176376696,FALSE,FALSE,NA,Low,41,59,Insufficient Evidence,Central and defensive midfielders,1.1.0,2026-10-03 17:19:27 UTC,NA,NA,NA,Performance data through: 2026-10-03 (updates every day) · MLSPA compensation as of: 2026-04-16,FALSE,2026-10-03 17:19:20 UTC
KAqB9KxB5b,asa_KAqB9KxB5b_mls_full_2025,Brian Anunga,brian anunga,1996-08-10,Cameroon,CM,NA,29.88911704312115,mls,NWMWlBK5lz,CM,asa_live,TRUE,NA,mlspa_via_asa,683,262500,1926,262500,full_2025,2025 full season,1926,0,1,TRUE,0.11423831775700936,0.00946728971962617,-0.01494859813084112,0.02399065420560747,0.01466355140186916,0.08399532710280375,-0.00292990654205607,2026,262500,FC Cincinnati,0.1398991348215602,1,0.1203335237105844,0.12835575862863446,0.010098442367916825,31.843575418994412,-0.015945171340062146,12.29050279329609,0.025590031153447653,48.04469273743017,0.01564112149581589,81.56424581005587,0.08959501557912383,78.77094972067039,-0.003125233644957472,41.340782122905026,24.022346368715084,262500,32,31.2987012987013,516250,-7.977653631284916,TRUE,FALSE,36.53846153846154,Medium,29.75,70.25,Fair Value,Central and defensive midfielders,1.1.0,2026-10-03 17:19:27 UTC,67,67,283,Performance data through: 2026-10-03 (updates every day) · MLSPA compensation as of: 2026-04-16,FALSE,2026-10-03 17:19:20 UTC
KAqB9bKv5b,asa_KAqB9bKv5b_mls_full_2025,Joel Waterman,joel waterman,1996-01-24,Canada,CB,NA,30.43394934976044,mls,WBLMvYAQxe,CB,asa_live,TRUE,NA,mlspa_via_asa,1483,598150,2512,598150,full_2025,2025 full season,2512,0,1,TRUE,0.17927269108280255,0.00151910828025477,0.05971815286624204,0.00578622611464968,0.00808638535031847,0.10741958598726116,-0.00325676751592356,2026,598150,Portland Timbers FC,0.14523645173583166,1,0.17271043413929918,0.18422446308767615,0.0016203821656557249,20.245398773006134,0.06369936305931545,69.32515337423312,0.0061719745224858655,22.085889570552148,0.008625477707275914,78.52760736196319,0.11458089172332589,82.82208588957056,-0.0034738853504270232,45.39877300613497,78.52760736196319,598150,55.900621118012424,58.05194805194805,518000,22.626986243950768,TRUE,FALSE,73.6842105263158,High,20.75,79.25,Undervalued,Center backs,1.1.0,2026-10-03 17:19:27 UTC,26,26,119,Performance data through: 2026-10-03 (updates every day) · MLSPA compensation as of: 2026-04-16,FALSE,2026-10-03 17:19:20 UTC
KAqBNEpWqb,asa_KAqBNEpWqb_mls_full_2025,Leonardo Campana,leonardo campana,2000-07-24,Ecuador,FW,NA,25.93566050650239,mls,19vQ2095K6,FW,asa_live,TRUE,NA,mlspa_via_asa,122,1617325,1841,1617325,full_2025,2025 full season,1841,0,1,TRUE,0.24291689299293864,0.07314394350896251,-0.02896523628462792,0.2278500814774579,-0.06432482346550789,0.03985714285714285,-0.00464421510048886,2026,1617325,New England Revolution,0.2320804800898512,1,0.2402532929348262,0.2562701791384897,0.07802020641199814,70.53571428571429,-0.030896252037901955,61.607142857142854,0.24304008691688342,67.85714285714286,-0.06861314503201923,26.785714285714285,0.042514285715614275,72.32142857142857,-0.0049538294406762575,15.178571428571429,57.142857142857146,1617325,74.77477477477477,90,558750,-17.631917631917624,FALSE,TRUE,NA,Low,41,59,Small-Sample Watchlist,Strikers,1.1.0,2026-10-03 17:19:27 UTC,NA,NA,NA,Performance data through: 2026-10-03 (updates every day) · MLSPA compensation as of: 2026-04-16,FALSE,2026-10-03 17:19:20 UTC
KAqBNL8mqb,asa_KAqBNL8mqb_mls_full_2025,Nathan Harriel,nathan harriel,2001-04-23,USA,CB,NA,25.188227241615333,mls,9z5k7Yg5A3,CB,asa_live,TRUE,NA,mlspa_via_asa,2756,421300,2649,421300,full_2025,2025 full season,2649,0,1,TRUE,0.16257078142695358,0.01051868629671574,0.03186862967157418,0.03241562853907134,-0.012404303510758769,0.0971449603624009,0.00302718006795016,2026,421300,Philadelphia Union,0.14523645173583166,1,0.1593696125089255,0.1699942533481662,0.011219932050180745,62.576687116564415,0.033993204984074744,21.47239263803681,0.03457667044275661,79.14110429447852,-0.013231257078556163,15.337423312883436,0.1036212910564658,71.77914110429448,0.0032289920725810765,93.86503067484662,64.41717791411043,421300,39.75155279503105,43.246753246753244,518000,24.665625119079372,TRUE,FALSE,75.78947368421052,High,14,86,Strong Value,Center backs,1.1.0,2026-10-03 17:19:27 UTC,24,24,110,Performance data through: 2026-10-03 (updates every day) · MLSPA compensation as of: 2026-04-16,FALSE,2026-10-03 17:19:20 UTC
KAqBNbaWqb,asa_KAqBNbaWqb_mls_full_2025,Efrain Morales,efrain morales,2004-03-04,USA,CB,NA,22.324435318275153,mls,APk5LGOMOW,CB,asa_live,TRUE,NA,mlspa_via_asa,1448,451250,999,451250,full_2025,2025 full season,999,0,1,TRUE,0.15411711711711712,0.00964864864864864,0.08518018018018018,0.05006306306306306,0.00126126126126126,0.00934234234234234,-0.00137837837837837,2026,451250,CF Montréal,0.14523645173583166,1,0.15078478489149405,0.1608371038892865,0.010291891892213504,57.668711656441715,0.0908588588616982,93.86503067484662,0.053400600602269366,91.41104294478528,0.0013453453453873862,51.533742331288344,0.009965165165476575,6.134969325153374,-0.0014702702703162074,60.122699386503065,56.441717791411044,451250,44.099378881987576,47.27272727272727,518000,12.342338909423468,TRUE,FALSE,63.1578947368421,High,20.75,79.25,Undervalued,Center backs,1.1.0,2026-10-03 17:19:27 UTC,36,36,166,Performance data through: 2026-10-03 (updates every day) · MLSPA compensation as of: 2026-04-16,FALSE,2026-10-03 17:19:20 UTC
KAqBNdyZqb,asa_KAqBNdyZqb_mls_full_2025,Kelvin Yeboah,kelvin yeboah,2000-05-06,Italy,FW,NA,26.151950718685832,mls,kRQand1MKZ,FW,asa_live,TRUE,NA,mlspa_via_asa,2114,1562700,2491,1562700,full_2025,2025 full season,2491,0,1,TRUE,0.24986109995985548,0.07072460859092734,-0.03316740264953834,0.1857844239261341,-0.00638057005218787,0.03138980329185066,0.00151023685266961,2026,1562700,Minnesota United FC,0.2320804800898512,1,0.246409669380107,0.2628369806803278,0.07543958249934665,66.96428571428571,-0.03537856282727981,58.035714285714285,0.19817005219406916,49.107142857142854,-0.00680594138921308,68.75,0.033482456845687035,59.82142857142857,0.0016109193095645918,43.75,60.714285714285715,1562700,73.87387387387388,89.48051948051948,558750,-13.15958815958816,TRUE,FALSE,41.37931034482759,High,14,86,Fair Value,Strikers,1.1.0,2026-10-03 17:19:27 UTC,35,35,261,Performance data through: 2026-10-03 (updates every day) · MLSPA compensation as of: 2026-04-16,FALSE,2026-10-03 17:19:20 UTC
KAqBNnYXqb,asa_KAqBNnYXqb_mls_full_2025,Malte Amundsen,malte amundsen,1998-02-11,Denmark,FB,NA,28.383299110198493,mls,mvzqoLZQap,FB,asa_live,TRUE,NA,mlspa_via_asa,2062,747500,2271,747500,full_2025,2025 full season,2271,0,1,TRUE,0.18383619550858651,0.0117899603698811,0.05855350066050198,0.0096895640686922,0.01238044914134742,0.09626948480845442,-0.00484676354029062,2026,747500,Columbus Crew,0.1336622996580173,1,0.17335053284389076,0.18490723503926182,0.012575957728266172,53.205128205128204,0.062457067373153895,90.38461538461539,0.010335535006928,17.94871794871795,0.013205812417849929,75,0.10268745046556035,87.17948717948718,-0.005169881109804887,26.28205128205128,85.25641025641026,747500,85.62091503267973,69.0909090909091,368750,-0.3645047762694702,TRUE,FALSE,53.333333333333336,High,14,86,Fair Value,Fullbacks and wingbacks,1.1.0,2026-10-03 17:19:27 UTC,43,43,209,Performance data through: 2026-10-03 (updates every day) · MLSPA compensation as of: 2026-04-16,FALSE,2026-10-03 17:19:20 UTC
KAqBNnrVqb,asa_KAqBNnrVqb_mls_full_2025,Jesús Bueno,jesus bueno,1999-04-15,Venezuela,CM,NA,27.21149897330595,mls,9z5k7Yg5A3,CM,asa_live,TRUE,NA,mlspa_via_asa,1012,359125,1067,359125,full_2025,2025 full season,1067,0,1,TRUE,0.09057357075913776,0.02735426429240862,-0.00705998125585754,0.03181630740393627,9.78444236176195e-4,0.0791780693533271,-0.04169353327085286,2026,359125,Philadelphia Union,0.1398991348215602,1,0.10832722309114343,0.11554903796749723,0.029177881912814337,78.2122905027933,-0.007530646673150042,19.553072625698324,0.03393739456525923,60.89385474860335,0.0010436738519538893,46.36871508379888,0.08445660731285483,74.86033519553072,-0.04447310215696617,2.2346368715083798,15.083798882681565,359125,38.857142857142854,38.83116883116883,516250,-23.77334397446129,TRUE,FALSE,23.076923076923077,High,20.75,79.25,Below Expected Value by Current Model,Central and defensive midfielders,1.1.0,2026-10-03 17:19:27 UTC,81,81,343,Performance data through: 2026-10-03 (updates every day) · MLSPA compensation as of: 2026-04-16,FALSE,2026-10-03 17:19:20 UTC
KAqBNr8Jqb,asa_KAqBNr8Jqb_mls_full_2025,Kosi Thompson,kosi thompson,2003-01-27,Canada,FB,NA,23.42505133470226,mls,pzeQZ6xQKw,FB,asa_live,TRUE,NA,mlspa_via_asa,1089,145260,2380,145260,full_2025,2025 full season,2380,0,1,TRUE,0.10723613445378152,0.00429957983193277,0.02218991596638655,0.01206680672268907,3.857142857142857e-4,0.0901626050420168,-0.02186848739495798,2026,145260,Colorado Rapids,0.1336622996580173,1,0.11255683885731893,0.12006062811822542,0.004586218487538273,24.358974358974358,0.023669243698218653,53.84615384615385,0.012871260504603901,24.358974358974358,4.114285714414286e-4,46.15384615384615,0.09617344538115667,82.6923076923077,-0.023326386555350794,6.410256410256411,26.923076923076923,145260,28.758169934640524,23.116883116883116,368750,-1.8350930115636004,TRUE,FALSE,48.888888888888886,High,20.75,79.25,Fair Value,Fullbacks and wingbacks,1.1.0,2026-10-03 17:19:27 UTC,47,47,229,Performance data through: 2026-10-03 (updates every day) · MLSPA compensation as of: 2026-04-16,FALSE,2026-10-03 17:19:20 UTC
KAqBNrRXqb,asa_KAqBNrRXqb_mls_full_2025,Noah Eile,noah eile,2002-07-19,Sweden,CB,NA,22.951403148528406,mls,a2lqRX2Mr0,CB,asa_live,TRUE,NA,mlspa_via_asa,0,NA,2944,493200,full_2025,2025 full season,2944,0,1,TRUE,0.2563868885869565,0.0121273777173913,0.06424422554347826,0.01743138586956522,0.03137771739130435,0.1336304347826087,-0.0024242527173913,2026,493200,New York Red Bulls,0.14523645173583166,1,0.237569094537669,0.25340703418143257,0.012935869565621634,73.61963190184049,0.06852717391518495,76.07361963190183,0.018593478261450615,54.60122699386503,0.033469565218437226,99.38650306748467,0.14253913043923694,88.95705521472392,-0.002585869565298195,52.147239263803684,98.77300613496932,493200,47.82608695652174,49.87012987012987,518000,50.94691917844758,FALSE,FALSE,NA,Low,41,59,Insufficient Evidence,Center backs,1.1.0,2026-10-03 17:19:27 UTC,NA,NA,NA,Performance data through: 2026-10-03 (updates every day) · MLSPA compensation as of: 2026-04-16,FALSE,2026-10-03 17:19:20 UTC
KAqBjOz4qb,asa_KAqBjOz4qb_mls_full_2025,Brad Smith,brad smith,1994-04-09,Australia,FB,NA,31.227926078028748,mls,NWMWlBK5lz,FB,asa_live,TRUE,NA,mlspa_via_asa,0,NA,416,114000,full_2025,2025 full season,416,0,1,TRUE,0.0417764423076923,0.01040624999999999,-0.012959134615384612,0.05030048076923077,-0.04742307692307693,0.04406971153846154,-0.00261778846153846,2026,114000,FC Cincinnati,0.1336622996580173,1,0.09603974389252991,0.10244239348856655,0.011100000000346864,45.51282051282051,-0.013823076923508891,16.666666666666668,0.053653846155522836,79.48717948717949,-0.05058461538619616,1.9230769230769231,0.0470076923091613,34.61538461538461,-0.0027923076923949504,35.256410256410255,9.615384615384615,114000,16.99346405228758,15.584415584415584,368750,-7.378079436902967,FALSE,FALSE,NA,Low,41,59,Insufficient Evidence,Fullbacks and wingbacks,1.1.0,2026-10-03 17:19:27 UTC,NA,NA,NA,Performance data through: 2026-10-03 (updates every day) · MLSPA compensation as of: 2026-04-16,FALSE,2026-10-03 17:19:20 UTC
KAqBjWZBqb,asa_KAqBjWZBqb_mls_full_2025,Jonathan Osorio,jonathan osorio,1992-06-12,Canada,CM,NA,34.050650239561946,mls,kRQabn8MKZ,CM,asa_live,TRUE,NA,mlspa_via_asa,1878,1083333,2150,1083333,full_2025,2025 full season,2150,0,1,TRUE,0.15784325581395348,0.02126930232558139,0.0072753488372093,0.05209953488372092,-0.01428697674418604,0.0905106976744186,9.753488372093025e-4,2026,1083333,Toronto FC,0.1398991348215602,1,0.15392817487015859,0.16419005319996677,0.02268725581466246,67.0391061452514,0.0077603720932657655,32.960893854748605,0.055572837211038964,79.32960893854748,-0.015239441860941342,16.201117318435752,0.09654474418906353,82.68156424581005,0.0010403720930557676,71.50837988826815,70.39106145251397,1083333,88,83.37662337662337,516250,-17.608938547486034,TRUE,FALSE,31.73076923076923,High,14,86,Below Expected Value by Current Model,Central and defensive midfielders,1.1.0,2026-10-03 17:19:27 UTC,72,72,304,Performance data through: 2026-10-03 (updates every day) · MLSPA compensation as of: 2026-04-16,FALSE,2026-10-03 17:19:20 UTC
KAqBjYjvqb,asa_KAqBjYjvqb_mls_full_2025,Derrick Williams,derrick williams,1993-01-17,Republic of Ireland,CB,NA,32.4517453798768,mls,KAqBN0Vqbg,CB,asa_live,TRUE,NA,mlspa_via_asa,0,NA,1485,497500,full_2025,2025 full season,1485,0,1,TRUE,0.14904848484848485,0.01798181818181818,0.06699393939393938,0.02977575757575757,3.1515151515151515e-4,0.03474545454545454,-7.636363636363636e-4,2026,497500,Atlanta United FC,0.14523645173583166,1,0.1479514969023976,0.1578149300341558,0.01918060606120545,86.50306748466258,0.07146020202243514,78.52760736196319,0.0317608080818006,76.68711656441718,3.361616161721212e-4,46.625766871165645,0.03706181818297635,12.883435582822086,-8.14545454570909e-4,66.87116564417178,52.760736196319016,497500,49.06832298136646,50.51948051948052,518000,3.692413214952559,FALSE,FALSE,NA,Low,41,59,Insufficient Evidence,Center backs,1.1.0,2026-10-03 17:19:27 UTC,NA,NA,NA,Performance data through: 2026-10-03 (updates every day) · MLSPA compensation as of: 2026-04-16,FALSE,2026-10-03 17:19:20 UTC
KAqBjgDAqb,asa_KAqBjgDAqb_mls_full_2025,Ramiro,ramiro,1993-05-22,Brazil,CM,NA,33.1088295687885,mls,mKAqBBmqbg,CM,asa_live,TRUE,NA,mlspa_via_asa,1791,575000,2761,575000,full_2025,2025 full season,2761,0,1,TRUE,0.13106555595798622,0.0030086925027164,0.06133755885548713,0.00790800434625135,0.00291416153567548,0.07050054328141978,-0.014603404563563922,2026,575000,FC Dallas,0.1398991348215602,1,0.13264251142306935,0.14148534552236205,0.003209272002997783,16.201117318435752,0.06542672944789753,86.59217877094972,0.00843520463626504,12.29050279329609,0.0031084389714843173,52.513966480446925,0.07520057950253112,66.4804469273743,-0.015576964868288296,10.614525139664805,39.10614525139665,575000,54.857142857142854,56.688311688311686,516250,-15.750997605746207,TRUE,FALSE,33.65384615384615,High,14,86,Below Expected Value by Current Model,Central and defensive midfielders,1.1.0,2026-10-03 17:19:27 UTC,70,70,296,Performance data through: 2026-10-03 (updates every day) · MLSPA compensation as of: 2026-04-16,FALSE,2026-10-03 17:19:20 UTC
KAqBjoBvqb,asa_KAqBjoBvqb_mls_full_2025,Ryan Kent,ryan kent,1996-11-11,England,W,NA,28.635181382614647,mls,jYQJ19EqGR,W,asa_live,TRUE,NA,mlspa_via_asa,0,NA,675,959500,full_2025,2025 full season,675,0,1,TRUE,0.19012000000000004,0.01230666666666666,0.00199999999999999,0.04886666666666666,0.053160000000000006,0.07438666666666667,-6e-4,2026,959500,Seattle Sounders FC,0.20362313755561975,1,0.19647441767323284,0.20957271219133083,0.013127111111521325,14.689265536723164,0.0021333333333999893,55.932203389830505,0.05212444444607333,22.598870056497177,0.056704000001772004,87.00564971751412,0.07934577778025734,95.48022598870057,-6.400000000199999e-4,29.37853107344633,48.0225988700565,959500,68.82352941176471,80.64935064935065,562000,-20.80093054170821,FALSE,FALSE,NA,Low,41,59,Insufficient Evidence,Wingers and attacking midfielders,1.1.0,2026-10-03 17:19:27 UTC,NA,NA,NA,Performance data through: 2026-10-03 (updates every day) · MLSPA compensation as of: 2026-04-16,FALSE,2026-10-03 17:19:20 UTC
KAqBkYpWQb,asa_KAqBkYpWQb_mls_full_2025,Kristian Fletcher,kristian fletcher,2005-08-06,USA,CM,NA,20.90075290896646,mls,NWMWlBK5lz,CM,asa_live,TRUE,NA,mlspa_via_asa,44,126733,102,126733,full_2025,2025 full season,102,0,1,TRUE,0.04358823529411764,0.04994117647058823,-0.012529411764705877,0.05717647058823529,-0.04791176470588235,-4.4117647058823526e-4,-0.00264705882352941,2026,126733,FC Cincinnati,0.1398991348215602,1,0.12590524343723092,0.13429892633724316,0.05327058823695882,92.73743016759776,-0.013364705882770583,15.083798882681565,0.06098823529602352,84.35754189944134,-0.05110588235453823,4.4692737430167595,-4.705882353088235e-4,2.793296089385475,-0.0028235294118529393,43.57541899441341,30.726256983240223,126733,18.285714285714285,20.51948051948052,516250,12.440542697525938,FALSE,TRUE,NA,Low,41,59,Small-Sample Watchlist,Central and defensive midfielders,1.1.0,2026-10-03 17:19:27 UTC,NA,NA,NA,Performance data through: 2026-10-03 (updates every day) · MLSPA compensation as of: 2026-04-16,FALSE,2026-10-03 17:19:20 UTC
KAqBka7BQb,asa_KAqBka7BQb_mls_full_2025,Michael Wentzel,michael wentzel,2002-04-10,Germany,CB,NA,23.225188227241617,mls,wvq9B9wQWn,CB,asa_live,TRUE,NA,mlspa_via_asa,0,NA,123,80622,full_2025,2025 full season,123,0,1,TRUE,0.5141707317073171,0.02239024390243902,0.05773170731707317,0.10009756097560976,0.00263414634146341,0.33095121951219514,3.6585365853658537e-4,2026,80622,St. Louis City SC,0.14523645173583166,1,0.20800120476002626,0.22186795175096138,0.02388292683001463,94.47852760736197,0.06158048780680244,67.48466257668711,0.10677073171065367,98.15950920245399,0.0028097560976487754,53.987730061349694,0.35301463415737316,98.77300613496932,3.902439024512195e-4,77.91411042944786,97.54601226993866,80622,1.2422360248447204,1.103896103896104,518000,96.30377624509394,FALSE,FALSE,NA,Low,41,59,Insufficient Evidence,Center backs,1.1.0,2026-10-03 17:19:27 UTC,NA,NA,NA,Performance data through: 2026-10-03 (updates every day) · MLSPA compensation as of: 2026-04-16,FALSE,2026-10-03 17:19:20 UTC
KAqBlEZMbg,asa_KAqBlEZMbg_mls_full_2025,Maya Yoshida,maya yoshida,1988-08-24,Japan,CB,NA,37.8507871321013,mls,kaDQ0wRqEv,CB,asa_live,TRUE,NA,mlspa_via_asa,1211,715781,2637,715781,full_2025,2025 full season,2637,0,1,TRUE,0.2890511945392491,0.02203754266211604,0.09702047781569964,0.06156313993174062,0.01696587030716723,0.09201706484641638,-5.529010238907849e-4,2026,715781,LA Galaxy,0.14523645173583166,1,0.2623941523143339,0.2798870958107026,0.02350671217365836,93.86503067484662,0.10348850967331363,97.54601226993866,0.06566734926257543,93.86503067484662,0.018096928328210575,92.63803680981596,0.0981515358392447,68.71165644171779,-5.897610921686006e-4,67.48466257668711,100,715781,63.35403726708075,66.36363636363636,518000,36.64596273291925,TRUE,FALSE,88.42105263157895,High,20.75,79.25,Strong Value,Center backs,1.1.0,2026-10-03 17:19:27 UTC,12,12,54,Performance data through: 2026-10-03 (updates every day) · MLSPA compensation as of: 2026-04-16,FALSE,2026-10-03 17:19:20 UTC
KAqBvrrVqb,asa_KAqBvrrVqb_mls_full_2025,Kenji Mboma Dem,kenji mboma dem,2002-01-22,France,FB,NA,24.438056125941134,mls,NWMWlBK5lz,FB,asa_live,TRUE,NA,mlspa_via_asa,1479,88025,104,88025,full_2025,2025 full season,104,0,1,TRUE,0.1449519230769231,0,0.010124999999999992,0.00934615384615384,0.03539423076923077,0.09008653846153844,0,2026,88025,FC Cincinnati,0.1336622996580173,1,0.1353300849358102,0.14435209060270854,0,6.410256410256411,0.010800000000337491,41.02564102564103,0.009969230769542302,17.307692307692307,0.03775384615502596,92.94871794871794,0.09609230769531055,82.05128205128206,0,53.84615384615385,53.84615384615385,88025,4.57516339869281,3.831168831168831,368750,49.27099044746104,TRUE,FALSE,90,High,20.75,79.25,Fair Value,Fullbacks and wingbacks,1.1.0,2026-10-03 17:19:27 UTC,10,10,47,Performance data through: 2026-10-03 (updates every day) · MLSPA compensation as of: 2026-04-16,FALSE,2026-10-03 17:19:20 UTC
KAqBvvRmqb,asa_KAqBvvRmqb_mls_full_2025,Shakur Mohammed,shakur mohammed,2003-08-27,Ghana,W,NA,22.844626967830255,mls,vzqoOgNqap,W,asa_live,TRUE,NA,mlspa_via_asa,630,89692,21,89692,full_2025,2025 full season,21,0,1,TRUE,0.4341428571428571,0,-0.01071428571428571,0.02614285714285714,-0.00557142857142857,0.42428571428571427,0,2026,89692,Nashville SC,0.20362313755561975,1,0.21141849039190314,0.2255130564250773,0,6.214689265536723,-0.011428571428928566,42.3728813559322,0.027885714286585712,9.03954802259887,-0.0059428571430428555,35.02824858757062,0.4525714285855714,100,0,35.31073446327684,62.71186440677966,89692,6.470588235294118,5.194805194805195,562000,56.241276171485545,TRUE,FALSE,100,Medium,29.75,70.25,Strong Value,Wingers and attacking midfielders,1.1.0,2026-10-03 17:19:27 UTC,1,1,5,Performance data through: 2026-10-03 (updates every day) · MLSPA compensation as of: 2026-04-16,FALSE,2026-10-03 17:19:20 UTC
KAqBxEWMbg,asa_KAqBxEWMbg_mls_full_2025,Wilfried Zaha,wilfried zaha,1992-11-10,Ivory Coast,W,NA,33.637234770705,mls,NPqxKXZ59d,W,asa_live,TRUE,NA,mlspa_via_asa,1301,2751667,3262,2751667,full_2025,2025 full season,3262,0,1,TRUE,0.19985959534028203,0.0489757817290006,0.02004721030042918,0.06567351318209687,0.00877651747394236,0.031177191906805627,0.02520938074800735,2026,2751667,Charlotte FC,0.20362313755561975,1,0.200444298947015,0.2138072522168308,0.05224083384589983,58.75706214689266,0.0213836909877927,72.88135593220339,0.07005174739642578,39.548022598870055,0.009361618639164402,53.67231638418079,0.03325567136829857,33.898305084745765,0.02689000613204815,92.65536723163842,51.41242937853107,2751667,88.23529411764706,94.41558441558442,562000,-36.822864739115985,TRUE,FALSE,14.893617021276595,High,20.75,79.25,Below Expected Value by Current Model,Wingers and attacking midfielders,1.1.0,2026-10-03 17:19:27 UTC,81,81,378,Performance data through: 2026-10-03 (updates every day) · MLSPA compensation as of: 2026-04-16,FALSE,2026-10-03 17:19:20 UTC
KPqj71NyQ6,asa_KPqj71NyQ6_mls_full_2025,Sam Surridge,sam surridge,1998-07-28,England,FW,NA,27.926078028747433,mls,vzqoOgNqap,FW,asa_live,TRUE,NA,mlspa_via_asa,1842,5933000,3545,5933000,full_2025,2025 full season,3545,0,1,TRUE,0.4266939351198871,0.09105105782792666,-0.03617263751763047,0.28854837799717914,0.03179069111424541,0.0299475317348378,0.02152891396332863,2026,5933000,Nashville SC,0.2320804800898512,1,0.3985231093013053,0.4250913166013431,0.09712112835282348,90.17857142857143,-0.03858414668667825,53.57142857142857,0.3077849365399427,89.28571428571429,0.03391007052292146,91.07142857142857,0.03194403385149191,50.892857142857146,0.022964174894934835,84.82142857142857,100,5933000,99.09909909909909,98.7012987012987,558750,0.9009009009009077,TRUE,FALSE,56.89655172413793,High,14,86,Fair Value,Strikers,1.1.0,2026-10-03 17:19:27 UTC,26,26,192,Performance data through: 2026-10-03 (updates every day) · MLSPA compensation as of: 2026-04-16,FALSE,2026-10-03 17:19:20 UTC
KPqj74g4Q6,asa_KPqj74g4Q6_mls_full_2025,Rominigue Kouame,rominigue kouame,1996-12-17,Mali,CM,NA,28.536618754277892,mls,X0Oq66zq6D,CM,asa_live,TRUE,NA,mlspa_via_asa,0,NA,782,693755,full_2025,2025 full season,782,0,1,TRUE,0.20795524296675194,0.04505754475703325,0.007607416879795389,0.03578132992327366,0.0719309462915601,0.0597774936061381,-0.01219948849104859,2026,693755,Chicago Fire FC,0.1398991348215602,1,0.17840845216565565,0.1903023489826463,0.04806138107567071,91.62011173184358,0.008114578005368663,33.5195530726257,0.03816675191935128,67.59776536312849,0.07672634271339514,98.32402234636872,0.06376265984853989,48.60335195530726,-0.013012787724191812,15.083798882681565,84.35754189944134,693755,65.14285714285714,65.06493506493507,516250,19.214684756584205,FALSE,FALSE,NA,Low,41,59,Insufficient Evidence,Central and defensive midfielders,1.1.0,2026-10-03 17:19:27 UTC,NA,NA,NA,Performance data through: 2026-10-03 (updates every day) · MLSPA compensation as of: 2026-04-16,FALSE,2026-10-03 17:19:20 UTC
KPqj7K72Q6,asa_KPqj7K72Q6_mls_full_2025,Cedric Teuchert,cedric teuchert,1997-01-14,Germany,W,NA,29.45927446954141,mls,wvq9B9wQWn,W,asa_live,TRUE,NA,mlspa_via_asa,348,1542500,1365,1542500,full_2025,2025 full season,1365,0,1,TRUE,0.16435384615384616,0.04350329670329671,-0.03229450549450549,0.12094285714285716,-0.00810989010989011,0.02049230769230769,0.01981978021978021,2026,1542500,St. Louis City SC,0.20362313755561975,1,0.176344469482632,0.18810076745401894,0.0464035164849666,50.847457627118644,-0.03444747252854901,23.728813559322035,0.12900571428974572,76.27118644067797,-0.008650549450819781,30.508474576271187,0.021858461539144614,20.338983050847457,0.02114109890175955,85.87570621468926,25.423728813559322,1542500,78.23529411764706,89.22077922077922,562000,-52.811565304087736,FALSE,TRUE,NA,Low,41,59,Small-Sample Watchlist,Wingers and attacking midfielders,1.1.0,2026-10-03 17:19:27 UTC,NA,NA,NA,Performance data through: 2026-10-03 (updates every day) · MLSPA compensation as of: 2026-04-16,FALSE,2026-10-03 17:19:20 UTC
KPqj7OVPQ6,asa_KPqj7OVPQ6_mls_full_2025,Fabian Herbers,fabian herbers,1993-08-17,Germany,CM,NA,32.87063655030801,mls,APk5LGOMOW,CM,asa_live,TRUE,NA,mlspa_via_asa,797,440000,820,440000,full_2025,2025 full season,820,0,1,TRUE,0.21581341463414633,0.03497926829268293,0.01761585365853658,0.07630243902439025,0.03441951219512195,0.04838048780487805,0.00411585365853658,2026,440000,CF Montréal,0.1398991348215602,1,0.18373695837530712,0.1959860889397855,0.037311219513361096,85.47486033519553,0.018790243903026214,50.279329608938546,0.08138926829522634,91.06145251396649,0.036714146342610735,92.73743016759776,0.05160585366014927,27.374301675977655,0.004390243902576214,82.68156424581005,87.70949720670392,440000,44,45.25974025974026,516250,43.709497206703915,TRUE,FALSE,89.42307692307692,Medium,29.75,70.25,Strong Value,Central and defensive midfielders,1.1.0,2026-10-03 17:19:27 UTC,12,12,50,Performance data through: 2026-10-03 (updates every day) · MLSPA compensation as of: 2026-04-16,FALSE,2026-10-03 17:19:20 UTC
KPqj7VbYQ6,asa_KPqj7VbYQ6_mls_full_2025,Matías Rojas,matias rojas,1995-11-03,Paraguay,W,NA,29.659137577002053,mls,WBLMvYAQxe,W,asa_live,TRUE,NA,mlspa_via_asa,0,NA,422,743262,full_2025,2025 full season,422,0,1,TRUE,0.19499289099526068,0.07895260663507109,0.02367298578199052,0.08360189573459716,-0.01874644549763033,0.03186255924170616,-0.00435071090047393,2026,743262,Portland Timbers FC,0.20362313755561975,1,0.2000595719504617,0.2133968767538278,0.08421611374670758,91.52542372881356,0.025251184834912323,75.70621468926554,0.0891753554530237,54.23728813559322,-0.019996208531430568,18.64406779661017,0.03398672985888199,36.15819209039548,-0.0046407582939838815,13.559322033898304,50.282485875706215,743262,62.94117647058823,68.57142857142857,562000,-12.658690594882017,FALSE,FALSE,NA,Low,41,59,Insufficient Evidence,Wingers and attacking midfielders,1.1.0,2026-10-03 17:19:27 UTC,NA,NA,NA,Performance data through: 2026-10-03 (updates every day) · MLSPA compensation as of: 2026-04-16,FALSE,2026-10-03 17:19:20 UTC
KPqj7Y0BQ6,asa_KPqj7Y0BQ6_mls_full_2025,Matty Longstaff,matty longstaff,2000-03-21,England,CM,NA,26.27789185489391,mls,APk5LGOMOW,CM,asa_live,TRUE,NA,mlspa_via_asa,2271,435869,1702,435869,full_2025,2025 full season,1702,0,1,TRUE,0.13027262044653348,0.01692655699177438,0.00794242068155111,0.0315951821386604,-0.00411398354876615,0.07715041128084607,7.720329024676851e-4,2026,435869,CF Montréal,0.1398991348215602,1,0.1327817032549679,0.14163381680972517,0.01805499412512356,56.42458100558659,0.008471915393919264,35.19553072625698,0.03370152761562427,60.33519553072626,-0.004388249118821025,30.16759776536313,0.08229377203547415,72.06703910614524,8.235017626579318e-4,69.83240223463687,40.22346368715084,435869,43.42857142857143,44.8051948051948,516250,-3.2051077414205906,TRUE,FALSE,47.11538461538461,High,14,86,Fair Value,Central and defensive midfielders,1.1.0,2026-10-03 17:19:27 UTC,56,56,236,Performance data through: 2026-10-03 (updates every day) · MLSPA compensation as of: 2026-04-16,FALSE,2026-10-03 17:19:20 UTC
KPqj7daPQ6,asa_KPqj7daPQ6_mls_full_2025,DeJuan Jones,dejuan jones,1997-06-24,USA,FB,NA,29.018480492813143,mls,0KPqjA456v,FB,asa_live,TRUE,NA,mlspa_via_asa,383,898246,1566,898246,full_2025,2025 full season,1566,0,1,TRUE,0.1206034482758621,0.00810919540229885,0.03217241379310345,0.03231609195402299,0.00206321839080459,0.04078735632183908,0.0051551724137931,2026,898246,San Jose Earthquakes,0.1336622996580173,1,0.12422085863102975,0.1325022492105724,0.00864980842938908,33.333333333333336,0.03431724138038276,69.23076923076923,0.034470498085368395,64.74358974358974,0.00220076628359367,53.84615384615385,0.043506513411321265,30.76923076923077,0.005498850574884479,84.61538461538461,41.666666666666664,898246,92.15686274509804,77.66233766233766,368750,-50.490196078431374,FALSE,TRUE,NA,Low,41,59,Small-Sample Watchlist,Fullbacks and wingbacks,1.1.0,2026-10-03 17:19:27 UTC,NA,NA,NA,Performance data through: 2026-10-03 (updates every day) · MLSPA compensation as of: 2026-04-16,FALSE,2026-10-03 17:19:20 UTC
KPqj7jY4Q6,asa_KPqj7jY4Q6_mls_full_2025,Mark-Anthony Kaye,markanthony kaye,1994-12-02,Canada,CM,NA,30.57905544147844,mls,0KPqjA456v,CM,asa_live,TRUE,NA,mlspa_via_asa,0,NA,1200,800000,full_2025,2025 full season,1200,0,1,TRUE,0.202065,0.031162499999999992,0.0258525,0.050085,0.01061249999999999,0.07872000000000001,0.0056325,2026,800000,San Jose Earthquakes,0.1398991348215602,1,0.18134304494052006,0.19343258127593282,0.033240000001038744,83.24022346368714,0.02757600000086175,59.77653631284916,0.0534240000016695,77.6536312849162,0.01132000000035374,75.97765363128492,0.08396800000262401,74.30167597765363,0.00600800000018775,85.47486033519553,86.03351955307262,800000,76,72.66233766233766,516250,10.033519553072622,FALSE,FALSE,NA,Low,41,59,Insufficient Evidence,Central and defensive midfielders,1.1.0,2026-10-03 17:19:27 UTC,NA,NA,NA,Performance data through: 2026-10-03 (updates every day) · MLSPA compensation as of: 2026-04-16,FALSE,2026-10-03 17:19:20 UTC
KPqj7jxPQ6,asa_KPqj7jxPQ6_mls_full_2025,Wessam Abou Ali,wessam abou ali,1999-01-04,Palestine,FW,NA,27.488021902806295,mls,mvzqoLZQap,FW,asa_live,TRUE,NA,mlspa_via_asa,637,3611750,330,3611750,full_2025,2025 full season,330,0,1,TRUE,0.16197272727272727,0.05945454545454545,-0.04434545454545455,0.2417181818181818,-0.20233636363636365,0.03444545454545454,0.07303636363636362,2026,3611750,Columbus Crew,0.2320804800898512,1,0.20720353554183946,0.22101710458486887,0.06341818182016362,49.107142857142854,-0.04730181818329637,46.42857142857143,0.25783272728078455,72.32142857142857,-0.2158254545521991,4.464285714285714,0.03674181818296636,64.28571428571429,0.07790545454788908,98.21428571428571,31.25,3611750,90.990990990991,96.1038961038961,558750,-59.740990990990994,TRUE,FALSE,8.620689655172415,Medium,29.75,70.25,Below Expected Value by Current Model,Strikers,1.1.0,2026-10-03 17:19:27 UTC,54,54,406,Performance data through: 2026-10-03 (updates every day) · MLSPA compensation as of: 2026-04-16,FALSE,2026-10-03 17:19:20 UTC
KPqj7loEQ6,asa_KPqj7loEQ6_mls_full_2025,Sam Rogers,sam rogers,1999-05-17,USA,CB,NA,27.123887748117728,mls,X0Oq66zq6D,CB,asa_live,TRUE,NA,mlspa_via_asa,503,223000,1970,223000,full_2025,2025 full season,1970,0,1,TRUE,0.09158527918781724,0.01003248730964466,0.0508248730964467,0.01408020304568527,-6.807106598984772e-4,0.03512284263959391,-0.01779441624365482,2026,223000,Chicago Fire FC,0.14523645173583166,1,0.10411084476322917,0.1110515677509148,0.01070131979728872,60.122699386503065,0.054213197971237304,57.668711656441715,0.015018883249200294,42.94478527607362,-7.26091370581066e-4,42.331288343558285,0.03746436548340426,13.496932515337424,-0.01898071066049162,14.110429447852761,5.521472392638037,223000,29.19254658385093,28.961038961038962,518000,-23.671074191212895,TRUE,FALSE,26.31578947368421,Medium,29.75,70.25,Below Expected Value by Current Model,Center backs,1.1.0,2026-10-03 17:19:27 UTC,71,71,328,Performance data through: 2026-10-03 (updates every day) · MLSPA compensation as of: 2026-04-16,FALSE,2026-10-03 17:19:20 UTC
KPqjBBNBq6,asa_KPqjBBNBq6_mls_full_2025,Jefferson Díaz,jefferson diaz,2000-12-05,Colombia,CB,NA,25.568788501026695,mls,kRQand1MKZ,CB,asa_live,TRUE,NA,mlspa_via_asa,2165,435000,2381,435000,full_2025,2025 full season,2381,0,1,TRUE,0.12240529189416212,0.01812473750524989,0.030897102057958835,0.03792020159596809,-0.007726165476690459,0.054351532969340616,-0.01116211675766484,2026,435000,Minnesota United FC,0.14523645173583166,1,0.12700062765565212,0.13546733617026227,0.019333053339537373,87.11656441717791,0.03295690886285266,19.631901840490798,0.0404482150369633,84.66257668711657,-0.008241243175394028,23.312883435582823,0.05797496850244171,28.220858895705522,-0.011906257875214567,25.766871165644172,27.607361963190183,435000,41.61490683229814,44.61038961038961,518000,-14.007544869107956,TRUE,FALSE,32.63157894736842,High,14,86,Fair Value,Center backs,1.1.0,2026-10-03 17:19:27 UTC,65,65,301,Performance data through: 2026-10-03 (updates every day) · MLSPA compensation as of: 2026-04-16,FALSE,2026-10-03 17:19:20 UTC
KPqjK4w4Q6,asa_KPqjK4w4Q6_mls_full_2025,Noah Allen,noah allen,2004-04-28,USA,FB,NA,22.17385352498289,mls,X0Oq66zq6D,FB,asa_live,TRUE,NA,mlspa_via_asa,1567,434653,2630,434653,full_2025,2025 full season,2630,0,1,TRUE,0.11305437262357415,0.0038463878326996104,0.02604866920152091,0.0067106463878327,0.00640266159695817,0.07527490494296578,-0.00522889733840304,2026,434653,Chicago Fire FC,0.1336622996580173,1,0.1168824705247091,0.12467463523025245,0.004102813688341131,21.794871794871796,0.027785247149157262,58.97435897435897,0.007158022813911901,10.256410256410257,0.00682950570363547,60.256410256410255,0.08029323194167266,69.23076923076923,-0.005577490494470872,25,32.69230769230769,434653,58.169934640522875,44.41558441558441,368750,-25.477626948215182,TRUE,FALSE,21.11111111111111,High,14,86,Below Expected Value by Current Model,Fullbacks and wingbacks,1.1.0,2026-10-03 17:19:27 UTC,72,72,351,Performance data through: 2026-10-03 (updates every day) · MLSPA compensation as of: 2026-04-16,FALSE,2026-10-03 17:19:20 UTC
KPqjKLjnQ6,asa_KPqjKLjnQ6_mls_full_2025,Cameron Harper,cameron harper,2001-11-19,USA,W,NA,24.61327857631759,mls,a2lqRX2Mr0,W,asa_live,TRUE,NA,mlspa_via_asa,306,431750,744,431750,full_2025,2025 full season,744,0,1,TRUE,0.3021048387096774,0.06526209677419355,0.0108266129032258,0.1043951612903226,0.04445564516129032,0.04115322580645161,0.03601209677419355,2026,431750,New York Red Bulls,0.20362313755561975,1,0.258139793551616,0.2753491131303284,0.06961290322798186,81.35593220338983,0.011548387097135075,66.10169491525424,0.11135483871315728,70.05649717514125,0.04741935484019153,81.35593220338983,0.043896774194920156,53.67231638418079,0.038412903227006856,96.045197740113,85.87570621468926,431750,38.23529411764706,44.15584415584416,562000,47.6404120970422,FALSE,TRUE,NA,Low,41,59,Small-Sample Watchlist,Wingers and attacking midfielders,1.1.0,2026-10-03 17:19:27 UTC,NA,NA,NA,Performance data through: 2026-10-03 (updates every day) · MLSPA compensation as of: 2026-04-16,FALSE,2026-10-03 17:19:20 UTC
KPqjKN62Q6,asa_KPqjKN62Q6_mls_full_2025,Show,show,1999-03-06,Angola,CM,NA,26.321697467488026,mls,mKAqBBmqbg,CM,asa_live,TRUE,NA,mlspa_via_asa,0,NA,333,504350,full_2025,2025 full season,333,0,1,TRUE,0.06913513513513514,0.00451351351351351,0.00167567567567567,0.01656756756756756,0.00929729729729729,0.041,-0.00391891891891892,2026,504350,FC Dallas,0.1398991348215602,1,0.11464253043187152,0.12228536579781771,0.004814414414564861,20.11173184357542,0.0017873873874432373,27.374301675977655,0.017672072072624317,33.5195530726257,0.009917117117427019,72.62569832402235,0.0437333333347,18.435754189944134,-0.004180180180310812,36.312849162011176,20.11173184357542,504350,49.714285714285715,51.298701298701296,516250,-29.602553870710295,FALSE,FALSE,NA,Low,41,59,Insufficient Evidence,Central and defensive midfielders,1.1.0,2026-10-03 17:19:27 UTC,NA,NA,NA,Performance data through: 2026-10-03 (updates every day) · MLSPA compensation as of: 2026-04-16,FALSE,2026-10-03 17:19:20 UTC
KPqjKNkBQ6,asa_KPqjKNkBQ6_mls_full_2025,Rasmus Alm,rasmus alm,1995-08-17,Sweden,FB,NA,29.872689938398356,mls,wvq9B9wQWn,FB,asa_live,TRUE,NA,mlspa_via_asa,0,NA,11,343925,full_2025,2025 full season,11,0,1,TRUE,0.117,8.181818181818183e-4,0.01472727272727272,0.10145454545454545,0,0,0,2026,343925,St. Louis City SC,0.1336622996580173,1,0.1333623237230939,0.1422531453090789,8.727272727545455e-4,13.461538461538462,0.01570909090958181,45.51282051282051,0.10821818182156363,95.51282051282051,0,44.55128205128205,0,7.6923076923076925,0,53.84615384615385,51.92307692307692,343925,47.712418300653596,37.4025974025974,368750,4.210658622423324,FALSE,FALSE,NA,Low,41,59,Insufficient Evidence,Fullbacks and wingbacks,1.1.0,2026-10-03 17:19:27 UTC,NA,NA,NA,Performance data through: 2026-10-03 (updates every day) · MLSPA compensation as of: 2026-04-16,FALSE,2026-10-03 17:19:20 UTC
KPqjKRARQ6,asa_KPqjKRARQ6_mls_full_2025,Tomás Chancalay,tomas chancalay,1999-01-01,Argentina,W,NA,27.496235455167692,mls,kRQand1MKZ,W,asa_live,TRUE,NA,mlspa_via_asa,1905,1274375,1353,1274375,full_2025,2025 full season,1353,0,1,TRUE,0.27464966740576496,0.07162749445676274,-0.011980044345897998,0.21437694013303768,-0.03380487804878049,0.03017294900221729,0.00425720620842572,2026,1274375,Minnesota United FC,0.20362313755561975,1,0.2528289209080245,0.26968418231032043,0.07640266075626784,88.70056497175142,-0.0127787139693572,39.548022598870055,0.22866873614905275,94.91525423728814,-0.03605853658649268,12.994350282485875,0.03218447893670421,30.508474576271187,0.004541019955796008,58.75706214689266,82.485875706214685,1274375,73.52941176470588,86.36363636363636,562000,8.956463941508801,TRUE,FALSE,70.2127659574468,High,14,86,Undervalued,Wingers and attacking midfielders,1.1.0,2026-10-03 17:19:27 UTC,29,29,134,Performance data through: 2026-10-03 (updates every day) · MLSPA compensation as of: 2026-04-16,FALSE,2026-10-03 17:19:20 UTC
KPqjKWwPQ6,asa_KPqjKWwPQ6_mls_full_2025,Brian Gutiérrez,brian gutierrez,2003-06-17,USA,CM,NA,22.039698836413415,mls,X0Oq66zq6D,CM,asa_live,TRUE,NA,mlspa_via_asa,0,NA,2509,950425,full_2025,2025 full season,2509,0,1,TRUE,0.36734635312873654,0.07579155041849342,0.11471143882024712,0.07335233160621762,0.006510561976883219,0.08024671183738541,0.01673375846950976,2026,950425,Chicago Fire FC,0.1398991348215602,1,0.32345174682950667,0.34501519662892216,0.08084432044891937,96.64804469273743,0.12235886807875397,96.64804469273743,0.07824248704907721,89.94413407821229,0.006944599442225786,65.92178770949721,0.08559649262921933,75.97765363128492,0.017849342368034867,96.64804469273743,100,950425,85.14285714285714,80.3896103896104,516250,14.857142857142861,FALSE,FALSE,NA,Low,41,59,Insufficient Evidence,Central and defensive midfielders,1.1.0,2026-10-03 17:19:27 UTC,NA,NA,NA,Performance data through: 2026-10-03 (updates every day) · MLSPA compensation as of: 2026-04-16,FALSE,2026-10-03 17:19:20 UTC
KPqjKbg2Q6,asa_KPqjKbg2Q6_mls_full_2025,Paxten Aaronson,paxten aaronson,2003-08-26,USA,W,NA,22.847364818617383,mls,pzeQZ6xQKw,W,asa_live,TRUE,NA,mlspa_via_asa,2478,2228063,644,2228063,full_2025,2025 full season,644,0,1,TRUE,0.3286816770186336,0.09062888198757764,0.03352639751552795,0.12259006211180123,0.04262422360248447,0.01540062111801242,0.02391149068322981,2026,2228063,Colorado Rapids,0.20362313755561975,1,0.2683640534834179,0.2862549903912579,0.09667080745643711,94.35028248587571,0.03576149068434736,80.7909604519774,0.13076273292334098,77.96610169491525,0.04546583851073757,80.7909604519774,0.016427329193059937,15.254237288135593,0.025505590062908846,90.96045197740114,89.83050847457628,2228063,84.11764705882354,92.59740259740259,562000,5.712861415752741,TRUE,FALSE,64.8936170212766,High,14,86,Undervalued,Wingers and attacking midfielders,1.1.0,2026-10-03 17:19:27 UTC,34,34,158,Performance data through: 2026-10-03 (updates every day) · MLSPA compensation as of: 2026-04-16,FALSE,2026-10-03 17:19:20 UTC
KPqjKkPNQ6,asa_KPqjKkPNQ6_mls_full_2025,Brandon Bye,brandon bye,1995-11-29,USA,FB,NA,30.587268993839835,mls,WBLMvYAQxe,FB,asa_live,TRUE,NA,mlspa_via_asa,1931,442500,1306,442500,full_2025,2025 full season,1306,0,1,TRUE,0.17738820826952528,0.0166906584992343,0.02676569678407351,0.05518529862174579,-0.01641500765696784,0.09717381316998468,-0.00201225114854517,2026,442500,Portland Timbers FC,0.1336622996580173,1,0.16362349412109675,0.1745317270679573,0.017803369066406276,65.38461538461539,0.0285500765705706,61.53846153846154,0.05886431853170168,80.76923076923077,-0.017509341501312864,11.538461538461538,0.10365206738455611,87.82051282051282,-0.002146401225181923,38.46153846153846,81.41025641025641,442500,59.47712418300654,45.84415584415584,368750,21.93313222724987,TRUE,FALSE,74.44444444444444,High,14,86,Undervalued,Fullbacks and wingbacks,1.1.0,2026-10-03 17:19:27 UTC,24,24,116,Performance data through: 2026-10-03 (updates every day) · MLSPA compensation as of: 2026-04-16,FALSE,2026-10-03 17:19:20 UTC
KPqjnyNq6v,asa_KPqjnyNq6v_mls_full_2025,Damir Kreilach,damir kreilach,1989-04-16,Croatia,W,NA,36.20807665982204,mls,lgpMOvnQzy,W,asa_live,TRUE,NA,mlspa_via_asa,0,NA,39,495000,full_2025,2025 full season,39,0,1,TRUE,-0.02492307692307692,0,-0.04315384615384615,0.0034615384615384595,-0.00992307692307692,0.02284615384615385,0.00184615384615384,2026,495000,Vancouver Whitecaps FC,0.20362313755561975,1,0.18967430756396222,0.20231926140788217,0,6.214689265536723,-0.04603076923220768,15.819209039548022,0.0036923076924230747,2.824858757062147,-0.01058461538494615,28.24858757062147,0.02436923076999231,22.033898305084747,0.001969230769292301,49.152542372881356,40.112994350282484,495000,42.94117647058823,50.064935064935064,562000,-2.8281821203057476,FALSE,FALSE,NA,Low,41,59,Insufficient Evidence,Wingers and attacking midfielders,1.1.0,2026-10-03 17:19:27 UTC,NA,NA,NA,Performance data through: 2026-10-03 (updates every day) · MLSPA compensation as of: 2026-04-16,FALSE,2026-10-03 17:19:20 UTC
KPqjwAY2Q6,asa_KPqjwAY2Q6_mls_full_2025,Tyson Pearce,tyson pearce,2007-08-12,USA,CM,NA,17.88637919233402,mls,wvq9B9wQWn,CM,asa_live,TRUE,NA,mlspa_via_asa,0,NA,42,104000,full_2025,2025 full season,42,0,1,TRUE,-0.00492857142857143,0,-0.012,0.00257142857142857,-0.03771428571428571,0.04221428571428571,0,2026,104000,St. Louis City SC,0.1398991348215602,1,0.13042442506687868,0.13911938674235141,0,6.145251396648045,-0.0128000000004,15.64245810055866,0.0027428571429428555,4.4692737430167595,-0.040228571429828566,7.262569832402234,0.04502857142997857,18.99441340782123,0,61.1731843575419,36.312849162011176,104000,9.428571428571429,10.519480519480519,516250,26.884277733439745,FALSE,FALSE,NA,Low,41,59,Insufficient Evidence,Central and defensive midfielders,1.1.0,2026-10-03 17:19:27 UTC,NA,NA,NA,Performance data through: 2026-10-03 (updates every day) · MLSPA compensation as of: 2026-04-16,FALSE,2026-10-03 17:19:20 UTC
KPqjwdw8Q6,asa_KPqjwdw8Q6_mls_full_2025,Alonso Coello,alonso coello,1999-10-12,Spain,CM,NA,26.718685831622174,mls,kRQabn8MKZ,CM,asa_live,TRUE,NA,mlspa_via_asa,2162,335000,2434,335000,full_2025,2025 full season,2434,0,1,TRUE,0.18549835661462616,0.00874486442070665,0.05706532456861134,0.02070665571076417,-0.00460723089564502,0.10503451109285128,-0.00144576828266228,2026,335000,Toronto FC,0.1398991348215602,1,0.1764807122257535,0.18824609304668644,0.009327855382378588,27.932960893854748,0.06086967954175427,83.79888268156425,0.022087099425505338,41.340782122905026,-0.00491437962217493,27.932960893854748,0.11203681183587584,90.50279329608938,-0.0015421528348879576,46.927374301675975,81.56424581005587,335000,34.857142857142854,36.688311688311686,516250,46.70710295291301,TRUE,FALSE,93.26923076923077,High,14,86,Elite Value,Central and defensive midfielders,1.1.0,2026-10-03 17:19:27 UTC,8,8,33,Performance data through: 2026-10-03 (updates every day) · MLSPA compensation as of: 2026-04-16,FALSE,2026-10-03 17:19:20 UTC
KPqjzJ2q6v,asa_KPqjzJ2q6v_mls_full_2025,Maxi Moralez,maxi moralez,1987-02-27,Argentina,W,NA,39.34017796030116,mls,Vj58weDM8n,W,asa_live,TRUE,NA,mlspa_via_asa,1236,500000,3447,500000,full_2025,2025 full season,3447,0,1,TRUE,0.1443420365535248,0.01732114882506527,0.03480417754569191,0.06066057441253264,-0.0048041775456919,0.03609138381201045,2.689295039164491e-4,2026,500000,New York City FC,0.20362313755561975,1,0.1531309321802253,0.16333966099734468,0.018475892080646993,17.51412429378531,0.037124456049898176,81.35593220338983,0.0647046127087235,32.76836158192091,-0.005124456048898166,35.59322033898305,0.038497476067347526,43.50282485875706,2.8685813751984336e-4,40.112994350282484,10.169491525423728,500000,44.11764705882353,50.77922077922078,562000,-33.9481555333998,TRUE,FALSE,17.02127659574468,High,20.75,79.25,Below Expected Value by Current Model,Wingers and attacking midfielders,1.1.0,2026-10-03 17:19:27 UTC,79,79,369,Performance data through: 2026-10-03 (updates every day) · MLSPA compensation as of: 2026-04-16,FALSE,2026-10-03 17:19:20 UTC
KXMe3LX1q6,asa_KXMe3LX1q6_mls_full_2025,Stefan Chirila,stefan chirila,2007-01-15,USA,W,NA,18.458590006844627,mls,NWMWlBK5lz,W,asa_live,TRUE,NA,mlspa_via_asa,0,NA,11,95402,full_2025,2025 full season,11,0,1,TRUE,0.3027272727272727,0,-0.33381818181818185,0.1431818181818182,0.49336363636363634,0,0,2026,95402,FC Cincinnati,0.20362313755561975,1,0.2054073363884973,0.21910115882124404,0,6.214689265536723,-0.3560727272838546,0.5649717514124294,0.15272727273204545,82.485875706214685,0.5262545454709908,100,0,9.322033898305085,0,35.31073446327684,57.06214689265537,95402,10,7.532467532467533,562000,47.06214689265537,FALSE,FALSE,NA,Low,41,59,Insufficient Evidence,Wingers and attacking midfielders,1.1.0,2026-10-03 17:19:27 UTC,NA,NA,NA,Performance data through: 2026-10-03 (updates every day) · MLSPA compensation as of: 2026-04-16,FALSE,2026-10-03 17:19:20 UTC
KXMe3Xn1q6,asa_KXMe3Xn1q6_mls_full_2025,Jung Ho-Yeon,jung hoyeon,2000-09-28,South Korea,CM,NA,24.75564681724846,mls,kRQand1MKZ,CM,asa_live,TRUE,NA,mlspa_via_asa,0,NA,112,168039,full_2025,2025 full season,112,0,1,TRUE,-0.1902053571428571,0,0.02121428571428571,0.00265178571428571,0.04218749999999999,-0.2687142857142857,0.01245535714285714,2026,168039,Minnesota United FC,0.1398991348215602,1,0.08797258552378669,0.09383742456163821,0,6.145251396648045,0.022628571429278568,53.63128491620112,0.0028285714286598166,5.027932960893855,0.045000000001406235,95.53072625698324,-0.2866285714375285,0.5586592178770949,0.013285714286129461,91.62011173184358,5.027932960893855,168039,22.857142857142858,25.454545454545453,516250,-17.829209896249004,FALSE,FALSE,NA,Low,41,59,Insufficient Evidence,Central and defensive midfielders,1.1.0,2026-10-03 17:19:27 UTC,NA,NA,NA,Performance data through: 2026-10-03 (updates every day) · MLSPA compensation as of: 2026-04-16,FALSE,2026-10-03 17:19:20 UTC
KXMe3y6vq6,asa_KXMe3y6vq6_mls_full_2025,Brooklyn Raines,brooklyn raines,2005-03-11,USA,CM,NA,21.305954825462013,mls,19vQ2095K6,CM,asa_live,TRUE,NA,mlspa_via_asa,2384,443250,1908,443250,full_2025,2025 full season,1908,0,1,TRUE,0.08327358490566038,0.006099056603773579,0.00820283018867924,0.00872169811320754,0.0065,0.0599622641509434,-0.006212264150943391,2026,443250,New England Revolution,0.1398991348215602,1,0.09682036718219145,0.10327505833089821,0.0065056603775617864,23.463687150837988,0.008749685534864616,36.312849162011176,0.009303144654378766,14.525139664804469,0.00693333333355,65.36312849162012,0.0639597484296717,49.720670391061454,-0.006626415094546693,27.932960893854748,8.938547486033519,443250,45.714285714285715,45.97402597402598,516250,-36.775738228252195,TRUE,FALSE,16.346153846153847,High,14,86,Below Expected Value by Current Model,Central and defensive midfielders,1.1.0,2026-10-03 17:19:27 UTC,88,88,372,Performance data through: 2026-10-03 (updates every day) · MLSPA compensation as of: 2026-04-16,FALSE,2026-10-03 17:19:20 UTC
KXMe4l1Q64,asa_KXMe4l1Q64_mls_full_2025,Alejandro Bedoya,alejandro bedoya,1987-04-29,USA,W,NA,39.17316906228611,mls,9z5k7Yg5A3,W,asa_live,TRUE,NA,mlspa_via_asa,377,226800,925,226800,full_2025,2025 full season,925,0,1,TRUE,0.16455891891891894,0.029315675675675675,-0.01053729729729729,0.09762810810810812,0.01408864864864865,0.06094702702702703,-0.02688324324324324,2026,226800,Philadelphia Union,0.20362313755561975,1,0.1799284475628668,0.19192367740638885,0.03127005405503124,29.943502824858758,-0.011239783784135019,43.50282485875706,0.10413664865190293,66.66666666666667,0.015027891892361514,57.06214689265537,0.06501016216419372,85.31073446327683,-0.028675459460355563,1.694915254237288,29.943502824858758,226800,26.470588235294116,29.74025974025974,562000,3.472914589564642,FALSE,TRUE,NA,Low,41,59,Small-Sample Watchlist,Wingers and attacking midfielders,1.1.0,2026-10-03 17:19:27 UTC,NA,NA,NA,Performance data through: 2026-10-03 (updates every day) · MLSPA compensation as of: 2026-04-16,FALSE,2026-10-03 17:19:20 UTC
KXMe87ZPQ6,asa_KXMe87ZPQ6_mls_full_2025,Ralph Priso,ralph priso,2002-08-02,Canada,CB,NA,23.912388774811777,mls,lgpMOvnQzy,CB,asa_live,TRUE,NA,mlspa_via_asa,738,189167,2109,189167,full_2025,2025 full season,2109,0,1,TRUE,0.16628022759601707,0.01059174964438122,0.04537126600284495,0.00555618776671408,0.02426884779516358,0.0867439544807966,-0.00625177809388335,2026,189167,Vancouver Whitecaps FC,0.14523645173583166,1,0.16161936915522296,0.17239399377095846,0.011297866287693026,63.190184049079754,0.04839601707121365,46.012269938650306,0.0059266002846802245,20.858895705521473,0.02588677098231678,95.70552147239263,0.09252688478240784,60.736196319018404,-0.006668563300350633,38.03680981595092,65.6441717791411,189167,26.08695652173913,26.883116883116884,518000,39.55721525740198,TRUE,FALSE,90.52631578947368,Medium,29.75,70.25,Strong Value,Center backs,1.1.0,2026-10-03 17:19:27 UTC,10,10,44,Performance data through: 2026-10-03 (updates every day) · MLSPA compensation as of: 2026-04-16,FALSE,2026-10-03 17:19:20 UTC
KXMe8EJ6Q6,asa_KXMe8EJ6Q6_mls_full_2025,Pedro Vite,pedro vite,2002-03-09,Ecuador,CM,NA,23.312799452429843,mls,lgpMOvnQzy,CM,asa_live,TRUE,NA,mlspa_via_asa,0,NA,1564,729997,full_2025,2025 full season,1564,0,1,TRUE,0.25387020460358056,0.03726023017902813,0.09984590792838877,0.05615792838874681,-0.00292902813299232,0.06321867007672634,3.1649616368286445e-4,2026,729997,Vancouver Whitecaps FC,0.1398991348215602,1,0.22227009283407398,0.23708809903042125,0.03974424552553868,87.15083798882682,0.10650230179360955,94.97206703910615,0.05990179028320186,83.24022346368714,-0.0031242966752894424,34.07821229050279,0.06743324808394871,53.63128491620112,3.375959079389386e-4,65.36312849162012,97.76536312849161,729997,69.14285714285714,67.53246753246754,516250,28.622505985634476,FALSE,FALSE,NA,Low,41,59,Insufficient Evidence,Central and defensive midfielders,1.1.0,2026-10-03 17:19:27 UTC,NA,NA,NA,Performance data through: 2026-10-03 (updates every day) · MLSPA compensation as of: 2026-04-16,FALSE,2026-10-03 17:19:20 UTC
KXMe8JD2Q6,asa_KXMe8JD2Q6_mls_full_2025,Pedro Amador,pedro amador,1998-12-18,Portugal,FB,NA,27.534565366187543,mls,KAqBN0Vqbg,FB,asa_live,TRUE,NA,mlspa_via_asa,297,292604,2315,292604,full_2025,2025 full season,2315,0,1,TRUE,0.14196285097192224,0.00650799136069114,0.03619827213822894,0.02465961123110151,0.0100963282937365,0.06572526997840172,-0.00122462203023758,2026,292604,Atlanta United FC,0.1336622996580173,1,0.1402543326911871,0.14960462154194137,0.0069418574516208155,26.923076923076923,0.03861149028198414,74.35897435897436,0.02630358531399693,56.41025641025641,0.010769416846988811,69.87179487179488,0.07010695464581934,56.41025641025641,-0.0013062634989609062,42.94871794871795,58.333333333333336,292604,40.52287581699346,33.246753246753244,368750,17.810457516339874,FALSE,TRUE,NA,Low,41,59,Small-Sample Watchlist,Fullbacks and wingbacks,1.1.0,2026-10-03 17:19:27 UTC,NA,NA,NA,Performance data through: 2026-10-03 (updates every day) · MLSPA compensation as of: 2026-04-16,FALSE,2026-10-03 17:19:20 UTC
KXMe8YjPQ6,asa_KXMe8YjPQ6_mls_full_2025,Edwin Mosquera,edwin mosquera,2001-06-27,Colombia,W,NA,24.01095140314853,mls,KAqBN0Vqbg,W,asa_live,TRUE,NA,mlspa_via_asa,0,NA,221,462000,full_2025,2025 full season,221,0,1,TRUE,0.11875113122171949,0.02915837104072398,-0.03734389140271493,0.05383710407239819,0.0909366515837104,-0.00940723981900452,-0.00842986425339366,2026,462000,Atlanta United FC,0.20362313755561975,1,0.18077695801872334,0.19282875522599746,0.031102262444410857,28.8135593220339,-0.03983348416414072,20.903954802259886,0.05742624434568597,28.24858757062147,0.09699909502565565,93.78531073446328,-0.010034389140585062,4.519774011299435,-0.0089918552039009,7.344632768361582,31.073446327683616,462000,40.588235294117645,47.66233766233766,562000,-9.514788966434029,FALSE,FALSE,NA,Low,41,59,Insufficient Evidence,Wingers and attacking midfielders,1.1.0,2026-10-03 17:19:27 UTC,NA,NA,NA,Performance data through: 2026-10-03 (updates every day) · MLSPA compensation as of: 2026-04-16,FALSE,2026-10-03 17:19:20 UTC
KXMe8ejPQ6,asa_KXMe8ejPQ6_mls_full_2025,Jeremy Rafanello,jeremy rafanello,2000-04-14,USA,CM,NA,26.21218343600274,mls,9z5k7Yg5A3,CM,asa_live,TRUE,NA,mlspa_via_asa,252,186125,373,186125,full_2025,2025 full season,373,0,1,TRUE,0.09342627345844504,0.015345844504021442,0.01334316353887399,0.00955495978552279,-0.00347453083109919,0.04519302949061662,0.01346380697050938,2026,186125,Philadelphia Union,0.1398991348215602,1,0.12208374192490865,0.13022265805730535,0.016368900804801065,49.720670391061454,0.014232707775243695,40.78212290502793,0.01019195710487614,17.318435754189945,-0.0037061662199549534,31.843575418994412,0.04820589812483083,22.905027932960895,0.014361394102325465,92.17877094972067,26.81564245810056,186125,25.142857142857142,26.623376623376622,516250,1.6727853152434164,FALSE,TRUE,NA,Low,41,59,Small-Sample Watchlist,Central and defensive midfielders,1.1.0,2026-10-03 17:19:27 UTC,NA,NA,NA,Performance data through: 2026-10-03 (updates every day) · MLSPA compensation as of: 2026-04-16,FALSE,2026-10-03 17:19:20 UTC
KXMe8jYxQ6,asa_KXMe8jYxQ6_mls_full_2025,Serge Ngoma,serge ngoma,2005-07-09,USA,W,NA,19.978097193702943,mls,a2lqRX2Mr0,W,asa_live,TRUE,NA,mlspa_via_asa,0,NA,757,193700,full_2025,2025 full season,757,0,1,TRUE,0.1279022457067371,0.03410964332892998,-0.00257992073976221,0.086778071334214,-0.02545442536327609,0.03586922060766182,-8.203434610303831e-4,2026,193700,New York Red Bulls,0.20362313755561975,1,0.1613823747482475,0.1721411997368434,0.036383619551995636,39.548022598870055,-0.0027519154558323547,48.58757062146893,0.09256327609272087,57.06214689265537,-0.02715138705500964,18.07909604519774,0.038260501982701575,42.3728813559322,-8.7503302512642e-4,25.98870056497175,15.819209039548022,193700,24.705882352941178,27.01298701298701,562000,-8.886673313393155,FALSE,FALSE,NA,Low,41,59,Insufficient Evidence,Wingers and attacking midfielders,1.1.0,2026-10-03 17:19:27 UTC,NA,NA,NA,Performance data through: 2026-10-03 (updates every day) · MLSPA compensation as of: 2026-04-16,FALSE,2026-10-03 17:19:20 UTC
KXMegX31q6,asa_KXMegX31q6_mls_full_2025,Tyger Smalls,tyger smalls,2002-09-18,England,W,NA,23.78370978781657,mls,NPqxKXZ59d,W,asa_live,TRUE,NA,mlspa_via_asa,268,113400,270,113400,full_2025,2025 full season,270,0,1,TRUE,0.16776666666666665,0.01856666666666666,-0.0486,0.0726,0.06473333333333334,0.0569,0.00356666666666666,2026,113400,Charlotte FC,0.20362313755561975,1,0.19249526727973776,0.20532828510480344,0.019804444445063324,18.64406779661017,-0.05184000000162,10.734463276836157,0.07744000000242,44.632768361581924,0.06904888889104667,89.26553672316385,0.06069333333523,80.22598870056497,0.003804444444563326,55.932203389830505,43.50282485875706,113400,14.705882352941176,13.896103896103897,562000,28.796942505815885,FALSE,TRUE,NA,Low,41,59,Small-Sample Watchlist,Wingers and attacking midfielders,1.1.0,2026-10-03 17:19:27 UTC,NA,NA,NA,Performance data through: 2026-10-03 (updates every day) · MLSPA compensation as of: 2026-04-16,FALSE,2026-10-03 17:19:20 UTC
KXMeggl2q6,asa_KXMeggl2q6_mls_full_2025,Duncan McGuire,duncan mcguire,2001-02-05,USA,FW,NA,25.399041752224505,mls,YgOMngl5wN,FW,asa_live,TRUE,NA,mlspa_via_asa,1070,921000,944,921000,full_2025,2025 full season,944,0,1,TRUE,0.1892383474576271,0.04816525423728813,-0.03704872881355932,0.2656906779661017,-0.12389300847457628,0.02627542372881356,0.01004872881355932,2026,921000,Houston Dynamo FC,0.2320804800898512,1,0.20588684459450174,0.21961263424099808,0.051376271188046184,33.92857142857143,-0.039518644069031564,52.67857142857143,0.2834033898393648,79.46428571428571,-0.13215254237701113,8.928571428571429,0.028027118644943644,40.17857142857143,0.010718644068131566,64.28571428571429,29.464285714285715,921000,67.56756756756756,79.0909090909091,558750,-38.10328185328185,TRUE,FALSE,24.137931034482758,High,20.75,79.25,Below Expected Value by Current Model,Strikers,1.1.0,2026-10-03 17:19:27 UTC,45,45,338,Performance data through: 2026-10-03 (updates every day) · MLSPA compensation as of: 2026-04-16,FALSE,2026-10-03 17:19:20 UTC
KXMek9R2q6,asa_KXMek9R2q6_mls_full_2025,Ondrej Lingr,ondrej lingr,1998-10-07,Czech Republic,FW,NA,27.731690622861056,mls,YgOMngl5wN,FW,asa_live,TRUE,NA,mlspa_via_asa,543,938074,1981,938074,full_2025,2025 full season,1981,0,1,TRUE,0.14708026249369005,0.04749873801110551,-0.0063331650681474,0.09734174659262997,-0.01510146390711761,0.02221150933871782,0.00146289752650176,2026,938074,Houston Dynamo FC,0.2320804800898512,1,0.16684009610767558,0.17796276918708195,0.0506653205467625,32.142857142857146,-0.006755376072901665,77.67857142857143,0.10383119636871668,14.285714285714286,-0.016108228168095498,62.5,0.023692276628706058,31.25,0.0015604240283173072,42.857142857142854,10.714285714285714,938074,68.46846846846847,79.87012987012987,558750,-57.75418275418276,TRUE,FALSE,12.068965517241379,Medium,29.75,70.25,Below Expected Value by Current Model,Strikers,1.1.0,2026-10-03 17:19:27 UTC,52,52,391,Performance data through: 2026-10-03 (updates every day) · MLSPA compensation as of: 2026-04-16,FALSE,2026-10-03 17:19:20 UTC
KXMekNYBq6,asa_KXMekNYBq6_mls_full_2025,Tomas Ostrak,tomas ostrak,2000-02-05,Czech Republic,W,NA,26.401095140314855,mls,wvq9B9wQWn,W,asa_live,TRUE,NA,mlspa_via_asa,125,801000,1144,801000,full_2025,2025 full season,1144,0,1,TRUE,0.15284265734265734,0.03382080419580419,-0.007025349650349649,0.02613461538461538,0.01100611888111888,0.070324300699300707,0.01858216783216783,2026,801000,St. Louis City SC,0.20362313755561975,1,0.17031300603977745,0.18166720644810638,0.03607552447665183,38.983050847457626,-0.007493706293940471,45.19774011299435,0.027876923077794227,8.474576271186441,0.011739860140227008,55.367231638418076,0.07501258741493157,92.65536723163842,0.019820979021598427,84.18079096045197,19.774011299435028,801000,65.88235294117646,72.85714285714286,562000,-46.10834164174143,FALSE,TRUE,NA,Low,41,59,Small-Sample Watchlist,Wingers and attacking midfielders,1.1.0,2026-10-03 17:19:27 UTC,NA,NA,NA,Performance data through: 2026-10-03 (updates every day) · MLSPA compensation as of: 2026-04-16,FALSE,2026-10-03 17:19:20 UTC
KXMekX42q6,asa_KXMekX42q6_mls_full_2025,Dejan Joveljic,dejan joveljic,1999-08-07,Serbia,FW,NA,26.899383983572896,mls,jYQJ19EqGR,FW,asa_live,TRUE,NA,mlspa_via_asa,2333,3306250,3090,3306250,full_2025,2025 full season,3090,0,1,TRUE,0.11779514563106797,0.06253398058252427,-0.07279514563106795,0.1449116504854369,-0.05964757281553398,0.021270873786407758,0.02152135922330097,2026,3306250,Seattle Sounders FC,0.2320804800898512,1,0.13637812684387823,0.14547000197134938,0.06670291262344369,54.464285714285715,-0.07764815534223232,18.75,0.1545724271892964,29.464285714285715,-0.06362407767189115,29.464285714285715,0.02268893203954397,25.892857142857142,0.022956116505571746,83.92857142857143,1.7857142857142858,3306250,87.38738738738739,95.32467532467533,558750,-85.6016731016731,TRUE,FALSE,1.7241379310344827,High,14,86,Below Expected Value by Current Model,Strikers,1.1.0,2026-10-03 17:19:27 UTC,58,58,437,Performance data through: 2026-10-03 (updates every day) · MLSPA compensation as of: 2026-04-16,FALSE,2026-10-03 17:19:20 UTC
KXMeke41q6,asa_KXMeke41q6_mls_full_2025,Robert Taylor,robert taylor,1994-10-21,Finland,W,NA,31.693360711841205,mls,gpMOLwl5zy,W,asa_live,TRUE,NA,mlspa_via_asa,903,633333,843,633333,full_2025,2025 full season,843,0,1,TRUE,0.10797864768683275,0.058644128113879,-0.0188220640569395,0.09591459074733096,-0.04376156583629893,0.04174377224199288,-0.02574021352313167,2026,633333,Austin FC,0.20362313755561975,1,0.14774766634329306,0.15759751077110418,0.06255373665675908,74.01129943502825,-0.020076868328029535,32.20338983050848,0.10230889680035017,64.97175141242938,-0.046679003560177575,9.6045197740113,0.04452669039285053,55.932203389830505,-0.027456227758865123,2.2598870056497176,8.474576271186441,633333,56.470588235294116,61.298701298701296,562000,-47.99601196410767,TRUE,FALSE,8.51063829787234,High,20.75,79.25,Below Expected Value by Current Model,Wingers and attacking midfielders,1.1.0,2026-10-03 17:19:27 UTC,87,87,407,Performance data through: 2026-10-03 (updates every day) · MLSPA compensation as of: 2026-04-16,FALSE,2026-10-03 17:19:20 UTC
N6Mm76gZqE,asa_N6Mm76gZqE_mls_full_2025,Josef Martínez,josef martinez,1993-05-19,Venezuela,FW,NA,33.1170431211499,mls,mvzqoLZQap,FW,asa_live,TRUE,NA,NA,501,1450000,2111,1450000,full_2025,2025 full season,2111,0,1,TRUE,0.30158313595452396,0.08336617716721932,-0.07574324964471815,0.2876674561819043,-0.02409237328280436,0.01682756987209853,0.01355755566082425,2026,1450000,Columbus Crew,0.2320804800898512,1,0.28620077021538576,0.30528082157261816,0.08892392231447949,83.92857142857143,-0.08079279962355747,15.178571428571429,0.3068452866036202,88.39285714285714,-0.025698531502461062,58.035714285714285,0.017949407864132683,15.178571428571429,0.014461392705331118,74.10714285714286,81.25,1450000,72.97297297297297,88.83116883116882,558750,8.277027027027032,TRUE,FALSE,65.51724137931035,Medium,29.75,70.25,Undervalued,Strikers,1.1.0,2026-10-03 17:19:27 UTC,21,21,155,Performance data through: 2026-10-03 (updates every day) · MLSPA compensation as of: 2026-04-16,FALSE,2026-10-03 17:19:20 UTC
N6MmGr7LqE,asa_N6MmGr7LqE_mls_full_2025,Gustavo Caraballo,gustavo caraballo,2008-08-29,USA,W,NA,16.83778234086242,mls,jYQJ8EW5GR,W,asa_live,TRUE,NA,mlspa_via_asa,0,NA,40,86997,full_2025,2025 full season,40,0,1,TRUE,0.6097499999999999,0.0162,0.049275,0.42210000000000003,0.0747,0.0414,0.006075,2026,86997,Orlando City SC,0.20362313755561975,1,0.22900606645839353,0.2442731375632533,0.01728000000054,16.384180790960453,0.0525600000016425,85.87570621468926,0.45024000001407005,98.87005649717514,0.07968000000249,90.96045197740114,0.04416000000138,54.80225988700565,0.0064800000002025,63.84180790960452,71.1864406779661,86997,3.5294117647058822,2.727272727272727,562000,67.65702891326022,FALSE,FALSE,NA,Low,41,59,Insufficient Evidence,Wingers and attacking midfielders,1.1.0,2026-10-03 17:19:27 UTC,NA,NA,NA,Performance data through: 2026-10-03 (updates every day) · MLSPA compensation as of: 2026-04-16,FALSE,2026-10-03 17:19:20 UTC
N6MmKBXeqE,asa_N6MmKBXeqE_mls_full_2025,Christian Cappis,christian cappis,1999-08-13,USA,CM,NA,26.882956878850106,mls,mKAqBBmqbg,CM,asa_live,TRUE,NA,mlspa_via_asa,1853,352000,1072,352000,full_2025,2025 full season,1072,0,1,TRUE,0.15545149253731344,0.01598507462686567,0.02051865671641791,0.03473227611940299,-0.00674160447761194,0.0921912313432836,-0.00123414179104477,2026,352000,FC Dallas,0.1398991348215602,1,0.1498705029263972,0.1598618697931527,0.017050746269189548,53.072625698324025,0.02188656716486306,52.513966480446925,0.037047761195187594,65.36312849162012,-0.007191044776344122,26.81564245810056,0.09833731343590887,83.79888268156425,-0.0013164179104888927,49.16201117318436,67.0391061452514,352000,37.142857142857146,38.311688311688314,516250,29.89624900239425,TRUE,FALSE,83.65384615384616,High,14,86,Strong Value,Central and defensive midfielders,1.1.0,2026-10-03 17:19:27 UTC,18,18,75,Performance data through: 2026-10-03 (updates every day) · MLSPA compensation as of: 2026-04-16,FALSE,2026-10-03 17:19:20 UTC
N6MmKdJPqE,asa_N6MmKdJPqE_mls_full_2025,Jack Maher,jack maher,1999-10-28,USA,CB,NA,26.67488021902806,mls,vzqoOgNqap,CB,asa_live,TRUE,NA,mlspa_via_asa,826,995467,3005,995467,full_2025,2025 full season,3005,0,1,TRUE,0.1354762063227953,0.00717004991680532,0.04265790349417637,0.013097171381031612,0.01380399334442595,0.06113710482529119,-0.0023900166389351,2026,995467,Nashville SC,0.14523645173583166,1,0.13710065770915364,0.14624070156100058,0.007648053244831344,47.852760736196316,0.04550176372854339,41.717791411042946,0.013970316140203625,40.49079754601227,0.014724259567847814,88.95705521472392,0.06521291181568184,33.12883435582822,-0.0025493510816104407,52.760736196319016,38.03680981595092,995467,85.09316770186335,81.55844155844156,518000,-47.05635788591243,TRUE,FALSE,13.68421052631579,Medium,29.75,70.25,Below Expected Value by Current Model,Center backs,1.1.0,2026-10-03 17:19:27 UTC,83,83,384,Performance data through: 2026-10-03 (updates every day) · MLSPA compensation as of: 2026-04-16,FALSE,2026-10-03 17:19:20 UTC
N6MmWAYwqE,asa_N6MmWAYwqE_mls_full_2025,Noel Buck,noel buck,2005-04-05,USA,CM,NA,21.23750855578371,mls,0KPqjA456v,CM,asa_live,TRUE,NA,mlspa_via_asa,69,150000,255,150000,full_2025,2025 full season,255,0,1,TRUE,0.03942352941176471,0,-0.02227058823529412,0.01503529411764706,-0.01394117647058823,0.06765882352941177,-0.00705882352941176,2026,150000,San Jose Earthquakes,0.1398991348215602,1,0.10993272619056856,0.11726157460693755,0,6.145251396648045,-0.023755294118389413,10.614525139664805,0.016037647059324707,31.28491620111732,-0.014870588235758818,17.318435754189945,0.07216941176696118,63.12849162011173,-0.007529411764941171,23.463687150837988,17.877094972067038,150000,21.142857142857142,23.506493506493506,516250,-3.2657621707901043,FALSE,TRUE,NA,Low,41,59,Small-Sample Watchlist,Central and defensive midfielders,1.1.0,2026-10-03 17:19:27 UTC,NA,NA,NA,Performance data through: 2026-10-03 (updates every day) · MLSPA compensation as of: 2026-04-16,FALSE,2026-10-03 17:19:20 UTC
N6MmWLNPqE,asa_N6MmWLNPqE_mls_full_2025,Matthew Corcoran,matthew corcoran,2006-02-17,USA,CM,NA,20.366872005475702,mls,vzqoOgNqap,CM,asa_live,TRUE,NA,mlspa_via_asa,1919,135668,477,135668,full_2025,2025 full season,477,0,1,TRUE,0.12624528301886792,5.660377358490566e-4,0.02333962264150943,0.01284905660377358,0.0190566037735849,0.08388679245283019,-0.01345283018867924,2026,135668,Nashville SC,0.1398991348215602,1,0.1338518856944625,0.14277534474522172,6.037735849245283e-4,12.849162011173185,0.024895597485054714,55.3072625698324,0.013705660377786788,23.463687150837988,0.020327044025792447,87.15083798882682,0.08947924528581509,77.6536312849162,-0.014349685535039616,13.966480446927374,41.899441340782126,135668,19.428571428571427,21.948051948051948,516250,22.4708699122107,TRUE,FALSE,76.92307692307692,High,14,86,Fair Value,Central and defensive midfielders,1.1.0,2026-10-03 17:19:27 UTC,25,25,104,Performance data through: 2026-10-03 (updates every day) · MLSPA compensation as of: 2026-04-16,FALSE,2026-10-03 17:19:20 UTC
N6MmWzkwqE,asa_N6MmWzkwqE_mls_full_2025,Tani Oluwaseyi,tani oluwaseyi,2000-05-15,Canada,FW,NA,25.127994524298423,mls,kRQand1MKZ,FW,asa_live,TRUE,NA,mlspa_via_asa,0,NA,2049,558750,full_2025,2025 full season,2049,0,1,TRUE,0.20442606149341144,0.07924743777452417,-0.05139531478770132,0.20085505124450953,-0.05800585651537335,0.03622401171303074,-0.00249926793557833,2026,558750,Minnesota United FC,0.2320804800898512,1,0.21068980296485873,0.22473578983620562,0.08453060029546736,80.35714285714286,-0.05482166910859458,36.607142857142854,0.21424538800083867,56.25,-0.06187291361833177,31.25,0.038638945828440255,67.85714285714286,-0.0026658857980335275,20.535714285714285,35.714285714285715,558750,50.450450450450454,55.84415584415584,558750,-14.736164736164739,FALSE,FALSE,NA,Low,41,59,Insufficient Evidence,Strikers,1.1.0,2026-10-03 17:19:27 UTC,NA,NA,NA,Performance data through: 2026-10-03 (updates every day) · MLSPA compensation as of: 2026-04-16,FALSE,2026-10-03 17:19:20 UTC
N6MmeAowME,asa_N6MmeAowME_mls_full_2025,Amahl Pellegrino,amahl pellegrino,1990-06-18,Tanzania,W,NA,36.03559206023272,mls,zeQZBOzQKw,W,asa_live,TRUE,NA,mlspa_via_asa,994,645000,1348,645000,full_2025,2025 full season,1348,0,1,TRUE,0.3117351632047478,0.06197181008902077,-0.01054896142433234,0.25330192878338276,-0.02839540059347181,0.01932195845697329,0.01608382789317507,2026,645000,San Diego FC,0.20362313755561975,1,0.2784357713210328,0.29699815608504954,0.06610326409702122,77.96610169491525,-0.011252225519639461,42.93785310734463,0.27018872404405164,96.61016949152543,-0.03028842730064978,16.384180790960453,0.020610089021415572,19.2090395480226,0.017156083086589537,81.92090395480226,92.65536723163842,645000,57.05882352941177,61.81818181818182,562000,35.596543702226654,TRUE,FALSE,89.36170212765957,High,20.75,79.25,Strong Value,Wingers and attacking midfielders,1.1.0,2026-10-03 17:19:27 UTC,11,11,51,Performance data through: 2026-10-03 (updates every day) · MLSPA compensation as of: 2026-04-16,FALSE,2026-10-03 17:19:20 UTC
N6MmeE3wME,asa_N6MmeE3wME_mls_full_2025,Hannes Wolf,hannes wolf,1999-04-16,Austria,W,NA,27.208761122518823,mls,Vj58weDM8n,W,asa_live,TRUE,NA,mlspa_via_asa,1502,1510000,3193,1510000,full_2025,2025 full season,3193,0,1,TRUE,0.19091669276542436,0.05518102098340119,-0.026346069527090513,0.08686564359536485,0.02311587848418415,0.05209458189790166,5.6373316630128414e-6,2026,1510000,New York City FC,0.20362313755561975,1,0.1929266761226923,0.20578845453730266,0.0588597557174673,70.62146892655367,-0.02810247416310808,27.683615819209038,0.09265668650461803,57.6271186440678,0.024656937050566957,67.2316384180791,0.05556755402616492,74.01129943502825,6.013153774068275e-6,38.4180790960452,45.19774011299435,1510000,77.6470588235294,89.0909090909091,562000,-32.44931871053505,TRUE,FALSE,18.085106382978722,High,14,86,Below Expected Value by Current Model,Wingers and attacking midfielders,1.1.0,2026-10-03 17:19:27 UTC,78,78,364,Performance data through: 2026-10-03 (updates every day) · MLSPA compensation as of: 2026-04-16,FALSE,2026-10-03 17:19:20 UTC
N6MmeKWLME,asa_N6MmeKWLME_mls_full_2025,Brooks Lennon,brooks lennon,1997-09-22,USA,FB,NA,28.772073921971252,mls,mvzqoLZQap,FB,asa_live,TRUE,NA,NA,474,740000,1759,740000,full_2025,2025 full season,1759,0,1,TRUE,0.0865412166003411,0.01073450824332006,0.00894371802160318,0.02223649801023308,0.0110824332006822,0.04425810119386014,-0.010714042069357579,2026,740000,Columbus Crew,0.1336622996580173,1,0.09852623136702432,0.10509464679477681,0.011450142126565881,49.35897435897436,0.009539965890008183,35.8974358974359,0.0237189312116565,51.92307692307692,0.011821262081097093,73.07692307692308,0.047208641274926084,35.8974358974359,-0.011428311541005218,14.743589743589743,12.820512820512821,740000,84.31372549019608,68.31168831168831,368750,-71.49321266968326,TRUE,FALSE,3.3333333333333335,Medium,29.75,70.25,Below Expected Value by Current Model,Fullbacks and wingbacks,1.1.0,2026-10-03 17:19:27 UTC,88,88,429,Performance data through: 2026-10-03 (updates every day) · MLSPA compensation as of: 2026-04-16,FALSE,2026-10-03 17:19:20 UTC
N6MmeZ4WME,asa_N6MmeZ4WME_mls_full_2025,Connor Ronan,connor ronan,1998-03-06,Republic of Ireland,CM,NA,28.320328542094455,mls,pzeQZ6xQKw,CM,asa_live,TRUE,NA,mlspa_via_asa,229,562400,1164,562400,full_2025,2025 full season,1164,0,1,TRUE,0.1827757731958763,0.01344587628865979,0.08894845360824742,0.02950515463917526,-0.00851288659793814,0.059706185567010316,-3.1701030927835e-4,2026,562400,Colorado Rapids,0.1398991348215602,1,0.1681918825923674,0.17940467477079827,0.014342268041685305,43.57541899441341,0.09487835051842887,93.29608938547486,0.031472164949437116,57.54189944134078,-0.00908041237141778,25.69832402234637,0.06368659794013454,48.04469273743017,-3.381443299074737e-4,54.74860335195531,77.09497206703911,562400,53.714285714285715,55.97402597402598,516250,23.380686352753393,FALSE,TRUE,NA,Low,41,59,Small-Sample Watchlist,Central and defensive midfielders,1.1.0,2026-10-03 17:19:27 UTC,NA,NA,NA,Performance data through: 2026-10-03 (updates every day) · MLSPA compensation as of: 2026-04-16,FALSE,2026-10-03 17:19:20 UTC
N6MmebxeME,asa_N6MmebxeME_mls_full_2025,Rodrigues,rodrigues,1997-10-10,Brazil,CB,NA,27.72347707049966,mls,0KPqjA456v,CB,asa_live,TRUE,NA,mlspa_via_asa,0,NA,1660,758000,full_2025,2025 full season,1660,0,1,TRUE,0.2291638554216867,0.013505421686746979,0.08008373493975905,0.03346265060240963,0.00389277108433734,0.09920060240963856,-9.813253012048197e-4,2026,758000,San Jose Earthquakes,0.14523645173583166,1,0.2068822438236721,0.22067439341881298,0.014405783132980292,79.14110429447852,0.08542265060507911,88.34355828220859,0.03569349397701903,80.3680981595092,0.004152289156756255,58.895705521472394,0.10581397590692115,76.68711656441718,-0.0010467469879845185,65.03067484662577,96.93251533742331,758000,67.70186335403727,70.12987012987013,518000,29.23065198338604,FALSE,FALSE,NA,Low,41,59,Insufficient Evidence,Center backs,1.1.0,2026-10-03 17:19:27 UTC,NA,NA,NA,Performance data through: 2026-10-03 (updates every day) · MLSPA compensation as of: 2026-04-16,FALSE,2026-10-03 17:19:20 UTC
N6Mmo9EPqE,asa_N6Mmo9EPqE_mls_full_2025,Nathan Ordaz,nathan ordaz,2004-01-12,USA,FW,NA,22.466803559206024,mls,EKXMeX3Q64,FW,asa_live,TRUE,NA,mlspa_via_asa,1040,545000,1622,545000,full_2025,2025 full season,1622,0,1,TRUE,0.11850924784217017,0.05935450061652281,-0.06689519112207153,0.11505240443896422,-0.00845067817509247,0.021512330456226882,-0.00206411837237977,2026,545000,D.C. United,0.2320804800898512,1,0.14917654727898771,0.15912165043589277,0.06331146732626948,48.214285714285715,-0.07135487053243947,23.214285714285715,0.12272256473873025,16.071428571428573,-0.009014056720380324,66.07142857142857,0.02294648582069242,26.785714285714285,-0.0022017262639405584,23.214285714285715,4.464285714285714,545000,48.648648648648646,54.15584415584416,558750,-44.18436293436293,TRUE,FALSE,18.96551724137931,High,20.75,79.25,Below Expected Value by Current Model,Strikers,1.1.0,2026-10-03 17:19:27 UTC,48,48,360,Performance data through: 2026-10-03 (updates every day) · MLSPA compensation as of: 2026-04-16,FALSE,2026-10-03 17:19:20 UTC
N6MmoN8vqE,asa_N6MmoN8vqE_mls_full_2025,Dominic Iankov,dominic iankov,2000-07-28,Bulgaria,CM,NA,24.92539356605065,mls,APk5LGOMOW,CM,asa_live,TRUE,NA,mlspa_via_asa,0,NA,45,410000,full_2025,2025 full season,45,0,1,TRUE,0.1288,6e-4,0.0842,-0.0404,0.089,0,-0.0046,2026,410000,CF Montréal,0.1398991348215602,1,0.13912477657819552,0.14839976168804606,6.400000000199999e-4,13.40782122905028,0.08981333333614,92.17877094972067,-0.04309333333468,0.5586592178770949,0.0949333333363,99.44134078212291,0,5.307262569832402,-0.00490666666682,32.960893854748605,48.60335195530726,410000,42.285714285714285,42.4025974025974,516250,6.317637669592976,FALSE,FALSE,NA,Low,41,59,Insufficient Evidence,Central and defensive midfielders,1.1.0,2026-10-03 17:19:27 UTC,NA,NA,NA,Performance data through: 2026-10-03 (updates every day) · MLSPA compensation as of: 2026-04-16,FALSE,2026-10-03 17:19:20 UTC
N6MmoYnPqE,asa_N6MmoYnPqE_mls_full_2025,Kobi Henry,kobi henry,2004-04-26,USA,CB,NA,22.17932922655715,mls,a2lqR4JMr0,CB,asa_live,TRUE,NA,mlspa_via_asa,599,121376,58,121376,full_2025,2025 full season,58,0,1,TRUE,-0.00604730560344825,4.41853448275862e-6,0.01722413793103448,0.12289655172413796,-0.15377586206896549,0.00418965517241379,0.00341379310344827,2026,121376,Real Salt Lake,0.14523645173583166,1,0.1319014092955912,0.14069483658636064,4.713103448423146e-6,15.950920245398773,0.018372413793677583,10.429447852760736,0.1310896551765104,98.77300613496932,-0.16402758621202237,0.6134969325153374,0.004468965517381031,4.294478527607362,0.0036413793104586143,94.47852760736197,30.061349693251532,121376,16.770186335403725,18.441558441558442,518000,13.291163357847807,TRUE,FALSE,65.26315789473684,Medium,29.75,70.25,Fair Value,Center backs,1.1.0,2026-10-03 17:19:27 UTC,34,34,157,Performance data through: 2026-10-03 (updates every day) · MLSPA compensation as of: 2026-04-16,FALSE,2026-10-03 17:19:20 UTC
NPqxA8RmQ9,asa_NPqxA8RmQ9_mls_full_2025,Nelson Quiñones,nelson quinones,2002-08-20,Colombia,W,NA,22.863791923340177,mls,YgOMngl5wN,W,asa_live,TRUE,NA,mlspa_via_asa,0,NA,18,272894,full_2025,2025 full season,18,0,1,TRUE,0.4600000000000001,0,0.195,0.1495,0.081,0.0345,0,2026,272894,Houston Dynamo FC,0.20362313755561975,1,0.21109042481128132,0.22516311980573642,0,6.214689265536723,0.2080000000065,99.43502824858757,0.15946666667165,85.31073446327683,0.0864000000027,92.65536723163842,0.03680000000115,38.983050847457626,0,35.31073446327684,61.5819209039548,272894,28.235294117647058,31.948051948051948,562000,33.346626786307745,FALSE,FALSE,NA,Low,41,59,Insufficient Evidence,Wingers and attacking midfielders,1.1.0,2026-10-03 17:19:27 UTC,NA,NA,NA,Performance data through: 2026-10-03 (updates every day) · MLSPA compensation as of: 2026-04-16,FALSE,2026-10-03 17:19:20 UTC
NPqxADDYQ9,asa_NPqxADDYQ9_mls_full_2025,Ali Ahmed,ali ahmed,2000-10-10,Canada,W,NA,24.722792607802873,mls,lgpMOvnQzy,W,asa_live,TRUE,NA,mlspa_via_asa,0,NA,1865,159375,full_2025,2025 full season,1865,0,1,TRUE,0.3527517426273459,0.05303485254691689,0.05261501340482574,0.08728310991957104,0.08906863270777479,0.04840214477211796,0.02234798927613941,2026,159375,Vancouver Whitecaps FC,0.20362313755561975,1,0.31645269068290954,0.33754953673898525,0.056570509385145844,66.66666666666667,0.05612268096690129,87.00564971751412,0.09310198391711855,58.19209039548023,0.09500654155792873,93.22033898305085,0.051628954425205896,71.1864406779661,0.02383785522862697,88.70056497175142,96.61016949152543,159375,22.352941176470587,24.415584415584416,562000,74.25722831505485,FALSE,FALSE,NA,Low,41,59,Insufficient Evidence,Wingers and attacking midfielders,1.1.0,2026-10-03 17:19:27 UTC,NA,NA,NA,Performance data through: 2026-10-03 (updates every day) · MLSPA compensation as of: 2026-04-16,FALSE,2026-10-03 17:19:20 UTC
NPqxAN6GQ9,asa_NPqxAN6GQ9_mls_full_2025,Jonathan Shore,jonathan shore,2007-04-13,USA,CM,NA,19.21697467488022,mls,Vj58weDM8n,CM,asa_live,TRUE,NA,mlspa_via_asa,786,125900,1726,125900,full_2025,2025 full season,1726,0,1,TRUE,0.09751390498261878,0.0183702201622248,0.01174797219003476,0.02629606025492468,-0.01232676709154113,0.05644032444959444,-0.00301390498261877,2026,125900,New York City FC,0.1398991348215602,1,0.10844732626523479,0.11567714801986535,0.01959490150698546,61.452513966480446,0.012531170336428676,39.66480446927374,0.028049130939462864,52.513966480446925,-0.01314855156472143,18.435754189944134,0.06020301274811541,42.45810055865922,-0.003214831981560485,39.66480446927374,15.64245810055866,125900,17.714285714285715,20.25974025974026,516250,-2.0718276137270557,TRUE,FALSE,50,Medium,29.75,70.25,Fair Value,Central and defensive midfielders,1.1.0,2026-10-03 17:19:27 UTC,53,53,223,Performance data through: 2026-10-03 (updates every day) · MLSPA compensation as of: 2026-04-16,FALSE,2026-10-03 17:19:20 UTC
NPqxAP6gQ9,asa_NPqxAP6gQ9_mls_full_2025,Archie Goodwin,archie goodwin,2004-11-07,Australia,FW,NA,21.645448323066393,mls,NPqxKXZ59d,FW,asa_live,TRUE,NA,mlspa_via_asa,572,366187,150,366187,full_2025,2025 full season,150,0,1,TRUE,0.29075999999999996,0.0171,0.01962,0.53256,-0.27071999999999996,-0.00408,-0.00371999999999999,2026,366187,Charlotte FC,0.2320804800898512,1,0.24381638407188094,0.26007080968480023,0.01824000000057,8.035714285714286,0.020928000000654,91.96428571428571,0.568064000017752,100,-0.288768000009024,1.7857142857142858,-0.0043520000001360006,3.5714285714285716,-0.003968000000123989,18.75,59.82142857142857,366187,37.83783783783784,39.22077922077922,558750,21.98359073359073,TRUE,FALSE,77.58620689655173,Medium,29.75,70.25,Undervalued,Strikers,1.1.0,2026-10-03 17:19:27 UTC,14,14,103,Performance data through: 2026-10-03 (updates every day) · MLSPA compensation as of: 2026-04-16,FALSE,2026-10-03 17:19:20 UTC
NPqxAp4mQ9,asa_NPqxAp4mQ9_mls_full_2025,Fidel Barajas,fidel barajas,2006-04-05,USA,W,NA,19.238877481177276,mls,EKXMeX3Q64,W,asa_live,TRUE,NA,mlspa_via_asa,0,NA,50,104000,full_2025,2025 full season,50,0,1,TRUE,0.01998000000000001,0,0.03329999999999999,0.09234,-0.15047999999999995,0.030600000000000002,0.01422,2026,104000,D.C. United,0.20362313755561975,1,0.18949674235903363,0.2021298585226191,0,6.214689265536723,0.03552000000110999,80.22598870056497,0.09849600000307801,62.14689265536723,-0.16051200000501595,2.2598870056497176,0.03264000000102,32.20338983050848,0.015168000000474,76.8361581920904,39.548022598870055,104000,12.647058823529411,10.519480519480519,562000,26.900963775340642,FALSE,FALSE,NA,Low,41,59,Insufficient Evidence,Wingers and attacking midfielders,1.1.0,2026-10-03 17:19:27 UTC,NA,NA,NA,Performance data through: 2026-10-03 (updates every day) · MLSPA compensation as of: 2026-04-16,FALSE,2026-10-03 17:19:20 UTC
NPqxe1RjQ9,asa_NPqxe1RjQ9_mls_full_2025,Felipe Carballo,felipe carballo,1996-10-04,Uruguay,CM,NA,28.739219712525667,mls,a2lqRX2Mr0,CM,asa_live,TRUE,NA,mlspa_via_asa,0,NA,1183,1199777,full_2025,2025 full season,1183,0,1,TRUE,0.2694522400676247,0.02512087912087912,0.08622654268808115,0.03129078613693999,0.01660016906170752,0.11160608622147083,-0.00139222316145393,2026,1199777,New York Red Bulls,0.1398991348215602,1,0.22585613061858448,0.2409132060006853,0.02679560439644176,72.06703910614524,0.09197497887016078,92.73743016759776,0.03337683854711235,59.77653631284916,0.017706846999708026,85.47486033519553,0.11904649197328909,93.29608938547486,-0.0014850380389305994,47.486033519553075,98.32402234636872,1199777,91.42857142857143,85.1948051948052,516250,6.895450917797291,FALSE,FALSE,NA,Low,41,59,Insufficient Evidence,Central and defensive midfielders,1.1.0,2026-10-03 17:19:27 UTC,NA,NA,NA,Performance data through: 2026-10-03 (updates every day) · MLSPA compensation as of: 2026-04-16,FALSE,2026-10-03 17:19:20 UTC
NPqxeJAkQ9,asa_NPqxeJAkQ9_mls_full_2025,Jailson,jailson,1995-09-07,Brazil,CB,NA,29.815195071868583,mls,eVq3ya6MWO,CB,asa_live,TRUE,NA,mlspa_via_asa,0,NA,166,1317444,full_2025,2025 full season,166,0,1,TRUE,0.14893373493975903,3.2530120481927705e-4,0.04960843373493975,0.013933734939759032,0.03979518072289157,0.048686746987951814,-0.0034156626506024,2026,1317444,Los Angeles FC,0.14523645173583166,1,0.14603769065469843,0.15577353670321292,3.469879518180722e-4,17.177914110429448,0.052915662652256015,55.214723926380366,0.014862650602874092,42.331288343558285,0.042448192772410846,100,0.051932530122104824,22.699386503067483,-0.003643373494089749,44.785276073619634,50.306748466257666,1317444,94.40993788819875,86.75324675324676,518000,-44.10318942194109,FALSE,FALSE,NA,Low,41,59,Insufficient Evidence,Center backs,1.1.0,2026-10-03 17:19:27 UTC,NA,NA,NA,Performance data through: 2026-10-03 (updates every day) · MLSPA compensation as of: 2026-04-16,FALSE,2026-10-03 17:19:20 UTC
NPqxen8gQ9,asa_NPqxen8gQ9_mls_full_2025,Adrián Marín,adrian marin,1997-01-09,Spain,CB,NA,29.472963723477072,mls,jYQJ8EW5GR,CB,asa_live,TRUE,NA,mlspa_via_asa,1326,577972,397,577972,full_2025,2025 full season,397,0,1,TRUE,0.2267455919395466,0.01872544080604534,0.08265491183879094,0.009,0.01707052896725441,0.09777581863979846,0.0015188916876574302,2026,577972,Orlando City SC,0.14523645173583166,1,0.1776929498911725,0.1895391465565071,0.019973803527072544,89.57055214723927,0.08816523929746549,91.41104294478528,0.009600000000299999,30.061349693251532,0.018208564232307056,93.25153374233129,0.10429420655237756,74.84662576687117,0.0016201511335518885,89.57055214723927,82.82208588957056,577972,54.037267080745345,57.27272727272727,518000,28.784818808825214,TRUE,FALSE,81.05263157894737,High,20.75,79.25,Strong Value,Center backs,1.1.0,2026-10-03 17:19:27 UTC,19,19,86,Performance data through: 2026-10-03 (updates every day) · MLSPA compensation as of: 2026-04-16,FALSE,2026-10-03 17:19:20 UTC
NPqxmgXkQ9,asa_NPqxmgXkQ9_mls_full_2025,Daniel Steres,daniel steres,1990-11-11,USA,FB,NA,34.63655030800821,mls,YgOMngl5wN,FB,asa_live,TRUE,NA,mlspa_via_asa,0,NA,446,323438,full_2025,2025 full season,446,0,1,TRUE,0.06263677130044842,0.00270403587443946,0.04110538116591928,0.00799103139013453,-0.01117937219730941,0.02748430493273542,-0.005468609865470849,2026,323438,Houston Dynamo FC,0.1336622996580173,1,0.10337799215565045,0.11026985830280642,0.0028843049328255584,17.307692307692307,0.04384573991168408,78.84615384615384,0.008523766816409865,13.461538461538462,-0.011924663677502683,16.025641025641026,0.02931659192916726,18.58974358974359,-0.005833183856684526,22.435897435897434,16.666666666666668,323438,45.09803921568628,35.58441558441559,368750,-28.43137254901961,FALSE,FALSE,NA,Low,41,59,Insufficient Evidence,Fullbacks and wingbacks,1.1.0,2026-10-03 17:19:27 UTC,NA,NA,NA,Performance data through: 2026-10-03 (updates every day) · MLSPA compensation as of: 2026-04-16,FALSE,2026-10-03 17:19:20 UTC
NPqxx41Gq9,asa_NPqxx41Gq9_mls_full_2025,Antoine Coupland,antoine coupland,2003-12-12,Canada,W,NA,21.5523613963039,mls,lgpMOvnQzy,W,asa_live,FALSE,NA,NA,0,NA,25,NA,full_2025,2025 full season,25,0,1,TRUE,0.47268,0.16668,0.20664,0.085320000000000007,-0.08927999999999998,0.10187999999999998,0.00144,2026,NA,Vancouver Whitecaps FC,0.20362313755561975,1,0.21438541205339495,0.2286777728641008,0.177792000005556,100,0.220416000006888,100,0.09100800000284401,56.49717514124294,-0.09523200000297598,4.519774011299435,0.10867200000339598,98.30508474576271,0.001536000000048,46.32768361581921,64.97175141242938,NA,NA,NA,562000,NA,FALSE,FALSE,NA,Insufficient,41,59,Insufficient Evidence,Wingers and attacking midfielders,1.1.0,2026-10-03 17:19:27 UTC,NA,NA,NA,Performance data through: 2026-10-03 (updates every day) · MLSPA compensation as of: 2026-04-16,FALSE,2026-10-03 17:19:20 UTC
NPqxx91gq9,asa_NPqxx91gq9_mls_full_2025,Ajani Fortune,ajani fortune,2002-12-30,Trinidad & Tobago,CM,NA,23.50171115674196,mls,KAqBN0Vqbg,CM,asa_live,TRUE,NA,mlspa_via_asa,687,120000,904,120000,full_2025,2025 full season,904,0,1,TRUE,0.12334181415929205,0.01767146017699115,0.03013606194690265,0.02599446902654867,0.01183738938053097,0.04282964601769912,-0.00512721238938053,2026,120000,Atlanta United FC,0.1398991348215602,1,0.129947128253282,0.1386102701411657,0.018849557522712942,59.21787709497207,0.03214513274436736,64.80446927374301,0.02772743362918506,51.95530726256983,0.012626548672960947,78.2122905027933,0.045684955753640046,20.11173184357542,-0.0054690265488434725,31.28491620111732,35.754189944134076,120000,16.285714285714285,18.181818181818183,516250,19.46847565841979,TRUE,FALSE,75,Medium,29.75,70.25,Fair Value,Central and defensive midfielders,1.1.0,2026-10-03 17:19:27 UTC,27,27,113,Performance data through: 2026-10-03 (updates every day) · MLSPA compensation as of: 2026-04-16,FALSE,2026-10-03 17:19:20 UTC
NPqxxLDkq9,asa_NPqxxLDkq9_mls_full_2025,Andrew Privett,andrew privett,2000-08-02,USA,CB,NA,25.911019849418206,mls,NPqxKXZ59d,CB,asa_live,TRUE,NA,mlspa_via_asa,643,281400,2047,281400,full_2025,2025 full season,2047,0,1,TRUE,0.1682037127503664,0.00240937957987298,0.07973815339521252,0.01266682950659501,-0.01143575964826575,0.10961797752808988,-0.02479286761113825,2026,281400,Charlotte FC,0.14523645173583166,1,0.16299768456422328,0.1738641968739381,0.002570004885278158,22.085889570552148,0.08505403029088462,87.73006134969326,0.013511284807456905,38.65030674846626,-0.012198143625197992,17.791411042944784,0.11692584270028314,84.66257668711657,-0.02644572545270723,9.815950920245399,67.48466257668711,281400,31.677018633540374,32.72727272727273,518000,35.80764394314674,TRUE,FALSE,86.3157894736842,Medium,29.75,70.25,Strong Value,Center backs,1.1.0,2026-10-03 17:19:27 UTC,14,14,63,Performance data through: 2026-10-03 (updates every day) · MLSPA compensation as of: 2026-04-16,FALSE,2026-10-03 17:19:20 UTC
NPqxxgBXq9,asa_NPqxxgBXq9_mls_full_2025,Brandon Cambridge,brandon cambridge,2002-02-09,Canada,W,NA,23.38945927446954,mls,NPqxKXZ59d,W,asa_live,TRUE,NA,mlspa_via_asa,0,NA,15,133026,full_2025,2025 full season,15,0,1,TRUE,1.6800000000000002,0.0672,0.1878,1.5474,-0.1224,0,0,2026,133026,Charlotte FC,0.20362313755561975,1,0.23963232932255585,0.2556078179520473,0.07168000000224,83.05084745762711,0.20032000000626,98.87005649717514,1.65056000005158,100,-0.13056000000408,2.824858757062147,0,9.322033898305085,0,35.31073446327684,77.40112994350282,133026,19.41176470588235,21.558441558441558,562000,57.989365237620476,FALSE,FALSE,NA,Low,41,59,Insufficient Evidence,Wingers and attacking midfielders,1.1.0,2026-10-03 17:19:27 UTC,NA,NA,NA,Performance data through: 2026-10-03 (updates every day) · MLSPA compensation as of: 2026-04-16,FALSE,2026-10-03 17:19:20 UTC
NPqxxjAmq9,asa_NPqxxjAmq9_mls_full_2025,Elijah Wynder,elijah wynder,2003-03-10,USA,CM,NA,23.310061601642712,mls,kaDQ0wRqEv,CM,asa_live,TRUE,NA,mlspa_via_asa,1198,352208,1053,352208,full_2025,2025 full season,1053,0,1,TRUE,0.12346153846153846,0.01909401709401709,-0.00735042735042735,0.05947008547008547,0.00415384615384615,0.04344444444444444,0.00464957264957264,2026,352208,LA Galaxy,0.1398991348215602,1,0.12942799812034853,0.13805653133268603,0.02036695156758803,64.24581005586592,-0.007840455840700854,18.435754189944134,0.06343475783674017,85.47486033519553,0.004430769230907688,57.54189944134078,0.046340740742188885,21.22905027932961,0.004959544159699135,84.91620111731844,33.5195530726257,352208,37.714285714285715,38.44155844155844,516250,-4.194732641660018,TRUE,FALSE,45.19230769230769,High,20.75,79.25,Fair Value,Central and defensive midfielders,1.1.0,2026-10-03 17:19:27 UTC,58,58,245,Performance data through: 2026-10-03 (updates every day) · MLSPA compensation as of: 2026-04-16,FALSE,2026-10-03 17:19:20 UTC
NWMW0Bz5lz,asa_NWMW0Bz5lz_mls_full_2025,Sergio Busquets,sergio busquets,1988-07-16,Spain,CM,NA,36.95824777549623,mls,zeQZkL1MKw,CM,asa_live,TRUE,NA,mlspa_via_asa,0,NA,3809,8774996,full_2025,2025 full season,3809,0,1,TRUE,0.19234339721711735,0.00248569178262011,0.1158493042793384,0.01379417169860855,0.00545576266736676,0.05886741927014964,-0.00410895248096613,2026,8774996,Inter Miami CF,0.1398991348215602,1,0.18520650507891498,0.19755360542368286,0.002651404568210974,14.525139664804469,0.12357259123515593,97.76536312849161,0.01471378314564226,26.81564245810056,0.005819480178706403,60.89385474860335,0.06279191389012187,46.927374301675975,-0.004382882646500837,34.63687150837989,89.3854748603352,8774996,99.42857142857143,99.35064935064935,516250,-10.043096568236237,FALSE,FALSE,NA,Low,41,59,Insufficient Evidence,Central and defensive midfielders,1.1.0,2026-10-03 17:19:27 UTC,NA,NA,NA,Performance data through: 2026-10-03 (updates every day) · MLSPA compensation as of: 2026-04-16,FALSE,2026-10-03 17:19:20 UTC
NWMWL3nL5l,asa_NWMWL3nL5l_mls_full_2025,Mathías Laborda,mathias laborda,1999-09-15,Uruguay,CB,NA,26.792607802874745,mls,lgpMOvnQzy,CB,asa_live,TRUE,NA,mlspa_via_asa,2375,1193625,2849,1193625,full_2025,2025 full season,2849,0,1,TRUE,0.20587223587223585,0.02897437697437697,0.04925517725517726,0.07346893646893647,-0.01141663741663741,0.05465075465075465,0.01093962793962793,2026,1193625,Vancouver Whitecaps FC,0.14523645173583166,1,0.19532382459886893,0.20834541291197098,0.030906002106967916,96.31901840490798,0.05253885574049758,54.60122699386503,0.07836686556931453,96.93251533742331,-0.012177746578127126,18.404907975460123,0.05829413829595998,28.834355828220858,0.011668936469301113,98.77300613496932,93.86503067484662,1193625,90.6832298136646,85.06493506493507,518000,3.181800861182026,TRUE,FALSE,52.63157894736842,High,14,86,Fair Value,Center backs,1.1.0,2026-10-03 17:19:27 UTC,46,46,212,Performance data through: 2026-10-03 (updates every day) · MLSPA compensation as of: 2026-04-16,FALSE,2026-10-03 17:19:20 UTC
NWMWLO7N5l,asa_NWMWLO7N5l_mls_full_2025,Sam Junqua,sam junqua,1996-11-09,USA,CB,NA,29.639972621492127,mls,a2lqR4JMr0,CB,asa_live,TRUE,NA,mlspa_via_asa,1330,482813,2120,482813,full_2025,2025 full season,2120,0,1,TRUE,0.1022943396226415,0.01188254716981132,0.02830330188679244,0.02217311320754716,0.00753537735849056,0.02562028301886792,0.00677971698113207,2026,482813,Real Salt Lake,0.14523645173583166,1,0.11176686435349228,0.11921798864745066,0.01267471698152816,70.5521472392638,0.030190188680188714,17.177914110429448,0.023651320755456076,64.41717791411043,0.008037735849307778,74.23312883435582,0.027328301887646456,9.202453987730062,0.0072316981134335325,98.15950920245399,14.723926380368098,482813,46.58385093167702,49.48051948051948,518000,-31.85992455130892,TRUE,FALSE,20,High,20.75,79.25,Below Expected Value by Current Model,Center backs,1.1.0,2026-10-03 17:19:27 UTC,77,77,357,Performance data through: 2026-10-03 (updates every day) · MLSPA compensation as of: 2026-04-16,FALSE,2026-10-03 17:19:20 UTC
NWMWV4LDQl,asa_NWMWV4LDQl_mls_full_2025,Deybi Flores,deybi flores,1996-06-16,Honduras,CM,NA,29.0403832991102,mls,kRQabn8MKZ,CM,asa_live,TRUE,NA,mlspa_via_asa,0,NA,1506,656667,full_2025,2025 full season,1506,0,1,TRUE,0.164300796812749,0.01676294820717131,0.03599402390438246,0.02799203187250996,-0.0025219123505976,0.09343027888446216,-0.007356573705179281,2026,656667,Toronto FC,0.1398991348215602,1,0.15734875635941886,0.16783867345529174,0.017880478088208165,55.865921787709496,0.03839362549920775,69.83240223463687,0.02985816733161036,55.865921787709496,-0.0026900398407215037,36.87150837988827,0.09965896414654064,86.03351955307262,-0.007847011952436452,21.22905027932961,73.74301675977654,656667,60.57142857142857,62.33766233766234,516250,13.171588188347968,FALSE,FALSE,NA,Low,41,59,Insufficient Evidence,Central and defensive midfielders,1.1.0,2026-10-03 17:19:27 UTC,NA,NA,NA,Performance data through: 2026-10-03 (updates every day) · MLSPA compensation as of: 2026-04-16,FALSE,2026-10-03 17:19:20 UTC
NWMWVA9NQl,asa_NWMWVA9NQl_mls_full_2025,Khiry Shelton,khiry shelton,1993-06-26,USA,FB,NA,32.01368925393566,mls,Z2vQ1xlqrA,FB,asa_live,TRUE,NA,mlspa_via_asa,0,NA,2040,775000,full_2025,2025 full season,2040,0,1,TRUE,0.1166205882352941,0.00752647058823529,0.02599852941176471,0.02049705882352941,-1.5e-4,0.06070588235294117,0.00204264705882352,2026,775000,Sporting Kansas City,0.1336622996580173,1,0.1204937044677312,0.12852661810292973,0.008028235294368524,30.76923076923077,0.027731764706748974,58.333333333333336,0.02186352941244794,42.94871794871795,-1.6000000000499997e-4,42.30769230769231,0.06475294117849412,50.64102564102564,0.002178823529479843,69.23076923076923,37.82051282051282,775000,87.58169934640523,71.1038961038961,368750,-49.76118652589241,FALSE,FALSE,NA,Low,41,59,Insufficient Evidence,Fullbacks and wingbacks,1.1.0,2026-10-03 17:19:27 UTC,NA,NA,NA,Performance data through: 2026-10-03 (updates every day) · MLSPA compensation as of: 2026-04-16,FALSE,2026-10-03 17:19:20 UTC
NWMWVR6jQl,asa_NWMWVR6jQl_mls_full_2025,Brendan Hines-Ike,brendan hinesike,1994-11-30,USA,CB,NA,31.58384668035592,mls,gpMOLwl5zy,CB,asa_live,TRUE,NA,mlspa_via_asa,1696,375000,3304,375000,full_2025,2025 full season,3304,0,1,TRUE,0.1288247578692494,0.00458171912832929,0.04687136803874092,0.01728087167070217,0.00104872881355932,0.0578680387409201,0.00117403147699757,2026,375000,Austin FC,0.14523645173583166,1,0.13134704688562987,0.14010351668238344,0.0048871670703706325,28.834355828220858,0.04999612590955269,49.693251533742334,0.018432929782658345,52.760736196319016,0.0011186440678315657,50.306748466257666,0.06172590799224371,31.901840490797547,0.0012523002421698758,87.11656441717791,28.834355828220858,375000,36.64596273291925,40,518000,-7.811606904698394,TRUE,FALSE,41.05263157894737,High,14,86,Fair Value,Center backs,1.1.0,2026-10-03 17:19:27 UTC,57,57,264,Performance data through: 2026-10-03 (updates every day) · MLSPA compensation as of: 2026-04-16,FALSE,2026-10-03 17:19:20 UTC
NWMWVZaDQl,asa_NWMWVZaDQl_mls_full_2025,Josh Yaro,josh yaro,1994-11-18,Ghana,CB,NA,30.61738535249829,mls,wvq9B9wQWn,CB,asa_live,TRUE,NA,mlspa_via_asa,0,NA,1405,204500,full_2025,2025 full season,1405,0,1,TRUE,0.0952462633451957,0.00431743772241992,0.02748683274021352,0.01475871886120996,-0.04896512455516014,0.1191715302491103,-0.02152313167259786,2026,204500,St. Louis City SC,0.14523645173583166,1,0.11020592071895209,0.11755298210388909,0.004605266904058496,27.607361963190183,0.029319288257143986,16.56441717791411,0.015742633452449247,44.785276073619634,-0.05222946619380298,3.6809815950920246,0.1271162989363567,87.11656441717791,-0.022958007118155155,11.656441717791411,11.656441717791411,204500,27.32919254658385,27.792207792207794,518000,-15.67275082879244,FALSE,FALSE,NA,Low,41,59,Insufficient Evidence,Center backs,1.1.0,2026-10-03 17:19:27 UTC,NA,NA,NA,Performance data through: 2026-10-03 (updates every day) · MLSPA compensation as of: 2026-04-16,FALSE,2026-10-03 17:19:20 UTC
NWMWXRoE5l,asa_NWMWXRoE5l_mls_full_2025,Andreas Maxsø,andreas maxso,1994-03-18,Denmark,CB,NA,31.288158795345655,mls,pzeQZ6xQKw,CB,asa_live,TRUE,NA,mlspa_via_asa,0,NA,3230,1392500,full_2025,2025 full season,3230,0,1,TRUE,0.10973312693498452,0.005951702786377699,0.0331578947368421,0.01877182662538699,7.829721362229102e-4,0.06515108359133127,-0.01408235294117647,2026,1392500,Colorado Rapids,0.14523645173583166,1,0.11529500549386397,0.12298133919729806,0.006348482972334602,38.03680981595092,0.03536842105373684,23.312883435582823,0.020023281734371852,56.441717791411044,8.3517027866387e-4,49.079754601226995,0.06949448916625839,37.423312883435585,-0.015021176471057645,20.858895705521473,18.404907975460123,1392500,95.65217391304348,87.79220779220779,518000,-77.24726593758336,FALSE,FALSE,NA,Low,41,59,Insufficient Evidence,Center backs,1.1.0,2026-10-03 17:19:27 UTC,NA,NA,NA,Performance data through: 2026-10-03 (updates every day) · MLSPA compensation as of: 2026-04-16,FALSE,2026-10-03 17:19:20 UTC
NWMWXy775l,asa_NWMWXy775l_mls_full_2025,Joakim Nilsson,joakim nilsson,1994-02-06,Sweden,CB,NA,31.397672826830934,mls,wvq9B9wQWn,CB,asa_live,TRUE,NA,mlspa_via_asa,0,NA,167,1255750,full_2025,2025 full season,167,0,1,TRUE,0.29689221556886225,0.03723952095808382,0.04920359281437126,-5.389221556886227e-4,0.013850299401197601,0.19837724550898203,-0.00123952095808383,2026,1255750,St. Louis City SC,0.14523645173583166,1,0.1782566767164263,0.19014045517012995,0.03972215568986406,100,0.05248383233696947,53.987730061349694,-5.748502994191617e-4,4.9079754601226995,0.014773652695072451,89.57055214723927,0.2116023952161934,96.93251533742331,-0.0013221556886640693,61.34969325153374,83.43558282208589,1255750,93.16770186335404,85.97402597402598,518000,-9.732119041268149,FALSE,FALSE,NA,Low,41,59,Insufficient Evidence,Center backs,1.1.0,2026-10-03 17:19:27 UTC,NA,NA,NA,Performance data through: 2026-10-03 (updates every day) · MLSPA compensation as of: 2026-04-16,FALSE,2026-10-03 17:19:20 UTC
NWMWeDYqlz,asa_NWMWeDYqlz_mls_full_2025,Nicolás Lodeiro,nicolas lodeiro,1989-03-21,Uruguay,W,NA,36.27926078028747,mls,YgOMngl5wN,W,asa_live,TRUE,NA,mlspa_via_asa,0,NA,679,200000,full_2025,2025 full season,679,0,1,TRUE,0.08577172312223859,0.015508100147275402,-1.0603829160530192e-4,0.04856553755522828,-0.03406480117820323,0.04343593519882179,0.01243298969072165,2026,200000,Houston Dynamo FC,0.20362313755561975,1,0.14105776585877394,0.15046161692072746,0.016541973490944033,15.254237288135593,-1.1310751104918999e-4,51.41242937853107,0.05180324006052901,22.033898305084747,-0.03633578792455227,12.429378531073446,0.046331664213524436,58.75706214689266,0.013261855670517526,75.14124293785311,6.214689265536723,200000,25.294117647058822,27.337662337662337,562000,-19.0794283815221,FALSE,FALSE,NA,Low,41,59,Insufficient Evidence,Wingers and attacking midfielders,1.1.0,2026-10-03 17:19:27 UTC,NA,NA,NA,Performance data through: 2026-10-03 (updates every day) · MLSPA compensation as of: 2026-04-16,FALSE,2026-10-03 17:19:20 UTC
NWMWgLbEMl,asa_NWMWgLbEMl_mls_full_2025,Kevin Kelsy,kevin kelsy,2004-07-27,Venezuela,FW,NA,21.927446954141,mls,WBLMvYAQxe,FW,asa_live,TRUE,NA,mlspa_via_asa,1371,802804,1978,802804,full_2025,2025 full season,1978,0,1,TRUE,0.1227876643073812,0.04369413549039434,-0.05490546006066734,0.1799726996966633,-0.07440242669362994,0.02517997977755308,0.00324873609706774,2026,802804,Portland Timbers FC,0.2320804800898512,1,0.1482243165453494,0.1581059376533135,0.0466070778578771,29.464285714285715,-0.05856582406654201,30.357142857142858,0.19197087968243995,46.42857142857143,-0.07936258847568535,23.214285714285715,0.02685864509689595,39.285714285714285,0.003465318503647214,47.32142857142857,3.5714285714285716,802804,61.26126126126126,72.98701298701299,558750,-57.68983268983269,TRUE,FALSE,13.793103448275861,High,20.75,79.25,Below Expected Value by Current Model,Strikers,1.1.0,2026-10-03 17:19:27 UTC,51,51,383,Performance data through: 2026-10-03 (updates every day) · MLSPA compensation as of: 2026-04-16,FALSE,2026-10-03 17:19:20 UTC
NWMWgLvKMl,asa_NWMWgLvKMl_mls_full_2025,Dominik Chong Qui,dominik chong qui,2007-12-29,USA,FB,NA,17.505817932922657,mls,KAqBN0Vqbg,FB,asa_live,TRUE,NA,mlspa_via_asa,0,NA,168,80622,full_2025,2025 full season,168,0,1,TRUE,-0.00589285714285714,0.01178571428571428,-0.00921428571428571,0.00792857142857142,-0.04082142857142858,0.02753571428571429,-0.00310714285714285,2026,80622,Atlanta United FC,0.1336622996580173,1,0.10313460910782601,0.11001024971845223,0.012571428571821423,52.56410256410256,-0.009828571428878566,21.153846153846153,0.008457142857407134,12.179487179487179,-0.043542857144217864,3.2051282051282053,0.029371428572346432,19.23076923076923,-0.003314285714389278,32.69230769230769,16.025641025641026,80622,1.3071895424836601,1.103896103896104,368750,14.718451483157365,FALSE,FALSE,NA,Low,41,59,Insufficient Evidence,Fullbacks and wingbacks,1.1.0,2026-10-03 17:19:27 UTC,NA,NA,NA,Performance data through: 2026-10-03 (updates every day) · MLSPA compensation as of: 2026-04-16,FALSE,2026-10-03 17:19:20 UTC
NWMWj8JzQl,asa_NWMWj8JzQl_mls_full_2025,Joran Gerbet,joran gerbet,2001-06-30,France,CM,NA,25.00205338809035,mls,jYQJ8EW5GR,CM,asa_live,TRUE,NA,mlspa_via_asa,526,113400,1276,113400,full_2025,2025 full season,1276,0,1,TRUE,0.17233307210031348,0.0044576802507837,0.04939420062695925,0.00835815047021943,-0.00411912225705329,0.09921159874608151,0.01503056426332288,2026,113400,Orlando City SC,0.1398991348215602,1,0.16195974461243928,0.17275706092533388,0.0047548589343178686,19.553072625698324,0.05268714733706967,77.6536312849162,0.008915360501845996,13.966480446927374,-0.004393730407660813,29.608938547486034,0.10582570533246066,88.26815642458101,0.01603260188137876,93.29608938547486,75.97765363128492,113400,12.857142857142858,13.896103896103897,516250,63.12051077414206,TRUE,FALSE,99.03846153846153,Medium,29.75,70.25,Elite Value,Central and defensive midfielders,1.1.0,2026-10-03 17:19:27 UTC,2,2,6,Performance data through: 2026-10-03 (updates every day) · MLSPA compensation as of: 2026-04-16,FALSE,2026-10-03 17:19:20 UTC
NWMWlEAD5l,asa_NWMWlEAD5l_mls_full_2025,Edwin Cerrillo,edwin cerrillo,2000-10-03,USA,CM,NA,25.741273100616016,mls,kaDQ0wRqEv,CM,asa_live,TRUE,NA,mlspa_via_asa,1429,662500,2954,662500,full_2025,2025 full season,2954,0,1,TRUE,0.1224109681787407,0.011751184834123221,0.04346445497630332,0.01039234935680433,-0.011519634394041972,0.07242958700067705,-0.00410697359512525,2026,662500,LA Galaxy,0.1398991348215602,1,0.125363387983381,0.13372094718645186,0.012534597156789808,36.312849162011176,0.04636208530950569,74.86033519553072,0.011085172647604363,19.553072625698324,-0.012287610020695424,19.553072625698324,0.07725822613646983,68.71508379888269,-0.004380771834937166,35.19553072625698,30.16759776536313,662500,61.714285714285715,62.98701298701299,516250,-31.546687948922585,TRUE,FALSE,18.26923076923077,High,20.75,79.25,Below Expected Value by Current Model,Central and defensive midfielders,1.1.0,2026-10-03 17:19:27 UTC,86,86,363,Performance data through: 2026-10-03 (updates every day) · MLSPA compensation as of: 2026-04-16,FALSE,2026-10-03 17:19:20 UTC
NWMWlWle5l,asa_NWMWlWle5l_mls_full_2025,Brian White,brian white,1996-02-03,USA,FW,NA,30.406570841889117,mls,lgpMOvnQzy,FW,asa_live,TRUE,NA,mlspa_via_asa,2206,1065000,2122,1065000,full_2025,2025 full season,2122,0,1,TRUE,0.33869604147031107,0.0804062205466541,-0.05189208294062206,0.3354684260131951,-0.06885296889726673,0.030600848256361925,0.01296559849198869,2026,1065000,Vancouver Whitecaps FC,0.2320804800898512,1,0.3151951829735161,0.33620819518225703,0.08576663525244457,81.25,-0.055351555138393266,35.714285714285715,0.3578329877585904,93.75,-0.07344316682604628,25,0.032640904807806084,53.57142857142857,0.013829971725220122,69.64285714285714,90.17857142857143,1065000,69.36936936936937,82.85714285714286,558750,20.809202059202065,TRUE,FALSE,74.13793103448276,High,14,86,Undervalued,Strikers,1.1.0,2026-10-03 17:19:27 UTC,16,16,117,Performance data through: 2026-10-03 (updates every day) · MLSPA compensation as of: 2026-04-16,FALSE,2026-10-03 17:19:20 UTC
NWMWlX6K5l,asa_NWMWlX6K5l_mls_full_2025,Andrés Perea,andres perea,2000-11-14,Colombia,CM,NA,25.626283367556468,mls,Vj58weDM8n,CM,asa_live,TRUE,NA,mlspa_via_asa,1429,757000,2147,757000,full_2025,2025 full season,2147,0,1,TRUE,0.2025020959478342,0.03901816488122962,0.0137787610619469,0.0919743828598044,0.01659152305542617,0.03542990218910107,0.00570936190032603,2026,757000,New York City FC,0.1398991348215602,1,0.18882835125334405,0.20141690800986126,0.041619375874612195,88.26815642458101,0.01469734513320265,42.45810055865922,0.09810600838685718,93.85474860335195,0.017697624593007635,84.35754189944134,0.037791895669555466,14.525139664804469,0.006089986027204744,86.03351955307262,90.50279329608938,757000,72,70,516250,18.50279329608938,TRUE,FALSE,72.11538461538461,High,20.75,79.25,Undervalued,Central and defensive midfielders,1.1.0,2026-10-03 17:19:27 UTC,30,30,127,Performance data through: 2026-10-03 (updates every day) · MLSPA compensation as of: 2026-04-16,FALSE,2026-10-03 17:19:20 UTC
NWMWlaDZ5l,asa_NWMWlaDZ5l_mls_full_2025,Kobe Franklin,kobe franklin,2003-05-10,Canada,FB,NA,23.143052703627653,mls,kRQabn8MKZ,FB,asa_live,TRUE,NA,mlspa_via_asa,1375,160802,896,160802,full_2025,2025 full season,896,0,1,TRUE,0.10671428571428572,0.00420870535714285,0.0264375,0.00683035714285714,-0.00584598214285714,0.07340625,0.00167745535714285,2026,160802,Toronto FC,0.1336622996580173,1,0.11752231269706576,0.1253571335474542,0.004489285714425997,23.71794871794872,0.02820000000088125,60.256410256410255,0.007285714285941961,10.897435897435898,-0.006235714285909149,25,0.07830000000244688,67.94871794871794,0.001789285714341622,67.3076923076923,33.333333333333336,160802,30.718954248366014,24.805194805194805,368750,2.6143790849673216,TRUE,FALSE,60,High,20.75,79.25,Fair Value,Fullbacks and wingbacks,1.1.0,2026-10-03 17:19:27 UTC,37,37,180,Performance data through: 2026-10-03 (updates every day) · MLSPA compensation as of: 2026-04-16,FALSE,2026-10-03 17:19:20 UTC
NWMWnVEQlz,asa_NWMWnVEQlz_mls_full_2025,Lorenzo Insigne,lorenzo insigne,1991-06-04,Italy,W,NA,34.07529089664613,mls,kRQabn8MKZ,W,asa_live,TRUE,NA,mlspa_via_asa,0,NA,945,15400000,full_2025,2025 full season,945,0,1,TRUE,0.10278095238095238,0.0327047619047619,-0.0248952380952381,0.06176190476190475,0.0062095238095238,0.0310095238095238,-0.0040095238095238,2026,15400000,Toronto FC,0.20362313755561975,1,0.14194296604101736,0.15140583044848327,0.034885079366169525,36.72316384180791,-0.02655492063575048,29.37853107344633,0.0658793650814238,34.463276836158194,0.006623492063699037,49.717514124293785,0.033076825397859035,32.76836158192091,-0.004276825396959037,16.384180790960453,6.779661016949152,15400000,99.41176470588235,99.87012987012987,562000,-92.6321036889332,FALSE,FALSE,NA,Low,41,59,Insufficient Evidence,Wingers and attacking midfielders,1.1.0,2026-10-03 17:19:27 UTC,NA,NA,NA,Performance data through: 2026-10-03 (updates every day) · MLSPA compensation as of: 2026-04-16,FALSE,2026-10-03 17:19:20 UTC
NWMWo3ZNMl,asa_NWMWo3ZNMl_mls_full_2025,Johnny Selemani,johnny selemani,2008-03-16,Canada,W,NA,18.29158110882957,mls,lgpMOvnQzy,W,asa_live,FALSE,NA,NA,12,NA,33,NA,full_2025,2025 full season,33,0,1,TRUE,-0.03954545454545455,0.06872727272727272,-0.08863636363636364,0.05618181818181819,-0.07445454545454547,-5.454545454545455e-4,-8.18181818181818e-4,2026,NA,Vancouver Whitecaps FC,0.20362313755561975,1,0.19094610194845474,0.2036758420847166,0.07330909091138181,84.18079096045197,-0.0945454545484091,3.389830508474576,0.059927272729145456,31.073446327683616,-0.07941818182066365,6.214689265536723,-5.818181818363637e-4,7.344632768361582,-8.727272727545453e-4,26.55367231638418,41.24293785310734,NA,NA,NA,562000,NA,FALSE,FALSE,NA,Insufficient,41,59,Insufficient Evidence,Wingers and attacking midfielders,1.1.0,2026-10-03 17:19:27 UTC,NA,NA,NA,Performance data through: 2026-10-03 (updates every day) · MLSPA compensation as of: 2026-04-16,FALSE,2026-10-03 17:19:20 UTC
NWMWoJg7Ml,asa_NWMWoJg7Ml_mls_full_2025,Leo Duru,leo duru,2005-01-12,USA,FB,NA,20.465434633812457,mls,zeQZBOzQKw,FB,asa_live,TRUE,NA,mlspa_via_asa,0,NA,53,98234,full_2025,2025 full season,53,0,1,TRUE,-0.07488679245283018,0,0.0259811320754717,0.01324528301886792,-0.03430188679245283,-0.0859245283018868,0.00611320754716981,2026,98234,San Diego FC,0.1336622996580173,1,0.1167356505280404,0.12451802723380094,0,6.410256410256411,0.02771320754803585,57.69230769230769,0.014128301887233958,28.846153846153847,-0.03658867924642641,3.8461538461538463,-0.0916528301915434,0.6410256410256411,0.0065207547171849045,88.46153846153847,32.05128205128205,98234,7.8431372549019605,8.311688311688311,368750,24.20814479638009,FALSE,FALSE,NA,Low,41,59,Insufficient Evidence,Fullbacks and wingbacks,1.1.0,2026-10-03 17:19:27 UTC,NA,NA,NA,Performance data through: 2026-10-03 (updates every day) · MLSPA compensation as of: 2026-04-16,FALSE,2026-10-03 17:19:20 UTC
NWMWoN6KMl,asa_NWMWoN6KMl_mls_full_2025,Ilay Feingold,ilay feingold,2004-08-23,Israel,FB,NA,21.85352498288843,mls,19vQ2095K6,FB,asa_live,TRUE,NA,mlspa_via_asa,850,575000,2464,575000,full_2025,2025 full season,2464,0,1,TRUE,0.1186801948051948,0.014219561688311679,0.00934334415584415,0.03665016233766234,0.01847118506493506,0.04037581168831168,-3.798701298701298e-4,2026,575000,New England Revolution,0.1336622996580173,1,0.12161402734817571,0.12972162917544122,0.015167532468006442,58.97435897435897,0.009966233766545205,37.17948717948718,0.03909350649472817,68.58974358974359,0.0197025974032131,82.05128205128206,0.043067532468878324,28.205128205128204,-4.051948052074675e-4,48.717948717948715,39.1025641025641,575000,74.50980392156863,56.688311688311686,368750,-35.40723981900453,TRUE,FALSE,13.333333333333334,Medium,29.75,70.25,Below Expected Value by Current Model,Fullbacks and wingbacks,1.1.0,2026-10-03 17:19:27 UTC,79,79,386,Performance data through: 2026-10-03 (updates every day) · MLSPA compensation as of: 2026-04-16,FALSE,2026-10-03 17:19:20 UTC
Oa5w0Kv4q1,asa_Oa5w0Kv4q1_mls_full_2025,Patrick Agyemang,patrick agyemang,2000-11-07,Ghana,FW,NA,24.646132785763175,mls,NPqxKXZ59d,FW,asa_live,TRUE,NA,mlspa_via_asa,0,NA,1316,104000,full_2025,2025 full season,1316,0,1,TRUE,0.3279802431610942,0.06982522796352583,-0.05728951367781155,0.2462758358662614,0.01825303951367781,0.01346580547112462,0.0374498480243161,2026,104000,Charlotte FC,0.2320804800898512,1,0.29794900211581976,0.3178122689334727,0.07448024316342172,63.392857142857146,-0.0611088145915753,28.571428571428573,0.26269422493222133,75,0.019469908815198098,89.28571428571429,0.01436352583631512,11.607142857142858,0.039946504560518833,94.64285714285714,84.82142857142857,104000,12.612612612612613,10.519480519480519,558750,72.20881595881596,FALSE,FALSE,NA,Low,41,59,Insufficient Evidence,Strikers,1.1.0,2026-10-03 17:19:27 UTC,NA,NA,NA,Performance data through: 2026-10-03 (updates every day) · MLSPA compensation as of: 2026-04-16,FALSE,2026-10-03 17:19:20 UTC
Oa5w0Lp9q1,asa_Oa5w0Lp9q1_mls_full_2025,Pedrinho,pedrinho,2003-04-18,Brazil,W,NA,22.203969883641346,mls,mKAqBBmqbg,W,asa_live,TRUE,NA,mlspa_via_asa,0,NA,1120,104000,full_2025,2025 full season,1120,0,1,TRUE,0.31246875,0.030825,0.05035178571428572,0.07715892857142857,0.10396607142857144,0.05049642857142857,-3.2946428571428574e-4,2026,104000,FC Dallas,0.20362313755561975,1,0.2744993503100999,0.2927993070065899,0.032880000001027504,32.20338983050848,0.053708571430249825,86.44067796610169,0.0823028571454291,49.152542372881356,0.1108971428606084,94.91525423728814,0.05386285714454035,73.44632768361582,-3.514285714395536e-4,31.073446327683616,91.52542372881356,104000,12.647058823529411,10.519480519480519,562000,78.87836490528416,FALSE,FALSE,NA,Low,41,59,Insufficient Evidence,Wingers and attacking midfielders,1.1.0,2026-10-03 17:19:27 UTC,NA,NA,NA,Performance data through: 2026-10-03 (updates every day) · MLSPA compensation as of: 2026-04-16,FALSE,2026-10-03 17:19:20 UTC
Oa5wAAe4Q1,asa_Oa5wAAe4Q1_mls_full_2025,Obafemi Awodesu,obafemi awodesu,2001-04-05,USA,CB,NA,24.238193018480494,mls,YgOMngl5wN,CB,asa_live,TRUE,NA,mlspa_via_asa,0,NA,1755,89089,full_2025,2025 full season,1755,0,1,TRUE,0.08983076923076923,0.005482051282051281,0.02472307692307692,0.01712820512820513,0.01585128205128205,0.0431025641025641,-0.01645641025641025,2026,89089,Houston Dynamo FC,0.14523645173583166,1,0.10394686668428832,0.11087665780003911,0.005847521367704101,35.58282208588957,0.026371282052106152,12.883435582822086,0.01827008547065641,51.533742331288344,0.01690803418856256,91.41104294478528,0.045976068377505126,21.47239263803681,-0.017553504274052813,16.56441717791411,4.9079754601226995,89089,4.968944099378882,5.064935064935065,518000,-0.06096863925618212,FALSE,FALSE,NA,Low,41,59,Insufficient Evidence,Center backs,1.1.0,2026-10-03 17:19:27 UTC,NA,NA,NA,Performance data through: 2026-10-03 (updates every day) · MLSPA compensation as of: 2026-04-16,FALSE,2026-10-03 17:19:20 UTC
Oa5wAK9WQ1,asa_Oa5wAK9WQ1_mls_full_2025,Tyler Wolff,tyler wolff,2003-02-13,USA,W,NA,22.379192334017795,mls,a2lqR4JMr0,W,asa_live,TRUE,NA,mlspa_via_asa,0,NA,453,160000,full_2025,2025 full season,453,0,1,TRUE,0.14179470198675498,0.02618543046357616,-0.01132450331125827,0.04289403973509934,0.00808609271523178,0.05831125827814569,0.01764238410596026,2026,160000,Real Salt Lake,0.20362313755561975,1,0.17702457980377195,0.18882621846325756,0.02793112582868742,25.423728813559322,-0.012079470199052972,41.24293785310734,0.04575364238553576,17.51412429378531,0.008625165563183435,52.54237288135593,0.06219867549863244,81.92090395480226,0.018818543046945687,83.61581920903954,27.683615819209038,160000,22.941176470588236,24.61038961038961,562000,4.7424393486208025,FALSE,FALSE,NA,Low,41,59,Insufficient Evidence,Wingers and attacking midfielders,1.1.0,2026-10-03 17:19:27 UTC,NA,NA,NA,Performance data through: 2026-10-03 (updates every day) · MLSPA compensation as of: 2026-04-16,FALSE,2026-10-03 17:19:20 UTC
Oa5wAP44Q1,asa_Oa5wAP44Q1_mls_full_2025,Charles Sharp,charles sharp,2001-06-23,USA,FW,NA,24.021902806297057,mls,kRQabn8MKZ,FW,asa_live,TRUE,NA,mlspa_via_asa,0,NA,134,80622,full_2025,2025 full season,134,0,1,TRUE,0.03526119402985074,1.3432835820895525e-4,0.01034328358208955,0.2796044776119403,-0.09852985074626865,0.00933582089552238,-0.1656268656716418,2026,80622,Toronto FC,0.2320804800898512,1,0.19614889380641784,0.20922548673338398,1.4328358209402987e-4,7.142857142857143,0.011032835821240296,87.5,0.29824477612872313,84.82142857142857,-0.10509850746597088,13.392857142857142,0.009958208955535066,8.928571428571429,-0.17666865672193882,0.8928571428571429,21.428571428571427,80622,1.8018018018018018,1.103896103896104,558750,19.626769626769626,FALSE,FALSE,NA,Low,41,59,Insufficient Evidence,Strikers,1.1.0,2026-10-03 17:19:27 UTC,NA,NA,NA,Performance data through: 2026-10-03 (updates every day) · MLSPA compensation as of: 2026-04-16,FALSE,2026-10-03 17:19:20 UTC
Oa5wAkz9Q1,asa_Oa5wAkz9Q1_mls_full_2025,Patrick Weah,patrick weah,2003-12-15,USA,CM,NA,21.544147843942504,mls,KAqBN0Vqbg,CM,asa_live,TRUE,NA,NA,0,NA,8,103008,full_2025,2025 full season,8,0,1,TRUE,0.4927500000000001,0,0.46462500000000007,0.02699999999999999,0.001125,0,0,2026,103008,Atlanta United FC,0.1398991348215602,1,0.14454190936338177,0.15417803665909194,0,6.145251396648045,0.49560000001548754,100,0.028800000000899988,54.18994413407821,0.0012000000000374998,46.927374301675975,0,5.307262569832402,0,61.1731843575419,58.100558659217874,103008,8.571428571428571,9.480519480519481,516250,49.529130087789305,FALSE,FALSE,NA,Low,41,59,Insufficient Evidence,Central and defensive midfielders,1.1.0,2026-10-03 17:19:27 UTC,NA,NA,NA,Performance data through: 2026-10-03 (updates every day) · MLSPA compensation as of: 2026-04-16,FALSE,2026-10-03 17:19:20 UTC
Oa5wApPjQ1,asa_Oa5wApPjQ1_mls_full_2025,Iuri Tavares,iuri tavares,2001-03-08,Portugal,CM,NA,24.314852840520192,mls,NPqxKXZ59d,CM,asa_live,TRUE,NA,mlspa_via_asa,0,NA,46,116053,full_2025,2025 full season,46,0,1,TRUE,0.21189130434782608,0.07728260869565218,0.007630434782608691,0.03267391304347826,0.03952173913043478,0.06926086956521739,-0.014478260869565208,2026,116053,Charlotte FC,0.1398991348215602,1,0.14502551221816737,0.1546938797042127,0.08243478261127174,97.20670391061452,0.00813913043503695,34.07821229050279,0.03485217391413261,63.12849162011173,0.042156521740447823,94.41340782122904,0.07387826087187391,65.36312849162012,-0.015443478261352164,11.1731843575419,58.659217877094974,116053,15.428571428571429,16.623376623376622,516250,43.230646448523544,FALSE,FALSE,NA,Low,41,59,Insufficient Evidence,Central and defensive midfielders,1.1.0,2026-10-03 17:19:27 UTC,NA,NA,NA,Performance data through: 2026-10-03 (updates every day) · MLSPA compensation as of: 2026-04-16,FALSE,2026-10-03 17:19:20 UTC
Oa5wV17gM1,asa_Oa5wV17gM1_mls_full_2025,Martín Ojeda,martin ojeda,1998-11-27,Argentina,FW,NA,27.592060232717316,mls,jYQJ8EW5GR,FW,asa_live,TRUE,NA,mlspa_via_asa,1931,1778200,3074,1778200,full_2025,2025 full season,3074,0,1,TRUE,0.30035816525699416,0.07096942094990241,0.04723389720234222,0.1508188028627196,-0.00434775536759921,0.03316297983083929,0.00252081977878985,2026,1778200,Orlando City SC,0.2320804800898512,1,0.2892077539613257,0.308488270901721,0.07570071568226155,67.85714285714286,0.05038282368407283,96.42857142857143,0.16087338972526152,33.92857142857143,-0.004637605725584082,72.32142857142857,0.035373845154000674,61.607142857142854,0.0026888744307932005,46.42857142857143,82.14285714285714,1778200,76.57657657657657,91.16883116883118,558750,5.566280566280568,TRUE,FALSE,62.06896551724138,High,14,86,Undervalued,Strikers,1.1.0,2026-10-03 17:19:27 UTC,23,23,171,Performance data through: 2026-10-03 (updates every day) · MLSPA compensation as of: 2026-04-16,FALSE,2026-10-03 17:19:20 UTC
Oa5wVYvWM1,asa_Oa5wVYvWM1_mls_full_2025,Ezequiel Ponce,ezequiel ponce,1997-03-29,Argentina,FW,NA,29.25667351129363,mls,YgOMngl5wN,FW,asa_live,TRUE,NA,mlspa_via_asa,1253,3000212,2989,3000212,full_2025,2025 full season,2989,0,1,TRUE,0.19517564402810303,0.0656587487453998,-0.05466242890598862,0.22897457343593175,-0.0870190699230512,0.03423553027768484,0.00798829039812646,2026,3000212,Houston Dynamo FC,0.2320804800898512,1,0.2013453017703847,0.21476832189512185,0.07003599866394841,58.92857142857143,-0.05830659083487661,31.25,0.24423954500595968,68.75,-0.09282034125415524,16.964285714285715,0.036517898964005015,63.392857142857146,0.008520843091601166,61.607142857142854,25,3000212,86.48648648648648,94.93506493506493,558750,-61.486486486486484,TRUE,FALSE,6.896551724137931,High,20.75,79.25,Below Expected Value by Current Model,Strikers,1.1.0,2026-10-03 17:19:27 UTC,55,55,413,Performance data through: 2026-10-03 (updates every day) · MLSPA compensation as of: 2026-04-16,FALSE,2026-10-03 17:19:20 UTC
Oa5wVzeWM1,asa_Oa5wVzeWM1_mls_full_2025,José Cifuentes,jose cifuentes,1999-03-12,Ecuador,W,NA,27.30458590006845,mls,kRQabn8MKZ,W,asa_live,TRUE,NA,mlspa_via_asa,894,1570000,528,1570000,full_2025,2025 full season,528,0,1,TRUE,0.13003977272727274,0.00705681818181818,0.02292613636363636,0.01346590909090909,0.01235795454545454,0.06867613636363636,0.00555681818181818,2026,1570000,Toronto FC,0.20362313755561975,1,0.1691798604019254,0.1804585177676931,0.007527272727507952,12.429378531073446,0.024454545455309656,75.14124293785311,0.014363636364085225,5.649717514124294,0.013181818182230107,55.932203389830505,0.07325454545683464,90.96045197740114,0.005927272727457952,61.016949152542374,19.2090395480226,1570000,78.82352941176471,89.74025974025975,562000,-59.61448986374211,TRUE,FALSE,3.1914893617021276,Medium,29.75,70.25,Below Expected Value by Current Model,Wingers and attacking midfielders,1.1.0,2026-10-03 17:19:27 UTC,92,92,430,Performance data through: 2026-10-03 (updates every day) · MLSPA compensation as of: 2026-04-16,FALSE,2026-10-03 17:19:20 UTC
Oa5wY8RXQ1,asa_Oa5wY8RXQ1_mls_full_2025,Hany Mukhtar,hany mukhtar,1995-03-21,Germany,FW,NA,31.279945242984255,mls,vzqoOgNqap,FW,asa_live,TRUE,NA,mlspa_via_asa,2501,5411667,3649,5411667,full_2025,2025 full season,3649,0,1,TRUE,0.31079473828446147,0.07810687859687586,0.01354562893943546,0.1456722389695807,9.199780761852562e-4,0.03101534667032064,0.04153466703206358,2026,5411667,Nashville SC,0.2320804800898512,1,0.29967952178251606,0.31965815657800645,0.08331400383927115,78.57142857142857,0.01444867086918268,91.07142857142857,0.15538372157240848,30.357142857142858,9.81309947961606e-4,75.89285714285714,0.03308303644937586,58.92857142857143,0.04430364483558564,95.53571428571429,85.71428571428571,5411667,98.1981981981982,98.44155844155844,558750,-12.48391248391249,TRUE,FALSE,43.10344827586207,High,14,86,Fair Value,Strikers,1.1.0,2026-10-03 17:19:27 UTC,34,34,255,Performance data through: 2026-10-03 (updates every day) · MLSPA compensation as of: 2026-04-16,FALSE,2026-10-03 17:19:20 UTC
Oa5wYKEXQ1,asa_Oa5wYKEXQ1_mls_full_2025,João Paulo,joao paulo,1991-03-08,Brazil,CM,NA,34.31622176591376,mls,jYQJ19EqGR,CM,asa_live,TRUE,NA,mlspa_via_asa,0,NA,545,625000,full_2025,2025 full season,545,0,1,TRUE,0.07122385321100917,0.00934678899082568,0.01671192660550459,0.00923119266055045,-0.0387743119266055,0.11495229357798166,-0.04024403669724771,2026,625000,Seattle Sounders FC,0.1398991348215602,1,0.10721090034317565,0.11435829370296106,0.009969908257192284,31.28491620111732,0.017826055046428625,47.486033519553075,0.009846605504894853,16.201117318435752,-0.04135926605633834,6.145251396648045,0.12261577982034551,94.41340782122904,-0.04292697247840569,3.35195530726257,13.40782122905028,625000,58.285714285714285,60.324675324675326,516250,-44.87789305666401,FALSE,FALSE,NA,Low,41,59,Insufficient Evidence,Central and defensive midfielders,1.1.0,2026-10-03 17:19:27 UTC,NA,NA,NA,Performance data through: 2026-10-03 (updates every day) · MLSPA compensation as of: 2026-04-16,FALSE,2026-10-03 17:19:20 UTC
Oa5wYLD9Q1,asa_Oa5wYLD9Q1_mls_full_2025,Robin Jansson,robin jansson,1991-11-15,Sweden,CB,NA,34.625598904859686,mls,jYQJ8EW5GR,CB,asa_live,TRUE,NA,mlspa_via_asa,1992,530000,3041,530000,full_2025,2025 full season,3041,0,1,TRUE,0.14084511673791517,0.00357809930943768,0.06064419598816179,0.010846760933903318,0.01266688589279842,0.07051134495231831,-0.01740217033870437,2026,530000,Orlando City SC,0.14523645173583166,1,0.14156876436185087,0.15100668199069323,0.0038166392635194616,25.153374233128833,0.06468714238939405,71.16564417177914,0.011569878329858431,31.901840490797547,0.013511344952740544,85.2760736196319,0.07521210128482324,42.94478527607362,-0.018562315028531402,14.723926380368098,42.331288343558285,530000,51.86335403726708,53.246753246753244,518000,-9.532065693708795,TRUE,FALSE,37.89473684210526,High,14,86,Fair Value,Center backs,1.1.0,2026-10-03 17:19:27 UTC,60,60,277,Performance data through: 2026-10-03 (updates every day) · MLSPA compensation as of: 2026-04-16,FALSE,2026-10-03 17:19:20 UTC
Oa5wdol4q1,asa_Oa5wdol4q1_mls_full_2025,Maximo Carrizo,maximo carrizo,2008-02-28,USA,W,NA,18.338124572210816,mls,Vj58weDM8n,W,asa_live,TRUE,NA,mlspa_via_asa,118,183523,107,183523,full_2025,2025 full season,107,0,1,TRUE,0.02565420560747664,0.03179439252336449,-0.05299065420560747,0.06821495327102804,-0.08335514018691588,0.04567289719626168,0.01631775700934579,2026,183523,New York City FC,0.20362313755561975,1,0.17668865987747082,0.18846790387519183,0.0339140186926486,34.463276836158194,-0.056523364487747654,10.169491525423728,0.07276261682470374,42.3728813559322,-0.08891214953548877,5.084745762711864,0.048717757010868216,66.10169491525424,0.017405607477179435,83.05084745762711,26.55367231638418,183523,24.11764705882353,26.493506493506494,562000,2.436025257560651,FALSE,TRUE,NA,Low,41,59,Small-Sample Watchlist,Wingers and attacking midfielders,1.1.0,2026-10-03 17:19:27 UTC,NA,NA,NA,Performance data through: 2026-10-03 (updates every day) · MLSPA compensation as of: 2026-04-16,FALSE,2026-10-03 17:19:20 UTC
Oa5wdxN9q1,asa_Oa5wdxN9q1_mls_full_2025,Nolan Norris,nolan norris,2005-02-17,USA,CB,NA,21.366187542778917,mls,mKAqBBmqbg,CB,asa_live,TRUE,NA,mlspa_via_asa,1806,218642,819,218642,full_2025,2025 full season,819,0,1,TRUE,0.1873956043956044,0.0109010989010989,0.02505494505494505,0.06413186813186814,-0.00116483516483516,0.0972087912087912,-0.00873626373626373,2026,218642,FC Dallas,0.14523645173583166,1,0.16956932420119733,0.18087394582026278,0.011627838828202196,64.41717791411043,0.026725274726109884,13.496932515337424,0.06840732600946374,95.0920245398773,-0.0012424908425296651,40.49079754601227,0.10368937729261757,72.39263803680981,-0.00931868131897252,31.288343558282207,76.07361963190183,218642,27.950310559006212,28.571428571428573,518000,48.12330907289562,TRUE,FALSE,93.6842105263158,High,14,86,Elite Value,Center backs,1.1.0,2026-10-03 17:19:27 UTC,7,7,30,Performance data through: 2026-10-03 (updates every day) · MLSPA compensation as of: 2026-04-16,FALSE,2026-10-03 17:19:20 UTC
OlMl9V2R5L,asa_OlMl9V2R5L_mls_full_2025,Birk Risa,birk risa,1998-02-13,Norway,FB,NA,27.378507871321013,mls,Vj58weDM8n,FB,asa_live,TRUE,NA,mlspa_via_asa,0,NA,1187,908250,full_2025,2025 full season,1187,0,1,TRUE,0.1821609098567818,0.007506318449873629,0.0523698399326032,0.00391238416175231,-0.00414743049705139,0.12340690817186184,-8.871103622577926e-4,2026,908250,New York City FC,0.1336622996580173,1,0.1658771011722498,0.17693557458926235,0.008006739680115416,30.128205128205128,0.05586116259652241,87.82051282051282,0.00417320977266621,7.6923076923076925,-0.00442392586365973,28.846153846153847,0.13163403538743285,94.23076923076923,-9.462510531045491e-4,44.87179487179487,82.6923076923077,908250,92.81045751633987,78.18181818181819,368750,-10.118149824032173,FALSE,FALSE,NA,Low,41,59,Insufficient Evidence,Fullbacks and wingbacks,1.1.0,2026-10-03 17:19:27 UTC,NA,NA,NA,Performance data through: 2026-10-03 (updates every day) · MLSPA compensation as of: 2026-04-16,FALSE,2026-10-03 17:19:20 UTC
OlMl9zeE5L,asa_OlMl9zeE5L_mls_full_2025,Sam Vines,sam vines,1999-05-31,USA,FB,NA,27.085557837097877,mls,zeQZBOzQKw,FB,asa_live,TRUE,NA,mlspa_via_asa,105,912500,1440,912500,full_2025,2025 full season,1440,0,1,TRUE,0.15986875,0.0104375,0.017325,0.02208125,0.01241875,0.08114375,0.0164625,2026,912500,San Diego FC,0.1336622996580173,1,0.15216097048765215,0.16230503519190098,0.01113333333368125,46.15384615384615,0.0184800000005775,49.35897435897436,0.023553333334069376,50,0.013246666667080624,75.64102564102564,0.08655333333603812,79.48717948717949,0.01756000000054875,96.7948717948718,73.71794871794872,912500,93.4640522875817,78.7012987012987,368750,-19.74610356963298,FALSE,TRUE,NA,Low,41,59,Small-Sample Watchlist,Fullbacks and wingbacks,1.1.0,2026-10-03 17:19:27 UTC,NA,NA,NA,Performance data through: 2026-10-03 (updates every day) · MLSPA compensation as of: 2026-04-16,FALSE,2026-10-03 17:19:20 UTC
OlMlB7yAqL,asa_OlMlB7yAqL_mls_full_2025,Jake Girdwood-Reich,jake girdwoodreich,2004-05-26,Australia,CB,NA,21.097878165639973,mls,wvq9B9wQWn,CB,asa_live,TRUE,NA,mlspa_via_asa,0,NA,580,281027,full_2025,2025 full season,580,0,1,TRUE,0.08317241379310346,0,0.01286379310344827,0.00158275862068965,-0.01322068965517241,0.08883620689655172,-0.00688965517241379,2026,281027,St. Louis City SC,0.14523645173583166,1,0.11473039918771102,0.1223790924707161,0,7.975460122699387,0.013721379310773614,7.975460122699387,0.0016882758621217186,12.883435582822086,-0.014102068965957927,13.496932515337424,0.09475862069261638,63.190184049079754,-0.00734896551747103,36.19631901840491,17.791411042944784,281027,31.055900621118013,32.5974025974026,518000,-13.26448957817323,FALSE,FALSE,NA,Low,41,59,Insufficient Evidence,Center backs,1.1.0,2026-10-03 17:19:27 UTC,NA,NA,NA,Performance data through: 2026-10-03 (updates every day) · MLSPA compensation as of: 2026-04-16,FALSE,2026-10-03 17:19:20 UTC
OlMlBKG4qL,asa_OlMlBKG4qL_mls_full_2025,Ahmed Qasem,ahmed qasem,2003-07-12,Sweden,W,NA,22.97056810403833,mls,vzqoOgNqap,W,asa_live,TRUE,NA,mlspa_via_asa,1114,650000,1397,650000,full_2025,2025 full season,1397,0,1,TRUE,0.15848890479599145,0.02882319255547602,-0.03820973514674302,0.11937723693629206,-0.0038460987831066495,0.04150823192555476,0.01083607730851825,2026,650000,Nashville SC,0.20362313755561975,1,0.17204951553999595,0.18351948324839734,0.030744738726801862,28.24858757062147,-0.040757050824466214,19.774011299435028,0.12733571940269076,75.70621468926554,-0.004102505368775296,36.72316384180791,0.04427544738864202,55.367231638418076,0.01155848246278067,72.31638418079096,22.033898305084747,650000,57.64705882352941,62.01298701298701,562000,-35.613160518444666,TRUE,FALSE,15.957446808510639,High,20.75,79.25,Below Expected Value by Current Model,Wingers and attacking midfielders,1.1.0,2026-10-03 17:19:27 UTC,80,80,373,Performance data through: 2026-10-03 (updates every day) · MLSPA compensation as of: 2026-04-16,FALSE,2026-10-03 17:19:20 UTC
OlMle3AD5L,asa_OlMle3AD5L_mls_full_2025,Thomas Williams,thomas williams,2004-08-15,USA,CB,NA,20.876112251882272,mls,jYQJ8EW5GR,CB,asa_live,TRUE,NA,mlspa_via_asa,0,NA,17,163875,full_2025,2025 full season,17,0,1,TRUE,0.3118235294117647,0,0,0,0,0.36423529411764705,-0.05241176470588236,2026,163875,Orlando City SC,0.14523645173583166,1,0.14982637121798864,0.15981479597084877,0,7.975460122699387,0,4.601226993865031,0,7.668711656441718,0,45.70552147239264,0.3885176470709647,99.38650306748467,-0.05590588235468824,3.6809815950920246,55.828220858895705,163875,24.22360248447205,24.935064935064936,518000,31.604618374423655,FALSE,FALSE,NA,Low,41,59,Insufficient Evidence,Center backs,1.1.0,2026-10-03 17:19:27 UTC,NA,NA,NA,Performance data through: 2026-10-03 (updates every day) · MLSPA compensation as of: 2026-04-16,FALSE,2026-10-03 17:19:20 UTC
OlMleNXN5L,asa_OlMleNXN5L_mls_full_2025,Justin Reynolds,justin reynolds,2004-08-04,USA,FB,NA,21.905544147843944,mls,Z2vQ1xlqrA,FB,asa_live,TRUE,NA,mlspa_via_asa,954,123400,175,123400,full_2025,2025 full season,175,0,1,TRUE,0.3981085714285714,0.05508,-0.03687428571428571,0.2557028571428571,0.02458285714285714,0.10049142857142856,-8.742857142857143e-4,2026,123400,Sporting Kansas City,0.1336622996580173,1,0.19337597392878758,0.20626770553048596,0.058752000001835995,95.51282051282051,-0.03933257142980056,7.051282051282051,0.27274971429423767,99.35897435897436,0.02622171428653371,87.82051282051282,0.10719085714620685,89.74358974358974,-9.325714286005714e-4,45.51282051282051,92.94871794871794,123400,23.529411764705884,19.350649350649352,368750,69.41930618401206,TRUE,FALSE,97.77777777777777,High,20.75,79.25,Elite Value,Fullbacks and wingbacks,1.1.0,2026-10-03 17:19:27 UTC,3,3,14,Performance data through: 2026-10-03 (updates every day) · MLSPA compensation as of: 2026-04-16,FALSE,2026-10-03 17:19:20 UTC
OlMleWzR5L,asa_OlMleWzR5L_mls_full_2025,Rafael Navarro,rafael navarro,2000-04-14,Brazil,FW,NA,26.21218343600274,mls,wvq9B9wQWn,FW,asa_live,TRUE,NA,mlspa_via_asa,2631,1449600,2974,1449600,full_2025,2025 full season,2974,0,1,TRUE,0.34791627437794215,0.06991190316072629,-0.02602252858103564,0.22982380632145255,-0.02411903160726294,0.05220544720914594,0.04611667787491594,2026,1449600,St. Louis City SC,0.2320804800898512,1,0.32846986235419995,0.3503678531887623,0.0745726967071051,64.28571428571429,-0.027757363820638765,62.5,0.24514539341721017,69.64285714285714,-0.025726967048551104,57.142857142857146,0.055685810358162516,83.92857142857143,0.049191123068114226,97.32142857142857,93.75,1449600,72.07207207207207,88.7012987012987,558750,21.677927927927925,TRUE,FALSE,75.86206896551724,High,14,86,Strong Value,Strikers,1.1.0,2026-10-03 17:19:27 UTC,15,15,109,Performance data through: 2026-10-03 (updates every day) · MLSPA compensation as of: 2026-04-16,FALSE,2026-10-03 17:19:20 UTC
OlMleawP5L,asa_OlMleawP5L_mls_full_2025,Carlos Terán,carlos teran,2000-09-24,Colombia,CB,NA,24.76659822039699,mls,X0Oq66zq6D,CB,asa_live,TRUE,NA,mlspa_via_asa,0,NA,602,669000,full_2025,2025 full season,602,0,1,TRUE,0.06516777408637874,0.01143687707641196,0.05106976744186047,0.015921926910299,-0.03305481727574751,0.0648986710963455,-0.0451046511627907,2026,669000,Chicago Fire FC,0.14523645173583166,1,0.10513550003452496,0.11214453337366447,0.012199335548553986,69.32515337423312,0.05447441860635349,58.282208588957054,0.016983388704849663,46.012269938650306,-0.03525847176189917,4.9079754601226995,0.06922524917159849,36.19631901840491,-0.04811162790848023,4.9079754601226995,6.748466257668712,669000,59.62732919254658,63.63636363636363,518000,-52.87886293487787,FALSE,FALSE,NA,Low,41,59,Insufficient Evidence,Center backs,1.1.0,2026-10-03 17:19:27 UTC,NA,NA,NA,Performance data through: 2026-10-03 (updates every day) · MLSPA compensation as of: 2026-04-16,FALSE,2026-10-03 17:19:20 UTC
OlMlegLA5L,asa_OlMlegLA5L_mls_full_2025,Mauricio Cuevas,mauricio cuevas,2003-02-10,USA,FB,NA,23.38672142368241,mls,kaDQ0wRqEv,FB,asa_live,TRUE,NA,mlspa_via_asa,821,268500,941,268500,full_2025,2025 full season,941,0,1,TRUE,0.21911795961742828,0.00903825717321998,0.02754516471838469,0.06784909670563231,0.00885653560042508,0.09747927736450586,0.00834962805526036,2026,268500,LA Galaxy,0.1336622996580173,1,0.18584515236522411,0.19823482919576724,0.00964080765173592,37.17948717948718,0.02938150903386184,62.17948717948718,0.07237236982160276,85.8974358974359,0.009446971307415303,67.94871794871794,0.10397789585872222,88.46153846153847,0.008906269925889372,92.3076923076923,89.74358974358974,268500,37.908496732026144,31.558441558441558,368750,51.83509301156359,TRUE,FALSE,94.44444444444444,Medium,29.75,70.25,Elite Value,Fullbacks and wingbacks,1.1.0,2026-10-03 17:19:27 UTC,6,6,28,Performance data through: 2026-10-03 (updates every day) · MLSPA compensation as of: 2026-04-16,FALSE,2026-10-03 17:19:20 UTC
OlMlezzg5L,asa_OlMlezzg5L_mls_full_2025,Lukas MacNaughton,lukas macnaughton,1995-03-08,Canada,CB,NA,31.315537303216978,mls,wvq9B9wQWn,CB,asa_live,TRUE,NA,mlspa_via_asa,1261,219306,788,219306,full_2025,2025 full season,788,0,1,TRUE,0.22019162436548223,0.01837690355329949,0.06946446700507614,0.04046573604060913,-0.01658375634517766,0.10938197969543148,-9.137055837563452e-4,2026,219306,St. Louis City SC,0.14523645173583166,1,0.18779025291174278,0.20030960311211865,0.019602030457465353,88.95705521472392,0.07409543147439669,80.98159509202453,0.043163451777998595,87.11656441717791,-0.017689340102075627,10.429447852760736,0.11667411167877298,84.04907975460122,-9.746192893705585e-4,65.6441717791411,90.1840490797546,219306,28.571428571428573,28.7012987012987,518000,61.61262050832603,TRUE,FALSE,98.94736842105263,High,20.75,79.25,Elite Value,Center backs,1.1.0,2026-10-03 17:19:27 UTC,2,2,7,Performance data through: 2026-10-03 (updates every day) · MLSPA compensation as of: 2026-04-16,FALSE,2026-10-03 17:19:20 UTC
OlMlnxlDqL,asa_OlMlnxlDqL_mls_full_2025,Tristan Blackmon,tristan blackmon,1996-08-12,USA,CB,NA,29.883641341546884,mls,lgpMOvnQzy,CB,asa_live,TRUE,NA,mlspa_via_asa,2479,975000,2533,975000,full_2025,2025 full season,2533,0,1,TRUE,0.1970761942360837,0.00746506119226214,0.09971061981839716,0.02789538097118042,-0.0010481642321358,0.06588156336360047,-0.00282826687722068,2026,975000,Vancouver Whitecaps FC,0.14523645173583166,1,0.18714837888333832,0.19962493748179916,0.007962731938661784,49.693251533742334,0.10635799447628065,98.15950920245399,0.02975507303685563,73.61963190184049,-0.0011180418476464588,41.104294478527606,0.07027366759003656,38.65030674846626,-0.003016818002463001,47.852760736196316,89.57055214723927,975000,83.85093167701864,81.16883116883118,518000,5.719620470220633,TRUE,FALSE,53.68421052631579,High,14,86,Fair Value,Center backs,1.1.0,2026-10-03 17:19:27 UTC,45,45,207,Performance data through: 2026-10-03 (updates every day) · MLSPA compensation as of: 2026-04-16,FALSE,2026-10-03 17:19:20 UTC
OlMlonPQLz,asa_OlMlonPQLz_mls_full_2025,Marco Reus,marco reus,1989-05-31,Germany,FW,NA,37.08418891170431,mls,kaDQ0wRqEv,FW,asa_live,TRUE,NA,mlspa_via_asa,2003,902364,1640,902364,full_2025,2025 full season,1640,0,1,TRUE,0.19365365853658537,0.0426731707317073,0.0089670731707317,0.09514207317073171,-0.0058170731707317,0.04513719512195121,0.00755121951219512,2026,902364,LA Galaxy,0.2320804800898512,1,0.20394655716692445,0.2175429943181843,0.04551804878191023,27.678571428571427,0.009564878049079384,85.71428571428571,0.1014848780519519,13.392857142857142,-0.006204878048974382,70.53571428571429,0.048146341464919196,77.67857142857143,0.008054634146593168,60.714285714285715,27.678571428571427,902364,66.66666666666667,77.92207792207792,558750,-38.98809523809524,TRUE,FALSE,22.413793103448278,High,14,86,Below Expected Value by Current Model,Strikers,1.1.0,2026-10-03 17:19:27 UTC,46,46,344,Performance data through: 2026-10-03 (updates every day) · MLSPA compensation as of: 2026-04-16,FALSE,2026-10-03 17:19:20 UTC
Pk5L1BXPqO,asa_Pk5L1BXPqO_mls_full_2025,Júnior Urso,junior urso,1989-03-10,Brazil,CM,NA,36.309377138945926,mls,YgOMngl5wN,CM,asa_live,TRUE,NA,mlspa_via_asa,0,NA,1123,123533,full_2025,2025 full season,1123,0,1,TRUE,0.10451380231522708,0.01848886910062332,-0.007725734639358861,0.04552894033837934,0.00355832591273374,0.04471950133570793,-5.609973285841496e-5,2026,123533,Houston Dynamo FC,0.1398991348215602,1,0.11683603069816374,0.1246250994152692,0.019721460374614502,62.01117318435754,-0.008240783615573642,17.877094972067038,0.04856420302912226,75.41899441340782,0.0037955476403679334,54.18994413407821,0.047700801426245776,22.3463687150838,-5.983971505084595e-5,57.54189944134078,22.3463687150838,123533,17.142857142857142,19.48051948051948,516250,5.203511572226656,FALSE,FALSE,NA,Low,41,59,Insufficient Evidence,Central and defensive midfielders,1.1.0,2026-10-03 17:19:27 UTC,NA,NA,NA,Performance data through: 2026-10-03 (updates every day) · MLSPA compensation as of: 2026-04-16,FALSE,2026-10-03 17:19:20 UTC
Pk5L6k6PQO,asa_Pk5L6k6PQO_mls_full_2025,Kwadwo Opoku,kwadwo opoku,2001-07-13,Ghana,W,NA,24.966461327857633,mls,APk5LGOMOW,W,asa_live,TRUE,NA,mlspa_via_asa,138,723560,237,723560,full_2025,2025 full season,237,0,1,TRUE,0.1618860759493671,0.02665822784810126,0.01036708860759493,0.09713924050632912,-0.03015189873417721,0.05741772151898734,4.556962025316455e-4,2026,723560,CF Montréal,0.20362313755561975,1,0.19180511652732601,0.2045921243022079,0.028435443038863282,25.98870056497175,0.011058227848446827,64.40677966101696,0.1036151898766557,66.10169491525424,-0.03216202531746075,14.689265536723164,0.06124556962216708,80.7909604519774,4.860759493822784e-4,43.50282485875706,41.80790960451977,723560,61.1764705882353,66.75324675324676,562000,-19.368560983715525,FALSE,TRUE,NA,Low,41,59,Small-Sample Watchlist,Wingers and attacking midfielders,1.1.0,2026-10-03 17:19:27 UTC,NA,NA,NA,Performance data through: 2026-10-03 (updates every day) · MLSPA compensation as of: 2026-04-16,FALSE,2026-10-03 17:19:20 UTC
Pk5L6rDPQO,asa_Pk5L6rDPQO_mls_full_2025,David Ruiz,david ruiz,2004-02-08,USA,CM,NA,22.392881587953458,mls,zeQZkL1MKw,CM,asa_live,TRUE,NA,mlspa_via_asa,363,231887,143,231887,full_2025,2025 full season,143,0,1,TRUE,0.14765034965034965,0.01214685314685314,-0.015167832167832162,0.10390909090909092,0.0095034965034965,0.03996503496503496,-0.0027062937062937,2026,231887,Inter Miami CF,0.1398991348215602,1,0.1413909567872626,0.15081702057779314,0.012956643357048244,37.43016759776536,-0.016179020979526566,11.731843575418994,0.11083636363982728,95.53072625698324,0.010137062937379716,73.18435754189944,0.04262937063070279,17.318435754189945,-0.0028867132868034898,43.01675977653631,53.072625698324025,231887,30.285714285714285,30.12987012987013,516250,22.78691141260974,FALSE,TRUE,NA,Low,41,59,Small-Sample Watchlist,Central and defensive midfielders,1.1.0,2026-10-03 17:19:27 UTC,NA,NA,NA,Performance data through: 2026-10-03 (updates every day) · MLSPA compensation as of: 2026-04-16,FALSE,2026-10-03 17:19:20 UTC
Pk5LJZZQOW,asa_Pk5LJZZQOW_mls_full_2025,Zanka,zanka,1990-04-23,Denmark,CB,NA,35.1895961670089,mls,kaDQ0wRqEv,CB,asa_live,FALSE,NA,NA,0,NA,1507,NA,full_2025,2025 full season,1507,0,1,TRUE,0.1845985401459854,0.006216987392169871,0.0807193098871931,0.01470935633709356,-0.02991439946914399,0.11457531519575316,-0.00170802919708029,2026,NA,LA Galaxy,0.14523645173583166,1,0.17338959233103893,0.18494889849222118,0.006631453218521761,41.104294478527606,0.08610059721569661,89.57055214723927,0.015689980093390107,44.171779141104295,-0.03190869276808407,6.134969325153374,0.12221366954595587,85.88957055214723,-0.0018218978102759102,56.441717791411044,79.75460122699387,NA,NA,NA,518000,NA,FALSE,FALSE,NA,Insufficient,41,59,Insufficient Evidence,Center backs,1.1.0,2026-10-03 17:19:27 UTC,NA,NA,NA,Performance data through: 2026-10-03 (updates every day) · MLSPA compensation as of: 2026-04-16,FALSE,2026-10-03 17:19:20 UTC
Pk5Le0VDqO,asa_Pk5Le0VDqO_mls_full_2025,Ryan Raposo,ryan raposo,1999-03-05,Canada,FB,NA,27.32375085557837,mls,eVq3ya6MWO,FB,asa_live,TRUE,NA,mlspa_via_asa,465,220000,111,220000,full_2025,2025 full season,111,0,1,TRUE,-0.04548648648648649,0,-0.04791891891891892,0.01402702702702702,-0.04905405405405406,0.04272972972972972,-0.00527027027027027,2026,220000,Los Angeles FC,0.1336622996580173,1,0.10569392376203991,0.11274018534969904,0,6.410256410256411,-0.05111351351511081,2.5641025641025643,0.014962162162629723,32.05128205128205,-0.052324324325959466,1.2820512820512822,0.04557837837980269,32.05128205128205,-0.005621621621797297,24.358974358974358,18.58974358974359,220000,33.98692810457516,28.83116883116883,368750,-15.397184514831572,TRUE,FALSE,34.44444444444444,Medium,29.75,70.25,Below Expected Value by Current Model,Fullbacks and wingbacks,1.1.0,2026-10-03 17:19:27 UTC,60,60,293,Performance data through: 2026-10-03 (updates every day) · MLSPA compensation as of: 2026-04-16,FALSE,2026-10-03 17:19:20 UTC
Pk5Le6BPqO,asa_Pk5Le6BPqO_mls_full_2025,Antino Lopez,antino lopez,2002-05-21,USA,CB,NA,24.112251882272417,mls,jYQJ19EqGR,CB,asa_live,TRUE,NA,mlspa_via_asa,808,88025,4,88025,full_2025,2025 full season,4,0,1,TRUE,0,0,0,0,0,0,0,2026,88025,Seattle Sounders FC,0.14523645173583166,1,0.14427462092963408,0.15389292899641885,0,7.975460122699387,0,4.601226993865031,0,7.668711656441718,0,45.70552147239264,0,3.6809815950920246,0,72.69938650306749,47.852760736196316,88025,3.1055900621118013,3.831168831168831,518000,44.747170674084515,TRUE,FALSE,92.63157894736842,Medium,29.75,70.25,Fair Value,Center backs,1.1.0,2026-10-03 17:19:27 UTC,8,8,35,Performance data through: 2026-10-03 (updates every day) · MLSPA compensation as of: 2026-04-16,FALSE,2026-10-03 17:19:20 UTC
Pk5LeG0YqO,asa_Pk5LeG0YqO_mls_full_2025,Quinn Sullivan,quinn sullivan,2004-03-27,USA,W,NA,22.261464750171115,mls,9z5k7Yg5A3,W,asa_live,TRUE,NA,mlspa_via_asa,503,568000,2155,568000,full_2025,2025 full season,2155,0,1,TRUE,0.2521503480278422,0.04359257540603249,0.03293039443155452,0.06450348027842227,0.04904269141531322,0.060398143851508115,0.0016830626450116,2026,568000,Philadelphia Union,0.20362313755561975,1,0.2415818085420587,0.25768726245291534,0.04649874710122107,51.41242937853107,0.0351257540614225,79.09604519774011,0.06880371229913387,38.4180790960452,0.052312204177968856,84.7457627118644,0.06442468677695526,84.7457627118644,0.0017952668214018088,48.0225988700565,78.53107344632768,568000,50.588235294117645,56.103896103896105,562000,27.942838152210037,TRUE,FALSE,86.17021276595744,Medium,29.75,70.25,Strong Value,Wingers and attacking midfielders,1.1.0,2026-10-03 17:19:27 UTC,14,14,65,Performance data through: 2026-10-03 (updates every day) · MLSPA compensation as of: 2026-04-16,FALSE,2026-10-03 17:19:20 UTC
Pk5LeYlNqO,asa_Pk5LeYlNqO_mls_full_2025,Conner Antley,conner antley,1995-03-22,USA,FB,NA,31.277207392197127,mls,EKXMeX3Q64,FB,asa_live,TRUE,NA,mlspa_via_asa,74,121667,1498,121667,full_2025,2025 full season,1498,0,1,TRUE,0.1436875834445928,0.01204606141522029,3.0040053404539384e-5,0.03186048064085447,0.00484846461949265,0.08969959946595461,0.00520293724966622,2026,121667,D.C. United,0.1336622996580173,1,0.14082048607950923,0.15020851848950387,0.012849132176636512,54.48717948717949,3.204272363251001e-5,27.564102564102566,0.03398451268464012,63.46153846153846,0.005171695594287109,58.333333333333336,0.09567957276667491,81.41025641025641,0.005549799733150733,85.25641025641026,60.256410256410255,121667,22.22222222222222,18.571428571428573,368750,38.034188034188034,FALSE,TRUE,NA,Low,41,59,Small-Sample Watchlist,Fullbacks and wingbacks,1.1.0,2026-10-03 17:19:27 UTC,NA,NA,NA,Performance data through: 2026-10-03 (updates every day) · MLSPA compensation as of: 2026-04-16,FALSE,2026-10-03 17:19:20 UTC
Pk5LemYYqO,asa_Pk5LemYYqO_mls_full_2025,Adam Saldana,adam saldana,2002-02-07,USA,CM,NA,23.394934976043807,mls,eVq3ya6MWO,CM,asa_live,TRUE,NA,mlspa_via_asa,0,NA,201,80622,full_2025,2025 full season,201,0,1,TRUE,0.16065671641791046,0.0029552238805970106,-0.01446268656716417,0.00756716417910447,-0.0028208955223880503,0.16432835820895522,0.00308955223880597,2026,80622,Los Angeles FC,0.1398991348215602,1,0.14510796615847207,0.15478183057387382,0.003152238806068652,15.083798882681565,-0.015426865672123872,12.849162011173185,0.008071641791297006,11.731843575418994,-0.003008955223974617,34.63687150837989,0.17528358209502984,99.44134078212291,0.0032955223881626864,79.88826815642459,59.21787709497207,80622,0.8571428571428571,1.103896103896104,516250,58.36073423782921,FALSE,FALSE,NA,Low,41,59,Insufficient Evidence,Central and defensive midfielders,1.1.0,2026-10-03 17:19:27 UTC,NA,NA,NA,Performance data through: 2026-10-03 (updates every day) · MLSPA compensation as of: 2026-04-16,FALSE,2026-10-03 17:19:20 UTC
Pk5LepoOqO,asa_Pk5LepoOqO_mls_full_2025,Omari Glasgow,omari glasgow,2003-11-22,Guyana,FB,NA,21.607118412046542,mls,X0Oq66zq6D,FB,asa_live,TRUE,NA,mlspa_via_asa,0,NA,624,117685,full_2025,2025 full season,624,0,1,TRUE,0.05698557692307692,0.01208653846153846,0.00947596153846153,0.0435576923076923,-0.01657211538461538,0.0438173076923077,-0.03537980769230769,2026,117685,Chicago Fire FC,0.1336622996580173,1,0.09457220571471436,0.10087701943218107,0.012892307692710575,55.12820512820513,0.010107692308008164,38.46153846153846,0.04646153846299037,71.7948717948718,-0.017676923077475475,10.897435897435898,0.04673846153992212,33.97435897435897,-0.03773846153964086,3.8461538461538463,7.6923076923076925,117685,20.915032679738562,17.272727272727273,368750,-13.222724987430869,FALSE,FALSE,NA,Low,41,59,Insufficient Evidence,Fullbacks and wingbacks,1.1.0,2026-10-03 17:19:27 UTC,NA,NA,NA,Performance data through: 2026-10-03 (updates every day) · MLSPA compensation as of: 2026-04-16,FALSE,2026-10-03 17:19:20 UTC
Pk5LgPOmMO,asa_Pk5LgPOmMO_mls_full_2025,Ethan Bartlow,ethan bartlow,2000-02-02,USA,CB,NA,26.409308692676248,mls,Z2vQ1xlqrA,CB,asa_live,TRUE,NA,mlspa_via_asa,893,142637,1525,142637,full_2025,2025 full season,1525,0,1,TRUE,0.17946295081967215,0.01290688524590164,0.04242098360655737,0.04222622950819672,0.00456786885245901,0.08158426229508198,-0.00424327868852459,2026,142637,Sporting Kansas City,0.14523645173583166,1,0.16979899813717603,0.18111893135198107,0.013767344262725311,77.30061349693251,0.04524904918174189,41.104294478527606,0.04504131147681737,88.34355828220859,0.004872393442775206,63.190184049079754,0.08702321311747359,54.60122699386503,-0.004526163934567672,43.558282208588956,76.68711656441718,142637,22.981366459627328,22.98701298701299,518000,53.70575010478986,TRUE,FALSE,95.78947368421052,Medium,29.75,70.25,Elite Value,Center backs,1.1.0,2026-10-03 17:19:27 UTC,5,5,21,Performance data through: 2026-10-03 (updates every day) · MLSPA compensation as of: 2026-04-16,FALSE,2026-10-03 17:19:20 UTC
Pk5LggA7MO,asa_Pk5LggA7MO_mls_full_2025,Oleksandr Svatok,oleksandr svatok,1994-09-27,Ukraine,CB,NA,31.759069130732374,mls,gpMOLwl5zy,CB,asa_live,TRUE,NA,mlspa_via_asa,2042,580000,2821,580000,full_2025,2025 full season,2821,0,1,TRUE,0.04223714994682737,0.00709216589861751,0.04062282878411911,0.01617830556540234,-0.00278199220134704,-0.00941155618574973,-0.00946260191421481,2026,580000,Austin FC,0.14523645173583166,1,0.06030192079552733,0.06432204885057255,0.00756497695876175,47.239263803680984,0.043331017371081144,38.03680981595092,0.017256859270301773,47.239263803680984,-0.0029674583481962423,33.74233128834356,-0.01003899326511343,2.4539877300613497,-0.010093442042144551,28.220858895705522,0.6134969325153374,580000,54.6583850931677,57.4025974025974,518000,-54.04488816065236,TRUE,FALSE,10.526315789473685,High,14,86,Below Expected Value by Current Model,Center backs,1.1.0,2026-10-03 17:19:27 UTC,86,86,398,Performance data through: 2026-10-03 (updates every day) · MLSPA compensation as of: 2026-04-16,FALSE,2026-10-03 17:19:20 UTC
Pk5Lggy7MO,asa_Pk5Lggy7MO_mls_full_2025,Myrto Uzuni,myrto uzuni,1995-05-31,Albania,FW,NA,31.085557837097877,mls,gpMOLwl5zy,FW,asa_live,TRUE,NA,mlspa_via_asa,1807,2305000,2504,2305000,full_2025,2025 full season,2504,0,1,TRUE,0.22499281150159747,0.06166653354632588,-0.00162819488817891,0.1600806709265176,-0.03832188498402555,0.030702076677316295,0.01249361022364217,2026,2305000,Austin FC,0.2320804800898512,1,0.2263628505328321,0.24145370724256632,0.06577763578480315,53.57142857142857,-0.0017367412141117773,81.25,0.17075271566028813,39.285714285714285,-0.04087667731757132,40.17857142857143,0.032748881790160785,55.357142857142854,0.013326517572301435,68.75,48.214285714285715,2305000,81.98198198198199,93.11688311688312,558750,-33.76769626769627,TRUE,FALSE,25.862068965517242,High,14,86,Below Expected Value by Current Model,Strikers,1.1.0,2026-10-03 17:19:27 UTC,44,44,330,Performance data through: 2026-10-03 (updates every day) · MLSPA compensation as of: 2026-04-16,FALSE,2026-10-03 17:19:20 UTC
Vj587nmM8n,asa_Vj587nmM8n_mls_full_2025,Teal Bunbury,teal bunbury,1990-02-27,USA,FW,NA,35.34017796030116,mls,vzqoOgNqap,FW,asa_live,TRUE,NA,mlspa_via_asa,0,NA,381,285000,full_2025,2025 full season,381,0,1,TRUE,0.24666141732283467,0.0458503937007874,-0.06973228346456693,0.3934488188976378,-0.15344881889763778,0.02196850393700787,0.00857480314960629,2026,285000,Nashville SC,0.2320804800898512,1,0.23774341289899156,0.25359297376684914,0.04890708661570157,31.25,-0.07438110236452913,20.535714285714285,0.41967874017059525,97.32142857142857,-0.16367874016259526,6.25,0.023433070866874014,29.464285714285715,0.009146456693199202,62.5,56.25,285000,33.333333333333336,32.98701298701299,558750,22.916666666666664,FALSE,FALSE,NA,Low,41,59,Insufficient Evidence,Strikers,1.1.0,2026-10-03 17:19:27 UTC,NA,NA,NA,Performance data through: 2026-10-03 (updates every day) · MLSPA compensation as of: 2026-04-16,FALSE,2026-10-03 17:19:20 UTC
Vj58WEKLM8,asa_Vj58WEKLM8_mls_full_2025,Jayden Reid,jayden reid,2001-08-29,USA,FB,NA,24.83778234086242,mls,Z2vQ1xlqrA,FB,asa_live,TRUE,NA,mlspa_via_asa,1178,116655,531,116655,full_2025,2025 full season,531,0,1,TRUE,0.11954237288135594,0,0.0218135593220339,0.00523728813559322,0.00386440677966101,0.10366101694915256,-0.01503389830508474,2026,116655,Sporting Kansas City,0.1336622996580173,1,0.1270330502164548,0.13550192023511956,0,6.410256410256411,0.02326779661089661,53.205128205128204,0.005586440678140678,8.974358974358974,0.004122033898433891,57.05128205128205,0.11057175141588475,91.02564102564102,-0.01603615819259152,8.974358974358974,45.51282051282051,116655,19.607843137254903,17.01298701298701,368750,25.904977375565608,TRUE,FALSE,76.66666666666667,High,20.75,79.25,Fair Value,Fullbacks and wingbacks,1.1.0,2026-10-03 17:19:27 UTC,22,22,106,Performance data through: 2026-10-03 (updates every day) · MLSPA compensation as of: 2026-04-16,FALSE,2026-10-03 17:19:20 UTC
Vj58WNDrM8,asa_Vj58WNDrM8_mls_full_2025,Obed Vargas,obed vargas,2005-08-05,USA,CM,NA,19.904175222450377,mls,jYQJ19EqGR,CM,asa_live,TRUE,NA,mlspa_via_asa,0,NA,2846,134452,full_2025,2025 full season,2846,0,1,TRUE,0.14431307097680957,0.03044061841180604,-0.00699508081517919,0.04599613492621222,0.00861735769501054,0.06522944483485593,0.001024595924104,2026,134452,Seattle Sounders FC,0.1398991348215602,1,0.1435445388545955,0.15311417478302003,0.032469992973607795,82.12290502793296,-0.007461419536424305,20.11173184357542,0.04906254392282624,75.97765363128492,0.009191848208298487,70.39106145251397,0.06957807449268731,59.21787709497207,0.00109290231907842,72.62569832402235,57.54189944134078,134452,18.857142857142858,21.68831168831169,516250,38.68475658419793,FALSE,FALSE,NA,Low,41,59,Insufficient Evidence,Central and defensive midfielders,1.1.0,2026-10-03 17:19:27 UTC,NA,NA,NA,Performance data through: 2026-10-03 (updates every day) · MLSPA compensation as of: 2026-04-16,FALSE,2026-10-03 17:19:20 UTC
Vj58WXb2M8,asa_Vj58WXb2M8_mls_full_2025,Olivier Mbaizo,olivier mbaizo,1997-08-15,Cameroon,FB,NA,28.876112251882272,mls,9z5k7Yg5A3,FB,asa_live,TRUE,NA,mlspa_via_asa,71,502875,563,502875,full_2025,2025 full season,563,0,1,TRUE,0.07799606237477798,1.3909715808170515e-6,0.04774955595026643,0.01071047957371225,-0.01013499111900532,0.029094138543516865,5.754884547069271e-4,2026,502875,Philadelphia Union,0.1336622996580173,1,0.10671467146329353,0.11382898289773692,1.483703019584554e-6,12.820512820512821,0.05093285968187584,83.97435897435898,0.011424511545650082,19.871794871794872,-0.010810657193943508,17.307692307692307,0.031033747780721127,19.871794871794872,6.138543517065719e-4,59.61538461538461,20.512820512820515,502875,66.01307189542484,51.16883116883117,368750,-45.50025138260433,FALSE,TRUE,NA,Low,41,59,Small-Sample Watchlist,Fullbacks and wingbacks,1.1.0,2026-10-03 17:19:27 UTC,NA,NA,NA,Performance data through: 2026-10-03 (updates every day) · MLSPA compensation as of: 2026-04-16,FALSE,2026-10-03 17:19:20 UTC
Vj58aBe8q8,asa_Vj58aBe8q8_mls_full_2025,Fallou Fall,fallou fall,2004-04-15,Senegal,CB,NA,22.209445585215605,mls,wvq9B9wQWn,CB,asa_live,TRUE,NA,mlspa_via_asa,581,743919,684,743919,full_2025,2025 full season,684,0,1,TRUE,0.23210526315789473,0.01786842105263158,0.07177631578947369,0.0650921052631579,-0.00680263157894736,0.08389473684210526,2.763157894736842e-4,2026,743919,St. Louis City SC,0.14523645173583166,1,0.1915123606242204,0.2042798513388855,0.01905964912340263,85.88957055214723,0.07656140351116447,84.04907975460122,0.06943157894953816,95.70552147239263,-0.007256140351103938,26.993865030674847,0.0894877193010421,57.668711656441715,2.9473684211447367e-4,76.68711656441718,91.41104294478528,743919,65.21739130434783,68.7012987012987,518000,26.19365164043745,TRUE,FALSE,76.84210526315789,Medium,29.75,70.25,Strong Value,Center backs,1.1.0,2026-10-03 17:19:27 UTC,23,23,105,Performance data through: 2026-10-03 (updates every day) · MLSPA compensation as of: 2026-04-16,FALSE,2026-10-03 17:19:20 UTC
Vj58l2gD58,asa_Vj58l2gD58_mls_full_2025,Adrian Wibowo,adrian wibowo,2006-01-17,USA,W,NA,19.45242984257358,mls,eVq3ya6MWO,W,asa_live,TRUE,NA,mlspa_via_asa,0,NA,36,80622,full_2025,2025 full season,36,0,1,TRUE,-0.13774999999999998,0,0.0225,0.0345,-0.058,0.01575,-0.1525,2026,80622,Los Angeles FC,0.20362313755561975,1,0.1843001297694526,0.19658680509355944,0,6.214689265536723,0.024000000000749998,74.57627118644068,0.03680000000115,12.994350282485875,-0.0618666666686,7.344632768361582,0.016800000000525,15.819209039548022,-0.16266666667175,0.5649717514124294,33.898305084745765,80622,1.7647058823529411,1.103896103896104,562000,32.13359920239282,FALSE,FALSE,NA,Low,41,59,Insufficient Evidence,Wingers and attacking midfielders,1.1.0,2026-10-03 17:19:27 UTC,NA,NA,NA,Performance data through: 2026-10-03 (updates every day) · MLSPA compensation as of: 2026-04-16,FALSE,2026-10-03 17:19:20 UTC
Vj58lAnw58,asa_Vj58lAnw58_mls_full_2025,Cooper Sanchez,cooper sanchez,2008-03-26,USA,CM,NA,18.26420260095825,mls,KAqBN0Vqbg,CM,asa_live,TRUE,NA,mlspa_via_asa,1901,88025,116,88025,full_2025,2025 full season,116,0,1,TRUE,-0.01295689655172413,0,-0.04880172413793103,0.03328448275862069,-0.00868965517241379,0.01249137931034482,-0.00124137931034482,2026,88025,Atlanta United FC,0.1398991348215602,1,0.11513474985046943,0.12281039984433854,0,6.145251396648045,-0.05205517241541983,3.910614525139665,0.03550344827697155,64.80446927374301,-0.009268965517531032,25.139664804469273,0.013324137931450854,8.938547486033519,-0.001324137931075854,48.60335195530726,21.22905027932961,88025,2.5714285714285716,3.831168831168831,516250,18.657621707901036,TRUE,FALSE,73.07692307692308,High,14,86,Fair Value,Central and defensive midfielders,1.1.0,2026-10-03 17:19:27 UTC,29,29,122,Performance data through: 2026-10-03 (updates every day) · MLSPA compensation as of: 2026-04-16,FALSE,2026-10-03 17:19:20 UTC
Vj58lXp258,asa_Vj58lXp258_mls_full_2025,Nicolás Romero,nicolas romero,2003-11-28,Argentina,CB,NA,22.590006844626966,mls,kRQand1MKZ,CB,asa_live,TRUE,NA,mlspa_via_asa,894,492500,2516,492500,full_2025,2025 full season,2516,0,1,TRUE,0.1569992050874404,0.0120262321144674,0.03893322734499205,0.04009220985691573,-0.00697893481717011,0.08633704292527823,-0.013410572337042919,2026,492500,Minnesota United FC,0.14523645173583166,1,0.15473423332525643,0.16504984888543134,0.012827980922499435,72.39263803680981,0.04152877583595596,34.969325153374236,0.04276502384871318,85.88957055214723,-0.007444197138547415,26.380368098159508,0.09209284578984135,60.122699386503065,-0.0143046104932928,22.085889570552148,61.96319018404908,492500,47.20496894409938,49.74025974025974,518000,14.758221239949705,TRUE,FALSE,69.47368421052632,Medium,29.75,70.25,Undervalued,Center backs,1.1.0,2026-10-03 17:19:27 UTC,30,30,137,Performance data through: 2026-10-03 (updates every day) · MLSPA compensation as of: 2026-04-16,FALSE,2026-10-03 17:19:20 UTC
Vj58lrom58,asa_Vj58lrom58_mls_full_2025,Rafael Mosquera,rafael mosquera,2005-05-24,Panama,W,NA,21.10335386721424,mls,a2lqRX2Mr0,W,asa_live,TRUE,NA,mlspa_via_asa,378,99925,14,99925,full_2025,2025 full season,14,0,1,TRUE,0.13114285714285714,0,-0.06814285714285714,0.07778571428571428,0.13692857142857143,-0.01542857142857142,0,2026,99925,New York Red Bulls,0.20362313755561975,1,0.20197049272536133,0.21543519224711777,0,6.214689265536723,-0.07268571428798572,7.344632768361582,0.08297142857402141,49.717514124293785,0.14605714286170715,98.30508474576271,-0.016457142857657134,3.9548022598870056,0,35.31073446327684,53.67231638418079,99925,11.176470588235293,8.831168831168831,562000,42.4958457959455,FALSE,TRUE,NA,Low,41,59,Small-Sample Watchlist,Wingers and attacking midfielders,1.1.0,2026-10-03 17:19:27 UTC,NA,NA,NA,Performance data through: 2026-10-03 (updates every day) · MLSPA compensation as of: 2026-04-16,FALSE,2026-10-03 17:19:20 UTC
Vj58w7RmM8,asa_Vj58w7RmM8_mls_full_2025,Alex Roldan,alex roldan,1996-07-28,USA,CB,NA,29.924709103353862,mls,jYQJ19EqGR,CB,asa_live,TRUE,NA,mlspa_via_asa,1689,658050,2646,658050,full_2025,2025 full season,2646,0,1,TRUE,0.17142176870748302,0.02012585034013605,0.05448979591836735,0.03029931972789115,-0.01172108843537415,0.07852380952380954,-2.959183673469387e-4,2026,658050,Seattle Sounders FC,0.14523645173583166,1,0.16658159921179885,0.17768703916480483,0.02146757369681598,92.63803680981596,0.05812244898140816,62.576687116564415,0.0323192743774272,77.30061349693251,-0.012502494331456462,16.56441717791411,0.08375873016134763,52.760736196319016,-3.1564625851326526e-4,69.93865030674847,71.77914110429448,658050,59.006211180124225,62.5974025974026,518000,12.772929924170256,TRUE,FALSE,64.21052631578948,High,14,86,Undervalued,Center backs,1.1.0,2026-10-03 17:19:27 UTC,35,35,161,Performance data through: 2026-10-03 (updates every day) · MLSPA compensation as of: 2026-04-16,FALSE,2026-10-03 17:19:20 UTC
XVqK2D6R50,asa_XVqK2D6R50_mls_full_2025,Nikola Petkovic,nikola petkovic,2003-02-23,Serbia,CM,NA,23.351129363449697,mls,jYQJ19EqGR,CM,asa_live,TRUE,NA,mlspa_via_asa,160,516250,127,516250,full_2025,2025 full season,127,0,1,TRUE,0.1972913385826771,0.08638582677165355,0.03408661417322834,0.10445669291338584,-0.05633858267716536,0.06037795275590551,-0.0316771653543307,2026,516250,Seattle Sounders FC,0.1398991348215602,1,0.14992500810582685,0.1599200086512128,0.0921448818926433,98.32402234636872,0.036359055119246454,68.71508379888269,0.1114204724444268,96.08938547486034,-0.060094488190854334,3.35195530726257,0.06440314960831181,50.279329608938546,-0.03378897637900865,4.4692737430167595,67.59776536312849,516250,50.285714285714285,51.81818181818182,516250,17.312051077414203,FALSE,TRUE,NA,Low,41,59,Small-Sample Watchlist,Central and defensive midfielders,1.1.0,2026-10-03 17:19:27 UTC,NA,NA,NA,Performance data through: 2026-10-03 (updates every day) · MLSPA compensation as of: 2026-04-16,FALSE,2026-10-03 17:19:20 UTC
XVqKG17Rq0,asa_XVqKG17Rq0_mls_full_2025,Emeka Eneli,emeka eneli,1999-10-18,USA,CM,NA,26.702258726899384,mls,a2lqR4JMr0,CM,asa_live,TRUE,NA,mlspa_via_asa,31,441000,2113,441000,full_2025,2025 full season,2113,0,1,TRUE,0.14992475153809748,0.00888073828679602,0.03237955513487931,0.01429862754377662,0.02429957406530998,0.06931661145291056,7.496450544249882e-4,2026,441000,Real Salt Lake,0.1398991348215602,1,0.147707512308491,0.1575546798006473,0.009472787506211779,29.050279329608937,0.03453819214495059,66.4804469273743,0.015251869380505016,27.932960893854748,0.025919545670473963,91.06145251396649,0.07393771888541514,65.92178770949721,7.996213914116423e-4,68.71508379888269,63.12849162011173,441000,44.57142857142857,45.58441558441559,516250,18.557063048683162,FALSE,TRUE,NA,Low,41,59,Small-Sample Watchlist,Central and defensive midfielders,1.1.0,2026-10-03 17:19:27 UTC,NA,NA,NA,Performance data through: 2026-10-03 (updates every day) · MLSPA compensation as of: 2026-04-16,FALSE,2026-10-03 17:19:20 UTC
XVqKG1XWq0,asa_XVqKG1XWq0_mls_full_2025,Simon Becher,simon becher,1999-07-20,USA,FW,NA,26.94866529774127,mls,wvq9B9wQWn,FW,asa_live,TRUE,NA,mlspa_via_asa,2150,444375,1472,444375,full_2025,2025 full season,1472,0,1,TRUE,0.391414402173913,0.08645991847826086,-0.03323641304347826,0.275117527173913,-0.0048485054347826,0.05079008152173913,0.01713179347826087,2026,444375,St. Louis City SC,0.2320804800898512,1,0.3452752355472542,0.36829358459524697,0.09222391304636024,86.60714285714286,-0.03545217391415136,57.142857142857146,0.29345869566134447,83.03571428571429,-0.00517173913059639,71.42857142857143,0.05417608695821474,82.14285714285714,0.018273913044049322,79.46428571428571,97.32142857142857,444375,44.14414414414414,46.36363636363637,558750,53.17728442728443,TRUE,FALSE,94.82758620689656,High,14,86,Elite Value,Strikers,1.1.0,2026-10-03 17:19:27 UTC,4,4,25,Performance data through: 2026-10-03 (updates every day) · MLSPA compensation as of: 2026-04-16,FALSE,2026-10-03 17:19:20 UTC
XVqKWAZBq0,asa_XVqKWAZBq0_mls_full_2025,Brandon Servania,brandon servania,1999-03-12,USA,CM,NA,27.30458590006845,mls,EKXMeX3Q64,CM,asa_live,TRUE,NA,mlspa_via_asa,2032,303722,2238,303722,full_2025,2025 full season,2238,0,1,TRUE,0.06723860589812333,0.01413941018766756,0.00118632707774798,0.02024396782841822,-0.0039008042895442296,0.04935924932975871,-0.01378954423592493,2026,303722,D.C. United,0.1398991348215602,1,0.08260023991999159,0.08810692258407771,0.015082037533983378,46.927374301675975,0.0012654155496373896,26.81564245810056,0.0215935656843209,39.10614525139665,-0.004160857908977205,30.726256983240223,0.05264986595338793,29.050279329608937,-0.014708847185446242,12.849162011173185,3.35195530726257,303722,33.142857142857146,33.896103896103895,516250,-29.790901835594575,TRUE,FALSE,20.192307692307693,High,14,86,Below Expected Value by Current Model,Central and defensive midfielders,1.1.0,2026-10-03 17:19:27 UTC,84,84,355,Performance data through: 2026-10-03 (updates every day) · MLSPA compensation as of: 2026-04-16,FALSE,2026-10-03 17:19:20 UTC
XVqKWX8Bq0,asa_XVqKWX8Bq0_mls_full_2025,Steven Alzate,steven alzate,1998-09-08,Colombia,CM,NA,27.811088295687885,mls,KAqBN0Vqbg,CM,asa_live,TRUE,NA,mlspa_via_asa,590,1377087,726,1377087,full_2025,2025 full season,726,0,1,TRUE,0.115301652892562,0.0128801652892562,0.04373553719008264,0.01102066115702479,-0.01682231404958677,0.0615,0.0029876033057851196,2026,1377087,Atlanta United FC,0.1398991348215602,1,0.12643173521337564,0.1348605175651484,0.013738842975635952,40.78212290502793,0.046651239670879335,75.41899441340782,0.011755371901193797,20.670391061452513,-0.017943801653453297,14.525139664804469,0.06560000000205,51.95530726256983,0.0031867768596037143,78.77094972067039,31.28491620111732,1377087,93.14285714285714,87.27272727272727,516250,-61.85794094173982,TRUE,FALSE,7.6923076923076925,Medium,29.75,70.25,Below Expected Value by Current Model,Central and defensive midfielders,1.1.0,2026-10-03 17:19:27 UTC,97,97,410,Performance data through: 2026-10-03 (updates every day) · MLSPA compensation as of: 2026-04-16,FALSE,2026-10-03 17:19:20 UTC
XVqKYp2DM0,asa_XVqKYp2DM0_mls_full_2025,Yuya Kubo,yuya kubo,1993-12-24,Japan,FB,NA,31.51813826146475,mls,NWMWlBK5lz,FB,asa_live,TRUE,NA,mlspa_via_asa,0,NA,874,821667,full_2025,2025 full season,874,0,1,TRUE,0.16128947368421054,0.07164988558352403,-0.03205606407322654,0.07740617848970252,0.011708237986270019,0.04047940503432494,-0.00789816933638444,2026,821667,FC Cincinnati,0.1336622996580173,1,0.15004367692999349,0.16004658873032784,0.07642654462481396,98.07692307692308,-0.03419313501251017,8.974358974358974,0.08256659039159622,89.1025641025641,0.01248878718574496,74.35897435897436,0.04317803203796258,28.846153846153847,-0.00842471395907334,18.58974358974359,73.07692307692308,821667,89.54248366013071,74.02597402597402,368750,-16.465560583207633,FALSE,FALSE,NA,Low,41,59,Insufficient Evidence,Fullbacks and wingbacks,1.1.0,2026-10-03 17:19:27 UTC,NA,NA,NA,Performance data through: 2026-10-03 (updates every day) · MLSPA compensation as of: 2026-04-16,FALSE,2026-10-03 17:19:20 UTC
XVqKeBkKM0,asa_XVqKeBkKM0_mls_full_2025,Jacob Shaffelburg,jacob shaffelburg,1999-11-26,Canada,W,NA,26.595482546201232,mls,eVq3ya6MWO,W,asa_live,TRUE,NA,mlspa_via_asa,868,520000,1433,520000,full_2025,2025 full season,1433,0,1,TRUE,0.22275785066294487,0.04511933007676204,-0.014614794138171662,0.12682274947662248,0.0061235170969993,0.03605652477320307,0.023250523377529645,2026,520000,Los Angeles FC,0.20362313755561975,1,0.21711061610101912,0.2315846571816574,0.04812728541671682,54.23728813559322,-0.015589113747870266,36.15819209039548,0.13527759944595807,79.09604519774011,0.006531751570336704,49.152542372881356,0.03846029309261849,42.93785310734463,0.024800558270139973,89.83050847457628,67.2316384180791,520000,47.05882352941177,52.33766233766234,562000,20.172814888667332,TRUE,FALSE,81.91489361702128,Medium,29.75,70.25,Strong Value,Wingers and attacking midfielders,1.1.0,2026-10-03 17:19:27 UTC,18,18,83,Performance data through: 2026-10-03 (updates every day) · MLSPA compensation as of: 2026-04-16,FALSE,2026-10-03 17:19:20 UTC
XVqKeYLNM0,asa_XVqKeYLNM0_mls_full_2025,Josh Atencio,josh atencio,2002-01-31,USA,CM,NA,24.413415468856947,mls,pzeQZ6xQKw,CM,asa_live,TRUE,NA,mlspa_via_asa,1554,462500,1957,462500,full_2025,2025 full season,1957,0,1,TRUE,0.19692846193152783,0.01453244762391415,0.05083137455288707,0.02037761880429228,0.00698109351047521,0.10489115993868169,-6.852324987225344e-4,2026,462500,Colorado Rapids,0.1398991348215602,1,0.18354653144033478,0.19578296687580865,0.01550127746599284,48.60335195530726,0.05422013285810725,78.77094972067039,0.021736126725257685,39.66480446927374,0.0074464997447395934,67.0391061452514,0.11188390393809017,89.94413407821229,-7.309146653268778e-4,52.513966480446925,87.15083798882682,462500,47.42857142857143,47.79220779220779,516250,39.72226656025539,TRUE,FALSE,87.5,High,14,86,Strong Value,Central and defensive midfielders,1.1.0,2026-10-03 17:19:27 UTC,14,14,58,Performance data through: 2026-10-03 (updates every day) · MLSPA compensation as of: 2026-04-16,FALSE,2026-10-03 17:19:20 UTC
XVqKeYOKM0,asa_XVqKeYOKM0_mls_full_2025,Kai Wagner,kai wagner,1997-02-15,Germany,FB,NA,29.371663244353183,mls,9z5k7Yg5A3,FB,asa_live,TRUE,NA,NA,1244,1088250,3429,1088250,full_2025,2025 full season,3429,0,1,TRUE,0.20261154855643043,0.00920209973753281,0.12458792650918636,0.00808136482939632,-0.0032755905511811,0.05873490813648294,0.005280839895013119,2026,1088250,Philadelphia Union,0.1336622996580173,1,0.19234360382100033,0.2051665107488118,0.009815573053675067,39.1025641025641,0.13289378828061837,100,0.008620122484958786,14.102564102564102,-0.0034939632547023596,32.05128205128205,0.06265056868087296,47.43589743589744,0.005632895888190021,85.8974358974359,91.02564102564102,1088250,97.38562091503267,83.50649350649351,368750,-6.359979889391653,TRUE,FALSE,44.44444444444444,High,20.75,79.25,Fair Value,Fullbacks and wingbacks,1.1.0,2026-10-03 17:19:27 UTC,51,51,248,Performance data through: 2026-10-03 (updates every day) · MLSPA compensation as of: 2026-04-16,FALSE,2026-10-03 17:19:20 UTC
XVqKezAwM0,asa_XVqKezAwM0_mls_full_2025,Harold Osorio,harold osorio,2003-08-20,El Salvador,CM,NA,21.86447638603696,mls,X0Oq66zq6D,CM,asa_live,FALSE,NA,NA,0,NA,6,NA,full_2025,2025 full season,6,0,1,TRUE,-0.0255,0,-0.054,0.0285,0,0,0,2026,NA,Chicago Fire FC,0.1398991348215602,1,0.1382615196253071,0.14747895427160296,0,6.145251396648045,-0.057600000001799996,2.793296089385475,0.03040000000095,56.98324022346369,0,43.01675977653631,0,5.307262569832402,0,61.1731843575419,48.04469273743017,NA,NA,NA,516250,NA,FALSE,FALSE,NA,Insufficient,41,59,Insufficient Evidence,Central and defensive midfielders,1.1.0,2026-10-03 17:19:27 UTC,NA,NA,NA,Performance data through: 2026-10-03 (updates every day) · MLSPA compensation as of: 2026-04-16,FALSE,2026-10-03 17:19:20 UTC
Xj5Y44KGMb,asa_Xj5Y44KGMb_mls_full_2025,Adilson Malanda,adilson malanda,2001-10-29,France,CB,NA,23.67145790554415,mls,NPqxKXZ59d,CB,asa_live,TRUE,NA,mlspa_via_asa,0,NA,3557,1080000,full_2025,2025 full season,3557,0,1,TRUE,0.20365757660950237,0.00978689907225189,0.06707618779870676,0.0292847905538375,-0.0070137756536407,0.12003120607253304,-0.01550773123418611,2026,1080000,Charlotte FC,0.14523645173583166,1,0.19522537191279743,0.20824039671349143,0.010439359010728247,58.282208588957054,0.07154793365418975,79.14110429447852,0.031237109925069496,76.07361963190183,-0.0074813606974505386,25.766871165644172,0.1280332864813696,87.73006134969326,-0.016541579983648774,19.01840490797546,93.25153374233129,1080000,88.81987577639751,83.24675324675324,518000,4.4316579659337805,FALSE,FALSE,NA,Low,41,59,Insufficient Evidence,Center backs,1.1.0,2026-10-03 17:19:27 UTC,NA,NA,NA,Performance data through: 2026-10-03 (updates every day) · MLSPA compensation as of: 2026-04-16,FALSE,2026-10-03 17:19:20 UTC
Xj5Y4dAlMb,asa_Xj5Y4dAlMb_mls_full_2025,Diego García,diego garcia,2006-10-17,USA,CM,NA,18.704996577686515,mls,mKAqBBmqbg,CM,asa_live,TRUE,NA,mlspa_via_asa,0,NA,24,94263,full_2025,2025 full season,24,0,1,TRUE,0.037875,0,-0.043875,0.067875,-0.039375,0.05325,0,2026,94263,FC Dallas,0.1398991348215602,1,0.13597512963611558,0.1450401382830558,0,6.145251396648045,-0.0468000000014625,5.58659217877095,0.0724000000022625,87.70949720670392,-0.0420000000013125,5.027932960893855,0.056800000001775,36.312849162011176,0,61.1731843575419,45.25139664804469,94263,4.571428571428571,7.012987012987013,516250,40.67996807661612,FALSE,FALSE,NA,Low,41,59,Insufficient Evidence,Central and defensive midfielders,1.1.0,2026-10-03 17:19:27 UTC,NA,NA,NA,Performance data through: 2026-10-03 (updates every day) · MLSPA compensation as of: 2026-04-16,FALSE,2026-10-03 17:19:20 UTC
Xj5Y4mJXMb,asa_Xj5Y4mJXMb_mls_full_2025,Ian Glavinovich,ian glavinovich,2001-10-27,Argentina,CB,NA,23.67693360711841,mls,9z5k7Yg5A3,CB,asa_live,TRUE,NA,mlspa_via_asa,0,NA,292,425750,full_2025,2025 full season,292,0,1,TRUE,0.25218493150684934,0.03035958904109589,0.05224315068493151,0.05045547945205479,-5.23972602739726e-4,0.11709246575342466,0.00255821917808219,2026,425750,Philadelphia Union,0.14523645173583166,1,0.18024649219898992,0.1922629250182641,0.032383561644847604,96.93251533742331,0.05572602739900171,59.50920245398773,0.05381917808387362,92.02453987730061,-5.589041096065069e-4,42.94478527607362,0.1248986301408894,86.50306748466258,0.0027287671233729434,92.02453987730061,86.50306748466258,425750,40.993788819875775,43.76623376623377,518000,45.509278664786805,FALSE,FALSE,NA,Low,41,59,Insufficient Evidence,Center backs,1.1.0,2026-10-03 17:19:27 UTC,NA,NA,NA,Performance data through: 2026-10-03 (updates every day) · MLSPA compensation as of: 2026-04-16,FALSE,2026-10-03 17:19:20 UTC
Xj5Y60Kxqb,asa_Xj5Y60Kxqb_mls_full_2025,Miki Yamane,miki yamane,1993-12-22,Japan,FB,NA,32.52292950034223,mls,kaDQ0wRqEv,FB,asa_live,TRUE,NA,mlspa_via_asa,1096,916667,2478,916667,full_2025,2025 full season,2478,0,1,TRUE,0.09805205811138017,0.01003147699757869,0.02302663438256658,0.02789346246973366,0.00136924939467312,0.04410290556900726,-0.00837167070217917,2026,916667,LA Galaxy,0.1336622996580173,1,0.10499362566433088,0.11199320071211939,0.010700242131084985,42.94871794871795,0.024561743342171906,55.76923076923077,0.02975302663531235,58.333333333333336,0.0014605326876969697,51.92307692307692,0.04704309927507784,35.256410256410255,-0.008929782082603505,16.666666666666668,17.307692307692307,916667,94.11764705882354,78.96103896103897,368750,-76.80995475113123,TRUE,FALSE,2.2222222222222223,High,20.75,79.25,Below Expected Value by Current Model,Fullbacks and wingbacks,1.1.0,2026-10-03 17:19:27 UTC,89,89,433,Performance data through: 2026-10-03 (updates every day) · MLSPA compensation as of: 2026-04-16,FALSE,2026-10-03 17:19:20 UTC
Xj5Y68Olqb,asa_Xj5Y68Olqb_mls_full_2025,Dániel Gazdag,daniel gazdag,1996-03-02,Hungary,FW,NA,30.32991101984942,mls,mvzqoLZQap,FW,asa_live,TRUE,NA,mlspa_via_asa,1224,2647635,2858,2647635,full_2025,2025 full season,2858,0,1,TRUE,0.19690412876137156,0.04277676696990903,-0.03502379286214136,0.1807022393282015,-0.03271238628411476,0.03051434569629111,0.010646955913226029,2026,2647635,Columbus Crew,0.2320804800898512,1,0.20300760209771854,0.21654144224433336,0.04562855143599552,28.571428571428573,-0.03735871238745158,54.464285714285715,0.19274905528943834,47.32142857142857,-0.03489321203747949,48.214285714285715,0.03254863541039433,51.785714285714285,0.011356752974462663,65.17857142857143,25.892857142857142,2647635,83.78378378378379,94.02597402597402,558750,-57.89092664092665,TRUE,FALSE,10.344827586206897,High,20.75,79.25,Below Expected Value by Current Model,Strikers,1.1.0,2026-10-03 17:19:27 UTC,53,53,399,Performance data through: 2026-10-03 (updates every day) · MLSPA compensation as of: 2026-04-16,FALSE,2026-10-03 17:19:20 UTC
Xj5Y6KKaqb,asa_Xj5Y6KKaqb_mls_full_2025,Anders Dreyer,anders dreyer,1998-05-02,Denmark,W,NA,28.164271047227928,mls,zeQZBOzQKw,W,asa_live,TRUE,NA,mlspa_via_asa,2582,3561251,3926,3561251,full_2025,2025 full season,3926,0,1,TRUE,0.2725491594498217,0.07291008660213959,0.01065970453387672,0.1690101884870097,-0.00725776872134488,0.02147300050942435,0.00575394803871625,2026,3561251,San Diego FC,0.20362313755561975,1,0.2634118167329589,0.2809726045239365,0.07777075904471256,89.26553672316385,0.011370351503157157,65.53672316384181,0.18027753439177735,89.26553672316385,-0.007741619969676464,32.20338983050848,0.02290453387743507,20.903954802259886,0.006137544574822465,61.5819209039548,88.13559322033899,3561251,91.17647058823529,95.97402597402598,562000,-3.0408773678963,TRUE,FALSE,53.191489361702125,High,14,86,Fair Value,Wingers and attacking midfielders,1.1.0,2026-10-03 17:19:27 UTC,45,45,210,Performance data through: 2026-10-03 (updates every day) · MLSPA compensation as of: 2026-04-16,FALSE,2026-10-03 17:19:20 UTC
Xj5Y6kWaqb,asa_Xj5Y6kWaqb_mls_full_2025,Timothy Tillman,timothy tillman,1999-01-04,Germany,CM,NA,27.488021902806295,mls,eVq3ya6MWO,CM,asa_live,TRUE,NA,mlspa_via_asa,1289,881400,2970,881400,full_2025,2025 full season,2970,0,1,TRUE,0.14223636363636366,0.02046969696969697,0.01730606060606061,0.02779090909090909,0.01083636363636363,0.06610606060606061,-2.727272727272727e-4,2026,881400,Los Angeles FC,0.1398991348215602,1,0.14184355207085048,0.15129978888030196,0.021834343435025758,65.36312849162012,0.01845979798037485,49.16201117318436,0.029643636364562725,55.3072625698324,0.011558787879149084,76.53631284916202,0.07051313131533485,60.33519553072626,-2.909090909181818e-4,55.865921787709496,54.18994413407821,881400,81.71428571428571,77.14285714285714,516250,-27.524341580207498,TRUE,FALSE,21.153846153846153,High,20.75,79.25,Below Expected Value by Current Model,Central and defensive midfielders,1.1.0,2026-10-03 17:19:27 UTC,83,83,350,Performance data through: 2026-10-03 (updates every day) · MLSPA compensation as of: 2026-04-16,FALSE,2026-10-03 17:19:20 UTC
Xj5Y6ko0qb,asa_Xj5Y6ko0qb_mls_full_2025,Jannes Horn,jannes horn,1997-02-06,Germany,FB,NA,28.396988364134156,mls,wvq9B9wQWn,FB,asa_live,TRUE,NA,mlspa_via_asa,0,NA,779,321667,full_2025,2025 full season,779,0,1,TRUE,0.1488754813863928,0.00359306803594351,0.04260847240051348,0.00709370988446726,0.02325673940949936,0.06593453145057766,0.00638896020539152,2026,321667,St. Louis City SC,0.1336622996580173,1,0.14225625800928962,0.15174000854798414,0.0038326059051261795,19.871794871794872,0.04544903722863466,79.48717948717949,0.0075666238770015345,11.538461538461538,0.024807188704241208,87.17948717948718,0.07033016688281399,57.05128205128205,0.00681489088596392,89.74358974358974,60.8974358974359,321667,43.790849673202615,35.1948051948052,368750,17.106586224233283,FALSE,FALSE,NA,Low,41,59,Insufficient Evidence,Fullbacks and wingbacks,1.1.0,2026-10-03 17:19:27 UTC,NA,NA,NA,Performance data through: 2026-10-03 (updates every day) · MLSPA compensation as of: 2026-04-16,FALSE,2026-10-03 17:19:20 UTC
Xj5Y6xmaqb,asa_Xj5Y6xmaqb_mls_full_2025,Cayman Togashi,cayman togashi,1993-08-10,Japan,FW,NA,32.889801505817935,mls,KAqBN0Vqbg,FW,asa_live,TRUE,NA,mlspa_via_asa,139,113400,133,113400,full_2025,2025 full season,133,0,1,TRUE,0.03295991930075187,5.032082706766917e-6,2.0300751879699248e-4,0.05142857142857143,-0.04594736842105263,0.02172180451127819,0.00554887218045112,2026,113400,Atlanta United FC,0.2320804800898512,1,0.19595082854148801,0.20901421711745224,5.367554887385782e-6,6.25,2.1654135339022556e-4,83.03571428571429,0.05485714285885714,5.357142857142857,-0.04901052631732105,36.607142857142854,0.02316992481275413,27.678571428571427,0.005918796992666157,55.357142857142854,20.535714285714285,113400,17.117117117117118,13.896103896103897,558750,3.4185971685971666,FALSE,TRUE,NA,Low,41,59,Small-Sample Watchlist,Strikers,1.1.0,2026-10-03 17:19:27 UTC,NA,NA,NA,Performance data through: 2026-10-03 (updates every day) · MLSPA compensation as of: 2026-04-16,FALSE,2026-10-03 17:19:20 UTC
Xj5Y6zYAqb,asa_Xj5Y6zYAqb_mls_full_2025,Edvard Tagseth,edvard tagseth,2001-01-23,Norway,CM,NA,25.43463381245722,mls,vzqoOgNqap,CM,asa_live,TRUE,NA,mlspa_via_asa,1650,736667,2993,736667,full_2025,2025 full season,2993,0,1,TRUE,0.07633611760775143,0.00899398596725693,0.01600033411293017,0.01206114266622118,-0.00277547611092549,0.04719812896759105,-0.00514199799532241,2026,736667,Nashville SC,0.1398991348215602,1,0.08695059306789205,0.09274729927531654,0.009593585032040525,30.16759776536313,0.017067023054325527,46.36871508379888,0.012865218844371296,22.905027932960895,-0.0029605078517463716,35.19553072625698,0.050344670900337056,25.69832402234637,-0.005484797861848637,30.726256983240223,3.910614525139665,736667,70.28571428571429,68.18181818181819,516250,-66.37509976057463,TRUE,FALSE,5.769230769230769,High,14,86,Below Expected Value by Current Model,Central and defensive midfielders,1.1.0,2026-10-03 17:19:27 UTC,99,99,418,Performance data through: 2026-10-03 (updates every day) · MLSPA compensation as of: 2026-04-16,FALSE,2026-10-03 17:19:20 UTC
Xj5Y8R7AMb,asa_Xj5Y8R7AMb_mls_full_2025,Cristian Arango,cristian arango,1995-03-09,Colombia,FW,NA,30.313483915126625,mls,0KPqjA456v,FW,asa_live,TRUE,NA,mlspa_via_asa,0,NA,2839,2216667,full_2025,2025 full season,2839,0,1,TRUE,0.2894233885170835,0.08319373018668545,0.01221134202183867,0.14279535047551956,-0.01026805213103205,0.04785311729482212,0.01363790066924973,2026,2216667,San Jose Earthquakes,0.2320804800898512,1,0.279418810134897,0.29804673081987076,0.08873997886857093,83.03571428571429,0.013025431490368292,89.28571428571429,0.1523150405119807,27.678571428571427,-0.010952588940109788,64.28571428571429,0.05104332511607203,79.46428571428571,0.01454709404765431,75,77.67857142857143,2216667,79.27927927927928,92.46753246753246,558750,-1.600707850707849,FALSE,FALSE,NA,Low,41,59,Insufficient Evidence,Strikers,1.1.0,2026-10-03 17:19:27 UTC,NA,NA,NA,Performance data through: 2026-10-03 (updates every day) · MLSPA compensation as of: 2026-04-16,FALSE,2026-10-03 17:19:20 UTC
Xj5Y98pE5b,asa_Xj5Y98pE5b_mls_full_2025,Sal Mazzaferro,sal mazzaferro,2001-10-11,Canada,CB,NA,23.720739219712527,mls,KAqBN0Vqbg,CB,asa_live,FALSE,NA,NA,0,NA,81,NA,full_2025,2025 full season,81,0,1,TRUE,0.29655555555555557,0,0.04588888888888889,-0.00111111111111111,0.03066666666666666,0.22677777777777777,-0.00566666666666666,2026,NA,Atlanta United FC,0.14523645173583166,1,0.1632347592386182,0.17411707652663388,0,7.975460122699387,0.048948148149677774,47.239263803680984,-0.001185185185222221,2.4539877300613497,0.032711111112133325,98.15950920245399,0.24189629630385553,98.15950920245399,-0.006044444444633326,39.877300613496935,68.09815950920246,NA,NA,NA,518000,NA,FALSE,FALSE,NA,Insufficient,41,59,Insufficient Evidence,Center backs,1.1.0,2026-10-03 17:19:27 UTC,NA,NA,NA,Performance data through: 2026-10-03 (updates every day) · MLSPA compensation as of: 2026-04-16,FALSE,2026-10-03 17:19:20 UTC
Xj5Y9XmX5b,asa_Xj5Y9XmX5b_mls_full_2025,Beau Leroux,beau leroux,2003-08-31,USA,CM,NA,22.833675564681723,mls,0KPqjA456v,CM,asa_live,TRUE,NA,mlspa_via_asa,2234,249996,2322,249996,full_2025,2025 full season,2322,0,1,TRUE,0.18106589147286825,0.0369922480620155,0.01310465116279069,0.04317829457364341,0.00286821705426356,0.07728682170542636,0.007635658914728679,2026,249996,San Jose Earthquakes,0.1398991348215602,1,0.1726127586902588,0.18412027594202982,0.03945839793404961,86.03351955307262,0.013978294574080225,40.22346368715084,0.04605684754665891,73.18435754189944,0.0030594315246434043,51.95530726256983,0.08243927648836434,72.62569832402235,0.008144702842631779,88.8268156424581,79.88826815642459,249996,30.857142857142858,30.51948051948052,516250,49.031125299281726,TRUE,FALSE,94.23076923076923,High,14,86,Elite Value,Central and defensive midfielders,1.1.0,2026-10-03 17:19:27 UTC,7,7,29,Performance data through: 2026-10-03 (updates every day) · MLSPA compensation as of: 2026-04-16,FALSE,2026-10-03 17:19:20 UTC
Xj5Y9eBx5b,asa_Xj5Y9eBx5b_mls_full_2025,Osman Bukari,osman bukari,1998-12-13,Ghana,W,NA,26.548939082819988,mls,gpMOLwl5zy,W,asa_live,TRUE,NA,mlspa_via_asa,0,NA,2621,1500000,full_2025,2025 full season,2621,0,1,TRUE,0.20522472338801984,0.03219534528805799,-0.01682907287294925,0.11165700114460132,0.030468141930560848,0.04064250286150324,0.0070908050362456995,2026,1500000,Austin FC,0.20362313755561975,1,0.20492638389735235,0.21858814283067338,0.034341701641668367,35.02824858757062,-0.01795101106504017,33.333333333333336,0.11910080122462997,72.88135593220339,0.03249935139361384,72.88135593220339,0.043352003053624875,51.9774011299435,0.007563525372231773,67.2316384180791,55.932203389830505,1500000,77.05882352941177,88.96103896103897,562000,-21.126620139581263,FALSE,FALSE,NA,Low,41,59,Insufficient Evidence,Wingers and attacking midfielders,1.1.0,2026-10-03 17:19:27 UTC,NA,NA,NA,Performance data through: 2026-10-03 (updates every day) · MLSPA compensation as of: 2026-04-16,FALSE,2026-10-03 17:19:20 UTC
Xj5Y9pj05b,asa_Xj5Y9pj05b_mls_full_2025,Daouda Amadou,daouda amadou,2002-10-02,Cameroon,CM,NA,22.746064339493497,mls,pzeQZ6xQKw,CM,asa_live,TRUE,NA,mlspa_via_asa,0,NA,17,80622,full_2025,2025 full season,17,0,1,TRUE,0.3944117647058823,0,0.2212941176470588,0.00476470588235294,0.04605882352941176,0.1222941176470588,0,2026,80622,Colorado Rapids,0.1398991348215602,1,0.14691163840022062,0.15670574763179904,0,6.145251396648045,0.23604705883090588,99.44134078212291,0.005082352941335293,6.70391061452514,0.04912941176624117,96.64804469273743,0.13044705882760585,96.08938547486034,0,61.1731843575419,61.452513966480446,80622,0.8571428571428571,1.103896103896104,516250,60.59537110933759,FALSE,FALSE,NA,Low,41,59,Insufficient Evidence,Central and defensive midfielders,1.1.0,2026-10-03 17:19:27 UTC,NA,NA,NA,Performance data through: 2026-10-03 (updates every day) · MLSPA compensation as of: 2026-04-16,FALSE,2026-10-03 17:19:20 UTC
Xj5Y9wax5b,asa_Xj5Y9wax5b_mls_full_2025,Peter Stroud,peter stroud,2002-04-23,USA,CM,NA,24.188911704312115,mls,kRQand1MKZ,CM,asa_live,TRUE,NA,mlspa_via_asa,28,223083,1897,223083,full_2025,2025 full season,1897,0,1,TRUE,0.1249325250395361,0.01382498682129678,0.0277970479704797,0.02225092250922509,-0.00371006852925672,0.0625065893516078,0.00226304691618344,2026,223083,Minnesota United FC,0.1398991348215602,1,0.12852882694951387,0.13709741541709908,0.014746652609844065,44.6927374301676,0.02965018450277158,62.56983240223464,0.023734317343915123,43.01675977653631,-0.003957406431330837,31.28491620111732,0.0666736953104652,53.072625698324025,0.0024139167106711043,76.53631284916202,32.960893854748605,223083,28.571428571428573,29.09090909090909,516250,4.389465283320032,FALSE,TRUE,NA,Low,41,59,Small-Sample Watchlist,Central and defensive midfielders,1.1.0,2026-10-03 17:19:27 UTC,NA,NA,NA,Performance data through: 2026-10-03 (updates every day) · MLSPA compensation as of: 2026-04-16,FALSE,2026-10-03 17:19:20 UTC
Xj5Y9ydx5b,asa_Xj5Y9ydx5b_mls_full_2025,Joseph Zalinsky,joseph zalinsky,2003-01-03,USA,FB,NA,22.491444216290212,mls,wvq9B9wQWn,FB,asa_live,TRUE,NA,mlspa_via_asa,0,NA,276,82638,full_2025,2025 full season,276,0,1,TRUE,-0.06224999999999999,0,-0.00459782608695652,0.02207608695652174,-0.01751086956521739,-0.04917391304347825,-0.01304347826086956,2026,82638,St. Louis City SC,0.1336622996580173,1,0.07193650661508035,0.07673227372515025,0,6.410256410256411,-0.004904347826240216,25,0.02354782608769239,49.35897435897436,-0.01867826087014891,10.256410256410257,-0.0524521739146826,1.9230769230769231,-0.013913043478695646,10.897435897435898,0.6410256410256411,82638,2.6143790849673203,2.3376623376623376,368750,-1.9733534439416793,FALSE,FALSE,NA,Low,41,59,Insufficient Evidence,Fullbacks and wingbacks,1.1.0,2026-10-03 17:19:27 UTC,NA,NA,NA,Performance data through: 2026-10-03 (updates every day) · MLSPA compensation as of: 2026-04-16,FALSE,2026-10-03 17:19:20 UTC
Xj5Y9zw05b,asa_Xj5Y9zw05b_mls_full_2025,Dylan Nealis,dylan nealis,1998-07-30,USA,CB,NA,27.920602327173167,mls,a2lqRX2Mr0,CB,asa_live,TRUE,NA,mlspa_via_asa,2184,412500,1238,412500,full_2025,2025 full season,1238,0,1,TRUE,0.12592730210016154,0.0176437802907916,0.03170355411954766,0.03258319870759289,-0.01038852988691438,0.03279402261712439,0.02159127625201938,2026,412500,New York Red Bulls,0.14523645173583166,1,0.1322306153653422,0.14104598972743937,0.018820032310765834,84.04907975460122,0.033817124395240955,20.245398773006134,0.034755411955851856,79.75460122699387,-0.011081098546388288,19.01840490797546,0.034980290792692485,10.429447852760736,0.023030694669540382,99.38650306748467,30.67484662576687,412500,38.50931677018634,42.5974025974026,518000,-7.834470144419466,TRUE,FALSE,40,High,14,86,Fair Value,Center backs,1.1.0,2026-10-03 17:19:27 UTC,58,58,267,Performance data through: 2026-10-03 (updates every day) · MLSPA compensation as of: 2026-04-16,FALSE,2026-10-03 17:19:20 UTC
Xj5YLGKxMb,asa_Xj5YLGKxMb_mls_full_2025,Christopher McVey,christopher mcvey,1997-04-12,Sweden,CB,NA,29.218343600273784,mls,zeQZBOzQKw,CB,asa_live,TRUE,NA,mlspa_via_asa,1709,576813,3760,576813,full_2025,2025 full season,3760,0,1,TRUE,0.1753755319148936,0.01301170212765957,0.07059973404255318,0.02280398936170212,0.00115372340425531,0.07293590425531914,-0.00512952127659574,2026,576813,San Diego FC,0.14523645173583166,1,0.17122795207373828,0.18264314888436176,0.013879148936603932,77.91411042944786,0.07530638298107671,82.82208588957056,0.02432425531990906,66.25766871165644,0.001230638297910788,50.920245398773005,0.0777982978747716,45.39877300613497,-0.0054714893618731065,42.331288343558285,77.91411042944786,576813,53.41614906832298,57.01298701298701,518000,24.49796136112488,TRUE,FALSE,74.73684210526316,High,14,86,Undervalued,Center backs,1.1.0,2026-10-03 17:19:27 UTC,25,25,114,Performance data through: 2026-10-03 (updates every day) · MLSPA compensation as of: 2026-04-16,FALSE,2026-10-03 17:19:20 UTC
Xj5YLGRGMb,asa_Xj5YLGRGMb_mls_full_2025,Javain Brown,javain brown,1999-03-09,Jamaica,FB,NA,26.313483915126625,mls,a2lqR4JMr0,FB,asa_live,TRUE,NA,mlspa_via_asa,0,NA,210,313688,full_2025,2025 full season,210,0,1,TRUE,0.37932857142857146,0.03947142857142857,0.00964285714285714,0.04491428571428572,0.010842857142857138,0.27535714285714286,-9e-4,2026,313688,Real Salt Lake,0.1336622996580173,1,0.19735355530223503,0.21051045899562915,0.042102857144172855,90.38461538461539,0.010285714286035712,39.1025641025641,0.047908571430068575,75.64102564102564,0.01156571428607571,71.7948717948718,0.2937142857234643,100,-9.6000000003e-4,44.23076923076923,95.51282051282051,313688,42.48366013071895,34.41558441558441,368750,53.02916038210156,FALSE,FALSE,NA,Low,41,59,Insufficient Evidence,Fullbacks and wingbacks,1.1.0,2026-10-03 17:19:27 UTC,NA,NA,NA,Performance data through: 2026-10-03 (updates every day) · MLSPA compensation as of: 2026-04-16,FALSE,2026-10-03 17:19:20 UTC
Xj5YyNjE5b,asa_Xj5YyNjE5b_mls_full_2025,Yannick Bright,yannick bright,2001-09-03,Italy,CM,NA,24.82409308692676,mls,zeQZkL1MKw,CM,asa_live,TRUE,NA,mlspa_via_asa,2125,464192,1609,464192,full_2025,2025 full season,1609,0,1,TRUE,0.13100621504039775,0.00889931634555624,-0.00138160348042262,0.01365382224984462,-0.00991174642635177,0.11851025481665632,0.00123617153511497,2026,464192,Inter Miami CF,0.1398991348215602,1,0.13342167537027438,0.14231645373274007,0.009492604102223301,29.608938547486034,-0.0014737103791635149,23.463687150837988,0.014564077066956055,26.256983240223462,-0.01057252952177228,21.787709497206706,0.12641093847505042,95.53072625698324,0.0013185829708305071,73.18435754189944,41.340782122905026,464192,48,48.05194805194805,516250,-6.659217877094974,TRUE,FALSE,41.34615384615385,High,14,86,Fair Value,Central and defensive midfielders,1.1.0,2026-10-03 17:19:27 UTC,62,62,262,Performance data through: 2026-10-03 (updates every day) · MLSPA compensation as of: 2026-04-16,FALSE,2026-10-03 17:19:20 UTC
Xj5YyZOw5b,asa_Xj5YyZOw5b_mls_full_2025,Olwethu Makhanya,olwethu makhanya,2004-04-30,South Africa,CB,NA,22.168377823408623,mls,9z5k7Yg5A3,CB,asa_live,TRUE,NA,mlspa_via_asa,1324,338875,2745,338875,full_2025,2025 full season,2745,0,1,TRUE,0.1715967213114754,0.01770819672131147,0.03717049180327869,0.026826229508196724,0.00765245901639344,0.09104262295081968,-0.00880327868852459,2026,338875,Philadelphia Union,0.14523645173583166,1,0.16686842183602363,0.17799298329732083,0.018888743169989175,85.2760736196319,0.039648524591402945,30.061349693251532,0.02861464480963738,71.16564417177914,0.008162622951074752,74.84662576687117,0.09711213115057574,66.25766871165644,-0.009390163934719671,30.67484662576687,73.00613496932516,338875,36.024844720496894,37.27272727272727,518000,36.981290248828266,TRUE,FALSE,89.47368421052632,High,20.75,79.25,Strong Value,Center backs,1.1.0,2026-10-03 17:19:27 UTC,11,11,49,Performance data through: 2026-10-03 (updates every day) · MLSPA compensation as of: 2026-04-16,FALSE,2026-10-03 17:19:20 UTC
a35rB7Do5L,asa_a35rB7Do5L_mls_full_2025,Luke Brennan,luke brennan,2005-02-24,USA,W,NA,21.347022587268995,mls,KAqBN0Vqbg,W,asa_live,TRUE,NA,mlspa_via_asa,596,125000,615,125000,full_2025,2025 full season,615,0,1,TRUE,0.12942439024390243,0.03004390243902439,-0.04290731707317073,0.06200487804878049,-0.00621951219512195,0.04941951219512195,0.03708292682926829,2026,125000,Atlanta United FC,0.20362313755561975,1,0.16606574694104678,0.1771367967426521,0.03204682926929415,31.073446327683616,-0.04576780487947902,16.384180790960453,0.06613853658743268,35.02824858757062,-0.00663414634167073,33.333333333333336,0.05271414634311073,72.31638418079096,0.039555121952455606,96.61016949152543,18.07909604519774,125000,18.235294117647058,19.61038961038961,562000,-0.1561980724493175,TRUE,FALSE,57.4468085106383,Medium,29.75,70.25,Fair Value,Wingers and attacking midfielders,1.1.0,2026-10-03 17:19:27 UTC,41,41,191,Performance data through: 2026-10-03 (updates every day) · MLSPA compensation as of: 2026-04-16,FALSE,2026-10-03 17:19:20 UTC
a35rBOLG5L,asa_a35rBOLG5L_mls_full_2025,Omar Valencia,omar valencia,2004-06-08,Panama,FB,NA,22.06160164271047,mls,a2lqRX2Mr0,FB,asa_live,TRUE,NA,mlspa_via_asa,451,142375,1542,142375,full_2025,2025 full season,1542,0,1,TRUE,0.10689688715953306,0.0030992217898832596,0.010926070038910498,0.022546692607003878,-0.00410894941634241,0.07390856031128405,5.252918287937743e-4,2026,142375,New York Red Bulls,0.1336622996580173,1,0.11439420158487879,0.12202048169435051,0.003305836575978784,19.23076923076923,0.0116544747085354,42.30769230769231,0.02404980544822236,52.56410256410256,-0.004382879377568869,29.487179487179485,0.07883579766783327,68.58974358974359,5.603112840642023e-4,58.333333333333336,30.128205128205128,142375,28.104575163398692,22.727272727272727,368750,2.0236299648064353,TRUE,FALSE,56.666666666666664,Medium,29.75,70.25,Fair Value,Fullbacks and wingbacks,1.1.0,2026-10-03 17:19:27 UTC,40,40,195,Performance data through: 2026-10-03 (updates every day) · MLSPA compensation as of: 2026-04-16,FALSE,2026-10-03 17:19:20 UTC
a35rBgow5L,asa_a35rBgow5L_mls_full_2025,Neil Pierre,neil pierre,2007-10-19,USA,CB,NA,18.699520876112253,mls,9z5k7Yg5A3,CB,asa_live,TRUE,NA,mlspa_via_asa,1070,129798,25,129798,full_2025,2025 full season,25,0,1,TRUE,0.1026,0,0.0432,0.01727999999999999,-0.0032399999999999994,0.04536,0,2026,129798,Philadelphia Union,0.14523645173583166,1,0.14353099366639838,0.15309972658227597,0,7.975460122699387,0.046080000001440004,42.331288343558285,0.018432000000575988,52.147239263803684,-0.0034560000001079994,33.12883435582822,0.048384000001511995,22.085889570552148,0,72.69938650306749,46.625766871165645,129798,19.875776397515526,20.90909090909091,518000,26.74999047365012,TRUE,FALSE,78.94736842105263,High,20.75,79.25,Fair Value,Center backs,1.1.0,2026-10-03 17:19:27 UTC,21,21,95,Performance data through: 2026-10-03 (updates every day) · MLSPA compensation as of: 2026-04-16,FALSE,2026-10-03 17:19:20 UTC
a35rK94AqL,asa_a35rK94AqL_mls_full_2025,Corey Baird,corey baird,1996-01-30,USA,FW,NA,29.418206707734427,mls,NWMWlBK5lz,FW,asa_live,TRUE,NA,mlspa_via_asa,0,NA,1136,744241,full_2025,2025 full season,1136,0,1,TRUE,0.14686795774647887,0.03531866197183098,-0.01658186619718309,0.11571654929577466,-0.03209419014084507,0.0250669014084507,0.0194419014084507,2026,744241,FC Cincinnati,0.2320804800898512,1,0.1763192903536352,0.18807390971642152,0.037673239437797,17.857142857142858,-0.01768732394421469,66.96428571428571,0.12343098591935019,16.964285714285715,-0.03423380281797122,49.107142857142854,0.026738028169849642,38.392857142857146,0.020738028169662144,82.14285714285714,15.178571428571429,744241,58.55855855855856,68.83116883116882,558750,-43.37998712998713,FALSE,FALSE,NA,Low,41,59,Insufficient Evidence,Strikers,1.1.0,2026-10-03 17:19:27 UTC,NA,NA,NA,Performance data through: 2026-10-03 (updates every day) · MLSPA compensation as of: 2026-04-16,FALSE,2026-10-03 17:19:20 UTC
a35rKA2AqL,asa_a35rKA2AqL_mls_full_2025,Mauricio Pineda,mauricio pineda,1997-10-17,USA,CM,NA,28.70362765229295,mls,X0Oq66zq6D,CM,asa_live,TRUE,NA,mlspa_via_asa,767,320157,1838,320157,full_2025,2025 full season,1838,0,1,TRUE,0.06093362350380849,0.010297606093579968,-0.0057094668117519,0.01969912948857453,-0.01571817192600652,0.05252121871599565,-1.5669205658324267e-4,2026,320157,Chicago Fire FC,0.1398991348215602,1,0.08036730143270554,0.08572512153089815,0.010984113166828553,34.63687150837989,-0.006090097932725675,20.670391061452513,0.02101240478846947,38.547486033519554,-0.016766050054930894,15.083798882681565,0.056022633298812734,34.07821229050279,-1.6713819369401525e-4,56.42458100558659,2.793296089385475,320157,33.714285714285715,34.935064935064936,516250,-30.92098962490024,TRUE,FALSE,19.23076923076923,Medium,29.75,70.25,Below Expected Value by Current Model,Central and defensive midfielders,1.1.0,2026-10-03 17:19:27 UTC,85,85,358,Performance data through: 2026-10-03 (updates every day) · MLSPA compensation as of: 2026-04-16,FALSE,2026-10-03 17:19:20 UTC
a35rKGpLqL,asa_a35rKGpLqL_mls_full_2025,Dániel Sallói,daniel salloi,1996-07-19,Hungary,W,NA,29.949349760438057,mls,kRQabn8MKZ,W,asa_live,TRUE,NA,mlspa_via_asa,2581,1343333,2454,1343333,full_2025,2025 full season,2454,0,1,TRUE,0.17349022004889977,0.05649022004889976,-0.01052933985330073,0.1215403422982885,-0.015113691931540338,0.03150366748166259,-0.01040097799511002,2026,1343333,Toronto FC,0.20362313755561975,1,0.1794102431346994,0.19137092601632635,0.060256234720709415,72.88135593220339,-0.011231295843871758,44.067796610169495,0.12964303178889242,76.8361581920904,-0.016121271394146815,21.468926553672315,0.033603911981490216,35.02824858757062,-0.011094376528464053,5.649717514124294,29.37853107344633,1343333,74.70588235294117,87.14285714285714,562000,-45.32735127949485,TRUE,FALSE,11.702127659574469,High,14,86,Below Expected Value by Current Model,Wingers and attacking midfielders,1.1.0,2026-10-03 17:19:27 UTC,84,84,392,Performance data through: 2026-10-03 (updates every day) · MLSPA compensation as of: 2026-04-16,FALSE,2026-10-03 17:19:20 UTC
a35rKXowqL,asa_a35rKXowqL_mls_full_2025,Joaquín Fernández,joaquin fernandez,1996-05-31,Spain,CB,NA,29.084188911704313,mls,Z2vQ1xlqrA,CB,asa_live,TRUE,NA,mlspa_via_asa,0,NA,1482,1072083,full_2025,2025 full season,1482,0,1,TRUE,0.13937246963562752,0.00649190283400809,0.06383805668016193,0.00715384615384615,0.00391700404858299,0.0570242914979757,9.473684210526316e-4,2026,1072083,Sporting Kansas City,0.14523645173583166,1,0.1410623780218535,0.15046653656134582,0.006924696356491692,44.171779141104295,0.068093927127634,75.4601226993865,0.007630769231007689,25.766871165644172,0.004178137651952423,59.50920245398773,0.06082591093307489,31.288343558282207,0.0010105263158210528,84.66257668711657,41.717791411042946,1072083,88.19875776397515,83.11688311688312,518000,-46.48096635293221,FALSE,FALSE,NA,Low,41,59,Insufficient Evidence,Center backs,1.1.0,2026-10-03 17:19:27 UTC,NA,NA,NA,Performance data through: 2026-10-03 (updates every day) · MLSPA compensation as of: 2026-04-16,FALSE,2026-10-03 17:19:20 UTC
a35rKYrAqL,asa_a35rKYrAqL_mls_full_2025,Aaron Herrera,aaron herrera,1997-06-06,USA,W,NA,29.06776180698152,mls,EKXMeX3Q64,W,asa_live,TRUE,NA,mlspa_via_asa,433,945220,2300,945220,full_2025,2025 full season,2300,0,1,TRUE,0.12607826086956522,0.01210695652173913,0.04135695652173913,0.01629391304347826,0.00237521739130434,0.05988130434782609,-0.00593608695652173,2026,945220,D.C. United,0.20362313755561975,1,0.1421220284597834,0.15159683036183969,0.012914086956925303,14.124293785310735,0.044114086957900304,81.92090395480226,0.017380173913586608,6.779661016949152,0.00253356521747047,45.76271186440678,0.06387339130634387,83.05084745762711,-0.006331826087154381,10.169491525423728,7.344632768361582,945220,68.23529411764706,80.25974025974025,562000,-60.89066134928547,FALSE,TRUE,NA,Low,41,59,Small-Sample Watchlist,Wingers and attacking midfielders,1.1.0,2026-10-03 17:19:27 UTC,NA,NA,NA,Performance data through: 2026-10-03 (updates every day) · MLSPA compensation as of: 2026-04-16,FALSE,2026-10-03 17:19:20 UTC
a35rlyZ4QL,asa_a35rlyZ4QL_mls_full_2025,Diego Chará,diego chara,1986-04-05,Colombia,CM,NA,40.238193018480494,mls,WBLMvYAQxe,CM,asa_live,TRUE,NA,mlspa_via_asa,1448,388044,1762,388044,full_2025,2025 full season,1762,0,1,TRUE,0.15600340522133938,2.349602724177071e-4,0.04492338251986379,0.00728376844494892,0.01016969353007945,0.11379738933030646,-0.02040578887627696,2026,388044,Portland Timbers FC,0.1398991348215602,1,0.15191256600039632,0.16204007040548649,2.506242905867196e-4,12.29050279329609,0.047918274689352156,76.53631284916202,0.007769353008188307,11.1731843575419,0.010847673099090403,74.86033519553072,0.12138388195612014,93.85474860335195,-0.021766174802042283,8.379888268156424,68.15642458100558,388044,41.142857142857146,41.03896103896104,516250,27.013567438148435,TRUE,FALSE,81.73076923076923,High,20.75,79.25,Strong Value,Central and defensive midfielders,1.1.0,2026-10-03 17:19:27 UTC,20,20,84,Performance data through: 2026-10-03 (updates every day) · MLSPA compensation as of: 2026-04-16,FALSE,2026-10-03 17:19:20 UTC
a35rm92ML6,asa_a35rm92ML6_mls_full_2025,Mateusz Klich,mateusz klich,1990-06-13,Poland,CM,NA,35.04996577686516,mls,KAqBN0Vqbg,CM,asa_live,TRUE,NA,mlspa_via_asa,0,NA,891,1937338,full_2025,2025 full season,891,0,1,TRUE,0.1283030303030303,0.01231313131313131,0.0558989898989899,0.02593939393939394,-0.012838383838383828,0.04972727272727273,-0.0027373737373737298,2026,1937338,Atlanta United FC,0.1398991348215602,1,0.13296947075314294,0.1418341021411181,0.01313400673441717,37.98882681564246,0.05962558922745252,83.24022346368714,0.027668686869551515,51.39664804469274,-0.01369427609470403,17.877094972067038,0.05304242424408182,31.28491620111732,-0.0029198653199565576,42.45810055865922,40.78212290502793,1937338,97.71428571428571,92.07792207792208,516250,-56.932162809257775,FALSE,FALSE,NA,Low,41,59,Insufficient Evidence,Central and defensive midfielders,1.1.0,2026-10-03 17:19:27 UTC,NA,NA,NA,Performance data through: 2026-10-03 (updates every day) · MLSPA compensation as of: 2026-04-16,FALSE,2026-10-03 17:19:20 UTC
a35ry7P2ML,asa_a35ry7P2ML_mls_full_2025,João Klauss,joao klauss,1997-03-01,Brazil,FW,NA,29.333333333333332,mls,kaDQ0wRqEv,FW,asa_live,TRUE,NA,mlspa_via_asa,761,2915000,2695,2915000,full_2025,2025 full season,2695,0,1,TRUE,0.3155410018552876,0.08878775510204082,-0.0037970315398886795,0.22474285714285716,-0.03656771799628942,0.03060333951762523,0.01177179962894248,2026,2915000,LA Galaxy,0.2320804800898512,1,0.300343334765982,0.32036622376039225,0.09470693877846979,88.39285714285714,-0.004050166976007826,79.46428571428571,0.23972571429320574,65.17857142857143,-0.03900556586392764,42.857142857142854,0.03264356215315369,54.464285714285715,0.01255658627126437,66.96428571428571,86.60714285714286,2915000,85.58558558558559,94.8051948051948,558750,1.0215572715572705,TRUE,FALSE,58.62068965517241,Medium,29.75,70.25,Fair Value,Strikers,1.1.0,2026-10-03 17:19:27 UTC,25,25,186,Performance data through: 2026-10-03 (updates every day) · MLSPA compensation as of: 2026-04-16,FALSE,2026-10-03 17:19:20 UTC
a35ryXO2ML,asa_a35ryXO2ML_mls_full_2025,Luis Díaz,luis diaz,1998-12-06,Costa Rica,W,NA,26.56810403832991,mls,19vQ2095K6,W,asa_live,TRUE,NA,mlspa_via_asa,0,NA,535,127333,full_2025,2025 full season,535,0,1,TRUE,0.23164485981308416,0.05524485981308411,0.00977383177570093,0.09659439252336448,0.02227289719626168,0.04390654205607477,0.00385233644859813,2026,127333,New England Revolution,0.20362313755561975,1,0.21683161456684746,0.23128705554519835,0.05892785046913121,71.1864406779661,0.010425420561073455,63.84180790960452,0.10303401869480859,65.53672316384181,0.023757757010088223,65.53672316384181,0.04683364486127664,60.451977401129945,0.004109158878633083,57.6271186440678,66.66666666666667,127333,18.823529411764707,20.649350649350648,562000,47.84313725490196,FALSE,FALSE,NA,Low,41,59,Insufficient Evidence,Wingers and attacking midfielders,1.1.0,2026-10-03 17:19:27 UTC,NA,NA,NA,Performance data through: 2026-10-03 (updates every day) · MLSPA compensation as of: 2026-04-16,FALSE,2026-10-03 17:19:20 UTC
a35ryZ7bML,asa_a35ryZ7bML_mls_full_2025,Tanner Beason,tanner beason,1997-03-23,USA,FB,NA,29.27310061601643,mls,19vQ2095K6,FB,asa_live,TRUE,NA,mlspa_via_asa,87,350000,2166,350000,full_2025,2025 full season,2166,0,1,TRUE,0.1657562326869806,0.00419252077562326,0.03221052631578947,0.00910803324099723,-0.00603739612188365,0.12386426592797782,0.00241828254847645,2026,350000,New England Revolution,0.1336622996580173,1,0.158794425088507,0.16938072009970062,0.0044720221608045615,23.076923076923077,0.034357894737915784,69.87179487179488,0.009715235457367313,16.666666666666668,-0.00643988919687714,23.71794871794872,0.13212188366063848,94.87179487179488,0.002579501385122156,73.07692307692308,80.12820512820512,350000,48.69281045751634,38.05194805194805,368750,31.435394670688787,FALSE,TRUE,NA,Low,41,59,Small-Sample Watchlist,Fullbacks and wingbacks,1.1.0,2026-10-03 17:19:27 UTC,NA,NA,NA,Performance data through: 2026-10-03 (updates every day) · MLSPA compensation as of: 2026-04-16,FALSE,2026-10-03 17:19:20 UTC
aDQ00AlQEv,asa_aDQ00AlQEv_mls_full_2025,Kevin Long,kevin long,1990-08-18,Republic of Ireland,CB,NA,34.86926762491444,mls,kRQabn8MKZ,CB,asa_live,TRUE,NA,mlspa_via_asa,0,NA,2111,468521,full_2025,2025 full season,2111,0,1,TRUE,0.15606110847939364,0.00645902415916627,0.03887778304121269,0.0234997631454287,0.00804926575082899,0.08777877783041212,-0.00860350544765514,2026,468521,Toronto FC,0.14523645173583166,1,0.15366538953946846,0.16390974884722187,0.0068896257699926555,43.558282208588956,0.04146963524525613,34.355828220858896,0.025066414022573938,67.48466257668711,0.00858588346781923,77.91411042944786,0.09363069635536556,61.96319018404908,-0.009177072477785599,31.901840490797547,61.34969325153374,468521,45.3416149068323,48.311688311688314,518000,16.008078344701445,FALSE,FALSE,NA,Low,41,59,Insufficient Evidence,Center backs,1.1.0,2026-10-03 17:19:27 UTC,NA,NA,NA,Performance data through: 2026-10-03 (updates every day) · MLSPA compensation as of: 2026-04-16,FALSE,2026-10-03 17:19:20 UTC
aDQ0LRYWQE,asa_aDQ0LRYWQE_mls_full_2025,Amine Bassi,amine bassi,1997-11-27,France,W,NA,27.592060232717316,mls,YgOMngl5wN,W,asa_live,TRUE,NA,mlspa_via_asa,0,NA,1954,700000,full_2025,2025 full season,1954,0,1,TRUE,0.10624974411463664,0.0159825997952917,0.00303531218014329,0.05359467758444217,-0.00420522006141248,0.038565506653019437,-7.231320368474922e-4,2026,700000,Houston Dynamo FC,0.20362313755561975,1,0.12912524766381042,0.13773359751236863,0.0170481064488439,15.819209039548022,0.0032376663255873532,58.19209039548023,0.057167656091858136,27.683615819209038,-0.004485568065646819,36.15819209039548,0.041136540431172916,46.89265536723164,-7.713408393280961e-4,28.24858757062147,2.824858757062147,700000,60,65.45454545454545,562000,-57.175141242937855,FALSE,FALSE,NA,Low,41,59,Insufficient Evidence,Wingers and attacking midfielders,1.1.0,2026-10-03 17:19:27 UTC,NA,NA,NA,Performance data through: 2026-10-03 (updates every day) · MLSPA compensation as of: 2026-04-16,FALSE,2026-10-03 17:19:20 UTC
aDQ0LoylQE,asa_aDQ0LoylQE_mls_full_2025,Griffin Dorsey,griffin dorsey,1999-03-05,USA,FB,NA,27.32375085557837,mls,jYQJ8EW5GR,FB,asa_live,TRUE,NA,mlspa_via_asa,1899,767891,3022,767891,full_2025,2025 full season,3022,0,1,TRUE,0.11615718067504963,0.02465023163467902,-0.01014956982131039,0.07278325612177367,-0.00461614824619457,0.04076505625413634,-0.0072756452680344105,2026,767891,Orlando City SC,0.1336622996580173,1,0.1190569795126478,0.12699411148412623,0.02629358041114596,80.12820512820512,-0.010826207809736069,19.23076923076923,0.07763547319898469,87.82051282051282,-0.004923891462761413,27.564102564102566,0.0434827266724376,30.128205128205128,-0.0077606882861458925,19.23076923076923,35.8974358974359,767891,86.9281045751634,70.51948051948052,368750,-51.030668677727505,TRUE,FALSE,7.777777777777778,High,14,86,Below Expected Value by Current Model,Fullbacks and wingbacks,1.1.0,2026-10-03 17:19:27 UTC,84,84,409,Performance data through: 2026-10-03 (updates every day) · MLSPA compensation as of: 2026-04-16,FALSE,2026-10-03 17:19:20 UTC
aDQ0NJKG5E,asa_aDQ0NJKG5E_mls_full_2025,Victor Olatunji,victor olatunji,1999-09-05,Nigeria,FW,NA,26.819986310746064,mls,a2lqR4JMr0,FW,asa_live,TRUE,NA,mlspa_via_asa,496,626500,778,626500,full_2025,2025 full season,778,0,1,TRUE,0.3182506426735219,0.07056555269922879,-0.06581105398457583,0.18924293059125963,0.02169023136246786,0.06545244215938303,0.03711053984575835,2026,626500,Real Salt Lake,0.2320804800898512,1,0.2807309782684403,0.29944637682902736,0.07526992288152956,65.17857142857143,-0.07019845758574125,25,0.20185912597031835,53.57142857142857,0.02313624678735539,90.17857142857143,0.06981593830552366,94.64285714285714,0.03958457583671259,93.75,78.57142857142857,626500,53.153153153153156,60.64935064935065,558750,25.418275418275414,TRUE,FALSE,84.48275862068965,Medium,29.75,70.25,Strong Value,Strikers,1.1.0,2026-10-03 17:19:27 UTC,10,10,71,Performance data through: 2026-10-03 (updates every day) · MLSPA compensation as of: 2026-04-16,FALSE,2026-10-03 17:19:20 UTC
aDQ0Njb35E,asa_aDQ0Njb35E_mls_full_2025,Malik Henry,malik henry,2002-07-23,Canada,W,NA,23.939767282683093,mls,kRQabn8MKZ,W,asa_live,TRUE,NA,mlspa_via_asa,691,88025,182,88025,full_2025,2025 full season,182,0,1,TRUE,0.01226373626373626,0.02714835164835164,-0.012313186813186808,0.028384615384615383,0.00954395604395604,-0.04460439560439561,0.0041043956043956,2026,88025,Toronto FC,0.20362313755561975,1,0.15908680630865965,0.16969259340120652,0.028958241759146696,26.55367231638418,-0.013134065934476368,38.983050847457626,0.03027692307786923,10.169491525423728,0.010180219780537908,54.23728813559322,-0.04757802197950879,2.2598870056497176,0.004378021978158786,58.19209039548023,13.559322033898304,88025,5,3.831168831168831,562000,8.559322033898304,TRUE,FALSE,69.14893617021276,Medium,29.75,70.25,Fair Value,Wingers and attacking midfielders,1.1.0,2026-10-03 17:19:27 UTC,30,30,139,Performance data through: 2026-10-03 (updates every day) · MLSPA compensation as of: 2026-04-16,FALSE,2026-10-03 17:19:20 UTC
aDQ0PGv3QE,asa_aDQ0PGv3QE_mls_full_2025,Alex Mighten,alex mighten,2002-04-11,England,W,NA,24.2217659137577,mls,zeQZBOzQKw,W,asa_live,TRUE,NA,mlspa_via_asa,713,332292,1236,332292,full_2025,2025 full season,1236,0,1,TRUE,0.1869466019417476,0.05403640776699029,-0.0150873786407767,0.08810679611650485,0.00156553398058252,0.026410194174757283,0.03191504854368932,2026,332292,San Diego FC,0.20362313755561975,1,0.19239645018157508,0.2052228802000933,0.05763883495325752,68.92655367231639,-0.01609320388399806,35.02824858757062,0.09398058252720873,58.75706214689266,0.001669902912673539,42.93785310734463,0.02817087378728811,25.423728813559322,0.03404271844766577,94.35028248587571,42.93785310734463,332292,32.35294117647059,36.36363636363637,562000,10.584911930874043,TRUE,FALSE,72.34042553191489,Medium,29.75,70.25,Fair Value,Wingers and attacking midfielders,1.1.0,2026-10-03 17:19:27 UTC,27,27,125,Performance data through: 2026-10-03 (updates every day) · MLSPA compensation as of: 2026-04-16,FALSE,2026-10-03 17:19:20 UTC
aDQ0PJpPQE,asa_aDQ0PJpPQE_mls_full_2025,Tai Baribo,tai baribo,1998-01-15,Israel,FW,NA,28.45722108145106,mls,EKXMeX3Q64,FW,asa_live,TRUE,NA,mlspa_via_asa,1819,2349000,2317,2349000,full_2025,2025 full season,2317,0,1,TRUE,0.2822589555459646,0.0859835994820889,-0.08170306430729392,0.2822861458782909,-0.029839447561501937,0.02474320241691843,7.885196374622357e-4,2026,2349000,D.C. United,0.2320804800898512,1,0.27193770588066873,0.2900668862817779,0.09171583945042762,84.82142857142857,-0.08714993526383695,10.714285714285714,0.30110522227958647,86.60714285714286,-0.03182874406659671,53.57142857142857,0.026392749245537764,37.5,8.410876133193353e-4,39.285714285714285,75.89285714285714,2349000,82.88288288288288,93.37662337662337,558750,-6.990025740025743,TRUE,FALSE,48.275862068965516,High,14,86,Fair Value,Strikers,1.1.0,2026-10-03 17:19:27 UTC,31,31,231,Performance data through: 2026-10-03 (updates every day) · MLSPA compensation as of: 2026-04-16,FALSE,2026-10-03 17:19:20 UTC
aDQ0PKPRQE,asa_aDQ0PKPRQE_mls_full_2025,Marco Farfan,marco farfan,1998-11-12,USA,FB,NA,26.633812457221083,mls,mKAqBBmqbg,FB,asa_live,TRUE,NA,mlspa_via_asa,0,NA,1469,582813,full_2025,2025 full season,1469,0,1,TRUE,0.10219809394145676,0.01034785568413886,0.01738121170864533,0.01160381211708645,-0.01230224642614023,0.07783253914227366,-0.00266507828454731,2026,582813,FC Dallas,0.1336622996580173,1,0.1113225615247996,0.11874406563016365,0.011037712730093045,44.87179487179487,0.018539959156467726,50,0.012377399591945674,21.794871794871796,-0.013122396188292987,15.384615384615385,0.08302137508768632,73.71794871794872,-0.0028427501702726335,34.61538461538461,25.641025641025642,582813,75.81699346405229,57.66233766233766,368750,-50.175967823026646,FALSE,FALSE,NA,Low,41,59,Insufficient Evidence,Fullbacks and wingbacks,1.1.0,2026-10-03 17:19:27 UTC,NA,NA,NA,Performance data through: 2026-10-03 (updates every day) · MLSPA compensation as of: 2026-04-16,FALSE,2026-10-03 17:19:20 UTC
aDQ0PZY3QE,asa_aDQ0PZY3QE_mls_full_2025,Pep Biel,pep biel,1996-09-05,Spain,W,NA,29.81793292265571,mls,NPqxKXZ59d,W,asa_live,TRUE,NA,mlspa_via_asa,2614,3015563,2203,3015563,full_2025,2025 full season,2203,0,1,TRUE,0.2810916931457104,0.05393463458919655,0.08939128461189287,0.12526463912846117,-0.01150431230140717,0.02616250567408079,-0.00215705855651384,2026,3015563,Charlotte FC,0.20362313755561975,1,0.2645090554881812,0.2821429925295436,0.057530276896940805,68.36158192090396,0.09535070358899878,94.35028248587571,0.13361561507453407,78.53107344632768,-0.01227126645521779,26.55367231638418,0.02790667271989159,24.293785310734464,-0.0023008624603533313,20.338983050847457,89.26553672316385,3015563,89.41176470588235,95.06493506493507,562000,-0.14622798271850002,TRUE,FALSE,58.51063829787234,High,14,86,Fair Value,Wingers and attacking midfielders,1.1.0,2026-10-03 17:19:27 UTC,40,40,187,Performance data through: 2026-10-03 (updates every day) · MLSPA compensation as of: 2026-04-16,FALSE,2026-10-03 17:19:20 UTC
aDQ0PjypQE,asa_aDQ0PjypQE_mls_full_2025,Timo Baumgartl,timo baumgartl,1996-03-04,Germany,CB,NA,30.324435318275153,mls,wvq9B9wQWn,CB,asa_live,TRUE,NA,mlspa_via_asa,2732,693333,1998,693333,full_2025,2025 full season,1998,0,1,TRUE,0.2091891891891892,0.00721621621621621,0.04795045045045045,0.02884234234234234,-0.0163018018018018,0.15486936936936935,-0.01338738738738738,2026,693333,St. Louis City SC,0.14523645173583166,1,0.19441950386508813,0.20738080412924131,0.007697297297537831,49.079754601226995,0.0511471471487455,52.760736196319016,0.03076516516612657,74.23312883435582,-0.01738858858913198,11.042944785276074,0.16519399399915627,93.25153374233129,-0.014279879880326118,22.699386503067483,92.02453987730061,693333,62.732919254658384,64.93506493506493,518000,29.291620622642228,TRUE,FALSE,82.10526315789474,High,14,86,Strong Value,Center backs,1.1.0,2026-10-03 17:19:27 UTC,18,18,82,Performance data through: 2026-10-03 (updates every day) · MLSPA compensation as of: 2026-04-16,FALSE,2026-10-03 17:19:20 UTC
aDQ0PkRRQE,asa_aDQ0PkRRQE_mls_full_2025,Eduard Atuesta,eduard atuesta,1997-06-18,Colombia,CM,NA,29.034907597535938,mls,jYQJ8EW5GR,CM,asa_live,TRUE,NA,mlspa_via_asa,1458,825250,2651,825250,full_2025,2025 full season,2651,0,1,TRUE,0.183106374952848,0.026565447001131635,0.06992908336476801,0.027118823085628057,7.808374198415691e-4,0.05878347793285553,-7.129385137683893e-5,2026,825250,Orlando City SC,0.1398991348215602,1,0.17513210731865156,0.18680758114573273,0.028336476802092593,75.97765363128492,0.07459102225808352,89.3854748603352,0.02892674462557389,54.74860335195531,8.328932478570349e-4,45.81005586592179,0.06270237646367201,46.36871508379888,-7.604677480433798e-5,56.98324022346369,81.00558659217877,825250,76.57142857142857,74.28571428571429,516250,4.434158020750203,TRUE,FALSE,57.69230769230769,High,20.75,79.25,Fair Value,Central and defensive midfielders,1.1.0,2026-10-03 17:19:27 UTC,45,45,190,Performance data through: 2026-10-03 (updates every day) · MLSPA compensation as of: 2026-04-16,FALSE,2026-10-03 17:19:20 UTC
aDQ0PnvBQE,asa_aDQ0PnvBQE_mls_full_2025,Djordje Mihailovic,djordje mihailovic,1998-11-10,USA,W,NA,27.638603696098563,mls,kRQabn8MKZ,W,asa_live,TRUE,NA,mlspa_via_asa,950,2828204,3263,2828204,full_2025,2025 full season,3263,0,1,TRUE,0.26036561446521606,0.04002696904688937,0.07031749923383389,0.07893410971498621,0.01801654918786393,0.03884646031259577,0.01422402696904689,2026,2828204,Toronto FC,0.20362313755561975,1,0.2515523899905182,0.2683225493316045,0.04269543365134956,47.45762711864407,0.0750053325184334,89.83050847457628,0.08419638369861643,51.41242937853107,0.01921765246765541,62.71186440677966,0.04143622433473037,48.0225988700565,0.01517229543412415,77.40112994350282,81.92090395480226,2828204,88.82352941176471,94.54545454545455,562000,-6.902625456962454,TRUE,FALSE,42.5531914893617,High,20.75,79.25,Fair Value,Wingers and attacking midfielders,1.1.0,2026-10-03 17:19:27 UTC,55,55,256,Performance data through: 2026-10-03 (updates every day) · MLSPA compensation as of: 2026-04-16,FALSE,2026-10-03 17:19:20 UTC
aDQ0PwNpQE,asa_aDQ0PwNpQE_mls_full_2025,Chidozie Awaziem,chidozie awaziem,1997-01-01,Nigeria,CB,NA,28.49555099247091,mls,pzeQZ6xQKw,CB,asa_live,TRUE,NA,mlspa_via_asa,0,NA,1990,1397675,full_2025,2025 full season,1990,0,1,TRUE,0.16421608040201002,0.00876482412060301,0.027,0.04364773869346733,0.00657135678391959,0.07967939698492463,-0.00144723618090452,2026,1397675,Colorado Rapids,0.14523645173583166,1,0.15981925522837798,0.17047387224893049,0.00934914572893537,53.374233128834355,0.028800000000899998,15.950920245398773,0.04655758794115341,89.57055214723927,0.0070094472363999415,70.5521472392638,0.08499135678657559,53.987730061349694,-0.0015437185930130626,58.895705521472394,65.03067484662577,1397675,96.27329192546584,87.92207792207792,518000,-31.24261707884007,FALSE,FALSE,NA,Low,41,59,Insufficient Evidence,Center backs,1.1.0,2026-10-03 17:19:27 UTC,NA,NA,NA,Performance data through: 2026-10-03 (updates every day) · MLSPA compensation as of: 2026-04-16,FALSE,2026-10-03 17:19:20 UTC
aDQ0aG9pME,asa_aDQ0aG9pME_mls_full_2025,Aleksey Miranchuk,aleksey miranchuk,1995-10-17,Russia,W,NA,30.704996577686515,mls,KAqBN0Vqbg,W,asa_live,TRUE,NA,mlspa_via_asa,2316,5085441,3075,5085441,full_2025,2025 full season,3075,0,1,TRUE,0.19017951219512197,0.04740878048780487,0.01796195121951219,0.07785658536585366,0.0078380487804878,0.0399160975609756,-8.019512195121952e-4,2026,5085441,Atlanta United FC,0.20362313755561975,1,0.19237438980499916,0.20519934913174492,0.05056936585523882,57.6271186440678,0.01915941463474507,71.75141242937853,0.08304702439283912,50.282485875706215,0.008360585366114922,51.9774011299435,0.042577170733037836,50.282485875706215,-8.554146341730732e-4,27.11864406779661,42.3728813559322,5085441,95.88235294117646,98.18181818181819,562000,-53.50947158524426,TRUE,FALSE,6.382978723404255,High,14,86,Below Expected Value by Current Model,Wingers and attacking midfielders,1.1.0,2026-10-03 17:19:27 UTC,89,89,416,Performance data through: 2026-10-03 (updates every day) · MLSPA compensation as of: 2026-04-16,FALSE,2026-10-03 17:19:20 UTC
aDQ0aNE3ME,asa_aDQ0aNE3ME_mls_full_2025,Michael Boxall,michael boxall,1988-08-18,New Zealand,CB,NA,37.86721423682409,mls,kRQand1MKZ,CB,asa_live,TRUE,NA,mlspa_via_asa,1553,927500,3372,927500,full_2025,2025 full season,3372,0,1,TRUE,0.14673843416370105,0.0055355871886121,0.05590302491103203,0.01670284697508896,0.00221797153024911,0.08904448398576512,-0.02266548042704626,2026,927500,Minnesota United FC,0.14523645173583166,1,0.1465115486005788,0.15627898517883443,0.005904626334704092,36.19631901840491,0.0596298932402976,65.03067484662577,0.01781637010731832,49.079754601226995,0.0023658362990063163,53.374233128834355,0.0949807829211176,65.03067484662577,-0.024176512456271528,11.042944785276074,50.920245398773005,927500,81.36645962732919,79.74025974025975,518000,-30.446214228556187,TRUE,FALSE,23.157894736842106,High,14,86,Below Expected Value by Current Model,Center backs,1.1.0,2026-10-03 17:19:27 UTC,74,74,342,Performance data through: 2026-10-03 (updates every day) · MLSPA compensation as of: 2026-04-16,FALSE,2026-10-03 17:19:20 UTC
aDQ0aVkWME,asa_aDQ0aVkWME_mls_full_2025,Jamal Thiaré,jamal thiare,1993-03-31,Senegal,FW,NA,33.25119780971937,mls,mvzqoLZQap,FW,asa_live,TRUE,NA,mlspa_via_asa,521,530000,1185,530000,full_2025,2025 full season,1185,0,1,TRUE,0.20731898734177215,0.06341012658227847,-0.1233873417721519,0.2970607594936709,-0.0948987341772152,0.02190379746835443,0.04323037974683545,2026,530000,Columbus Crew,0.2320804800898512,1,0.21564217818146258,0.23001832340074815,0.06763746835654404,55.357142857142854,-0.13161316456107494,3.5714285714285716,0.3168648101364843,91.07142857142857,-0.1012253164588595,15.178571428571429,0.02336405063364152,28.571428571428573,0.04611240506473215,96.42857142857143,41.07142857142857,530000,47.747747747747745,53.246753246753244,558750,-6.676319176319176,TRUE,FALSE,50,Medium,29.75,70.25,Fair Value,Strikers,1.1.0,2026-10-03 17:19:27 UTC,30,30,225,Performance data through: 2026-10-03 (updates every day) · MLSPA compensation as of: 2026-04-16,FALSE,2026-10-03 17:19:20 UTC
aDQ0aVwlME,asa_aDQ0aVwlME_mls_full_2025,Rob Holding,rob holding,1995-09-20,England,CB,NA,30.77891854893908,mls,pzeQZ6xQKw,CB,asa_live,TRUE,NA,mlspa_via_asa,2081,1200000,587,1200000,full_2025,2025 full season,587,0,1,TRUE,0.19378364565587736,0.00958262350936967,0.08050936967632027,0.03705792163543441,-0.00226916524701873,0.07031345826235094,-0.00141056218057921,2026,1200000,Colorado Rapids,0.14523645173583166,1,0.16924420475273716,0.18052715174189443,0.010221465076980402,56.441717791411044,0.08587666099075861,88.95705521472392,0.03952844974569863,82.82208588957056,-0.002420442930228951,34.969325153374236,0.07500102214885145,42.331288343558285,-0.0015045996593315094,59.50920245398773,75.4601226993865,1200000,91.30434782608695,85.32467532467533,518000,-15.84422512670045,TRUE,FALSE,30.526315789473685,High,14,86,Below Expected Value by Current Model,Center backs,1.1.0,2026-10-03 17:19:27 UTC,67,67,310,Performance data through: 2026-10-03 (updates every day) · MLSPA compensation as of: 2026-04-16,FALSE,2026-10-03 17:19:20 UTC
aDQ0ao1PME,asa_aDQ0ao1PME_mls_full_2025,Sam Adekugbe,sam adekugbe,1995-01-16,England,FB,NA,31.45516769336071,mls,lgpMOvnQzy,FB,asa_live,TRUE,NA,mlspa_via_asa,82,1388000,325,1388000,full_2025,2025 full season,325,0,1,TRUE,0.1775630769230769,0.05892923076923076,-0.01764,0.06997846153846153,-0.00767076923076923,0.0016338461538461502,0.0723323076923077,2026,1388000,Vancouver Whitecaps FC,0.1336622996580173,1,0.14908689707547068,0.1590260235521383,0.06285784615581046,97.43589743589743,-0.018816000000587998,12.179487179487179,0.07464369231002492,87.17948717948718,-0.008182153846409537,21.153846153846153,0.0017427692308236884,8.974358974358974,0.07715446154087262,99.35897435897436,71.7948717948718,1388000,99.34640522875817,87.53246753246754,368750,-27.551533433886377,FALSE,TRUE,NA,Low,41,59,Small-Sample Watchlist,Fullbacks and wingbacks,1.1.0,2026-10-03 17:19:27 UTC,NA,NA,NA,Performance data through: 2026-10-03 (updates every day) · MLSPA compensation as of: 2026-04-16,FALSE,2026-10-03 17:19:20 UTC
aDQ0l7kWQE,asa_aDQ0l7kWQE_mls_full_2025,Mitja Ilenič,mitja ilenic,2004-12-26,Slovenia,FB,NA,21.51129363449692,mls,Vj58weDM8n,FB,asa_live,TRUE,NA,mlspa_via_asa,272,391700,1254,391700,full_2025,2025 full season,1254,0,1,TRUE,0.07622727272727273,0.02027511961722487,0.02641866028708133,0.02167464114832535,-0.00844736842105263,0.015344497607655501,9.617224880382777e-4,2026,391700,New York City FC,0.1336622996580173,1,0.09481466008350074,0.10113563742556128,0.02162679425904903,72.43589743589743,0.028179904307100708,59.61538461538461,0.02311961722560286,46.794871794871796,-0.009010526316071051,20.512820512820515,0.016367464115344017,12.820512820512821,0.0010258373206062203,62.17948717948718,8.333333333333334,391700,52.94117647058823,41.16883116883117,368750,-44.607843137254896,FALSE,TRUE,NA,Low,41,59,Small-Sample Watchlist,Fullbacks and wingbacks,1.1.0,2026-10-03 17:19:27 UTC,NA,NA,NA,Performance data through: 2026-10-03 (updates every day) · MLSPA compensation as of: 2026-04-16,FALSE,2026-10-03 17:19:20 UTC
aDQ0l9bRQE,asa_aDQ0l9bRQE_mls_full_2025,Kyle Hiebert,kyle hiebert,1997-07-30,Canada,CB,NA,27.920602327173167,mls,wvq9B9wQWn,CB,asa_live,TRUE,NA,mlspa_via_asa,0,NA,1884,269000,full_2025,2025 full season,1884,0,1,TRUE,0.17515127388535032,0.00853184713375796,0.02969426751592356,0.01177547770700637,0.0045764331210191,0.12053980891719744,3.343949044585987e-5,2026,269000,St. Louis City SC,0.14523645173583166,1,0.16792547143377576,0.17912050286829165,0.009100636942959553,52.760736196319016,0.03167388535130827,18.404907975460123,0.012560509554532643,34.969325153374236,0.004881528662572921,63.80368098159509,0.12857579618236192,88.34355828220859,3.566878981003185e-5,75.4601226993865,74.84662576687117,269000,30.434782608695652,31.68831168831169,518000,44.411843158175515,FALSE,FALSE,NA,Low,41,59,Insufficient Evidence,Center backs,1.1.0,2026-10-03 17:19:27 UTC,NA,NA,NA,Performance data through: 2026-10-03 (updates every day) · MLSPA compensation as of: 2026-04-16,FALSE,2026-10-03 17:19:20 UTC
aDQ0lA2lQE,asa_aDQ0lA2lQE_mls_full_2025,Joshua Torquato,joshua torquato,2007-07-24,USA,FB,NA,18.937713894592743,mls,mKAqBBmqbg,FB,asa_live,TRUE,NA,mlspa_via_asa,104,96025,300,96025,full_2025,2025 full season,300,0,1,TRUE,-0.014489999999999998,0,-0.02355,0.00798,0.02822999999999999,-0.01368,-0.013469999999999998,2026,96025,FC Dallas,0.1336622996580173,1,0.08427819977201154,0.08989674642628824,0,6.410256410256411,-0.025120000000785,10.897435897435898,0.008512000000266,12.820512820512821,0.03011200000094099,91.02564102564102,-0.014592000000455999,4.487179487179487,-0.014368000000448997,9.615384615384615,3.8461538461538463,96025,7.189542483660131,7.792207792207792,368750,-3.3433886375062847,FALSE,TRUE,NA,Low,41,59,Small-Sample Watchlist,Fullbacks and wingbacks,1.1.0,2026-10-03 17:19:27 UTC,NA,NA,NA,Performance data through: 2026-10-03 (updates every day) · MLSPA compensation as of: 2026-04-16,FALSE,2026-10-03 17:19:20 UTC
aDQ0lp9pQE,asa_aDQ0lp9pQE_mls_full_2025,David Vazquez,david vazquez,2006-02-22,USA,CM,NA,20.35318275154004,mls,zeQZBOzQKw,CM,asa_live,TRUE,NA,mlspa_via_asa,1015,155880,228,155880,full_2025,2025 full season,228,0,1,TRUE,0.06836842105263158,0.01543421052631579,-0.06315789473684211,0.0703815789473684,-9.86842105263158e-4,0.02206578947368421,0.02463157894736842,2026,155880,San Diego FC,0.1398991348215602,1,0.12020227160982623,0.1282157563878214,0.016463157895251317,50.83798882681564,-0.06736842105473684,1.675977653631285,0.07507368421287235,88.26815642458101,-0.001052631578980263,38.547486033519554,0.02353684210599868,10.05586592178771,0.02627368421134737,98.32402234636872,23.463687150837988,155880,22.285714285714285,23.766233766233768,516250,1.177972865123703,TRUE,FALSE,52.88461538461539,High,20.75,79.25,Fair Value,Central and defensive midfielders,1.1.0,2026-10-03 17:19:27 UTC,50,50,211,Performance data through: 2026-10-03 (updates every day) · MLSPA compensation as of: 2026-04-16,FALSE,2026-10-03 17:19:20 UTC
aDQ0x9bpQE,asa_aDQ0x9bpQE_mls_full_2025,Rayan Elloumi,rayan elloumi,2007-09-17,Canada,FW,NA,18.78713210130048,mls,lgpMOvnQzy,FW,asa_live,TRUE,NA,mlspa_via_asa,492,103671,346,103671,full_2025,2025 full season,346,0,1,TRUE,0.1665780346820809,0.05868208092485549,-0.10469653179190752,0.17146820809248556,0.015736994219653178,0.02119942196531792,0.0041878612716763,2026,103671,Vancouver Whitecaps FC,0.2320804800898512,1,0.2081229260612164,0.22199778780556825,0.06259421965513526,44.642857142857146,-0.11167630058152457,5.357142857142857,0.18289942197103354,45.535714285714285,0.016786127168154624,87.5,0.022612716763712428,24.107142857142858,0.004467052023260982,50,33.035714285714285,103671,10.81081081081081,9.61038961038961,558750,22.224903474903474,TRUE,FALSE,79.3103448275862,Medium,29.75,70.25,Fair Value,Strikers,1.1.0,2026-10-03 17:19:27 UTC,13,13,94,Performance data through: 2026-10-03 (updates every day) · MLSPA compensation as of: 2026-04-16,FALSE,2026-10-03 17:19:20 UTC
e7Mz0EpXqr,asa_e7Mz0EpXqr_mls_full_2025,Kaick,kaick,2005-11-29,Brazil,CM,NA,20.58590006844627,mls,mKAqBBmqbg,CM,asa_live,TRUE,NA,mlspa_via_asa,2285,251900,2017,251900,full_2025,2025 full season,2017,0,1,TRUE,0.1241883986117997,0.01586712940009916,0.01414476945959345,0.01899058006941001,-3.703520079325731e-4,0.08205304908279623,-0.00649677739216658,2026,251900,FC Dallas,0.1398991348215602,1,0.1277904015639802,0.13630976167250522,0.016924938027301342,51.95530726256983,0.015087754090704505,43.57541899441341,0.020256618741337027,36.87150837988827,-3.9504214180708974e-4,41.899441340782126,0.08752325235771775,76.53631284916202,-0.0069298958851942444,25.139664804469273,32.402234636871505,251900,31.428571428571427,30.649350649350648,516250,0.9736632083000778,TRUE,FALSE,51.92307692307692,High,14,86,Fair Value,Central and defensive midfielders,1.1.0,2026-10-03 17:19:27 UTC,51,51,215,Performance data through: 2026-10-03 (updates every day) · MLSPA compensation as of: 2026-04-16,FALSE,2026-10-03 17:19:20 UTC
e7Mz913GQr,asa_e7Mz913GQr_mls_full_2025,Aaron Long,aaron long,1992-10-12,USA,CB,NA,33.71663244353183,mls,eVq3ya6MWO,CB,asa_live,TRUE,NA,mlspa_via_asa,1066,1050000,1422,1050000,full_2025,2025 full season,1422,0,1,TRUE,0.22106329113924048,0.006721518987341769,0.10672151898734177,0.00321518987341772,-3.1645569620253167e-5,0.10754430379746838,-0.0031075949367088606,2026,1050000,Los Angeles FC,0.14523645173583166,1,0.19856274532220522,0.21180026168363766,0.007169620253388604,44.785276073619634,0.1138362869233886,98.77300613496932,0.003429535865086074,17.177914110429448,-3.375527426265823e-5,44.785276073619634,0.11471392405421775,83.43558282208589,-0.0033147679325930377,46.012269938650306,95.70552147239263,1050000,86.95652173913044,82.46753246753246,518000,8.748999733262195,TRUE,FALSE,58.94736842105263,High,20.75,79.25,Fair Value,Center backs,1.1.0,2026-10-03 17:19:27 UTC,40,40,183,Performance data through: 2026-10-03 (updates every day) · MLSPA compensation as of: 2026-04-16,FALSE,2026-10-03 17:19:20 UTC
e7Mz9GBOQr,asa_e7Mz9GBOQr_mls_full_2025,Mikael Uhre,mikael uhre,1994-09-30,Denmark,FW,NA,30.751540041067763,mls,9z5k7Yg5A3,FW,asa_live,TRUE,NA,mlspa_via_asa,0,NA,1562,2240000,full_2025,2025 full season,1562,0,1,TRUE,0.2545640204865557,0.07693790012804097,-0.07640204865556978,0.2027131882202305,-0.00218950064020486,0.03458258642765684,0.01892189500640205,2026,2240000,Philadelphia Union,0.2320804800898512,1,0.24832437005268765,0.2648793280644776,0.08206709347247497,76.78571428571429,-0.08149551856848783,13.392857142857142,0.21622740077500296,57.142857142857146,-0.0023354673496248342,74.10714285714286,0.03688809219065338,65.17857142857143,0.02018335467412625,81.25,63.392857142857146,2240000,80.18018018018019,92.72727272727273,558750,-16.78732303732304,FALSE,FALSE,NA,Low,41,59,Insufficient Evidence,Strikers,1.1.0,2026-10-03 17:19:27 UTC,NA,NA,NA,Performance data through: 2026-10-03 (updates every day) · MLSPA compensation as of: 2026-04-16,FALSE,2026-10-03 17:19:20 UTC
e7Mz9NpeQr,asa_e7Mz9NpeQr_mls_full_2025,Harry Toffolo,harry toffolo,1995-08-19,England,FB,NA,30.86652977412731,mls,NPqxKXZ59d,FB,asa_live,TRUE,NA,mlspa_via_asa,1244,1020000,435,1020000,full_2025,2025 full season,435,0,1,TRUE,0.09709655172413792,0.00171724137931034,0.03324827586206896,0.0219103448275862,0.00111724137931034,0.03933103448275862,-2.2758620689655173e-4,2026,1020000,Charlotte FC,0.1336622996580173,1,0.11829408675827088,0.1261803592127654,0.0018317241379882708,14.743589743589743,0.035464827587315166,70.51282051282051,0.023371034483488956,48.717948717948715,0.0011917241379682706,49.35897435897436,0.041953103449586894,27.564102564102566,-2.427586206972414e-4,49.35897435897436,34.61538461538461,1020000,96.73202614379085,82.14285714285714,368750,-62.116641528406234,TRUE,FALSE,5.555555555555555,High,20.75,79.25,Below Expected Value by Current Model,Fullbacks and wingbacks,1.1.0,2026-10-03 17:19:27 UTC,86,86,419,Performance data through: 2026-10-03 (updates every day) · MLSPA compensation as of: 2026-04-16,FALSE,2026-10-03 17:19:20 UTC
e7Mz9PWjQr,asa_e7Mz9PWjQr_mls_full_2025,Keegan Rosenberry,keegan rosenberry,1993-12-11,USA,FB,NA,32.55304585900068,mls,pzeQZ6xQKw,FB,asa_live,TRUE,NA,mlspa_via_asa,730,300000,1204,300000,full_2025,2025 full season,1204,0,1,TRUE,0.0968845514950166,0.007161129568106309,0.028188538205980062,0.02179734219269103,-0.00998671096345514,0.05050913621262458,-7.848837209302326e-4,2026,300000,Colorado Rapids,0.1336622996580173,1,0.10911661851153567,0.11639105974927527,0.007638538206218767,29.487179487179485,0.03006777408731835,63.46153846153846,0.02325049833959701,48.07692307692308,-0.010652491694685039,17.94871794871795,0.05387641196181652,41.02564102564103,-8.372093023517442e-4,46.794871794871796,23.076923076923077,300000,41.1764705882353,33.506493506493506,368750,-18.09954751131222,TRUE,FALSE,28.88888888888889,Medium,29.75,70.25,Below Expected Value by Current Model,Fullbacks and wingbacks,1.1.0,2026-10-03 17:19:27 UTC,65,65,316,Performance data through: 2026-10-03 (updates every day) · MLSPA compensation as of: 2026-04-16,FALSE,2026-10-03 17:19:20 UTC
e7Mz9eaOQr,asa_e7Mz9eaOQr_mls_full_2025,Rodrigo de Paul,rodrigo de paul,1994-05-24,Argentina,CM,NA,32.10403832991102,mls,zeQZkL1MKw,CM,asa_live,TRUE,NA,mlspa_via_asa,2278,9688320,1593,9688320,full_2025,2025 full season,1593,0,1,TRUE,0.21329943502824855,0.01596045197740113,0.05385310734463278,0.06118079096045197,0.01132768361581921,0.05163841807909605,0.01933898305084745,2026,9688320,Inter Miami CF,0.1398991348215602,1,0.19321727354899046,0.20609842512536372,0.017024482109759886,52.513966480446925,0.05744331450273673,81.00558659217877,0.06525951035985479,86.59217877094972,0.012082862523918079,77.09497206703911,0.0550809792860904,32.960893854748605,0.020628248588215246,97.20670391061452,92.17877094972067,9688320,100,99.6103896103896,516250,-7.821229050279328,TRUE,FALSE,37.5,High,14,86,Fair Value,Central and defensive midfielders,1.1.0,2026-10-03 17:19:27 UTC,66,66,279,Performance data through: 2026-10-03 (updates every day) · MLSPA compensation as of: 2026-04-16,FALSE,2026-10-03 17:19:20 UTC
e7MzAxyGQr,asa_e7MzAxyGQr_mls_full_2025,Henry Kessler,henry kessler,1998-06-25,USA,CB,NA,28.01642710472279,mls,NPqxKXZ59d,CB,asa_live,TRUE,NA,mlspa_via_asa,1124,965525,1551,965525,full_2025,2025 full season,1551,0,1,TRUE,0.2024274661508704,0.00511798839458413,0.03199613152804642,0.02082591876208897,7.195357833655705e-4,0.14317021276595743,5.97678916827853e-4,2026,965525,Charlotte FC,0.14523645173583166,1,0.18647460299465318,0.19890624320051253,0.005459187621060338,32.515337423312886,0.03412920696431605,22.085889570552148,0.02221431334692243,63.190184049079754,7.675048356139264e-4,48.466257668711656,0.1527148936217936,90.79754601226993,6.375241779696325e-4,80.3680981595092,88.34355828220859,965525,82.6086956521739,80.9090909090909,518000,5.734862630034684,TRUE,FALSE,54.73684210526316,High,20.75,79.25,Fair Value,Center backs,1.1.0,2026-10-03 17:19:27 UTC,44,44,203,Performance data through: 2026-10-03 (updates every day) · MLSPA compensation as of: 2026-04-16,FALSE,2026-10-03 17:19:20 UTC
e7MzJPvGMr,asa_e7MzJPvGMr_mls_full_2025,Julián Aude,julian aude,2003-03-24,Argentina,FB,NA,23.27173169062286,mls,kaDQ0wRqEv,FB,asa_live,TRUE,NA,mlspa_via_asa,1162,385000,1394,385000,full_2025,2025 full season,1394,0,1,TRUE,0.14338020086083214,0.007792682926829259,0.007218077474892391,0.013467718794835,0.024927546628407463,0.08080631276901004,0.00916786226685796,2026,385000,LA Galaxy,0.1336622996580173,1,0.14045605807162004,0.14981979528107658,0.008312195122210965,31.41025641025641,0.0076992826401258195,33.333333333333336,0.01436556671493959,30.128205128205128,0.026589383071132212,88.46153846153847,0.08619340028963758,78.2051282051282,0.009779053084954087,93.58974358974359,59.61538461538461,385000,52.287581699346404,40.51948051948052,368750,7.327802916038209,TRUE,FALSE,65.55555555555556,High,20.75,79.25,Undervalued,Fullbacks and wingbacks,1.1.0,2026-10-03 17:19:27 UTC,32,32,154,Performance data through: 2026-10-03 (updates every day) · MLSPA compensation as of: 2026-04-16,FALSE,2026-10-03 17:19:20 UTC
e7MzJV2GMr,asa_e7MzJV2GMr_mls_full_2025,Nicolás Fernández,nicolas fernandez,2000-01-11,Argentina,FW,NA,26.469541409993155,mls,Vj58weDM8n,FW,asa_live,TRUE,NA,mlspa_via_asa,2553,3650000,1462,3650000,full_2025,2025 full season,1462,0,1,TRUE,0.26665116279069767,0.052288645690834475,0.04227291381668946,0.07448700410396716,0.03540287277701778,0.05666552667578658,0.00553419972640218,2026,3650000,New York City FC,0.2320804800898512,1,0.25659179828026707,0.2736979181741713,0.05577455540529973,40.17857142857143,0.045091108072544524,95.53571428571429,0.07945280438004787,8.035714285714286,0.037763064296665726,92.85714285714286,0.060443228456061204,88.39285714285714,0.005903146375013465,54.464285714285715,66.07142857142857,3650000,91.89189189189189,96.36363636363636,558750,-25.82046332046332,TRUE,FALSE,31.03448275862069,High,14,86,Below Expected Value by Current Model,Strikers,1.1.0,2026-10-03 17:19:27 UTC,41,41,307,Performance data through: 2026-10-03 (updates every day) · MLSPA compensation as of: 2026-04-16,FALSE,2026-10-03 17:19:20 UTC
e7MzJVJ7Mr,asa_e7MzJVJ7Mr_mls_full_2025,Ted Ku-Dipietro,ted kudipietro,2002-01-28,USA,W,NA,24.421629021218344,mls,pzeQZ6xQKw,W,asa_live,TRUE,NA,mlspa_via_asa,121,556000,1274,556000,full_2025,2025 full season,1274,0,1,TRUE,0.2682197802197802,0.04925981161695448,0.01118288854003139,0.12774489795918367,0.014368916797488222,0.04532496075353218,0.02033830455259026,2026,556000,Colorado Rapids,0.20362313755561975,1,0.24753782419070003,0.26404034581166463,0.052543799059726774,60.451977401129945,0.011928414443072912,67.2316384180791,0.1362612244940541,79.66101694915254,0.0153268445844664,58.19209039548023,0.04834662480527849,62.71186440677966,0.021694191523440886,87.00564971751412,80.22598870056497,556000,50,55.58441558441559,562000,30.22598870056497,FALSE,TRUE,NA,Low,41,59,Small-Sample Watchlist,Wingers and attacking midfielders,1.1.0,2026-10-03 17:19:27 UTC,NA,NA,NA,Performance data through: 2026-10-03 (updates every day) · MLSPA compensation as of: 2026-04-16,FALSE,2026-10-03 17:19:20 UTC
e7MzJWAPMr,asa_e7MzJWAPMr_mls_full_2025,Tristan Brown,tristan brown,2007-10-17,USA,FB,NA,17.7056810403833,mls,mvzqoLZQap,FB,asa_live,TRUE,NA,mlspa_via_asa,0,NA,76,84986,full_2025,2025 full season,76,0,1,TRUE,-0.04073684210526316,0.04239473684210526,-0.06927631578947369,0.028421052631578944,-0.02924999999999999,-0.01196052631578947,-0.00106578947368421,2026,84986,Columbus Crew,0.1336622996580173,1,0.11405529555445322,0.12165898192855194,0.04522105263299211,91.66666666666667,-0.07389473684441447,1.2820512820512822,0.030315789474631576,60.256410256410255,-0.03120000000097499,5.769230769230769,-0.012757894737240786,5.769230769230769,-0.0011368421052986837,43.58974358974359,29.487179487179485,84986,3.2679738562091503,2.5974025974025974,368750,26.219205630970336,FALSE,FALSE,NA,Low,41,59,Insufficient Evidence,Fullbacks and wingbacks,1.1.0,2026-10-03 17:19:27 UTC,NA,NA,NA,Performance data through: 2026-10-03 (updates every day) · MLSPA compensation as of: 2026-04-16,FALSE,2026-10-03 17:19:20 UTC
e7MzZ63OMr,asa_e7MzZ63OMr_mls_full_2025,Bernard Kamungo,bernard kamungo,2002-01-01,Tanzania,FB,NA,24.49555099247091,mls,mKAqBBmqbg,FB,asa_live,TRUE,NA,mlspa_via_asa,1483,281000,1997,281000,full_2025,2025 full season,1997,0,1,TRUE,0.1764306459689534,0.03938457686529794,-0.0361352028042063,0.08092338507761643,0.0308037055583375,0.05532498748122184,0.00612919379068602,2026,281000,FC Dallas,0.1336622996580173,1,0.16654962641309598,0.17765293484618735,0.04201021532429729,89.74358974358974,-0.03854421632569122,7.6923076923076925,0.08631827741882163,90.38461538461539,0.03285728592992012,91.66666666666667,0.059013319981814125,44.87179487179487,0.006537806710269395,89.1025641025641,83.33333333333333,281000,39.21568627450981,32.467532467532465,368750,44.11764705882352,TRUE,FALSE,87.77777777777777,High,20.75,79.25,Strong Value,Fullbacks and wingbacks,1.1.0,2026-10-03 17:19:27 UTC,12,12,57,Performance data through: 2026-10-03 (updates every day) · MLSPA compensation as of: 2026-04-16,FALSE,2026-10-03 17:19:20 UTC
e7MzZpaXMr,asa_e7MzZpaXMr_mls_full_2025,Josh Bauer,josh bauer,1998-07-22,USA,FB,NA,27.942505133470227,mls,vzqoOgNqap,FB,asa_live,TRUE,NA,mlspa_via_asa,626,253667,1178,253667,full_2025,2025 full season,1178,0,1,TRUE,0.05573429541595924,0.0262818336162988,0.01061969439728353,0.02114006791171476,-0.02023853989813243,0.0204830220713073,-0.00255178268251273,2026,253667,Nashville SC,0.1336622996580173,1,0.08203170967087198,0.08750049031833117,0.028033955858261447,80.76923076923077,0.011327674024123088,41.666666666666664,0.022549405773200415,44.87179487179487,-0.021587775892015874,8.974358974358974,0.021848556876743887,14.743589743589743,-0.0027219015280986383,35.8974358974359,3.2051282051282053,253667,36.60130718954248,30.90909090909091,368750,-33.39617898441428,TRUE,FALSE,14.444444444444445,Medium,29.75,70.25,Below Expected Value by Current Model,Fullbacks and wingbacks,1.1.0,2026-10-03 17:19:27 UTC,78,78,380,Performance data through: 2026-10-03 (updates every day) · MLSPA compensation as of: 2026-04-16,FALSE,2026-10-03 17:19:20 UTC
e7MzZprjMr,asa_e7MzZprjMr_mls_full_2025,William Agada,william agada,1999-09-17,Nigeria,FW,NA,25.78781656399726,mls,Z2vQ1xlqrA,FW,asa_live,TRUE,NA,mlspa_via_asa,0,NA,1480,546875,full_2025,2025 full season,1480,0,1,TRUE,0.13801013513513516,0.06869797297297296,-0.07238310810810811,0.20934729729729729,-0.06705000000000001,0.014466891891891891,-0.015068918918918912,2026,546875,Sporting Kansas City,0.2320804800898512,1,0.16514581156438016,0.1761555323408437,0.07327783784012776,61.607142857142854,-0.07720864865106142,19.642857142857142,0.22330378379076202,61.607142857142854,-0.07152000000223502,25.892857142857142,0.01543135135183358,14.285714285714286,-0.016073513514015803,3.5714285714285716,9.821428571428571,546875,49.549549549549546,54.285714285714285,558750,-39.72812097812098,FALSE,FALSE,NA,Low,41,59,Insufficient Evidence,Strikers,1.1.0,2026-10-03 17:19:27 UTC,NA,NA,NA,Performance data through: 2026-10-03 (updates every day) · MLSPA compensation as of: 2026-04-16,FALSE,2026-10-03 17:19:20 UTC
e7MzzmEeMr,asa_e7MzzmEeMr_mls_full_2025,Manu Duah,manu duah,2005-06-05,Ghana,CB,NA,21.07049965776865,mls,zeQZBOzQKw,CB,asa_live,TRUE,NA,mlspa_via_asa,2585,92025,1707,92025,full_2025,2025 full season,1707,0,1,TRUE,0.16915465729349738,0.00694376098418277,0.07917574692442882,0.00349033391915641,0.00281019332161687,0.07540597539543058,0.00132864674868189,2026,92025,San Diego FC,0.14523645173583166,1,0.16293405766861685,0.17379632818528912,0.007406678383359747,46.012269938650306,0.08445413005536326,87.11656441717791,0.0037230228472165147,18.404907975460123,0.0029975395431516678,54.60122699386503,0.08043304042430614,48.466257668711656,0.0014172231986383044,87.73006134969326,66.87116564417178,92025,7.453416149068323,6.363636363636363,518000,59.41774949510346,TRUE,FALSE,97.89473684210526,High,14,86,Strong Value,Center backs,1.1.0,2026-10-03 17:19:27 UTC,3,3,12,Performance data through: 2026-10-03 (updates every day) · MLSPA compensation as of: 2026-04-16,FALSE,2026-10-03 17:19:20 UTC
eV5D0G2Z5K,asa_eV5D0G2Z5K_mls_full_2025,Alvas Powell,alvas powell,1994-07-18,Jamaica,CB,NA,31.953456536618756,mls,NWMWlBK5lz,CB,asa_live,TRUE,NA,mlspa_via_asa,299,325750,1142,325750,full_2025,2025 full season,1142,0,1,TRUE,0.15399299474605954,0.00963835376532399,0.04740367775831874,0.00561120840630472,0.00581611208406304,0.08505078809106831,4.728546409807356e-4,2026,325750,FC Cincinnati,0.14523645173583166,1,0.1509769638584954,0.16104209478742768,0.010280910683333535,57.05521472392638,0.050563922943786775,50.920245398773005,0.005985288966912075,21.47239263803681,0.006203852889861114,68.09815950920246,0.09072084063330789,58.895705521472394,5.043782837285464e-4,79.75460122699387,57.668711656441715,325750,34.78260869565217,36.103896103896105,518000,22.886102960789543,FALSE,TRUE,NA,Low,41,59,Small-Sample Watchlist,Center backs,1.1.0,2026-10-03 17:19:27 UTC,NA,NA,NA,Performance data through: 2026-10-03 (updates every day) · MLSPA compensation as of: 2026-04-16,FALSE,2026-10-03 17:19:20 UTC
eV5D0on95K,asa_eV5D0on95K_mls_full_2025,Kim Kee-hee,kim keehee,1989-07-13,South Korea,CB,NA,36.96646132785763,mls,jYQJ19EqGR,CB,asa_live,TRUE,NA,mlspa_via_asa,389,113400,1170,113400,full_2025,2025 full season,1170,0,1,TRUE,0.08934615384615384,0.00605384615384615,0.05158461538461538,0.00501538461538461,0.007292307692307689,0.02246153846153846,-0.00306153846153846,2026,113400,Seattle Sounders FC,0.14523645173583166,1,0.10829201753757005,0.11551148537701779,0.006457435897637688,38.65030674846626,0.05502358974530923,58.895705521472394,0.005349743589910763,20.245398773006134,0.007778461538704612,73.00613496932516,0.023958974359723075,8.588957055214724,-0.0032656410257430753,46.625766871165645,9.202453987730062,113400,11.801242236024844,13.896103896103897,518000,-2.598788248294783,FALSE,TRUE,NA,Low,41,59,Small-Sample Watchlist,Center backs,1.1.0,2026-10-03 17:19:27 UTC,NA,NA,NA,Performance data through: 2026-10-03 (updates every day) · MLSPA compensation as of: 2026-04-16,FALSE,2026-10-03 17:19:20 UTC
eV5D21BAQK,asa_eV5D21BAQK_mls_full_2025,Wyatt Meyer,wyatt meyer,2001-11-12,USA,CB,NA,24.632443531827516,mls,Z2vQ1xlqrA,CB,asa_live,TRUE,NA,mlspa_via_asa,1842,116550,264,116550,full_2025,2025 full season,264,0,1,TRUE,0.03640909090909091,0.01670454545454545,-0.03119318181818181,0.00654545454545454,-0.00579545454545454,0.05035227272727272,-2.045454545454545e-4,2026,116550,Sporting Kansas City,0.14523645173583166,1,0.11198364703877198,0.11944922351175623,0.01781818181873863,83.43558282208589,-0.03327272727376704,1.2269938650306749,0.006981818182036358,23.926380368098158,-0.006181818182011358,28.220858895705522,0.05370909091076931,25.153374233128833,-2.1818181818863633e-4,70.5521472392638,15.950920245398773,116550,14.906832298136646,16.883116883116884,518000,1.0440879472621276,TRUE,FALSE,49.473684210526315,High,14,86,Fair Value,Center backs,1.1.0,2026-10-03 17:19:27 UTC,49,49,226,Performance data through: 2026-10-03 (updates every day) · MLSPA compensation as of: 2026-04-16,FALSE,2026-10-03 17:19:20 UTC
eV5D2RJAQK,asa_eV5D2RJAQK_mls_full_2025,Noel Caliskan,noel caliskan,2000-08-29,Germany,CM,NA,25.83709787816564,mls,a2lqR4JMr0,CM,asa_live,TRUE,NA,mlspa_via_asa,2577,113400,2287,113400,full_2025,2025 full season,2287,0,1,TRUE,0.12832968954962834,0.01383646698731963,0.04258766943594228,0.00891735898557061,3.935286401399214e-6,0.06329908176650635,-3.14822912111937e-4,2026,113400,Real Salt Lake,0.1398991348215602,1,0.1307341464817929,0.13944975625160358,0.01475889812026882,45.25139664804469,0.04542684739975802,74.30167597765363,0.009511849584905896,15.083798882681565,4.1976388282903376e-6,44.134078212290504,0.06751902055305008,54.18994413407821,-3.358111062632269e-4,55.3072625698324,36.87150837988827,113400,12.857142857142858,13.896103896103897,516250,24.01436552274541,TRUE,FALSE,78.84615384615384,High,14,86,Fair Value,Central and defensive midfielders,1.1.0,2026-10-03 17:19:27 UTC,23,23,97,Performance data through: 2026-10-03 (updates every day) · MLSPA compensation as of: 2026-04-16,FALSE,2026-10-03 17:19:20 UTC
eV5D2XxAQK,asa_eV5D2XxAQK_mls_full_2025,Bibi Karamoko,bibi karamoko,2005-11-01,USA,FW,NA,19.66324435318275,mls,EKXMeX3Q64,FW,asa_live,TRUE,NA,mlspa_via_asa,0,NA,25,80622,full_2025,2025 full season,25,0,1,TRUE,0.06732,0,-0.085320000000000007,0.06336,0.09252,0,-0.0032399999999999994,2026,80622,D.C. United,0.2320804800898512,1,0.22549006088625712,0.24052273161952392,0,3.125,-0.09100800000284401,8.035714285714286,0.067584000002112,7.142857142857143,0.098688000003084,98.21428571428571,0,5.803571428571429,-0.0034560000001079994,19.642857142857142,45.535714285714285,80622,1.8018018018018018,1.103896103896104,558750,43.733912483912484,FALSE,FALSE,NA,Low,41,59,Insufficient Evidence,Strikers,1.1.0,2026-10-03 17:19:27 UTC,NA,NA,NA,Performance data through: 2026-10-03 (updates every day) · MLSPA compensation as of: 2026-04-16,FALSE,2026-10-03 17:19:20 UTC
eV5DB6nQKn,asa_eV5DB6nQKn_mls_full_2025,Eric Maxim Choupo-Moting,eric maxim choupomoting,1989-03-23,Cameroon,FW,NA,37.27310061601643,mls,a2lqRX2Mr0,FW,asa_live,TRUE,NA,mlspa_via_asa,562,3530667,3088,3530667,full_2025,2025 full season,3088,0,1,TRUE,0.21205375647668395,0.05243199481865285,-0.03204501295336787,0.16274902849740933,-0.02447603626943005,0.02214734455958549,0.03124643782383419,2026,3530667,New York Red Bulls,0.2320804800898512,1,0.21531190023153762,0.2296660269208172,0.055927461141644104,41.07142857142857,-0.03418134715132723,58.92857142857143,0.17359896373599493,40.17857142857143,-0.026107772021541256,56.25,0.023623834197629433,30.357142857142858,0.03332953367979802,91.07142857142857,40.17857142857143,3530667,90.09009009009009,95.84415584415585,558750,-49.911518661518656,TRUE,FALSE,17.24137931034483,Medium,29.75,70.25,Below Expected Value by Current Model,Strikers,1.1.0,2026-10-03 17:19:27 UTC,49,49,368,Performance data through: 2026-10-03 (updates every day) · MLSPA compensation as of: 2026-04-16,FALSE,2026-10-03 17:19:20 UTC
eV5DL18a5K,asa_eV5DL18a5K_mls_full_2025,Jakob Glesnes,jakob glesnes,1994-03-25,Norway,CB,NA,32.26830937713895,mls,kaDQ0wRqEv,CB,asa_live,TRUE,NA,mlspa_via_asa,2084,1268503,3269,1268503,full_2025,2025 full season,3269,0,1,TRUE,0.13411624349954113,0.01134842459467727,0.0614857754665035,0.011301621290914648,-2.615478739675742e-4,0.0630688283878862,-0.01282685836647292,2026,1268503,LA Galaxy,0.14523645173583166,1,0.13584075240152466,0.14489680256615434,0.012104986234700703,68.09815950920246,0.06558482716631993,73.00613496932516,0.012055062710685679,33.74233128834356,-2.7898439890746405e-4,43.558282208588956,0.0672734169491809,34.355828220858896,-0.013681982257998677,24.539877300613497,36.19631901840491,1268503,93.7888198757764,86.23376623376623,518000,-57.59250085737149,TRUE,FALSE,8.421052631578947,High,14,86,Below Expected Value by Current Model,Center backs,1.1.0,2026-10-03 17:19:27 UTC,88,88,408,Performance data through: 2026-10-03 (updates every day) · MLSPA compensation as of: 2026-04-16,FALSE,2026-10-03 17:19:20 UTC
eV5DL1xR5K,asa_eV5DL1xR5K_mls_full_2025,Sean Zawadzki,sean zawadzki,2000-04-21,USA,CB,NA,26.193018480492817,mls,mvzqoLZQap,CB,asa_live,TRUE,NA,mlspa_via_asa,2778,900500,3018,900500,full_2025,2025 full season,3018,0,1,TRUE,0.24946819085487068,0.00827534791252485,0.09028926441351888,0.01616600397614314,0.027829025844930414,0.10594831013916502,9.602385685884693e-4,2026,900500,Columbus Crew,0.14523645173583166,1,0.23218266197940815,0.24766150611910812,0.008827037773635684,52.147239263803684,0.09630854871076311,94.47852760736197,0.01724373757509155,46.625766871165645,0.029684294235520076,96.93251533742331,0.11301153081864096,80.3680981595092,0.0010242544731930419,85.2760736196319,98.15950920245399,900500,78.26086956521739,77.79220779220779,518000,19.8986396372366,TRUE,FALSE,71.57894736842105,High,14,86,Undervalued,Center backs,1.1.0,2026-10-03 17:19:27 UTC,28,28,128,Performance data through: 2026-10-03 (updates every day) · MLSPA compensation as of: 2026-04-16,FALSE,2026-10-03 17:19:20 UTC
eV5DL9aZ5K,asa_eV5DL9aZ5K_mls_full_2025,Luca Petrasso,luca petrasso,2000-06-16,Canada,FB,NA,26.039698836413415,mls,APk5LGOMOW,FB,asa_live,TRUE,NA,mlspa_via_asa,2464,134736,2997,134736,full_2025,2025 full season,2997,0,1,TRUE,0.08858258258258259,0.00806306306306306,0.03131831831831831,0.012594594594594591,6.486486486486487e-4,0.03436936936936937,0.00158858858858858,2026,134736,CF Montréal,0.1336622996580173,1,0.09610213505554918,0.10250894406245586,0.008600600600869366,32.69230769230769,0.033406206207250135,67.94871794871794,0.01343423423465405,26.923076923076923,6.918918919135136e-4,47.43589743589744,0.03666066066180631,22.435897435897434,0.001694494494547438,66.02564102564102,10.256410256410257,134736,27.45098039215686,21.818181818181817,368750,-17.194570135746602,TRUE,FALSE,31.11111111111111,High,14,86,Below Expected Value by Current Model,Fullbacks and wingbacks,1.1.0,2026-10-03 17:19:27 UTC,63,63,306,Performance data through: 2026-10-03 (updates every day) · MLSPA compensation as of: 2026-04-16,FALSE,2026-10-03 17:19:20 UTC
eV5DLDVJ5K,asa_eV5DLDVJ5K_mls_full_2025,Eryk Williamson,eryk williamson,1997-06-11,USA,CM,NA,28.05475701574264,mls,NPqxKXZ59d,CM,asa_live,TRUE,NA,mlspa_via_asa,0,NA,838,775000,full_2025,2025 full season,838,0,1,TRUE,0.00613245823389021,0.00563842482100238,-0.00731384248210023,0.03500119331742243,-0.02594749403341289,0.0363436754176611,-0.03758949880668257,2026,775000,Charlotte FC,0.1398991348215602,1,0.061946092415115506,0.0660758319115214,0.006014319809257153,21.22905027932961,-0.007801431981150706,18.99441340782123,0.0373346062064173,66.4804469273743,-0.027677326969838663,11.731843575418994,0.038766587113383294,16.201117318435752,-0.04009546539504772,3.910614525139665,0.5586592178770949,775000,74.28571428571429,71.1038961038961,516250,-73.7270550678372,FALSE,FALSE,NA,Low,41,59,Insufficient Evidence,Central and defensive midfielders,1.1.0,2026-10-03 17:19:27 UTC,NA,NA,NA,Performance data through: 2026-10-03 (updates every day) · MLSPA compensation as of: 2026-04-16,FALSE,2026-10-03 17:19:20 UTC
eV5DLKnn5K,asa_eV5DLKnn5K_mls_full_2025,Lachlan Brook,lachlan brook,2001-02-08,Australia,W,NA,24.39151266255989,mls,a2lqR4JMr0,W,asa_live,TRUE,NA,mlspa_via_asa,0,NA,133,274883,full_2025,2025 full season,133,0,1,TRUE,0.14657142857142855,0.05217293233082706,-0.01089473684210526,0.04290225563909774,0.04818045112781955,0.01468421052631579,-4.7368421052631577e-4,2026,274883,Real Salt Lake,0.20362313755561975,1,0.1932713267849548,0.20615608191039414,0.05565112782128796,64.97175141242938,-0.0116210526319421,41.80790960451977,0.045762406016467666,18.07909604519774,0.05139248120461354,83.61581920903954,0.015663157895226314,14.689265536723164,-5.052631579105263e-4,30.508474576271187,45.76271186440678,274883,28.823529411764707,32.077922077922075,562000,16.939182452642076,FALSE,FALSE,NA,Low,41,59,Insufficient Evidence,Wingers and attacking midfielders,1.1.0,2026-10-03 17:19:27 UTC,NA,NA,NA,Performance data through: 2026-10-03 (updates every day) · MLSPA compensation as of: 2026-04-16,FALSE,2026-10-03 17:19:20 UTC
eV5DLNDm5K,asa_eV5DLNDm5K_mls_full_2025,Brenner,brenner,2000-01-16,Brazil,FW,NA,25.45653661875428,mls,NWMWlBK5lz,FW,asa_live,TRUE,NA,mlspa_via_asa,0,NA,959,280120,full_2025,2025 full season,959,0,1,TRUE,0.2586913451511992,0.06532742440041711,-0.00309697601668404,0.18616579770594371,0.00128571428571428,0.02303962460896767,-0.01403023983315954,2026,280120,FC Cincinnati,0.2320804800898512,1,0.2484498319781339,0.26501315411829113,0.06968258602928916,58.035714285714285,-0.0033034410845662085,80.35714285714286,0.19857685089254548,50,0.0013714285714714225,77.67857142857143,0.024575599583666834,34.82142857142857,-0.01496558915583785,5.357142857142857,64.28571428571429,280120,32.432432432432435,32.20779220779221,558750,31.853281853281857,FALSE,FALSE,NA,Low,41,59,Insufficient Evidence,Strikers,1.1.0,2026-10-03 17:19:27 UTC,NA,NA,NA,Performance data through: 2026-10-03 (updates every day) · MLSPA compensation as of: 2026-04-16,FALSE,2026-10-03 17:19:20 UTC
eV5DLWdm5K,asa_eV5DLWdm5K_mls_full_2025,Ronald Hernández,ronald hernandez,1997-09-21,Venezuela,FB,NA,28.774811772758383,mls,KAqBN0Vqbg,FB,asa_live,TRUE,NA,mlspa_via_asa,619,159000,1447,159000,full_2025,2025 full season,1447,0,1,TRUE,0.11184381478921906,0.00620110573600552,0.03387906012439529,0.02055010366275052,-0.00927988942639944,0.06029440221147202,1.9903248099516243e-4,2026,159000,Atlanta United FC,0.1336622996580173,1,0.11823907171216921,0.1261216764969218,0.006614512785279258,26.28205128205128,0.03613766413381761,71.7948717948718,0.02192011057428556,43.58974358974359,-0.009898548721802064,19.23076923076923,0.06431402902757996,49.35897435897436,2.1230131306814102e-4,57.69230769230769,33.97435897435897,159000,30.065359477124183,24.285714285714285,368750,3.908999497234788,TRUE,FALSE,62.22222222222222,Medium,29.75,70.25,Fair Value,Fullbacks and wingbacks,1.1.0,2026-10-03 17:19:27 UTC,35,35,169,Performance data through: 2026-10-03 (updates every day) · MLSPA compensation as of: 2026-04-16,FALSE,2026-10-03 17:19:20 UTC
eV5DLY8A5K,asa_eV5DLY8A5K_mls_full_2025,Mason Toye,mason toye,1998-10-16,USA,FW,NA,26.70773442847365,mls,Z2vQ1xlqrA,FW,asa_live,TRUE,NA,mlspa_via_asa,0,NA,639,392500,full_2025,2025 full season,639,0,1,TRUE,0.2547183098591549,0.06426760563380282,-0.04366197183098591,0.20326760563380283,0.00908450704225352,0.02671830985915493,-0.00495774647887323,2026,392500,Sporting Kansas City,0.2320804800898512,1,0.24375568043092066,0.2600060591344406,0.06855211267819859,57.142857142857146,-0.046572769954507036,48.214285714285715,0.2168187793494986,58.035714285714285,0.009690140845373238,86.60714285714286,0.028499530517322534,41.964285714285715,-0.00528826291096337,12.5,58.92857142857143,392500,38.73873873873874,41.493506493506494,558750,20.18983268983269,FALSE,FALSE,NA,Low,41,59,Insufficient Evidence,Strikers,1.1.0,2026-10-03 17:19:27 UTC,NA,NA,NA,Performance data through: 2026-10-03 (updates every day) · MLSPA compensation as of: 2026-04-16,FALSE,2026-10-03 17:19:20 UTC
eV5DLYJa5K,asa_eV5DLYJa5K_mls_full_2025,Akil Watts,akil watts,2000-02-04,USA,FB,NA,25.404517453798768,mls,wvq9B9wQWn,FB,asa_live,TRUE,NA,mlspa_via_asa,0,NA,1617,104000,full_2025,2025 full season,1617,0,1,TRUE,0.12719109461966605,0.02198515769944341,0.00933395176252319,0.03889981447124304,-0.01628014842300556,0.07270686456400742,5.454545454545455e-4,2026,104000,St. Louis City SC,0.1336622996580173,1,0.12894243563139846,0.1375385980111231,0.023450834880139142,75,0.009956215213669201,36.53846153846154,0.04149313543728924,69.87179487179488,-0.0173654916517486,12.179487179487179,0.07755398887069814,66.66666666666667,5.818181818363637e-4,58.97435897435897,46.794871794871796,104000,10.457516339869281,10.519480519480519,368750,36.337355455002516,FALSE,FALSE,NA,Low,41,59,Insufficient Evidence,Fullbacks and wingbacks,1.1.0,2026-10-03 17:19:27 UTC,NA,NA,NA,Performance data through: 2026-10-03 (updates every day) · MLSPA compensation as of: 2026-04-16,FALSE,2026-10-03 17:19:20 UTC
eV5DLnOY5K,asa_eV5DLnOY5K_mls_full_2025,Jeisson Palacios,jeisson palacios,1994-03-20,Colombia,CB,NA,32.28199863107461,mls,vzqoOgNqap,CB,asa_live,TRUE,NA,mlspa_via_asa,2008,1097500,2270,1097500,full_2025,2025 full season,2270,0,1,TRUE,0.17234008810572687,0.01574405286343612,0.06443127753303964,0.01920925110132158,0.007065198237885461,0.0694784140969163,-0.00358810572687224,2026,1097500,Nashville SC,0.14523645173583166,1,0.16667382266254321,0.1777854108456019,0.016793656388189995,82.82208588957056,0.06872669603738998,76.68711656441718,0.020489867842049994,58.895705521472394,0.007536211453979999,71.16564417177914,0.07411030837235999,41.104294478527606,-0.003827312775449993,44.171779141104295,72.39263803680981,1097500,89.44099378881988,83.8961038961039,518000,-17.048355752010067,TRUE,FALSE,29.473684210526315,High,14,86,Below Expected Value by Current Model,Center backs,1.1.0,2026-10-03 17:19:27 UTC,68,68,314,Performance data through: 2026-10-03 (updates every day) · MLSPA compensation as of: 2026-04-16,FALSE,2026-10-03 17:19:20 UTC
eV5DkvNOMK,asa_eV5DkvNOMK_mls_full_2025,Stuart Hawkins,stuart hawkins,2006-09-18,USA,CB,NA,19.78370978781657,mls,jYQJ19EqGR,CB,asa_live,TRUE,NA,mlspa_via_asa,1004,125421,152,125421,full_2025,2025 full season,152,0,1,TRUE,0.24276315789473688,0.03102631578947368,0.03907894736842105,0.07472368421052632,0.00153947368421052,0.09639473684210526,0,2026,125421,Seattle Sounders FC,0.14523645173583166,1,0.16494929659773805,0.1759459163764189,0.03309473684313947,98.15950920245399,0.04168421052761842,35.58282208588957,0.07970526316038552,97.54601226993866,0.0016421052632092038,52.147239263803684,0.10282105263479209,71.16564417177914,0,72.69938650306749,69.32515337423312,125421,19.25465838509317,20,518000,50.07049498913996,TRUE,FALSE,94.73684210526316,High,20.75,79.25,Strong Value,Center backs,1.1.0,2026-10-03 17:19:27 UTC,6,6,26,Performance data through: 2026-10-03 (updates every day) · MLSPA compensation as of: 2026-04-16,FALSE,2026-10-03 17:19:20 UTC
eV5DkwDaMK,asa_eV5DkwDaMK_mls_full_2025,Jack Neeley,jack neeley,2005-03-11,USA,FB,NA,20.306639288158795,mls,NPqxKXZ59d,FB,asa_live,TRUE,NA,mlspa_via_asa,0,NA,7,106000,full_2025,2025 full season,7,0,1,TRUE,0.2687142857142857,0,0.0642857142857143,-0.0025714285714285696,0,0.207,0,2026,106000,Charlotte FC,0.1336622996580173,1,0.13521973607052779,0.14423438514640363,0,6.410256410256411,0.06857142857357143,92.3076923076923,-0.002742857142942855,0.6410256410256411,0,44.55128205128205,0.22080000000689998,99.35897435897436,0,53.84615384615385,53.205128205128204,106000,12.418300653594772,11.688311688311689,368750,40.786827551533435,FALSE,FALSE,NA,Low,41,59,Insufficient Evidence,Fullbacks and wingbacks,1.1.0,2026-10-03 17:19:27 UTC,NA,NA,NA,Performance data through: 2026-10-03 (updates every day) · MLSPA compensation as of: 2026-04-16,FALSE,2026-10-03 17:19:20 UTC
eV5Dky89MK,asa_eV5Dky89MK_mls_full_2025,Nelson Palacio,nelson palacio,2001-06-16,Colombia,CM,NA,24.041067761806985,mls,a2lqR4JMr0,CM,asa_live,TRUE,NA,mlspa_via_asa,0,NA,689,423167,full_2025,2025 full season,689,0,1,TRUE,0.08413497822931786,0.02382583454281567,0.03677068214804063,0.00595645863570391,0.00633526850507982,0.051896952104499273,-0.04065021770682148,2026,423167,Real Salt Lake,0.1398991348215602,1,0.11009191690685502,0.11743137803764842,0.02541422351313091,69.83240223463687,0.03922206095913569,70.39106145251397,0.0063535558782827194,8.938547486033519,0.006757619738962983,64.24581005586592,0.05535674891319579,33.5195530726257,-0.043360232221964584,2.793296089385475,18.99441340782123,423167,42.857142857142854,43.63636363636363,516250,-23.862729449321623,FALSE,FALSE,NA,Low,41,59,Insufficient Evidence,Central and defensive midfielders,1.1.0,2026-10-03 17:19:27 UTC,NA,NA,NA,Performance data through: 2026-10-03 (updates every day) · MLSPA compensation as of: 2026-04-16,FALSE,2026-10-03 17:19:20 UTC
eV5Dz67ZQK,asa_eV5Dz67ZQK_mls_full_2025,Jovan Lukić,jovan lukic,2002-01-20,Serbia,CM,NA,24.4435318275154,mls,9z5k7Yg5A3,CM,asa_live,TRUE,NA,mlspa_via_asa,2090,441375,3188,441375,full_2025,2025 full season,3188,0,1,TRUE,0.12916185696361354,0.02823651191969887,0.03067565872020075,0.01464335006273525,0.00967471769134253,0.05628952321204517,-0.01035790464240903,2026,441375,Philadelphia Union,0.1398991348215602,1,0.13086258735293985,0.1395867598474979,0.03011894604862001,79.32960893854748,0.03272070263590332,65.36312849162012,0.015619573400739046,29.608938547486034,0.010319698871087855,73.74301675977654,0.0600421580947245,41.899441340782126,-0.011048431618914896,17.318435754189945,37.43016759776536,441375,45.142857142857146,45.714285714285715,516250,-7.712689545091784,TRUE,FALSE,38.46153846153846,High,14,86,Fair Value,Central and defensive midfielders,1.1.0,2026-10-03 17:19:27 UTC,65,65,274,Performance data through: 2026-10-03 (updates every day) · MLSPA compensation as of: 2026-04-16,FALSE,2026-10-03 17:19:20 UTC
eV5DzBzEQK,asa_eV5DzBzEQK_mls_full_2025,Jackson Castro,jackson castro,2002-12-24,USA,CM,NA,22.518822724161534,mls,lgpMOvnQzy,CM,asa_live,FALSE,NA,NA,0,NA,8,NA,full_2025,2025 full season,8,0,1,TRUE,-0.31275,0,-0.131625,-0.005625,-0.1755,0,0,2026,NA,Vancouver Whitecaps FC,0.1398991348215602,1,0.13394322515285545,0.14287277350084393,0,6.145251396648045,-0.1404000000043875,0.5586592178770949,-0.0060000000001874994,1.675977653631285,-0.18720000000585,0.5586592178770949,0,5.307262569832402,0,61.1731843575419,42.45810055865922,NA,NA,NA,516250,NA,FALSE,FALSE,NA,Insufficient,41,59,Insufficient Evidence,Central and defensive midfielders,1.1.0,2026-10-03 17:19:27 UTC,NA,NA,NA,Performance data through: 2026-10-03 (updates every day) · MLSPA compensation as of: 2026-04-16,FALSE,2026-10-03 17:19:20 UTC
eV5DzD0ZQK,asa_eV5DzD0ZQK_mls_full_2025,Dennis Gjengaar,dennis gjengaar,2004-02-24,Norway,W,NA,21.349760438056126,mls,a2lqRX2Mr0,W,asa_live,TRUE,NA,mlspa_via_asa,0,NA,886,418769,full_2025,2025 full season,886,0,1,TRUE,0.2305970654627539,0.04373024830699774,-0.013479683972911959,0.14190744920993228,-0.02950902934537246,0.08911625282167042,-0.00116817155756207,2026,418769,New York Red Bulls,0.20362313755561975,1,0.21970584288921385,0.23435289908915163,0.0466455981955886,51.9774011299435,-0.014378329571555411,37.28813559322034,0.151367945828658,81.92090395480226,-0.03147629796938092,15.254237288135593,0.09505733634608565,97.17514124293785,-0.0012460496614384803,24.293785310734464,68.36158192090396,418769,37.64705882352941,43.116883116883116,562000,30.714523097374546,FALSE,FALSE,NA,Low,41,59,Insufficient Evidence,Wingers and attacking midfielders,1.1.0,2026-10-03 17:19:27 UTC,NA,NA,NA,Performance data through: 2026-10-03 (updates every day) · MLSPA compensation as of: 2026-04-16,FALSE,2026-10-03 17:19:20 UTC
eV5DzXvnQK,asa_eV5DzXvnQK_mls_full_2025,Brayan Vera,brayan vera,1999-01-15,Colombia,CB,NA,27.457905544147845,mls,APk5LGOMOW,CB,asa_live,TRUE,NA,mlspa_via_asa,2096,748000,2342,748000,full_2025,2025 full season,2342,0,1,TRUE,0.14116396242527754,0.01766567036720751,0.0655939368061486,0.00771263877028181,0.01315029888983774,0.08173398804440649,-0.04469257045260461,2026,748000,CF Montréal,0.14523645173583166,1,0.1419945176891567,0.15146081887316695,0.0188433817256102,84.66257668711657,0.06996686592874497,77.91411042944786,0.008226814688557686,26.993865030674847,0.014026985482931931,86.50306748466258,0.08718292058342472,55.214723926380366,-0.04767207515093467,5.521472392638037,44.171779141104295,748000,65.83850931677019,69.22077922077922,518000,-21.66673017566589,TRUE,FALSE,28.42105263157895,High,14,86,Below Expected Value by Current Model,Center backs,1.1.0,2026-10-03 17:19:27 UTC,69,69,319,Performance data through: 2026-10-03 (updates every day) · MLSPA compensation as of: 2026-04-16,FALSE,2026-10-03 17:19:20 UTC
eV5DzeZaQK,asa_eV5DzeZaQK_mls_full_2025,Léo Chú,leo chu,2000-04-06,Brazil,W,NA,25.234770704996578,mls,mKAqBBmqbg,W,asa_live,TRUE,NA,mlspa_via_asa,0,NA,233,600000,full_2025,2025 full season,233,0,1,TRUE,0.16424034334763946,0.0532274678111588,-0.02344635193133047,0.28085407725321887,-0.16953218884120172,0.02723175965665236,-0.00409442060085836,2026,600000,FC Dallas,0.20362313755561975,1,0.19260730196083056,0.2054477887646395,0.0567759656670103,67.2316384180791,-0.025009442060867377,29.943502824858758,0.29957768241279525,98.30508474576271,-0.18083433476959956,1.694915254237288,0.029047210301336907,25.98870056497175,-0.004367381974385398,15.819209039548022,44.067796610169495,600000,52.35294117647059,58.311688311688314,562000,-8.285144566301092,FALSE,FALSE,NA,Low,41,59,Insufficient Evidence,Wingers and attacking midfielders,1.1.0,2026-10-03 17:19:27 UTC,NA,NA,NA,Performance data through: 2026-10-03 (updates every day) · MLSPA compensation as of: 2026-04-16,FALSE,2026-10-03 17:19:20 UTC
eV5Dzm8EQK,asa_eV5Dzm8EQK_mls_full_2025,Kenny Nielsen,kenny nielsen,2002-02-13,USA,CB,NA,24.37782340862423,mls,eVq3ya6MWO,CB,asa_live,TRUE,NA,mlspa_via_asa,284,88025,112,88025,full_2025,2025 full season,112,0,1,TRUE,0.35075892857142854,0.03399107142857142,0.08405357142857142,0.064125,0.01816071428571428,0.15597321428571428,-0.00554464285714285,2026,88025,Los Angeles FC,0.14523645173583166,1,0.1775658301144649,0.18940355212801474,0.03625714285827588,99.38650306748467,0.08965714285994464,92.63803680981596,0.0684000000021375,94.47852760736197,0.019371428572033923,94.47852760736197,0.16637142857662768,93.86503067484662,-0.005914285714470529,41.104294478527606,81.59509202453988,88025,3.1055900621118013,3.831168831168831,518000,78.48950196242808,FALSE,TRUE,NA,Low,41,59,Small-Sample Watchlist,Center backs,1.1.0,2026-10-03 17:19:27 UTC,NA,NA,NA,Performance data through: 2026-10-03 (updates every day) · MLSPA compensation as of: 2026-04-16,FALSE,2026-10-03 17:19:20 UTC
eV5Dzr7EQK,asa_eV5Dzr7EQK_mls_full_2025,CJ Fodrey,cj fodrey,2004-02-10,USA,FW,NA,22.38740588637919,mls,gpMOLwl5zy,FW,asa_live,TRUE,NA,mlspa_via_asa,375,120000,521,120000,full_2025,2025 full season,521,0,1,TRUE,0.31584644913627635,0.06393282149712091,-0.01447600767754318,0.20425335892514396,0.04385988483685221,0.02071209213051823,-0.00243570057581573,2026,120000,Austin FC,0.2320804800898512,1,0.27101185375014336,0.2890793106758533,0.06819500959906007,56.25,-0.015441074856528592,68.75,0.217870249526962,58.92857142857143,0.046783877160771016,94.64285714285714,0.02209289827324318,22.321428571428573,-0.0025980806142846353,21.428571428571427,74.10714285714286,120000,20.72072072072072,18.181818181818183,558750,53.38642213642214,FALSE,TRUE,NA,Low,41,59,Small-Sample Watchlist,Strikers,1.1.0,2026-10-03 17:19:27 UTC,NA,NA,NA,Performance data through: 2026-10-03 (updates every day) · MLSPA compensation as of: 2026-04-16,FALSE,2026-10-03 17:19:20 UTC
eVq3alzDMW,asa_eVq3alzDMW_mls_full_2025,Mikkel Desler,mikkel desler,1995-02-19,Denmark,FB,NA,31.362080766598226,mls,gpMOLwl5zy,FB,asa_live,TRUE,NA,mlspa_via_asa,1221,550000,1631,550000,full_2025,2025 full season,1631,0,1,TRUE,0.0912139791538933,0.00898896382587369,0.02989147762109135,0.011896995708154499,-0.00587676272225628,0.0768172900061312,-0.03050398528510116,2026,550000,Austin FC,0.1336622996580173,1,0.10262993267360393,0.10947192818859852,0.009588228081231567,35.8974358974359,0.03188424279682716,64.74358974358974,0.012690128755761365,23.71794871794872,-0.006268546903935923,24.358974358974358,0.08193844267576719,71.7948717948718,-0.032537584305124705,5.128205128205129,15.384615384615385,550000,72.22222222222223,54.87012987012987,368750,-56.83760683760684,TRUE,FALSE,6.666666666666667,High,20.75,79.25,Below Expected Value by Current Model,Fullbacks and wingbacks,1.1.0,2026-10-03 17:19:27 UTC,85,85,415,Performance data through: 2026-10-03 (updates every day) · MLSPA compensation as of: 2026-04-16,FALSE,2026-10-03 17:19:20 UTC
eVq3ejEvMW,asa_eVq3ejEvMW_mls_full_2025,Seymour Reid,seymour reid,2008-03-04,Jamaica,FW,NA,18.324435318275153,mls,Z2vQ1xlqrA,FW,asa_live,TRUE,NA,mlspa_via_asa,289,102840,125,102840,full_2025,2025 full season,125,0,1,TRUE,0.242856,0.05983199999999999,0.0936,0.29282400000000003,-0.248184,0.038016,0.006768,2026,102840,Sporting Kansas City,0.2320804800898512,1,0.23393832835022166,0.24953421691470104,0.06382080000199439,50.892857142857146,0.09984000000312,99.10714285714286,0.3123456000097608,90.17857142857143,-0.2647296000082728,2.6785714285714284,0.0405504000012672,69.64285714285714,0.007219200000225599,59.82142857142857,54.464285714285715,102840,9.90990990990991,9.35064935064935,558750,44.55437580437581,FALSE,TRUE,NA,Low,41,59,Small-Sample Watchlist,Strikers,1.1.0,2026-10-03 17:19:27 UTC,NA,NA,NA,Performance data through: 2026-10-03 (updates every day) · MLSPA compensation as of: 2026-04-16,FALSE,2026-10-03 17:19:20 UTC
eVq3epZwMW,asa_eVq3epZwMW_mls_full_2025,Álvaro Augusto,alvaro augusto,2005-04-17,Brazil,CB,NA,20.205338809034902,mls,mKAqBBmqbg,CB,asa_live,TRUE,NA,mlspa_via_asa,0,NA,443,92740,full_2025,2025 full season,443,0,1,TRUE,0.18954853273137695,0.00637923250564334,-0.00670428893905191,0.02446049661399548,0.00193002257336343,0.16447855530474045,-9.954853273137698e-4,2026,92740,FC Dallas,0.14523645173583166,1,0.16405740272435185,0.17499456291144388,0.0068045146728988705,42.94478527607362,-0.00715124153521218,3.6809815950920246,0.026091196389077195,68.09815950920246,0.002058690744985326,52.760736196319016,0.1754437923305391,95.0920245398773,-0.0010618510158345372,64.41717791411043,68.71165644171779,92740,8.074534161490684,6.4935064935064934,518000,60.63712228022711,FALSE,FALSE,NA,Low,41,59,Insufficient Evidence,Center backs,1.1.0,2026-10-03 17:19:27 UTC,NA,NA,NA,Performance data through: 2026-10-03 (updates every day) · MLSPA compensation as of: 2026-04-16,FALSE,2026-10-03 17:19:20 UTC
eVq3jBAv5W,asa_eVq3jBAv5W_mls_full_2025,Jeremy Ebobisse,jeremy ebobisse,1997-02-14,USA,FW,NA,29.37440109514031,mls,eVq3ya6MWO,FW,asa_live,TRUE,NA,mlspa_via_asa,551,722500,1007,722500,full_2025,2025 full season,1007,0,1,TRUE,0.1884280039721946,0.05617179741807348,0.0051390268123138,0.1265630585898709,-0.08283217477656404,0.05994339622641509,0.0234428997020854,2026,722500,Los Angeles FC,0.2320804800898512,1,0.2047263771337341,0.21837480228280726,0.05991658391448411,41.964285714285715,0.0054816285999726875,84.82142857142857,0.1350005958334144,21.428571428571427,-0.08835431976442938,18.75,0.06393962264350754,90.17857142857143,0.025005759683005856,88.39285714285714,28.571428571428573,722500,57.65765765765766,66.55844155844156,558750,-29.086229086229086,TRUE,FALSE,27.586206896551722,Medium,29.75,70.25,Below Expected Value by Current Model,Strikers,1.1.0,2026-10-03 17:19:27 UTC,43,43,323,Performance data through: 2026-10-03 (updates every day) · MLSPA compensation as of: 2026-04-16,FALSE,2026-10-03 17:19:20 UTC
eVq3jBjj5W,asa_eVq3jBjj5W_mls_full_2025,Tom Barlow,tom barlow,1995-07-08,USA,FW,NA,30.981519507186857,mls,NWMWlBK5lz,FW,asa_live,TRUE,NA,mlspa_via_asa,1239,121733,535,121733,full_2025,2025 full season,535,0,1,TRUE,0.07142803738317757,0.04069345794392523,-0.07734953271028037,0.1518056074766355,-0.03201308411214953,0.03177757009345795,-0.04348598130841121,2026,121733,FC Cincinnati,0.2320804800898512,1,0.15635443881401825,0.16677806807349796,0.04340635514154336,26.785714285714285,-0.08250616822687738,11.607142857142858,0.16192598131347138,34.82142857142857,-0.034147289720693266,50,0.033896074767414394,60.714285714285715,-0.04638504673042149,1.7857142857142858,7.142857142857143,121733,21.62162162162162,18.7012987012987,558750,-14.478764478764479,TRUE,FALSE,39.6551724137931,High,20.75,79.25,Fair Value,Strikers,1.1.0,2026-10-03 17:19:27 UTC,36,36,269,Performance data through: 2026-10-03 (updates every day) · MLSPA compensation as of: 2026-04-16,FALSE,2026-10-03 17:19:20 UTC
eVq3jDBG5W,asa_eVq3jDBG5W_mls_full_2025,Gustav Berggren,gustav berggren,1997-09-07,Sweden,CM,NA,28.81314168377823,mls,a2lqRX2Mr0,CM,asa_live,TRUE,NA,mlspa_via_asa,496,1310000,395,1310000,full_2025,2025 full season,395,0,1,TRUE,0.10002531645569619,0,0.03119240506329114,0.01779493670886076,-0.0029848101265822703,0.05317974683544304,8.430379746835443e-4,2026,1310000,New York Red Bulls,0.1398991348215602,1,0.12406983004315186,0.1323411520501643,0,6.145251396648045,0.033271898735216965,65.92178770949721,0.018981265823377974,35.754189944134076,-0.0031837974684539153,32.960893854748605,0.0567250632929119,35.754189944134076,8.992405063572152e-4,70.39106145251397,27.932960893854748,1310000,92.57142857142857,86.62337662337663,516250,-64.63846767757383,TRUE,FALSE,6.730769230769231,Medium,29.75,70.25,Below Expected Value by Current Model,Central and defensive midfielders,1.1.0,2026-10-03 17:19:27 UTC,98,98,414,Performance data through: 2026-10-03 (updates every day) · MLSPA compensation as of: 2026-04-16,FALSE,2026-10-03 17:19:20 UTC
eVq3jYZv5W,asa_eVq3jYZv5W_mls_full_2025,Derrick Jones,derrick jones,1997-03-03,USA,CM,NA,28.32854209445585,mls,mvzqoLZQap,CM,asa_live,TRUE,NA,mlspa_via_asa,0,NA,16,387500,full_2025,2025 full season,16,0,1,TRUE,0.2750625,0.2041875,-0.08437499999999999,0.0095625,0.0523125,0.093375,0,2026,387500,Columbus Crew,0.1398991348215602,1,0.14340987157944174,0.1529705296895182,0.21780000000680624,100,-0.0900000000028125,1.1173184357541899,0.01020000000031875,17.877094972067038,0.055800000001743746,97.20670391061452,0.0996000000031125,85.47486033519553,0,61.1731843575419,56.42458100558659,387500,40,40.714285714285715,516250,16.42458100558659,FALSE,FALSE,NA,Low,41,59,Insufficient Evidence,Central and defensive midfielders,1.1.0,2026-10-03 17:19:27 UTC,NA,NA,NA,Performance data through: 2026-10-03 (updates every day) · MLSPA compensation as of: 2026-04-16,FALSE,2026-10-03 17:19:20 UTC
eVq3jbrg5W,asa_eVq3jbrg5W_mls_full_2025,Toyosi Olusanya,toyosi olusanya,1997-10-14,England,FW,NA,27.71252566735113,mls,YgOMngl5wN,FW,asa_live,TRUE,NA,mlspa_via_asa,0,NA,96,363219,full_2025,2025 full season,96,0,1,TRUE,0.04903125,0.01959374999999999,-0.07453125000000001,0.0808125,-0.03084375,0.0234375,0.03056249999999999,2026,363219,Houston Dynamo FC,0.2320804800898512,1,0.20683231042228548,0.22062113112399892,0.020900000000653115,8.928571428571429,-0.07950000000248438,16.964285714285715,0.08620000000269375,10.714285714285714,-0.03290000000102813,52.67857142857143,0.02500000000078125,35.714285714285715,0.03260000000101874,90.17857142857143,30.357142857142858,363219,36.93693693693694,39.09090909090909,558750,-6.57979407979408,FALSE,FALSE,NA,Low,41,59,Insufficient Evidence,Strikers,1.1.0,2026-10-03 17:19:27 UTC,NA,NA,NA,Performance data through: 2026-10-03 (updates every day) · MLSPA compensation as of: 2026-04-16,FALSE,2026-10-03 17:19:20 UTC
eVq3jmnV5W,asa_eVq3jmnV5W_mls_full_2025,David Martínez,david martinez,1998-01-21,Argentina,CB,NA,27.44147843942505,mls,zeQZkL1MKw,CB,asa_live,TRUE,NA,mlspa_via_asa,0,NA,446,839839,full_2025,2025 full season,446,0,1,TRUE,0.22552466367713003,0.01908968609865471,0.03916816143497758,0.02736322869955157,0.031015695067264565,0.14319282511210762,-0.03430493273542601,2026,839839,Inter Miami CF,0.14523645173583166,1,0.17947024000143308,0.1914349226741776,0.020362331839201348,90.79754601226993,0.04177937219861502,36.19631901840491,0.029187443947100447,72.39263803680981,0.033083408072782726,98.77300613496932,0.1527390134576879,91.41104294478528,-0.03659192825226457,6.748466257668712,84.66257668711657,839839,75.15527950310559,75.1948051948052,518000,9.50729718401098,FALSE,FALSE,NA,Low,41,59,Insufficient Evidence,Center backs,1.1.0,2026-10-03 17:19:27 UTC,NA,NA,NA,Performance data through: 2026-10-03 (updates every day) · MLSPA compensation as of: 2026-04-16,FALSE,2026-10-03 17:19:20 UTC
eVq3jx6G5W,asa_eVq3jx6G5W_mls_full_2025,Andrés Cubas,andres cubas,1996-05-11,Paraguay,CM,NA,30.138261464750173,mls,lgpMOvnQzy,CM,asa_live,TRUE,NA,mlspa_via_asa,1893,1153333,2681,1153333,full_2025,2025 full season,2681,0,1,TRUE,0.13971316672883252,0.00606937709809772,0.04242857142857143,0.00543155538977993,0.00393099589705333,0.08847258485639686,-0.00661991794106676,2026,1153333,Vancouver Whitecaps FC,0.1398991348215602,1,0.1397471749140311,0.14906365324629142,0.006474002238173214,22.905027932960895,0.04525714285855714,73.74301675977654,0.005793659082612977,7.262569832402234,0.004193062290321251,55.865921787709496,0.09437075718310574,81.56424581005587,-0.007061245804025207,24.58100558659218,51.39664804469274,1153333,90.28571428571429,84.67532467532467,516250,-38.88906624102155,TRUE,FALSE,14.423076923076923,High,14,86,Below Expected Value by Current Model,Central and defensive midfielders,1.1.0,2026-10-03 17:19:27 UTC,90,90,381,Performance data through: 2026-10-03 (updates every day) · MLSPA compensation as of: 2026-04-16,FALSE,2026-10-03 17:19:20 UTC
eVq3jyYV5W,asa_eVq3jyYV5W_mls_full_2025,Justen Glad,justen glad,1997-02-28,USA,CB,NA,29.336071184120467,mls,a2lqR4JMr0,CB,asa_live,TRUE,NA,mlspa_via_asa,1208,1330000,3246,1330000,full_2025,2025 full season,3246,0,1,TRUE,0.2062874306839187,0.00784935304990758,0.05335120147874307,0.0262985212569316,0.01361922365988909,0.10731792975970422,-0.00214879852125693,2026,1330000,Real Salt Lake,0.14523645173583166,1,0.19676309699466957,0.20988063680087296,0.008372643253496397,50.920245398773005,0.05690794824577098,61.34969325153374,0.028051756008270323,70.5521472392638,0.014527171904335669,87.73006134969326,0.11447245841392843,82.20858895705521,-0.0022920517560790186,53.987730061349694,95.0920245398773,1330000,95.03105590062111,86.94805194805195,518000,0.06096863925618834,TRUE,FALSE,48.421052631578945,High,20.75,79.25,Fair Value,Center backs,1.1.0,2026-10-03 17:19:27 UTC,50,50,230,Performance data through: 2026-10-03 (updates every day) · MLSPA compensation as of: 2026-04-16,FALSE,2026-10-03 17:19:20 UTC
eVq3r1eD5W,asa_eVq3r1eD5W_mls_full_2025,Ronald Donkor,ronald donkor,2004-11-20,Mali,CM,NA,21.609856262833677,mls,a2lqRX2Mr0,CM,asa_live,TRUE,NA,mlspa_via_asa,2324,175400,1017,175400,full_2025,2025 full season,1017,0,1,TRUE,0.18743362831858404,0.00789380530973451,0.0608141592920354,0.02229203539823009,0.01168141592920354,0.08865486725663717,-0.00390265486725663,2026,175400,New York Red Bulls,0.1398991348215602,1,0.16979559733638594,0.1811153038311382,0.00842005899731327,26.81564245810056,0.06486843658019824,86.03351955307262,0.023778171092188497,43.57541899441341,0.012460176991539822,77.6536312849162,0.09456519174336814,82.12290502793296,-0.00416283185853716,36.87150837988827,78.77094972067039,175400,24,25.974025974025974,516250,54.77094972067039,TRUE,FALSE,96.15384615384616,High,14,86,Elite Value,Central and defensive midfielders,1.1.0,2026-10-03 17:19:27 UTC,5,5,20,Performance data through: 2026-10-03 (updates every day) · MLSPA compensation as of: 2026-04-16,FALSE,2026-10-03 17:19:20 UTC
eVq3rBnV5W,asa_eVq3rBnV5W_mls_full_2025,Mateo Silvetti,mateo silvetti,2006-01-14,Argentina,W,NA,20.459958932238195,mls,zeQZkL1MKw,W,asa_live,TRUE,NA,mlspa_via_asa,984,607078,518,607078,full_2025,2025 full season,518,0,1,TRUE,0.1558841698841699,0.04541698841698842,-0.0694980694980695,0.1477007722007722,-0.05665830115830116,0.04578185328185328,0.04314092664092663,2026,607078,Inter Miami CF,0.20362313755561975,1,0.18150436720337376,0.1936046583563155,0.04844478764630155,55.367231638418076,-0.07413127413359073,6.214689265536723,0.15754749035241372,84.18079096045197,-0.06043552123740985,7.909604519774011,0.0488339768355029,67.2316384180791,0.046016988418426434,98.87005649717514,32.20338983050848,607078,53.529411764705884,58.96103896103896,562000,-21.326021934197406,TRUE,FALSE,25.53191489361702,High,20.75,79.25,Below Expected Value by Current Model,Wingers and attacking midfielders,1.1.0,2026-10-03 17:19:27 UTC,71,71,332,Performance data through: 2026-10-03 (updates every day) · MLSPA compensation as of: 2026-04-16,FALSE,2026-10-03 17:19:20 UTC
eVq3rXzD5W,asa_eVq3rXzD5W_mls_full_2025,Ender Echenique,ender echenique,2004-04-02,Venezuela,FB,NA,22.245037645448324,mls,NWMWlBK5lz,FB,asa_live,TRUE,NA,mlspa_via_asa,1683,446580,915,446580,full_2025,2025 full season,915,0,1,TRUE,0.268455737704918,0.0338655737704918,-0.0140655737704918,0.0955967213114754,0.07278688524590163,0.081727868852459,-0.00145573770491803,2026,446580,FC Cincinnati,0.1336622996580173,1,0.21507219788436327,0.22941034441715655,0.03612327868965344,87.17948717948718,-0.015003278688993439,16.025641025641026,0.10196983606876031,93.58974358974359,0.0776393442647213,97.43589743589743,0.0871763934453472,80.12820512820512,-0.001552786885294423,41.666666666666664,98.07692307692308,446580,60.130718954248366,46.493506493506494,368750,37.946204122674715,TRUE,FALSE,83.33333333333333,High,14,86,Strong Value,Fullbacks and wingbacks,1.1.0,2026-10-03 17:19:27 UTC,16,16,76,Performance data through: 2026-10-03 (updates every day) · MLSPA compensation as of: 2026-04-16,FALSE,2026-10-03 17:19:20 UTC
eVq3rkkw5W,asa_eVq3rkkw5W_mls_full_2025,Tomás Avilés,tomas aviles,2004-02-03,Argentina,CB,NA,22.406570841889117,mls,APk5LGOMOW,CB,asa_live,TRUE,NA,mlspa_via_asa,253,522500,1398,522500,full_2025,2025 full season,1398,0,1,TRUE,0.17698068669527897,0.00985622317596566,0.07284978540772531,0.00618669527896995,0.01711158798283261,0.07375751072961373,-0.00278111587982832,2026,522500,CF Montréal,0.14523645173583166,1,0.16744788340415365,0.17861107563667883,0.010513304721358578,58.895705521472394,0.07770643777066866,85.2760736196319,0.006599141631107503,23.312883435582823,0.01825236051559184,93.86503067484662,0.07867467811404656,46.012269938650306,-0.0029665236052429118,49.079754601226995,74.23312883435582,522500,50.93167701863354,52.467532467532465,518000,23.30145181572228,FALSE,TRUE,NA,Low,41,59,Small-Sample Watchlist,Center backs,1.1.0,2026-10-03 17:19:27 UTC,NA,NA,NA,Performance data through: 2026-10-03 (updates every day) · MLSPA compensation as of: 2026-04-16,FALSE,2026-10-03 17:19:20 UTC
eVq3v9n5WO,asa_eVq3v9n5WO_mls_full_2025,Olivier Giroud,olivier giroud,1986-09-30,France,FW,NA,38.75154004106776,mls,eVq3ya6MWO,FW,asa_live,TRUE,NA,mlspa_via_asa,0,NA,595,3675000,full_2025,2025 full season,595,0,1,TRUE,0.3628134453781512,0.07876134453781514,-0.04773781512605042,0.2833411764705882,0.00251092436974789,0.030569747899159665,0.01536806722689075,2026,3675000,Los Angeles FC,0.2320804800898512,1,0.2971734628066198,0.31698502700363357,0.08401210084296153,79.46428571428571,-0.05092033613604505,40.17857142857143,0.3022305882447388,87.5,0.0026783193278147803,78.57142857142857,0.032607731093455966,52.67857142857143,0.016392605042529068,77.67857142857143,83.92857142857143,3675000,92.7927927927928,96.55844155844156,558750,-8.864221364221365,FALSE,FALSE,NA,Low,41,59,Insufficient Evidence,Strikers,1.1.0,2026-10-03 17:19:27 UTC,NA,NA,NA,Performance data through: 2026-10-03 (updates every day) · MLSPA compensation as of: 2026-04-16,FALSE,2026-10-03 17:19:20 UTC
eVq3xk1VQW,asa_eVq3xk1VQW_mls_full_2025,Sebastian Berhalter,sebastian berhalter,2001-05-10,USA,CM,NA,25.14168377823409,mls,lgpMOvnQzy,CM,asa_live,TRUE,NA,mlspa_via_asa,1262,480000,3145,480000,full_2025,2025 full season,3145,0,1,TRUE,0.2171589825119237,0.03904483306836248,0.08285723370429253,0.02333131955484896,0.006759300476947529,0.08392750397456279,-0.01876120826709062,2026,480000,Vancouver Whitecaps FC,0.1398991348215602,1,0.20478090277514982,0.21843296296698583,0.04164782194088814,88.8268156424581,0.0883810492873406,91.62011173184358,0.02488674085928327,46.36871508379888,0.007209920508969341,66.4804469273743,0.08952267090899789,78.2122905027933,-0.020011955485522034,8.938547486033519,94.41340782122904,480000,48.57142857142857,49.22077922077922,516250,45.841979249800474,TRUE,FALSE,91.34615384615384,High,20.75,79.25,Elite Value,Central and defensive midfielders,1.1.0,2026-10-03 17:19:27 UTC,10,10,42,Performance data through: 2026-10-03 (updates every day) · MLSPA compensation as of: 2026-04-16,FALSE,2026-10-03 17:19:20 UTC
eVq3y38yMW,asa_eVq3y38yMW_mls_full_2025,Benjamin Cremaschi,benjamin cremaschi,2005-03-02,USA,W,NA,20.331279945242983,mls,zeQZkL1MKw,W,asa_live,TRUE,NA,mlspa_via_asa,0,NA,1540,502500,full_2025,2025 full season,1540,0,1,TRUE,0.09750974025974024,0.02112662337662337,-0.03186818181818181,0.06846428571428571,-0.00891233766233766,0.05284285714285714,-0.00414350649350649,2026,502500,Inter Miami CF,0.20362313755561975,1,0.1272611600623233,0.13574523740405356,0.022535064935769147,19.774011299435028,-0.03399272727378953,24.858757062146893,0.07302857143085358,42.93785310734463,-0.009506493506790581,29.37853107344633,0.056365714287475714,75.14124293785311,-0.004419740259878372,15.254237288135593,2.2598870056497176,502500,45.294117647058826,51.03896103896104,562000,-43.03423064140911,FALSE,FALSE,NA,Low,41,59,Insufficient Evidence,Wingers and attacking midfielders,1.1.0,2026-10-03 17:19:27 UTC,NA,NA,NA,Performance data through: 2026-10-03 (updates every day) · MLSPA compensation as of: 2026-04-16,FALSE,2026-10-03 17:19:20 UTC
eVq3y6KGMW,asa_eVq3y6KGMW_mls_full_2025,David Martínez,david martinez,2006-02-07,Venezuela,W,NA,20.39425051334702,mls,eVq3ya6MWO,W,asa_live,TRUE,NA,mlspa_via_asa,1056,550000,1413,550000,full_2025,2025 full season,1413,0,1,TRUE,0.30438853503184715,0.0545732484076433,0.0221592356687898,0.09967515923566879,0.04763694267515924,0.06421656050955414,0.01612738853503184,2026,550000,Los Angeles FC,0.20362313755561975,1,0.27435413936084047,0.29264441532737495,0.05821146496997196,70.05649717514125,0.023636518047447763,74.01129943502825,0.10632016985470255,67.79661016949153,0.05081273885509109,83.05084745762711,0.06849766454566497,88.13559322033899,0.01720254777123821,82.485875706214685,90.96045197740114,550000,48.23529411764706,54.87012987012987,562000,42.72515785975408,TRUE,FALSE,93.61702127659575,High,20.75,79.25,Elite Value,Wingers and attacking midfielders,1.1.0,2026-10-03 17:19:27 UTC,7,7,31,Performance data through: 2026-10-03 (updates every day) · MLSPA compensation as of: 2026-04-16,FALSE,2026-10-03 17:19:20 UTC
eVq3yPAGMW,asa_eVq3yPAGMW_mls_full_2025,Morris Duggan,morris duggan,2000-10-24,Germany,CB,NA,25.683778234086244,mls,kRQand1MKZ,CB,asa_live,TRUE,NA,mlspa_via_asa,2609,113400,1747,113400,full_2025,2025 full season,1747,0,1,TRUE,0.11860217515741273,0.01126159129937035,0.01754665140240412,0.03380022896393818,-0.01862850601030337,0.07496222095020035,-3.40011448196909e-4,2026,113400,Minnesota United FC,0.14523645173583166,1,0.12541110824094548,0.13377184879452222,0.012012364053037091,67.48466257668711,0.018716428163149283,11.042944785276074,0.036053577562660734,81.59509202453988,-0.01987040641161121,8.588957055214724,0.0799597023493791,47.852760736196316,-3.6267887808803665e-4,68.71165644171779,25.766871165644172,113400,11.801242236024844,13.896103896103897,518000,13.965628929619328,TRUE,FALSE,67.36842105263158,High,14,86,Fair Value,Center backs,1.1.0,2026-10-03 17:19:27 UTC,32,32,146,Performance data through: 2026-10-03 (updates every day) · MLSPA compensation as of: 2026-04-16,FALSE,2026-10-03 17:19:20 UTC
eVq3yR3yMW,asa_eVq3yR3yMW_mls_full_2025,Owen Gene,owen gene,2003-03-19,France,CM,NA,23.28542094455852,mls,kRQand1MKZ,CM,asa_live,TRUE,NA,mlspa_via_asa,1870,450100,795,450100,full_2025,2025 full season,795,0,1,TRUE,0.15580754716981132,0.012803773584905658,0.01584905660377358,0.0391245283018868,-0.00670188679245283,0.09374716981132077,9.849056603773584e-4,2026,450100,Minnesota United FC,0.1398991348215602,1,0.14896521927809042,0.1588962339015953,0.013657358490992828,40.22346368715084,0.016905660377886787,45.25139664804469,0.0417328301899834,69.27374301675978,-0.0071486792455064145,27.374301675977655,0.09999698113520039,86.59217877094972,0.0010505660377686792,72.06703910614524,66.4804469273743,450100,46.857142857142854,47.01298701298701,516250,19.62330407023145,TRUE,FALSE,75.96153846153847,High,14,86,Strong Value,Central and defensive midfielders,1.1.0,2026-10-03 17:19:27 UTC,26,26,108,Performance data through: 2026-10-03 (updates every day) · MLSPA compensation as of: 2026-04-16,FALSE,2026-10-03 17:19:20 UTC
eVq3ydEvMW,asa_eVq3ydEvMW_mls_full_2025,Monsef Bakrar,monsef bakrar,2001-01-13,Algeria,FW,NA,24.46269678302533,mls,Vj58weDM8n,FW,asa_live,TRUE,NA,mlspa_via_asa,0,NA,703,468720,full_2025,2025 full season,703,0,1,TRUE,0.19646372688477953,0.07490611664295875,-0.04905832147937411,0.21128876244665715,-0.08185775248933144,0.0458321479374111,-0.00464722617354196,2026,468720,New York City FC,0.2320804800898512,1,0.21286438070138963,0.22705533942191108,0.0798998577549862,74.10714285714286,-0.052328876246301,39.285714285714285,0.2253746799501439,64.28571428571429,-0.08731493599134879,19.642857142857142,0.04888762446809958,78.57142857142857,-0.0049570412519329985,14.285714285714286,37.5,468720,45.04504504504504,48.44155844155844,558750,-7.545045045045043,FALSE,FALSE,NA,Low,41,59,Insufficient Evidence,Strikers,1.1.0,2026-10-03 17:19:27 UTC,NA,NA,NA,Performance data through: 2026-10-03 (updates every day) · MLSPA compensation as of: 2026-04-16,FALSE,2026-10-03 17:19:20 UTC
eVq3yp76MW,asa_eVq3yp76MW_mls_full_2025,Alonso Martínez,alonso martinez,1998-10-15,Costa Rica,FW,NA,27.709787816564,mls,Vj58weDM8n,FW,asa_live,TRUE,NA,mlspa_via_asa,44,850333,3029,850333,full_2025,2025 full season,3029,0,1,TRUE,0.34089765599207655,0.09641498844503137,-0.04551997358864311,0.27633773522614724,-0.04286068009243975,0.0225817101353582,0.03394387586662265,2026,850333,New York City FC,0.2320804800898512,1,0.3229063896538745,0.3444334823082297,0.10284265434458062,92.85714285714286,-0.04855463849606999,42.857142857142854,0.2947602509171016,83.92857142857143,-0.04571805876669775,39.285714285714285,0.024087157478468138,33.92857142857143,0.03620680092552895,92.85714285714286,91.96428571428571,850333,64.86486486486487,75.71428571428571,558750,27.099420849420838,FALSE,TRUE,NA,Low,41,59,Small-Sample Watchlist,Strikers,1.1.0,2026-10-03 17:19:27 UTC,NA,NA,NA,Performance data through: 2026-10-03 (updates every day) · MLSPA compensation as of: 2026-04-16,FALSE,2026-10-03 17:19:20 UTC
eVq3yvnvMW,asa_eVq3yvnvMW_mls_full_2025,Edward Davis,edward davis,2006-06-17,USA,FW,NA,19.039014373716633,mls,9z5k7Yg5A3,FW,asa_live,TRUE,NA,mlspa_via_asa,0,NA,8,82622,full_2025,2025 full season,8,0,1,TRUE,-0.212625,0,0,0.023625,-0.23625,0,0,2026,82622,Philadelphia Union,0.2320804800898512,1,0.22622909219393209,0.24131103168106852,0,3.125,0,82.14285714285714,0.0252000000007875,2.6785714285714284,-0.252000000007875,3.5714285714285716,0,5.803571428571429,0,34.375,47.32142857142857,82622,3.6036036036036037,2.207792207792208,558750,43.71782496782497,FALSE,FALSE,NA,Low,41,59,Insufficient Evidence,Strikers,1.1.0,2026-10-03 17:19:27 UTC,NA,NA,NA,Performance data through: 2026-10-03 (updates every day) · MLSPA compensation as of: 2026-04-16,FALSE,2026-10-03 17:19:20 UTC
gOMn6NBlMw,asa_gOMn6NBlMw_mls_full_2025,Yaw Yeboah,yaw yeboah,1997-03-28,Ghana,CM,NA,28.26009582477755,mls,eVq3ya6MWO,CM,asa_live,TRUE,NA,mlspa_via_asa,0,NA,559,550000,full_2025,2025 full season,559,0,1,TRUE,0.06555992844364938,0.00867799642218246,-0.00998211091234347,0.03013953488372093,-0.02331305903398927,0.05055456171735242,0.00948300536672629,2026,550000,Los Angeles FC,0.1398991348215602,1,0.10404441837181719,0.11098071293340649,0.00925652951728389,27.374301675977655,-0.010647584973499106,16.201117318435752,0.03214883721030697,58.100558659217874,-0.024867262970365657,12.849162011173185,0.05392486583352773,32.402234636871505,0.010115205724824142,91.06145251396649,11.731843575418994,550000,52.57142857142857,54.87012987012987,516250,-40.83958499600958,FALSE,FALSE,NA,Low,41,59,Insufficient Evidence,Central and defensive midfielders,1.1.0,2026-10-03 17:19:27 UTC,NA,NA,NA,Performance data through: 2026-10-03 (updates every day) · MLSPA compensation as of: 2026-04-16,FALSE,2026-10-03 17:19:20 UTC
gOMn6n8XMw,asa_gOMn6n8XMw_mls_full_2025,Christian Ramírez,christian ramirez,1991-04-04,USA,FW,NA,35.24161533196441,mls,gpMOLwl5zy,FW,asa_live,TRUE,NA,mlspa_via_asa,1276,577500,1079,577500,full_2025,2025 full season,1079,0,1,TRUE,0.2721519925857276,0.060506024096385544,-0.04438276181649676,0.27025023169601486,-0.04586746987951808,0.02702502316960148,0.0046209453197405,2026,577500,Austin FC,0.2320804800898512,1,0.2578322144454501,0.27502102875040785,0.06453975903816145,52.67857142857143,-0.047341612605742635,45.535714285714285,0.2882669138180909,80.35714285714286,-0.0489253012063482,37.5,0.02882669138180908,43.75,0.004929008341210565,50.892857142857146,67.85714285714286,577500,51.351351351351354,57.142857142857146,558750,16.505791505791507,TRUE,FALSE,72.41379310344827,High,20.75,79.25,Undervalued,Strikers,1.1.0,2026-10-03 17:19:27 UTC,17,17,124,Performance data through: 2026-10-03 (updates every day) · MLSPA compensation as of: 2026-04-16,FALSE,2026-10-03 17:19:20 UTC
gOMn6oPAMw,asa_gOMn6oPAMw_mls_full_2025,Federico Bernardeschi,federico bernardeschi,1994-02-16,Italy,W,NA,31.370294318959616,mls,kRQabn8MKZ,W,asa_live,TRUE,NA,mlspa_via_asa,0,NA,1443,6295381,full_2025,2025 full season,1443,0,1,TRUE,0.28085239085239083,0.07095218295218295,0.04204365904365904,0.06602494802494803,0.06454677754677754,0.03483991683991684,0.00244490644490644,2026,6295381,Toronto FC,0.20362313755561975,1,0.2581712591940146,0.2753826764822213,0.07568232848469354,88.13559322033899,0.044846569647971096,83.05084745762711,0.07042661122881207,40.67796610169491,0.0688498960520476,88.70056497175142,0.0371625779637393,41.24293785310734,0.0026079002079816994,51.9774011299435,86.44067796610169,6295381,97.6470588235294,99.0909090909091,562000,-11.206380857427718,FALSE,FALSE,NA,Low,41,59,Insufficient Evidence,Wingers and attacking midfielders,1.1.0,2026-10-03 17:19:27 UTC,NA,NA,NA,Performance data through: 2026-10-03 (updates every day) · MLSPA compensation as of: 2026-04-16,FALSE,2026-10-03 17:19:20 UTC
gOMnBnmMwN,asa_gOMnBnmMwN_mls_full_2025,Johnny Russell,johnny russell,1990-04-08,Scotland,W,NA,35.23066392881588,mls,a2lqR4JMr0,W,asa_live,TRUE,NA,mlspa_via_asa,0,NA,420,325500,full_2025,2025 full season,420,0,1,TRUE,0.2623714285714286,0.08072142857142857,-0.02614285714285714,0.15585,0.02552142857142857,0.02905714285714285,-0.00263571428571428,2026,325500,Real Salt Lake,0.20362313755561975,1,0.22781361032683517,0.24300118435621795,0.08610285714554786,92.090395480226,-0.027885714286585712,28.8135593220339,0.16624000000519498,85.87570621468926,0.027222857143707854,69.49152542372882,0.03099428571525428,28.8135593220339,-0.0028114285715164222,19.2090395480226,70.62146892655367,325500,31.176470588235293,35.97402597402598,562000,39.444998338318385,FALSE,FALSE,NA,Low,41,59,Insufficient Evidence,Wingers and attacking midfielders,1.1.0,2026-10-03 17:19:27 UTC,NA,NA,NA,Performance data through: 2026-10-03 (updates every day) · MLSPA compensation as of: 2026-04-16,FALSE,2026-10-03 17:19:20 UTC
gOMnR0wlMw,asa_gOMnR0wlMw_mls_full_2025,Julian Gressel,julian gressel,1993-12-16,Germany,CM,NA,32.539356605065024,mls,kRQand1MKZ,CM,asa_live,TRUE,NA,mlspa_via_asa,71,1204005,1220,1204005,full_2025,2025 full season,1220,0,1,TRUE,0.04321475409836065,0.01254098360655737,0.01749098360655738,0.02292786885245901,0.00182950819672131,-0.00769426229508196,-0.0038803278688524494,2026,1204005,Minnesota United FC,0.1398991348215602,1,0.0750887257653495,0.08009464081887575,0.013377049180745894,39.66480446927374,0.018657049180910903,49.720670391061454,0.024456393443387205,44.6927374301676,0.0019514754098970476,49.720670391061454,-0.008207213115010567,2.2346368715083798,-0.004139016393571957,37.43016759776536,1.675977653631285,1204005,92,85.45454545454545,516250,-90.32402234636872,FALSE,TRUE,NA,Low,41,59,Small-Sample Watchlist,Central and defensive midfielders,1.1.0,2026-10-03 17:19:27 UTC,NA,NA,NA,Performance data through: 2026-10-03 (updates every day) · MLSPA compensation as of: 2026-04-16,FALSE,2026-10-03 17:19:20 UTC
gOMnR6e6Mw,asa_gOMnR6e6Mw_mls_full_2025,Nick Lima,nick lima,1994-11-17,USA,FB,NA,30.62012320328542,mls,0KPqjA456v,FB,asa_live,TRUE,NA,mlspa_via_asa,0,NA,529,375000,full_2025,2025 full season,529,0,1,TRUE,0.05786200378071834,0.015294896030245742,0.03438374291115312,0.01144990548204158,-0.01076937618147447,0.01138185255198487,-0.00387901701323251,2026,375000,San Jose Earthquakes,0.1336622996580173,1,0.09814559769248041,0.10468863754191729,0.016314555766105288,61.53846153846154,0.036675992439709454,72.43589743589743,0.01221323251455935,20.512820512820515,-0.011487334593931748,16.666666666666668,0.01214064272249659,10.897435897435898,-0.0041376181475773115,29.487179487179485,11.538461538461538,375000,51.30718954248366,40,368750,-39.76872800402212,FALSE,FALSE,NA,Low,41,59,Insufficient Evidence,Fullbacks and wingbacks,1.1.0,2026-10-03 17:19:27 UTC,NA,NA,NA,Performance data through: 2026-10-03 (updates every day) · MLSPA compensation as of: 2026-04-16,FALSE,2026-10-03 17:19:20 UTC
gOMnR96lMw,asa_gOMnR96lMw_mls_full_2025,Alex Muyl,alex muyl,1995-09-30,USA,W,NA,30.751540041067763,mls,vzqoOgNqap,W,asa_live,TRUE,NA,mlspa_via_asa,976,655000,2651,655000,full_2025,2025 full season,2651,0,1,TRUE,0.14361637118068651,0.03742927197284044,-0.03234703885326292,0.0882855526216522,-0.00169407770652583,0.05008223311957752,0.00186043002640513,2026,655000,Nashville SC,0.20362313755561975,1,0.15469113581463298,0.16500387820743154,0.03992455677227744,44.632768361581924,-0.03450350811122535,23.163841807909606,0.0941712561327052,59.32203389830509,-0.0018070162203506878,37.85310734463277,0.053421048662552095,72.88135593220339,0.0019844586948941528,49.717514124293785,11.299435028248588,655000,58.23529411764706,62.20779220779221,562000,-46.93585908939847,TRUE,FALSE,10.638297872340425,High,20.75,79.25,Below Expected Value by Current Model,Wingers and attacking midfielders,1.1.0,2026-10-03 17:19:27 UTC,85,85,396,Performance data through: 2026-10-03 (updates every day) · MLSPA compensation as of: 2026-04-16,FALSE,2026-10-03 17:19:20 UTC
gOMnR9bXMw,asa_gOMnR9bXMw_mls_full_2025,Tom Pearce,tom pearce,1998-04-12,England,W,NA,27.21971252566735,mls,APk5LGOMOW,W,asa_live,TRUE,NA,mlspa_via_asa,0,NA,1030,507625,full_2025,2025 full season,1030,0,1,TRUE,0.13554174757281554,0.03345728155339805,0.01669805825242718,0.03281067961165049,-0.00819611650485437,0.05789708737864078,0.00287475728155339,2026,507625,CF Montréal,0.20362313755561975,1,0.16060238192231402,0.17130920738915503,0.035687766991406494,38.4180790960452,0.01781126213647893,70.05649717514125,0.034998058253520876,12.429378531073446,-0.008742524272117864,29.943502824858758,0.0617568932058134,81.35593220338983,0.003066407767086108,54.23728813559322,15.254237288135593,507625,46.470588235294116,51.55844155844156,562000,-31.216350947158524,FALSE,FALSE,NA,Low,41,59,Insufficient Evidence,Wingers and attacking midfielders,1.1.0,2026-10-03 17:19:27 UTC,NA,NA,NA,Performance data through: 2026-10-03 (updates every day) · MLSPA compensation as of: 2026-04-16,FALSE,2026-10-03 17:19:20 UTC
gOMnRE8BMw,asa_gOMnRE8BMw_mls_full_2025,Marcel Hartel,marcel hartel,1996-01-19,Germany,W,NA,30.4476386036961,mls,wvq9B9wQWn,W,asa_live,TRUE,NA,mlspa_via_asa,1534,2407813,3409,2407813,full_2025,2025 full season,3409,0,1,TRUE,0.22460134936931653,0.05032766207098855,0.04277706072161924,0.0888938105016134,-0.00167380463479026,0.04313611029627456,0.00114051041361102,2026,2407813,St. Louis City SC,0.20362313755561975,1,0.22146168184918233,0.2362257939798432,0.05368283954406537,62.14689265536723,0.04562886477115309,84.18079096045197,0.09482006453801742,60.451977401129945,-0.0017853916104987374,38.4180790960452,0.046011850984130735,57.6271186440678,0.0012165444412231049,45.19774011299435,68.92655367231639,2407813,85.88235294117646,93.63636363636364,562000,-16.955799268860076,TRUE,FALSE,30.851063829787233,High,14,86,Below Expected Value by Current Model,Wingers and attacking midfielders,1.1.0,2026-10-03 17:19:27 UTC,66,66,308,Performance data through: 2026-10-03 (updates every day) · MLSPA compensation as of: 2026-04-16,FALSE,2026-10-03 17:19:20 UTC
gOMnYNjlQw,asa_gOMnYNjlQw_mls_full_2025,Stiven Jimenez,stiven jimenez,2007-06-24,USA,CM,NA,19.019849418206707,mls,NWMWlBK5lz,CM,asa_live,TRUE,NA,mlspa_via_asa,15,113400,121,113400,full_2025,2025 full season,121,0,1,TRUE,-0.01361157024793389,0,0.00959504132231404,0.01130578512396694,0.00133884297520661,0.1477933884297521,-0.18364462809917356,2026,113400,FC Cincinnati,0.1398991348215602,1,0.114136589310591,0.12174569526843494,0,6.145251396648045,0.010234710744121477,37.98882681564246,0.012059504132608262,21.22905027932961,0.0014280991735983453,48.04469273743017,0.157646280996662,98.32402234636872,-0.1958876033119066,0.5586592178770949,19.553072625698324,113400,12.857142857142858,13.896103896103897,516250,6.695929768555466,FALSE,TRUE,NA,Low,41,59,Small-Sample Watchlist,Central and defensive midfielders,1.1.0,2026-10-03 17:19:27 UTC,NA,NA,NA,Performance data through: 2026-10-03 (updates every day) · MLSPA compensation as of: 2026-04-16,FALSE,2026-10-03 17:19:20 UTC
gOMnYVweQw,asa_gOMnYVweQw_mls_full_2025,Gonzalo Lujan,gonzalo lujan,2001-04-07,Argentina,CB,NA,25.232032854209447,mls,zeQZkL1MKw,CB,asa_live,TRUE,NA,mlspa_via_asa,1331,921750,1964,921750,full_2025,2025 full season,1964,0,1,TRUE,0.09740987780040734,0.00463289205702647,0.04768533604887983,0.00817057026476578,0.00378513238289205,0.03400661914460285,-8.706720977596741e-4,2026,921750,Inter Miami CF,0.14523645173583166,1,0.10860174377593565,0.11584186003128474,0.004941751527649331,29.447852760736197,0.050864358453728,51.533742331288344,0.008715274949355851,27.607361963190183,0.004037474541877691,57.668711656441715,0.03627372708870993,11.042944785276074,-9.287169043060081e-4,66.25766871165644,9.815950920245399,921750,80.12422360248448,79.22077922077922,518000,-70.30827268223908,TRUE,FALSE,2.1052631578947367,High,20.75,79.25,Below Expected Value by Current Model,Center backs,1.1.0,2026-10-03 17:19:27 UTC,94,94,435,Performance data through: 2026-10-03 (updates every day) · MLSPA compensation as of: 2026-04-16,FALSE,2026-10-03 17:19:20 UTC
gOMnYnlxQw,asa_gOMnYnlxQw_mls_full_2025,Allen Obando,allen obando,2006-06-13,Ecuador,FW,NA,19.04996577686516,mls,zeQZkL1MKw,FW,asa_live,TRUE,NA,mlspa_via_asa,0,NA,178,620833,full_2025,2025 full season,178,0,1,TRUE,0.3423539325842696,0.05035955056179774,-0.03463483146067416,0.16649999999999998,0.1102247191011236,0.029224719101123592,0.02067977528089887,2026,620833,Inter Miami CF,0.2320804800898512,1,0.2573101388867747,0.27446414815447,0.05371685393426291,37.5,-0.0369438202258736,55.357142857142854,0.17760000000554999,42.857142857142854,0.11757303371153932,99.10714285714286,0.03117303370883932,50,0.022058426966981456,83.03571428571429,66.96428571428571,620833,52.252252252252255,59.87012987012987,558750,14.712033462033453,FALSE,FALSE,NA,Low,41,59,Insufficient Evidence,Strikers,1.1.0,2026-10-03 17:19:27 UTC,NA,NA,NA,Performance data through: 2026-10-03 (updates every day) · MLSPA compensation as of: 2026-04-16,FALSE,2026-10-03 17:19:20 UTC
gOMnYzdxQw,asa_gOMnYzdxQw_mls_full_2025,Tsiki Ntsabeleng,tsiki ntsabeleng,1998-02-09,South Africa,CM,NA,27.38945927446954,mls,mKAqBBmqbg,CM,asa_live,TRUE,NA,mlspa_via_asa,0,NA,415,227000,full_2025,2025 full season,415,0,1,TRUE,0.13337349397590362,0.02895180722891566,0.01433493975903614,0.0418987951807229,0.04359036144578313,0.0042722891566265,3.253012048192771e-4,2026,227000,FC Dallas,0.1398991348215602,1,0.13723101565806511,0.14637975003984383,0.03088192771180843,80.44692737430168,0.01529060241011638,44.134078212290504,0.044692048194167715,72.06703910614524,0.04649638554362168,96.08938547486034,0.004557108433877344,7.82122905027933,3.4698795181807227e-4,65.92178770949721,46.927374301675975,227000,29.714285714285715,29.87012987012987,516250,17.21308858739026,FALSE,FALSE,NA,Low,41,59,Insufficient Evidence,Central and defensive midfielders,1.1.0,2026-10-03 17:19:27 UTC,NA,NA,NA,Performance data through: 2026-10-03 (updates every day) · MLSPA compensation as of: 2026-04-16,FALSE,2026-10-03 17:19:20 UTC
gOMna9OOQw,asa_gOMna9OOQw_mls_full_2025,Forster Ajago,forster ajago,2001-08-16,Ghana,FW,NA,23.874058863791923,mls,a2lqR4JMr0,FW,asa_live,TRUE,NA,mlspa_via_asa,0,NA,295,80622,full_2025,2025 full season,295,0,1,TRUE,0.06177966101694914,0.03776949152542373,-0.04759322033898305,0.15242033898305085,-0.11513898305084748,0.027915254237288127,0.00640677966101695,2026,80622,Real Salt Lake,0.2320804800898512,1,0.17594780788146447,0.18767766174609368,0.040287457628377626,22.321428571428573,-0.05076610169650169,41.07142857142857,0.16258169492033492,35.714285714285715,-0.12281491525807528,9.821428571428571,0.029776271187371178,44.642857142857146,0.006833898305298306,58.035714285714285,13.392857142857142,80622,1.8018018018018018,1.103896103896104,558750,11.591055341055341,FALSE,FALSE,NA,Low,41,59,Insufficient Evidence,Strikers,1.1.0,2026-10-03 17:19:27 UTC,NA,NA,NA,Performance data through: 2026-10-03 (updates every day) · MLSPA compensation as of: 2026-04-16,FALSE,2026-10-03 17:19:20 UTC
gOMnl3ZXqw,asa_gOMnl3ZXqw_mls_full_2025,Marcelo Weigandt,marcelo weigandt,2000-01-11,Argentina,FB,NA,25.470225872689937,mls,zeQZkL1MKw,FB,asa_live,TRUE,NA,mlspa_via_asa,0,NA,1890,734708,full_2025,2025 full season,1890,0,1,TRUE,0.10769523809523812,0.01363809523809523,0.0236,0.0156047619047619,-0.00496666666666666,0.06370952380952381,-0.00389047619047619,2026,734708,Inter Miami CF,0.1336622996580173,1,0.11395236136337769,0.12154918545806795,0.014547301587756183,58.333333333333336,0.025173333334119998,56.41025641025641,0.01664507936559952,36.53846153846154,-0.005297777777943326,26.923076923076923,0.06795682539894905,54.48717948717949,-0.0041498412699709514,28.846153846153847,28.846153846153847,734708,83.66013071895425,68.05194805194805,368750,-54.8139768728004,FALSE,FALSE,NA,Low,41,59,Insufficient Evidence,Fullbacks and wingbacks,1.1.0,2026-10-03 17:19:27 UTC,NA,NA,NA,Performance data through: 2026-10-03 (updates every day) · MLSPA compensation as of: 2026-04-16,FALSE,2026-10-03 17:19:20 UTC
gOMnl3y6qw,asa_gOMnl3y6qw_mls_full_2025,Jeong Sang-Bin,jeong sangbin,2002-04-01,South Korea,W,NA,24.249144421629023,mls,wvq9B9wQWn,W,asa_live,TRUE,NA,mlspa_via_asa,1075,791833,1097,791833,full_2025,2025 full season,1097,0,1,TRUE,0.10933728350045578,0.02958432087511394,-0.0267538742023701,0.07957247037374658,-0.01753236098450319,0.04124247948951686,0.00322424794895168,2026,791833,St. Louis City SC,0.20362313755561975,1,0.1426734723237312,0.15218503715006906,0.03155660893444101,30.508474576271187,-0.028537465816753236,27.11864406779661,0.08487730173464877,51.9774011299435,-0.018701185050721148,19.774011299435028,0.04399197812352607,54.23728813559322,0.0034391978123226,54.80225988700565,7.909604519774011,791833,65.29411764705883,71.94805194805195,562000,-57.38451312728481,TRUE,FALSE,5.319148936170213,High,20.75,79.25,Below Expected Value by Current Model,Wingers and attacking midfielders,1.1.0,2026-10-03 17:19:27 UTC,90,90,420,Performance data through: 2026-10-03 (updates every day) · MLSPA compensation as of: 2026-04-16,FALSE,2026-10-03 17:19:20 UTC
gOMnl6zBqw,asa_gOMnl6zBqw_mls_full_2025,Osaze De Rosario,osaze de rosario,2001-07-19,Canada,FW,NA,24.95003422313484,mls,jYQJ19EqGR,FW,asa_live,TRUE,NA,mlspa_via_asa,789,315000,358,315000,full_2025,2025 full season,358,0,1,TRUE,0.5053826815642458,0.0918854748603352,-0.0904776536312849,0.46583798882681565,-0.00784357541899441,0.06086312849162011,-0.014882681564245812,2026,315000,Seattle Sounders FC,0.2320804800898512,1,0.3342122004738108,0.3564930138498719,0.09801117318742039,91.07142857142857,-0.09650949720971982,7.142857142857143,0.4968938547641313,99.10714285714286,-0.008366480447188823,66.96428571428571,0.06492067039309021,91.07142857142857,-0.01587486033569162,4.464285714285714,96.42857142857143,315000,35.13513513513514,34.54545454545455,558750,61.293436293436294,TRUE,FALSE,98.27586206896552,Medium,29.75,70.25,Elite Value,Strikers,1.1.0,2026-10-03 17:19:27 UTC,2,2,10,Performance data through: 2026-10-03 (updates every day) · MLSPA compensation as of: 2026-04-16,FALSE,2026-10-03 17:19:20 UTC
gOMnlGZmqw,asa_gOMnlGZmqw_mls_full_2025,Mohamed Farsi,mohamed farsi,1999-12-16,Canada,FB,NA,26.54072553045859,mls,mvzqoLZQap,FB,asa_live,TRUE,NA,mlspa_via_asa,1166,530000,1643,530000,full_2025,2025 full season,1643,0,1,TRUE,0.09898356664637856,0.02840231284236153,-0.03917711503347534,0.08085757760194764,-1.972002434570907e-4,0.0248746195982958,0.00422337188070602,2026,530000,Columbus Crew,0.1336622996580173,1,0.10826008907481513,0.11547742835007814,0.030295800366132376,84.61538461538461,-0.0417889227036796,4.487179487179487,0.08624808277810607,89.74358974358974,-2.1034692636080342e-4,41.666666666666664,0.026532927572344673,17.307692307692307,0.004504930006227201,82.05128205128206,21.794871794871796,530000,68.95424836601308,53.246753246753244,368750,-47.15937657114128,TRUE,FALSE,8.88888888888889,High,20.75,79.25,Below Expected Value by Current Model,Fullbacks and wingbacks,1.1.0,2026-10-03 17:19:27 UTC,83,83,404,Performance data through: 2026-10-03 (updates every day) · MLSPA compensation as of: 2026-04-16,FALSE,2026-10-03 17:19:20 UTC
gOMnlKNeqw,asa_gOMnlKNeqw_mls_full_2025,Liel Abada,liel abada,2001-10-03,Israel,W,NA,24.7419575633128,mls,NPqxKXZ59d,W,asa_live,TRUE,NA,mlspa_via_asa,1204,2648500,1741,2648500,full_2025,2025 full season,1741,0,1,TRUE,0.27322573233773695,0.06285525560022975,0.01779839172889144,0.11061573808156232,0.05177713957495692,0.02796151636990235,0.00221769098219414,2026,2648500,Charlotte FC,0.20362313755561975,1,0.25538653675069284,0.2724123058759186,0.06704560597567358,79.09604519774011,0.018984951178077483,71.1864406779661,0.11799012062402033,72.31638418079096,0.05522894888167995,86.44067796610169,0.029825617462161225,27.683615819209038,0.002365537047747672,50.847457627118644,84.18079096045197,2648500,87.05882352941177,94.15584415584415,562000,-2.878032568959796,TRUE,FALSE,54.255319148936174,High,20.75,79.25,Fair Value,Wingers and attacking midfielders,1.1.0,2026-10-03 17:19:27 UTC,44,44,205,Performance data through: 2026-10-03 (updates every day) · MLSPA compensation as of: 2026-04-16,FALSE,2026-10-03 17:19:20 UTC
gOMnlNzlqw,asa_gOMnlNzlqw_mls_full_2025,Luke Hille,luke hille,2003-02-19,USA,W,NA,22.362765229295004,mls,kRQand1MKZ,W,asa_live,FALSE,NA,NA,0,NA,3,NA,full_2025,2025 full season,3,0,1,TRUE,-0.26399999999999996,0,0,0.039,-0.234,-0.06899999999999999,0,2026,NA,Minnesota United FC,0.20362313755561975,1,0.20129665428419877,0.21471643124318857,0,6.214689265536723,0,52.259887005649716,0.0416000000013,15.254237288135593,-0.2496000000078,1.1299435028248588,-0.07360000000229999,1.694915254237288,0,35.31073446327684,53.10734463276836,NA,NA,NA,562000,NA,FALSE,FALSE,NA,Insufficient,41,59,Insufficient Evidence,Wingers and attacking midfielders,1.1.0,2026-10-03 17:19:27 UTC,NA,NA,NA,Performance data through: 2026-10-03 (updates every day) · MLSPA compensation as of: 2026-04-16,FALSE,2026-10-03 17:19:20 UTC
gOMnlWY8qw,asa_gOMnlWY8qw_mls_full_2025,Jaziel Orozco,jaziel orozco,2004-06-02,USA,CB,NA,22.078028747433265,mls,wvq9B9wQWn,CB,asa_live,TRUE,NA,mlspa_via_asa,1397,88025,622,88025,full_2025,2025 full season,622,0,1,TRUE,-0.01798553054662379,0.01823151125401929,0.0455209003215434,0.01863665594855305,-0.04291639871382637,0.01827491961414791,-0.07573311897106108,2026,88025,St. Louis City SC,0.14523645173583166,1,0.06215619561497463,0.06629994199137815,0.019446945338228293,88.34355828220859,0.04855562701116366,46.625766871165645,0.01987909967907781,55.214723926380366,-0.045777491962845335,4.294478527607362,0.0194932475890336,7.975460122699387,-0.08078199357165626,1.8404907975460123,1.2269938650306749,88025,3.1055900621118013,3.831168831168831,518000,-1.8785961970811265,TRUE,FALSE,47.36842105263158,High,20.75,79.25,Fair Value,Center backs,1.1.0,2026-10-03 17:19:27 UTC,51,51,235,Performance data through: 2026-10-03 (updates every day) · MLSPA compensation as of: 2026-04-16,FALSE,2026-10-03 17:19:20 UTC
gOMnlp9eqw,asa_gOMnlp9eqw_mls_full_2025,Matti Peltola,matti peltola,2002-07-03,Finland,CM,NA,23.994524298425738,mls,EKXMeX3Q64,CM,asa_live,TRUE,NA,mlspa_via_asa,2118,876000,1729,876000,full_2025,2025 full season,1729,0,1,TRUE,0.1151469057258531,0.00631925968768074,0.00661075766338924,0.00918218623481781,0.01033776749566223,0.09673568536726432,-0.01403875072296124,2026,876000,D.C. United,0.1398991348215602,1,0.12152360708155265,0.12962518089104028,0.006740543667070098,24.022346368715084,0.007051474841168881,31.843575418994412,0.009794331984111736,15.64245810055866,0.011026951995717637,75.41899441340782,0.10318473106163979,87.70949720670392,-0.01497466743829328,12.29050279329609,26.256983240223462,876000,81.14285714285714,77.01298701298701,516250,-54.885873902633676,TRUE,FALSE,9.615384615384615,High,14,86,Below Expected Value by Current Model,Central and defensive midfielders,1.1.0,2026-10-03 17:19:27 UTC,95,95,401,Performance data through: 2026-10-03 (updates every day) · MLSPA compensation as of: 2026-04-16,FALSE,2026-10-03 17:19:20 UTC
gOMnlrDeqw,asa_gOMnlrDeqw_mls_full_2025,George Campbell,george campbell,2001-06-22,USA,CB,NA,24.024640657084188,mls,APk5LGOMOW,CB,asa_live,TRUE,NA,mlspa_via_asa,0,NA,1499,517500,full_2025,2025 full season,1499,0,1,TRUE,0.19911674449633088,0.01510006671114076,0.07027084723148767,0.01905070046697798,-0.05200667111407605,0.14654569713142093,1.561040693795864e-4,2026,517500,CF Montréal,0.14523645173583166,1,0.1837150409916622,0.19596271039723018,0.016106737825720144,81.59509202453988,0.07495557038259588,82.20858895705521,0.020320747165411535,57.668711656441715,-0.05547378252341468,3.067484662576687,0.1563154102784005,92.02453987730061,1.6651100734342894e-4,76.07361963190183,87.11656441717791,517500,49.68944099378882,51.94805194805195,518000,37.42712342338909,FALSE,FALSE,NA,Low,41,59,Insufficient Evidence,Center backs,1.1.0,2026-10-03 17:19:27 UTC,NA,NA,NA,Performance data through: 2026-10-03 (updates every day) · MLSPA compensation as of: 2026-04-16,FALSE,2026-10-03 17:19:20 UTC
gjMN614vMK,asa_gjMN614vMK_mls_full_2025,Ramiro Enrique,ramiro enrique,2001-05-04,Argentina,FW,NA,24.15879534565366,mls,jYQJ8EW5GR,FW,asa_live,TRUE,NA,mlspa_via_asa,0,NA,1123,421363,full_2025,2025 full season,1123,0,1,TRUE,0.29157435440783613,0.08640961709706145,-0.05561086375779162,0.37288691006233304,-0.15279964381121994,0.04000712377560107,6.812110418521817e-4,2026,421363,Orlando City SC,0.2320804800898512,1,0.2708568125675628,0.28891393341442884,0.09217025823974587,85.71428571428571,-0.05931825467683142,29.464285714285715,0.39774603741225145,96.42857142857143,-0.16298628673706125,7.142857142857143,0.04267426536197471,73.21428571428571,7.266251113317009e-4,37.5,73.21428571428571,421363,41.44144144144144,43.37662337662338,558750,31.772844272844267,FALSE,FALSE,NA,Low,41,59,Insufficient Evidence,Strikers,1.1.0,2026-10-03 17:19:27 UTC,NA,NA,NA,Performance data through: 2026-10-03 (updates every day) · MLSPA compensation as of: 2026-04-16,FALSE,2026-10-03 17:19:20 UTC
gjMN6B9KMK,asa_gjMN6B9KMK_mls_full_2025,Mateja Djordjevic,mateja djordjevic,2003-01-17,Serbia,CB,NA,23.45242984257358,mls,gpMOLwl5zy,CB,asa_live,TRUE,NA,mlspa_via_asa,338,335000,348,335000,full_2025,2025 full season,348,0,1,TRUE,0.04950000000000001,0,0.01492241379310345,0.00160344827586206,0.00636206896551724,0.029224137931034476,-0.00261206896551724,2026,335000,Austin FC,0.14523645173583166,1,0.11009269097204537,0.11743220370718481,0,7.975460122699387,0.01591724137980776,8.588957055214724,0.0017103448276396455,13.496932515337424,0.006786206896763792,69.32515337423312,0.031172413794077578,9.815950920245399,-0.0027862068966387913,49.693251533742334,11.042944785276074,335000,35.40372670807454,36.688311688311686,518000,-24.360781922798463,FALSE,TRUE,NA,Low,41,59,Small-Sample Watchlist,Center backs,1.1.0,2026-10-03 17:19:27 UTC,NA,NA,NA,Performance data through: 2026-10-03 (updates every day) · MLSPA compensation as of: 2026-04-16,FALSE,2026-10-03 17:19:20 UTC
gjMN6gkKMK,asa_gjMN6gkKMK_mls_full_2025,Felipe Andrade,felipe andrade,2002-05-29,Brazil,FB,NA,24.09034907597536,mls,YgOMngl5wN,FB,asa_live,TRUE,NA,mlspa_via_asa,1980,252500,1973,252500,full_2025,2025 full season,1973,0,1,TRUE,0.2115250886974151,0.03750988342625443,0.03910187531677648,0.06453269133299544,0.02272579827673593,0.06092448048656868,-0.01326964014191586,2026,252500,Houston Dynamo FC,0.1336622996580173,1,0.1933682004643647,0.2062594138351013,0.04001054232258838,88.46153846153847,0.04170866700586497,77.56410256410257,0.06883487075734622,85.25641025641026,0.02424085149594252,86.53846153846153,0.0649861125210374,51.92307692307692,-0.014154282818485905,10.256410256410257,92.3076923076923,252500,35.947712418300654,30.77922077922078,368750,56.35997988939165,TRUE,FALSE,96.66666666666667,High,14,86,Elite Value,Fullbacks and wingbacks,1.1.0,2026-10-03 17:19:27 UTC,4,4,18,Performance data through: 2026-10-03 (updates every day) · MLSPA compensation as of: 2026-04-16,FALSE,2026-10-03 17:19:20 UTC
gjMN6r64MK,asa_gjMN6r64MK_mls_full_2025,Lucas Bartlett,lucas bartlett,1997-07-26,USA,CB,NA,28.930869267624914,mls,EKXMeX3Q64,CB,asa_live,TRUE,NA,mlspa_via_asa,2534,585625,2925,585625,full_2025,2025 full season,2925,0,1,TRUE,0.14301538461538463,0.0061600000000000005,0.03539692307692307,0.02891384615384615,-0.00354461538461538,0.09262769230769231,-0.01653846153846154,2026,585625,D.C. United,0.14523645173583166,1,0.14339343859333306,0.15295300117100172,0.0065706666668720005,39.877300613496935,0.037756717949897836,26.380368098159508,0.03084143589839969,74.84662576687117,-0.0037809230770412257,31.901840490797547,0.0988028717979594,69.93865030674847,-0.017641025641576925,15.950920245398773,45.39877300613497,585625,55.27950310559006,57.79220779220779,518000,-9.880730099455093,TRUE,FALSE,36.8421052631579,High,14,86,Fair Value,Center backs,1.1.0,2026-10-03 17:19:27 UTC,61,61,281,Performance data through: 2026-10-03 (updates every day) · MLSPA compensation as of: 2026-04-16,FALSE,2026-10-03 17:19:20 UTC
gjMN7Xz05K,asa_gjMN7Xz05K_mls_full_2025,Gage Guerra,gage guerra,2002-12-21,USA,FW,NA,23.526351813826142,mls,WBLMvYAQxe,FW,asa_live,TRUE,NA,mlspa_via_asa,458,88025,206,88025,full_2025,2025 full season,206,0,1,TRUE,0.29499029126213594,0.03844660194174757,-0.00690291262135922,0.34488349514563105,-0.10529126213592233,0.02057766990291262,0.0032766990291262102,2026,88025,Portland Timbers FC,0.2320804800898512,1,0.24815916631998847,0.264703110749593,0.04100970873914563,25,-0.007363106796346598,75.89285714285714,0.3678757281668359,95.53571428571429,-0.11231067961516018,12.5,0.021949514563792717,21.428571428571427,0.0034951456311771807,48.214285714285715,62.5,88025,5.8558558558558556,3.831168831168831,558750,56.64414414414414,TRUE,FALSE,96.55172413793103,Medium,29.75,70.25,Strong Value,Strikers,1.1.0,2026-10-03 17:19:27 UTC,3,3,19,Performance data through: 2026-10-03 (updates every day) · MLSPA compensation as of: 2026-04-16,FALSE,2026-10-03 17:19:20 UTC
gjMNRerBMK,asa_gjMNRerBMK_mls_full_2025,Hirving Lozano,hirving lozano,1995-07-30,Mexico,W,NA,30.921286789869953,mls,kaDQ0wRqEv,W,asa_live,TRUE,NA,mlspa_via_asa,639,9333333,2182,9333333,full_2025,2025 full season,2182,0,1,TRUE,0.34795600366636115,0.09186434463794683,0.01590054995417048,0.1949395050412466,-0.01042300641613198,0.03474197983501375,0.02093263061411549,2026,9333333,LA Galaxy,0.20362313755561975,1,0.31682742003356285,0.3379492480463613,0.09798863428353877,95.48022598870057,0.016960586618311863,69.49152542372882,0.20793547205049437,91.52542372881356,-0.011117873510888212,27.11864406779661,0.03705811182517273,39.548022598870055,0.02232813932242094,88.13559322033899,97.17514124293785,9333333,98.82352941176471,99.48051948051948,562000,-1.6483881688268553,TRUE,FALSE,56.38297872340426,Medium,29.75,70.25,Fair Value,Wingers and attacking midfielders,1.1.0,2026-10-03 17:19:27 UTC,42,42,196,Performance data through: 2026-10-03 (updates every day) · MLSPA compensation as of: 2026-04-16,FALSE,2026-10-03 17:19:20 UTC
gjMNRxjvMK,asa_gjMNRxjvMK_mls_full_2025,Maximiliano Falcón,maximiliano falcon,1997-05-01,Uruguay,CB,NA,29.166324435318277,mls,zeQZkL1MKw,CB,asa_live,TRUE,NA,mlspa_via_asa,1664,674250,2685,674250,full_2025,2025 full season,2685,0,1,TRUE,0.11804581005586594,0.00489720670391061,0.02259888268156424,0.01939776536312849,0.00848379888268156,0.06443128491620112,-0.0017631284916201102,2026,674250,Inter Miami CF,0.14523645173583166,1,0.12301213730334827,0.13121294646100523,0.005223687151001224,31.288343558282207,0.024105474861088484,11.656441717791411,0.020690949721316982,60.122699386503065,0.009049385475143125,79.14110429447852,0.06872670391276224,34.969325153374236,-0.0018806703911202218,55.828220858895705,24.539877300613497,674250,60.869565217391305,63.896103896103895,518000,-36.32968791677781,TRUE,FALSE,18.94736842105263,High,14,86,Below Expected Value by Current Model,Center backs,1.1.0,2026-10-03 17:19:27 UTC,78,78,361,Performance data through: 2026-10-03 (updates every day) · MLSPA compensation as of: 2026-04-16,FALSE,2026-10-03 17:19:20 UTC
gjMNjJbkMK,asa_gjMNjJbkMK_mls_full_2025,Jacob Bartlett,jacob bartlett,2005-10-07,USA,CM,NA,20.73100616016427,mls,Z2vQ1xlqrA,CM,asa_live,TRUE,NA,mlspa_via_asa,1232,91025,2178,91025,full_2025,2025 full season,2178,0,1,TRUE,0.07921074380165288,0.00347520661157024,0.0210495867768595,0.00553305785123966,0.00624380165289256,0.05350413223140495,-0.01059504132231405,2026,91025,Sporting Kansas City,0.1398991348215602,1,0.09231838765044496,0.09847294683021857,0.0037068870524574293,17.318435754189945,0.02245289256268512,53.072625698324025,0.005901928374840072,7.82122905027933,0.006660055096626857,62.56983240223464,0.05707107438194875,37.43016759776536,-0.011301377410821488,16.75977653631285,6.70391061452514,91025,4,6.103896103896104,516250,2.7039106145251397,TRUE,FALSE,55.76923076923077,High,20.75,79.25,Fair Value,Central and defensive midfielders,1.1.0,2026-10-03 17:19:27 UTC,47,47,198,Performance data through: 2026-10-03 (updates every day) · MLSPA compensation as of: 2026-04-16,FALSE,2026-10-03 17:19:20 UTC
gjMNjWyKMK,asa_gjMNjWyKMK_mls_full_2025,Alex Freeman,alex freeman,2004-08-09,USA,FB,NA,20.892539356605067,mls,jYQJ8EW5GR,FB,asa_live,TRUE,NA,mlspa_via_asa,0,NA,2878,108000,full_2025,2025 full season,2878,0,1,TRUE,0.2998207088255733,0.03883321751216122,0.029482974287699786,0.0943342599027102,0.05769944405837387,0.07634051424600416,0.00313029881862404,2026,108000,Orlando City SC,0.1336622996580173,1,0.27115623340851364,0.28923331564478644,0.04142209868093307,89.1025641025641,0.03144850590786254,64.1025641025641,0.10062321056603536,92.94871794871794,0.06154607366418877,96.15384615384616,0.08142988186494912,71.15384615384616,0.0033389854066366528,77.56410256410257,100,108000,13.071895424836601,11.818181818181818,368750,86.9281045751634,FALSE,FALSE,NA,Low,41,59,Insufficient Evidence,Fullbacks and wingbacks,1.1.0,2026-10-03 17:19:27 UTC,NA,NA,NA,Performance data through: 2026-10-03 (updates every day) · MLSPA compensation as of: 2026-04-16,FALSE,2026-10-03 17:19:20 UTC
gjMNjY0kMK,asa_gjMNjY0kMK_mls_full_2025,Dominik Fitz,dominik fitz,1999-06-16,Austria,CM,NA,27.041752224503764,mls,kRQand1MKZ,CM,asa_live,TRUE,NA,mlspa_via_asa,15,893000,187,893000,full_2025,2025 full season,187,0,1,TRUE,0.09774866310160424,0.03200534759358289,0.05356684491978609,0.10607486631016044,-0.15247058823529414,0.05693582887700535,0.00163636363636363,2026,893000,Minnesota United FC,0.1398991348215602,1,0.12988371142685656,0.13854262552630978,0.034139037434221926,83.79888268156425,0.05713796791622406,80.44692737430168,0.11314652406770696,96.64804469273743,-0.16263529412272942,1.1173184357541899,0.0607315508040369,43.57541899441341,0.001745454545509084,74.30167597765363,34.63687150837989,893000,82.85714285714286,77.40259740259741,516250,-48.22027134876297,FALSE,TRUE,NA,Low,41,59,Small-Sample Watchlist,Central and defensive midfielders,1.1.0,2026-10-03 17:19:27 UTC,NA,NA,NA,Performance data through: 2026-10-03 (updates every day) · MLSPA compensation as of: 2026-04-16,FALSE,2026-10-03 17:19:20 UTC
gjMNjxPBMK,asa_gjMNjxPBMK_mls_full_2025,Ian Pilcher,ian pilcher,2003-03-21,USA,CB,NA,23.279945242984255,mls,zeQZBOzQKw,CB,asa_live,TRUE,NA,mlspa_via_asa,446,88025,1529,88025,full_2025,2025 full season,1529,0,1,TRUE,0.11398037933289731,0.00417331589274035,0.04731916285153695,0.00585088293001962,0.01317331589274035,0.04307521255722694,3.884892086330935e-4,2026,88025,San Diego FC,0.14523645173583166,1,0.12278904229286003,0.13097497844981032,0.0044515369523954835,26.993865030674847,0.05047377370988339,50.306748466257666,0.006240941792215958,22.699386503067483,0.014051536952695483,87.11656441717791,0.04594689339581124,20.858895705521473,4.143884892215827e-4,79.14110429447852,23.926380368098158,88025,3.1055900621118013,3.831168831168831,518000,20.820790305986357,FALSE,TRUE,NA,Low,41,59,Small-Sample Watchlist,Center backs,1.1.0,2026-10-03 17:19:27 UTC,NA,NA,NA,Performance data through: 2026-10-03 (updates every day) · MLSPA compensation as of: 2026-04-16,FALSE,2026-10-03 17:19:20 UTC
gjMNrbKMKp,asa_gjMNrbKMKp_mls_full_2025,Christian Benteke,christian benteke,1990-12-03,Belgium,FW,NA,34.57631759069131,mls,EKXMeX3Q64,FW,asa_live,TRUE,NA,mlspa_via_asa,0,NA,2092,4937500,full_2025,2025 full season,2092,0,1,TRUE,0.3796735181644359,0.09803202676864246,-0.04533986615678776,0.31970650095602293,-0.04399330783938814,0.02895745697896749,0.02231070745697896,2026,4937500,D.C. United,0.2320804800898512,1,0.34677759585955076,0.36989610226174674,0.10456749522315303,93.75,-0.04836252390208494,43.75,0.3410202676970813,91.96428571428571,-0.046926195030147125,38.392857142857146,0.030887954111863906,48.214285714285715,0.02379808795485458,87.5,99.10714285714286,4937500,97.29729729729729,97.79220779220779,558750,1.80984555984557,FALSE,FALSE,NA,Low,41,59,Insufficient Evidence,Strikers,1.1.0,2026-10-03 17:19:27 UTC,NA,NA,NA,Performance data through: 2026-10-03 (updates every day) · MLSPA compensation as of: 2026-04-16,FALSE,2026-10-03 17:19:20 UTC
gjMNv4DpMK,asa_gjMNv4DpMK_mls_full_2025,Alexander Hack,alexander hack,1993-09-08,Germany,CB,NA,31.811088295687885,mls,a2lqRX2Mr0,CB,asa_live,TRUE,NA,mlspa_via_asa,0,NA,1666,1031400,full_2025,2025 full season,1666,0,1,TRUE,0.2139255702280912,0.01480732292917167,0.09062665066026412,0.03776650660264106,0.00427851140456182,0.08254501800720289,-0.0160984393757503,2026,1031400,New York Red Bulls,0.14523645173583166,1,0.19573780716747524,0.20878699431849818,0.015794477791610025,80.98159509202453,0.09666842737396929,95.0920245398773,0.04028427371074268,84.04907975460122,0.004563745498341892,61.34969325153374,0.08804801921043458,55.828220858895705,-0.0171716686680036,17.177914110429448,94.47852760736197,1031400,86.33540372670808,82.33766233766234,518000,8.143123880653889,FALSE,FALSE,NA,Low,41,59,Insufficient Evidence,Center backs,1.1.0,2026-10-03 17:19:27 UTC,NA,NA,NA,Performance data through: 2026-10-03 (updates every day) · MLSPA compensation as of: 2026-04-16,FALSE,2026-10-03 17:19:20 UTC
gjMNv7PpMK,asa_gjMNv7PpMK_mls_full_2025,Aníbal Godoy,anibal godoy,1990-02-10,Panama,CM,NA,36.38603696098563,mls,zeQZBOzQKw,CM,asa_live,TRUE,NA,mlspa_via_asa,1677,358333,2291,358333,full_2025,2025 full season,2291,0,1,TRUE,0.19046922741161065,0.015407245744216501,0.0795818419903972,0.030578786556089036,0.00927106067219554,0.0493094718463553,0.00632082060235704,2026,358333,San Diego FC,0.1398991348215602,1,0.17997387785988797,0.19197213638987962,0.016434395461011175,50.279329608938546,0.08488729812574307,90.50279329608938,0.032617372327514264,58.659217877094974,0.009889131383984277,72.06703910614524,0.0525967699710893,28.491620111731844,0.006742208642724869,87.15083798882682,84.91620111731844,358333,38.285714285714285,38.701298701298704,516250,46.63048683160415,TRUE,FALSE,92.3076923076923,High,14,86,Elite Value,Central and defensive midfielders,1.1.0,2026-10-03 17:19:27 UTC,9,9,37,Performance data through: 2026-10-03 (updates every day) · MLSPA compensation as of: 2026-04-16,FALSE,2026-10-03 17:19:20 UTC
gjMNvJR4MK,asa_gjMNvJR4MK_mls_full_2025,Paddy McNair,paddy mcnair,1995-04-27,Northern Ireland,CB,NA,30.17932922655715,mls,zeQZBOzQKw,CB,asa_live,TRUE,NA,mlspa_via_asa,0,NA,1965,762803,full_2025,2025 full season,1965,0,1,TRUE,0.1558854961832061,0.01096030534351145,0.0958763358778626,0.0169969465648855,-0.00560152671755725,0.03685190839694657,8.01526717557252e-4,2026,762803,San Diego FC,0.14523645173583166,1,0.15339449163411267,0.1636207910815,0.011690992366777557,65.03067484662577,0.1022680916062493,96.93251533742331,0.01813007633644443,50.920245398773005,-0.005974961832247784,29.447852760736197,0.03930870229130474,14.110429447852761,8.549618320877864e-4,82.20858895705521,60.736196319018404,762803,68.94409937888199,70.3896103896104,518000,-8.207903059863582,FALSE,FALSE,NA,Low,41,59,Insufficient Evidence,Center backs,1.1.0,2026-10-03 17:19:27 UTC,NA,NA,NA,Performance data through: 2026-10-03 (updates every day) · MLSPA compensation as of: 2026-04-16,FALSE,2026-10-03 17:19:20 UTC
gjMNvjYvMK,asa_gjMNvjYvMK_mls_full_2025,Darlington Nagbe,darlington nagbe,1990-07-19,Liberia,CM,NA,34.95140314852841,mls,mvzqoLZQap,CM,asa_live,TRUE,NA,mlspa_via_asa,0,NA,3178,1565833,full_2025,2025 full season,3178,0,1,TRUE,0.09547702957835116,0.00773127753303964,0.01371239773442416,0.00988640654499685,0.0127863436123348,0.04836721208307111,0.0029933920704845805,2026,1565833,Columbus Crew,0.1398991348215602,1,0.1025318901251816,0.1093673494702781,0.008246696035499991,26.256983240223462,0.014626557583842851,41.340782122905026,0.010545500314992854,18.99441340782123,0.013638766520249998,81.00558659217877,0.051591692890221426,26.81564245810056,0.003192951541949999,79.32960893854748,10.05586592178771,1565833,94.85714285714286,89.6103896103896,516250,-84.80127693535515,FALSE,FALSE,NA,Low,41,59,Insufficient Evidence,Central and defensive midfielders,1.1.0,2026-10-03 17:19:27 UTC,NA,NA,NA,Performance data through: 2026-10-03 (updates every day) · MLSPA compensation as of: 2026-04-16,FALSE,2026-10-03 17:19:20 UTC
gjMNvnjDMK,asa_gjMNvnjDMK_mls_full_2025,Dario Župarić,dario zuparic,1992-05-03,Croatia,CB,NA,33.16084873374401,mls,WBLMvYAQxe,CB,asa_live,TRUE,NA,mlspa_via_asa,0,NA,1963,907950,full_2025,2025 full season,1963,0,1,TRUE,0.1008476821192053,0.00409424350483953,0.03838869077941925,0.0068222109016811,0.00387417218543046,0.05219358125318391,-0.00452521650534895,2026,907950,Portland Timbers FC,0.14523645173583166,1,0.11123912252887203,0.11865506403450479,0.004367193071965306,26.380368098159508,0.04094793683266015,31.901840490797547,0.00727702496202058,25.153374233128833,0.004132450331254963,58.282208588957054,0.05567315333846928,27.607361963190183,-0.004826897605856387,42.94478527607362,14.110429447852761,907950,78.88198757763975,78.05194805194805,518000,-64.77155812978698,FALSE,FALSE,NA,Low,41,59,Insufficient Evidence,Center backs,1.1.0,2026-10-03 17:19:27 UTC,NA,NA,NA,Performance data through: 2026-10-03 (updates every day) · MLSPA compensation as of: 2026-04-16,FALSE,2026-10-03 17:19:20 UTC
gjMNvrO4MK,asa_gjMNvrO4MK_mls_full_2025,Steven Moreira,steven moreira,1994-08-13,France,FB,NA,31.88227241615332,mls,mvzqoLZQap,FB,asa_live,TRUE,NA,mlspa_via_asa,2198,922000,3002,922000,full_2025,2025 full season,3002,0,1,TRUE,0.18605896069287145,0.01810493004663557,0.07693770819453698,0.01246568954030646,0.00864323784143904,0.06769786808794137,0.00220952698201199,2026,922000,Columbus Crew,0.1336622996580173,1,0.17733103270261258,0.18915310155536444,0.019311925383681438,70.51282051282051,0.08206688874340404,95.51282051282051,0.013296735510075746,26.28205128205128,0.009219453697823083,67.3076923076923,0.07221105929606073,59.61538461538461,0.00235682878088644,71.7948717948718,86.53846153846153,922000,94.77124183006536,79.35064935064935,368750,-8.23278029160383,TRUE,FALSE,38.888888888888886,High,14,86,Fair Value,Fullbacks and wingbacks,1.1.0,2026-10-03 17:19:27 UTC,56,56,273,Performance data through: 2026-10-03 (updates every day) · MLSPA compensation as of: 2026-04-16,FALSE,2026-10-03 17:19:20 UTC
gpMO1r1yqz,asa_gpMO1r1yqz_mls_full_2025,Jesús Barea,jesus barea,2002-04-28,Spain,FW,NA,24.175222450376456,mls,a2lqR4JMr0,FW,asa_live,TRUE,NA,mlspa_via_asa,33,89761,347,89761,full_2025,2025 full season,347,0,1,TRUE,0.3403400576368876,0.09391642651296828,-0.06699423631123919,0.24554178674351587,-0.007417867435158499,0.0645043227665706,0.01078962536023054,2026,89761,Real Salt Lake,0.2320804800898512,1,0.27174898421743476,0.28986558317432204,0.10017752161696337,91.96428571428571,-0.0714605187342216,22.321428571428573,0.2619112392012683,74.10714285714286,-0.007912391931082995,67.85714285714286,0.06880461095315879,93.75,0.011508933717938897,66.07142857142857,75,89761,7.207207207207207,5.454545454545454,558750,67.7927927927928,FALSE,TRUE,NA,Low,41,59,Small-Sample Watchlist,Strikers,1.1.0,2026-10-03 17:19:27 UTC,NA,NA,NA,Performance data through: 2026-10-03 (updates every day) · MLSPA compensation as of: 2026-04-16,FALSE,2026-10-03 17:19:20 UTC
gpMOL01y5z,asa_gpMOL01y5z_mls_full_2025,Lucas Sanabria,lucas sanabria,2003-12-26,Uruguay,CM,NA,22.51334702258727,mls,kaDQ0wRqEv,CM,asa_live,TRUE,NA,mlspa_via_asa,1669,742800,1106,742800,full_2025,2025 full season,1106,0,1,TRUE,0.12451898734177214,0.01645388788426763,-0.01259674502712477,0.06098191681735985,0.00433725135623869,0.05951717902350814,-0.00417450271247739,2026,742800,LA Galaxy,0.1398991348215602,1,0.12992818340734824,0.1385900623055024,0.01755081374376727,53.63128491620112,-0.01343652802935298,14.525139664804469,0.0650473779405499,86.03351955307262,0.004626401446799177,58.100558659217874,0.06348499096039259,47.486033519553075,-0.004452802893448365,34.07821229050279,35.19553072625698,742800,70.85714285714286,68.44155844155844,516250,-35.66161213088588,TRUE,FALSE,17.307692307692307,High,14,86,Below Expected Value by Current Model,Central and defensive midfielders,1.1.0,2026-10-03 17:19:27 UTC,87,87,367,Performance data through: 2026-10-03 (updates every day) · MLSPA compensation as of: 2026-04-16,FALSE,2026-10-03 17:19:20 UTC
gpMOLj2r5z,asa_gpMOLj2r5z_mls_full_2025,Nicklaus Sullivan,nicklaus sullivan,2002-07-21,USA,FB,NA,22.94592744695414,mls,kaDQ0wRqEv,FB,asa_live,FALSE,NA,NA,0,NA,15,NA,full_2025,2025 full season,15,0,1,TRUE,0.4974,0.165,0.0084,0.1464,0.1776,0,0,2026,NA,LA Galaxy,0.1336622996580173,1,0.1425339508858705,0.152036214283013,0.1760000000055,99.35897435897436,0.00896000000028,34.61538461538461,0.15616000000488,98.07692307692308,0.18944000000592,100,0,7.6923076923076925,0,53.84615384615385,61.53846153846154,NA,NA,NA,368750,NA,FALSE,FALSE,NA,Insufficient,41,59,Insufficient Evidence,Fullbacks and wingbacks,1.1.0,2026-10-03 17:19:27 UTC,NA,NA,NA,Performance data through: 2026-10-03 (updates every day) · MLSPA compensation as of: 2026-04-16,FALSE,2026-10-03 17:19:20 UTC
gpMOa2rRqz,asa_gpMOa2rRqz_mls_full_2025,Besard Šabović,besard sabovic,1998-01-05,Sweden,CM,NA,28.484599589322382,mls,gpMOLwl5zy,CM,asa_live,TRUE,NA,mlspa_via_asa,1403,650000,2010,650000,full_2025,2025 full season,2010,0,1,TRUE,0.1290537313432836,0.01904776119402985,0.00655970149253731,0.02590746268656716,-9.850746268656716e-4,0.07811641791044775,4.074626865671642e-4,2026,650000,Austin FC,0.1398991348215602,1,0.13154692754518627,0.14031672271925025,0.020317611940933435,63.687150837988824,0.006997014925591787,31.28491620111732,0.027634626866535218,50.83798882681564,-0.0010507462686895521,39.10614525139665,0.08332417910708148,73.74301675977654,4.3462686568522394e-4,67.0391061452514,37.98882681564246,650000,60,62.01298701298701,516250,-22.01117318435754,TRUE,FALSE,25.96153846153846,High,20.75,79.25,Below Expected Value by Current Model,Central and defensive midfielders,1.1.0,2026-10-03 17:19:27 UTC,78,78,329,Performance data through: 2026-10-03 (updates every day) · MLSPA compensation as of: 2026-04-16,FALSE,2026-10-03 17:19:20 UTC
gpMOa67Eqz,asa_gpMOa67Eqz_mls_full_2025,Ronaldo Vieira,ronaldo vieira,1998-07-19,England,CM,NA,27.95071868583162,mls,0KPqjA456v,CM,asa_live,TRUE,NA,mlspa_via_asa,1831,853854,592,853854,full_2025,2025 full season,592,0,1,TRUE,0.1777347972972973,0.02931081081081081,0.03967905405405406,0.03945101351351351,0.0039375,0.06923310810810812,-0.00387668918918918,2026,853854,San Jose Earthquakes,0.1398991348215602,1,0.1586900007491075,0.169269334137671,0.031264864865841895,81.56424581005587,0.042324324325646964,71.50837988826815,0.04208108108239611,69.83240223463687,0.00420000000013125,56.42458100558659,0.07384864865095643,64.80446927374301,-0.004135135135264348,37.98882681564246,74.86033519553072,853854,79.42857142857143,75.97402597402598,516250,-4.568236233040707,TRUE,FALSE,44.23076923076923,High,14,86,Fair Value,Central and defensive midfielders,1.1.0,2026-10-03 17:19:27 UTC,59,59,249,Performance data through: 2026-10-03 (updates every day) · MLSPA compensation as of: 2026-04-16,FALSE,2026-10-03 17:19:20 UTC
gpMOa6zrqz,asa_gpMOa6zrqz_mls_full_2025,Derrick Etienne Jr.,derrick etienne jr,1996-11-25,Haiti,W,NA,29.596167008898018,mls,kRQabn8MKZ,W,asa_live,TRUE,NA,mlspa_via_asa,1330,375000,1124,375000,full_2025,2025 full season,1124,0,1,TRUE,0.09172953736654804,0.02598309608540925,-0.02616725978647686,0.06311209964412812,0.01242704626334519,0.01687099644128114,-4.9644128113879e-4,2026,375000,Toronto FC,0.20362313755561975,1,0.13067162559940362,0.13938306731038624,0.027715302491969303,24.858757062146893,-0.027911743773114228,28.24858757062147,0.06731957295584039,36.15819209039548,0.013255516014649103,56.49717514124294,0.017995729537928915,16.384180790960453,-5.295373665645907e-4,29.943502824858758,3.389830508474576,375000,35.588235294117645,40,562000,-32.19840478564307,TRUE,FALSE,19.148936170212767,High,20.75,79.25,Below Expected Value by Current Model,Wingers and attacking midfielders,1.1.0,2026-10-03 17:19:27 UTC,77,77,359,Performance data through: 2026-10-03 (updates every day) · MLSPA compensation as of: 2026-04-16,FALSE,2026-10-03 17:19:20 UTC
gpMOaaB2qz,asa_gpMOaaB2qz_mls_full_2025,Manu García,manu garcia,1998-01-02,Spain,CM,NA,28.49281314168378,mls,Z2vQ1xlqrA,CM,asa_live,TRUE,NA,mlspa_via_asa,1395,2425313,2364,2425313,full_2025,2025 full season,2364,0,1,TRUE,0.21011040609137055,0.01747081218274111,0.10139467005076144,0.03506345177664975,0.00445050761421319,0.03659771573604061,0.015133248730964461,2026,2425313,Sporting Kansas City,0.1398991348215602,1,0.19589759814201624,0.20895743802468056,0.01863553299550621,58.659217877094974,0.10815431472419203,96.08938547486034,0.03740101522959518,67.0391061452514,0.004747208121975753,58.659217877094974,0.039037563452996575,16.75977653631285,0.016142131980199866,93.85474860335195,92.73743016759776,2425313,98.28571428571429,93.76623376623377,516250,-5.548284118116527,TRUE,FALSE,43.26923076923077,High,20.75,79.25,Fair Value,Central and defensive midfielders,1.1.0,2026-10-03 17:19:27 UTC,60,60,253,Performance data through: 2026-10-03 (updates every day) · MLSPA compensation as of: 2026-04-16,FALSE,2026-10-03 17:19:20 UTC
gpMOalORqz,asa_gpMOalORqz_mls_full_2025,Nick Scardina,nick scardina,2001-06-22,USA,FB,NA,24.024640657084188,mls,NPqxKXZ59d,FB,asa_live,TRUE,NA,mlspa_via_asa,0,NA,900,104000,full_2025,2025 full season,900,0,1,TRUE,0.17240000000000005,0.00123999999999999,0.00529,0.0156,-0.00151,0.14890000000000003,0.00288,2026,104000,Charlotte FC,0.1336622996580173,1,0.15690491986320695,0.16736524785931758,0.0013226666667079893,14.102564102564102,0.005642666666843,31.41025641025641,0.01664000000052,35.8974358974359,-0.0016106666667170001,35.256410256410255,0.15882666667163003,96.15384615384616,0.003072000000096,75.64102564102564,77.56410256410257,104000,10.457516339869281,10.519480519480519,368750,67.10658622423328,FALSE,FALSE,NA,Low,41,59,Insufficient Evidence,Fullbacks and wingbacks,1.1.0,2026-10-03 17:19:27 UTC,NA,NA,NA,Performance data through: 2026-10-03 (updates every day) · MLSPA compensation as of: 2026-04-16,FALSE,2026-10-03 17:19:20 UTC
gpMOalwDqz,asa_gpMOalwDqz_mls_full_2025,Ian Harkes,ian harkes,1995-03-30,USA,CM,NA,31.255304585900067,mls,0KPqjA456v,CM,asa_live,TRUE,NA,mlspa_via_asa,1185,450000,2386,450000,full_2025,2025 full season,2386,0,1,TRUE,0.14077493713327746,0.02889354568315172,0.03408005029337804,0.0237032690695725,0.00638977367979882,0.05525230511316011,-0.00754400670578373,2026,450000,San Jose Earthquakes,0.1398991348215602,1,0.14059895542295248,0.1499722191225026,0.03081978206299162,79.88826815642459,0.03635205364740591,68.15642458100558,0.025283487008334108,47.486033519553075,0.006815758591998401,64.80446927374301,0.058935792122545856,39.10614525139665,-0.00804694048642078,20.670391061452513,52.513966480446925,450000,46.285714285714285,46.883116883116884,516250,6.22825219473264,TRUE,FALSE,58.65384615384615,High,20.75,79.25,Fair Value,Central and defensive midfielders,1.1.0,2026-10-03 17:19:27 UTC,44,44,185,Performance data through: 2026-10-03 (updates every day) · MLSPA compensation as of: 2026-04-16,FALSE,2026-10-03 17:19:20 UTC
gpMOe7GOqz,asa_gpMOe7GOqz_mls_full_2025,Emiro Garcés,emiro garces,2001-10-11,Colombia,CB,NA,24.720054757015745,mls,kaDQ0wRqEv,CB,asa_live,TRUE,NA,mlspa_via_asa,931,518000,1928,518000,full_2025,2025 full season,1928,0,1,TRUE,0.10047510373443984,0.0054009336099585,0.03603734439834025,0.00656327800829875,-0.01542323651452282,0.08889367219917012,-0.02099688796680498,2026,518000,LA Galaxy,0.14523645173583166,1,0.11109884139299803,0.11850543082290119,0.005760995850802431,34.969325153374236,0.03843983402609751,28.220858895705522,0.007000829875737443,24.539877300613497,-0.016451452282671784,11.656441717791411,0.09481991701541125,63.80368098159509,-0.022396680498625206,12.883435582822086,13.496932515337424,518000,50.31055900621118,52.077922077922075,518000,-36.81362649087376,TRUE,FALSE,16.842105263157894,High,20.75,79.25,Below Expected Value by Current Model,Center backs,1.1.0,2026-10-03 17:19:27 UTC,80,80,370,Performance data through: 2026-10-03 (updates every day) · MLSPA compensation as of: 2026-04-16,FALSE,2026-10-03 17:19:20 UTC
gpMOeAdDqz,asa_gpMOeAdDqz_mls_full_2025,Santiago Morales,santiago morales,2007-02-09,USA,W,NA,19.38945927446954,mls,zeQZkL1MKw,W,asa_live,TRUE,NA,mlspa_via_asa,92,138333,50,138333,full_2025,2025 full season,50,0,1,TRUE,-0.03203999999999999,0,-0.08388,0.03258,-0.04679999999999999,0.06552000000000001,5.399999999999999e-4,2026,138333,Inter Miami CF,0.20362313755561975,1,0.1854952038974952,0.19786155083017803,0,6.214689265536723,-0.089472000002796,5.084745762711864,0.034752000001086,11.299435028248588,-0.04992000000155999,9.03954802259887,0.06988800000218401,88.70056497175142,5.760000000179999e-4,44.632768361581924,35.02824858757062,138333,20,22.467532467532468,562000,15.028248587570623,FALSE,TRUE,NA,Low,41,59,Small-Sample Watchlist,Wingers and attacking midfielders,1.1.0,2026-10-03 17:19:27 UTC,NA,NA,NA,Performance data through: 2026-10-03 (updates every day) · MLSPA compensation as of: 2026-04-16,FALSE,2026-10-03 17:19:20 UTC
gpMOeEDEqz,asa_gpMOeEDEqz_mls_full_2025,Rubén Ramos Jr.,ruben ramos jr,2007-01-22,USA,W,NA,19.43874058863792,mls,Z2vQ1xlqrA,W,asa_live,TRUE,NA,mlspa_via_asa,259,113400,159,113400,full_2025,2025 full season,159,0,1,TRUE,0.12775471698113203,0.09147169811320754,-0.03215094339622641,0.06498113207547171,-0.01596226415094339,0.03028301886792452,-0.01086792452830188,2026,113400,Sporting Kansas City,0.20362313755561975,1,0.18772975300839506,0.20024506988187907,0.09756981132380377,94.91525423728814,-0.0342943396237132,24.293785310734464,0.06931320754933586,38.983050847457626,-0.01702641509487169,20.338983050847457,0.032301886793462256,31.073446327683616,-0.011592452830550937,5.084745762711864,36.72316384180791,113400,14.705882352941176,13.896103896103897,562000,22.017281488866736,FALSE,TRUE,NA,Low,41,59,Small-Sample Watchlist,Wingers and attacking midfielders,1.1.0,2026-10-03 17:19:27 UTC,NA,NA,NA,Performance data through: 2026-10-03 (updates every day) · MLSPA compensation as of: 2026-04-16,FALSE,2026-10-03 17:19:20 UTC
gpMOeEnOqz,asa_gpMOeEnOqz_mls_full_2025,Zavier Gozo,zavier gozo,2007-03-22,USA,FB,NA,19.277207392197127,mls,a2lqR4JMr0,FB,asa_live,TRUE,NA,mlspa_via_asa,1610,126123,2094,126123,full_2025,2025 full season,2094,0,1,TRUE,0.16010458452722065,0.05310171919770774,-0.02026504297994269,0.1170730659025788,-2.0630372492836673e-4,0.01400286532951289,-0.00360171919770773,2026,126123,Real Salt Lake,0.1336622996580173,1,0.15421543422227557,0.1644964631755678,0.05664183381265831,94.87179487179488,-0.021616045845947705,11.538461538461538,0.12487793696665314,97.43589743589743,-2.2005730659713463e-4,41.02564102564103,0.014936389685280512,12.179487179487179,-0.003841833811008303,31.41025641025641,76.92307692307692,126123,25.49019607843137,20.38961038961039,368750,51.43288084464555,TRUE,FALSE,92.22222222222223,High,14,86,Elite Value,Fullbacks and wingbacks,1.1.0,2026-10-03 17:19:27 UTC,8,8,38,Performance data through: 2026-10-03 (updates every day) · MLSPA compensation as of: 2026-04-16,FALSE,2026-10-03 17:19:20 UTC
gpMOeGdrqz,asa_gpMOeGdrqz_mls_full_2025,Antony,antony,2001-09-08,Brazil,W,NA,24.810403832991103,mls,WBLMvYAQxe,W,asa_live,TRUE,NA,mlspa_via_asa,1723,666042,2831,666042,full_2025,2025 full season,2831,0,1,TRUE,0.15059978806075594,0.05643836100317908,-0.02864358883786648,0.10967855881314026,-0.01034793359237018,0.0317400211939244,-0.00826563051925114,2026,666042,Portland Timbers FC,0.20362313755561975,1,0.15987230618868317,0.17053045993992447,0.0602009184052723,72.31638418079096,-0.030553161428012364,25.423728813559322,0.11699046273767223,71.75141242937853,-0.011037795832206458,27.683615819209038,0.033856022607910694,35.59322033898305,-0.008816672554143404,7.909604519774011,14.689265536723164,666042,59.411764705882355,63.37662337662338,562000,-44.72249916915919,TRUE,FALSE,12.76595744680851,High,14,86,Below Expected Value by Current Model,Wingers and attacking midfielders,1.1.0,2026-10-03 17:19:27 UTC,83,83,387,Performance data through: 2026-10-03 (updates every day) · MLSPA compensation as of: 2026-04-16,FALSE,2026-10-03 17:19:20 UTC
gpMOeWWRqz,asa_gpMOeWWRqz_mls_full_2025,Jules-Anthony Vilsaint,julesanthony vilsaint,2003-01-06,Canada,W,NA,23.482546201232033,mls,kRQabn8MKZ,W,asa_live,TRUE,NA,mlspa_via_asa,134,156875,493,156875,full_2025,2025 full season,493,0,1,TRUE,0.05801622718052737,0.0935050709939148,-0.06013387423935091,0.1413894523326572,-0.08050709939148072,-0.04134888438133875,0.005111561866125759,2026,156875,Toronto FC,0.20362313755561975,1,0.13794682756941615,0.14714328274530877,0.09973874239662595,96.61016949152543,-0.06414279919064543,9.03954802259887,0.150815415826214,81.35593220338983,-0.08587423935359634,5.649717514124294,-0.04410547667480629,3.389830508474576,0.0054523326573711955,59.32203389830509,4.519774011299435,156875,21.176470588235293,24.025974025974026,562000,-16.656696576935857,FALSE,TRUE,NA,Low,41,59,Small-Sample Watchlist,Wingers and attacking midfielders,1.1.0,2026-10-03 17:19:27 UTC,NA,NA,NA,Performance data through: 2026-10-03 (updates every day) · MLSPA compensation as of: 2026-04-16,FALSE,2026-10-03 17:19:20 UTC
gpMOo1JyMz,asa_gpMOo1JyMz_mls_full_2025,Theo Corbeanu,theo corbeanu,2002-05-17,Canada,W,NA,24.123203285420946,mls,kRQabn8MKZ,W,asa_live,TRUE,NA,mlspa_via_asa,909,496625,2554,496625,full_2025,2025 full season,2554,0,1,TRUE,0.24100195771339075,0.05446162881754111,-0.04065857478465153,0.06175254502740799,0.11440642129992168,0.03981636648394674,0.01122357086922474,2026,496625,Toronto FC,0.20362313755561975,1,0.23389121196365625,0.24948395943569637,0.05809240407385924,69.49152542372882,-0.043369146438316915,17.51412429378531,0.06586938136462694,33.898305084745765,0.12203351605706333,95.48022598870057,0.04247079091753707,49.152542372881356,0.011971808927547175,72.88135593220339,74.57627118644068,496625,43.529411764705884,50.25974025974026,562000,31.046859421734794,TRUE,FALSE,88.29787234042553,High,20.75,79.25,Strong Value,Wingers and attacking midfielders,1.1.0,2026-10-03 17:19:27 UTC,12,12,55,Performance data through: 2026-10-03 (updates every day) · MLSPA compensation as of: 2026-04-16,FALSE,2026-10-03 17:19:20 UTC
gpMOoOERMz,asa_gpMOoOERMz_mls_full_2025,Julian Gaines,julian gaines,2002-11-05,USA,W,NA,22.652977412731005,mls,vzqoOgNqap,W,asa_live,TRUE,NA,mlspa_via_asa,0,NA,46,80622,full_2025,2025 full season,46,0,1,TRUE,0.1543695652173913,0.05145652173913042,0.08002173913043478,0.01134782608695652,-0.03189130434782608,0.04323913043478261,1.956521739130435e-4,2026,80622,Nashville SC,0.20362313755561975,1,0.20011591723432173,0.21345697838994704,0.054886956523454336,64.40677966101696,0.08535652174179782,92.090395480226,0.012104347826465215,4.519774011299435,-0.034017391305410864,14.124293785310735,0.04612173913187609,58.19209039548023,2.086956521804348e-4,39.548022598870055,50.847457627118644,80622,1.7647058823529411,1.103896103896104,562000,49.0827517447657,FALSE,FALSE,NA,Low,41,59,Insufficient Evidence,Wingers and attacking midfielders,1.1.0,2026-10-03 17:19:27 UTC,NA,NA,NA,Performance data through: 2026-10-03 (updates every day) · MLSPA compensation as of: 2026-04-16,FALSE,2026-10-03 17:19:20 UTC
gpMOoOjEMz,asa_gpMOoOjEMz_mls_full_2025,Justin Haak,justin haak,2001-09-12,USA,CB,NA,24.799452429842574,mls,kaDQ0wRqEv,CB,asa_live,TRUE,NA,mlspa_via_asa,2546,810561,3862,810561,full_2025,2025 full season,3862,0,1,TRUE,0.1845722423614707,0.01103909891248058,0.06157379596064216,0.01574184360435008,0.00431822889694458,0.09868772656654584,-0.00678845157949249,2026,810561,LA Galaxy,0.14523645173583166,1,0.17928280390889711,0.19123499084213302,0.011775038840347255,65.6441717791411,0.0656787156934041,73.61963190184049,0.016791299845164812,45.39877300613497,0.004606110823551493,61.96319018404908,0.10526690834093849,75.4601226993865,-0.007241015018351604,36.809815950920246,84.04907975460122,810561,72.04968944099379,73.50649350649351,518000,11.999390313607435,TRUE,FALSE,61.05263157894737,High,14,86,Undervalued,Center backs,1.1.0,2026-10-03 17:19:27 UTC,38,38,175,Performance data through: 2026-10-03 (updates every day) · MLSPA compensation as of: 2026-04-16,FALSE,2026-10-03 17:19:20 UTC
gpMOoOpOMz,asa_gpMOoOpOMz_mls_full_2025,Bryce Duke,bryce duke,2001-02-28,USA,FB,NA,25.336071184120467,mls,zeQZBOzQKw,FB,asa_live,TRUE,NA,mlspa_via_asa,117,336500,775,336500,full_2025,2025 full season,775,0,1,TRUE,0.11283096774193548,0.02317935483870967,-0.0156658064516129,0.03795096774193548,-0.00133548387096774,0.06707612903225807,0.0016258064516129,2026,336500,San Diego FC,0.1336622996580173,1,0.1219210034871348,0.13004907039034116,0.02472464516206296,76.28205128205128,-0.016710193548909288,14.102564102564102,0.040481032259329544,69.23076923076923,-0.001424516129076772,35.8974358974359,0.0715478709699778,57.69230769230769,0.0017341935484412867,66.66666666666667,40.38461538461539,336500,47.05882352941177,37.01298701298701,368750,-6.674208144796381,FALSE,TRUE,NA,Low,41,59,Small-Sample Watchlist,Fullbacks and wingbacks,1.1.0,2026-10-03 17:19:27 UTC,NA,NA,NA,Performance data through: 2026-10-03 (updates every day) · MLSPA compensation as of: 2026-04-16,FALSE,2026-10-03 17:19:20 UTC
gpMOogB1Mz,asa_gpMOogB1Mz_mls_full_2025,Telasco Segovia,telasco segovia,2003-04-02,Venezuela,CM,NA,23.247091033538673,mls,zeQZkL1MKw,CM,asa_live,TRUE,NA,mlspa_via_asa,2039,360000,2017,360000,full_2025,2025 full season,2017,0,1,TRUE,0.13062270699058007,0.03408577094695092,-0.0365532969757065,0.077796232027764,0.01823202776400595,0.03629003470500744,7.719385225582548e-4,2026,360000,Inter Miami CF,0.1398991348215602,1,0.1327495150527077,0.1415994827273132,0.03635815567788384,84.91620111731844,-0.03899018344197205,7.262569832402234,0.08298264749887481,91.62011173184358,0.01944749628221408,86.03351955307262,0.0387093703532176,15.64245810055866,8.234010907545365e-4,69.27374301675978,39.66480446927374,360000,39.42857142857143,38.96103896103896,516250,0.23623304070230944,TRUE,FALSE,50.96153846153846,High,14,86,Fair Value,Central and defensive midfielders,1.1.0,2026-10-03 17:19:27 UTC,52,52,220,Performance data through: 2026-10-03 (updates every day) · MLSPA compensation as of: 2026-04-16,FALSE,2026-10-03 17:19:20 UTC
gpMOopORMz,asa_gpMOopORMz_mls_full_2025,Hernán López,hernan lopez,2000-09-07,Argentina,CM,NA,24.81314168377823,mls,0KPqjA456v,CM,asa_live,TRUE,NA,mlspa_via_asa,0,NA,280,1020000,full_2025,2025 full season,280,0,1,TRUE,0.27392142857142854,0.06737142857142857,0.00430714285714285,0.03609642857142857,0.12416785714285712,0.03998571428571428,0.00199285714285714,2026,1020000,San Jose Earthquakes,0.1398991348215602,1,0.18254259192379102,0.1947120980581285,0.07186285714510285,95.53072625698324,0.004594285714429278,29.608938547486034,0.038502857144060355,68.15642458100558,0.1324457142898532,100,0.04265142857276142,17.877094972067038,0.002125714285780711,75.41899441340782,86.59217877094972,1020000,86.85714285714286,82.14285714285714,516250,-0.26496408619314593,FALSE,FALSE,NA,Low,41,59,Insufficient Evidence,Central and defensive midfielders,1.1.0,2026-10-03 17:19:27 UTC,NA,NA,NA,Performance data through: 2026-10-03 (updates every day) · MLSPA compensation as of: 2026-04-16,FALSE,2026-10-03 17:19:20 UTC
gpMOov07Mz,asa_gpMOov07Mz_mls_full_2025,Nectarios Triantis,nectarios triantis,2003-05-11,Australia,CM,NA,23.14031485284052,mls,kRQand1MKZ,CM,asa_live,TRUE,NA,mlspa_via_asa,1460,732665,797,732665,full_2025,2025 full season,797,0,1,TRUE,0.20432371392722712,0.03306398996235885,0.01592220828105395,0.02316060225846926,0.03742283563362609,0.10089711417816812,-0.00614303638644918,2026,732665,Minnesota United FC,0.1398991348215602,1,0.17665388753968225,0.18843081338154952,0.03526825596095157,84.35754189944134,0.016983688833654954,45.81005586592179,0.024704642409805896,45.81005586592179,0.039917691343781925,93.29608938547486,0.10762358846007589,88.8268156424581,-0.00655257214575056,28.491620111731844,82.12290502793296,732665,69.71428571428571,67.66233766233766,516250,12.40861931364725,TRUE,FALSE,66.34615384615384,High,20.75,79.25,Undervalued,Central and defensive midfielders,1.1.0,2026-10-03 17:19:27 UTC,36,36,151,Performance data through: 2026-10-03 (updates every day) · MLSPA compensation as of: 2026-04-16,FALSE,2026-10-03 17:19:20 UTC
gpMOz1KyQz,asa_gpMOz1KyQz_mls_full_2025,Diego Rubio,diego rubio,1993-05-15,Chile,FW,NA,32.12867898699521,mls,gpMOLwl5zy,FW,asa_live,TRUE,NA,mlspa_via_asa,0,NA,1098,208000,full_2025,2025 full season,1098,0,1,TRUE,0.23440983606557378,0.0445,0.06119672131147541,0.05601639344262295,0.00472131147540983,0.06449180327868853,0.00348360655737704,2026,208000,Austin FC,0.2320804800898512,1,0.23358674208121952,0.24915919156108704,0.04746666666815,30.357142857142858,0.06527650273428033,97.32142857142857,0.05975081967399836,6.25,0.005036065573927863,81.25,0.06879125683275082,92.85714285714286,0.00371584699465163,49.107142857142854,53.57142857142857,208000,28.82882882882883,28.116883116883116,558750,24.74259974259974,FALSE,FALSE,NA,Low,41,59,Insufficient Evidence,Strikers,1.1.0,2026-10-03 17:19:27 UTC,NA,NA,NA,Performance data through: 2026-10-03 (updates every day) · MLSPA compensation as of: 2026-04-16,FALSE,2026-10-03 17:19:20 UTC
jYQJ14KyqG,asa_jYQJ14KyqG_mls_full_2025,Philip Zinckernagel,philip zinckernagel,1994-12-16,Denmark,W,NA,31.540041067761805,mls,X0Oq66zq6D,W,asa_live,TRUE,NA,mlspa_via_asa,2239,1635665,2967,1635665,full_2025,2025 full season,2967,0,1,TRUE,0.2150596562184024,0.06716481294236602,4.459049544994944e-4,0.08531041456016178,0.01569160768452982,0.043771486349848336,0.00267542972699696,2026,1635665,Chicago Fire FC,0.20362313755561975,1,0.21313593566957437,0.22734499805465053,0.07164246714076258,82.485875706214685,4.7563195148099085e-4,53.67231638418079,0.0909977755336829,55.932203389830505,0.01673771486402153,60.451977401129945,0.046689585441297275,59.887005649717516,0.0028537917088859383,53.10734463276836,63.84180790960452,1635665,79.41176470588235,90.3896103896104,562000,-15.569956796277829,TRUE,FALSE,32.97872340425532,High,14,86,Below Expected Value by Current Model,Wingers and attacking midfielders,1.1.0,2026-10-03 17:19:27 UTC,64,64,298,Performance data through: 2026-10-03 (updates every day) · MLSPA compensation as of: 2026-04-16,FALSE,2026-10-03 17:19:20 UTC
jYQJ1PaVqG,asa_jYQJ1PaVqG_mls_full_2025,Antônio Carlos,antonio carlos,1993-03-07,Brazil,CB,NA,33.31690622861054,mls,YgOMngl5wN,CB,asa_live,TRUE,NA,mlspa_via_asa,1580,832676,701,832676,full_2025,2025 full season,701,0,1,TRUE,0.1842753209700428,0.01815406562054208,0.05592582025677603,0.04602710413694722,0.01060485021398003,0.07649358059914407,-0.02293009985734665,2026,832676,Houston Dynamo FC,0.14523645173583166,1,0.16627123062375018,0.17735597933754257,0.019364336662516687,87.73006134969326,0.059654208275758625,65.6441717791411,0.049095577747611266,90.79754601226993,0.01131184022859886,81.59509202453988,0.0815931526416368,49.693251533742334,-0.024458773181934096,10.429447852760736,71.16564417177914,832676,74.53416149068323,74.67532467532467,518000,-3.3685173189040967,TRUE,FALSE,46.31578947368421,High,14,86,Fair Value,Center backs,1.1.0,2026-10-03 17:19:27 UTC,52,52,240,Performance data through: 2026-10-03 (updates every day) · MLSPA compensation as of: 2026-04-16,FALSE,2026-10-03 17:19:20 UTC
jYQJB7wVQG,asa_jYQJB7wVQG_mls_full_2025,Cole Bassett,cole bassett,2001-07-28,USA,CM,NA,24.92539356605065,mls,WBLMvYAQxe,CM,asa_live,TRUE,NA,mlspa_via_asa,2024,850000,2415,850000,full_2025,2025 full season,2415,0,1,TRUE,0.19536149068322983,0.03960745341614907,0.02333664596273291,0.07039378881987578,0.01619627329192546,0.04955776397515528,-0.00373043478260869,2026,850000,Portland Timbers FC,0.1398991348215602,1,0.18432420593463886,0.19661248633642558,0.04224795031187925,89.3854748603352,0.024892422361026324,54.74860335195531,0.075086708076880615,88.8268156424581,0.017276024845260366,83.79888268156425,0.05286161490848423,30.16759776536313,-0.003979130434906951,38.547486033519554,88.8268156424581,850000,78.85714285714286,75.58441558441558,516250,9.96967278531524,TRUE,FALSE,62.5,High,14,86,Undervalued,Central and defensive midfielders,1.1.0,2026-10-03 17:19:27 UTC,40,40,168,Performance data through: 2026-10-03 (updates every day) · MLSPA compensation as of: 2026-04-16,FALSE,2026-10-03 17:19:20 UTC
jYQJBvJGQG,asa_jYQJBvJGQG_mls_full_2025,Jon Bell,jon bell,1997-08-26,USA,CB,NA,28.84599589322382,mls,gpMOLwl5zy,CB,asa_live,TRUE,NA,mlspa_via_asa,1353,225000,1508,225000,full_2025,2025 full season,1508,0,1,TRUE,0.11352055702917774,0.00632029177718832,0.0701916445623342,0.00392108753315649,0.0086419098143236,0.039473474801061,-0.015027851458885938,2026,225000,Austin FC,0.14523645173583166,1,0.12254785153771301,0.13071770831097881,0.006741644562544885,42.331288343558285,0.0748710875354962,81.59509202453988,0.004182493368830959,19.01840490797546,0.00921803713556657,79.75460122699387,0.04210503978911418,17.177914110429448,-0.016029708223312594,20.245398773006134,22.699386503067483,225000,29.81366459627329,29.350649350649352,518000,-7.114278093205808,TRUE,FALSE,43.1578947368421,High,20.75,79.25,Fair Value,Center backs,1.1.0,2026-10-03 17:19:27 UTC,55,55,254,Performance data through: 2026-10-03 (updates every day) · MLSPA compensation as of: 2026-04-16,FALSE,2026-10-03 17:19:20 UTC
jYQJYXpPqG,asa_jYQJYXpPqG_mls_full_2025,Tyrese Spicer,tyrese spicer,2000-12-04,Trinidad & Tobago,W,NA,25.571526351813823,mls,jYQJ8EW5GR,W,asa_live,TRUE,NA,mlspa_via_asa,1010,311875,1385,311875,full_2025,2025 full season,1385,0,1,TRUE,0.15726281588447655,0.03713718411552347,-0.00243032490974729,0.05259638989169675,0.025563898916967507,0.06014729241877256,-0.01575162454873646,2026,311875,Orlando City SC,0.20362313755561975,1,0.17127601135182463,0.18269441211432214,0.039612996391129605,42.3728813559322,-0.00259234657047812,49.717514124293785,0.05610281588622975,25.423728813559322,0.02726815884561747,70.05649717514125,0.06415711191536232,84.18079096045197,-0.016801732852510614,3.9548022598870056,20.903954802259886,311875,30,34.285714285714285,562000,-9.096045197740114,TRUE,FALSE,40.42553191489362,High,20.75,79.25,Fair Value,Wingers and attacking midfielders,1.1.0,2026-10-03 17:19:27 UTC,57,57,265,Performance data through: 2026-10-03 (updates every day) · MLSPA compensation as of: 2026-04-16,FALSE,2026-10-03 17:19:20 UTC
jYQJYzKDqG,asa_jYQJYzKDqG_mls_full_2025,Chris Applewhite,chris applewhite,2007-08-23,USA,CB,NA,17.856262833675565,mls,vzqoOgNqap,CB,asa_live,TRUE,NA,mlspa_via_asa,0,NA,221,90067,full_2025,2025 full season,221,0,1,TRUE,0.05367420814479638,0,0.0826289592760181,8.552036199095022e-4,-0.00728959276018099,-0.02679638009049773,0.00427601809954751,2026,90067,Nashville SC,0.14523645173583166,1,0.12058936789463945,0.12862865909163507,0,7.975460122699387,0.08813755656384027,90.79754601226993,9.122171945986424e-4,11.042944785276074,-0.007775565611102709,23.926380368098158,-0.028582805430757457,1.2269938650306749,0.0045610859729932115,96.31901840490798,20.858895705521473,90067,6.211180124223603,5.714285714285714,518000,14.64771558129787,FALSE,FALSE,NA,Low,41,59,Insufficient Evidence,Center backs,1.1.0,2026-10-03 17:19:27 UTC,NA,NA,NA,Performance data through: 2026-10-03 (updates every day) · MLSPA compensation as of: 2026-04-16,FALSE,2026-10-03 17:19:20 UTC
jYQJa30DqG,asa_jYQJa30DqG_mls_full_2025,Joseph Rosales,joseph rosales,2000-11-06,Honduras,FB,NA,25.648186173853524,mls,gpMOLwl5zy,FB,asa_live,TRUE,NA,mlspa_via_asa,2159,529875,1811,529875,full_2025,2025 full season,1811,0,1,TRUE,0.15171286581998897,0.02647321921590281,0.01703092214246272,0.03201932633903921,0.01014301490889011,0.0604704583103258,0.0055759249033683,2026,529875,Austin FC,0.1336622996580173,1,0.14722081285558292,0.15703553371752912,0.028238100497845437,81.41025641025641,0.01816631695252793,48.717948717948715,0.03415394809604246,64.1025641025641,0.010819215903154216,70.51282051282051,0.06450182219969654,50,0.005947653230445384,86.53846153846153,69.23076923076923,529875,67.97385620915033,52.857142857142854,368750,1.2569130216188995,TRUE,FALSE,54.44444444444444,High,14,86,Fair Value,Fullbacks and wingbacks,1.1.0,2026-10-03 17:19:27 UTC,42,42,204,Performance data through: 2026-10-03 (updates every day) · MLSPA compensation as of: 2026-04-16,FALSE,2026-10-03 17:19:20 UTC
jYQJaDnDqG,asa_jYQJaDnDqG_mls_full_2025,Leo Afonso,leo afonso,2001-07-13,Brazil,W,NA,23.967145790554415,mls,zeQZkL1MKw,W,asa_live,TRUE,NA,mlspa_via_asa,0,NA,191,80622,full_2025,2025 full season,191,0,1,TRUE,-0.07718324607329843,0.04900523560209424,-0.04005235602094241,0.11304188481675394,-0.03609424083769633,-0.16030366492146597,-0.00278010471204188,2026,80622,Inter Miami CF,0.20362313755561975,1,0.13581780345559022,0.14487232369049016,0.05227225131053403,59.32203389830509,-0.042722513090340315,18.07909604519774,0.12057801047497226,73.44632768361582,-0.03850052356141256,11.299435028248588,-0.17099057592157382,0.5649717514124294,-0.0029654450262706755,18.64406779661017,3.9548022598870056,80622,1.7647058823529411,1.103896103896104,562000,2.1900963775340645,FALSE,FALSE,NA,Low,41,59,Insufficient Evidence,Wingers and attacking midfielders,1.1.0,2026-10-03 17:19:27 UTC,NA,NA,NA,Performance data through: 2026-10-03 (updates every day) · MLSPA compensation as of: 2026-04-16,FALSE,2026-10-03 17:19:20 UTC
jYQJaaBdqG,asa_jYQJaaBdqG_mls_full_2025,Jack McGlynn,jack mcglynn,2003-07-07,USA,CM,NA,22.98425735797399,mls,YgOMngl5wN,CM,asa_live,TRUE,NA,mlspa_via_asa,1544,910320,2582,910320,full_2025,2025 full season,2582,0,1,TRUE,0.25281564678543766,0.03703524399690162,0.1268679318357862,0.025298993028659948,0.02310302091402013,0.03131177381874515,0.00919868319132455,2026,910320,Houston Dynamo FC,0.1398991348215602,1,0.23152403547860972,0.24695897118490118,0.03950426026459623,86.59217877094972,0.13532579396240088,98.88268156424581,0.026985592564747245,50.279329608938546,0.024643222309058237,90.50279329608938,0.033399225407705214,12.29050279329609,0.009811928737719477,90.50279329608938,98.88268156424581,910320,83.42857142857143,78.31168831168831,516250,15.454110135674384,TRUE,FALSE,69.23076923076923,High,14,86,Undervalued,Central and defensive midfielders,1.1.0,2026-10-03 17:19:27 UTC,33,33,138,Performance data through: 2026-10-03 (updates every day) · MLSPA compensation as of: 2026-04-16,FALSE,2026-10-03 17:19:20 UTC
jYQJamlEqG,asa_jYQJamlEqG_mls_full_2025,Bongokuhle Hlongwane,bongokuhle hlongwane,2000-06-20,South Africa,FB,NA,26.028747433264886,mls,kRQand1MKZ,FB,asa_live,TRUE,NA,mlspa_via_asa,704,1142500,3039,1142500,full_2025,2025 full season,3039,0,1,TRUE,0.20442941757156957,0.02702665350444225,-0.01466831194471865,0.1012655478775913,-0.02217571569595261,0.09526258637709772,0.01771865745310958,2026,1142500,Minnesota United FC,0.1336622996580173,1,0.19276130249926088,0.20561205600563698,0.028828430405639288,82.05128205128206,-0.015646199408188836,15.384615384615385,0.10801658440613958,94.87179487179488,-0.023654096743088642,7.051282051282051,0.10161342547207966,86.53846153846153,0.018899901283907505,97.43589743589743,91.66666666666667,1142500,98.03921568627452,84.48051948051948,368750,-6.372549019607845,TRUE,FALSE,43.333333333333336,Medium,29.75,70.25,Fair Value,Fullbacks and wingbacks,1.1.0,2026-10-03 17:19:27 UTC,52,52,252,Performance data through: 2026-10-03 (updates every day) · MLSPA compensation as of: 2026-04-16,FALSE,2026-10-03 17:19:20 UTC
jYQJanvVqG,asa_jYQJanvVqG_mls_full_2025,Daniel Edelman,daniel edelman,2003-04-28,USA,CM,NA,23.17590691307324,mls,wvq9B9wQWn,CM,asa_live,TRUE,NA,mlspa_via_asa,2359,676350,2239,676350,full_2025,2025 full season,2239,0,1,TRUE,0.11541625725770432,0.014748101831174632,0.02562929879410451,0.01477623939258597,0.01001697186243858,0.04744394819115676,0.00280169718624385,2026,676350,St. Louis City SC,0.1398991348215602,1,0.12059051810247837,0.1286298859799966,0.01573130862041121,49.16201117318436,0.027337918714565788,59.21787709497207,0.01576132201925091,30.16759776536313,0.010684769986935051,74.30167597765363,0.05060687807214867,26.256983240223462,0.0029884769987534965,78.2122905027933,24.58100558659218,676350,62.857142857142854,64.02597402597402,516250,-38.27613727055068,TRUE,FALSE,15.384615384615385,High,14,86,Below Expected Value by Current Model,Central and defensive midfielders,1.1.0,2026-10-03 17:19:27 UTC,89,89,377,Performance data through: 2026-10-03 (updates every day) · MLSPA compensation as of: 2026-04-16,FALSE,2026-10-03 17:19:20 UTC
jYQJgEJdMG,asa_jYQJgEJdMG_mls_full_2025,Cavan Sullivan,cavan sullivan,2009-09-28,USA,W,NA,16.75564681724846,mls,9z5k7Yg5A3,W,asa_live,TRUE,NA,mlspa_via_asa,1650,614000,320,614000,full_2025,2025 full season,320,0,1,TRUE,0.1265625,0.03954375,-0.032540625,0.09523125,0.001575,0.0239625,-0.001209375,2026,614000,Philadelphia Union,0.20362313755561975,1,0.17681943753627374,0.18860740004458598,0.04218000000131813,46.32768361581921,-0.034710000001084686,22.598870056497177,0.10158000000317438,64.40677966101696,0.0016800000000525,43.50282485875706,0.02556000000079875,22.598870056497177,-0.0012900000000403125,23.728813559322035,27.11864406779661,614000,54.705882352941174,59.61038961038961,562000,-27.587238285144565,TRUE,FALSE,22.340425531914892,High,14,86,Below Expected Value by Current Model,Wingers and attacking midfielders,1.1.0,2026-10-03 17:19:27 UTC,74,74,345,Performance data through: 2026-10-03 (updates every day) · MLSPA compensation as of: 2026-04-16,FALSE,2026-10-03 17:19:20 UTC
jYQJgokGMG,asa_jYQJgokGMG_mls_full_2025,Lazar Stefanovic,lazar stefanovic,2006-08-10,USA,CB,NA,19.890485968514717,mls,kRQabn8MKZ,CB,asa_live,TRUE,NA,mlspa_via_asa,252,125306,682,125306,full_2025,2025 full season,682,0,1,TRUE,0.09042228739002932,0,0.04964516129032258,-8.049853372434019e-4,-0.0016099706744868,0.05100439882697948,-0.00781231671554252,2026,125306,Toronto FC,0.14523645173583166,1,0.11607634246606785,0.12381476530100825,0,7.975460122699387,0.052954838711332254,55.828220858895705,-8.586510264197948e-4,3.6809815950920246,-0.0017173020528395858,36.809815950920246,0.05440469208381159,26.380368098159508,-0.008333137830172432,34.355828220858896,19.631901840490798,125306,18.633540372670808,19.87012987012987,518000,0.9983614678199899,FALSE,TRUE,NA,Low,41,59,Small-Sample Watchlist,Center backs,1.1.0,2026-10-03 17:19:27 UTC,NA,NA,NA,Performance data through: 2026-10-03 (updates every day) · MLSPA compensation as of: 2026-04-16,FALSE,2026-10-03 17:19:20 UTC
jYQJgrOWMG,asa_jYQJgrOWMG_mls_full_2025,Luca Bombino,luca bombino,2006-07-10,USA,FB,NA,19.975359342915812,mls,zeQZBOzQKw,FB,asa_live,TRUE,NA,mlspa_via_asa,1297,177200,2848,177200,full_2025,2025 full season,2848,0,1,TRUE,0.14707162921348316,0.01447647471910112,0.04330301966292135,0.01935252808988764,-0.00896523876404494,0.07710990168539326,0.00179494382022471,2026,177200,San Diego FC,0.1336622996580173,1,0.14473821919803087,0.15438743381605755,0.015441573034190411,59.61538461538461,0.04618988764189287,80.76923076923077,0.020642696629858567,40.38461538461539,-0.009562921348613444,19.871794871794872,0.08225056180032314,72.43589743589743,0.0019146067416328555,67.94871794871794,65.38461538461539,177200,31.372549019607842,26.103896103896105,368750,34.01206636500754,TRUE,FALSE,82.22222222222223,High,20.75,79.25,Strong Value,Fullbacks and wingbacks,1.1.0,2026-10-03 17:19:27 UTC,17,17,81,Performance data through: 2026-10-03 (updates every day) · MLSPA compensation as of: 2026-04-16,FALSE,2026-10-03 17:19:20 UTC
jYQJzWGyQG,asa_jYQJzWGyQG_mls_full_2025,Miles Robinson,miles robinson,1997-03-14,USA,CB,NA,29.297741273100616,mls,NWMWlBK5lz,CB,asa_live,TRUE,NA,mlspa_via_asa,1672,3950000,2882,3950000,full_2025,2025 full season,2882,0,1,TRUE,0.2047890353920888,0.01273490631505898,0.07745870922970159,0.027649548924358076,0.00306037473976405,0.09213601665510064,-0.00825052047189451,2026,3950000,FC Cincinnati,0.14523645173583166,1,0.194527246134836,0.20749572921697595,0.013583900069820742,76.68711656441718,0.08262262318093032,86.50306748466258,0.0294928521869036,73.00613496932516,0.003264399722516999,55.828220858895705,0.09827841776851189,69.32515337423312,-0.008800555170295828,33.74233128834356,92.63803680981596,3950000,100,97.14285714285714,518000,-7.361963190184042,TRUE,FALSE,42.10526315789474,High,14,86,Fair Value,Center backs,1.1.0,2026-10-03 17:19:27 UTC,56,56,259,Performance data through: 2026-10-03 (updates every day) · MLSPA compensation as of: 2026-04-16,FALSE,2026-10-03 17:19:20 UTC
jYQJznnkQG,asa_jYQJznnkQG_mls_full_2025,Chris Durkin,chris durkin,2000-02-08,USA,CM,NA,26.392881587953458,mls,wvq9B9wQWn,CM,asa_live,TRUE,NA,mlspa_via_asa,2236,668500,1225,668500,full_2025,2025 full season,1225,0,1,TRUE,0.09360734693877552,0.01406938775510204,-0.00791265306122449,0.04455918367346939,-0.00275510204081632,0.08796489795918368,-0.04231836734693877,2026,668500,St. Louis City SC,0.1398991348215602,1,0.10882656487284172,0.11608166920132539,0.015007346939244489,46.36871508379888,-0.008440163265569877,17.318435754189945,0.04752979591985265,74.30167597765363,-0.0029387755102959117,35.754189944134076,0.09382922449272808,81.00558659217877,-0.0451395918381453,1.675977653631285,16.75977653631285,668500,62.285714285714285,63.506493506493506,516250,-45.525937749401436,TRUE,FALSE,12.5,High,14,86,Below Expected Value by Current Model,Central and defensive midfielders,1.1.0,2026-10-03 17:19:27 UTC,92,92,389,Performance data through: 2026-10-03 (updates every day) · MLSPA compensation as of: 2026-04-16,FALSE,2026-10-03 17:19:20 UTC
jYQJznrBQG,asa_jYQJznrBQG_mls_full_2025,Prince Owusu,prince owusu,1997-01-07,Germany,FW,NA,29.478439425051334,mls,APk5LGOMOW,FW,asa_live,TRUE,NA,mlspa_via_asa,2273,1330000,3120,1330000,full_2025,2025 full season,3120,0,1,TRUE,0.3504,0.06981634615384616,-0.04178942307692308,0.27154326923076927,-0.00608653846153846,0.04227115384615385,0.0146451923076923,2026,1330000,CF Montréal,0.2320804800898512,1,0.33131620646610505,0.35340395357488924,0.07447076923309645,62.5,-0.0445753846167776,49.107142857142854,0.2896461538552053,81.25,-0.006492307692510575,69.64285714285714,0.04508923077063981,75.89285714285714,0.015621538462026626,76.78571428571429,95.53571428571429,1330000,70.27027027027027,86.94805194805195,558750,25.265444015444018,TRUE,FALSE,82.75862068965517,High,14,86,Strong Value,Strikers,1.1.0,2026-10-03 17:19:27 UTC,11,11,79,Performance data through: 2026-10-03 (updates every day) · MLSPA compensation as of: 2026-04-16,FALSE,2026-10-03 17:19:20 UTC
jYQJzoGVQG,asa_jYQJzoGVQG_mls_full_2025,Maxime Dominguez,maxime dominguez,1996-02-01,Switzerland,CM,NA,29.412731006160165,mls,kRQabn8MKZ,CM,asa_live,TRUE,NA,mlspa_via_asa,0,NA,1567,337577,full_2025,2025 full season,1567,0,1,TRUE,0.10567389917038926,0.02520229738353542,0.007788130185067,0.03295022335673261,0.00352074026802807,0.04343777919591576,-0.00722527121888959,2026,337577,Toronto FC,0.1398991348215602,1,0.11515019884307157,0.12282687876978134,0.02688245054327786,73.18435754189944,0.008307338864331071,34.63687150837989,0.03514690491494646,63.687150837988824,0.003755456286013966,53.63128491620112,0.04633363114375807,20.670391061452513,-0.007706955967056404,21.787709497206706,21.787709497206706,337577,35.42857142857143,37.142857142857146,516250,-13.640861931364725,FALSE,FALSE,NA,Low,41,59,Insufficient Evidence,Central and defensive midfielders,1.1.0,2026-10-03 17:19:27 UTC,NA,NA,NA,Performance data through: 2026-10-03 (updates every day) · MLSPA compensation as of: 2026-04-16,FALSE,2026-10-03 17:19:20 UTC
jYQJzpAkQG,asa_jYQJzpAkQG_mls_full_2025,Brandt Bronico,brandt bronico,1995-06-20,USA,CM,NA,31.030800821355236,mls,NPqxKXZ59d,CM,asa_live,TRUE,NA,mlspa_via_asa,1067,551667,2781,551667,full_2025,2025 full season,2781,0,1,TRUE,0.1222265372168285,0.01450161812297734,-0.00325566343042071,0.05111003236245955,6.116504854368932e-4,0.05547249190938511,0.0037864077669902906,2026,551667,Charlotte FC,0.1398991348215602,1,0.12536275684499737,0.13372027397217595,0.015468392664992548,48.04469273743017,-0.003472707659223946,22.3463687150838,0.05451736785499385,78.77094972067039,6.524271844864077e-4,45.25139664804469,0.05917065803852653,40.22346368715084,0.0040388349515825235,81.56424581005587,29.608938547486034,551667,53.142857142857146,55.1948051948052,516250,-23.533918595371112,TRUE,FALSE,24.03846153846154,High,20.75,79.25,Below Expected Value by Current Model,Central and defensive midfielders,1.1.0,2026-10-03 17:19:27 UTC,80,80,339,Performance data through: 2026-10-03 (updates every day) · MLSPA compensation as of: 2026-04-16,FALSE,2026-10-03 17:19:20 UTC
jYQJzwXkQG,asa_jYQJzwXkQG_mls_full_2025,Jeppe Tverskov,jeppe tverskov,1993-03-12,Denmark,CM,NA,33.30321697467488,mls,zeQZBOzQKw,CM,asa_live,TRUE,NA,mlspa_via_asa,1946,1096667,3850,1096667,full_2025,2025 full season,3850,0,1,TRUE,0.1979462337662338,0.01350467532467532,0.06351194805194804,0.04088103896103896,0.01254623376623376,0.07467662337662337,-0.00717428571428571,2026,1096667,San Diego FC,0.1398991348215602,1,0.19011965862762611,0.20279430254247185,0.014404987013437164,44.134078212290504,0.06774607792419497,87.70949720670392,0.043606441559804254,71.50837988826815,0.013382649351067552,79.32960893854748,0.07965506493755414,70.39106145251397,-0.007652571428810567,22.3463687150838,91.06145251396649,1096667,88.57142857142857,83.76623376623377,516250,2.490023942537917,TRUE,FALSE,54.80769230769231,High,14,86,Fair Value,Central and defensive midfielders,1.1.0,2026-10-03 17:19:27 UTC,48,48,202,Performance data through: 2026-10-03 (updates every day) · MLSPA compensation as of: 2026-04-16,FALSE,2026-10-03 17:19:20 UTC
kRQa207YMK,asa_kRQa207YMK_mls_full_2025,Paxton Pomykal,paxton pomykal,1999-12-17,USA,CM,NA,25.53867214236824,mls,mKAqBBmqbg,CM,asa_live,TRUE,NA,mlspa_via_asa,0,NA,62,1158000,full_2025,2025 full season,62,0,1,TRUE,0.09711290322580644,0.04412903225806452,0.06314516129032258,-0.00420967741935483,-0.03251612903225806,0.03135483870967742,-0.00479032258064516,2026,1158000,FC Dallas,0.1398991348215602,1,0.13589196509506965,0.1449514294392707,0.04707096774340645,91.06145251396649,0.06735483871178226,87.15083798882682,-0.004490322580785474,2.793296089385475,-0.0346838709688258,8.379888268156424,0.033445161291367737,12.849162011173185,-0.005109677419514515,32.402234636871505,44.6927374301676,1158000,90.85714285714286,84.8051948051948,516250,-46.164405426975264,FALSE,FALSE,NA,Low,41,59,Insufficient Evidence,Central and defensive midfielders,1.1.0,2026-10-03 17:19:27 UTC,NA,NA,NA,Performance data through: 2026-10-03 (updates every day) · MLSPA compensation as of: 2026-04-16,FALSE,2026-10-03 17:19:20 UTC
kRQa22abMK,asa_kRQa22abMK_mls_full_2025,Bill Tuiloma,bill tuiloma,1995-03-27,New Zealand,FB,NA,30.26420260095825,mls,NPqxKXZ59d,FB,asa_live,TRUE,NA,mlspa_via_asa,0,NA,469,524938,full_2025,2025 full season,469,0,1,TRUE,0.08464605543710021,0.01692537313432835,0.01972707889125799,0.034426439232409387,0.00798294243070362,0.00923027718550106,-0.00364605543710021,2026,524938,Charlotte FC,0.1336622996580173,1,0.1121575115012258,0.11963467893837944,0.018053731343847752,68.58974358974359,0.02104221748466609,51.282051282051285,0.036721535182384225,67.94871794871794,0.008515138593016626,64.74358974358974,0.009845628998175471,10.256410256410257,-0.003889125799695092,30.128205128205128,26.28205128205128,524938,67.3202614379085,52.5974025974026,368750,-41.038210155857215,FALSE,FALSE,NA,Low,41,59,Insufficient Evidence,Fullbacks and wingbacks,1.1.0,2026-10-03 17:19:27 UTC,NA,NA,NA,Performance data through: 2026-10-03 (updates every day) · MLSPA compensation as of: 2026-04-16,FALSE,2026-10-03 17:19:20 UTC
kRQa2AvjMK,asa_kRQa2AvjMK_mls_full_2025,Evander,evander,1998-06-09,Brazil,W,NA,28.060232717316907,mls,NWMWlBK5lz,W,asa_live,TRUE,NA,mlspa_via_asa,2255,4736411,3427,4736411,full_2025,2025 full season,3427,0,1,TRUE,0.3081955062737088,0.06944733002626204,0.06984126057776482,0.05010008754012255,0.06676334986868981,0.03675109425153195,0.01529238400933761,2026,4736411,FC Cincinnati,0.20362313755561975,1,0.29261482059433125,0.31212247531037385,0.07407715203032775,86.44067796610169,0.07449734461861052,88.70056497175142,0.05344009337780072,23.163841807909606,0.07121423986216124,89.83050847457628,0.03920116720285912,45.19774011299435,0.01631187627713653,79.66101694915254,94.91525423728814,4736411,94.11764705882354,97.66233766233766,562000,0.7976071784646024,TRUE,FALSE,61.702127659574465,High,14,86,Fair Value,Wingers and attacking midfielders,1.1.0,2026-10-03 17:19:27 UTC,37,37,172,Performance data through: 2026-10-03 (updates every day) · MLSPA compensation as of: 2026-04-16,FALSE,2026-10-03 17:19:20 UTC
kRQa2j0LMK,asa_kRQa2j0LMK_mls_full_2025,Kyle Smith,kyle smith,1992-01-09,USA,CB,NA,34.47501711156742,mls,NWMWlBK5lz,CB,asa_live,TRUE,NA,mlspa_via_asa,1198,118400,1359,118400,full_2025,2025 full season,1359,0,1,TRUE,0.1259205298013245,0.01386754966887417,0.0326887417218543,0.0361523178807947,0.00292715231788079,0.03839735099337748,0.0018874172185430402,2026,118400,FC Cincinnati,0.14523645173583166,1,0.13183658552399133,0.1406256912299853,0.0147920529805947,79.75460122699387,0.03486799117106754,22.699386503067483,0.03856247240738609,82.20858895705521,0.003122295805837081,55.214723926380366,0.04095717439421589,15.337423312883436,0.00201324503317549,90.1840490797546,29.447852760736197,118400,16.149068322981368,17.662337662337663,518000,13.29878443775483,TRUE,FALSE,66.3157894736842,High,20.75,79.25,Fair Value,Center backs,1.1.0,2026-10-03 17:19:27 UTC,33,33,152,Performance data through: 2026-10-03 (updates every day) · MLSPA compensation as of: 2026-04-16,FALSE,2026-10-03 17:19:20 UTC
kRQabvYbMK,asa_kRQabvYbMK_mls_full_2025,Walker Zimmerman,walker zimmerman,1993-05-19,USA,CB,NA,33.1170431211499,mls,kRQabn8MKZ,CB,asa_live,TRUE,NA,mlspa_via_asa,1964,1708037,2043,1708037,full_2025,2025 full season,2043,0,1,TRUE,0.1977533039647577,0.02487665198237885,0.0545726872246696,0.05656387665198238,-0.00630837004405286,0.07392511013215859,-0.00587665198237885,2026,1708037,Toronto FC,0.14523645173583166,1,0.18583120357226598,0.1982199504832781,0.026535095448699995,95.70552147239263,0.05821086637479999,63.80368098159509,0.060334801763999996,93.25153374233129,-0.006728928047199996,27.607361963190183,0.0788534508101,47.239263803680984,-0.006268428781399995,39.263803680981596,87.73006134969326,1708037,98.75776397515529,90.9090909090909,518000,-11.027702625462027,TRUE,FALSE,34.73684210526316,High,14,86,Fair Value,Center backs,1.1.0,2026-10-03 17:19:27 UTC,63,63,290,Performance data through: 2026-10-03 (updates every day) · MLSPA compensation as of: 2026-04-16,FALSE,2026-10-03 17:19:20 UTC
kRQabyN8MK,asa_kRQabyN8MK_mls_full_2025,Jonathan Rodríguez,jonathan rodriguez,1993-07-06,Uruguay,W,NA,31.98631074606434,mls,WBLMvYAQxe,W,asa_live,TRUE,NA,mlspa_via_asa,0,NA,190,3627500,full_2025,2025 full season,190,0,1,TRUE,0.47467894736842103,0.06323684210526316,0.08422105263157896,0.11458421052631579,0.01577368421052631,0.0178578947368421,0.17900526315789475,2026,3627500,Portland Timbers FC,0.20362313755561975,1,0.26881377535869855,0.28673469372490556,0.06745263158105527,80.22598870056497,0.0898357894764916,93.22033898305085,0.12222315789855631,74.57627118644068,0.01682526315842052,61.016949152542374,0.019048421053226836,18.07909604519774,0.1909389473743879,100,90.3954802259887,3627500,91.76470588235294,96.23376623376623,562000,-1.369225656364236,FALSE,FALSE,NA,Low,41,59,Insufficient Evidence,Wingers and attacking midfielders,1.1.0,2026-10-03 17:19:27 UTC,NA,NA,NA,Performance data through: 2026-10-03 (updates every day) · MLSPA compensation as of: 2026-04-16,FALSE,2026-10-03 17:19:20 UTC
kRQao7Bg5K,asa_kRQao7Bg5K_mls_full_2025,André Franco,andre franco,1998-04-12,Portugal,CM,NA,27.21971252566735,mls,X0Oq66zq6D,CM,asa_live,TRUE,NA,mlspa_via_asa,0,NA,435,697083,full_2025,2025 full season,435,0,1,TRUE,0.24467586206896555,0.03086896551724138,0.1196689655172414,0.01922068965517241,0.012206896551724132,0.056544827586206894,0.00616551724137931,2026,697083,Chicago Fire FC,0.1398991348215602,1,0.18393573033133925,0.19619811235955972,0.032926896552753104,82.68156424581005,0.12764689655571312,98.32402234636872,0.020502068966157926,37.43016759776536,0.013020689655579303,78.77094972067039,0.060314482760505515,43.01675977653631,0.006576551724343448,86.59217877094972,88.26815642458101,697083,66.28571428571429,65.32467532467533,516250,21.982442138866716,FALSE,FALSE,NA,Low,41,59,Insufficient Evidence,Central and defensive midfielders,1.1.0,2026-10-03 17:19:27 UTC,NA,NA,NA,Performance data through: 2026-10-03 (updates every day) · MLSPA compensation as of: 2026-04-16,FALSE,2026-10-03 17:19:20 UTC
kRQaoNZj5K,asa_kRQaoNZj5K_mls_full_2025,Miguel Berry,miguel berry,1997-09-16,Spain,FW,NA,27.789185489390828,mls,kaDQ0wRqEv,FW,asa_live,TRUE,NA,mlspa_via_asa,0,NA,764,231667,full_2025,2025 full season,764,0,1,TRUE,0.14581413612565444,0.03721335078534031,-0.05235078534031414,0.16819633507853404,-0.03300785340314136,0.0191544502617801,0.00660863874345549,2026,231667,LA Galaxy,0.2320804800898512,1,0.18376120825066766,0.19601195547350422,0.03969424083893678,20.535714285714285,-0.05584083769808011,33.92857142857143,0.17940942408937618,43.75,-0.03520837696445104,46.42857142857143,0.020431413613203924,18.75,0.0070492146599061434,58.92857142857143,16.071428571428573,231667,29.72972972972973,30,558750,-13.658301158301157,FALSE,FALSE,NA,Low,41,59,Insufficient Evidence,Strikers,1.1.0,2026-10-03 17:19:27 UTC,NA,NA,NA,Performance data through: 2026-10-03 (updates every day) · MLSPA compensation as of: 2026-04-16,FALSE,2026-10-03 17:19:20 UTC
kRQaopnY5K,asa_kRQaopnY5K_mls_full_2025,David Schnegg,david schnegg,1998-09-29,Austria,FB,NA,27.753593429158112,mls,NPqxKXZ59d,FB,asa_live,TRUE,NA,mlspa_via_asa,1331,756250,2994,756250,full_2025,2025 full season,2994,0,1,TRUE,0.1576503006012024,0.00880460921843687,0.02400601202404809,0.03389579158316633,0.00121743486973947,0.09202304609218435,-0.00229659318637274,2026,756250,Charlotte FC,0.1336622996580173,1,0.1536456259863134,0.16388866772385582,0.009391583166626149,34.61538461538461,0.025606412826451496,57.05128205128205,0.03615551102317394,67.3076923076923,0.0012985971944293492,50,0.09815791583473074,84.61538461538461,-0.0024496993988741425,36.53846153846154,76.28205128205128,756250,86.27450980392157,69.8051948051948,368750,-9.99245852187029,TRUE,FALSE,36.666666666666664,High,20.75,79.25,Fair Value,Fullbacks and wingbacks,1.1.0,2026-10-03 17:19:27 UTC,58,58,282,Performance data through: 2026-10-03 (updates every day) · MLSPA compensation as of: 2026-04-16,FALSE,2026-10-03 17:19:20 UTC
kRQaorKj5K,asa_kRQaorKj5K_mls_full_2025,Alan Montes Castro,alan montes castro,2000-10-26,Mexico,CB,NA,24.67898699520876,mls,Z2vQ1xlqrA,CB,asa_live,TRUE,NA,mlspa_via_asa,0,NA,509,422500,full_2025,2025 full season,509,0,1,TRUE,0.14995874263261297,0.01909626719056974,0.06186836935166994,0.06752652259332025,-0.0801335952848723,0.08283889980353634,-0.001237721021611,2026,422500,Sporting Kansas City,0.14523645173583166,1,0.1474038512547331,0.15723077467662877,0.020369351670577598,91.41104294478528,0.06599292731051022,74.23312883435582,0.07202829076845914,96.31901840490798,-0.08547583497320156,1.8404907975460123,0.0883614931265334,56.441717791411044,-0.001320235756426324,61.96319018404908,51.533742331288344,422500,40.37267080745342,43.506493506493506,518000,11.161071523834927,FALSE,FALSE,NA,Low,41,59,Insufficient Evidence,Center backs,1.1.0,2026-10-03 17:19:27 UTC,NA,NA,NA,Performance data through: 2026-10-03 (updates every day) · MLSPA compensation as of: 2026-04-16,FALSE,2026-10-03 17:19:20 UTC
kRQaovVo5K,asa_kRQaovVo5K_mls_full_2025,Gabriel Pec,gabriel pec,2001-02-11,Brazil,W,NA,25.38261464750171,mls,kaDQ0wRqEv,W,asa_live,TRUE,NA,mlspa_via_asa,1365,2459000,2764,2459000,full_2025,2025 full season,2764,0,1,TRUE,0.35663965267727926,0.0934124457308249,0.00401808972503617,0.11417040520984079,0.09496237337192474,0.03481801736613603,0.01525832127351664,2026,2459000,LA Galaxy,0.20362313755561975,1,0.32934776531907606,0.3513042830179927,0.09963994211599364,96.045197740113,0.004285962373505851,58.75706214689266,0.12178176556096919,74.01129943502825,0.10129319826655181,94.35028248587571,0.037139218525039035,40.67796610169491,0.016275542692259694,79.09604519774011,98.30508474576271,2459000,86.47058823529412,93.8961038961039,562000,11.834496510468597,TRUE,FALSE,74.46808510638297,High,20.75,79.25,Undervalued,Wingers and attacking midfielders,1.1.0,2026-10-03 17:19:27 UTC,25,25,115,Performance data through: 2026-10-03 (updates every day) · MLSPA compensation as of: 2026-04-16,FALSE,2026-10-03 17:19:20 UTC
kRQaw1eO5K,asa_kRQaw1eO5K_mls_full_2025,Nicolás Rodríguez,nicolas rodriguez,2004-04-24,Colombia,W,NA,21.1854893908282,mls,jYQJ8EW5GR,W,asa_live,TRUE,NA,mlspa_via_asa,0,NA,294,262000,full_2025,2025 full season,294,0,1,TRUE,0.06563265306122448,0.02929591836734693,-0.02305102040816326,0.0308265306122449,-0.00658163265306122,0.03342857142857143,0.00171428571428571,2026,262000,Orlando City SC,0.20362313755561975,1,0.1582437164802817,0.16879329758424194,0.031248979592813256,29.37853107344633,-0.024587755102809177,30.508474576271187,0.03288163265408878,10.734463276836157,-0.007020408163484689,32.76836158192091,0.03565714285825715,37.85310734463277,0.0018285714286285669,48.58757062146893,12.994350282485875,262000,27.058823529411764,31.16883116883117,562000,-14.064473246925889,FALSE,FALSE,NA,Low,41,59,Insufficient Evidence,Wingers and attacking midfielders,1.1.0,2026-10-03 17:19:27 UTC,NA,NA,NA,Performance data through: 2026-10-03 (updates every day) · MLSPA compensation as of: 2026-04-16,FALSE,2026-10-03 17:19:20 UTC
kRQawobY5K,asa_kRQawobY5K_mls_full_2025,Aiden Hezarkhani,aiden hezarkhani,2007-06-28,USA,W,NA,19.00889801505818,mls,a2lqR4JMr0,W,asa_live,TRUE,NA,mlspa_via_asa,1088,94383,75,94383,full_2025,2025 full season,75,0,1,TRUE,0.054479999999999994,0.0372,-0.0384,0.03888,0.02232,0,-0.00552,2026,94383,Real Salt Lake,0.20362313755561975,1,0.18705167782721754,0.19952178968860043,0.039680000001239994,42.93785310734463,-0.04096000000127999,18.64406779661017,0.041472000001296,14.689265536723164,0.023808000000743998,66.10169491525424,0,9.322033898305085,-0.0058880000001839995,10.734463276836157,35.59322033898305,94383,8.823529411764707,7.2727272727272725,562000,26.769690927218345,TRUE,FALSE,84.04255319148936,High,20.75,79.25,Fair Value,Wingers and attacking midfielders,1.1.0,2026-10-03 17:19:27 UTC,16,16,74,Performance data through: 2026-10-03 (updates every day) · MLSPA compensation as of: 2026-04-16,FALSE,2026-10-03 17:19:20 UTC
kRQay0LQKZ,asa_kRQay0LQKZ_mls_full_2025,Andy Najar,andy najar,1993-03-16,Honduras,FB,NA,33.29226557152635,mls,vzqoOgNqap,FB,asa_live,TRUE,NA,mlspa_via_asa,1792,603333,3116,603333,full_2025,2025 full season,3116,0,1,TRUE,0.1869955070603338,0.01053658536585366,0.09364794608472402,0.01710750962772785,0.01678401797175866,0.06513446726572529,-0.01621501925545571,2026,603333,Nashville SC,0.1336622996580173,1,0.178384117275245,0.19027639176620748,0.011239024390595122,47.43589743589744,0.09989114249349389,98.71794871794872,0.018248010270146622,38.46153846153846,0.017902952503768707,80.76923076923077,0.06947676508561146,55.76923076923077,-0.017296020539693258,7.6923076923076925,87.82051282051282,603333,77.12418300653594,58.701298701298704,368750,10.696329813976874,TRUE,FALSE,68.88888888888889,High,14,86,Undervalued,Fullbacks and wingbacks,1.1.0,2026-10-03 17:19:27 UTC,29,29,141,Performance data through: 2026-10-03 (updates every day) · MLSPA compensation as of: 2026-04-16,FALSE,2026-10-03 17:19:20 UTC
ljqE20nYQx,asa_ljqE20nYQx_mls_full_2025,Sebastian Kowalczyk,sebastian kowalczyk,1998-08-22,Poland,W,NA,26.85831622176591,mls,YgOMngl5wN,W,asa_live,TRUE,NA,mlspa_via_asa,0,NA,1702,594618,full_2025,2025 full season,1702,0,1,TRUE,0.13591480611045828,0.02228848413631022,0.00298766157461809,0.055306110458284374,-0.005726792009400701,0.04767038777908342,0.01338895417156286,2026,594618,Houston Dynamo FC,0.20362313755561975,1,0.15356250327253337,0.16380000349582102,0.02377438307947385,21.468926553672315,0.0031868390130255515,57.6271186440678,0.0589931844906802,29.37853107344633,-0.006108578143551641,34.463276836158194,0.050848413632611326,68.92655367231639,0.014281551116780014,76.27118644067797,10.734463276836157,594618,51.76470588235294,57.922077922077925,562000,-41.03024260551678,FALSE,FALSE,NA,Low,41,59,Insufficient Evidence,Wingers and attacking midfielders,1.1.0,2026-10-03 17:19:27 UTC,NA,NA,NA,Performance data through: 2026-10-03 (updates every day) · MLSPA compensation as of: 2026-04-16,FALSE,2026-10-03 17:19:20 UTC
ljqE2EWkQx,asa_ljqE2EWkQx_mls_full_2025,Cristhian Paredes,cristhian paredes,1998-05-18,Paraguay,CM,NA,27.121149897330596,mls,WBLMvYAQxe,CM,asa_live,TRUE,NA,mlspa_via_asa,0,NA,1301,714000,full_2025,2025 full season,1301,0,1,TRUE,0.16669715603382013,0.01396003074558032,0.01512221368178324,0.04879093005380477,-0.01151114527286702,0.1074465795541891,-0.00711145272867025,2026,714000,Portland Timbers FC,0.1398991348215602,1,0.15823907464120784,0.16878834628922967,0.014890699462417676,45.81005586592179,0.016130361261072864,44.6927374301676,0.05204365872568478,77.09497206703911,-0.012278554958108525,20.11173184357542,0.11460968486138326,91.06145251396649,-0.007585549577485315,22.905027932960895,74.30167597765363,714000,68,66.23376623376623,516250,6.30167597765363,FALSE,FALSE,NA,Low,41,59,Insufficient Evidence,Central and defensive midfielders,1.1.0,2026-10-03 17:19:27 UTC,NA,NA,NA,Performance data through: 2026-10-03 (updates every day) · MLSPA compensation as of: 2026-04-16,FALSE,2026-10-03 17:19:20 UTC
ljqE2EwAQx,asa_ljqE2EwAQx_mls_full_2025,Mamadou Fofana,mamadou fofana,1998-01-21,Mali,CB,NA,28.44079397672827,mls,19vQ2095K6,CB,asa_live,TRUE,NA,mlspa_via_asa,2632,916250,2849,916250,full_2025,2025 full season,2849,0,1,TRUE,0.10962372762372764,0.00256826956826956,0.03883362583362583,0.0028462618462618402,4.1698841698841697e-4,0.0916079326079326,-0.02664935064935065,2026,916250,New England Revolution,0.14523645173583166,1,0.11581904060350798,0.1235403099809358,0.0027394875395731397,22.699386503067483,0.041422534223828675,33.74233128834356,0.003036012636107505,16.56441717791411,4.447876448015444e-4,47.239263803680984,0.0977151281181817,68.09815950920246,-0.028425974026862335,8.588957055214724,19.01840490797546,916250,79.5031055900621,78.83116883116882,518000,-60.48470068208665,TRUE,FALSE,5.2631578947368425,High,14,86,Below Expected Value by Current Model,Center backs,1.1.0,2026-10-03 17:19:27 UTC,91,91,421,Performance data through: 2026-10-03 (updates every day) · MLSPA compensation as of: 2026-04-16,FALSE,2026-10-03 17:19:20 UTC
ljqE2PbYQx,asa_ljqE2PbYQx_mls_full_2025,Javairô Dilrosun,javairo dilrosun,1998-06-22,Netherlands,W,NA,27.025325119780973,mls,eVq3ya6MWO,W,asa_live,FALSE,NA,NA,0,NA,470,NA,full_2025,2025 full season,470,0,1,TRUE,0.1333340425531915,0.06897446808510638,-0.04488510638297872,0.06026170212765957,0.01447659574468085,0.02732553191489361,0.00718085106382978,2026,NA,Los Angeles FC,0.20362313755561975,1,0.17274848834894568,0.18426505424463369,0.07357276595974595,84.7457627118644,-0.0478774468100068,12.994350282485875,0.06427914893817893,32.20338983050848,0.015441702128142127,58.75706214689266,0.029147234043464032,26.55367231638418,0.0076595744683244605,67.79661016949153,23.163841807909606,NA,NA,NA,562000,NA,FALSE,FALSE,NA,Insufficient,41,59,Insufficient Evidence,Wingers and attacking midfielders,1.1.0,2026-10-03 17:19:27 UTC,NA,NA,NA,Performance data through: 2026-10-03 (updates every day) · MLSPA compensation as of: 2026-04-16,FALSE,2026-10-03 17:19:20 UTC
ljqE2PwVQx,asa_ljqE2PwVQx_mls_full_2025,Memo Rodríguez,memo rodriguez,1995-12-27,USA,CM,NA,29.51129363449692,mls,Z2vQ1xlqrA,CM,asa_live,TRUE,NA,mlspa_via_asa,0,NA,766,114966,full_2025,2025 full season,766,0,1,TRUE,0.16365665796344647,0.02253524804177546,0.09613315926892951,0.02355744125326371,0.00511096605744125,0.04642167101827676,-0.0301018276762402,2026,114966,Sporting Kansas City,0.1398991348215602,1,0.15322143549995323,0.16343619787172417,0.02403759791197833,69.27374301675978,0.10254203655672925,93.85474860335195,0.02512793733759987,46.927374301675975,0.005451697128107699,59.77653631284916,0.04951644908770927,24.58100558659218,-0.03210861618899294,5.58659217877095,69.27374301675978,114966,14.857142857142858,15.714285714285714,516250,54.41660015961692,FALSE,FALSE,NA,Low,41,59,Insufficient Evidence,Central and defensive midfielders,1.1.0,2026-10-03 17:19:27 UTC,NA,NA,NA,Performance data through: 2026-10-03 (updates every day) · MLSPA compensation as of: 2026-04-16,FALSE,2026-10-03 17:19:20 UTC
ljqE2VkOQx,asa_ljqE2VkOQx_mls_full_2025,Luciano Acosta,luciano acosta,1994-05-31,Argentina,W,NA,31.085557837097877,mls,mKAqBBmqbg,W,asa_live,TRUE,NA,mlspa_via_asa,0,NA,1912,4296413,full_2025,2025 full season,1912,0,1,TRUE,0.3150517782426778,0.03723326359832635,0.09553556485355648,0.08517991631799163,0.02057949790794979,0.03858891213389121,0.03793462343096233,2026,4296413,FC Dallas,0.20362313755561975,1,0.2884366570594633,0.30766576753970876,0.03971548117278922,43.50282485875706,0.10190460251364476,94.91525423728814,0.09085857740869707,55.367231638418076,0.021951464435832426,64.97175141242938,0.041161506277436914,47.45762711864407,0.040463598327624306,97.74011299435028,94.35028248587571,4296413,92.94117647058823,97.40259740259741,562000,1.4091060152874775,FALSE,FALSE,NA,Low,41,59,Insufficient Evidence,Wingers and attacking midfielders,1.1.0,2026-10-03 17:19:27 UTC,NA,NA,NA,Performance data through: 2026-10-03 (updates every day) · MLSPA compensation as of: 2026-04-16,FALSE,2026-10-03 17:19:20 UTC
ljqE2XRzQx,asa_ljqE2XRzQx_mls_full_2025,Joedrick Pupe,joedrick pupe,1997-06-04,Belgium,CB,NA,28.073921971252567,mls,lgpMOvnQzy,CB,asa_live,TRUE,NA,mlspa_via_asa,0,NA,42,460600,full_2025,2025 full season,42,0,1,TRUE,0.11849999999999998,0,0.0075,6.428571428571427e-4,0.00921428571428571,0.09878571428571428,0.00235714285714285,2026,460600,Vancouver Whitecaps FC,0.14523645173583166,1,0.14348733807087072,0.1530531606137117,0,7.975460122699387,0.00800000000025,7.361963190184049,6.857142857357141e-4,9.815950920245399,0.009828571428878566,80.3680981595092,0.10537142857472143,76.07361963190183,0.0025142857143642785,91.41104294478528,46.012269938650306,460600,44.72049689440994,47.532467532467535,518000,1.2917730442403652,FALSE,FALSE,NA,Low,41,59,Insufficient Evidence,Center backs,1.1.0,2026-10-03 17:19:27 UTC,NA,NA,NA,Performance data through: 2026-10-03 (updates every day) · MLSPA compensation as of: 2026-04-16,FALSE,2026-10-03 17:19:20 UTC
ljqE2ekNQx,asa_ljqE2ekNQx_mls_full_2025,Žan Kolmanič,zan kolmanic,2000-03-03,Slovenia,FB,NA,26.327173169062284,mls,gpMOLwl5zy,FB,asa_live,TRUE,NA,mlspa_via_asa,750,375000,965,375000,full_2025,2025 full season,965,0,1,TRUE,0.17800414507772022,0.01269326424870466,0.04450569948186528,0.02110569948186528,0.01416683937823834,0.08108393782383419,0.00444870466321243,2026,375000,Austin FC,0.1336622996580173,1,0.16100407654620472,0.17173768165465184,0.013539481865708079,56.41025641025641,0.047472746115473155,81.41025641025641,0.022512746114693154,44.23076923076923,0.015111295337259792,77.56410256410257,0.08648953368145927,78.84615384615384,0.004745284974241548,83.97435897435898,80.76923076923077,375000,51.30718954248366,40,368750,29.46204122674711,TRUE,FALSE,80,Medium,29.75,70.25,Strong Value,Fullbacks and wingbacks,1.1.0,2026-10-03 17:19:27 UTC,19,19,90,Performance data through: 2026-10-03 (updates every day) · MLSPA compensation as of: 2026-04-16,FALSE,2026-10-03 17:19:20 UTC
ljqE2vBzQx,asa_ljqE2vBzQx_mls_full_2025,John Nelson,john nelson,1998-07-11,USA,FB,NA,27.97262149212868,mls,kaDQ0wRqEv,FB,asa_live,TRUE,NA,mlspa_via_asa,1681,350000,2288,350000,full_2025,2025 full season,2288,0,1,TRUE,0.13299781468531469,0.00907473776223776,-0.00117220279720279,0.0184326923076923,-6.333041958041958e-4,0.1186993006993007,-0.01140340909090908,2026,350000,LA Galaxy,0.1336622996580173,1,0.1331358655799205,0.14201158995635305,0.009679720280022768,37.82051282051282,-0.001250349650388716,26.28205128205128,0.019661538462152874,39.743589743589745,-6.755244755455856e-4,39.1025641025641,0.12661258741654405,93.58974358974359,-0.012163636364016467,12.820512820512821,51.282051282051285,350000,48.69281045751634,38.05194805194805,368750,2.589240824534947,TRUE,FALSE,58.888888888888886,High,14,86,Fair Value,Fullbacks and wingbacks,1.1.0,2026-10-03 17:19:27 UTC,38,38,184,Performance data through: 2026-10-03 (updates every day) · MLSPA compensation as of: 2026-04-16,FALSE,2026-10-03 17:19:20 UTC
ljqE9kzoqx,asa_ljqE9kzoqx_mls_full_2025,Dieng Mamadou,dieng mamadou,2004-02-04,Senegal,FW,NA,22.403832991101982,mls,kRQand1MKZ,FW,asa_live,TRUE,NA,mlspa_via_asa,589,91172,136,91172,full_2025,2025 full season,136,0,1,TRUE,-0.07047794117647058,0.02752941176470588,-0.1792058823529412,0.24663970588235293,-0.1815220588235294,0.016875,-7.941176470588234e-4,2026,91172,Minnesota United FC,0.2320804800898512,1,0.17617294572542216,0.18791780877965608,0.029364705883270583,13.392857142857142,-0.19115294118244414,1.7857142857142858,0.2630823529493978,76.78571428571429,-0.19362352941781544,5.357142857142857,0.0180000000005625,16.071428571428573,-8.470588235558822e-4,30.357142857142858,14.285714285714286,91172,8.108108108108109,6.233766233766234,558750,6.177606177606178,TRUE,FALSE,63.793103448275865,Medium,29.75,70.25,Fair Value,Strikers,1.1.0,2026-10-03 17:19:27 UTC,22,22,163,Performance data through: 2026-10-03 (updates every day) · MLSPA compensation as of: 2026-04-16,FALSE,2026-10-03 17:19:20 UTC
ljqEJ8KkQx,asa_ljqEJ8KkQx_mls_full_2025,Ian James,ian james,2008-06-06,USA,CB,NA,18.067077344284737,mls,Z2vQ1xlqrA,CB,asa_live,TRUE,NA,mlspa_via_asa,964,117998,559,117998,full_2025,2025 full season,559,0,1,TRUE,0.1909803220035778,7.084078711985689e-4,0.02914132379248658,0.01265474060822898,0.01379785330948121,0.17573345259391768,-0.04105545617173524,2026,117998,Sporting Kansas City,0.14523645173583166,1,0.16729928476401984,0.17845257042053114,7.556350626354204e-4,18.404907975460123,0.031084078712957063,17.791411042944784,0.013498389982532737,37.423312883435585,0.014717710197239886,88.34355828220859,0.18744901610603665,95.70552147239263,-0.04379248658455277,6.134969325153374,73.61963190184049,117998,15.527950310559007,17.4025974025974,518000,58.091681591281485,TRUE,FALSE,96.84210526315789,High,20.75,79.25,Elite Value,Center backs,1.1.0,2026-10-03 17:19:27 UTC,4,4,16,Performance data through: 2026-10-03 (updates every day) · MLSPA compensation as of: 2026-04-16,FALSE,2026-10-03 17:19:20 UTC
ljqEJEozQx,asa_ljqEJEozQx_mls_full_2025,Harbor Miller,harbor miller,2007-06-21,USA,W,NA,19.028062970568104,mls,kaDQ0wRqEv,W,asa_live,TRUE,NA,mlspa_via_asa,1750,88025,696,88025,full_2025,2025 full season,696,0,1,TRUE,0.14220258620689652,0.0438103448275862,0.0050301724137931,0.06334913793103449,-0.01818103448275862,0.03612931034482758,0.01206465517241379,2026,88025,LA Galaxy,0.20362313755561975,1,0.17063802664612024,0.18201389509488286,0.04673103448421896,53.10734463276836,0.005365517241546979,59.887005649717516,0.06757241379521509,36.72316384180791,-0.019393103448881895,19.2090395480226,0.03853793103568706,44.067796610169495,0.012868965517643532,74.01129943502825,20.338983050847457,88025,5,3.831168831168831,562000,15.338983050847457,TRUE,FALSE,77.65957446808511,High,14,86,Fair Value,Wingers and attacking midfielders,1.1.0,2026-10-03 17:19:27 UTC,22,22,102,Performance data through: 2026-10-03 (updates every day) · MLSPA compensation as of: 2026-04-16,FALSE,2026-10-03 17:19:20 UTC
ljqEJEvzQx,asa_ljqEJEvzQx_mls_full_2025,Snyder Brunell,snyder brunell,2007-03-23,USA,CM,NA,19.274469541409992,mls,jYQJ19EqGR,CM,asa_live,TRUE,NA,mlspa_via_asa,1704,98051,323,98051,full_2025,2025 full season,323,0,1,TRUE,0.3364272445820433,0.05054489164086686,-0.02240247678018575,0.14107430340557275,0.07406191950464396,0.07662538699690404,0.01652321981424148,2026,98051,Seattle Sounders FC,0.1398991348215602,1,0.2086733270779373,0.2225848822234222,0.053914551085276145,93.29608938547486,-0.023895975232944882,10.05586592178771,0.15047925697064674,98.88268156424581,0.07899938080742228,98.88268156424581,0.08173374613258515,71.50837988826815,0.01762476780240835,96.08938547486034,94.97206703910615,98051,5.714285714285714,8.181818181818182,516250,89.25778132482044,TRUE,FALSE,100,High,14,86,Elite Value,Central and defensive midfielders,1.1.0,2026-10-03 17:19:27 UTC,1,1,1,Performance data through: 2026-10-03 (updates every day) · MLSPA compensation as of: 2026-04-16,FALSE,2026-10-03 17:19:20 UTC
ljqEJGGOQx,asa_ljqEJGGOQx_mls_full_2025,Federico Redondo,federico redondo,2003-01-18,Argentina,CM,NA,22.45037645448323,mls,zeQZkL1MKw,CM,asa_live,TRUE,NA,mlspa_via_asa,0,NA,1022,837000,full_2025,2025 full season,1022,0,1,TRUE,0.08468101761252446,0.00370743639921722,1.3209393346379648e-4,0.014926614481409,-0.001206457925636,0.0682573385518591,-0.00113600782778864,2026,837000,Inter Miami CF,0.1398991348215602,1,0.10510695492782744,0.11211408525985284,0.003954598825955283,17.877094972067038,1.4090019569911938e-4,25.69832402234637,0.01592172211400049,30.726256983240223,-0.0012868884540519485,37.98882681564246,0.07280782779092496,63.687150837988824,-0.0012117416830124163,49.720670391061454,12.29050279329609,837000,78.28571428571429,75.06493506493507,516250,-65.9952114924182,FALSE,FALSE,NA,Low,41,59,Insufficient Evidence,Central and defensive midfielders,1.1.0,2026-10-03 17:19:27 UTC,NA,NA,NA,Performance data through: 2026-10-03 (updates every day) · MLSPA compensation as of: 2026-04-16,FALSE,2026-10-03 17:19:20 UTC
ljqEJWxzQx,asa_ljqEJWxzQx_mls_full_2025,Dominik Marczuk,dominik marczuk,2003-11-01,Poland,FB,NA,22.663928815879533,mls,a2lqR4JMr0,FB,asa_live,TRUE,NA,mlspa_via_asa,626,795500,1222,795500,full_2025,2025 full season,1222,0,1,TRUE,0.15592389525368247,0.03370949263502455,0.00455155482815057,0.04769558101472995,0.00708510638297872,0.0614607201309329,0.00142144026186579,2026,795500,Real Salt Lake,0.1336622996580173,1,0.14859296366345243,0.15849916124596902,0.03595679214514983,86.53846153846153,0.00485499181684566,30.128205128205128,0.050875286417301796,78.2051282051282,0.0075574468087468046,62.82051282051282,0.06555810147504379,53.205128205128204,0.0015162029460375575,65.38461538461539,71.15384615384616,795500,88.23529411764706,72.33766233766234,368750,-17.081447963800898,TRUE,FALSE,32.22222222222222,Medium,29.75,70.25,Below Expected Value by Current Model,Fullbacks and wingbacks,1.1.0,2026-10-03 17:19:27 UTC,62,62,302,Performance data through: 2026-10-03 (updates every day) · MLSPA compensation as of: 2026-04-16,FALSE,2026-10-03 17:19:20 UTC
ljqEJonzQx,asa_ljqEJonzQx_mls_full_2025,Bruno Damiani,bruno damiani,2002-04-18,Uruguay,FW,NA,24.202600958247775,mls,9z5k7Yg5A3,FW,asa_live,TRUE,NA,mlspa_via_asa,2282,847600,2522,847600,full_2025,2025 full season,2522,0,1,TRUE,0.3217196669310071,0.07443378271213322,-0.02293893735130848,0.2328152260111023,-0.03118239492466296,0.05512410785091197,0.013467882632831078,2026,847600,Philadelphia Union,0.2320804800898512,1,0.3044924048859419,0.32479189855515445,0.07939603489542323,71.42857142857143,-0.02446819984216034,64.28571428571429,0.24833624108626962,71.42857142857143,-0.033261221254013235,50.892857142857146,0.058799048376143574,87.5,0.014365741475468746,73.21428571428571,87.5,847600,63.96396396396396,75.45454545454545,558750,23.536036036036037,TRUE,FALSE,81.03448275862068,High,14,86,Strong Value,Strikers,1.1.0,2026-10-03 17:19:27 UTC,12,12,87,Performance data through: 2026-10-03 (updates every day) · MLSPA compensation as of: 2026-04-16,FALSE,2026-10-03 17:19:20 UTC
ljqEL4wo5x,asa_ljqEL4wo5x_mls_full_2025,Gerardo Valenzuela,gerardo valenzuela,2004-09-28,USA,CM,NA,21.754962354551676,mls,NWMWlBK5lz,CM,asa_live,TRUE,NA,mlspa_via_asa,1721,142542,971,142542,full_2025,2025 full season,971,0,1,TRUE,0.18823995880535532,0.07993408856848609,-0.04470339855818744,0.14159938208032954,-0.0385025746652935,0.03547167868177137,0.01444078269824922,2026,142542,FC Cincinnati,0.1398991348215602,1,0.16977751807316113,0.18109601928369778,0.08526302780904964,97.76536312849161,-0.04768362513022338,5.027932960893855,0.15103934089040483,99.44134078212291,-0.04106941297759648,6.70391061452514,0.03783645726173852,15.083798882681565,0.015403501545280527,92.73743016759776,78.2122905027933,142542,20,22.857142857142858,516250,58.212290502793294,TRUE,FALSE,98.07692307692308,High,14,86,Elite Value,Central and defensive midfielders,1.1.0,2026-10-03 17:19:27 UTC,3,3,11,Performance data through: 2026-10-03 (updates every day) · MLSPA compensation as of: 2026-04-16,FALSE,2026-10-03 17:19:20 UTC
ljqELGYo5x,asa_ljqELGYo5x_mls_full_2025,William Reilly,william reilly,2002-12-03,USA,CM,NA,23.575633127994525,mls,KAqBN0Vqbg,CM,asa_live,TRUE,NA,mlspa_via_asa,820,88025,564,88025,full_2025,2025 full season,564,0,1,TRUE,0.14514893617021274,0.01897340425531915,-0.0019308510638297801,0.05471808510638297,-0.00453191489361702,0.0775691489361702,3.510638297872341e-4,2026,88025,Atlanta United FC,0.1398991348215602,1,0.1424428530008042,0.15193904320560592,0.020238297872972873,62.56983240223464,-0.0020595744681494604,22.905027932960895,0.05836595744863244,81.56424581005587,-0.0048340425533425525,28.491620111731844,0.08274042553450052,73.18435754189944,3.7446808511808514e-4,66.4804469273743,55.865921787709496,88025,2.5714285714285716,3.831168831168831,516250,53.29449321628093,TRUE,FALSE,95.1923076923077,Medium,29.75,70.25,Undervalued,Central and defensive midfielders,1.1.0,2026-10-03 17:19:27 UTC,6,6,24,Performance data through: 2026-10-03 (updates every day) · MLSPA compensation as of: 2026-04-16,FALSE,2026-10-03 17:19:20 UTC
ljqELmRk5x,asa_ljqELmRk5x_mls_full_2025,Victor Loturi,victor loturi,2001-05-21,Canada,CM,NA,25.111567419575632,mls,APk5LGOMOW,CM,asa_live,TRUE,NA,mlspa_via_asa,2296,146500,2826,146500,full_2025,2025 full season,2826,0,1,TRUE,0.07968152866242037,0.0087452229299363,0.00378025477707006,0.02067834394904458,-0.00872929936305732,0.05471974522292994,4.872611464968153e-4,2026,146500,CF Montréal,0.1398991348215602,1,0.09022751923319793,0.09624268718508537,0.00932823779222356,28.491620111731844,0.004032271762334072,29.050279329608937,0.022056900213003498,40.78212290502793,-0.009311252654218784,24.58100558659218,0.058367728239615925,38.547486033519554,5.197452229461783e-4,67.59776536312849,6.145251396648045,146500,20.571428571428573,23.246753246753247,516250,-14.426177174780527,TRUE,FALSE,34.61538461538461,High,14,86,Fair Value,Central and defensive midfielders,1.1.0,2026-10-03 17:19:27 UTC,69,69,291,Performance data through: 2026-10-03 (updates every day) · MLSPA compensation as of: 2026-04-16,FALSE,2026-10-03 17:19:20 UTC
ljqELmeo5x,asa_ljqELmeo5x_mls_full_2025,Ousseni Bouda,ousseni bouda,2000-04-28,Burkina Faso,W,NA,26.17385352498289,mls,0KPqjA456v,W,asa_live,TRUE,NA,mlspa_via_asa,2209,350000,1555,350000,full_2025,2025 full season,1555,0,1,TRUE,0.2787106109324759,0.06786752411575563,-0.02054662379421221,0.14591575562700965,0.02701157556270096,0.05241993569131832,0.00604244372990353,2026,350000,San Jose Earthquakes,0.20362313755561975,1,0.25780458586235355,0.27499155826177063,0.07239202572573492,83.61581920903954,-0.021916398714511245,31.073446327683616,0.15564347267367415,83.61581920903954,0.02881234726778141,71.75141242937853,0.055914598072486874,74.57627118644068,0.006445273312098513,63.27683615819209,85.31073446327683,350000,33.529411764705884,38.05194805194805,562000,51.781322698570946,TRUE,FALSE,98.93617021276596,High,14,86,Elite Value,Wingers and attacking midfielders,1.1.0,2026-10-03 17:19:27 UTC,2,2,8,Performance data through: 2026-10-03 (updates every day) · MLSPA compensation as of: 2026-04-16,FALSE,2026-10-03 17:19:20 UTC
ljqELmrw5x,asa_ljqELmrw5x_mls_full_2025,Santiago Muñoz,santiago munoz,2002-08-14,Mexico,W,NA,22.88021902806297,mls,Z2vQ1xlqrA,W,asa_live,TRUE,NA,mlspa_via_asa,0,NA,1011,335026,full_2025,2025 full season,1011,0,1,TRUE,0.2135786350148368,0.05333234421364985,-0.03831454005934718,0.16225816023738873,-0.02736498516320475,0.03913353115727003,0.02453412462908012,2026,335026,Sporting Kansas City,0.20362313755561975,1,0.2098708147320744,0.22386220238787505,0.05688783382967092,67.79661016949153,-0.040868842731247475,19.2090395480226,0.1730753709252899,88.70056497175142,-0.029189317508330564,16.949152542372882,0.041742433235725816,48.58757062146893,0.026169732938503262,91.52542372881356,60.451977401129945,335026,32.94117647058823,36.883116883116884,562000,27.510800930541713,FALSE,FALSE,NA,Low,41,59,Insufficient Evidence,Wingers and attacking midfielders,1.1.0,2026-10-03 17:19:27 UTC,NA,NA,NA,Performance data through: 2026-10-03 (updates every day) · MLSPA compensation as of: 2026-04-16,FALSE,2026-10-03 17:19:20 UTC
ljqEVeEoQx,asa_ljqEVeEoQx_mls_full_2025,Rodrigo Schlegel,rodrigo schlegel,1997-04-03,Argentina,CB,NA,28.243668720054757,mls,jYQJ8EW5GR,CB,asa_live,TRUE,NA,mlspa_via_asa,0,NA,3085,609667,full_2025,2025 full season,3085,0,1,TRUE,0.14176823338735817,0.00771636952998379,0.05792090761750404,0.00837277147487844,0.007690113452188,0.0707513776337115,-0.01068330632090762,2026,609667,Orlando City SC,0.14523645173583166,1,0.14233293651058315,0.15182179894936645,0.008230794165573254,50.306748466257666,0.06178230146060167,68.09815950920246,0.008930956240149428,28.220858895705522,0.008202787682590203,76.07361963190183,0.07546813614498399,43.558282208588956,-0.011395526742657572,26.380368098159508,44.785276073619634,609667,56.52173913043478,59.22077922077922,518000,-11.736463056815147,FALSE,FALSE,NA,Low,41,59,Insufficient Evidence,Center backs,1.1.0,2026-10-03 17:19:27 UTC,NA,NA,NA,Performance data through: 2026-10-03 (updates every day) · MLSPA compensation as of: 2026-04-16,FALSE,2026-10-03 17:19:20 UTC
ljqEj6gkQx,asa_ljqEj6gkQx_mls_full_2025,Dany Rosero,dany rosero,1993-10-06,Colombia,CB,NA,31.734428473648187,mls,Z2vQ1xlqrA,CB,asa_live,TRUE,NA,mlspa_via_asa,0,NA,212,530000,full_2025,2025 full season,212,0,1,TRUE,0.30506603773584906,0.03069339622641509,0.05663207547169811,0.13168867924528302,-0.00148584905660377,0.08902358490566038,-0.00148584905660377,2026,530000,Sporting Kansas City,0.14523645173583166,1,0.1869653584254914,0.19942971566008966,0.032739622642532544,97.54601226993866,0.06040754717169905,66.25766871165644,0.1404679245326915,99.38650306748467,-0.001584905660426883,38.65030674846626,0.0949584905690052,64.41717791411043,-0.001584905660426883,57.668711656441715,88.95705521472392,530000,51.86335403726708,53.246753246753244,518000,37.09370117745684,FALSE,FALSE,NA,Low,41,59,Insufficient Evidence,Center backs,1.1.0,2026-10-03 17:19:27 UTC,NA,NA,NA,Performance data through: 2026-10-03 (updates every day) · MLSPA compensation as of: 2026-04-16,FALSE,2026-10-03 17:19:20 UTC
ljqEj8WNQx,asa_ljqEj8WNQx_mls_full_2025,Andrew Farrell,andrew farrell,1992-04-02,USA,CB,NA,34.24503764544832,mls,19vQ2095K6,CB,asa_live,TRUE,NA,mlspa_via_asa,103,113400,46,113400,full_2025,2025 full season,46,0,1,TRUE,0.25180434782608696,0,0.029934782608695646,-0.00254347826086956,0.0072391304347826,0.2134565217391305,0.0037173913043478195,2026,113400,New England Revolution,0.14523645173583166,1,0.15282487777321827,0.16301320296319363,0,7.975460122699387,0.031930434783606514,19.01840490797546,-0.0027130434783456466,1.8404907975460123,0.007721739130676078,72.39263803680981,0.2276869565288544,97.54601226993866,0.003965217391428254,95.0920245398773,59.50920245398773,113400,11.801242236024844,13.896103896103897,518000,47.70796021796289,FALSE,TRUE,NA,Low,41,59,Small-Sample Watchlist,Center backs,1.1.0,2026-10-03 17:19:27 UTC,NA,NA,NA,Performance data through: 2026-10-03 (updates every day) · MLSPA compensation as of: 2026-04-16,FALSE,2026-10-03 17:19:20 UTC
ljqEjLaEQx,asa_ljqEjLaEQx_mls_full_2025,Diego Fagundez,diego fagundez,1995-02-14,Uruguay,W,NA,31.37577002053388,mls,19vQ2095K6,W,asa_live,TRUE,NA,mlspa_via_asa,315,316250,2684,316250,full_2025,2025 full season,2684,0,1,TRUE,0.17580514157973176,0.02128949329359165,0.0666516393442623,0.04816877794336811,-0.00239754098360655,0.04345081967213114,-0.0013580476900149,2026,316250,New England Revolution,0.20362313755561975,1,0.18088760125863945,0.19294677468191165,0.02270879284720741,20.338983050847457,0.07109508196943484,88.13559322033899,0.05138002980786494,20.903954802259886,-0.0025573770492602383,37.28813559322034,0.046347540985054905,59.32203389830509,-0.0014485842027278284,23.163841807909606,31.638418079096045,316250,30.58823529411765,34.675324675324674,562000,1.0501827849783965,FALSE,TRUE,NA,Low,41,59,Small-Sample Watchlist,Wingers and attacking midfielders,1.1.0,2026-10-03 17:19:27 UTC,NA,NA,NA,Performance data through: 2026-10-03 (updates every day) · MLSPA compensation as of: 2026-04-16,FALSE,2026-10-03 17:19:20 UTC
ljqEjV8oQx,asa_ljqEjV8oQx_mls_full_2025,Nathan Byrne,nathan byrne,1992-06-05,England,FB,NA,34.06981519507187,mls,NPqxKXZ59d,FB,asa_live,TRUE,NA,mlspa_via_asa,2037,498750,2024,498750,full_2025,2025 full season,2024,0,1,TRUE,0.05511166007905138,0,0.02289130434782609,0.00380632411067193,-0.00282806324110671,0.03403013833992095,-0.00278804347826086,2026,498750,Charlotte FC,0.1336622996580173,1,0.07307293437302224,0.0779444633336595,0,6.410256410256411,0.02441739130511087,55.12820512820513,0.0040600790515102694,7.051282051282051,-0.003016600790608093,32.69230769230769,0.03629881423038335,21.794871794871796,-0.0029739130435711856,33.97435897435897,1.2820512820512822,498750,65.359477124183,50.64935064935065,368750,-64.07742584213172,TRUE,FALSE,4.444444444444445,High,14,86,Below Expected Value by Current Model,Fullbacks and wingbacks,1.1.0,2026-10-03 17:19:27 UTC,87,87,424,Performance data through: 2026-10-03 (updates every day) · MLSPA compensation as of: 2026-04-16,FALSE,2026-10-03 17:19:20 UTC
odMX70VAQY,asa_odMX70VAQY_mls_full_2025,Calvin Harris,calvin harris,2000-03-20,England,W,NA,26.28062970568104,mls,Z2vQ1xlqrA,W,asa_live,TRUE,NA,mlspa_via_asa,2205,375000,1480,375000,full_2025,2025 full season,1480,0,1,TRUE,0.2744939189189189,0.06157094594594595,-0.03764797297297297,0.16016351351351352,0.03283175675675676,0.04698851351351352,0.01058716216216216,2026,375000,Sporting Kansas City,0.20362313755561975,1,0.2540504242948903,0.2709871192563513,0.06567567567772804,76.8361581920904,-0.04015783783909276,20.338983050847457,0.17084108108641988,87.00564971751412,0.035020540541634934,75.70621468926554,0.05012108108264737,68.36158192090396,0.011292972973325875,71.75141242937853,83.05084745762711,375000,35.588235294117645,40,562000,47.46261216350947,TRUE,FALSE,97.87234042553192,High,14,86,Elite Value,Wingers and attacking midfielders,1.1.0,2026-10-03 17:19:27 UTC,3,3,13,Performance data through: 2026-10-03 (updates every day) · MLSPA compensation as of: 2026-04-16,FALSE,2026-10-03 17:19:20 UTC
odMX70eoQY,asa_odMX70eoQY_mls_full_2025,Bret Halsey,bret halsey,2000-06-01,USA,FB,NA,25.08145106091718,mls,NWMWlBK5lz,FB,asa_live,TRUE,NA,mlspa_via_asa,0,NA,37,104000,full_2025,2025 full season,37,0,1,TRUE,0.18316216216216216,0,-0.01483783783783783,-0.0017027027027027,0.09535135135135137,0.10435135135135136,0,2026,104000,FC Cincinnati,0.1336622996580173,1,0.13653748790394094,0.14563998710208825,0,6.410256410256411,-0.015827027027521614,14.743589743589743,-0.00181621621627297,1.2820512820512822,0.1017081081112865,99.35897435897436,0.11130810811158649,91.66666666666667,0,53.84615384615385,55.76923076923077,104000,10.457516339869281,10.519480519480519,368750,45.31171442936149,FALSE,FALSE,NA,Low,41,59,Insufficient Evidence,Fullbacks and wingbacks,1.1.0,2026-10-03 17:19:27 UTC,NA,NA,NA,Performance data through: 2026-10-03 (updates every day) · MLSPA compensation as of: 2026-04-16,FALSE,2026-10-03 17:19:20 UTC
odMX7PRaQY,asa_odMX7PRaQY_mls_full_2025,Ignatius Ganago,ignatius ganago,1999-02-16,Cameroon,W,NA,26.3709787816564,mls,19vQ2095K6,W,asa_live,TRUE,NA,mlspa_via_asa,0,NA,1744,1300000,full_2025,2025 full season,1744,0,1,TRUE,0.24516743119266057,0.0667104357798165,-0.05601261467889908,0.20235550458715593,-0.0398394495412844,0.04006651376146789,0.03188704128440366,2026,1300000,New England Revolution,0.20362313755561975,1,0.23453322633676274,0.25016877476703137,0.07115779816736129,81.92090395480226,-0.05974678899269277,9.6045197740113,0.21584587156637816,93.78531073446328,-0.04249541284536467,10.169491525423728,0.04273761468023463,50.847457627118644,0.034012844037760136,93.78531073446328,75.14124293785311,1300000,74.11764705882354,86.49350649350649,562000,1.0235958790295712,FALSE,FALSE,NA,Low,41,59,Insufficient Evidence,Wingers and attacking midfielders,1.1.0,2026-10-03 17:19:27 UTC,NA,NA,NA,Performance data through: 2026-10-03 (updates every day) · MLSPA compensation as of: 2026-04-16,FALSE,2026-10-03 17:19:20 UTC
odMX7XZoQY,asa_odMX7XZoQY_mls_full_2025,Zac McGraw,zac mcgraw,1997-06-08,USA,CB,NA,28.06297056810404,mls,WBLMvYAQxe,CB,asa_live,TRUE,NA,mlspa_via_asa,0,NA,274,321750,full_2025,2025 full season,274,0,1,TRUE,-0.04358759124087592,0,0.04004014598540146,-8.868613138686132e-4,-0.00942700729927007,0.00893430656934306,-0.08224817518248176,2026,321750,Portland Timbers FC,0.14523645173583166,1,0.08603989821681807,0.0917758914341406,0,7.975460122699387,0.042709489052429564,37.423312883435585,-9.459854014894161e-4,3.067484662576687,-0.010055474452868975,20.858895705521473,0.009529927007597075,5.521472392638037,-0.08773138686405547,1.2269938650306749,2.4539877300613497,321750,34.161490683229815,35.324675324675326,518000,-31.707502953168465,FALSE,FALSE,NA,Low,41,59,Insufficient Evidence,Center backs,1.1.0,2026-10-03 17:19:27 UTC,NA,NA,NA,Performance data through: 2026-10-03 (updates every day) · MLSPA compensation as of: 2026-04-16,FALSE,2026-10-03 17:19:20 UTC
odMX84koMY,asa_odMX84koMY_mls_full_2025,Son Heung-Min,son heungmin,1992-07-08,South Korea,FW,NA,33.97946611909651,mls,eVq3ya6MWO,FW,asa_live,TRUE,NA,mlspa_via_asa,2240,11152852,1232,11152852,full_2025,2025 full season,1232,0,1,TRUE,0.3785698051948051,0.11945454545454548,0.03144886363636363,0.1372280844155844,0.05437987012987011,0.014004058441558442,0.02205438311688311,2026,11152852,Los Angeles FC,0.2320804800898512,1,0.3305929519944927,0.35263248213847864,0.12741818182216366,99.10714285714286,0.03354545454650283,94.64285714285714,0.14637662338119764,25,0.05800519480700745,96.42857142857143,0.01493766233812914,13.392857142857142,0.023524675325410464,86.60714285714286,94.64285714285714,11152852,100,99.74025974025975,558750,-5.357142857142861,TRUE,FALSE,51.724137931034484,High,14,86,Fair Value,Strikers,1.1.0,2026-10-03 17:19:27 UTC,29,29,216,Performance data through: 2026-10-03 (updates every day) · MLSPA compensation as of: 2026-04-16,FALSE,2026-10-03 17:19:20 UTC
odMX8YarMY,asa_odMX8YarMY_mls_full_2025,Alexandru Mihail Baluta,alexandru mihail baluta,1993-09-13,Romania,CM,NA,31.797399041752225,mls,eVq3ya6MWO,CM,asa_live,TRUE,NA,mlspa_via_asa,0,NA,24,768900,full_2025,2025 full season,24,0,1,TRUE,0.65925,0.14325,-0.062625,0.518625,0.06187499999999999,0,-0.001875,2026,768900,Los Angeles FC,0.1398991348215602,1,0.15987416809765403,0.1705324459761601,0.15280000000477498,99.44134078212291,-0.0668000000020875,2.2346368715083798,0.5532000000172875,100,0.06600000000206249,97.76536312849161,0,5.307262569832402,-0.0020000000000625,45.81005586592179,75.41899441340782,768900,72.57142857142857,70.64935064935065,516250,2.8475658419792467,FALSE,FALSE,NA,Low,41,59,Insufficient Evidence,Central and defensive midfielders,1.1.0,2026-10-03 17:19:27 UTC,NA,NA,NA,Performance data through: 2026-10-03 (updates every day) · MLSPA compensation as of: 2026-04-16,FALSE,2026-10-03 17:19:20 UTC
odMX8xmrMY,asa_odMX8xmrMY_mls_full_2025,Sebastien Ibeagha,sebastien ibeagha,1992-01-21,USA,CB,NA,34.44216290212184,mls,mKAqBBmqbg,CB,asa_live,TRUE,NA,mlspa_via_asa,2014,793625,3306,793625,full_2025,2025 full season,3306,0,1,TRUE,0.13595009074410164,0.010478221415607981,0.0352622504537205,0.02528221415607985,-0.00205535390199637,0.07642921960072596,-0.00944646098003629,2026,793625,FC Dallas,0.14523645173583166,1,0.1373765670869173,0.14653500489729102,0.01117676951033112,61.96319018404908,0.037613067151810606,25.766871165644172,0.026967695100661247,68.71165644171779,-0.0021923774955313067,35.58282208588957,0.08152450090998867,49.079754601226995,-0.010076225045686924,28.834355828220858,39.263803680981596,793625,70.1863354037267,72.07792207792208,518000,-30.922531722745106,TRUE,FALSE,22.105263157894736,High,14,86,Below Expected Value by Current Model,Center backs,1.1.0,2026-10-03 17:19:27 UTC,75,75,348,Performance data through: 2026-10-03 (updates every day) · MLSPA compensation as of: 2026-04-16,FALSE,2026-10-03 17:19:20 UTC
odMXE98x5Y,asa_odMXE98x5Y_mls_full_2025,Owen Graham-Roache,owen grahamroache,2008-02-11,Canada,FW,NA,18.38466803559206,mls,APk5LGOMOW,FW,asa_live,TRUE,NA,mlspa_via_asa,27,93915,150,93915,full_2025,2025 full season,150,0,1,TRUE,-0.00827999999999998,0.02196,-0.0096,0.33804,-0.37512,0.02124,-0.0048,2026,93915,CF Montréal,0.2320804800898512,1,0.18400838407188097,0.19627560968280663,0.023424000000732,10.714285714285714,-0.010240000000319998,72.32142857142857,0.360576000011268,94.64285714285714,-0.400128000012504,0.8928571428571429,0.022656000000708,25,-0.005120000000159999,13.392857142857142,16.964285714285715,93915,9.00900900900901,6.883116883116883,558750,7.955276705276706,FALSE,TRUE,NA,Low,41,59,Small-Sample Watchlist,Strikers,1.1.0,2026-10-03 17:19:27 UTC,NA,NA,NA,Performance data through: 2026-10-03 (updates every day) · MLSPA compensation as of: 2026-04-16,FALSE,2026-10-03 17:19:20 UTC
odMXEZjr5Y,asa_odMXEZjr5Y_mls_full_2025,Sam Williams,sam williams,2005-03-18,USA,CM,NA,21.286789869952088,mls,X0Oq66zq6D,CM,asa_live,TRUE,NA,mlspa_via_asa,70,99354,354,99354,full_2025,2025 full season,354,0,1,TRUE,0.03927966101694915,0.01055084745762711,-0.00455084745762711,0.0141864406779661,-0.0029745762711864397,0.02196610169491525,1.016949152542373e-4,2026,99354,Chicago Fire FC,0.1398991348215602,1,0.10256234894437749,0.1093998388774214,0.01125423728848728,35.19553072625698,-0.0048542372882872786,21.22905027932961,0.015132203390303387,27.374301675977655,-0.003172881356031355,33.5195530726257,0.02343050847530847,9.497206703910615,1.0847457627457628e-4,64.80446927374301,10.614525139664805,99354,6.857142857142857,8.571428571428571,516250,3.757382282521948,FALSE,TRUE,NA,Low,41,59,Small-Sample Watchlist,Central and defensive midfielders,1.1.0,2026-10-03 17:19:27 UTC,NA,NA,NA,Performance data through: 2026-10-03 (updates every day) · MLSPA compensation as of: 2026-04-16,FALSE,2026-10-03 17:19:20 UTC
odMXGB1xQY,asa_odMXGB1xQY_mls_full_2025,Nicolás Dubersarsky,nicolas dubersarsky,2004-12-21,Argentina,CM,NA,21.52498288843258,mls,gpMOLwl5zy,CM,asa_live,TRUE,NA,mlspa_via_asa,742,347986,820,347986,full_2025,2025 full season,820,0,1,TRUE,0.08348048780487806,0.00542195121951219,0.00892317073170731,0.01778048780487804,0.00701341463414634,0.10343414634146342,-0.05909268292682927,2026,347986,Austin FC,0.1398991348215602,1,0.10731935274150431,0.1144739762611819,0.005783414634327068,20.670391061452513,0.009518048780785236,37.43016759776536,0.01896585365912926,35.19553072625698,0.007480975609989877,67.59776536312849,0.11032975610100879,89.3854748603352,-0.06303219512392097,1.1173184357541899,13.966480446927374,347986,36,37.532467532467535,516250,-22.033519553072626,TRUE,FALSE,25,Medium,29.75,70.25,Below Expected Value by Current Model,Central and defensive midfielders,1.1.0,2026-10-03 17:19:27 UTC,79,79,334,Performance data through: 2026-10-03 (updates every day) · MLSPA compensation as of: 2026-04-16,FALSE,2026-10-03 17:19:20 UTC
odMXGL8JQY,asa_odMXGL8JQY_mls_full_2025,Logan Farrington,logan farrington,2001-12-14,USA,FW,NA,24.54483230663929,mls,mKAqBBmqbg,FW,asa_live,TRUE,NA,mlspa_via_asa,1537,417000,1907,417000,full_2025,2025 full season,1907,0,1,TRUE,0.20762296801258523,0.03775563712637651,-0.00975039328788673,0.11782590456213948,-0.014601992658626108,0.0544861038280021,0.02190770844257996,2026,417000,FC Dallas,0.2320804800898512,1,0.21347638135377373,0.22770814011780785,0.0402726796027268,21.428571428571427,-0.010400419507404191,71.42857142857143,0.12568096487020963,17.857142857142858,-0.015575458836354581,63.392857142857146,0.05811851075168511,86.60714285714286,0.023368222339482214,85.71428571428571,39.285714285714285,417000,40.54054054054054,42.98701298701299,558750,-1.2548262548262556,TRUE,FALSE,53.44827586206897,High,14,86,Fair Value,Strikers,1.1.0,2026-10-03 17:19:27 UTC,28,28,208,Performance data through: 2026-10-03 (updates every day) · MLSPA compensation as of: 2026-04-16,FALSE,2026-10-03 17:19:20 UTC
odMXR02JqY,asa_odMXR02JqY_mls_full_2025,DJ Taylor,dj taylor,1997-08-26,USA,FB,NA,28.84599589322382,mls,kRQand1MKZ,FB,asa_live,TRUE,NA,mlspa_via_asa,139,240117,254,240117,full_2025,2025 full season,254,0,1,TRUE,0.02398818897637795,0,0.03681496062992126,0.00977952755905511,0.00857480314960629,-0.02930314960629921,-0.00187795275590551,2026,240117,Minnesota United FC,0.1336622996580173,1,0.10104259929134704,0.10777877258080493,0,6.410256410256411,0.039269291339809845,75,0.010431496063318101,18.58974358974359,0.009146456693199202,66.66666666666667,-0.031256692914362595,2.5641025641025643,-0.002003149606361809,39.743589743589745,13.461538461538462,240117,35.294117647058826,30.38961038961039,368750,-21.832579185520366,FALSE,TRUE,NA,Low,41,59,Small-Sample Watchlist,Fullbacks and wingbacks,1.1.0,2026-10-03 17:19:27 UTC,NA,NA,NA,Performance data through: 2026-10-03 (updates every day) · MLSPA compensation as of: 2026-04-16,FALSE,2026-10-03 17:19:20 UTC
odMXR6GGqY,asa_odMXR6GGqY_mls_full_2025,Jonathan Dean,jonathan dean,1997-05-15,USA,FB,NA,29.127994524298423,mls,X0Oq66zq6D,FB,asa_live,TRUE,NA,mlspa_via_asa,1651,210700,2159,210700,full_2025,2025 full season,2159,0,1,TRUE,0.11450301065308012,0.01083835108846688,-0.01133858267716535,0.03126447429365447,0.00158406669754515,0.08527698008337194,-0.00312227883279295,2026,210700,Chicago Fire FC,0.1336622996580173,1,0.11866958310794141,0.1265808886524265,0.011560907828059283,50,-0.012094488189354326,18.58974358974359,0.033348772580940246,62.82051282051282,0.001689671144100962,53.205128205128204,0.09096211209177263,80.76923076923077,-0.0033304307550832226,32.05128205128205,35.256410256410255,210700,33.333333333333336,28.31168831168831,368750,1.9230769230769198,TRUE,FALSE,55.55555555555556,High,14,86,Fair Value,Fullbacks and wingbacks,1.1.0,2026-10-03 17:19:27 UTC,41,41,199,Performance data through: 2026-10-03 (updates every day) · MLSPA compensation as of: 2026-04-16,FALSE,2026-10-03 17:19:20 UTC
odMXRLKWqY,asa_odMXRLKWqY_mls_full_2025,Claudio Bravo,claudio bravo,1997-03-13,Argentina,FB,NA,28.301163586584533,mls,WBLMvYAQxe,FB,asa_live,TRUE,NA,mlspa_via_asa,0,NA,369,556654,full_2025,2025 full season,369,0,1,TRUE,0.262,0.0234390243902439,0.07546341463414634,0.02360975609756097,0.04136585365853658,0.16558536585365852,-0.06746341463414635,2026,556654,Portland Timbers FC,0.1336622996580173,1,0.18253393167679088,0.19470286046132806,0.02500162601704146,77.56410256410257,0.08049430894560487,94.87179487179488,0.025183739838185358,53.205128205128204,0.04412357723715121,95.51282051282051,0.17662439024942192,97.43589743589743,-0.07196097561200489,1.2820512820512822,89.1025641025641,556654,73.20261437908496,55.714285714285715,368750,15.89994972347914,FALSE,FALSE,NA,Low,41,59,Insufficient Evidence,Fullbacks and wingbacks,1.1.0,2026-10-03 17:19:27 UTC,NA,NA,NA,Performance data through: 2026-10-03 (updates every day) · MLSPA compensation as of: 2026-04-16,FALSE,2026-10-03 17:19:20 UTC
odMXRO3xqY,asa_odMXRO3xqY_mls_full_2025,Lalas Abubakar,lalas abubakar,1994-12-25,Ghana,CB,NA,31.515400410677618,mls,mKAqBBmqbg,CB,asa_live,TRUE,NA,mlspa_via_asa,279,495000,1981,495000,full_2025,2025 full season,1981,0,1,TRUE,0.1147647652700656,0.0092771327612317,0.0337193336698637,0.01931297324583543,-0.01832256436143362,0.08403937405350832,-0.01326148409893993,2026,495000,FC Dallas,0.14523645173583166,1,0.12184845836555558,0.1299716889273209,0.009895608278956384,55.214723926380366,0.035967289248978594,24.539877300613497,0.020600504796201558,59.50920245398773,-0.019544068652806612,9.202453987730062,0.0896419989932102,58.282208588957054,-0.014145583039311307,23.926380368098158,21.47239263803681,495000,48.4472049689441,50.064935064935064,518000,-26.97481233090729,FALSE,TRUE,NA,Low,41,59,Small-Sample Watchlist,Center backs,1.1.0,2026-10-03 17:19:27 UTC,NA,NA,NA,Performance data through: 2026-10-03 (updates every day) · MLSPA compensation as of: 2026-04-16,FALSE,2026-10-03 17:19:20 UTC
odMXRxV2qY,asa_odMXRxV2qY_mls_full_2025,Dénis Bouanga,denis bouanga,1994-11-11,Gabon,W,NA,31.63586584531143,mls,eVq3ya6MWO,W,asa_live,TRUE,NA,mlspa_via_asa,2421,4939217,3294,4939217,full_2025,2025 full season,3294,0,1,TRUE,0.4751612021857925,0.11400273224043717,-0.01445628415300546,0.190603825136612,0.12781147540983606,0.03338251366120218,0.02381693989071038,2026,4939217,Los Angeles FC,0.20362313755561975,1,0.4333217469269061,0.4622098634031439,0.12160291439359973,97.17514124293785,-0.015420036430354367,36.72316384180791,0.2033107468187396,90.96045197740114,0.13633224044141884,97.17514124293785,0.035608014573061744,37.28813559322034,0.025404735884218304,90.3954802259887,99.43502824858757,4939217,94.70588235294117,97.92207792207792,562000,4.729145895646397,TRUE,FALSE,63.829787234042556,High,14,86,Fair Value,Wingers and attacking midfielders,1.1.0,2026-10-03 17:19:27 UTC,35,35,162,Performance data through: 2026-10-03 (updates every day) · MLSPA compensation as of: 2026-04-16,FALSE,2026-10-03 17:19:20 UTC
odMXrvAqYL,asa_odMXrvAqYL_mls_full_2025,Erik Sviatchenko,erik sviatchenko,1991-10-04,Denmark,CB,NA,34.74058863791923,mls,YgOMngl5wN,CB,asa_live,TRUE,NA,mlspa_via_asa,715,925000,1072,925000,full_2025,2025 full season,1072,0,1,TRUE,0.11066977611940296,0.02401119402985074,0.0570811567164179,0.01181249999999999,-0.02131623134328358,0.04112126865671642,-0.0020401119402985,2026,925000,Houston Dynamo FC,0.14523645173583166,1,0.12307408555113575,0.1312790245919806,0.025611940299307828,95.0920245398773,0.0608865671660818,66.87116564417178,0.012600000000393739,35.58282208588957,-0.02273731343354636,7.975460122699387,0.04386268656853489,18.404907975460123,-0.0021761194030530703,55.214723926380366,25.153374233128833,925000,80.74534161490683,79.48051948051948,518000,-55.591967381778005,TRUE,FALSE,9.473684210526315,Medium,29.75,70.25,Below Expected Value by Current Model,Center backs,1.1.0,2026-10-03 17:19:27 UTC,87,87,403,Performance data through: 2026-10-03 (updates every day) · MLSPA compensation as of: 2026-04-16,FALSE,2026-10-03 17:19:20 UTC
p6qb3zlDQ0,asa_p6qb3zlDQ0_mls_full_2025,Nicolas Fleuriau Chateau,nicolas fleuriau chateau,2002-05-21,Canada,FB,NA,23.1129363449692,mls,lgpMOvnQzy,FB,asa_live,TRUE,NA,mlspa_via_asa,0,NA,18,80622,full_2025,2025 full season,18,0,1,TRUE,0.4765,0.1805,-0.039,0.28950000000000004,0.011,0.05049999999999999,-0.016,2026,80622,Vancouver Whitecaps FC,0.1336622996580173,1,0.14364786374564786,0.15322438800014598,0.19253333333935,100,-0.0416000000013,5.128205128205129,0.30880000000965,100,0.011733333333699998,72.43589743589743,0.05386666666834999,40.38461538461539,-0.0170666666672,8.333333333333334,64.1025641025641,80622,1.3071895424836601,1.103896103896104,368750,62.79537456008044,FALSE,FALSE,NA,Low,41,59,Insufficient Evidence,Fullbacks and wingbacks,1.1.0,2026-10-03 17:19:27 UTC,NA,NA,NA,Performance data through: 2026-10-03 (updates every day) · MLSPA compensation as of: 2026-04-16,FALSE,2026-10-03 17:19:20 UTC
p6qbOD1bQ0,asa_p6qbOD1bQ0_mls_full_2025,Eddie Segura,eddie segura,1997-02-02,Colombia,FB,NA,29.4072553045859,mls,eVq3ya6MWO,FB,asa_live,TRUE,NA,mlspa_via_asa,2262,722500,3126,722500,full_2025,2025 full season,3126,0,1,TRUE,0.18121209213051823,0.00900287907869481,0.07941362763915548,0.02040690978886756,0.01450479846449136,0.06177927063339731,-0.00389539347408829,2026,722500,Los Angeles FC,0.1336622996580173,1,0.17355512071787718,0.18512546210485417,0.00960307101757456,36.53846153846154,0.08470786948441296,96.7948717948718,0.02176737044213896,42.30769230769231,0.015471785029274277,78.2051282051282,0.0658978886776831,53.84615384615385,-0.004155086372490689,28.205128205128204,85.8974358974359,722500,81.69934640522875,66.55844155844156,368750,4.198089492207146,TRUE,FALSE,63.333333333333336,High,14,86,Fair Value,Fullbacks and wingbacks,1.1.0,2026-10-03 17:19:27 UTC,34,34,165,Performance data through: 2026-10-03 (updates every day) · MLSPA compensation as of: 2026-04-16,FALSE,2026-10-03 17:19:20 UTC
p6qbON3aQ0,asa_p6qbON3aQ0_mls_full_2025,Franco Negri,franco negri,1995-02-20,Argentina,FB,NA,31.359342915811087,mls,YgOMngl5wN,FB,asa_live,TRUE,NA,mlspa_via_asa,863,115605,871,115605,full_2025,2025 full season,871,0,1,TRUE,0.07043972445464983,0.0144971297359357,0.05178874856486797,0.01616073478760046,-0.005373134328358199,0.02495407577497129,-0.0315878300803674,2026,115605,Houston Dynamo FC,0.1336622996580173,1,0.09622731461237959,0.10264246892307913,0.015463605052147984,60.256410256410255,0.05524133180425212,87.17948717948718,0.017238117107312514,37.82051282051282,-0.005731343283761184,25.641025641025642,0.026617680827467845,17.94871794871795,-0.03369368542011148,4.487179487179487,10.897435897435898,115605,18.954248366013072,16.363636363636363,368750,-8.056812468577174,TRUE,FALSE,40,Medium,29.75,70.25,Fair Value,Fullbacks and wingbacks,1.1.0,2026-10-03 17:19:27 UTC,55,55,268,Performance data through: 2026-10-03 (updates every day) · MLSPA compensation as of: 2026-04-16,FALSE,2026-10-03 17:19:20 UTC
p6qbONo3Q0,asa_p6qbONo3Q0_mls_full_2025,Aiden O'Neill,aiden oneill,1998-07-04,Australia,CM,NA,27.991786447638603,mls,Vj58weDM8n,CM,asa_live,TRUE,NA,mlspa_via_asa,1201,630938,2067,630938,full_2025,2025 full season,2067,0,1,TRUE,0.07232656023222062,0.012966618287373,-0.00369230769230769,0.00695355587808418,0.00534252539912917,0.0643933236574746,-0.01363715529753265,2026,630938,New York City FC,0.1398991348215602,1,0.08752848927369183,0.09336372189485558,0.01383105950696342,41.340782122905026,-0.0039384615385846125,21.787709497206706,0.007417126270188244,10.05586592178771,0.005698693759249199,60.33519553072626,0.06868621190345268,55.3072625698324,-0.014546298984489397,13.40782122905028,4.4692737430167595,630938,58.857142857142854,61.16883116883117,516250,-54.3878691141261,TRUE,FALSE,10.576923076923077,High,20.75,79.25,Below Expected Value by Current Model,Central and defensive midfielders,1.1.0,2026-10-03 17:19:27 UTC,94,94,397,Performance data through: 2026-10-03 (updates every day) · MLSPA compensation as of: 2026-04-16,FALSE,2026-10-03 17:19:20 UTC
p6qbOeRXQ0,asa_p6qbOeRXQ0_mls_full_2025,Jordan Morris,jordan morris,1994-10-26,USA,W,NA,31.679671457905545,mls,jYQJ19EqGR,W,asa_live,TRUE,NA,mlspa_via_asa,1139,2372500,1178,2372500,full_2025,2025 full season,1178,0,1,TRUE,0.2719711375212224,0.06037945670628183,-0.04549660441426147,0.2583106960950764,-0.01164346349745331,-0.00384295415959252,0.01426400679117147,2026,2372500,Seattle Sounders FC,0.20362313755561975,1,0.24890657060369617,0.2655003419855728,0.06440475382204659,75.70621468926554,-0.04852971137672878,12.429378531073446,0.27553140917669183,97.74011299435028,-0.012419694397671646,25.98870056497175,-0.004099151103693454,6.779661016949152,0.015214940577725034,77.96610169491525,80.7909604519774,2372500,85.29411764705883,93.50649350649351,562000,-4.503157195081428,TRUE,FALSE,46.808510638297875,High,20.75,79.25,Fair Value,Wingers and attacking midfielders,1.1.0,2026-10-03 17:19:27 UTC,51,51,237,Performance data through: 2026-10-03 (updates every day) · MLSPA compensation as of: 2026-04-16,FALSE,2026-10-03 17:19:20 UTC
p6qbOkywQ0,asa_p6qbOkywQ0_mls_full_2025,Pablo Ruiz,pablo ruiz,1998-12-20,Argentina,CM,NA,27.529089664613277,mls,kaDQ0wRqEv,CM,asa_live,TRUE,NA,mlspa_via_asa,668,911500,1354,911500,full_2025,2025 full season,1354,0,1,TRUE,0.15280059084194977,0.01704283604135893,0.10040915805022158,0.013180945347119638,-0.00941211225997045,0.03484342688330871,-0.00326366322008862,2026,911500,LA Galaxy,0.1398991348215602,1,0.14883903832801235,0.15876164088817446,0.01817902511135095,56.98324022346369,0.10710310192358331,95.53072625698324,0.014059675037366978,24.022346368715084,-0.010039586410948884,22.905027932960895,0.03716632201002407,13.966480446927374,-0.003481240768203317,39.10614525139665,65.92178770949721,911500,84.57142857142857,78.57142857142857,516250,-18.64964086193136,TRUE,FALSE,29.807692307692307,Medium,29.75,70.25,Below Expected Value by Current Model,Central and defensive midfielders,1.1.0,2026-10-03 17:19:27 UTC,74,74,312,Performance data through: 2026-10-03 (updates every day) · MLSPA compensation as of: 2026-04-16,FALSE,2026-10-03 17:19:20 UTC
p6qbOn3DQ0,asa_p6qbOn3DQ0_mls_full_2025,Jonathan Bamba,jonathan bamba,1996-03-26,France,W,NA,30.26420260095825,mls,X0Oq66zq6D,W,asa_live,TRUE,NA,mlspa_via_asa,1386,5581806,3018,5581806,full_2025,2025 full season,3018,0,1,TRUE,0.22288270377733596,0.05002186878727634,0.01341053677932405,0.10666103379721673,0.0064532803180914495,0.04813121272365806,-0.00179522862823061,2026,5581806,Chicago Fire FC,0.20362313755561975,1,0.21968874586328685,0.2343346622614956,0.053356660041428826,61.5819209039548,0.014304572565059338,67.79661016949153,0.11377176938725321,70.62146892655367,0.006883499006179322,50.847457627118644,0.05133996024017297,69.49152542372882,-0.0019149105368391581,21.468926553672315,67.79661016949153,5581806,97.05882352941177,98.57142857142857,562000,-29.26221335992024,TRUE,FALSE,21.27659574468085,High,20.75,79.25,Below Expected Value by Current Model,Wingers and attacking midfielders,1.1.0,2026-10-03 17:19:27 UTC,75,75,349,Performance data through: 2026-10-03 (updates every day) · MLSPA compensation as of: 2026-04-16,FALSE,2026-10-03 17:19:20 UTC
p6qbOnb8Q0,asa_p6qbOnb8Q0_mls_full_2025,Saba Lobjanidze,saba lobjanidze,1994-12-18,Georgia,W,NA,31.534565366187543,mls,KAqBN0Vqbg,W,asa_live,TRUE,NA,mlspa_via_asa,1228,998750,2141,998750,full_2025,2025 full season,2141,0,1,TRUE,0.12206959364782811,0.04204063521718823,-0.01273703876693134,0.09359831854273704,-0.01395189163942083,0.01283372255955161,2.858477347034096e-4,2026,998750,Atlanta United FC,0.20362313755561975,1,0.13992151861852312,0.14924961986442203,0.0448433442330688,50.282485875706215,-0.013586174685151331,37.85310734463277,0.09983820644870611,62.71186440677966,-0.014882017749180614,23.163841807909606,0.013689304063949508,13.559322033898304,3.049042503598318e-4,40.67796610169491,5.084745762711864,998750,69.41176470588235,81.68831168831169,562000,-64.32701894317049,TRUE,FALSE,2.127659574468085,High,20.75,79.25,Below Expected Value by Current Model,Wingers and attacking midfielders,1.1.0,2026-10-03 17:19:27 UTC,93,93,434,Performance data through: 2026-10-03 (updates every day) · MLSPA compensation as of: 2026-04-16,FALSE,2026-10-03 17:19:20 UTC
p6qbPXRpM0,asa_p6qbPXRpM0_mls_full_2025,Alex Harris,alex harris,2005-02-16,USA,W,NA,21.36892539356605,mls,pzeQZ6xQKw,W,asa_live,TRUE,NA,mlspa_via_asa,231,90025,66,90025,full_2025,2025 full season,66,0,1,TRUE,-0.093,0,-0.11181818181818182,-0.00695454545454545,0.01786363636363636,0.01213636363636363,-0.00422727272727272,2026,90025,Colorado Rapids,0.20362313755561975,1,0.1742280518519097,0.1858432553145113,0,6.214689265536723,-0.11927272727645455,1.694915254237288,-0.007418181818413631,1.1299435028248588,0.019054545455140903,61.5819209039548,0.012945454545859082,12.429378531073446,-0.004509090909231811,14.689265536723164,23.728813559322035,90025,7.0588235294117645,5.584415584415584,562000,16.66999002991027,FALSE,TRUE,NA,Low,41,59,Small-Sample Watchlist,Wingers and attacking midfielders,1.1.0,2026-10-03 17:19:27 UTC,NA,NA,NA,Performance data through: 2026-10-03 (updates every day) · MLSPA compensation as of: 2026-04-16,FALSE,2026-10-03 17:19:20 UTC
p6qbeZ1p50,asa_p6qbeZ1p50_mls_full_2025,Robin Lod,robin lod,1993-04-17,Finland,FW,NA,33.204654346338124,mls,X0Oq66zq6D,FW,asa_live,TRUE,NA,mlspa_via_asa,1652,866667,3055,866667,full_2025,2025 full season,3055,0,1,TRUE,0.20981047463175123,0.03134828150572832,0.028735188216039282,0.07975384615384615,0.00296366612111293,0.06935450081833061,-0.00234500818330605,2026,866667,Chicago Fire FC,0.2320804800898512,1,0.2134662894812341,0.22769737545376526,0.033438166940488484,15.178571428571429,0.03065086743139974,92.85714285714286,0.08507076923342768,9.821428571428571,0.003161243862619247,79.46428571428571,0.07397813420853114,95.53571428571429,-0.002501342062271287,22.321428571428573,38.392857142857146,866667,65.76576576576576,76.36363636363636,558750,-27.372908622908618,TRUE,FALSE,29.310344827586206,High,14,86,Below Expected Value by Current Model,Strikers,1.1.0,2026-10-03 17:19:27 UTC,42,42,315,Performance data through: 2026-10-03 (updates every day) · MLSPA compensation as of: 2026-04-16,FALSE,2026-10-03 17:19:20 UTC
p6qbekPD50,asa_p6qbekPD50_mls_full_2025,Tyler Boyd,tyler boyd,1994-12-30,USA,W,NA,31.50171115674196,mls,eVq3ya6MWO,W,asa_live,TRUE,NA,mlspa_via_asa,967,1435000,206,1435000,full_2025,2025 full season,206,0,1,TRUE,-0.00738349514563106,0.00760194174757281,-0.01179611650485436,0.08842718446601942,-0.10817475728155342,-0.00816990291262136,0.024728155339805824,2026,1435000,Los Angeles FC,0.20362313755561975,1,0.14969340264686332,0.15967296282831064,0.008108737864331063,12.994350282485875,-0.012582524272237855,40.67796610169491,0.09432233010003496,59.887005649717516,-0.11538640777059614,3.9548022598870056,-0.008714563107068448,5.084745762711864,0.026376699029950483,92.090395480226,9.03954802259887,1435000,75.88235294117646,88.44155844155844,562000,-66.8428049185776,TRUE,FALSE,1.0638297872340425,High,20.75,79.25,Below Expected Value by Current Model,Wingers and attacking midfielders,1.1.0,2026-10-03 17:19:27 UTC,94,94,439,Performance data through: 2026-10-03 (updates every day) · MLSPA compensation as of: 2026-04-16,FALSE,2026-10-03 17:19:20 UTC
p6qbgGEpQ0,asa_p6qbgGEpQ0_mls_full_2025,Kerwin Vargas,kerwin vargas,2002-01-02,Colombia,W,NA,24.49281314168378,mls,NPqxKXZ59d,W,asa_live,TRUE,NA,mlspa_via_asa,1095,733750,2215,733750,full_2025,2025 full season,2215,0,1,TRUE,0.2378966139954854,0.04825869074492099,0.007667268623024831,0.08399458239277652,0.03779593679458239,0.05398374717832957,0.00619638826185101,2026,733750,Charlotte FC,0.20362313755561975,1,0.23059143251629555,0.24596419469173497,0.051475936796191016,58.19209039548023,0.008178419864815396,62.14689265536723,0.08959422122176144,54.80225988700565,0.04031566591548108,77.40112994350282,0.057582663658684335,75.70621468926554,0.0066094808128476235,64.97175141242938,73.44632768361582,733750,62.35294117647059,67.92207792207792,562000,11.093386507145233,TRUE,FALSE,73.40425531914893,High,20.75,79.25,Undervalued,Wingers and attacking midfielders,1.1.0,2026-10-03 17:19:27 UTC,26,26,120,Performance data through: 2026-10-03 (updates every day) · MLSPA compensation as of: 2026-04-16,FALSE,2026-10-03 17:19:20 UTC
p6qbgNaBQ0,asa_p6qbgNaBQ0_mls_full_2025,Baltasar Rodríguez,baltasar rodriguez,2003-07-09,Argentina,W,NA,21.97946611909651,mls,zeQZkL1MKw,W,asa_live,TRUE,NA,mlspa_via_asa,0,NA,1109,440000,full_2025,2025 full season,1109,0,1,TRUE,0.1620649233543733,0.03225067628494139,-0.00676825969341749,0.05465734896302976,0.00389540126239855,0.08151127141568981,-0.00348151487826871,2026,440000,Inter Miami CF,0.20362313755561975,1,0.17665528527406194,0.18843230429822125,0.03440072137167917,35.59322033898305,-0.007219477006537598,45.76271186440678,0.058301172229053656,28.8135593220339,0.004155094680021633,47.45762711864407,0.08694535617945284,96.61016949152543,-0.0037136158702693414,17.51412429378531,25.98870056497175,440000,39.411764705882355,45.25974025974026,562000,-13.423064140910604,FALSE,FALSE,NA,Low,41,59,Insufficient Evidence,Wingers and attacking midfielders,1.1.0,2026-10-03 17:19:27 UTC,NA,NA,NA,Performance data through: 2026-10-03 (updates every day) · MLSPA compensation as of: 2026-04-16,FALSE,2026-10-03 17:19:20 UTC
p6qbgzx4Q0,asa_p6qbgzx4Q0_mls_full_2025,Jasper Löeffelsend,jasper loeffelsend,1997-09-10,NA,FB,NA,27.805612594113622,mls,zeQZBOzQKw,FB,asa_live,TRUE,NA,mlspa_via_asa,0,NA,680,280833,full_2025,2025 full season,680,0,1,TRUE,0.04284264705882353,0.01535294117647059,-0.05010882352941176,0.029858823529411764,9.661764705882354e-4,0.04469558823529412,0.00207794117647058,2026,280833,San Diego FC,0.1336622996580173,1,0.0854143592146956,0.09110864983185579,0.016376470588747062,62.17948717948718,-0.05344941176637617,1.9230769230769231,0.03184941176570118,62.17948717948718,0.0010305882353263236,48.07692307692308,0.047675294119136916,36.53846153846154,0.0022164705883045504,69.87179487179488,4.487179487179487,280833,38.56209150326797,32.33766233766234,368750,-34.07491201608848,FALSE,FALSE,NA,Low,41,59,Insufficient Evidence,Fullbacks and wingbacks,1.1.0,2026-10-03 17:19:27 UTC,NA,NA,NA,Performance data through: 2026-10-03 (updates every day) · MLSPA compensation as of: 2026-04-16,FALSE,2026-10-03 17:19:20 UTC
p6qboAn8Q0,asa_p6qboAn8Q0_mls_full_2025,Luca Orellano,luca orellano,2000-03-22,Argentina,FB,NA,25.27583846680356,mls,NWMWlBK5lz,FB,asa_live,TRUE,NA,mlspa_via_asa,0,NA,2192,943950,full_2025,2025 full season,2192,0,1,TRUE,0.2230784671532847,0.04589096715328467,0.00230748175182481,0.04480702554744525,0.08614461678832117,0.0382007299270073,0.00572764598540146,2026,943950,FC Cincinnati,0.1336622996580173,1,0.20386295837923007,0.21745382227797416,0.04895036496503334,92.3076923076923,0.0024613138686900467,28.846153846153847,0.04779416058543517,74.35897435897436,0.0918875912437474,98.07692307692308,0.04074744525674781,25.641025641025642,0.0061094890512858125,87.17948717948718,97.43589743589743,943950,96.07843137254902,80.12987012987013,368750,1.3574660633484115,FALSE,FALSE,NA,Low,41,59,Insufficient Evidence,Fullbacks and wingbacks,1.1.0,2026-10-03 17:19:27 UTC,NA,NA,NA,Performance data through: 2026-10-03 (updates every day) · MLSPA compensation as of: 2026-04-16,FALSE,2026-10-03 17:19:20 UTC
p6qboGWbQ0,asa_p6qboGWbQ0_mls_full_2025,Carlos Harvey,carlos harvey,2000-02-03,Panama,CB,NA,26.406570841889117,mls,kRQand1MKZ,CB,asa_live,TRUE,NA,mlspa_via_asa,452,317063,1824,317063,full_2025,2025 full season,1824,0,1,TRUE,0.16306578947368422,0.02132565789473684,0.01713651315789473,0.04263651315789473,-0.01163980263157894,0.09608881578947367,-0.00248190789473684,2026,317063,Minnesota United FC,0.14523645173583166,1,0.1586525870633247,0.1692294262061681,0.022747368421763486,93.25153374233129,0.018278947368992264,9.815950920245399,0.04547894736984227,88.95705521472392,-0.012415789474072195,17.177914110429448,0.10249473684530822,70.5521472392638,-0.0026473684211353594,51.533742331288344,63.80368098159509,317063,33.54037267080745,34.8051948051948,518000,30.263308310787643,TRUE,FALSE,83.15789473684211,Medium,29.75,70.25,Strong Value,Center backs,1.1.0,2026-10-03 17:19:27 UTC,17,17,77,Performance data through: 2026-10-03 (updates every day) · MLSPA compensation as of: 2026-04-16,FALSE,2026-10-03 17:19:20 UTC
raMy4ylQd2,asa_raMy4ylQd2_mls_full_2025,Omar González,omar gonzalez,1988-10-11,USA,CB,NA,36.720054757015745,mls,X0Oq66zq6D,CB,asa_live,TRUE,NA,mlspa_via_asa,0,NA,511,123333,full_2025,2025 full season,511,0,1,TRUE,0.00699217221135028,0,0.04769471624266144,0.00118003913894324,0.00986301369863013,-0.00260665362035225,-0.04913894324853229,2026,123333,Chicago Fire FC,0.14523645173583166,1,0.08165154909225832,0.08709498570113058,0,7.975460122699387,0.05087436399376202,52.147239263803684,0.001258708414912124,12.269938650306749,0.01052054794553424,80.98159509202453,-0.0027804305284626217,3.067484662576687,-0.052414872800072405,4.294478527607362,1.8404907975460123,123333,18.012422360248447,19.22077922077922,518000,-16.171931562702433,FALSE,FALSE,NA,Low,41,59,Insufficient Evidence,Center backs,1.1.0,2026-10-03 17:19:27 UTC,NA,NA,NA,Performance data through: 2026-10-03 (updates every day) · MLSPA compensation as of: 2026-04-16,FALSE,2026-10-03 17:19:20 UTC
raMyA6KRMd,asa_raMyA6KRMd_mls_full_2025,Jon Gallagher,jon gallagher,1996-02-23,Republic of Ireland,FB,NA,30.351813826146476,mls,gpMOLwl5zy,FB,asa_live,TRUE,NA,mlspa_via_asa,2281,400000,2796,400000,full_2025,2025 full season,2796,0,1,TRUE,0.10933583690987124,0.01175858369098712,7.854077253218885e-4,0.02795922746781116,-8.369098712446352e-5,0.06099141630901288,0.00792489270386266,2026,400000,Austin FC,0.1336622996580173,1,0.11363379852615146,0.12120938509834936,0.012542489270778213,51.92307692307692,8.37768240369528e-4,28.205128205128204,0.029823175966597212,58.97435897435897,-8.927038626888411e-5,42.94871794871795,0.06505751073164678,52.56410256410256,0.008453218884384333,91.02564102564102,27.564102564102566,400000,55.55555555555556,42.01298701298701,368750,-27.99145299145299,TRUE,FALSE,18.88888888888889,High,14,86,Below Expected Value by Current Model,Fullbacks and wingbacks,1.1.0,2026-10-03 17:19:27 UTC,74,74,362,Performance data through: 2026-10-03 (updates every day) · MLSPA compensation as of: 2026-04-16,FALSE,2026-10-03 17:19:20 UTC
raMyAExNMd,asa_raMyAExNMd_mls_full_2025,Nick Fernandez,nick fernandez,2001-12-22,USA,W,NA,24.522929500342233,mls,0KPqjA456v,W,asa_live,TRUE,NA,mlspa_via_asa,753,115304,127,115304,full_2025,2025 full season,127,0,1,TRUE,0.11069291338582678,0.04138582677165355,-0.00411023622047244,0.00871653543307086,0.00177165354330708,0.05591338582677165,0.00701574803149606,2026,115304,San Jose Earthquakes,0.20362313755561975,1,0.18738910939941106,0.19988171669895144,0.04414488189114331,48.58757062146893,-0.004384251968640944,46.89265536723164,0.009297637795566135,3.9548022598870056,0.001889763779586607,44.067796610169495,0.05964094488375354,77.40112994350282,0.007483464567162989,66.66666666666667,36.15819209039548,115304,16.470588235294116,16.103896103896105,562000,19.687603855101365,TRUE,FALSE,80.85106382978724,Medium,29.75,70.25,Fair Value,Wingers and attacking midfielders,1.1.0,2026-10-03 17:19:27 UTC,19,19,88,Performance data through: 2026-10-03 (updates every day) · MLSPA compensation as of: 2026-04-16,FALSE,2026-10-03 17:19:20 UTC
raMyAGEBMd,asa_raMyAGEBMd_mls_full_2025,Fafa Picault,fafa picault,1991-02-23,USA,FW,NA,35.351129363449694,mls,KAqBN0Vqbg,FW,asa_live,TRUE,NA,mlspa_via_asa,847,142250,875,142250,full_2025,2025 full season,875,0,1,TRUE,0.2836902857142857,0.07069371428571429,-0.00422742857142857,0.2065062857142857,-0.02124,0.03339771428571429,-0.00144,2026,142250,Atlanta United FC,0.2320804800898512,1,0.26269646647722755,0.2802095642511326,0.07540662857378504,66.07142857142857,-0.004509257142998056,78.57142857142857,0.22027337143545495,60.714285714285715,-0.022656000000708,59.82142857142857,0.03562422857254183,62.5,-0.001536000000048,25,69.64285714285714,142250,25.225225225225227,22.5974025974026,558750,44.41763191763191,TRUE,FALSE,93.10344827586206,Medium,29.75,70.25,Strong Value,Strikers,1.1.0,2026-10-03 17:19:27 UTC,5,5,34,Performance data through: 2026-10-03 (updates every day) · MLSPA compensation as of: 2026-04-16,FALSE,2026-10-03 17:19:20 UTC
raMyAWZAMd,asa_raMyAWZAMd_mls_full_2025,Kévin Denkey,kevin denkey,2000-11-30,Togo,FW,NA,25.582477754962355,mls,NWMWlBK5lz,FW,asa_live,TRUE,NA,mlspa_via_asa,2174,3810000,2827,3810000,full_2025,2025 full season,2827,0,1,TRUE,0.2041857092324018,0.07240749911567032,-0.06591298195967456,0.1879016625397948,-0.02211001061195613,0.030903077467279796,9.96462681287584e-4,2026,3810000,FC Cincinnati,0.2320804800898512,1,0.2090695325514767,0.2230075013952108,0.07723466572579525,69.64285714285714,-0.0703071807591833,24.107142857142858,0.20042844004871116,51.785714285714285,-0.02358401132015687,58.92857142857143,0.032963282632795216,58.035714285714285,0.0010628935267399716,41.964285714285715,33.92857142857143,3810000,95.49549549549549,97.01298701298701,558750,-61.56692406692406,TRUE,FALSE,5.172413793103448,High,14,86,Below Expected Value by Current Model,Strikers,1.1.0,2026-10-03 17:19:27 UTC,56,56,422,Performance data through: 2026-10-03 (updates every day) · MLSPA compensation as of: 2026-04-16,FALSE,2026-10-03 17:19:20 UTC
raMyAZR2Md,asa_raMyAZR2Md_mls_full_2025,Cristian Roldan,cristian roldan,1995-06-03,USA,CM,NA,31.077344284736483,mls,jYQJ19EqGR,CM,asa_live,TRUE,NA,mlspa_via_asa,1678,1766000,3269,1766000,full_2025,2025 full season,3269,0,1,TRUE,0.215760477210156,0.02731110431324564,0.05512603242581829,0.04035546038543897,0.01555246252676659,0.08498378709085347,-0.00756836953196696,2026,1766000,Seattle Sounders FC,0.1398991348215602,1,0.2039959888583448,0.217595721455701,0.02913184460170572,77.6536312849162,0.05880110125604371,81.56424581005587,0.04304582441248008,70.39106145251397,0.01658929336240278,82.68156424581005,0.09064937289974316,79.32960893854748,-0.008072927501017036,19.553072625698324,93.85474860335195,1766000,96.57142857142857,91.03896103896103,516250,-2.716679968076619,TRUE,FALSE,49.03846153846154,High,14,86,Fair Value,Central and defensive midfielders,1.1.0,2026-10-03 17:19:27 UTC,54,54,227,Performance data through: 2026-10-03 (updates every day) · MLSPA compensation as of: 2026-04-16,FALSE,2026-10-03 17:19:20 UTC
raMyAywlMd,asa_raMyAywlMd_mls_full_2025,Miguel Almirón,miguel almiron,1994-02-10,Paraguay,W,NA,32.38603696098563,mls,KAqBN0Vqbg,W,asa_live,TRUE,NA,mlspa_via_asa,1890,7871000,3016,7871000,full_2025,2025 full season,3016,0,1,TRUE,0.2754161140583554,0.05237068965517241,0.04242473474801061,0.10911604774535807,0.0254512599469496,0.04244263925729443,0.00361074270557029,2026,7871000,Atlanta United FC,0.20362313755561975,1,0.2635035626475033,0.28107046683278697,0.05586206896726292,65.53672316384181,0.045253050399292144,83.61581920903954,0.11639045093201915,71.1864406779661,0.027148010610927947,68.92655367231639,0.04527214854252882,57.06214689265537,0.0038514588860620006,56.49717514124294,88.70056497175142,7871000,98.23529411764706,99.22077922077922,562000,-9.53472914589564,TRUE,FALSE,38.297872340425535,High,14,86,Fair Value,Wingers and attacking midfielders,1.1.0,2026-10-03 17:19:27 UTC,59,59,275,Performance data through: 2026-10-03 (updates every day) · MLSPA compensation as of: 2026-04-16,FALSE,2026-10-03 17:19:20 UTC
raMyeRERMd,asa_raMyeRERMd_mls_full_2025,Tate Johnson,tate johnson,2005-07-10,USA,FB,NA,20.974674880219027,mls,lgpMOvnQzy,FB,asa_live,TRUE,NA,mlspa_via_asa,2237,89025,2510,89025,full_2025,2025 full season,2510,0,1,TRUE,0.1419167330677291,0.00893904382470119,0.0429203187250996,0.02133466135458167,-0.0039011952191234994,0.06826374501992032,0.0043601593625498,2026,89025,Vancouver Whitecaps FC,0.1336622996580173,1,0.14032423787614481,0.14967918707256528,0.009534980079979237,35.256410256410255,0.04578167330820358,80.12820512820512,0.022756972112264937,46.15384615384615,-0.0041612749005284395,30.76923076923077,0.07281466135685713,61.53846153846154,0.004650836653531791,82.6923076923077,58.97435897435897,89025,5.882352941176471,4.935064935064935,368750,53.0920060331825,TRUE,FALSE,95.55555555555556,High,14,86,Undervalued,Fullbacks and wingbacks,1.1.0,2026-10-03 17:19:27 UTC,5,5,23,Performance data through: 2026-10-03 (updates every day) · MLSPA compensation as of: 2026-04-16,FALSE,2026-10-03 17:19:20 UTC
raMyeZ2NMd,asa_raMyeZ2NMd_mls_full_2025,Pablo Ortíz,pablo ortiz,2000-06-08,Colombia,CB,NA,25.062286105407257,mls,YgOMngl5wN,CB,asa_live,TRUE,NA,mlspa_via_asa,0,NA,1622,443400,full_2025,2025 full season,1622,0,1,TRUE,0.06898150431565968,0.00529901356350185,0.03682120838471023,0.01621331689272503,0.00400616522811344,0.01600246609124537,-0.00936066584463625,2026,443400,Houston Dynamo FC,0.14523645173583166,1,0.08957239920859542,0.09554389249215418,0.005652281134578607,34.355828220858896,0.03927595561158495,28.834355828220858,0.01729420468611381,47.852760736196316,0.0042732429101212084,60.736196319018404,0.017069297164528475,7.361963190184049,-0.00998471023459069,29.447852760736197,3.6809815950920246,443400,42.857142857142854,46.103896103896105,518000,-39.176161262050826,FALSE,FALSE,NA,Low,41,59,Insufficient Evidence,Center backs,1.1.0,2026-10-03 17:19:27 UTC,NA,NA,NA,Performance data through: 2026-10-03 (updates every day) · MLSPA compensation as of: 2026-04-16,FALSE,2026-10-03 17:19:20 UTC
raMyeeOAMd,asa_raMyeeOAMd_mls_full_2025,Tomás Ángel,tomas angel,2003-02-20,Colombia,FW,NA,22.360027378507873,mls,zeQZBOzQKw,FW,asa_live,TRUE,NA,mlspa_via_asa,0,NA,851,443750,full_2025,2025 full season,851,0,1,TRUE,0.10572620446533489,0.05154641598119859,-0.02914688601645123,0.13268390129259694,-0.06999059929494712,0.026830787309048174,-0.00619741480611045,2026,443750,San Diego FC,0.2320804800898512,1,0.15797469886554838,0.16850634546185075,0.05498284371499671,38.392857142857146,-0.031090011751852872,60.714285714285715,0.1415294947165262,22.321428571428573,-0.07465663925027662,24.107142857142858,0.028619506463879077,42.857142857142854,-0.006610575793391061,11.607142857142858,8.035714285714286,443750,43.24324324324324,46.23376623376623,558750,-35.20752895752896,FALSE,FALSE,NA,Low,41,59,Insufficient Evidence,Strikers,1.1.0,2026-10-03 17:19:27 UTC,NA,NA,NA,Performance data through: 2026-10-03 (updates every day) · MLSPA compensation as of: 2026-04-16,FALSE,2026-10-03 17:19:20 UTC
raMyeneJMd,asa_raMyeneJMd_mls_full_2025,Ryan Sailor,ryan sailor,1998-11-27,USA,CB,NA,27.592060232717316,mls,jYQJ19EqGR,CB,asa_live,TRUE,NA,mlspa_via_asa,96,113400,108,113400,full_2025,2025 full season,108,0,1,TRUE,0.1401666666666667,3.333333333333334e-4,0.09333333333333334,0.1370833333333333,-0.14475,0.04883333333333333,0.00533333333333333,2026,113400,Seattle Sounders FC,0.14523645173583166,1,0.14446309469138277,0.15409396767562372,3.555555555666667e-4,17.791411042944784,0.09955555555866667,96.31901840490798,0.14622222222679163,100,-0.15440000000482498,1.2269938650306749,0.05208888889051667,23.312883435582823,0.005688888889066663,96.93251533742331,48.466257668711656,113400,11.801242236024844,13.896103896103897,518000,36.665015432686815,FALSE,TRUE,NA,Low,41,59,Small-Sample Watchlist,Center backs,1.1.0,2026-10-03 17:19:27 UTC,NA,NA,NA,Performance data through: 2026-10-03 (updates every day) · MLSPA compensation as of: 2026-04-16,FALSE,2026-10-03 17:19:20 UTC
raMyob1lqd,asa_raMyob1lqd_mls_full_2025,Sydney Wathuta,sydney wathuta,NA,Canada,W,NA,26,mls,pzeQZ6xQKw,W,asa_live,FALSE,NA,NA,0,NA,7,NA,full_2025,2025 full season,7,0,1,TRUE,0.28157142857142864,0,-0.072,0.09771428571428573,0.2558571428571429,0,0,2026,NA,Colorado Rapids,0.20362313755561975,1,0.20452204700720236,0.21815685014783326,0,6.214689265536723,-0.07680000000239999,5.649717514124294,0.10422857143182858,67.2316384180791,0.27291428572281434,99.43502824858757,0,9.322033898305085,0,35.31073446327684,55.367231638418076,NA,NA,NA,562000,NA,FALSE,FALSE,NA,Insufficient,41,59,Insufficient Evidence,Wingers and attacking midfielders,1.1.0,2026-10-03 17:19:27 UTC,NA,NA,NA,Performance data through: 2026-10-03 (updates every day) · MLSPA compensation as of: 2026-04-16,FALSE,2026-10-03 17:19:20 UTC
raMyr4Ne5d,asa_raMyr4Ne5d_mls_full_2025,David Brekalo,david brekalo,1998-12-03,Slovenia,CB,NA,27.575633127994525,mls,jYQJ8EW5GR,CB,asa_live,TRUE,NA,mlspa_via_asa,2022,683000,2816,683000,full_2025,2025 full season,2816,0,1,TRUE,0.1845479403409091,0.01898117897727272,0.05013600852272727,0.03865589488636364,0.030096946022727274,0.04266051136363636,0.00401740056818181,2026,683000,Orlando City SC,0.14523645173583166,1,0.17764311213158634,0.18948598627961355,0.020246590909723607,90.1840490797546,0.05347840909258028,57.05521472392638,0.04123295454674308,85.2760736196319,0.032103409091912324,97.54601226993866,0.04550454545596747,19.631901840490798,0.004285227272861177,95.70552147239263,82.20858895705521,683000,61.49068322981366,64.15584415584415,518000,20.71790572724155,TRUE,FALSE,72.63157894736842,High,14,86,Undervalued,Center backs,1.1.0,2026-10-03 17:19:27 UTC,27,27,123,Performance data through: 2026-10-03 (updates every day) · MLSPA compensation as of: 2026-04-16,FALSE,2026-10-03 17:19:20 UTC
raMyrEDR5d,asa_raMyrEDR5d_mls_full_2025,Patrickson Delgado,patrickson delgado,2003-10-17,Ecuador,CM,NA,22.704996577686515,mls,mKAqBBmqbg,CM,asa_live,TRUE,NA,mlspa_via_asa,798,286280,1949,286280,full_2025,2025 full season,1949,0,1,TRUE,0.16018984094407387,0.01830938943047717,0.02658902001026167,0.05548691636736788,-0.01422267829656234,0.08232529502308876,-0.00829810159055926,2026,286280,FC Dallas,0.1398991348215602,1,0.15541368414787607,0.1657745964295816,0.019530015393119295,59.77653631284916,0.028361621345165417,60.89385474860335,0.059186044127041974,82.68156424581005,-0.015170856850140585,16.75977653631285,0.08781364802737218,77.09497206703911,-0.008851308363539813,17.877094972067038,72.06703910614524,286280,32.57142857142857,33.116883116883116,516250,39.495610534716675,TRUE,FALSE,86.53846153846153,Medium,29.75,70.25,Strong Value,Central and defensive midfielders,1.1.0,2026-10-03 17:19:27 UTC,15,15,62,Performance data through: 2026-10-03 (updates every day) · MLSPA compensation as of: 2026-04-16,FALSE,2026-10-03 17:19:20 UTC
raMyrrNJ5d,asa_raMyrrNJ5d_mls_full_2025,Bode Hidalgo,bode hidalgo,2002-02-22,USA,FB,NA,24.35318275154004,mls,APk5LGOMOW,FB,asa_live,TRUE,NA,mlspa_via_asa,296,320800,1357,320800,full_2025,2025 full season,1357,0,1,TRUE,0.0989801031687546,0.01165954310980103,0.03501179071481208,0.01363596168017686,-0.0010147383935151,0.04273839351510685,-0.00305084745762711,2026,320800,CF Montréal,0.1336622996580173,1,0.10961337751395522,0.11692093601853935,0.012436845984176418,51.282051282051285,0.03734591009696661,73.07692307692308,0.014545025792643182,30.76923076923077,-0.0010823876197832644,38.46153846153846,0.04558761975087192,32.69230769230769,-0.0032542372882372788,33.333333333333336,23.71794871794872,320800,43.13725490196079,35.064935064935064,368750,-19.41930618401207,FALSE,TRUE,NA,Low,41,59,Small-Sample Watchlist,Fullbacks and wingbacks,1.1.0,2026-10-03 17:19:27 UTC,NA,NA,NA,Performance data through: 2026-10-03 (updates every day) · MLSPA compensation as of: 2026-04-16,FALSE,2026-10-03 17:19:20 UTC
raMyrwkR5d,asa_raMyrwkR5d_mls_full_2025,Boris Enow,boris enow,2000-03-30,Cameroon,CM,NA,25.253935660506503,mls,EKXMeX3Q64,CM,asa_live,TRUE,NA,mlspa_via_asa,0,NA,1838,613900,full_2025,2025 full season,1838,0,1,TRUE,0.07877203482045703,0.00749183895538628,0.00797660500544069,0.00813329706202394,0.00154243743199129,0.05990533188248096,-0.00627747551686615,2026,613900,D.C. United,0.1398991348215602,1,0.0938156197263889,0.100069994377942,0.007991294885995093,25.69832402234637,0.008508378672735958,35.754189944134076,0.008675516866429978,13.40782122905028,0.0016452665941754571,48.60335195530726,0.0638990206766432,49.16201117318436,-0.006695973884866476,26.256983240223462,7.262569832402234,613900,56.57142857142857,59.48051948051948,516250,-49.308858739026334,FALSE,FALSE,NA,Low,41,59,Insufficient Evidence,Central and defensive midfielders,1.1.0,2026-10-03 17:19:27 UTC,NA,NA,NA,Performance data through: 2026-10-03 (updates every day) · MLSPA compensation as of: 2026-04-16,FALSE,2026-10-03 17:19:20 UTC
raMyyJaAMd,asa_raMyyJaAMd_mls_full_2025,Paul Marie,paul marie,1995-03-24,France,W,NA,31.27173169062286,mls,0KPqjA456v,W,asa_live,TRUE,NA,mlspa_via_asa,616,382500,114,382500,full_2025,2025 full season,114,0,1,TRUE,0.4254473684210526,0.08881578947368421,0.01057894736842105,0.25523684210526315,0.01089473684210526,0.02581578947368421,0.03410526315789474,2026,382500,San Jose Earthquakes,0.20362313755561975,1,0.23904045172741156,0.25497648185054034,0.09473684210822368,93.78531073446328,0.011284210526668418,64.97175141242938,0.2722526315874553,97.17514124293785,0.0116210526319421,54.80225988700565,0.02753684210612368,23.163841807909606,0.0363789473695579,95.48022598870057,76.8361581920904,382500,36.470588235294116,40.38961038961039,562000,40.36556995679628,TRUE,FALSE,91.48936170212765,Medium,29.75,70.25,Elite Value,Wingers and attacking midfielders,1.1.0,2026-10-03 17:19:27 UTC,9,9,40,Performance data through: 2026-10-03 (updates every day) · MLSPA compensation as of: 2026-04-16,FALSE,2026-10-03 17:19:20 UTC
vzqo70PBqa,asa_vzqo70PBqa_mls_full_2025,Amar Sejdić,amar sejdic,1996-11-29,USA,CM,NA,29.58521560574949,mls,mvzqoLZQap,CM,asa_live,TRUE,NA,mlspa_via_asa,228,214550,426,214550,full_2025,2025 full season,426,0,1,TRUE,0.09409859154929576,0.0183169014084507,0.02957746478873239,0.01191549295774647,0.007183098591549291,0.02847887323943661,-0.00137323943661971,2026,214550,Columbus Crew,0.1398991348215602,1,0.12088253498336851,0.12894137065295583,0.019538028169624643,60.33519553072626,0.0315492957756338,64.24581005586592,0.012709859155326752,21.787709497206706,0.007661971831225347,68.15642458100558,0.03037746478968168,11.1731843575419,-0.001464788732440132,48.04469273743017,25.139664804469273,214550,28,28.441558441558442,516250,-2.860335195530727,FALSE,TRUE,NA,Low,41,59,Small-Sample Watchlist,Central and defensive midfielders,1.1.0,2026-10-03 17:19:27 UTC,NA,NA,NA,Performance data through: 2026-10-03 (updates every day) · MLSPA compensation as of: 2026-04-16,FALSE,2026-10-03 17:19:20 UTC
vzqo78BJqa,asa_vzqo78BJqa_mls_full_2025,Omir Fernández,omir fernandez,1999-02-08,USA,FW,NA,27.392197125256672,mls,WBLMvYAQxe,FW,asa_live,TRUE,NA,mlspa_via_asa,154,686875,832,686875,full_2025,2025 full season,832,0,1,TRUE,0.2586201923076923,0.04024038461538461,-0.00925961538461538,0.1235985576923077,0.03649759615384615,0.0714375,-0.00389423076923076,2026,686875,Portland Timbers FC,0.2320804800898512,1,0.24750020115496557,0.2640002145735466,0.04292307692441826,25.892857142857142,-0.009876923077231725,73.21428571428571,0.1318384615425815,20.535714285714285,0.038930769231985816,93.75,0.07620000000238125,97.32142857142857,-0.004153846153975952,17.857142857142858,61.607142857142854,686875,54.95495495495496,64.54545454545455,558750,6.652187902187897,FALSE,TRUE,NA,Low,41,59,Small-Sample Watchlist,Strikers,1.1.0,2026-10-03 17:19:27 UTC,NA,NA,NA,Performance data through: 2026-10-03 (updates every day) · MLSPA compensation as of: 2026-04-16,FALSE,2026-10-03 17:19:20 UTC
vzqo7EpLqa,asa_vzqo7EpLqa_mls_full_2025,Anthony Markanich,anthony markanich,1999-12-26,USA,FB,NA,26.51334702258727,mls,kRQand1MKZ,FB,asa_live,TRUE,NA,mlspa_via_asa,2468,395700,2433,395700,full_2025,2025 full season,2433,0,1,TRUE,0.2485117139334155,0.03561528976572133,0.007202219482120831,0.10271393341553638,0.00284833538840937,0.10975709001233046,-0.00962515413070283,2026,395700,Minnesota United FC,0.1336622996580173,1,0.22579175067418739,0.24084453405999293,0.03798964241795659,87.82051282051282,0.007682367447835627,32.69230769230769,0.10956152897999594,96.7948717948718,0.003038224414398272,55.76923076923077,0.11707422935014439,92.94871794871794,-0.010266831073070524,15.384615384615385,99.35897435897436,395700,54.90196078431372,41.81818181818182,368750,44.45701357466064,TRUE,FALSE,88.88888888888889,High,14,86,Strong Value,Fullbacks and wingbacks,1.1.0,2026-10-03 17:19:27 UTC,11,11,52,Performance data through: 2026-10-03 (updates every day) · MLSPA compensation as of: 2026-04-16,FALSE,2026-10-03 17:19:20 UTC
vzqo7XWpqa,asa_vzqo7XWpqa_mls_full_2025,Jackson Ragen,jackson ragen,1998-09-24,USA,CB,NA,27.76728268309377,mls,jYQJ19EqGR,CB,asa_live,TRUE,NA,mlspa_via_asa,1900,635000,2478,635000,full_2025,2025 full season,2478,0,1,TRUE,0.2621041162227603,0.01273002421307506,0.11473002421307506,0.02027360774818402,0.01072154963680387,0.10618765133171916,-0.00253874092009685,2026,635000,Seattle Sounders FC,0.14523645173583166,1,0.23932289507521087,0.255277754754869,0.013578692494371065,76.07361963190183,0.12237869249777106,99.38650306748467,0.021625181598738743,61.34969325153374,0.01143631961294818,82.20858895705521,0.11326682809070669,80.98159509202453,-0.002707990314854598,50.920245398773005,99.38650306748467,635000,57.7639751552795,61.42857142857143,518000,41.622527912205165,TRUE,FALSE,91.57894736842105,High,14,86,Elite Value,Center backs,1.1.0,2026-10-03 17:19:27 UTC,9,9,39,Performance data through: 2026-10-03 (updates every day) · MLSPA compensation as of: 2026-04-16,FALSE,2026-10-03 17:19:20 UTC
vzqo7YOpqa,asa_vzqo7YOpqa_mls_full_2025,Cengiz Ünder,cengiz under,1997-07-14,Turkey,W,NA,27.964407939767284,mls,eVq3ya6MWO,W,asa_live,TRUE,NA,mlspa_via_asa,0,NA,528,1663889.4,full_2025,2025 full season,528,0,1,TRUE,0.2597556818181818,0.07032954545454545,0.00124431818181818,0.04639772727272728,0.07762500000000001,0.04813636363636363,0.01602272727272727,2026,1663889.4,Los Angeles FC,0.20362313755561975,1,0.2298979455083084,0.24522447521652554,0.07501818182052614,87.57062146892656,0.0013272727273142026,54.80225988700565,0.04949090909245569,19.2090395480226,0.08280000000258751,91.52542372881356,0.051345454547059084,70.05649717514125,0.017090909091443177,81.35593220338983,72.88135593220339,1663889.4,80.58823529411765,90.77922077922078,562000,-7.706879361914261,FALSE,FALSE,NA,Low,41,59,Insufficient Evidence,Wingers and attacking midfielders,1.1.0,2026-10-03 17:19:27 UTC,NA,NA,NA,Performance data through: 2026-10-03 (updates every day) · MLSPA compensation as of: 2026-04-16,FALSE,2026-10-03 17:19:20 UTC
vzqo7jLvqa,asa_vzqo7jLvqa_mls_full_2025,Nouhou,nouhou,1997-06-23,Cameroon,FB,NA,29.021218343600275,mls,jYQJ19EqGR,FB,asa_live,TRUE,NA,mlspa_via_asa,2565,835000,2760,835000,full_2025,2025 full season,2760,0,1,TRUE,0.1495532608695652,0.00975978260869565,0.02646847826086956,0.01294565217391304,0.00515543478260869,0.09452282608695652,7.010869565217391e-4,2026,835000,Seattle Sounders FC,0.1336622996580173,1,0.14671558922464592,0.1564966285111795,0.01041043478293402,41.02564102564103,0.028233043479143145,60.8974358974359,0.01380869565260543,28.205128205128204,0.005499130434954451,58.97435897435897,0.10082434782923771,85.8974358974359,7.478260869798912e-4,60.8974358974359,67.3076923076923,835000,90.19607843137256,74.93506493506493,368750,-22.88838612368025,TRUE,FALSE,24.444444444444443,High,14,86,Below Expected Value by Current Model,Fullbacks and wingbacks,1.1.0,2026-10-03 17:19:27 UTC,69,69,336,Performance data through: 2026-10-03 (updates every day) · MLSPA compensation as of: 2026-04-16,FALSE,2026-10-03 17:19:20 UTC
vzqo7joZqa,asa_vzqo7joZqa_mls_full_2025,Teenage Hadebe,teenage hadebe,1995-09-17,Zimbabwe,CB,NA,30.78713210130048,mls,NWMWlBK5lz,CB,asa_live,TRUE,NA,mlspa_via_asa,577,1230000,1485,1230000,full_2025,2025 full season,1485,0,1,TRUE,0.1730909090909091,0.00514545454545454,0.03386666666666666,0.01134545454545454,-0.00865454545454545,0.14703030303030304,-0.01564242424242424,2026,1230000,FC Cincinnati,0.14523645173583166,1,0.16507523790959186,0.17608025377573383,0.005488484848656358,33.12883435582822,0.03612444444557333,25.153374233128833,0.012101818182196359,34.355828220858896,-0.009231515151803631,22.085889570552148,0.15683232323722426,92.63803680981596,-0.016685252525773936,18.404907975460123,69.93865030674847,1230000,92.54658385093168,85.84415584415585,518000,-22.60793354418321,TRUE,FALSE,27.36842105263158,Medium,29.75,70.25,Below Expected Value by Current Model,Center backs,1.1.0,2026-10-03 17:19:27 UTC,70,70,324,Performance data through: 2026-10-03 (updates every day) · MLSPA compensation as of: 2026-04-16,FALSE,2026-10-03 17:19:20 UTC
vzqo7mXJqa,asa_vzqo7mXJqa_mls_full_2025,Iván Angulo,ivan angulo,1999-03-22,Colombia,FB,NA,27.277207392197127,mls,jYQJ8EW5GR,FB,asa_live,TRUE,NA,mlspa_via_asa,2686,582656,2578,582656,full_2025,2025 full season,2578,0,1,TRUE,0.2153646237393328,0.03309542280837858,0.031056633048875095,0.06987393328161365,0.0312311869666408,0.04780682699767261,0.00230062063615205,2026,582656,Orlando City SC,0.1336622996580173,1,0.19993938948861242,0.21326868212785122,0.03530178433004033,85.8974358974359,0.03312707525316866,66.66666666666667,0.07453219550271702,86.53846153846153,0.033313266098791226,92.3076923076923,0.05099394879911101,37.82051282051282,0.0024539953453055407,72.43589743589743,96.7948717948718,582656,75.16339869281046,57.532467532467535,368750,21.631473102061335,TRUE,FALSE,73.33333333333333,High,14,86,Undervalued,Fullbacks and wingbacks,1.1.0,2026-10-03 17:19:27 UTC,25,25,121,Performance data through: 2026-10-03 (updates every day) · MLSPA compensation as of: 2026-04-16,FALSE,2026-10-03 17:19:20 UTC
vzqo7o4kqa,asa_vzqo7o4kqa_mls_full_2025,Milan Iloski,milan iloski,1999-07-29,USA,FW,NA,26.924024640657084,mls,9z5k7Yg5A3,FW,asa_live,TRUE,NA,mlspa_via_asa,2417,628194,1523,628194,full_2025,2025 full season,1523,0,1,TRUE,0.3659743926460931,0.10713722915298754,0.01194878529218647,0.14832567301378857,0.04579185817465529,0.0394038082731451,0.01336703873933027,2026,628194,Philadelphia Union,0.2320804800898512,1,0.32813343761371194,0.3500090001322305,0.11427971110009129,97.32142857142857,0.012745370978730526,88.39285714285714,0.15821405121965199,33.035714285714285,0.0488446487211587,95.53571428571429,0.04203072882600157,71.42857142857143,0.01425817465573119,72.32142857142857,92.85714285714286,628194,54.054054054054056,60.90909090909091,558750,38.803088803088805,TRUE,FALSE,91.37931034482759,High,14,86,Elite Value,Strikers,1.1.0,2026-10-03 17:19:27 UTC,6,6,41,Performance data through: 2026-10-03 (updates every day) · MLSPA compensation as of: 2026-04-16,FALSE,2026-10-03 17:19:20 UTC
vzqo7zWLqa,asa_vzqo7zWLqa_mls_full_2025,Hugo Cuypers,hugo cuypers,1997-02-07,Belgium,FW,NA,29.39356605065024,mls,X0Oq66zq6D,FW,asa_live,TRUE,NA,mlspa_via_asa,1135,3528044,3425,3528044,full_2025,2025 full season,3425,0,1,TRUE,0.3232143065693431,0.07772321167883212,-0.0445007299270073,0.23108846715328463,-0.00295357664233576,0.04974306569343065,0.01211386861313868,2026,3528044,Chicago Fire FC,0.2320804800898512,1,0.3096291398891704,0.3302710825587694,0.08290475912667836,77.67857142857143,-0.04746744525695781,44.642857142857146,0.24649436497120655,70.53571428571429,-0.0031504817519232634,73.21428571428571,0.05305927007465079,81.25,0.012921459854418388,67.85714285714286,88.39285714285714,3528044,89.1891891891892,95.71428571428571,558750,-0.7963320463320542,TRUE,FALSE,55.172413793103445,High,20.75,79.25,Fair Value,Strikers,1.1.0,2026-10-03 17:19:27 UTC,27,27,201,Performance data through: 2026-10-03 (updates every day) · MLSPA compensation as of: 2026-04-16,FALSE,2026-10-03 17:19:20 UTC
vzqo7zdZqa,asa_vzqo7zdZqa_mls_full_2025,Oliver Larraz,oliver larraz,2001-09-16,USA,CM,NA,24.78850102669405,mls,lgpMOvnQzy,CM,asa_live,TRUE,NA,mlspa_via_asa,1270,496667,2458,496667,full_2025,2025 full season,2458,0,1,TRUE,0.13943775427176566,0.01668551668022782,0.0253193653376729,0.0229686737184703,0.00405329536208299,0.06730227827502035,0.00310862489829129,2026,496667,Vancouver Whitecaps FC,0.1398991348215602,1,0.13952828021351737,0.14883016556573614,0.017797884459465858,54.74860335195531,0.02700732302769507,58.100558659217874,0.024499918633800608,45.25139664804469,0.004323515053023632,56.98324022346369,0.07178909682893178,62.01117318435754,0.0033158665582809967,80.44692737430168,50.83798882681564,496667,49.142857142857146,50.38961038961039,516250,1.6951316839584933,TRUE,FALSE,53.84615384615385,High,20.75,79.25,Fair Value,Central and defensive midfielders,1.1.0,2026-10-03 17:19:27 UTC,49,49,206,Performance data through: 2026-10-03 (updates every day) · MLSPA compensation as of: 2026-04-16,FALSE,2026-10-03 17:19:20 UTC
vzqoJ3pj5a,asa_vzqoJ3pj5a_mls_full_2025,Julian Hall,julian hall,2008-03-24,USA,FW,NA,18.269678302532512,mls,a2lqRX2Mr0,FW,asa_live,TRUE,NA,mlspa_via_asa,2430,257241,829,257241,full_2025,2025 full season,829,0,1,TRUE,0.17331242460796142,0.05679010856453558,-0.04023401688781664,0.10688178528347408,8.142340168878166e-4,0.01730518697225572,0.03175512665862485,2026,257241,New York Red Bulls,0.2320804800898512,1,0.1979876053561307,0.21118677905313898,0.06057611580406429,42.857142857142854,-0.04291628468167888,50.892857142857146,0.11400723763926841,15.178571428571429,8.685162847074788e-4,75,0.018458866104316275,16.964285714285715,0.033872135103591675,91.96428571428571,22.321428571428573,257241,31.53153153153153,31.038961038961038,558750,-9.210102960102958,TRUE,FALSE,46.55172413793103,High,14,86,Fair Value,Strikers,1.1.0,2026-10-03 17:19:27 UTC,32,32,239,Performance data through: 2026-10-03 (updates every day) · MLSPA compensation as of: 2026-04-16,FALSE,2026-10-03 17:19:20 UTC
vzqoJLyY5a,asa_vzqoJLyY5a_mls_full_2025,Tarik Scott,tarik scott,2005-04-23,USA,W,NA,20.188911704312115,mls,mKAqBBmqbg,W,asa_live,TRUE,NA,mlspa_via_asa,0,NA,63,155942,full_2025,2025 full season,63,0,1,TRUE,0.2297142857142857,0.00942857142857142,-0.03414285714285715,0.24514285714285716,0.02057142857142857,-0.00585714285714285,-0.00542857142857142,2026,155942,FC Dallas,0.20362313755561975,1,0.20610238692816268,0.21984254606357695,0.010057142857457133,13.559322033898304,-0.03641904762018572,21.468926553672315,0.26148571429388573,96.045197740113,0.021942857143542854,64.40677966101696,-0.006247619047814278,6.214689265536723,-0.0057904761906571334,11.299435028248588,57.6271186440678,155942,20.58823529411765,23.896103896103895,562000,37.038883349950154,FALSE,FALSE,NA,Low,41,59,Insufficient Evidence,Wingers and attacking midfielders,1.1.0,2026-10-03 17:19:27 UTC,NA,NA,NA,Performance data through: 2026-10-03 (updates every day) · MLSPA compensation as of: 2026-04-16,FALSE,2026-10-03 17:19:20 UTC
vzqoJNWB5a,asa_vzqoJNWB5a_mls_full_2025,Enes Sali,enes sali,2006-02-23,Romania,W,NA,19.351129363449697,mls,mKAqBBmqbg,W,asa_live,TRUE,NA,mlspa_via_asa,0,NA,17,370000,full_2025,2025 full season,17,0,1,TRUE,0.04023529411764706,0,0.08205882352941177,0.01376470588235294,-0.009,-0.04288235294117647,-0.00370588235294117,2026,370000,FC Dallas,0.20362313755561975,1,0.19912136553220722,0.21239612324099175,0,6.214689265536723,0.08752941176744118,92.65536723163842,0.014682352941635292,6.214689265536723,-0.009600000000299999,28.8135593220339,-0.04574117647201764,2.824858757062147,-0.003952941176594111,16.949152542372882,49.717514124293785,370000,34.705882352941174,39.61038961038961,562000,15.011631771352612,FALSE,FALSE,NA,Low,41,59,Insufficient Evidence,Wingers and attacking midfielders,1.1.0,2026-10-03 17:19:27 UTC,NA,NA,NA,Performance data through: 2026-10-03 (updates every day) · MLSPA compensation as of: 2026-04-16,FALSE,2026-10-03 17:19:20 UTC
vzqoJNzk5a,asa_vzqoJNzk5a_mls_full_2025,Aiden Harangi,aiden harangi,2006-02-08,USA,FB,NA,19.392197125256672,mls,zeQZBOzQKw,FB,asa_live,TRUE,NA,mlspa_via_asa,0,NA,369,80622,full_2025,2025 full season,369,0,1,TRUE,0.12446341463414634,0.00663414634146341,-0.00870731707317073,0.05797560975609755,0.01302439024390243,0.060853658536585364,-0.0053170731707317,2026,80622,San Diego FC,0.1336622996580173,1,0.13015931867369493,0.13883660658961322,0.007076422764448776,27.564102564102566,-0.009287804878339023,22.435897435897434,0.06184065040843657,82.6923076923077,0.013892682927263405,76.92307692307692,0.06491056910771952,51.282051282051285,-0.005671544715624382,23.076923076923077,50,80622,1.3071895424836601,1.103896103896104,368750,48.69281045751634,FALSE,FALSE,NA,Low,41,59,Insufficient Evidence,Fullbacks and wingbacks,1.1.0,2026-10-03 17:19:27 UTC,NA,NA,NA,Performance data through: 2026-10-03 (updates every day) · MLSPA compensation as of: 2026-04-16,FALSE,2026-10-03 17:19:20 UTC
vzqoOO2Zqa,asa_vzqoOO2Zqa_mls_full_2025,Hamady Diop,hamady diop,2002-06-06,Senegal,FB,NA,23.069130732375086,mls,zeQZBOzQKw,FB,asa_live,TRUE,NA,mlspa_via_asa,0,NA,239,122500,full_2025,2025 full season,239,0,1,TRUE,0.21596234309623433,0.01012970711297071,0.08710041841004185,0.00372803347280334,0.01946861924686192,0.10468619246861928,-0.00915062761506276,2026,122500,San Diego FC,0.1336622996580173,1,0.157106531340656,0.1675803001019366,0.010805020920839748,43.58974358974359,0.09290711297361465,98.07692307692308,0.003976569037781164,6.410256410256411,0.020766527197301668,83.97435897435898,0.11166527197001677,92.3076923076923,-0.009760669456371966,16.025641025641026,78.2051282051282,122500,22.875816993464053,19.09090909090909,368750,55.32931121166415,FALSE,FALSE,NA,Low,41,59,Insufficient Evidence,Fullbacks and wingbacks,1.1.0,2026-10-03 17:19:27 UTC,NA,NA,NA,Performance data through: 2026-10-03 (updates every day) · MLSPA compensation as of: 2026-04-16,FALSE,2026-10-03 17:19:20 UTC
vzqod7xBQa,asa_vzqod7xBQa_mls_full_2025,Shapi Suleymanov,shapi suleymanov,1999-12-16,Russia,W,NA,26.54072553045859,mls,Z2vQ1xlqrA,W,asa_live,TRUE,NA,mlspa_via_asa,1185,1065028,2210,1065028,full_2025,2025 full season,2210,0,1,TRUE,0.14377601809954751,0.03435067873303168,-0.02731357466063348,0.05613393665158371,0.04241809954751132,0.01927466063348416,0.01891221719457013,2026,1065028,Sporting Kansas City,0.20362313755561975,1,0.1565547624673921,0.16699174663710342,0.03664072398304548,40.112994350282484,-0.029134479638919495,26.55367231638418,0.059876199096893755,30.508474576271187,0.04524597285209268,80.22598870056497,0.02055963800969226,18.64406779661017,0.020173031674838544,85.31073446327683,11.864406779661017,1065028,70.58823529411765,82.98701298701299,562000,-58.723828514456635,TRUE,FALSE,4.25531914893617,High,20.75,79.25,Below Expected Value by Current Model,Wingers and attacking midfielders,1.1.0,2026-10-03 17:19:27 UTC,91,91,425,Performance data through: 2026-10-03 (updates every day) · MLSPA compensation as of: 2026-04-16,FALSE,2026-10-03 17:19:20 UTC
vzqodDnvQa,asa_vzqodDnvQa_mls_full_2025,Rida Zouhir,rida zouhir,2003-11-23,Canada,W,NA,21.60438056125941,mls,EKXMeX3Q64,W,asa_live,TRUE,NA,mlspa_via_asa,0,NA,412,95362,full_2025,2025 full season,412,0,1,TRUE,0.0960509708737864,0.03272330097087379,-0.012451456310679608,0.03628398058252427,-0.01588106796116505,0.05535436893203883,2.184466019417476e-5,2026,95362,D.C. United,0.20362313755561975,1,0.15982893530965597,0.17048419766896067,0.03490485437002282,37.28813559322034,-0.013281553398473298,38.4180790960452,0.03870291262256869,14.124293785310735,-0.01693980582577209,20.903954802259886,0.059044660196019894,76.27118644067797,2.3300970874514566e-5,38.983050847457626,14.124293785310735,95362,9.411764705882353,7.402597402597403,562000,4.712529079428382,FALSE,FALSE,NA,Low,41,59,Insufficient Evidence,Wingers and attacking midfielders,1.1.0,2026-10-03 17:19:27 UTC,NA,NA,NA,Performance data through: 2026-10-03 (updates every day) · MLSPA compensation as of: 2026-04-16,FALSE,2026-10-03 17:19:20 UTC
vzqodWY7Qa,asa_vzqodWY7Qa_mls_full_2025,Alejandro Alvarado Jr.,alejandro alvarado jr,2003-07-29,USA,CM,NA,22.924024640657084,mls,zeQZBOzQKw,CM,asa_live,TRUE,NA,mlspa_via_asa,643,95547,566,95547,full_2025,2025 full season,566,0,1,TRUE,0.11353356890459362,0.01561484098939929,0.01388162544169611,0.02687279151943463,-0.02709540636042403,0.05576501766784453,0.02849469964664311,2026,95547,San Diego FC,0.1398991348215602,1,0.12710075548279254,0.13557413918588207,0.01665583038921307,51.39664804469274,0.014807067138271904,43.01675977653631,0.028664310954959367,53.63128491620112,-0.028901766785355477,11.1731843575419,0.05948268551422633,40.78212290502793,0.03039434629070247,98.88268156424581,31.843575418994412,95547,5.142857142857143,7.662337662337662,516250,26.70071827613727,TRUE,FALSE,80.76923076923077,Medium,29.75,70.25,Fair Value,Central and defensive midfielders,1.1.0,2026-10-03 17:19:27 UTC,21,21,89,Performance data through: 2026-10-03 (updates every day) · MLSPA compensation as of: 2026-04-16,FALSE,2026-10-03 17:19:20 UTC
vzqodXdjQa,asa_vzqodXdjQa_mls_full_2025,Jamar Ricketts,jamar ricketts,2001-10-24,USA,FB,NA,24.684462696783022,mls,0KPqjA456v,FB,asa_live,TRUE,NA,mlspa_via_asa,1714,114987,1029,114987,full_2025,2025 full season,1029,0,1,TRUE,0.14071137026239067,0.02023906705539358,0.00972594752186588,0.01456268221574344,0.04012827988338192,0.05329154518950436,0.00276384839650145,2026,114987,San Jose Earthquakes,0.1336622996580173,1,0.13811502749834892,0.14732269600284267,0.021588338193094456,71.7948717948718,0.010374344023647805,39.743589743589745,0.015533527697278424,33.333333333333336,0.04280349854361166,94.87179487179488,0.05684431487058103,42.94871794871795,0.0029481049563603416,75,57.05128205128205,114987,17.647058823529413,15.844155844155845,368750,39.40422322775264,TRUE,FALSE,86.66666666666667,High,14,86,Undervalued,Fullbacks and wingbacks,1.1.0,2026-10-03 17:19:27 UTC,13,13,61,Performance data through: 2026-10-03 (updates every day) · MLSPA compensation as of: 2026-04-16,FALSE,2026-10-03 17:19:20 UTC
vzqoddNJQa,asa_vzqoddNJQa_mls_full_2025,Garrison Tubbs,garrison tubbs,2002-02-17,USA,CB,NA,23.367556468172484,mls,EKXMeX3Q64,CB,asa_live,TRUE,NA,mlspa_via_asa,0,NA,626,104000,full_2025,2025 full season,626,0,1,TRUE,0.07556549520766774,0,0.01706549520766773,1.8690095846645363e-4,-0.00432747603833865,0.06491214057507987,-0.00227156549520766,2026,104000,D.C. United,0.14523645173583166,1,0.10966221128996656,0.11697302537961973,0,7.975460122699387,0.018203194888747762,9.202453987730062,1.9936102237044724e-4,8.588957055214724,-0.00461597444103881,30.67484662576687,0.06923961661558226,36.809815950920246,-0.0024230031949638896,53.374233128834355,10.429447852760736,104000,9.316770186335404,10.519480519480519,518000,1.1126776664253324,FALSE,FALSE,NA,Low,41,59,Insufficient Evidence,Center backs,1.1.0,2026-10-03 17:19:27 UTC,NA,NA,NA,Performance data through: 2026-10-03 (updates every day) · MLSPA compensation as of: 2026-04-16,FALSE,2026-10-03 17:19:20 UTC
vzqoddvZQa,asa_vzqoddvZQa_mls_full_2025,Dante Sealy,dante sealy,2003-04-17,USA,W,NA,23.20602327173169,mls,pzeQZ6xQKw,W,asa_live,TRUE,NA,mlspa_via_asa,1444,168022,2689,168022,full_2025,2025 full season,2689,0,1,TRUE,0.21567199702491632,0.050850502045370026,0.01705950167348456,0.08003941985868353,0.02684938638899219,0.04092673856452213,-5.355150613611008e-5,2026,168022,Colorado Rapids,0.20362313755561975,1,0.21347396854161504,0.22770556645150516,0.05424053551675638,62.71186440677966,0.01819680178561885,70.62146892655367,0.08537538118526375,52.54237288135593,0.028639345482486648,71.1864406779661,0.04365518780352116,52.54237288135593,-5.712160654696913e-5,32.20338983050848,64.40677966101696,168022,23.529411764705884,25.324675324675326,562000,40.87736789631107,TRUE,FALSE,92.55319148936171,High,20.75,79.25,Strong Value,Wingers and attacking midfielders,1.1.0,2026-10-03 17:19:27 UTC,8,8,36,Performance data through: 2026-10-03 (updates every day) · MLSPA compensation as of: 2026-04-16,FALSE,2026-10-03 17:19:20 UTC
vzqoddyjQa,asa_vzqoddyjQa_mls_full_2025,Ousman Jabang,ousman jabang,2001-03-29,USA,CB,NA,24.257357973990416,mls,APk5LGOMOW,CB,asa_live,TRUE,NA,NA,0,NA,91,71401,full_2025,2025 full season,91,0,1,TRUE,0.061813186813186816,0,9.89010989010989e-4,0.00336263736263736,-0.00405494505494505,0.03936263736263736,0.02215384615384615,2026,71401,CF Montréal,0.14523645173583166,1,0.13425017516859478,0.1432001868509761,0,7.975460122699387,0.001054945054978022,5.521472392638037,0.003586813186925272,17.791411042944784,-0.0043252747254098846,31.288343558282207,0.04198681318812527,16.56441717791411,0.023630769231507687,100,33.12883435582822,71401,0.6211180124223602,0.12987012987012986,518000,32.50771634340586,FALSE,FALSE,NA,Low,41,59,Insufficient Evidence,Center backs,1.1.0,2026-10-03 17:19:27 UTC,NA,NA,NA,Performance data through: 2026-10-03 (updates every day) · MLSPA compensation as of: 2026-04-16,FALSE,2026-10-03 17:19:20 UTC
vzqodgRYQa,asa_vzqodgRYQa_mls_full_2025,Sunusi Ibrahim,sunusi ibrahim,2002-10-01,Nigeria,FW,NA,22.748802190280628,mls,APk5LGOMOW,FW,asa_live,TRUE,NA,mlspa_via_asa,0,NA,134,410000,full_2025,2025 full season,134,0,1,TRUE,0.22956716417910447,0.0981268656716418,-0.08214179104477612,0.25871641791044775,-0.03277611940298507,0,-0.01235820895522388,2026,410000,CF Montréal,0.2320804800898512,1,0.23162164585001457,0.24706308891440293,0.10466865671968882,94.64285714285714,-0.08761791045049926,9.821428571428571,0.27596417911310145,78.57142857142857,-0.03496119403094328,47.32142857142857,0,5.803571428571429,-0.013182089552650746,7.142857142857143,52.67857142857143,410000,39.63963963963964,42.4025974025974,558750,13.03893178893179,FALSE,FALSE,NA,Low,41,59,Insufficient Evidence,Strikers,1.1.0,2026-10-03 17:19:27 UTC,NA,NA,NA,Performance data through: 2026-10-03 (updates every day) · MLSPA compensation as of: 2026-04-16,FALSE,2026-10-03 17:19:20 UTC
vzqodkKBQa,asa_vzqodkKBQa_mls_full_2025,Zorhan Bassong,zorhan bassong,1999-05-07,Canada,CM,NA,27.15126625598905,mls,Z2vQ1xlqrA,CM,asa_live,TRUE,NA,mlspa_via_asa,907,540833,1868,540833,full_2025,2025 full season,1868,0,1,TRUE,0.1368404710920771,0.01447323340471092,0.05338329764453962,0.01194860813704496,0.0197585653104925,0.05294004282655246,-0.01566327623126338,2026,540833,Sporting Kansas City,0.1398991348215602,1,0.13758406843311835,0.14675633966657903,0.015438115632174088,47.486033519553075,0.056942184155955033,79.88826815642459,0.012745182013246243,22.3463687150838,0.021075802998517284,88.26815642458101,0.05646937901675396,35.19553072625698,-0.016707494647203048,9.497206703910615,47.486033519553075,540833,50.857142857142854,53.76623376623377,516250,-3.371109337589779,TRUE,FALSE,46.15384615384615,High,20.75,79.25,Fair Value,Central and defensive midfielders,1.1.0,2026-10-03 17:19:27 UTC,57,57,241,Performance data through: 2026-10-03 (updates every day) · MLSPA compensation as of: 2026-04-16,FALSE,2026-10-03 17:19:20 UTC
vzqodxN7Qa,asa_vzqodxN7Qa_mls_full_2025,Jacen Russell-Rowe,jacen russellrowe,2002-09-13,Canada,FW,NA,22.798083504449007,mls,mvzqoLZQap,FW,asa_live,TRUE,NA,mlspa_via_asa,0,NA,2027,130789,full_2025,2025 full season,2027,0,1,TRUE,0.1793739516526887,0.06673408978786383,-0.06387025160335472,0.19968722249629992,-0.05146916625555008,0.02918006906758757,-8.880118401578688e-4,2026,130789,Columbus Crew,0.2320804800898512,1,0.19141198631667708,0.20417278541083594,0.07118302910927922,59.82142857142857,-0.06812826837904071,25.892857142857142,0.21299970400270948,55.357142857142854,-0.05490044400763572,33.035714285714285,0.03112540700639941,49.107142857142854,-9.472126295313271e-4,28.571428571428573,19.642857142857142,130789,23.423423423423422,21.428571428571427,558750,-3.78056628056628,FALSE,FALSE,NA,Low,41,59,Insufficient Evidence,Strikers,1.1.0,2026-10-03 17:19:27 UTC,NA,NA,NA,Performance data through: 2026-10-03 (updates every day) · MLSPA compensation as of: 2026-04-16,FALSE,2026-10-03 17:19:20 UTC
vzqorGW75a,asa_vzqorGW75a_mls_full_2025,Gastón Brugman,gaston brugman,1992-09-07,Uruguay,CM,NA,32.813141683778234,mls,vzqoOgNqap,CM,asa_live,TRUE,NA,mlspa_via_asa,0,NA,1548,1409000,full_2025,2025 full season,1548,0,1,TRUE,0.24634302325581395,0.01897674418604651,0.1151686046511628,0.04629651162790697,0.00786046511627906,0.05707558139534883,9.651162790697674e-4,2026,1409000,Nashville SC,0.1398991348215602,1,0.21661009352557548,0.23105076643450084,0.020241860465748832,63.12849162011173,0.12284651163174594,97.20670391061452,0.049382945737977316,76.53631284916202,0.008384496124293013,69.27374301675978,0.06088062015694127,44.6927374301676,0.0010294573643732559,70.94972067039106,96.64804469273743,1409000,94.28571428571429,88.18181818181819,516250,2.362330407023137,FALSE,FALSE,NA,Low,41,59,Insufficient Evidence,Central and defensive midfielders,1.1.0,2026-10-03 17:19:27 UTC,NA,NA,NA,Performance data through: 2026-10-03 (updates every day) · MLSPA compensation as of: 2026-04-16,FALSE,2026-10-03 17:19:20 UTC
vzqorrRk5a,asa_vzqorrRk5a_mls_full_2025,Carles Gil,carles gil,1992-11-22,Spain,W,NA,33.60438056125941,mls,19vQ2095K6,W,asa_live,TRUE,NA,mlspa_via_asa,2690,4952083,3430,4952083,full_2025,2025 full season,3430,0,1,TRUE,0.2931139941690962,0.03500816326530612,0.12962361516034987,0.03262565597667639,0.04077813411078717,0.03484810495626822,0.02023032069970845,2026,4952083,New England Revolution,0.20362313755561975,1,0.2797902934325985,0.2984429796707647,0.03734204081749347,40.67796610169491,0.138265189508694,96.61016949152543,0.03480069970954234,11.864406779661017,0.04349667638619892,79.66101694915254,0.037171311954514376,41.80790960451977,0.021579008747030025,86.44067796610169,93.22033898305085,4952083,95.29411764705883,98.05194805194805,562000,-2.0737786640079747,TRUE,FALSE,55.319148936170215,High,14,86,Fair Value,Wingers and attacking midfielders,1.1.0,2026-10-03 17:19:27 UTC,43,43,200,Performance data through: 2026-10-03 (updates every day) · MLSPA compensation as of: 2026-04-16,FALSE,2026-10-03 17:19:20 UTC
vzqowm7qap,asa_vzqowm7qap_mls_full_2025,Lionel Messi,lionel messi,1987-06-24,Argentina,W,NA,39.01984941820671,mls,zeQZkL1MKw,W,asa_live,TRUE,NA,mlspa_via_asa,2402,28333332,3326,28333332,full_2025,2025 full season,3326,0,1,TRUE,0.7142065544197234,0.14243054720384848,0.17974564040889957,0.19793235117257968,0.12813229104028864,0.0328340348767288,0.03313168971737823,2026,28333332,Inter Miami CF,0.20362313755561975,1,0.6361754667685613,0.6785871645743379,0.15192591702218608,99.43502824858757,0.19172868310881772,98.30508474576271,0.2111278412573494,92.090395480226,0.13667444378057897,97.74011299435028,0.035022970536271854,36.72316384180791,0.035340469032974504,94.91525423728814,100,28333332,100,100,562000,0,TRUE,FALSE,60.638297872340424,High,14,86,Fair Value,Wingers and attacking midfielders,1.1.0,2026-10-03 17:19:27 UTC,38,38,176,Performance data through: 2026-10-03 (updates every day) · MLSPA compensation as of: 2026-04-16,FALSE,2026-10-03 17:19:20 UTC
wvq9X6JB5W,asa_wvq9X6JB5W_mls_full_2025,Alan Carleton,alan carleton,2005-03-20,USA,W,NA,20.281998631074607,mls,vzqoOgNqap,W,asa_live,FALSE,NA,NA,0,NA,52,NA,full_2025,2025 full season,52,0,1,TRUE,0.00986538461538461,0,-0.04188461538461538,0.0083076923076923,0.04949999999999999,3.461538461538462e-4,-0.00640384615384615,2026,NA,Nashville SC,0.20362313755561975,1,0.18817006523523291,0.20071473625718744,0,6.214689265536723,-0.044676923078319226,16.949152542372882,0.008861538461815376,3.389830508474576,0.052800000001649985,85.31073446327683,3.692307692423077e-4,11.299435028248588,-0.006830769230982688,9.03954802259887,37.85310734463277,NA,NA,NA,562000,NA,FALSE,FALSE,NA,Insufficient,41,59,Insufficient Evidence,Wingers and attacking midfielders,1.1.0,2026-10-03 17:19:27 UTC,NA,NA,NA,Performance data through: 2026-10-03 (updates every day) · MLSPA compensation as of: 2026-04-16,FALSE,2026-10-03 17:19:20 UTC
wvq9XO7B5W,asa_wvq9XO7B5W_mls_full_2025,Colin Guske,colin guske,2007-01-29,USA,CM,NA,19.419575633127995,mls,jYQJ8EW5GR,CM,asa_live,TRUE,NA,mlspa_via_asa,614,98830,69,98830,full_2025,2025 full season,69,0,1,TRUE,-0.04343478260869565,0,0.01643478260869565,0.00952173913043478,0.00221739130434782,-0.07578260869565218,0.00417391304347826,2026,98830,Orlando City SC,0.1398991348215602,1,0.12099025544534547,0.12905627247906817,0,6.145251396648045,0.01753043478315652,46.927374301675975,0.010156521739447824,16.75977653631285,0.002365217391378254,50.83798882681564,-0.08083478261122173,1.1173184357541899,0.004452173913182607,83.24022346368714,25.69832402234637,98830,6.285714285714286,8.441558441558442,516250,19.412609736632085,TRUE,FALSE,74.03846153846153,Medium,29.75,70.25,Fair Value,Central and defensive midfielders,1.1.0,2026-10-03 17:19:27 UTC,28,28,118,Performance data through: 2026-10-03 (updates every day) · MLSPA compensation as of: 2026-04-16,FALSE,2026-10-03 17:19:20 UTC
wvq9Xdlw5W,asa_wvq9Xdlw5W_mls_full_2025,Tadeo Allende,tadeo allende,1999-02-20,Argentina,W,NA,27.359342915811087,mls,zeQZkL1MKw,W,asa_live,TRUE,NA,mlspa_via_asa,493,1000000,2908,1000000,full_2025,2025 full season,2908,0,1,TRUE,0.2484996561210454,0.0696633425034388,-0.04715715268225585,0.23673590096286107,-0.03939821182943603,0.0283493810178817,3.0639614855570844e-4,2026,1000000,Inter Miami CF,0.20362313755561975,1,0.24082408282023143,0.256879021682941,0.07430756533932349,87.00564971751412,-0.050300962862644814,11.299435028248588,0.25251829436827633,95.48022598870057,-0.04202475928604504,10.734463276836157,0.030239339753352124,28.24858757062147,3.2682255846963555e-4,41.24293785310734,77.96610169491525,1000000,70,81.88311688311688,562000,7.9661016949152526,TRUE,FALSE,68.08510638297872,Medium,29.75,70.25,Undervalued,Wingers and attacking midfielders,1.1.0,2026-10-03 17:19:27 UTC,31,31,144,Performance data through: 2026-10-03 (updates every day) · MLSPA compensation as of: 2026-04-16,FALSE,2026-10-03 17:19:20 UTC
wvq9Xp1B5W,asa_wvq9Xp1B5W_mls_full_2025,Gabriel Pirani,gabriel pirani,2002-04-12,Brazil,CM,NA,24.21902806297057,mls,EKXMeX3Q64,CM,asa_live,TRUE,NA,mlspa_via_asa,1015,866700,2082,866700,full_2025,2025 full season,2082,0,1,TRUE,0.24493227665706052,0.06088184438040346,0.01673775216138328,0.10203890489913545,0.01659942363112392,0.04535014409221902,0.00332420749279538,2026,866700,D.C. United,0.1398991348215602,1,0.22143492949028193,0.23619725813034856,0.06494063400779308,94.97206703910615,0.017853602306033424,48.04469273743017,0.1088414985624791,94.97206703910615,0.01770605187375216,84.91620111731844,0.04837348703321196,24.022346368715084,0.0035458213257592124,81.00558659217877,97.20670391061452,866700,80,76.49350649350649,516250,17.20670391061452,TRUE,FALSE,71.15384615384616,High,20.75,79.25,Undervalued,Central and defensive midfielders,1.1.0,2026-10-03 17:19:27 UTC,31,31,130,Performance data through: 2026-10-03 (updates every day) · MLSPA compensation as of: 2026-04-16,FALSE,2026-10-03 17:19:20 UTC
wvq9eLBwqW,asa_wvq9eLBwqW_mls_full_2025,Alhassan Yusuf,alhassan yusuf,2000-07-18,Nigeria,CM,NA,25.95208761122519,mls,19vQ2095K6,CM,asa_live,TRUE,NA,mlspa_via_asa,2049,995311,3309,995311,full_2025,2025 full season,3309,0,1,TRUE,0.10041432456935633,0.01338984587488667,2.2030825022665456e-4,0.03874705349048051,-0.00302991840435176,0.05531368993653672,-0.00422665457842248,2026,995311,New England Revolution,0.1398991348215602,1,0.10647492476155952,0.11357325308254598,0.014282502266992108,43.01675977653631,2.3499546691577514e-4,26.256983240223462,0.041330190391137445,68.71508379888269,-0.0032319129647428745,32.402234636871505,0.05900126926748296,39.66480446927374,-0.0045084315504582,33.5195530726257,12.849162011173185,995311,86.28571428571429,81.42857142857143,516250,-73.4365522745411,TRUE,FALSE,3.8461538461538463,High,14,86,Below Expected Value by Current Model,Central and defensive midfielders,1.1.0,2026-10-03 17:19:27 UTC,101,101,427,Performance data through: 2026-10-03 (updates every day) · MLSPA compensation as of: 2026-04-16,FALSE,2026-10-03 17:19:20 UTC
wvq9eWbBqW,asa_wvq9eWbBqW_mls_full_2025,Deandre Kerr,deandre kerr,2002-11-29,Canada,FW,NA,23.586584531143053,mls,kRQabn8MKZ,FW,asa_live,TRUE,NA,mlspa_via_asa,515,165319,1026,165319,full_2025,2025 full season,1026,0,1,TRUE,0.0987719298245614,0.02745614035087719,-0.04056140350877193,0.15312280701754388,-0.06030701754385965,0.01330701754385964,0.00575438596491228,2026,165319,Toronto FC,0.2320804800898512,1,0.14796327678592294,0.1578274952432499,0.02928654970851754,12.5,-0.04326549707737544,50,0.1633309941571509,36.607142857142854,-0.0643274853821272,28.571428571428573,0.014194152047227184,10.714285714285714,0.006138011696098245,56.25,2.6785714285714284,165319,26.126126126126128,25.194805194805195,558750,-23.4475546975547,TRUE,FALSE,32.758620689655174,Medium,29.75,70.25,Below Expected Value by Current Model,Strikers,1.1.0,2026-10-03 17:19:27 UTC,40,40,299,Performance data through: 2026-10-03 (updates every day) · MLSPA compensation as of: 2026-04-16,FALSE,2026-10-03 17:19:20 UTC
wvq9eXy3qW,asa_wvq9eXy3qW_mls_full_2025,Sam Sarver,sam sarver,2003-03-03,USA,FB,NA,23.329226557152634,mls,mKAqBBmqbg,FB,asa_live,TRUE,NA,mlspa_via_asa,457,113400,254,113400,full_2025,2025 full season,254,0,1,TRUE,0.3406535433070866,0.02143700787401575,-0.01707874015748031,0.09031889763779528,0.0880511811023622,0.07033464566929135,0.08759055118110237,2026,113400,FC Dallas,0.1336622996580173,1,0.19522644004076156,0.20824153604998655,0.022866141732998033,73.71794871794872,-0.018217322835214954,13.461538461538462,0.0963401574833256,91.66666666666667,0.09392125984545471,98.71794871794872,0.0750236220495886,63.46153846153846,0.09342992126276221,100,94.87179487179488,113400,15.359477124183007,13.896103896103897,368750,79.51231774761187,TRUE,FALSE,100,Medium,29.75,70.25,Elite Value,Fullbacks and wingbacks,1.1.0,2026-10-03 17:19:27 UTC,1,1,3,Performance data through: 2026-10-03 (updates every day) · MLSPA compensation as of: 2026-04-16,FALSE,2026-10-03 17:19:20 UTC
wvq9eY8YqW,asa_wvq9eY8YqW_mls_full_2025,Robert Voloder,robert voloder,2001-05-09,Germany,CB,NA,25.144421629021217,mls,a2lqRX2Mr0,CB,asa_live,TRUE,NA,mlspa_via_asa,803,685250,1664,685250,full_2025,2025 full season,1664,0,1,TRUE,0.1507229567307692,9.627403846153848e-4,0.05877584134615384,0.00203365384615384,0.01487920673076923,0.07135637019230769,0.00271514423076923,2026,685250,New York Red Bulls,0.14523645173583166,1,0.14926893597239352,0.15922019837552873,0.0010269230769551685,19.01840490797546,0.06269423077118995,68.71165644171779,0.002169230769298551,15.337423312883436,0.01587115384664982,90.79754601226993,0.07611346154084007,44.171779141104295,0.0028961538462443505,93.25153374233129,55.214723926380366,685250,62.11180124223603,64.28571428571429,518000,-6.897077315855661,TRUE,FALSE,44.21052631578947,Medium,29.75,70.25,Fair Value,Center backs,1.1.0,2026-10-03 17:19:27 UTC,54,54,250,Performance data through: 2026-10-03 (updates every day) · MLSPA compensation as of: 2026-04-16,FALSE,2026-10-03 17:19:20 UTC
wvq9eZdYqW,asa_wvq9eZdYqW_mls_full_2025,Benji Kikanović,benji kikanovic,2000-01-06,USA,FB,NA,26.483230663928815,mls,0KPqjA456v,FB,asa_live,TRUE,NA,mlspa_via_asa,1896,478700,464,478700,full_2025,2025 full season,464,0,1,TRUE,0.10639008620689658,0.01051293103448275,0.04079094827586207,0.03330387931034483,0.03646551724137931,-0.01256896551724138,-0.00211422413793103,2026,478700,San Jose Earthquakes,0.1336622996580173,1,0.12176915394249097,0.129887097542716,0.011213793103798697,46.794871794871796,0.043510344828945904,78.2051282051282,0.03552413793214461,66.02564102564102,0.038896551725353445,94.23076923076923,-0.013406896552143104,5.128205128205129,-0.002255172413863573,37.82051282051282,39.743589743589745,478700,64.70588235294117,49.09090909090909,368750,-24.96229260935143,TRUE,FALSE,22.22222222222222,High,14,86,Below Expected Value by Current Model,Fullbacks and wingbacks,1.1.0,2026-10-03 17:19:27 UTC,71,71,346,Performance data through: 2026-10-03 (updates every day) · MLSPA compensation as of: 2026-04-16,FALSE,2026-10-03 17:19:20 UTC
wvq9ebLaqW,asa_wvq9ebLaqW_mls_full_2025,Reed Baker-Whiting,reed bakerwhiting,2005-03-31,USA,FB,NA,21.251197809719372,mls,vzqoOgNqap,FB,asa_live,TRUE,NA,mlspa_via_asa,1282,283000,632,283000,full_2025,2025 full season,632,0,1,TRUE,0.07238449367088608,0.0099256329113924,0.051294303797468355,0.03283860759493671,-0.00719145569620253,0.0239382911392405,-0.03842088607594936,2026,283000,Nashville SC,0.1336622996580173,1,0.10222758100228116,0.10904275307250749,0.010587341772482746,42.30769230769231,0.054713924052342724,86.53846153846153,0.03502784810236045,65.38461538461539,-0.00767088607618908,22.435897435897434,0.025534177215987813,16.666666666666668,-0.04098227848229335,3.2051282051282053,14.102564102564102,283000,39.869281045751634,32.857142857142854,368750,-25.766716943187532,TRUE,FALSE,20,High,20.75,79.25,Below Expected Value by Current Model,Fullbacks and wingbacks,1.1.0,2026-10-03 17:19:27 UTC,73,73,356,Performance data through: 2026-10-03 (updates every day) · MLSPA compensation as of: 2026-04-16,FALSE,2026-10-03 17:19:20 UTC
wvq9ed47qW,asa_wvq9ed47qW_mls_full_2025,Brendan McSorley,brendan mcsorley,2002-02-01,USA,W,NA,24.410677618069816,mls,wvq9B9wQWn,W,asa_live,TRUE,NA,mlspa_via_asa,245,88025,328,88025,full_2025,2025 full season,328,0,1,TRUE,0.457875,0.11872865853658536,-2.1951219512195125e-4,0.21396951219512195,0.04884146341463415,0.07136890243902438,0.00518597560975609,2026,88025,St. Louis City SC,0.20362313755561975,1,0.29348801997130586,0.3130538879791758,0.12664390244298201,98.30508474576271,-2.3414634147073173e-4,50.847457627118644,0.22823414634859573,94.35028248587571,0.052097560977237806,84.18079096045197,0.07612682927067164,93.78531073446328,0.005531707317246028,59.887005649717516,95.48022598870057,88025,5,3.831168831168831,562000,90.48022598870057,FALSE,TRUE,NA,Low,41,59,Small-Sample Watchlist,Wingers and attacking midfielders,1.1.0,2026-10-03 17:19:27 UTC,NA,NA,NA,Performance data through: 2026-10-03 (updates every day) · MLSPA compensation as of: 2026-04-16,FALSE,2026-10-03 17:19:20 UTC
wvq9edxmqW,asa_wvq9edxmqW_mls_full_2025,Ian Smith,ian smith,2002-07-16,USA,FB,NA,23.958932238193015,mls,WBLMvYAQxe,FB,asa_live,TRUE,NA,mlspa_via_asa,641,88025,1192,88025,full_2025,2025 full season,1192,0,1,TRUE,0.1371669463087248,0.01604446308724832,0.01877013422818791,0.04261409395973154,0.00328439597315436,0.05306375838926174,0.00339010067114093,2026,88025,Portland Timbers FC,0.1336622996580173,1,0.13599351551049685,0.14505974988239642,0.01711409396026636,64.74358974358974,0.020021476510692776,50.64102564102564,0.04545503355846745,70.51282051282051,0.003503355704807464,56.41025641025641,0.056601342283647986,42.30769230769231,0.003616107382663329,78.2051282051282,54.48717948717949,88025,4.57516339869281,3.831168831168831,368750,49.91201608848668,TRUE,FALSE,91.11111111111111,Medium,29.75,70.25,Fair Value,Fullbacks and wingbacks,1.1.0,2026-10-03 17:19:27 UTC,9,9,43,Performance data through: 2026-10-03 (updates every day) · MLSPA compensation as of: 2026-04-16,FALSE,2026-10-03 17:19:20 UTC
wvq9g7AaMW,asa_wvq9g7AaMW_mls_full_2025,Tim Parker,tim parker,1993-02-23,USA,CB,NA,33.34976043805612,mls,a2lqRX2Mr0,CB,asa_live,TRUE,NA,mlspa_via_asa,804,387500,987,387500,full_2025,2025 full season,987,0,1,TRUE,0.17780243161094222,0.012291793313069899,0.08472036474164134,0.04068693009118541,0.0050790273556231,0.03408510638297873,9.392097264437692e-4,2026,387500,New York Red Bulls,0.14523645173583166,1,0.1654901518850025,0.17652282868285232,0.013111246201017617,74.23312883435582,0.09036838906057477,93.25153374233129,0.04339939209862067,87.73006134969326,0.005417629179500608,64.41717791411043,0.036357446809646816,11.656441717791411,0.001001823708237994,84.04907975460122,70.5521472392638,387500,37.267080745341616,40.714285714285715,518000,33.28506649392219,TRUE,FALSE,84.21052631578948,Medium,29.75,70.25,Strong Value,Center backs,1.1.0,2026-10-03 17:19:27 UTC,16,16,73,Performance data through: 2026-10-03 (updates every day) · MLSPA compensation as of: 2026-04-16,FALSE,2026-10-03 17:19:20 UTC
wvq9gNr3MW,asa_wvq9gNr3MW_mls_full_2025,Souleyman Doumbia,souleyman doumbia,1996-09-24,Ivory Coast,FB,NA,28.76659822039699,mls,NPqxKXZ59d,FB,asa_live,TRUE,NA,mlspa_via_asa,0,NA,664,541250,full_2025,2025 full season,664,0,1,TRUE,0.25564608433734937,0,0.06056024096385541,0.0028328313253012,0.0188539156626506,0.1741852409638554,-7.861445783132531e-4,2026,541250,Charlotte FC,0.1336622996580173,1,0.19774238907817276,0.21092521502330902,0,6.410256410256411,0.06459759036346445,91.02564102564102,0.0030216867470823743,5.769230769230769,0.020110843374122438,82.6923076923077,0.18579759036725194,98.07692307692308,-8.385542168936748e-4,46.15384615384615,96.15384615384616,541250,70.58823529411765,53.896103896103895,368750,25.56561085972851,FALSE,FALSE,NA,Low,41,59,Insufficient Evidence,Fullbacks and wingbacks,1.1.0,2026-10-03 17:19:27 UTC,NA,NA,NA,Performance data through: 2026-10-03 (updates every day) · MLSPA compensation as of: 2026-04-16,FALSE,2026-10-03 17:19:20 UTC
wvq9gPmNMW,asa_wvq9gPmNMW_mls_full_2025,Jack Elliott,jack elliott,1995-08-25,England,CB,NA,30.850102669404517,mls,X0Oq66zq6D,CB,asa_live,TRUE,NA,mlspa_via_asa,2263,1054275,3635,1054275,full_2025,2025 full season,3635,0,1,TRUE,0.21416781292984868,0.019237964236588717,0.04984291609353507,0.03718596973865199,0.0035504814305364497,0.10716313617606604,-0.00281265474552957,2026,1054275,Chicago Fire FC,0.14523645173583166,1,0.20440185856942122,0.21802864914752937,0.020520495186335898,92.02453987730061,0.05316577716809884,56.441717791411044,0.03966503438913499,83.43558282208589,0.0037871801926905625,57.05521472392638,0.11430734525804255,81.59509202453988,-0.003000165061991963,48.466257668711656,96.31901840490798,1054275,87.5776397515528,82.59740259740259,518000,8.741378653355184,TRUE,FALSE,57.89473684210526,High,14,86,Fair Value,Center backs,1.1.0,2026-10-03 17:19:27 UTC,41,41,188,Performance data through: 2026-10-03 (updates every day) · MLSPA compensation as of: 2026-04-16,FALSE,2026-10-03 17:19:20 UTC
wvq9go6aMW,asa_wvq9go6aMW_mls_full_2025,Diego Rossi,diego rossi,1998-03-05,Uruguay,FW,NA,28.32306639288159,mls,mvzqoLZQap,FW,asa_live,TRUE,NA,mlspa_via_asa,1410,3476827,3003,3476827,full_2025,2025 full season,3003,0,1,TRUE,0.27580519480519483,0.0829030969030969,0.00924275724275724,0.14373926073926074,-0.00939260739260739,0.03614085914085914,0.01317182817182817,2026,3476827,Columbus Crew,0.2320804800898512,1,0.26852381017316423,0.28642539752699264,0.08842997003273347,82.14285714285714,0.009858941059249149,86.60714285714286,0.15332187812666942,28.571428571428573,-0.010018781219094303,65.17857142857143,0.03855024975145444,66.96428571428571,0.014049950050389108,70.53571428571429,72.32142857142857,3476827,88.28828828828829,95.58441558441558,558750,-15.966859716859716,TRUE,FALSE,37.93103448275862,High,20.75,79.25,Below Expected Value by Current Model,Strikers,1.1.0,2026-10-03 17:19:27 UTC,37,37,276,Performance data through: 2026-10-03 (updates every day) · MLSPA compensation as of: 2026-04-16,FALSE,2026-10-03 17:19:20 UTC
wvq9gxBmMW,asa_wvq9gxBmMW_mls_full_2025,Joao Ortíz,joao ortiz,1996-05-01,Ecuador,CM,NA,30.16563997262149,mls,WBLMvYAQxe,CM,asa_live,TRUE,NA,mlspa_via_asa,885,600625,1214,600625,full_2025,2025 full season,1214,0,1,TRUE,0.07506177924217462,0.01209143327841845,0.01771828665568368,0.01643574958813838,-0.027541186161449748,0.07921334431630972,-0.02285584843492586,2026,600625,Portland Timbers FC,0.1398991348215602,1,0.0965074315837575,0.10294126035922492,0.01289752883071606,36.87150837988827,0.018899505766653203,50.83798882681564,0.017531466227895465,32.402234636871505,-0.02937726523979777,10.614525139664805,0.08449423394003748,75.41899441340782,-0.02437957166468278,6.145251396648045,8.379888268156424,600625,55.42857142857143,58.44155844155844,516250,-47.04868316041501,TRUE,FALSE,11.538461538461538,Medium,29.75,70.25,Below Expected Value by Current Model,Central and defensive midfielders,1.1.0,2026-10-03 17:19:27 UTC,93,93,394,Performance data through: 2026-10-03 (updates every day) · MLSPA compensation as of: 2026-04-16,FALSE,2026-10-03 17:19:20 UTC
wvq9gzx1MW,asa_wvq9gzx1MW_mls_full_2025,Sergi Palencia,sergi palencia,1996-03-23,Spain,FB,NA,30.272416153319643,mls,eVq3ya6MWO,FB,asa_live,TRUE,NA,mlspa_via_asa,951,745000,3407,745000,full_2025,2025 full season,3407,0,1,TRUE,0.12441502788376874,0.0097158790724978,0.02768682125036689,0.028970648664514227,0.00655121808042265,0.05512268858233049,-0.00363222776636337,2026,745000,Los Angeles FC,0.1336622996580173,1,0.1257996954816098,0.13418634185124378,0.010363604344321516,40.38461538461539,0.02953260933464758,62.82051282051282,0.030902025243114195,60.8974358974359,0.0069879659526692,61.53846153846154,0.05879753448965661,44.23076923076923,-0.003874376284242002,30.76923076923077,42.94871794871795,745000,84.9673202614379,68.96103896103897,368750,-42.018602312719956,TRUE,FALSE,10,High,20.75,79.25,Below Expected Value by Current Model,Fullbacks and wingbacks,1.1.0,2026-10-03 17:19:27 UTC,82,82,400,Performance data through: 2026-10-03 (updates every day) · MLSPA compensation as of: 2026-04-16,FALSE,2026-10-03 17:19:20 UTC
wvq9jYdBQW,asa_wvq9jYdBQW_mls_full_2025,Stephen Afrifa,stephen afrifa,2001-02-19,Canada,FW,NA,25.360711841204655,mls,Z2vQ1xlqrA,FW,asa_live,TRUE,NA,mlspa_via_asa,921,113400,192,113400,full_2025,2025 full season,192,0,1,TRUE,0.22964062499999996,0.052265625,-0.06740625,0.145875,-0.08404687500000001,0.05887499999999999,0.124078125,2026,113400,Sporting Kansas City,0.2320804800898512,1,0.23148900006806905,0.2469216000803233,0.05575000000174219,39.285714285714285,-0.07190000000224687,21.428571428571427,0.15560000000486252,31.25,-0.08965000000280157,17.857142857142858,0.0628000000019625,89.28571428571429,0.13235000000413594,100,51.785714285714285,113400,17.117117117117118,13.896103896103897,558750,34.66859716859717,TRUE,FALSE,87.93103448275862,High,20.75,79.25,Fair Value,Strikers,1.1.0,2026-10-03 17:19:27 UTC,8,8,56,Performance data through: 2026-10-03 (updates every day) · MLSPA compensation as of: 2026-04-16,FALSE,2026-10-03 17:19:20 UTC
wvq9jvANQW,asa_wvq9jvANQW_mls_full_2025,Markus Anderson,markus anderson,2003-12-11,USA,FW,NA,21.555099247091032,mls,9z5k7Yg5A3,FW,asa_live,TRUE,NA,mlspa_via_asa,0,NA,118,122000,full_2025,2025 full season,118,0,1,TRUE,0.03889830508474577,0.0263135593220339,-0.01327118644067796,0.1201271186440678,-0.07901694915254237,-0.01609322033898305,8.389830508474577e-4,2026,122000,Philadelphia Union,0.2320804800898512,1,0.2003318775124105,0.21368733601991557,0.02806779661104661,11.607142857142858,-0.014155932203832197,69.64285714285714,0.12813559322434323,18.75,-0.08428474576534575,21.428571428571427,-0.017166101695451692,0.8928571428571429,8.949152542652543e-4,40.17857142857143,24.107142857142858,122000,22.52252252252252,18.83116883116883,558750,1.584620334620336,FALSE,FALSE,NA,Low,41,59,Insufficient Evidence,Strikers,1.1.0,2026-10-03 17:19:27 UTC,NA,NA,NA,Performance data through: 2026-10-03 (updates every day) · MLSPA compensation as of: 2026-04-16,FALSE,2026-10-03 17:19:20 UTC
wvq9opZMWn,asa_wvq9opZMWn_mls_full_2025,Jordi Alba,jordi alba,1989-03-21,Spain,FB,NA,36.27926078028747,mls,zeQZkL1MKw,FB,asa_live,TRUE,NA,mlspa_via_asa,0,NA,3463,6000000,full_2025,2025 full season,3463,0,1,TRUE,0.19737106555010103,0.01678891134854172,0.06695293098469535,0.05720184810857638,-0.00261449610164597,0.05885994802194629,1.8192318798729423e-4,2026,6000000,Inter Miami CF,0.1336622996580173,1,0.18796292881979085,0.20049379074737567,0.0179081721056708,67.3076923076923,0.07141645971924013,93.58974358974359,0.06101530465105486,81.41025641025641,-0.0027887958418428512,33.333333333333336,0.0627839445587047,48.07692307692308,1.940514005258446e-4,57.05128205128205,90.38461538461539,6000000,100,98.83116883116882,368750,-9.615384615384613,FALSE,FALSE,NA,Low,41,59,Insufficient Evidence,Fullbacks and wingbacks,1.1.0,2026-10-03 17:19:27 UTC,NA,NA,NA,Performance data through: 2026-10-03 (updates every day) · MLSPA compensation as of: 2026-04-16,FALSE,2026-10-03 17:19:20 UTC
wvq9pAjl5W,asa_wvq9pAjl5W_mls_full_2025,Ryan Hollingshead,ryan hollingshead,1991-04-16,USA,FB,NA,35.20876112251882,mls,eVq3ya6MWO,FB,asa_live,TRUE,NA,mlspa_via_asa,1752,550000,2660,550000,full_2025,2025 full season,2660,0,1,TRUE,0.14760338345864665,0.02728082706766917,0.00716616541353383,0.07527857142857142,0.0083063909774436,0.03528270676691729,-0.00571127819548872,2026,550000,Los Angeles FC,0.1336622996580173,1,0.14503753981435905,0.1547067091401509,0.029099548873089808,83.33333333333333,0.007643909774674958,32.05128205128205,0.08029714285965213,88.46153846153847,0.00886015037621672,66.02564102564102,0.0376348872192212,23.076923076923077,-0.006092030075378344,21.794871794871796,66.02564102564102,550000,72.22222222222223,54.87012987012987,368750,-6.1965811965812065,TRUE,FALSE,45.55555555555556,High,14,86,Fair Value,Fullbacks and wingbacks,1.1.0,2026-10-03 17:19:27 UTC,50,50,243,Performance data through: 2026-10-03 (updates every day) · MLSPA compensation as of: 2026-04-16,FALSE,2026-10-03 17:19:20 UTC
xW5pbAlQg1,asa_xW5pbAlQg1_mls_full_2025,Maxime Chanot,maxime chanot,1989-11-21,Luxembourg,CB,NA,35.60848733744011,mls,eVq3ya6MWO,CB,asa_live,TRUE,NA,mlspa_via_asa,0,NA,74,400000,full_2025,2025 full season,74,0,1,TRUE,0.4013513513513514,0,-0.0197027027027027,-0.00291891891891891,-1.2162162162162164e-4,0.42409459459459464,0,2026,400000,Los Angeles FC,0.14523645173583166,1,0.17335589175296587,0.18491295120894213,0,7.975460122699387,-0.021016216216872972,1.8404907975460123,-0.0031135135136108015,1.2269938650306749,-1.297297297337838e-4,44.171779141104295,0.4523675675817041,100,0,72.69938650306749,79.14110429447852,400000,37.88819875776397,42.01298701298701,518000,41.25290553671455,FALSE,FALSE,NA,Low,41,59,Insufficient Evidence,Center backs,1.1.0,2026-10-03 17:19:27 UTC,NA,NA,NA,Performance data through: 2026-10-03 (updates every day) · MLSPA compensation as of: 2026-04-16,FALSE,2026-10-03 17:19:20 UTC
xW5pr6gRQg,asa_xW5pr6gRQg_mls_full_2025,Diogo Gonçalves,diogo goncalves,1997-02-06,Portugal,W,NA,28.396988364134156,mls,a2lqR4JMr0,W,asa_live,TRUE,NA,mlspa_via_asa,0,NA,2540,1797108,full_2025,2025 full season,2540,0,1,TRUE,0.20703543307086614,0.05635984251968504,0.03299173228346457,0.07626968503937008,-7.440944881889764e-4,0.04012086614173229,0.00203740157480314,2026,1797108,Real Salt Lake,0.20362313755561975,1,0.20638340208069167,0.22014229555961723,0.06011716535620937,71.75141242937853,0.03519118110346193,79.66101694915254,0.08135433071120374,48.0225988700565,-7.93700787426378e-4,40.112994350282484,0.04279559055251847,51.41242937853107,0.002173228346524596,50.282485875706215,58.75706214689266,1797108,81.17647058823529,91.2987012987013,562000,-22.419408441342632,FALSE,FALSE,NA,Low,41,59,Insufficient Evidence,Wingers and attacking midfielders,1.1.0,2026-10-03 17:19:27 UTC,NA,NA,NA,Performance data through: 2026-10-03 (updates every day) · MLSPA compensation as of: 2026-04-16,FALSE,2026-10-03 17:19:20 UTC
xW5prAjYQg,asa_xW5prAjYQg_mls_full_2025,Raoul Petretta,raoul petretta,1997-03-24,Italy,FB,NA,28.27104722792608,mls,kRQabn8MKZ,FB,asa_live,TRUE,NA,mlspa_via_asa,0,NA,2069,854750,full_2025,2025 full season,2069,0,1,TRUE,0.09843885935234412,0.00250120831319478,0.02264137264378927,0.02211068148864185,-0.01435911068148864,0.06976848719188014,-0.00422377960367327,2026,854750,Toronto FC,0.1336622996580173,1,0.10635720486879369,0.11344768519692518,0.0026679555341578057,16.025641025641026,0.024150797487463266,54.48717948717949,0.023584726921954995,51.282051282051285,-0.015316384727399853,14.743589743589743,0.07441971967366444,62.82051282051282,-0.004505364910725613,27.564102564102566,19.23076923076923,854750,91.50326797385621,76.1038961038961,368750,-72.27249874308698,FALSE,FALSE,NA,Low,41,59,Insufficient Evidence,Fullbacks and wingbacks,1.1.0,2026-10-03 17:19:27 UTC,NA,NA,NA,Performance data through: 2026-10-03 (updates every day) · MLSPA compensation as of: 2026-04-16,FALSE,2026-10-03 17:19:20 UTC
xW5prK4BQg,asa_xW5prK4BQg_mls_full_2025,Ariel Lassiter,ariel lassiter,1994-09-27,Costa Rica,W,NA,31.759069130732374,mls,WBLMvYAQxe,W,asa_live,TRUE,NA,mlspa_via_asa,1153,358000,685,358000,full_2025,2025 full season,685,0,1,TRUE,0.1328058394160584,0.02136350364963503,-0.00298248175182481,0.04775912408759123,0.03166423357664233,0.02626423357664233,0.00873722627737226,2026,358000,Portland Timbers FC,0.20362313755561975,1,0.16587228212713762,0.17693043427447586,0.02278773722698948,20.903954802259886,-0.0031813138687125466,48.0225988700565,0.05094306569502262,20.338983050847457,0.033775182482807295,73.44632768361582,0.028015182482627292,24.858757062146893,0.009319708029488318,70.05649717514125,17.51412429378531,358000,34.11764705882353,38.57142857142857,562000,-16.603522765038218,TRUE,FALSE,31.914893617021278,High,20.75,79.25,Below Expected Value by Current Model,Wingers and attacking midfielders,1.1.0,2026-10-03 17:19:27 UTC,65,65,303,Performance data through: 2026-10-03 (updates every day) · MLSPA compensation as of: 2026-04-16,FALSE,2026-10-03 17:19:20 UTC
xW5prZBdQg,asa_xW5prZBdQg_mls_full_2025,Henry Wingo,henry wingo,1995-10-04,USA,FB,NA,30.740588637919235,mls,kRQabn8MKZ,FB,asa_live,TRUE,NA,mlspa_via_asa,21,796031,309,796031,full_2025,2025 full season,309,0,1,TRUE,0.12125242718446602,0,0.01700970873786407,0.015203883495145629,-0.01511650485436893,0.17717475728155338,-0.07301941747572815,2026,796031,Toronto FC,0.1336622996580173,1,0.12944376215050646,0.13807334629818835,0,6.410256410256411,0.018143689320955333,48.07692307692308,0.016217475728662133,34.61538461538461,-0.016124271845164077,14.102564102564102,0.1889864077728961,98.71794871794872,-0.07788737864321067,0.6410256410256411,48.07692307692308,796031,88.88888888888889,72.46753246753246,368750,-40.811965811965806,FALSE,TRUE,NA,Low,41,59,Small-Sample Watchlist,Fullbacks and wingbacks,1.1.0,2026-10-03 17:19:27 UTC,NA,NA,NA,Performance data through: 2026-10-03 (updates every day) · MLSPA compensation as of: 2026-04-16,FALSE,2026-10-03 17:19:20 UTC
xW5prbllQg,asa_xW5prbllQg_mls_full_2025,Artur,artur,1996-03-11,Brazil,CM,NA,30.305270362765228,mls,YgOMngl5wN,CM,asa_live,TRUE,NA,mlspa_via_asa,1760,958379,3237,958379,full_2025,2025 full season,3237,0,1,TRUE,0.09597775718257646,0.00402316960148285,0.02726413345690454,0.00800741427247451,-7.312326227988878e-4,0.07208619091751621,-0.01467191844300278,2026,958379,Houston Dynamo FC,0.1398991348215602,1,0.10284583812690543,0.10970222733879398,0.004291380908382479,18.99441340782123,0.029081742354940314,62.01117318435754,0.008541241890906392,12.849162011173185,-7.79981464343188e-4,40.22346368715084,0.07689193698108683,68.15642458100558,-0.01565004633969203,10.05586592178771,11.1731843575419,958379,85.71428571428571,80.51948051948052,516250,-74.54110135674381,TRUE,FALSE,2.8846153846153846,High,14,86,Below Expected Value by Current Model,Central and defensive midfielders,1.1.0,2026-10-03 17:19:27 UTC,102,102,432,Performance data through: 2026-10-03 (updates every day) · MLSPA compensation as of: 2026-04-16,FALSE,2026-10-03 17:19:20 UTC
xW5prl1KQg,asa_xW5prl1KQg_mls_full_2025,Dominique Badji,dominique badji,1992-10-16,Senegal,FW,NA,32.70636550308008,mls,EKXMeX3Q64,FW,asa_live,TRUE,NA,mlspa_via_asa,0,NA,866,435000,full_2025,2025 full season,866,0,1,TRUE,0.1968048498845266,0.03810969976905312,-0.07506581986143188,0.16522170900692842,0.00843879907621247,0.061441108545034644,-0.0013406466512702,2026,435000,D.C. United,0.2320804800898512,1,0.21124235201494596,0.22532517548965042,0.040650346421593646,24.107142857142858,-0.0800702078546962,16.071428571428573,0.1762364896128977,41.07142857142857,0.009001385681574596,84.82142857142857,0.06553718245008498,91.96428571428571,-0.0014300230947329015,25.892857142857142,36.607142857142854,435000,42.34234234234234,44.61038961038961,558750,-5.735199485199487,FALSE,FALSE,NA,Low,41,59,Insufficient Evidence,Strikers,1.1.0,2026-10-03 17:19:27 UTC,NA,NA,NA,Performance data through: 2026-10-03 (updates every day) · MLSPA compensation as of: 2026-04-16,FALSE,2026-10-03 17:19:20 UTC
xW5pw3PYMg,asa_xW5pw3PYMg_mls_full_2025,Conrad Wallem,conrad wallem,2000-06-09,Norway,FB,NA,26.05886379192334,mls,wvq9B9wQWn,FB,asa_live,TRUE,NA,mlspa_via_asa,2171,657188,2726,657188,full_2025,2025 full season,2726,0,1,TRUE,0.17212252384446075,0.02094167278063096,0.015203595011005131,0.04360014673514306,0.01254585473220836,0.0802406456346295,-4.093910491562729e-4,2026,657188,St. Louis City SC,0.1336622996580173,1,0.16518441966169883,0.17619671431131823,0.022337784300037748,73.07692307692308,0.016217168012245594,46.15384615384615,0.04650682318560593,72.43589743589743,0.013382245048107113,76.28205128205128,0.08559002201294616,77.56410256410257,-4.366837857803375e-4,48.07692307692308,82.05128205128206,657188,79.73856209150327,62.467532467532465,368750,2.3127199597787893,TRUE,FALSE,57.77777777777778,High,14,86,Fair Value,Fullbacks and wingbacks,1.1.0,2026-10-03 17:19:27 UTC,39,39,189,Performance data through: 2026-10-03 (updates every day) · MLSPA compensation as of: 2026-04-16,FALSE,2026-10-03 17:19:20 UTC
xW5pw8KGMg,asa_xW5pw8KGMg_mls_full_2025,Lawrence Ennali,lawrence ennali,2002-03-07,Germany,FB,NA,24.317590691307323,mls,YgOMngl5wN,FB,asa_live,TRUE,NA,mlspa_via_asa,2464,574250,1149,574250,full_2025,2025 full season,1149,0,1,TRUE,0.26387467362924283,0.05529242819843342,-0.03604699738903394,0.10185117493472584,0.06633681462140993,0.0682402088772846,0.00820104438642297,2026,574250,Houston Dynamo FC,0.1336622996580173,1,0.2192049055430591,0.23381856591990322,0.05897859008017206,96.15384615384616,-0.038450130549504434,8.333333333333334,0.1086412532671026,96.15384615384616,0.07075926893171515,96.7948717948718,0.07278955613804491,60.8974358974359,0.008747780679124535,91.66666666666667,98.71794871794872,574250,73.85620915032679,56.493506493506494,368750,24.861739567621925,TRUE,FALSE,75.55555555555556,High,14,86,Strong Value,Fullbacks and wingbacks,1.1.0,2026-10-03 17:19:27 UTC,23,23,111,Performance data through: 2026-10-03 (updates every day) · MLSPA compensation as of: 2026-04-16,FALSE,2026-10-03 17:19:20 UTC
xW5pwEwGMg,asa_xW5pwEwGMg_mls_full_2025,Finn Surman,finn surman,2003-09-23,New Zealand,CB,NA,22.770704996577688,mls,WBLMvYAQxe,CB,asa_live,TRUE,NA,mlspa_via_asa,2622,303233,3460,303233,full_2025,2025 full season,3460,0,1,TRUE,0.15382456647398846,0.00371184971098265,0.03696242774566474,0.01981820809248554,5.488439306358382e-4,0.10263381502890172,-0.00985057803468208,2026,303233,Portland Timbers FC,0.14523645173583166,1,0.15255538695603424,0.1627257460915217,0.003959306358505221,25.766871165644172,0.0394265895966078,29.447852760736197,0.021139421965978518,60.736196319018404,5.854335260298555e-4,47.852760736196316,0.10947606936758296,78.52760736196319,-0.010507283237322572,27.607361963190183,58.895705521472394,303233,32.298136645962735,33.76623376623377,518000,26.59756887550966,TRUE,FALSE,77.89473684210526,High,14,86,Undervalued,Center backs,1.1.0,2026-10-03 17:19:27 UTC,22,22,99,Performance data through: 2026-10-03 (updates every day) · MLSPA compensation as of: 2026-04-16,FALSE,2026-10-03 17:19:20 UTC
xW5pxANJ5g,asa_xW5pxANJ5g_mls_full_2025,Marcus Ingvartsen,marcus ingvartsen,1996-01-04,Denmark,FW,NA,30.48870636550308,mls,zeQZBOzQKw,FW,asa_live,TRUE,NA,mlspa_via_asa,1862,1800000,580,1800000,full_2025,2025 full season,580,0,1,TRUE,0.18768103448275864,0.05002758620689655,-0.05846896551724138,0.2463051724137931,-0.07750862068965517,0.02239137931034483,0.00493448275862069,2026,1800000,San Diego FC,0.2320804800898512,1,0.21025702377450062,0.2242741586998092,0.05336275862235724,35.714285714285715,-0.062366896553673105,27.678571428571427,0.2627255172495895,75.89285714285714,-0.08267586207154913,22.321428571428573,0.023884137931780864,32.142857142857146,0.005263448276026552,51.785714285714285,34.82142857142857,1800000,77.47747747747748,91.42857142857143,558750,-42.65604890604891,TRUE,FALSE,20.689655172413794,High,14,86,Below Expected Value by Current Model,Strikers,1.1.0,2026-10-03 17:19:27 UTC,47,47,353,Performance data through: 2026-10-03 (updates every day) · MLSPA compensation as of: 2026-04-16,FALSE,2026-10-03 17:19:20 UTC
xW5pxRGB5g,asa_xW5pxRGB5g_mls_full_2025,Thiago Martins,thiago martins,1995-03-17,Brazil,CB,NA,31.290896646132783,mls,Vj58weDM8n,CB,asa_live,TRUE,NA,mlspa_via_asa,2283,2262000,3504,2262000,full_2025,2025 full season,3504,0,1,TRUE,0.19860873287671232,0.00901797945205479,0.07714982876712329,0.01221061643835616,-0.0013458904109589,0.1005693493150685,0.00100684931506849,2026,2262000,New York City FC,0.14523645173583166,1,0.1908057677976362,0.2035261523238388,0.009619178082492375,53.987730061349694,0.08229315068750316,85.88957055214723,0.01302465753465359,36.809815950920246,-0.001435616438401023,39.263803680981596,0.10727397260609205,77.30061349693251,0.0010739726027732843,85.88957055214723,90.79754601226993,2262000,99.37888198757764,92.98701298701299,518000,-8.58133597530771,TRUE,FALSE,38.94736842105263,High,14,86,Fair Value,Center backs,1.1.0,2026-10-03 17:19:27 UTC,59,59,272,Performance data through: 2026-10-03 (updates every day) · MLSPA compensation as of: 2026-04-16,FALSE,2026-10-03 17:19:20 UTC
xW5py2Jdqg,asa_xW5py2Jdqg_mls_full_2025,Markus Cimermancic,markus cimermancic,2004-10-01,Canada,CM,NA,21.74674880219028,mls,kRQabn8MKZ,CM,asa_live,TRUE,NA,mlspa_via_asa,791,101881,326,101881,full_2025,2025 full season,326,0,1,TRUE,0.14460736196319018,0.00209815950920245,-0.03721472392638036,0.04361963190184049,-0.00913803680981594,0.1482515337423313,-0.00300920245398773,2026,101881,Toronto FC,0.1398991348215602,1,0.1415566748303846,0.1509937864904621,0.002238036809885885,13.966480446927374,-0.03969570552271287,6.70391061452514,0.04652760736341718,73.74301675977654,-0.009747239264108271,23.463687150837988,0.1581349693300951,98.88268156424581,-0.0032098159510205522,40.22346368715084,53.63128491620112,101881,8,9.090909090909092,516250,45.63128491620112,TRUE,FALSE,90.38461538461539,Medium,29.75,70.25,Fair Value,Central and defensive midfielders,1.1.0,2026-10-03 17:19:27 UTC,11,11,46,Performance data through: 2026-10-03 (updates every day) · MLSPA compensation as of: 2026-04-16,FALSE,2026-10-03 17:19:20 UTC
xW5pyAAGqg,asa_xW5pyAAGqg_mls_full_2025,Anthony Ramirez,anthony ramirez,2005-12-22,USA,W,NA,19.523613963039015,mls,mKAqBBmqbg,W,asa_live,TRUE,NA,mlspa_via_asa,0,NA,11,80622,full_2025,2025 full season,11,0,1,TRUE,0.07363636363636364,0,-0.135,0.05563636363636364,-0.01390909090909091,0,0.16690909090909092,2026,80622,FC Dallas,0.20362313755561975,1,0.20128295013645148,0.214701813485591,0,6.214689265536723,-0.1440000000045,1.1299435028248588,0.05934545454730909,29.943502824858758,-0.014836363636827273,23.728813559322035,0,9.322033898305085,0.1780363636419273,99.43502824858757,52.54237288135593,80622,1.7647058823529411,1.103896103896104,562000,50.77766699900299,FALSE,FALSE,NA,Low,41,59,Insufficient Evidence,Wingers and attacking midfielders,1.1.0,2026-10-03 17:19:27 UTC,NA,NA,NA,Performance data through: 2026-10-03 (updates every day) · MLSPA compensation as of: 2026-04-16,FALSE,2026-10-03 17:19:20 UTC
xW5pyEZBqg,asa_xW5pyEZBqg_mls_full_2025,Samuel Bassett,samuel bassett,2003-04-13,USA,W,NA,22.217659137577,mls,pzeQZ6xQKw,W,asa_live,TRUE,NA,mlspa_via_asa,0,NA,414,80622,full_2025,2025 full season,414,0,1,TRUE,-0.03571739130434783,0.0307391304347826,-0.10221739130434782,0.06971739130434783,0.02308695652173913,-0.007239130434782601,-0.04980434782608695,2026,80622,Colorado Rapids,0.20362313755561975,1,0.10590422340569217,0.11296450496960178,0.03278840579812608,31.638418079096045,-0.10903188406137825,2.2598870056497176,0.07436521739362827,44.067796610169495,0.024626086957291304,66.66666666666667,-0.007721739130676079,5.649717514124294,-0.05312463768281955,1.1299435028248588,0.5649717514124294,80622,1.7647058823529411,1.103896103896104,562000,-1.1997341309405116,FALSE,FALSE,NA,Low,41,59,Insufficient Evidence,Wingers and attacking midfielders,1.1.0,2026-10-03 17:19:27 UTC,NA,NA,NA,Performance data through: 2026-10-03 (updates every day) · MLSPA compensation as of: 2026-04-16,FALSE,2026-10-03 17:19:20 UTC
xW5pyPEYqg,asa_xW5pyPEYqg_mls_full_2025,Érik Dueñas,erik duenas,2004-10-18,USA,CM,NA,20.700889801505816,mls,YgOMngl5wN,CM,asa_live,TRUE,NA,mlspa_via_asa,0,NA,201,170625,full_2025,2025 full season,201,0,1,TRUE,0.14807462686567163,0.04656716417910447,0.06940298507462686,0.03497014925373134,-0.028970149253731335,0.03394029850746269,-0.00783582089552239,2026,170625,Houston Dynamo FC,0.1398991348215602,1,0.14195066278768553,0.15141404031159625,0.049671641792597004,92.17877094972067,0.07402985074858208,88.26815642458101,0.0373014925384791,65.92178770949721,-0.030901492538279094,9.497206703910615,0.03620298507575821,13.40782122905028,-0.008358208955485075,18.99441340782123,54.74860335195531,170625,23.428571428571427,25.584415584415584,516250,31.320031923383883,FALSE,FALSE,NA,Low,41,59,Insufficient Evidence,Central and defensive midfielders,1.1.0,2026-10-03 17:19:27 UTC,NA,NA,NA,Performance data through: 2026-10-03 (updates every day) · MLSPA compensation as of: 2026-04-16,FALSE,2026-10-03 17:19:20 UTC
xW5pygjdqg,asa_xW5pygjdqg_mls_full_2025,Jalen Neal,jalen neal,2003-08-24,USA,CB,NA,22.85284052019165,mls,APk5LGOMOW,CB,asa_live,TRUE,NA,mlspa_via_asa,1316,756250,1066,756250,full_2025,2025 full season,1066,0,1,TRUE,0.08613320825515947,0.00606191369606003,-0.01893714821763602,0.01730769230769231,0.00508255159474671,0.07774108818011256,-0.00112288930581613,2026,756250,CF Montréal,0.14523645173583166,1,0.10741889018097178,0.11458014952995053,0.0064660412759994295,39.263803680981596,-0.02019962476610966,2.4539877300613497,0.018461538462115384,53.374233128834355,0.0054213883678992415,65.03067484662577,0.08292382739471144,52.147239263803684,-0.0011977485929079684,63.190184049079754,8.588957055214724,756250,67.0807453416149,69.8051948051948,518000,-58.49178828640018,TRUE,FALSE,7.368421052631579,High,20.75,79.25,Below Expected Value by Current Model,Center backs,1.1.0,2026-10-03 17:19:27 UTC,89,89,412,Performance data through: 2026-10-03 (updates every day) · MLSPA compensation as of: 2026-04-16,FALSE,2026-10-03 17:19:20 UTC
xW5pykn0qg,asa_xW5pykn0qg_mls_full_2025,Juan Berrocal,juan berrocal,1999-02-05,Spain,CB,NA,27.40041067761807,mls,KAqBN0Vqbg,CB,asa_live,TRUE,NA,mlspa_via_asa,821,1424666.6,653,1424666.6,full_2025,2025 full season,653,0,1,TRUE,0.10834456355283308,4.134762633996937e-5,0.05285604900459418,0.027179173047473193,-0.01239050535987748,0.10474732006125576,-0.06408882082695253,2026,1424666.6,Atlanta United FC,0.14523645173583166,1,0.12601027217996727,0.13441095699616543,4.410413476401224e-5,16.56441717791411,0.056379785606662326,60.736196319018404,0.028991117918210713,71.77914110429448,-0.013216539050948994,15.950920245398773,0.11173047473549771,79.75460122699387,-0.06836140888421899,2.4539877300613497,26.380368098159508,1424666.6,96.8944099378882,88.31168831168831,518000,-70.51404183972869,TRUE,FALSE,1.0526315789473684,Medium,29.75,70.25,Below Expected Value by Current Model,Center backs,1.1.0,2026-10-03 17:19:27 UTC,95,95,440,Performance data through: 2026-10-03 (updates every day) · MLSPA compensation as of: 2026-04-16,FALSE,2026-10-03 17:19:20 UTC
xW5pynPBqg,asa_xW5pynPBqg_mls_full_2025,Guilherme Biro,guilherme biro,2000-05-01,Brazil,FB,NA,26.16563997262149,mls,gpMOLwl5zy,FB,asa_live,TRUE,NA,mlspa_via_asa,1882,325000,3085,325000,full_2025,2025 full season,3085,0,1,TRUE,0.17775364667747165,0.01593743922204214,0.03111345218800648,0.05745996758508914,-0.00361458670988654,0.07284894651539708,0.00400842787682333,2026,325000,Austin FC,0.1336622996580173,1,0.17057459424553878,0.18194623386759384,0.01699993517070953,64.1025641025641,0.03318768233491069,67.3076923076923,0.06129063209267708,82.05128205128206,-0.003855559157332796,31.41025641025641,0.07770554295218518,67.3076923076923,0.0042756564020785,81.41025641025641,84.61538461538461,325000,45.751633986928105,35.714285714285715,368750,38.86375062845651,TRUE,FALSE,85.55555555555556,High,14,86,Strong Value,Fullbacks and wingbacks,1.1.0,2026-10-03 17:19:27 UTC,14,14,67,Performance data through: 2026-10-03 (updates every day) · MLSPA compensation as of: 2026-04-16,FALSE,2026-10-03 17:19:20 UTC
xW5pynj0qg,asa_xW5pynj0qg_mls_full_2025,Matheus Nascimento,matheus nascimento,2004-03-03,Brazil,FW,NA,22.327173169062284,mls,kaDQ0wRqEv,FW,asa_live,TRUE,NA,mlspa_via_asa,193,707000,1309,707000,full_2025,2025 full season,1309,0,1,TRUE,0.1142498090145149,0.0379938884644767,-0.05350496562261268,0.1408097784568373,-0.05019786096256685,0.03721008403361344,0.0019388846447669897,2026,707000,LA Galaxy,0.2320804800898512,1,0.1512840691743901,0.1613696737910589,0.040526814363374936,23.214285714285715,-0.057071963332570357,32.142857142857146,0.1501970970253201,25.892857142857142,-0.05354438502841123,34.82142857142857,0.03969075630376134,68.75,0.0020681436211494185,44.642857142857146,6.25,707000,55.85585585585586,65.84415584415585,558750,-49.60585585585586,FALSE,TRUE,NA,Low,41,59,Small-Sample Watchlist,Strikers,1.1.0,2026-10-03 17:19:27 UTC,NA,NA,NA,Performance data through: 2026-10-03 (updates every day) · MLSPA compensation as of: 2026-04-16,FALSE,2026-10-03 17:19:20 UTC
xW5pyrwKqg,asa_xW5pyrwKqg_mls_full_2025,Obinna Nwobodo,obinna nwobodo,1996-11-29,Nigeria,CM,NA,29.58521560574949,mls,NWMWlBK5lz,CM,asa_live,TRUE,NA,mlspa_via_asa,1084,1849724,1019,1849724,full_2025,2025 full season,1019,0,1,TRUE,0.1167703631010795,0.01005103042198233,0.00273797841020608,0.00975073601570166,0.00633267909715407,0.09272031403336604,-0.00482237487733071,2026,1849724,FC Cincinnati,0.1398991348215602,1,0.12534186590051644,0.13369799029806226,0.010721099117116186,33.5195530726257,0.0029205103043110844,28.491620111731844,0.010400785083740129,18.435754189944134,0.006754857703842098,63.687150837988824,0.09890166830534779,84.35754189944134,-0.0051438665359801695,31.843575418994412,29.050279329608937,1849724,97.14285714285714,91.55844155844156,516250,-68.0925778132482,TRUE,FALSE,4.8076923076923075,High,20.75,79.25,Below Expected Value by Current Model,Central and defensive midfielders,1.1.0,2026-10-03 17:19:27 UTC,100,100,423,Performance data through: 2026-10-03 (updates every day) · MLSPA compensation as of: 2026-04-16,FALSE,2026-10-03 17:19:20 UTC
xW5pyx70qg,asa_xW5pyx70qg_mls_full_2025,Tucker Lepley,tucker lepley,2002-01-17,USA,CM,NA,23.45242984257358,mls,kaDQ0wRqEv,CM,asa_live,TRUE,NA,mlspa_via_asa,0,NA,646,82308,full_2025,2025 full season,646,0,1,TRUE,0.1690356037151703,0.04362074303405573,-0.05092105263157894,0.07353250773993808,0.03052476780185758,0.06411455108359133,0.0081640866873065,2026,82308,LA Galaxy,0.1398991348215602,1,0.15500520135869672,0.16533888145444334,0.04652879257111347,90.50279329608938,-0.05431578947538157,3.35195530726257,0.0784346749250517,90.50279329608938,0.03255975232299891,92.17877094972067,0.06838885449130123,54.74860335195531,0.00870835913339907,89.3854748603352,71.50837988826815,82308,1.7142857142857142,2.0779220779220777,516250,69.79409417398244,FALSE,FALSE,NA,Low,41,59,Insufficient Evidence,Central and defensive midfielders,1.1.0,2026-10-03 17:19:27 UTC,NA,NA,NA,Performance data through: 2026-10-03 (updates every day) · MLSPA compensation as of: 2026-04-16,FALSE,2026-10-03 17:19:20 UTC
xW5pyyaJqg,asa_xW5pyyaJqg_mls_full_2025,Braian Ojeda,braian ojeda,2000-06-27,Paraguay,CM,NA,26.00958247775496,mls,jYQJ8EW5GR,CM,asa_live,TRUE,NA,mlspa_via_asa,1832,910500,2431,910500,full_2025,2025 full season,2431,0,1,TRUE,0.15654668860551216,0.02491197038255862,0.0232496914849856,0.02426779103249691,0.00373920197449609,0.06497326203208556,0.01540477169888934,2026,910500,Orlando City SC,0.1398991348215602,1,0.15325123091155926,0.16346797964410492,0.026572768408892927,71.50837988826815,0.024799670918092962,54.18994413407821,0.025885643768805627,48.60335195530726,0.003988482106253802,54.74860335195531,0.06930481283639037,58.100558659217874,0.016431756479328787,94.41340782122904,69.83240223463687,910500,84,78.44155844155844,516250,-14.167597765363126,TRUE,FALSE,35.57692307692308,High,14,86,Fair Value,Central and defensive midfielders,1.1.0,2026-10-03 17:19:27 UTC,68,68,287,Performance data through: 2026-10-03 (updates every day) · MLSPA compensation as of: 2026-04-16,FALSE,2026-10-03 17:19:20 UTC
zeQZ7DJzMK,asa_zeQZ7DJzMK_mls_full_2025,Tristan Muyumba,tristan muyumba,1997-03-07,France,CM,NA,29.31690622861054,mls,KAqBN0Vqbg,CM,asa_live,TRUE,NA,mlspa_via_asa,2259,641600,1323,641600,full_2025,2025 full season,1323,0,1,TRUE,0.15810884353741497,0.02245578231292517,0.03276190476190475,0.054530612244897955,-0.01174829931972789,0.06230612244897959,-0.00219727891156462,2026,641600,Atlanta United FC,0.1398991348215602,1,0.15242718715181286,0.16258899963368129,0.023952834467868705,68.71508379888269,0.034946031747123796,67.59776536312849,0.058165986396375505,81.00558659217877,-0.012531519274768026,18.99441340782123,0.0664598639476551,52.513966480446925,-0.002343764172408837,44.6927374301676,68.71508379888269,641600,59.42857142857143,61.55844155844156,516250,9.286512370311257,TRUE,FALSE,61.53846153846154,High,14,86,Undervalued,Central and defensive midfielders,1.1.0,2026-10-03 17:19:27 UTC,41,41,173,Performance data through: 2026-10-03 (updates every day) · MLSPA compensation as of: 2026-04-16,FALSE,2026-10-03 17:19:20 UTC
zeQZJ7YgQK,asa_zeQZJ7YgQK_mls_full_2025,Rudy Camacho,rudy camacho,1991-03-05,France,CB,NA,35.32375085557837,mls,mvzqoLZQap,CB,asa_live,TRUE,NA,mlspa_via_asa,1778,415000,12,415000,full_2025,2025 full season,12,0,1,TRUE,0.29550000000000004,0,0.23025000000000004,-0.011250000000000001,-0.06,0.1575,-0.021,2026,415000,Columbus Crew,0.14523645173583166,1,0.14818279581944283,0.15806164887901178,0,7.975460122699387,0.24560000000767504,100,-0.012000000000375,0.6134969325153374,-0.064000000002,2.4539877300613497,0.16800000000525,94.47852760736197,-0.022400000000700002,12.269938650306749,53.374233128834355,415000,39.130434782608695,42.857142857142854,518000,14.24379834622566,TRUE,FALSE,68.42105263157895,High,14,86,Fair Value,Center backs,1.1.0,2026-10-03 17:19:27 UTC,31,31,142,Performance data through: 2026-10-03 (updates every day) · MLSPA compensation as of: 2026-04-16,FALSE,2026-10-03 17:19:20 UTC
zeQZJxR1QK,asa_zeQZJxR1QK_mls_full_2025,Eric Miller,eric miller,1993-01-15,USA,FB,NA,33.45653661875428,mls,WBLMvYAQxe,FB,asa_live,TRUE,NA,mlspa_via_asa,476,113400,529,113400,full_2025,2025 full season,529,0,1,TRUE,0.0674234404536862,0,-0.04089981096408317,0.0488109640831758,0.01156899810964083,0.04989981096408318,-0.00195652173913043,2026,113400,Portland Timbers FC,0.1336622996580173,1,0.1026256685516478,0.10946737979184518,0,6.410256410256411,-0.04362646502971871,3.2051282051282053,0.05206502835701455,78.84615384615384,0.012340264650669185,73.71794871794872,0.05322646503001872,39.1025641025641,-0.002086956521804343,39.1025641025641,14.743589743589743,113400,15.359477124183007,13.896103896103897,368750,-0.6158873805932643,TRUE,FALSE,52.22222222222222,Medium,29.75,70.25,Fair Value,Fullbacks and wingbacks,1.1.0,2026-10-03 17:19:27 UTC,44,44,213,Performance data through: 2026-10-03 (updates every day) · MLSPA compensation as of: 2026-04-16,FALSE,2026-10-03 17:19:20 UTC
zeQZKbYMKw,asa_zeQZKbYMKw_mls_full_2025,Luis Suárez,luis suarez,1987-01-24,Uruguay,FW,NA,39.43326488706366,mls,zeQZkL1MKw,FW,asa_live,TRUE,NA,mlspa_via_asa,1920,803125,2766,803125,full_2025,2025 full season,2766,0,1,TRUE,0.2747440347071584,0.07486984815618221,-0.01875813449023861,0.20448481561822127,-0.02667462039045553,0.03565509761388287,0.00516702819956616,2026,803125,Inter Miami CF,0.2320804800898512,1,0.2671391230106687,0.28494839788695125,0.07986117136909002,73.21428571428571,-0.02000867679021312,66.07142857142857,0.21811713666625218,59.82142857142857,-0.02845292841737505,54.464285714285715,0.038032104122663564,66.07142857142857,0.005511496746376138,52.67857142857143,71.42857142857143,803125,62.16216216216216,73.11688311688312,558750,9.26640926640927,TRUE,FALSE,67.24137931034483,High,14,86,Undervalued,Strikers,1.1.0,2026-10-03 17:19:27 UTC,20,20,148,Performance data through: 2026-10-03 (updates every day) · MLSPA compensation as of: 2026-04-16,FALSE,2026-10-03 17:19:20 UTC
zeQZX96N5K,asa_zeQZX96N5K_mls_full_2025,Jimer Fory,jimer fory,2002-05-24,Colombia,FB,NA,24.10403832991102,mls,WBLMvYAQxe,FB,asa_live,TRUE,NA,mlspa_via_asa,2332,470000,2521,470000,full_2025,2025 full season,2521,0,1,TRUE,0.13759539865132883,0.0119345497818326,0.0368282427608092,0.0439111463704879,-0.02073462911543038,0.0708111860372868,-0.00515509718365727,2026,470000,Portland Timbers FC,0.1336622996580173,1,0.13683927580737276,0.14596189419909225,0.012730186434352591,53.84615384615385,0.039283458946090755,75.64102564102564,0.04683855612998413,73.71794871794872,-0.022116937723816895,8.333333333333334,0.075531931775466285,64.1025641025641,-0.0054987703294062575,25.641025641025642,56.41025641025641,470000,63.39869281045752,48.57142857142857,368750,-6.98843640020111,TRUE,FALSE,41.111111111111114,High,14,86,Fair Value,Fullbacks and wingbacks,1.1.0,2026-10-03 17:19:27 UTC,54,54,263,Performance data through: 2026-10-03 (updates every day) · MLSPA compensation as of: 2026-04-16,FALSE,2026-10-03 17:19:20 UTC
zeQZXXm15K,asa_zeQZXXm15K_mls_full_2025,Jake Davis,jake davis,2002-01-03,USA,FB,NA,24.490075290896645,mls,Z2vQ1xlqrA,FB,asa_live,FALSE,NA,NA,1702,NA,2090,NA,full_2025,2025 full season,2090,0,1,TRUE,0.1579866028708134,0.01560143540669856,0.03531961722488038,0.02839090909090909,0.00133923444976076,0.07752057416267942,-1.8516746411483253e-4,2026,NA,Sporting Kansas City,0.1336622996580173,1,0.1525611077304128,0.162731848250859,0.016641531100998513,62.82051282051282,0.03767425837438306,73.71794871794872,0.030283636364582728,59.61538461538461,0.0014285167464561184,51.282051282051285,0.0826886124427754,73.07692307692308,-1.9751196172866026e-4,50,75,NA,NA,NA,368750,NA,FALSE,FALSE,NA,Insufficient,14,86,Insufficient Evidence,Fullbacks and wingbacks,1.1.0,2026-10-03 17:19:27 UTC,NA,NA,NA,Performance data through: 2026-10-03 (updates every day) · MLSPA compensation as of: 2026-04-16,FALSE,2026-10-03 17:19:20 UTC
zeQZe4aYqK,asa_zeQZe4aYqK_mls_full_2025,Zakaria Taifi,zakaria taifi,2005-10-01,USA,FB,NA,20.747433264887064,mls,jYQJ8EW5GR,FB,asa_live,TRUE,NA,mlspa_via_asa,921,99923,85,99923,full_2025,2025 full season,85,0,1,TRUE,0.02583529411764705,0,0.01577647058823529,0.014188235294117642,-0.02128235294117647,0.029752941176470576,-0.0126,2026,99923,Orlando City SC,0.1336622996580173,1,0.12028230626979618,0.128301126691792,0,6.410256410256411,0.016828235294643525,46.794871794871796,0.01513411764753176,32.69230769230769,-0.022701176471297647,7.6923076923076925,0.031736470589227045,20.512820512820515,-0.01344000000042,11.538461538461538,37.17948717948718,99923,8.49673202614379,8.7012987012987,368750,28.682755153343393,TRUE,FALSE,78.88888888888889,High,20.75,79.25,Fair Value,Fullbacks and wingbacks,1.1.0,2026-10-03 17:19:27 UTC,20,20,96,Performance data through: 2026-10-03 (updates every day) · MLSPA compensation as of: 2026-04-16,FALSE,2026-10-03 17:19:20 UTC
zeQZeWKjqK,asa_zeQZeWKjqK_mls_full_2025,Hugo Picard,hugo picard,2003-05-09,France,W,NA,23.145790554414784,mls,mvzqoLZQap,W,asa_live,TRUE,NA,mlspa_via_asa,1010,781244,883,781244,full_2025,2025 full season,883,0,1,TRUE,0.20441109852774633,0.02334088335220838,-0.01180294450736126,0.1297814269535674,0.02637825594563986,0.041881087202718,-0.00516761041902604,2026,781244,Columbus Crew,0.20362313755561975,1,0.2040923011013971,0.21769845451495998,0.024896942243133637,22.598870056497177,-0.01258980747491211,40.112994350282484,0.13843352208813126,80.22598870056497,0.028136806342895126,70.62146892655367,0.044673159684295236,56.49717514124294,-0.005512117780466696,11.864406779661017,54.80225988700565,781244,64.11764705882354,71.2987012987013,562000,-9.3153871718178891,TRUE,FALSE,39.361702127659576,High,20.75,79.25,Fair Value,Wingers and attacking midfielders,1.1.0,2026-10-03 17:19:27 UTC,58,58,271,Performance data through: 2026-10-03 (updates every day) · MLSPA compensation as of: 2026-04-16,FALSE,2026-10-03 17:19:20 UTC
zeQZkkOjMK,asa_zeQZkkOjMK_mls_full_2025,Chris Rindov,chris rindov,2001-10-08,USA,CB,NA,24.72826830937714,mls,kaDQ0wRqEv,CB,asa_live,TRUE,NA,mlspa_via_asa,9,122150,572,122150,full_2025,2025 full season,572,0,1,TRUE,0.21623601398601397,0,0.03813986013986013,0.01024300699300699,-0.00703321678321678,0.17619230769230768,-0.00130594405594405,2026,122150,LA Galaxy,0.14523645173583166,1,0.17988811522312204,0.19188065624399311,0,7.975460122699387,0.040682517483788795,31.288343558282207,0.010925874126215556,30.67484662576687,-0.007502097902332339,25.153374233128833,0.1879384615443346,96.31901840490798,-0.0013930069930505181,60.736196319018404,85.2760736196319,122150,17.391304347826086,18.961038961038962,518000,67.88476927180582,FALSE,TRUE,NA,Low,41,59,Small-Sample Watchlist,Center backs,1.1.0,2026-10-03 17:19:27 UTC,NA,NA,NA,Performance data through: 2026-10-03 (updates every day) · MLSPA compensation as of: 2026-04-16,FALSE,2026-10-03 17:19:20 UTC
