asa_player_id,team_id_raw,season_year,league_id,minutes,npxg,shots,goals,general_position,xa,xpass_diff,goals_added,goals_added_defending,goals_added_passing,goals_added_dribbling,goals_added_receiving,goals_added_shooting,goals_added_fouling,display_name,birth_date,nationality,team_name,salary,salary_currency,retrieved_at
0Oq624oPq6,jYQJ19EqGR,2024,mls,19,0,0,0,FB,NA,-0.8849,0.0658,0.0691,0.009,-0.015,0.0027,0,0,Kalani Kossa-Rienzi,2002-06-27,USA,Seattle Sounders FC,NA,NA,2026-08-18 13:58:58.325541
0Oq630dXQ6,pzeQZ6xQKw,2024,mls,1580,6.1685,33,5,W,NA,-7.6484,4.8132,0.3591,-0.5885,0.1685,3.2407,1.0787,0.5547,Kévin Cabral,1999-07-10,France,Colorado Rapids,1950000,USD,2026-08-18 13:58:58.325541
0Oq632k7Q6,jYQJ19EqGR,2024,mls,352,0.4743,9,0,DM,NA,-1.4295,0.9535,0.3445,0.279,-0.0021,0.128,0.1227,0.0814,Danny Leyva,2003-05-05,USA,Seattle Sounders FC,259900,USD,2026-08-18 13:58:58.325541
0Oq63DL6Q6,jYQJ19EqGR,2024,mls,566,0.0191,1,0,FB,NA,-6.4236,1.1353,0.6591,0.246,0.093,0.0826,0.0268,0.0278,Cody Baker,2004-01-07,USA,Seattle Sounders FC,95420,USD,2026-08-18 13:58:58.325541
0Oq63JA7Q6,X0Oq66zq6D,2024,mls,939,0.1332,3,0,CB,NA,1.3991,1.7469000000000001,0.9877,0.6493,-0.0029,0.0847,0.1061,-0.078,Wyatt Omsberg,1995-09-21,USA,Chicago Fire FC,217000,USD,2026-08-18 13:58:58.325541
0Oq63P32Q6,mKAqBBmqbg,2024,mls,2573,1.3968,20,3,CB,NA,13.8938,4.9654,2.5772,1.6054,-0.2057,0.6942,0.5196,-0.2253,Nkosi Tafari,1997-03-23,USA,FC Dallas,347750,USD,2026-08-18 13:58:58.325541
0Oq63Ym2Q6,19vQ2095K6,2024,mls,526,0.1391,5,0,FB,NA,1.1864,0.8632,0.4538,0.1863,0.0514,0.0893,0.0693,0.0131,Ryan Spaulding,1998-09-10,USA,New England Revolution,89716,USD,2026-08-18 13:58:58.325541
0Oq6712Q6D,NPqxKXZ59d,2024,mls,3677,0.5793,8,2,DM,NA,24.8783,6.5042,2.791,2.7534,0.3682,0.4204,0.1487,0.0225,Ashley Westwood,1990-04-01,England,Charlotte FC,850000,USD,2026-08-18 13:58:58.325541
0Oq6ENn256,jYQJ19EqGR,2024,mls,667,2.2554,13,1,ST,NA,-0.4786,2.0163,0.1226,0.036,0.0993,1.3624,0.4023,-0.0063,Danny Musovski,1995-11-30,USA,Seattle Sounders FC,389394,USD,2026-08-18 13:58:58.325541
0Oq6LeJ7M6,"c(""mvzqoLZQap"", ""a2lqR4JMr0"")",2024,mls,1507,0.3933,7,1,CB,NA,10.3196,2.6391,1.8239,0.5703,-0.1444,0.1417,0.233,0.0146,Philip Quinton,1999-11-16,USA,NA,89716,USD,2026-08-18 13:58:58.325541
0Oq6LpK2M6,pzeQZ6xQKw,2024,mls,4,0,0,0,AM,NA,0.0969,0.0929,0.0837,0.0053,0.0031,8e-4,0,0,Wayne Frederick,2004-06-13,Trinidad & Tobago,Colorado Rapids,71401,USD,2026-08-18 13:58:58.325541
0Oq6lrerM6,X0Oq66zq6D,2024,mls,1940,0.7732,21,1,DM,NA,-9.7911,3.4245,2.2978,0.6514,0.4542,0.1228,0.2267,-0.3284,Gastón Giménez,1991-07-27,Argentina,Chicago Fire FC,1633333,USD,2026-08-18 13:58:58.325541
0Oq6lyNdM6,kRQand1MKZ,2024,mls,2848,1.7285,22,1,CM,NA,12.6558,2.9895,1.4696,1.2475,-0.2478,0.3588,0.332,-0.1706,Wil Trapp,1993-01-15,USA,Minnesota United FC,445000,USD,2026-08-18 13:58:58.325541
0Oq6w6WPQ6,kRQand1MKZ,2024,mls,2348,0.6414,9,0,CB,NA,32.5585,3.0073000000000003,1.1605,1.6306,0.012,0.3805,0.1423,-0.3186,Miguel Tapias,1997-01-09,Mexico,Minnesota United FC,811875,USD,2026-08-18 13:58:58.325541
0Oq6w6j2Q6,YgOMngl5wN,2024,mls,279,1.4355,9,2,ST,NA,-5.5828,0.7454000000000001,0.0632,-0.2463,-0.0818,0.7658,0.2473,-0.0028,Gabe Segal,2001-05-17,USA,Houston Dynamo FC,71401,USD,2026-08-18 13:58:58.325541
0Oq6w947Q6,0KPqjA456v,2024,mls,32,0,0,0,CM,NA,0.6128,-0.0178,-0.0153,0.0098,0,0.0044,0,-0.0167,Michael Baldisimo,2000-04-13,Canada,San Jose Earthquakes,105000,USD,2026-08-18 13:58:58.325541
0Oq6wjlzQ6,0KPqjA456v,2024,mls,1010,2.3189,21,1,CM,NA,-2.5981,2.2773,0.2448,-0.03,-0.0103,1.4932,0.607,-0.0274,Jack Skahan,1998-02-07,USA,San Jose Earthquakes,150000,USD,2026-08-18 13:58:58.325541
0Oq6woOxQ6,mKAqBBmqbg,2024,mls,3078,0,0,0,GK,NA,10.0528,NA,NA,NA,NA,NA,NA,NA,Maarten Paes,1998-05-14,Netherlands,FC Dallas,397000,USD,2026-08-18 13:58:58.325541
0Oq6wv26Q6,pzeQZ6xQKw,2024,mls,983,2.2451,17,3,W,NA,1.1422,2.0749,0.396,0.0607,0.1782,1.1585,0.5178,-0.2363,Jonathan Lewis,1997-06-04,USA,Colorado Rapids,435000,USD,2026-08-18 13:58:58.325541
0Oq6wvbgQ6,0KPqjA456v,2024,mls,2321,1.7846,20,2,FB,NA,-11.481,3.1697,1.8686,0.2139,-0.0521,0.7179,0.4251,-0.0037,Vitor Costa,1994-07-01,Brazil,San Jose Earthquakes,388333,USD,2026-08-18 13:58:58.325541
0x5g2EKLM7,wvq9B9wQWn,2024,mls,2075,3.5057,37,3,W,NA,-4.8818,3.5263,0.7528,0.0532,-0.2528,2.0631,0.8461,0.0639,Indiana Vassilev,2001-02-16,USA,St. Louis City SC,322250,USD,2026-08-18 13:58:58.325541
0x5g2EwmM7,pzeQZ6xQKw,2024,mls,236,0.6841,2,1,CB,NA,1.2257,0.7986,0.292,0.0706,-0.0191,0.3802,0.0706,0.0043,Michael Edwards,2000-11-27,USA,Colorado Rapids,130000,USD,2026-08-18 13:58:58.325541
0x5g2XBjM7,NPqxKXZ59d,2024,mls,366,0,0,0,FB,NA,4.1079,0.03140000000000002,-0.3041,0.2173,0.0927,0.0439,0,-0.0184,Jaylin Lindsey,2000-03-27,USA,Charlotte FC,311875,USD,2026-08-18 13:58:58.325541
0x5g2Z8ZM7,NPqxKXZ59d,2024,mls,3780,0,0,0,GK,NA,0.0732,NA,NA,NA,NA,NA,NA,NA,Kristijan Kahlina,1992-07-24,Croatia,Charlotte FC,576875,USD,2026-08-18 13:58:58.325541
0x5g2lywM7,wvq9B9wQWn,2024,mls,663,0.1572,1,1,FB,NA,10.1154,0.8079999999999999,0.5488,0.2489,-0.1155,0.0424,0.0701,0.0133,Jake Nerwinski,1994-10-17,USA,St. Louis City SC,277500,USD,2026-08-18 13:58:58.325541
0x5g2pW7M7,vzqoOgNqap,2024,mls,1883,1.2673,16,1,FB,NA,26.9062,3.0655,1.0977,0.61240000000000006,-0.0672,0.6741,0.43,0.3185,Shaq Moore,1996-11-02,USA,Nashville SC,881500,USD,2026-08-18 13:58:58.325541
0x5g2xoXM7,APk5LGOMOW,2024,mls,1787,0.7466,15,0,FB,NA,-11.8377,2.0006,1.4945,0.5398,-0.7656,0.7375,0.3474,-0.353,Raheem Edwards,1995-07-17,Canada,CF Montréal,367500,USD,2026-08-18 13:58:58.325541
0x5gJEVLM7,EKXMeX3Q64,2024,mls,1113,3.2943,31,1,ST,NA,-2.9151,3.2606,0.3526,0.0181,-0.1518,2.1258,0.8908,0.0251,Jacob Murrell,2004-03-28,USA,D.C. United,71401,USD,2026-08-18 13:58:58.325541
0x5gJWwjM7,APk5LGOMOW,2024,mls,179,0,0,0,FB,NA,-5.2558,0.045,0.163,-0.2016,0.051,0.0265,0,0.0061,Dawid Bugaj,2004-07-09,Poland,CF Montréal,267600,USD,2026-08-18 13:58:58.325541
0x5gJg07M7,Vj58weDM8n,2024,mls,579,1.5348,18,1,W,NA,-0.7224,1.9208,0.3627,-0.2417,0.3754,0.9761,0.3662,0.0821,Malachi Jones,2003-09-23,Sierra Leone,New York City FC,71401,USD,2026-08-18 13:58:58.325541
0x5gLm2bq7,EKXMeX3Q64,2024,mls,1091,0.7713,10,0,DM,NA,-7.7236,1.0789,0.4899,0.1042,0.0561,0.1907,0.1856,0.0524,Jackson Hopkins,2004-07-01,USA,D.C. United,90002,USD,2026-08-18 13:58:58.325541
0x5gLpbwq7,"c(""kRQand1MKZ"", ""APk5LGOMOW"")",2024,mls,1979,3.908,30,4,FB,NA,-16.5198,3.6057,1.2621,0.2652,-0.5572,2.0707,0.6978,-0.1329,Caden Clark,2003-05-27,USA,NA,382000,USD,2026-08-18 13:58:58.325541
0x5gNXPM7O,kaDQ0wRqEv,2024,mls,1214,0.3519,4,0,CB,NA,20.2318,2.2359999999999998,1.3594,0.5452,0.0383,0.1177,0.1525,0.0229,Martín Cáceres,1987-04-07,Uruguay,LA Galaxy,656667,USD,2026-08-18 13:58:58.325541
0x5gP3gXq7,NWMWlBK5lz,2024,mls,1593,0.3172,10,0,CB,NA,9.4712,2.0336,0.5802,1.4033,0.0445,0.0835,0.1836,-0.2615,Matt Miazga,1995-07-19,USA,FC Cincinnati,1525000,USD,2026-08-18 13:58:58.325541
0x5gP9Jjq7,19vQ2095K6,2024,mls,103,0,0,0,GK,NA,3.8121,NA,NA,NA,NA,NA,NA,NA,Earl Edwards Jr.,1992-01-24,USA,New England Revolution,155000,USD,2026-08-18 13:58:58.325541
0x5gPGKPq7,Z2vQ1xlqrA,2024,mls,1441,0.3815,7,3,DM,NA,22.4852,1.5625,1.0739,0.108,-0.0245,0.1316,0.2198,0.0537,Rémi Walter,1995-04-26,France,Sporting Kansas City,900000,USD,2026-08-18 13:58:58.325541
0x5gPakRq7,zeQZkL1MKw,2024,mls,825,0.0385,1,0,CB,NA,13.2256,1.3010000000000002,0.4873,0.5875,0.2272,0.0258,0.0124,-0.0392,Nicolás Freire,1994-02-18,Argentina,Inter Miami CF,1000000,USD,2026-08-18 13:58:58.325541
0x5gPvZRq7,kaDQ0wRqEv,2024,mls,182,0.1798,2,1,CB,NA,1.7795,0.048899999999999985,0.0644,0.079,0.0029,0.0756,0.0769,-0.2499,Eriq Zavaleta,1992-08-02,USA,LA Galaxy,89716,USD,2026-08-18 13:58:58.325541
0x5gZ9mM7O,KAqBN0Vqbg,2024,mls,3765,0,0,0,GK,NA,42.8517,NA,NA,NA,NA,NA,NA,NA,Brad Guzan,1984-09-09,USA,Atlanta United FC,612500,USD,2026-08-18 13:58:58.325541
0x5gZDPM7O,eVq3ya6MWO,2024,mls,1235,3.9637,32,3,ST,NA,-6.2863,2.6611,0.4697,-0.0307,-0.2825,1.8578,0.7099,-0.0631,Kei Kamara,1984-09-01,Sierra Leone,Los Angeles FC,89716,USD,2026-08-18 13:58:58.325541
0x5gvyXM7O,19vQ2095K6,2024,mls,331,0,0,0,CB,NA,2.3051,0.5618000000000001,0.4766,0.1019,0.0031,0.0069,0,-0.0267,Jonathan Mensah,1990-07-13,Ghana,New England Revolution,512500,USD,2026-08-18 13:58:58.325541
2lqR7EBWQr,NPqxKXZ59d,2024,mls,40,0.0784,1,0,W,NA,0.6154,9.000000000000032e-4,0.0154,-0.0051,-0.0462,0.0129,0.0239,0,Nimfasha Berchimas,2008-02-22,USA,Charlotte FC,104650,USD,2026-08-18 13:58:58.325541
2lqR7V9AQr,jYQJ19EqGR,2024,mls,666,0.8723,10,1,W,NA,-0.082,1.8033000000000001,0.3814,-0.2292,0.7637,0.6091,0.2613,0.017,Georgi Minoungou,2002-07-25,Ivory Coast,Seattle Sounders FC,89716,USD,2026-08-18 13:58:58.325541
2lqR7YEaQr,pzeQZ6xQKw,2024,mls,539,0,0,0,FB,NA,-8.1062,0.615,0.5501,-0.0534,0.0853,0.0527,0,-0.0197,Jackson Travis,2004-02-23,USA,Colorado Rapids,92216,USD,2026-08-18 13:58:58.325541
2lqR7wZaQr,mvzqoLZQap,2024,mls,2308,3.2112,42,5,FB,NA,20.0868,3.7334,1.1395,-1.097,1.126,1.5356,0.9776,0.0517,Max Arfsten,2001-04-19,USA,Columbus Crew,91561,USD,2026-08-18 13:58:58.325541
2lqR7yoAQr,wvq9B9wQWn,2024,mls,50,0,0,0,W,NA,-0.0461,0.0091,0.0216,-0.0061,-0.02,0.0144,0,-8e-4,Mykhi Joyner,2006-08-30,USA,St. Louis City SC,NA,NA,2026-08-18 13:58:58.325541
2lqR7yyDQr,APk5LGOMOW,2024,mls,24,0,0,0,CM,NA,0.8429,-9.99999999999997e-4,0.0088,0.0131,-0.0301,5e-4,0,0.0067,Alessandro Biello,2006-04-07,Canada,CF Montréal,71401,USD,2026-08-18 13:58:58.325541
2lqRJ0l4qr,wvq9B9wQWn,2024,mls,927,1.7456,14,1,W,NA,-2.2978,2.2292,0.5542,0.2205,-0.1807,0.9472,0.4079,0.2801,Hosei Kijima,2002-07-01,Japan,St. Louis City SC,71401,USD,2026-08-18 13:58:58.325541
2lqRJeA4qr,gpMOLwl5zy,2024,mls,12,0,0,0,W,NA,-0.91,0.015000000000000001,0,0.0019,0.0122,9e-4,0,0,Bryant Farkarlun,2001-07-14,Liberia,Austin FC,71401,USD,2026-08-18 13:58:58.325541
2lqRJpxnqr,kRQand1MKZ,2024,mls,104,0,0,0,CB,NA,0.6558,0.1499,0.051,0.1028,-0.0032,0.0011,0,-0.0018,Hugo Bacharach,2001-07-27,Spain,Minnesota United FC,73285,USD,2026-08-18 13:58:58.325541
2lqRJpzJqr,zeQZkL1MKw,2024,mls,45,0,0,0,W,NA,-2.4388,0.1358,0.1109,-0.0023,0.0067,0.0183,0,0.0022,Jose Casas de Abadal,2000-06-20,USA,Inter Miami CF,NA,NA,2026-08-18 13:58:58.325541
2lqRR1wxqr,eVq3ya6MWO,2024,mls,214,0.107,2,1,CB,NA,1.3231,0.11699999999999999,0.0923,0.0306,-0.0521,0.0554,0.0707,-0.0799,Marlon,1995-09-07,Brazil,Los Angeles FC,1350000,USD,2026-08-18 13:58:58.325541
2lqRR3wJqr,lgpMOvnQzy,2024,mls,1949,1.377,12,0,CB,NA,38.4959,2.7417000000000002,0.3951,1.5923,-0.0015,0.8738,0.3241,-0.4421,Bjørn Inge Utvik,1996-02-28,Norway,Vancouver Whitecaps FC,502083,USD,2026-08-18 13:58:58.325541
2lqRR4Rxqr,a2lqRX2Mr0,2024,mls,3204,12.8674,105,13,ST,NA,-3.6978,10.5121,0.7165,1.2003,0.7024,4.1893,2.852,0.8516,Lewis Morgan,1996-09-30,Scotland,New York Red Bulls,1425000,USD,2026-08-18 13:58:58.325541
2lqRR8gnqr,zeQZkL1MKw,2024,mls,32,0,0,0,CM,NA,0.0081,0.01,0,-0.0066,0.0071,0.0095,0,0,Jean Mota,1993-10-15,Brazil,Inter Miami CF,NA,NA,2026-08-18 13:58:58.325541
2lqRRJ2Lqr,jYQJ19EqGR,2024,mls,1692,9.471,85,8,ST,NA,-4.888,2.9766999999999997,0.572,-0.729,-1.6385,2.5058,1.9628,0.3036,Raúl Ruidíaz,1990-07-25,Peru,Seattle Sounders FC,2729120,USD,2026-08-18 13:58:58.325541
2lqRRZy2qr,eVq3ya6MWO,2024,mls,2452,0.3646,11,1,DM,NA,16.2481,4.5264,2.5018,1.2661,0.1344,0.4464,0.3514,-0.1737,Ilie Sánchez,1990-11-21,Spain,Los Angeles FC,1267875,USD,2026-08-18 13:58:58.325541
2lqRRkw2qr,0KPqjA456v,2024,mls,779,0.1878,6,0,DM,NA,-5.1135,1.1646,0.3015,0.3906,0.2249,0.167,0.0545,0.0261,Alfredo Morales,1990-05-12,USA,San Jose Earthquakes,335500,USD,2026-08-18 13:58:58.325541
2lqRjDAAqr,zeQZkL1MKw,2024,mls,783,0.3673,6,2,FB,NA,-7.7252,0.8163,0.3524,0.0596,0.1426,0.3023,0.1737,-0.2143,Ian Fray,2002-08-31,USA,Inter Miami CF,125000,USD,2026-08-18 13:58:58.325541
2lqRjZp2qr,0KPqjA456v,2024,mls,293,0,0,0,GK,NA,-2.1113,NA,NA,NA,NA,NA,NA,NA,Jacob Jackson,2000-04-25,USA,San Jose Earthquakes,89716,USD,2026-08-18 13:58:58.325541
2lqRjkEJqr,Z2vQ1xlqrA,2024,mls,273,0.1501,5,0,FB,NA,9.8671,0.61239999999999994,0.2445,0.2219,0.0173,0.0214,0.0926,0.0147,Logan Ndenbe,2000-02-09,Belgium,Sporting Kansas City,405000,USD,2026-08-18 13:58:58.325541
2lqRk1raQr,WBLMvYAQxe,2024,mls,2275,0.4872,7,0,CB,NA,28.4405,3.8661,2.9372,1.3446,-0.5867,0.3167,0.0699,-0.21560000000000001,Kamal Miller,1997-05-16,Canada,Portland Timbers FC,767500,USD,2026-08-18 13:58:58.325541
2lqRk3NWQr,a2lqRX2Mr0,2024,mls,1446,0.4483,11,1,FB,NA,-14.798400000000001,1.1459,0.691,0.5397,-0.0884,0.2173,0.2392,-0.4529,Kyle Duncan,1997-08-08,USA,New York Red Bulls,555750,USD,2026-08-18 13:58:58.325541
2lqRk3lnQr,Vj58weDM8n,2024,mls,3223,3.4695,35,2,DM,NA,32.6409,5.7917,0.8034,1.7161,-0.0108,2.4331,0.7476,0.1023,Keaton Parks,1997-08-06,USA,New York City FC,1030000,USD,2026-08-18 13:58:58.325541
2lqRkPknQr,0KPqjA456v,2024,mls,140,0.0899,2,0,FB,NA,4.9858,0.1675,0.0665,0.0099,0.009,0.0342,0.0499,-0.002,Tommy Thompson,1995-08-15,USA,San Jose Earthquakes,89716,USD,2026-08-18 13:58:58.325541
2lqRkWG0Qr,jYQJ8EW5GR,2024,mls,2848,0.3069,14,1,FB,NA,31.7394,3.1993,1.4587,1.9113,-0.5211,0.1101,0.2874,-0.0471,Rafael Santos,1998-02-05,Brazil,Orlando City SC,351184,USD,2026-08-18 13:58:58.325541
2lqRkWjJQr,"c(""mKAqBBmqbg"", ""APk5LGOMOW"")",2024,mls,2708,1.8912,10,2,FB,NA,-12.7753,3.9638999999999998,1.2404,-0.4025,1.1895,1.5699,0.299,0.0676,Ruan,1995-05-29,Brazil,NA,440000,USD,2026-08-18 13:58:58.325541
2lqRkZXDQr,0KPqjA456v,2024,mls,3275,5.5495,65,4,W,NA,-9.0796,7.1069,1.3315,0.7494,0.7164,2.8475,1.4935,-0.0314,Cristian Espinoza,1995-04-03,Argentina,San Jose Earthquakes,2002000,USD,2026-08-18 13:58:58.325541
2lqRkbN4Qr,jYQJ19EqGR,2024,mls,1645,3.5775,36,5,W,NA,-23.4024,4.2274,0.894,-0.468,0.4352,1.921,0.9593,0.4859,Paul Rothrock,1999-01-09,USA,Seattle Sounders FC,89716,USD,2026-08-18 13:58:58.325541
2lqRked4Qr,wvq9B9wQWn,2024,mls,2106,5.7119,53,5,DM,NA,-1.1674,5.6009,1.1681,2.035,0.4855,0.7204,1.0023,0.1896,Eduard Löwen,1997-01-28,Germany,St. Louis City SC,1344250,USD,2026-08-18 13:58:58.325541
2lqRknk2Qr,jYQJ19EqGR,2024,mls,3048,1.5255,21,1,CB,NA,31.6942,5.2886,2.7296,1.5581,0.1747,0.5075,0.4646,-0.1459,Yeimar Gómez Andrade,1992-06-30,Colombia,Seattle Sounders FC,832500,USD,2026-08-18 13:58:58.325541
2lqRkoYxQr,vzqoOgNqap,2024,mls,858,0.1722,1,0,FB,NA,15.0436,0.5849,0.3838,0.2131,0.127,0.0853,0.0474,-0.2717,Taylor Washington,1993-08-16,USA,Nashville SC,89716,USD,2026-08-18 13:58:58.325541
2lqRkwRnQr,Vj58weDM8n,2024,mls,102,0,0,0,GK,NA,0.7781,NA,NA,NA,NA,NA,NA,NA,Luis Barraza,1996-11-08,USA,New York City FC,172688,USD,2026-08-18 13:58:58.325541
2vQ144gLqr,jYQJ19EqGR,2024,mls,160,0,0,0,FB,NA,-1.7223,0.0953,0.1055,-0.031,0.0099,0.0049,0,0.006,Sota Kitahara,2003-01-11,USA,Seattle Sounders FC,73901,USD,2026-08-18 13:58:58.325541
2vQ14B6Kqr,9z5k7Yg5A3,2024,mls,1139,0.2664,14,0,DM,NA,-2.315,1.3835,0.3627,0.7092,-0.1064,0.1291,0.2825,0.0064,José Martínez,1994-08-07,Venezuela,Philadelphia Union,674167,USD,2026-08-18 13:58:58.325541
2vQ14E1Kqr,lgpMOvnQzy,2024,mls,3487,1.0006,16,2,CB,NA,28.2504,5.9848,3.4837,1.4622,0.1605,0.8099,0.3603,-0.2918,Ranko Veselinović,1999-03-24,Serbia,Vancouver Whitecaps FC,687125,USD,2026-08-18 13:58:58.325541
2vQ14d4xqr,kaDQ0wRqEv,2024,mls,3273,11.4712,118,17,CM,NA,31.4597,16.5521,1.1552,5.3176,4.0119,2.1958,3.086,0.7856,Riqui Puig,1999-08-13,Spain,LA Galaxy,4642188,USD,2026-08-18 13:58:58.325541
2vQ14xl0qr,mvzqoLZQap,2024,mls,733,0.5922,9,0,CM,NA,8.1082,1.4701,0.5545,0.2459,0.2036,0.3616,0.1277,-0.0232,Dylan Chambost,1997-08-19,France,Columbus Crew,482219,USD,2026-08-18 13:58:58.325541
2vQ1L20Oqr,kaDQ0wRqEv,2024,mls,3773,0,0,0,GK,NA,-31.0583,NA,NA,NA,NA,NA,NA,NA,John McCarthy,1992-07-04,USA,LA Galaxy,290000,USD,2026-08-18 13:58:58.325541
2vQ1LYY0qr,19vQ2095K6,2024,mls,830,1.9885,12,2,W,NA,-5.2368,1.1614,0.4447,-0.2039,-0.4527,1.0763,0.3583,-0.0613,Emmanuel Boateng,1994-01-17,Ghana,New England Revolution,186500,USD,2026-08-18 13:58:58.325541
2vQ1LYxbqr,mKAqBBmqbg,2024,mls,2747,5.3876,49,5,FB,NA,-16.3701,4.5775,1.1402,0.0759,-0.1134,1.948,1.1802,0.3466,Paul Arriola,1995-02-05,USA,FC Dallas,1729400,USD,2026-08-18 13:58:58.325541
2vQ1N6yLMr,19vQ2095K6,2024,mls,2467,10.8988,80,9,ST,NA,-18.5341,5.6756,0.6089,-1.8785,-1.8735,6.5723,2.1847,0.0617,Giacomo Vrioni,1998-10-15,Albania,New England Revolution,1947500,USD,2026-08-18 13:58:58.325541
2vQ1NBY8Mr,kRQand1MKZ,2024,mls,647,0.5966,7,0,W,NA,-3.8575,1.771,0.4077,0.4158,0.1941,0.52,0.1316,0.1018,Joaquín Pereyra,1998-12-01,Argentina,Minnesota United FC,699800,USD,2026-08-18 13:58:58.325541
2vQ1NO0OMr,gpMOLwl5zy,2024,mls,2459,4.5895,33,7,W,NA,-31.6987,3.8470000000000004,1.0586,-1.6713,0.9728,2.349,0.9291,0.2088,Jáder Obrian,1995-05-18,Colombia,Austin FC,550401,USD,2026-08-18 13:58:58.325541
2vQ1Nv7LMr,vzqoOgNqap,2024,mls,65,0.1303,3,0,W,NA,-1.366,0.2759,0.1683,-0.0728,-0.0435,0.1114,0.1027,0.0098,Randall Leal,1997-01-14,Costa Rica,Nashville SC,1115000,USD,2026-08-18 13:58:58.325541
2vQ1dVAwqr,wvq9B9wQWn,2024,mls,1404,1.5214,25,3,W,NA,-0.2593,3.8312,0.838,0.6426,0.7679,0.9234,0.6323,0.027,Célio Pompeu,1999-12-10,Brazil,St. Louis City SC,198989,USD,2026-08-18 13:58:58.325541
2vQ1dVlLqr,gpMOLwl5zy,2024,mls,32,0,0,0,DM,NA,-0.5968,-4.000000000000002e-4,0.0029,-0.0114,0.0076,0.0044,0,-0.0039,Alonso Jiménez,2001-08-20,Mexico,Austin FC,NA,NA,2026-08-18 13:58:58.325541
315V60b59x,NPqxKXZ59d,2024,mls,1192,0.6357,4,1,FB,NA,11.0001,3.4818000000000002,2.1495,0.7782,0.0972,0.3184,0.1181,0.0204,Tim Ream,1987-10-05,USA,Charlotte FC,577750,USD,2026-08-18 13:58:58.325541
315V7AgEq9,19vQ2095K6,2024,mls,743,0.3174,3,0,FB,NA,-3.2294,1.1411,0.8927,-0.1561,0.1788,0.1624,0.114,-0.0507,Peyton Miller,2007-11-08,USA,New England Revolution,73401,USD,2026-08-18 13:58:58.325541
315V7An9q9,Vj58weDM8n,2024,mls,439,0.0411,2,0,FB,NA,1.3324,0.1333,0.1705,-0.0412,-0.0515,0.0828,0.028,-0.0553,Christian McFarlane,2007-01-25,USA,New York City FC,112972,USD,2026-08-18 13:58:58.325541
315VKB6q9x,NPqxKXZ59d,2024,mls,452,0.6114,7,0,AM,NA,-0.0805,0.34349999999999997,0.1605,-0.1202,-0.1572,0.3429,0.1181,-6e-4,Scott Arfield,1988-11-01,Canada,Charlotte FC,487500,USD,2026-08-18 13:58:58.325541
315VPPBEQ9,Vj58weDM8n,2024,mls,1992,0.4528,11,1,FB,NA,8.9736,2.5245,1.3934,0.8575,-0.0551,0.4258,0.2247,-0.3218,Tayvon Gray,2002-08-19,USA,New York City FC,461500,USD,2026-08-18 13:58:58.325541
315VPR6vQ9,mKAqBBmqbg,2024,mls,2566,10.7791,87,16,ST,NA,-27.5104,7.8338,1.417,-0.0047,-1.3349,4.957,2.2294,0.57,Petar Musa,1998-03-04,Croatia,FC Dallas,2230000,USD,2026-08-18 13:58:58.325541
315VPVXbQ9,YgOMngl5wN,2024,mls,3072,6.1058,69,6,W,NA,9.5425,4.447,1.2306,-1.4781,-0.3275,3.2008,1.8691,-0.0479,Ibrahim Aliyu,2002-01-16,Nigeria,Houston Dynamo FC,501379,USD,2026-08-18 13:58:58.325541
315VPZmnQ9,"c(""mvzqoLZQap"", ""wvq9B9wQWn"")",2024,mls,1339,3.3376,37,2,AM,NA,12.4716,2.7741,0.5034,0.0125,-0.5329,1.5657,0.9276,0.2978,Aziel Jackson,2001-10-25,USA,NA,102243,USD,2026-08-18 13:58:58.325541
315VPoB6Q9,Z2vQ1xlqrA,2024,mls,498,0.192,1,0,FB,NA,3.3604,0.5907,0.1948,0.1289,0.2301,0.0255,0.016,-0.0046,Kayden Pierre,2003-02-16,USA,Sporting Kansas City,96091,USD,2026-08-18 13:58:58.325541
315VXNkGQ9,a2lqRX2Mr0,2024,mls,3287,0,0,0,GK,NA,-38.3385,NA,NA,NA,NA,NA,NA,NA,Carlos Coronel,1996-12-29,Brazil,New York Red Bulls,549649,USD,2026-08-18 13:58:58.325541
315VXO8XQ9,wvq9B9wQWn,2024,mls,2809,1.8521,17,2,FB,NA,7.5574,4.8652,1.9816,1.0033,0.2001,1.2845,0.3994,-0.0037,Tomas Totland,1999-09-28,Norway,St. Louis City SC,314763,USD,2026-08-18 13:58:58.325541
315VXPJEQ9,gpMOLwl5zy,2024,mls,2105,1.7298,10,2,CB,NA,2.9014,4.7383,2.4499,0.9477,0.0415,1.2631,0.2268,-0.1907,Julio Cascante,1993-10-03,Costa Rica,Austin FC,773750,USD,2026-08-18 13:58:58.325541
315VXoL7Q9,kRQand1MKZ,2024,mls,36,0,0,0,AM,NA,0.0282,0.0734,0.0072,0.0391,-0.0079,0.0398,0,-0.0048,Emanuel Reynoso,1995-11-16,Argentina,Minnesota United FC,2251200,USD,2026-08-18 13:58:58.325541
315VXyJXQ9,X0Oq66zq6D,2024,mls,792,0.7831,13,1,FB,NA,-17.6943,0.8974000000000001,0.4655,0.1144,-0.2734,0.3464,0.2073,0.0372,Andrew Gutman,1996-10-02,USA,Chicago Fire FC,600000,USD,2026-08-18 13:58:58.325541
315VkJ1Yq9,NWMWlBK5lz,2024,mls,2625,0.4043,3,0,CB,NA,29.0108,3.4637,1.8673,1.5855,0.1511,0.0672,0.1037,-0.3111,Ian Murphy,2000-01-16,USA,FC Cincinnati,137216,USD,2026-08-18 13:58:58.325541
4JMAaDp2MK,19vQ2095K6,2024,mls,2512,0,0,0,GK,NA,-2.2288,NA,NA,NA,NA,NA,NA,NA,Aljaž Ivačič,1993-12-29,Slovenia,New England Revolution,470000,USD,2026-08-18 13:58:58.325541
4JMAaRwPMK,YgOMngl5wN,2024,mls,1958,1.6856,30,1,DM,NA,73.3387,6.0949,1.08,2.592,0.8009,0.9818,0.6366,0.0036,Héctor Herrera,1990-04-19,Mexico,Houston Dynamo FC,5246875,USD,2026-08-18 13:58:58.325541
4JMAaaxkMK,mKAqBBmqbg,2024,mls,2094,3.3191,18,2,CM,NA,45.3075,5.4959,1.7704,1.1916,-0.0591,2.1342,0.5204,-0.0616,Sebastian Lletget,1992-09-03,USA,FC Dallas,841250,USD,2026-08-18 13:58:58.325541
4JMAaoa7MK,gpMOLwl5zy,2024,mls,664,0.4313,3,0,FB,NA,11.3811,0.8136,0.2351,0.4378,0.014,0.0547,0.0587,0.0133,Héctor Jiménez,1988-11-03,USA,Austin FC,89716,USD,2026-08-18 13:58:58.325541
4JMAaogDMK,mKAqBBmqbg,2024,mls,391,0,0,0,GK,NA,8.4437,NA,NA,NA,NA,NA,NA,NA,Jimmy Maurer,1988-10-14,USA,FC Dallas,113716,USD,2026-08-18 13:58:58.325541
4JMAk7nkqK,kRQand1MKZ,2024,mls,1815,0.2922,3,0,CB,NA,-29.9756,1.7968,0.7007,0.8752,0.0688,0.1626,0.0523,-0.0628,Devin Padelford,2003-01-03,USA,Minnesota United FC,96716,USD,2026-08-18 13:58:58.325541
4JMAkkK1qK,0KPqjA456v,2024,mls,858,2.7373,18,1,ST,NA,-9.0513,2.1565,0.1508,-0.01,0.0709,1.4339,0.4475,0.0634,Preston Judd,1999-05-28,USA,San Jose Earthquakes,89716,USD,2026-08-18 13:58:58.325541
4JMAkzjkqK,gpMOLwl5zy,2024,mls,14,0,0,0,CM,NA,-0.9997,0.0325,0,0.0285,0.0019,0.0021,0,0,Ervin Torres,2007-11-14,USA,Austin FC,NA,NA,2026-08-18 13:58:58.325541
4JMAoJNkqK,"c(""vzqoOgNqap"", ""kaDQ0wRqEv"")",2024,mls,446,1.2743,12,0,W,NA,9.6723,0.9743,0.2325,-0.1965,0.4173,0.2154,0.3195,-0.0139,Jonathan Pérez,2003-01-18,USA,NA,308000,USD,2026-08-18 13:58:58.325541
4JMAoL97qK,9z5k7Yg5A3,2024,mls,1224,5.1817,45,6,ST,NA,-15.679,4.9357999999999995,0.6475,-0.3086,-0.713,3.9128,1.3161,0.081,Julián Carranza,2000-05-22,Argentina,Philadelphia Union,1000000,USD,2026-08-18 13:58:58.325541
4JMAolz1qK,gpMOLwl5zy,2024,mls,2283,0.4904,11,1,DM,NA,28.5466,2.5042,1.1612,0.4409,0.1697,0.4125,0.2649,0.055,Dani Pereira,2000-07-14,Venezuela,Austin FC,138414,USD,2026-08-18 13:58:58.325541
4wM42Belqj,kaDQ0wRqEv,2024,mls,3078,1.4525,17,1,CM,NA,73.376,6.9055,3.0152,2.2454,0.4454,0.9113,0.3177,-0.0295,Mark Delgado,1995-05-16,USA,LA Galaxy,876250,USD,2026-08-18 13:58:58.325541
4wM46RpqjB,a2lqRX2Mr0,2024,mls,1992,8.575,49,10,W,NA,11.5124,4.7346,0.7448,0.9895,0.0365,1.4273,1.1737,0.3628,Emil Forsberg,1991-10-23,Sweden,New York Red Bulls,6035625,USD,2026-08-18 13:58:58.325541
4wM4E1og5j,19vQ2095K6,2024,mls,39,0.0919,1,0,ST,NA,-1.247,0.0359,0.0261,-0.0343,-0.0686,0.1059,0.0069,-1e-4,Malcolm Fry,2005-05-15,USA,New England Revolution,76961,USD,2026-08-18 13:58:58.325541
4wM4E8Xg5j,9z5k7Yg5A3,2024,mls,511,1.5988,9,1,ST,NA,-3.1135,1.1214,0.315,-0.2523,-0.1453,0.9837,0.2084,0.0119,Chris Donovan,2000-08-08,USA,Philadelphia Union,109872,USD,2026-08-18 13:58:58.325541
4wM4J8bNqj,gpMOLwl5zy,2024,mls,2047,2.1165,15,1,W,NA,17.3997,3.4017999999999997,1.2824,-0.0956,0.3281,1.3578,0.427,0.1021,Owen Wolff,2004-12-30,USA,Austin FC,123600,USD,2026-08-18 13:58:58.325541
4wM4J9zlqj,jYQJ19EqGR,2024,mls,1047,1.9573,18,1,W,NA,-17.2164,1.0834,0.4713,-0.3015,-0.2665,0.6833,0.5204,-0.0236,Pedro de la Vega,2001-02-07,Argentina,Seattle Sounders FC,1164000,USD,2026-08-18 13:58:58.325541
4wM4JGblqj,a2lqRX2Mr0,2024,mls,3022,1.9634,20,1,CB,NA,41.4317,4.1901,1.6796,1.5554,-0.1133,0.6222,0.5337,-0.0875,Sean Nealis,1997-01-13,USA,New York Red Bulls,526250,USD,2026-08-18 13:58:58.325541
4wM4JZezqj,jYQJ8EW5GR,2024,mls,3143,2.1852,24,2,FB,NA,29.8576,4.6152,2.6409,-0.2763,0.3689,1.4107,0.6814,-0.2104,Dagur Dan Thórhallsson,2000-05-02,Iceland,Orlando City SC,345125,USD,2026-08-18 13:58:58.325541
4wM4JbWzqj,mKAqBBmqbg,2024,mls,186,0.0138,1,0,DM,NA,-1.6988,0.27349999999999997,0.3505,-0.0786,-0.0241,0.0293,1e-4,-0.0037,Carl Sainté,2002-08-09,Haiti,FC Dallas,71401,USD,2026-08-18 13:58:58.325541
4wM4JlEyqj,kRQand1MKZ,2024,mls,1011,0.7214,16,3,CB,NA,13.8112,2.3539,1.2101,0.6031,-0.1051,0.2821,0.3642,-5e-4,Kervin Arriaga,1998-01-05,Honduras,Minnesota United FC,259667,USD,2026-08-18 13:58:58.325541
4wM4JmKAqj,WBLMvYAQxe,2024,mls,2784,5.4786,62,6,W,NA,12.4171,8.1303,1.7508,1.8849,-0.0226,3.0698,1.276,0.1714,Santiago Moreno,2000-04-21,Colombia,Portland Timbers FC,607500,USD,2026-08-18 13:58:58.325541
4wM4JrbBqj,NWMWlBK5lz,2024,mls,3580,3.512,44,4,CM,NA,36.7223,5.8129,2.4624,0.8671,-0.2031,1.5918,1.0893,0.0054,Pavel Bucha,1998-03-11,Czech Republic,FC Cincinnati,498782,USD,2026-08-18 13:58:58.325541
4wM4Jwdzqj,"c(""APk5LGOMOW"", ""kRQabn8MKZ"")",2024,mls,2014,1.3754,20,1,FB,NA,25.2197,3.2853999999999997,1.1238,0.152,0.413,0.8986,0.4,0.298,Jahkeele Marshall-Rutty,2004-06-16,Canada,NA,181813,USD,2026-08-18 13:58:58.325541
4wM4JxWpqj,APk5LGOMOW,2024,mls,3444,0,0,0,GK,NA,-22.8309,NA,NA,NA,NA,NA,NA,NA,Jonathan Sirois,2001-06-27,Canada,CF Montréal,152156,USD,2026-08-18 13:58:58.325541
4wM4JxwBqj,0KPqjA456v,2024,mls,1261,0.9447,7,0,CB,NA,9.3317,2.2974,1.5656,0.6843,-0.2271,0.1975,0.1002,-0.0231,Daniel Munie,2000-02-10,USA,San Jose Earthquakes,71401,USD,2026-08-18 13:58:58.325541
4wM4a9Gl5j,YgOMngl5wN,2024,mls,2630,1.954,32,3,W,NA,8.4378,5.0359,1.3266,1.3884,0.1472,1.3254,0.759,0.0893,Coco Carrasquilla,1998-11-28,Panama,Houston Dynamo FC,658750,USD,2026-08-18 13:58:58.325541
4wM4aNJN5j,mvzqoLZQap,2024,mls,2138,0.5005,7,1,CB,NA,57.386,4.6734,1.6818,2.3255,0.2507,0.3417,0.1681,-0.0944,Yevhen Cheberko,1998-01-23,Ukraine,Columbus Crew,553250,USD,2026-08-18 13:58:58.325541
4wM4aRPp5j,kRQand1MKZ,2024,mls,37,0.3246,4,0,W,NA,-0.3939,0.2893,0,0.0163,0.1115,0.0363,0.1141,0.0111,Samuel Shashoua,1999-05-13,England,Minnesota United FC,90549,USD,2026-08-18 13:58:58.325541
4wM4aomy5j,pzeQZ6xQKw,2024,mls,556,0.2138,3,1,FB,NA,7.2298,0.7177,0.6593,-0.0901,-0.0267,0.1307,0.0484,-0.0039,Reggie Cannon,1998-06-11,USA,Colorado Rapids,841500,USD,2026-08-18 13:58:58.325541
4wM4prJlMj,lgpMOvnQzy,2024,mls,845,1.4301,13,0,W,NA,-1.6439,1.1937,0.4275,-0.0955,-0.346,0.9141,0.2681,0.0255,Levonte Johnson,1999-03-15,Canada,Vancouver Whitecaps FC,89716,USD,2026-08-18 13:58:58.325541
7VqG006dQv,NWMWlBK5lz,2024,mls,227,0.0242,1,0,CM,NA,0.4486,0.1559,0.1595,-0.0268,0.0655,0.0221,1e-4,-0.0645,Malik Pinto,2002-08-09,USA,FC Cincinnati,71401,USD,2026-08-18 13:58:58.325541
7VqG00bXQv,EKXMeX3Q64,2024,mls,37,0,0,0,CB,NA,-0.4118,0.0978,0.0737,0.0242,9e-4,-5e-4,0,-5e-4,Hayden Sargis,2002-05-02,USA,D.C. United,89716,USD,2026-08-18 13:58:58.325541
7VqG07YAQv,lgpMOvnQzy,2024,mls,3722,0,0,0,GK,NA,20.2956,NA,NA,NA,NA,NA,NA,NA,Yohei Takaoka,1996-03-16,Japan,Vancouver Whitecaps FC,789713,USD,2026-08-18 13:58:58.325541
7VqG080xQv,kRQabn8MKZ,2024,mls,2274,0,0,0,CB,NA,16.2304,2.7049000000000003,2.0304,0.9561,-0.1377,0.0454,0,-0.1893,Nicksoen Gomis,2002-03-15,France,Toronto FC,71401,USD,2026-08-18 13:58:58.325541
7VqG08vjQv,WBLMvYAQxe,2024,mls,1760,1.0795,17,1,DM,NA,2.5405,3.7703,1.9691,0.973,0.1478,0.4785,0.3054,-0.1035,David Ayala,2002-07-26,Argentina,Portland Timbers FC,452000,USD,2026-08-18 13:58:58.325541
7VqG08wXQv,a2lqRX2Mr0,2024,mls,1879,2.087,38,3,W,NA,-9.4872,3.1363,1.1283,0.1959,-0.162,1.0289,0.8794,0.0658,Wikelman Carmona,2003-02-24,Venezuela,New York Red Bulls,170000,USD,2026-08-18 13:58:58.325541
7VqG0ZGYQv,a2lqR4JMr0,2024,mls,2644,7.0942,59,8,W,NA,0.3655,6.3496999999999995,1.1851,0.7914,-0.2639,2.7455,1.7084,0.1832,Diego Luna,2003-09-07,USA,Real Salt Lake,448833,USD,2026-08-18 13:58:58.325541
7VqG0b7jQv,wvq9B9wQWn,2024,mls,1419,5.9278,45,4,W,NA,-8.6006,4.6018,0.2633,0.04,-0.2969,3.5859,1.3168,-0.3073,Nökkvi Thórisson,1999-08-13,Iceland,St. Louis City SC,202438,USD,2026-08-18 13:58:58.325541
7VqG0jDzQv,X0Oq66zq6D,2024,mls,2288,6.4988,40,5,W,NA,20.6097,4.9843,0.811,0.1905,-0.0941,2.7868,0.9965,0.2936,Maren Haile-Selassie,1999-03-13,Switzerland,Chicago Fire FC,383500,USD,2026-08-18 13:58:58.325541
7VqG0wE6Qv,APk5LGOMOW,2024,mls,1950,1.1205,27,1,CM,NA,-8.0911,3.1875,1.9149,0.2804,0.2261,0.3838,0.5205,-0.1382,Nathan Saliba,2004-02-07,Canada,CF Montréal,142434,USD,2026-08-18 13:58:58.325541
7VqG0xmYQv,mvzqoLZQap,2024,mls,5,0,0,0,AM,NA,0.2947,-0.0064,0,6e-4,0,-3e-4,0,-0.0067,Cole Mrowka,2006-04-06,USA,Columbus Crew,91409,USD,2026-08-18 13:58:58.325541
7VqG3Kk6qv,lgpMOvnQzy,2024,mls,189,0.2235,4,0,CB,NA,4.3923,0.5975,0.2214,0.1121,0.1339,0.0433,0.0898,-0.003,Belal Halbouni,1999-12-29,Syria,Vancouver Whitecaps FC,110000,USD,2026-08-18 13:58:58.325541
7VqG3Vmjqv,vzqoOgNqap,2024,mls,415,0.2119,3,0,CM,NA,1.5772,0.8497,0.5159,0.0734,0.0253,0.1452,0.0948,-0.0049,Patrick Yazbek,2002-04-05,Australia,Nashville SC,491013,USD,2026-08-18 13:58:58.325541
7VqGLa36Qv,pzeQZ6xQKw,2024,mls,229,0.0482,1,0,W,NA,0.403,0.1694,0.1416,-0.0176,-0.3074,0.3277,0.0123,0.0128,Kimani Stewart-Baynes,2005-01-17,Canada,Colorado Rapids,72401,USD,2026-08-18 13:58:58.325541
7VqGj3RA5v,APk5LGOMOW,2024,mls,2412,1.5345,12,1,CM,NA,29.256,2.1769,1.27,0.7866,-0.2092,0.2698,0.2797,-0.22,Samuel Piette,1994-11-12,Canada,CF Montréal,434500,USD,2026-08-18 13:58:58.325541
7VqGj7ee5v,APk5LGOMOW,2024,mls,395,0.6176,7,0,FB,NA,-0.7466,1.0696,0.3961,0.1635,0.1682,0.1115,0.2228,0.0075,Lassi Lappalainen,1998-08-24,Finland,CF Montréal,750000,USD,2026-08-18 13:58:58.325541
7VqGjBpz5v,EKXMeX3Q64,2024,mls,2749,5.6441,59,3,W,NA,-17.0546,6.2554,1.2884,-0.1059,-0.0489,3.1577,1.6663,0.2978,Jared Stroud,1996-07-10,USA,D.C. United,272500,USD,2026-08-18 13:58:58.325541
7VqGjZZA5v,vzqoOgNqap,2024,mls,631,0.6801,7,0,CB,NA,0.3726,1.7518,1.0981,0.2949,-0.0891,0.2784,0.2002,-0.0307,Brent Kallman,1990-10-04,USA,Nashville SC,89716,USD,2026-08-18 13:58:58.325541
7VqGjbre5v,0KPqjA456v,2024,mls,1160,0.3623,4,1,CB,NA,0.4151,1.1813,0.744,0.4848,0.1944,0.2478,0.0916,-0.5813,Bruno Wilson,1996-12-27,Portugal,San Jose Earthquakes,1118333,USD,2026-08-18 13:58:58.325541
7VqGm2OYMv,Z2vQ1xlqrA,2024,mls,2442,0.7985,14,1,FB,NA,26.5337,3.5705,1.7262,1.0107,0.3504,0.379,0.3376,-0.2334,Tim Leibold,1993-11-30,Germany,Sporting Kansas City,601050,USD,2026-08-18 13:58:58.325541
7VqGmOljMv,YgOMngl5wN,2024,mls,3326,0,0,0,GK,NA,-5.36,NA,NA,NA,NA,NA,NA,NA,Steve Clark,1986-04-14,USA,Houston Dynamo FC,684281,USD,2026-08-18 13:58:58.325541
7VqGmmzzMv,jYQJ8EW5GR,2024,mls,1952,5.3276,60,5,ST,NA,16.926,6.4203,0.8686,1.7202,-0.0732,2.2921,1.1798,0.4328,Luis Muriel,1991-04-16,Colombia,Orlando City SC,4336150,USD,2026-08-18 13:58:58.325541
7VqGmob3Mv,9z5k7Yg5A3,2024,mls,1231,0,0,0,GK,NA,0.015,NA,NA,NA,NA,NA,NA,NA,Andre Blake,1990-11-21,Jamaica,Philadelphia Union,981250,USD,2026-08-18 13:58:58.325541
7VqGoadqvW,a2lqR4JMr0,2024,mls,212,0.0707,2,0,CB,NA,-2.773,0.3063,0.1446,0.0517,0.0459,0.0363,0.0541,-0.0263,Marcelo Silva,1989-03-21,Uruguay,Real Salt Lake,400000,USD,2026-08-18 13:58:58.325541
7vQ73KrGQD,NWMWlBK5lz,2024,mls,303,0,0,0,GK,NA,-0.1994,NA,NA,NA,NA,NA,NA,NA,Alec Kann,1990-08-08,USA,FC Cincinnati,270833,USD,2026-08-18 13:58:58.325541
7vQ73eoDQD,Z2vQ1xlqrA,2024,mls,2375,1.4923,15,1,DM,NA,14.073,4.0104,1.339,1.1831,0.4462,0.7132,0.3808,-0.0519,Nemanja Radoja,1993-02-06,Serbia,Sporting Kansas City,1530000,USD,2026-08-18 13:58:58.325541
7vQ73orEQD,"c(""NWMWlBK5lz"", ""zeQZkL1MKw"")",2024,mls,2996,1.5107,13,0,FB,NA,6.8534,4.4,2.2388,0.3563,-0.0705,1.554,0.1552,0.1662,DeAndre Yedlin,1993-07-09,USA,NA,898750,USD,2026-08-18 13:58:58.325541
7vQ7BYdeqD,vzqoOgNqap,2024,mls,1661,0.7043,17,1,DM,NA,2.6269,2.1716,0.9893,0.3083,0.1035,0.2321,0.3784,0.16,Dru Yearwood,2000-02-17,England,Nashville SC,597250,USD,2026-08-18 13:58:58.325541
7vQ7BmAzqD,kRQand1MKZ,2024,mls,2818,2.8802,37,5,CM,NA,1.1419,5.7855,1.8293,1.6325,0.3832,0.7655,0.8719,0.3031,Hassani Dotson,1997-08-06,USA,Minnesota United FC,557500,USD,2026-08-18 13:58:58.325541
7vQ7J8JYqD,kaDQ0wRqEv,2024,mls,3016,13.7756,89,14,W,NA,8.2061,8.4767,0.9837,-1.3533,-0.2959,6.0793,2.3847,0.6782,Joseph Paintsil,1998-02-01,Ghana,LA Galaxy,4182000,USD,2026-08-18 13:58:58.325541
7vQ7eNPO5D,a2lqRX2Mr0,2024,mls,33,0,0,0,W,NA,-0.5992,-0.0341,0.0076,-0.0623,-0.0461,0.0655,0,0.0012,Mohammed Sofo,2004-11-30,Ghana,New York Red Bulls,178000,USD,2026-08-18 13:58:58.325541
7vQ7rA7YqD,"c(""19vQ2095K6"", ""mvzqoLZQap"")",2024,mls,777,0.2304,4,0,FB,NA,16.7181,0.8517,0.6519,-0.0341,-0.0985,0.1982,0.0983,0.0359,Will Sands,2000-07-06,USA,NA,131250,USD,2026-08-18 13:58:58.325541
7vQ7rKGYqD,jYQJ19EqGR,2024,mls,682,0,0,0,GK,NA,-4.0865,NA,NA,NA,NA,NA,NA,NA,Andrew Thomas,1998-09-01,USA,Seattle Sounders FC,150000,USD,2026-08-18 13:58:58.325541
7vQ7rPpOqD,EKXMeX3Q64,2024,mls,25,0,0,0,CM,NA,-0.1752,0.0796,0.0666,0.0204,-0.0078,4e-4,0,0,Russell Canouse,1995-06-11,USA,D.C. United,650000,USD,2026-08-18 13:58:58.325541
7vQ7rVvGqD,Vj58weDM8n,2024,mls,3111,1.292,23,1,FB,NA,46.9689,3.9725,1.6646,1.09,-0.6355,0.9861,0.6783,0.189,Kevin O'Toole,1998-12-14,USA,New York City FC,195833,USD,2026-08-18 13:58:58.325541
7vQ7rmKYqD,mvzqoLZQap,2024,mls,141,0,0,0,GK,NA,-0.2373,NA,NA,NA,NA,NA,NA,NA,Abraham Romero,1998-02-18,Mexico,Columbus Crew,89716,USD,2026-08-18 13:58:58.325541
7vQ7rvNDqD,EKXMeX3Q64,2024,mls,2303,2.8493,33,3,FB,NA,-0.911,4.25,1.2243,0.3918,0.1593,1.6747,0.851,-0.0511,Cristian Dájome,1994-01-03,Colombia,D.C. United,965625,USD,2026-08-18 13:58:58.325541
7vQ7xGkYMD,0KPqjA456v,2024,mls,434,0,0,0,FB,NA,-2.5529,0.0222,0.0294,0.0075,-0.0163,-8e-4,0,0.0024,Oscar Verhoeven,2006-05-31,USA,San Jose Earthquakes,103111,USD,2026-08-18 13:58:58.325541
7vQ7xWmYMD,lgpMOvnQzy,2024,mls,201,0.3174,5,0,FB,NA,0.0925,0.2064,0.1189,-0.1729,0.0118,0.1294,0.0872,0.032,Édier Ocampo,2003-10-03,Colombia,Vancouver Whitecaps FC,378299,USD,2026-08-18 13:58:58.325541
7vQ7xpBzMD,mvzqoLZQap,2024,mls,120,0.0853,1,0,AM,NA,0.9481,0.1825,0.1302,-0.0432,0.0183,0.0364,0.0389,0.0019,Taha Habroune,2006-02-05,USA,Columbus Crew,83401,USD,2026-08-18 13:58:58.325541
9Yqd6pKkMv,KAqBN0Vqbg,2024,mls,1697,3.6793,45,3,W,NA,5.8399,4.0191,0.7383,0.1647,0.3334,1.3155,1.2317,0.2355,Xande Silva,1997-03-16,Portugal,Atlanta United FC,604250,USD,2026-08-18 13:58:58.325541
9Yqd6yrkMv,NWMWlBK5lz,2024,mls,1204,5.1031,25,3,ST,NA,-10.3326,2.9617,0.4499,-1.2691,-0.8171,3.6926,0.8198,0.0856,Sergio Santos,1994-09-04,Brazil,FC Cincinnati,915625,USD,2026-08-18 13:58:58.325541
9YqdWdRE5v,mKAqBBmqbg,2024,mls,134,0,0,0,FB,NA,-1.7565,0.2675,0.1552,0.0186,-0.0011,0.02,0,0.0748,Herbert Endeley,2001-10-09,USA,FC Dallas,71401,USD,2026-08-18 13:58:58.325541
9YqdY2mRQv,APk5LGOMOW,2024,mls,1707,1.3192,11,2,CM,NA,7.1794,2.2266,1.3974,0.0815,-0.1796,0.5011,0.297,0.1292,Mathieu Choinière,1999-02-07,Canada,CF Montréal,302500,USD,2026-08-18 13:58:58.325541
9vQ229oLQK,Z2vQ1xlqrA,2024,mls,2576,5.533,79,7,CM,NA,-16.555,6.9738,1.1641,-0.2472,1.068,2.1207,2.0222,0.846,Erik Thommy,1994-08-20,Germany,Sporting Kansas City,1106250,USD,2026-08-18 13:58:58.325541
9vQ22BR7QK,mKAqBBmqbg,2024,mls,1471,4.5944,28,5,AM,NA,-9.6009,3.1527,0.7475,0.1675,-0.3807,1.9161,0.6724,0.0299,Jesús Ferreira,2000-12-24,USA,FC Dallas,2204000,USD,2026-08-18 13:58:58.325541
9vQ22OOoQK,0KPqjA456v,2024,mls,2688,1.9235,19,1,DM,NA,57.8137,4.7021999999999995,1.9558,1.4866,-0.0131,0.9357,0.4157,-0.0785,Jackson Yueill,1997-03-19,USA,San Jose Earthquakes,936875,USD,2026-08-18 13:58:58.325541
9vQ22jRLQK,vzqoOgNqap,2024,mls,2545,0.0485,3,0,FB,NA,2.0487,4.2954,2.5238,1.5577,-0.0494,0.1822,0.0248,0.0563,Daniel Lovitz,1991-08-27,USA,Nashville SC,573744,USD,2026-08-18 13:58:58.325541
9vQ22nALQK,KAqBN0Vqbg,2024,mls,1657,6.7744,46,7,ST,NA,-8.2906,3.3493999999999997,0.1166,-0.9466,-1.0585,3.8661,1.339,0.0328,Daniel Ríos,1995-02-22,Mexico,Atlanta United FC,126383,USD,2026-08-18 13:58:58.325541
9vQ22pVaQK,19vQ2095K6,2024,mls,2933,0.7567,11,0,DM,NA,18.0564,2.994,1.7374,0.7857,-0.2289,0.6049,0.1921,-0.0972,Matt Polster,1993-06-08,USA,New England Revolution,591667,USD,2026-08-18 13:58:58.325541
9vQ248BL5K,NPqxKXZ59d,2024,mls,26,0,0,0,W,NA,0.0319,-0.0235,0.0018,-0.0143,-0.0155,0.0045,0,0,Idan Toklomati,2004-08-09,Israel,Charlotte FC,427700,USD,2026-08-18 13:58:58.325541
9vQ24BKm5K,lgpMOvnQzy,2024,mls,230,0.5451,8,0,FB,NA,-2.6863,0.5858,0.2619,-0.053900000000000003,0.021,0.2155,0.1384,0.0029,Giuseppe Bovalina,2004-11-11,Australia,Vancouver Whitecaps FC,73401,USD,2026-08-18 13:58:58.325541
9vQ24Gkx5K,Vj58weDM8n,2024,mls,1121,3.3457,23,3,W,NA,9.4771,3.293,0.5614,-0.1951,0.4965,1.6217,0.7831,0.0254,Agustín Ojeda,2004-06-19,Argentina,New York City FC,547833,USD,2026-08-18 13:58:58.325541
9vQ2NWOYQK,jYQJ8EW5GR,2024,mls,38,0.1064,1,0,W,NA,-0.4067,-0.008300000000000007,0.0509,-0.0342,-0.0762,0.0498,1e-4,0.0013,Yutaro Tsukada,2001-07-28,Japan,Orlando City SC,71401,USD,2026-08-18 13:58:58.325541
9vQ2Z1GaQK,WBLMvYAQxe,2024,mls,285,0.5486,8,1,ST,NA,-7.4985,0.3637,0.0713,-0.2199,-0.4779,0.6521,0.2519,0.0862,Nathan Fogaça,1999-06-09,Brazil,Portland Timbers FC,89716,USD,2026-08-18 13:58:58.325541
9vQ2ZEYoQK,Vj58weDM8n,2024,mls,1170,0.1222,3,0,CB,NA,13.544,0.8621,0.2905,0.5001,0.0641,0.057,0.0569,-0.1065,Strahinja Tanasijević,1997-06-12,Serbia,New York City FC,308750,USD,2026-08-18 13:58:58.325541
9vQ2ZNGLQK,NPqxKXZ59d,2024,mls,228,0.2411,4,1,AM,NA,1.3382,0.2532,0.1192,-0.0703,-0.1032,0.2028,0.1055,-8e-4,Ben Bender,2001-03-07,USA,Charlotte FC,125000,USD,2026-08-18 13:58:58.325541
9vQ2ZlkaQK,KAqBN0Vqbg,2024,mls,6,0.0124,1,0,CB,NA,-0.307,-0.0079,-0.0085,-0.0023,0,0.0029,0,0,Matthew Edwards,2003-02-17,USA,Atlanta United FC,71401,USD,2026-08-18 13:58:58.325541
9vQ2ZoR7QK,mvzqoLZQap,2024,mls,587,1.3858,10,1,FB,NA,3.5597,0.9195,0.2201,-0.1769,-0.1184,0.73740000000000006,0.2332,0.0241,Andrés Herrera,1998-11-03,Argentina,Columbus Crew,737158,USD,2026-08-18 13:58:58.325541
9vQ2ZyAaQK,APk5LGOMOW,2024,mls,2500,0.3163,4,1,CB,NA,12.4198,3.7997,1.8741,1.5107,0.175,0.1142,0.1079,0.0178,Fernando Álvarez,2003-08-24,USA,CF Montréal,257000,USD,2026-08-18 13:58:58.325541
9vQ2d3X75K,X0Oq66zq6D,2024,mls,2575,1.3747,23,3,CM,NA,-21.0281,2.1229,1.0174,0.4969,-0.2096,0.5322,0.4035,-0.1175,Kellyn Acosta,1995-07-24,USA,Chicago Fire FC,1558869,USD,2026-08-18 13:58:58.325541
9vQ2d66e5K,KAqBN0Vqbg,2024,mls,2243,1.287,13,3,CB,NA,29.4448,4.8771,2.4822,1.2241,0.1577,0.751,0.4297,-0.1676,Stian Gregersen,1995-05-17,Norway,Atlanta United FC,1120000,USD,2026-08-18 13:58:58.325541
9vQ2dAKY5K,vzqoOgNqap,2024,mls,1487,0.0571,3,0,DM,NA,12.9084,1.3443,1.0829,0.0926,-0.038,0.176,0.0321,-0.0013,Sean Davis,1993-02-08,USA,Nashville SC,1024000,USD,2026-08-18 13:58:58.325541
9z5k31KP5A,wvq9B9wQWn,2024,mls,83,0.4709,3,0,ST,NA,-2.2637,0.19,0.0248,2e-4,0.0732,0.0291,0.0802,-0.0175,Caden Glover,2007-03-08,USA,St. Louis City SC,94716,USD,2026-08-18 13:58:58.325541
9z5k36ra5A,kRQand1MKZ,2024,mls,88,0.5965,2,0,W,NA,-0.5194,0.425,0.0373,0.0592,-0.0386,0.2969,0.072,-0.0018,Loïc Mesanvi,2003-10-06,Togo,Minnesota United FC,74392,USD,2026-08-18 13:58:58.325541
9z5k71be5A,19vQ2095K6,2024,mls,2485,0.2848,7,0,CB,NA,3.0739,4.0916,2.5705,1.2569,0.0469,0.3729,0.1146,-0.2702,Dave Romney,1993-06-12,USA,New England Revolution,721667,USD,2026-08-18 13:58:58.325541
9z5k76Yd5A,a2lqR4JMr0,2024,mls,2427,0.6297,22,3,FB,NA,-19.8057,3.2718000000000003,1.5543,0.5948,0.1694,0.5449,0.4053,0.0031,Alexandros Katranis,1998-05-04,Greece,Real Salt Lake,469875,USD,2026-08-18 13:58:58.325541
9z5k7kBJ5A,kRQabn8MKZ,2024,mls,1958,0.1235,7,0,CB,NA,19.2454,1.1973,1.1092,0.9184,-0.7306,0.0899,0.0999,-0.2895,Sigurd Rosted,1994-07-22,Norway,Toronto FC,755000,USD,2026-08-18 13:58:58.325541
9z5kGga5A3,kRQabn8MKZ,2024,mls,2542,0,0,0,GK,NA,-14.6267,NA,NA,NA,NA,NA,NA,NA,Sean Johnson,1989-05-31,USA,Toronto FC,703301,USD,2026-08-18 13:58:58.325541
9z5ka8adQA,lgpMOvnQzy,2024,mls,3091,8.1312,64,15,W,NA,26.6497,10.0027,2.3443,2.0775,0.5661,3.2402,1.7451,0.0295,Ryan Gauld,1995-12-16,Scotland,Vancouver Whitecaps FC,2985000,USD,2026-08-18 13:58:58.325541
9z5karAKQA,NWMWlBK5lz,2024,mls,510,0.051,1,0,CB,NA,6.6441,0.7627,0.4112,0.219,0.0674,0.0624,0.0265,-0.0238,Nick Hagglund,1992-09-14,USA,FC Cincinnati,103237,USD,2026-08-18 13:58:58.325541
9z5kb3yPMA,lgpMOvnQzy,2024,mls,167,1.1455,8,0,W,NA,1.1912,0.7216,0.0119,-0.1082,0.0421,0.4796,0.2715,0.0247,Déiber Caicedo,2000-03-25,Colombia,Vancouver Whitecaps FC,381125,USD,2026-08-18 13:58:58.325541
BLMv1GlQxe,jYQJ19EqGR,2024,mls,3097,7.6976,60,10,AM,NA,50.735,7.7247,1.1305,2.0079,0.5914,2.0625,1.6129,0.3195,Albert Rusnák,1994-07-07,Slovakia,Seattle Sounders FC,2221667,USD,2026-08-18 13:58:58.325541
BLMv6ZyRMx,0KPqjA456v,2024,mls,1611,0.7425,11,0,DM,NA,-1.6515,1.5181,0.7186,0.3422,-0.187,0.4666,0.3438,-0.1661,Niko Tsakiris,2005-06-19,USA,San Jose Earthquakes,114167,USD,2026-08-18 13:58:58.325541
BLMv6jROMx,Vj58weDM8n,2024,mls,843,2.0815,22,2,W,NA,-9.7705,1.8425999999999998,0.5518,-0.4927,0.4261,0.7414,0.5131,0.1029,Julián Fernández,2004-01-30,Argentina,New York City FC,628300,USD,2026-08-18 13:58:58.325541
BLMv70kA5x,0KPqjA456v,2024,mls,7,0.0163,1,0,W,NA,0,0.023200000000000002,0,0,0,0.014,0.0134,-0.0042,Will Richmond,2000-04-06,USA,San Jose Earthquakes,89716,USD,2026-08-18 13:58:58.325541
BLMv77485x,a2lqR4JMr0,2024,mls,23,0,0,0,FB,NA,-0.7562,0.05960000000000001,0.0811,-0.0268,0.0011,0.0062,0,-0.002,Tommy Silva,2002-02-21,USA,Real Salt Lake,77383,USD,2026-08-18 13:58:58.325541
BLMv7DLA5x,pzeQZ6xQKw,2024,mls,980,2.2834,14,2,ST,NA,-9.7665,3.4112,0.5367,-0.3256,0.4525,1.7828,0.3503,0.6145,Darren Yapi,2004-11-19,USA,Colorado Rapids,100549,USD,2026-08-18 13:58:58.325541
BLMv7JdW5x,vzqoOgNqap,2024,mls,491,0,0,0,GK,NA,-5.4581,NA,NA,NA,NA,NA,NA,NA,Elliot Panicco,1996-11-18,USA,Nashville SC,114000,USD,2026-08-18 13:58:58.325541
BLMv7L435x,a2lqRX2Mr0,2024,mls,2095,1.247,10,2,CB,NA,2.3121,2.2483,1.1289,0.9279,-0.3429,0.5763,0.2954,-0.3373,Andrés Reyes,1999-09-08,Colombia,New York Red Bulls,792000,USD,2026-08-18 13:58:58.325541
BLMv7a2A5x,jYQJ8EW5GR,2024,mls,155,0.1283,3,0,FB,NA,-1.7159,0.09640000000000001,0.0037,0.0606,-0.102,0.0965,0.0437,-0.0061,Michael Halliday,2003-01-22,USA,Orlando City SC,227500,USD,2026-08-18 13:58:58.325541
BLMv7o775x,EKXMeX3Q64,2024,mls,19,0,0,0,ST,NA,0.8645,0.0223,0.0306,-0.0029,-0.0066,0.0012,0,0,Jeremy Garay,2003-04-01,USA,D.C. United,93766,USD,2026-08-18 13:58:58.325541
BLMv7oaB5x,NPqxKXZ59d,2024,mls,2244,2.0104,13,1,DM,NA,8.6148,2.8947000000000003,1.7192,0.09,0.3875,0.5494,0.1473,0.0013,Djibril Diani,1998-02-11,France,Charlotte FC,297944,USD,2026-08-18 13:58:58.325541
BLMv7ygB5x,jYQJ8EW5GR,2024,mls,3256,1.453,31,1,DM,NA,50.8536,4.798,1.8782,1.7189,0.2112,0.5583,0.6607,-0.2293,César Araújo,2001-04-02,Uruguay,Orlando City SC,714000,USD,2026-08-18 13:58:58.325541
BLMva87Qxe,wvq9B9wQWn,2024,mls,3227,0.0116,1,0,GK,NA,18.8206,NA,NA,NA,NA,NA,NA,NA,Roman Bürki,1990-11-14,Switzerland,St. Louis City SC,1657469,USD,2026-08-18 13:58:58.325541
BLMvkAAR5x,9z5k7Yg5A3,2024,mls,502,0.7431,4,0,DM,NA,0.3829,0.41809999999999997,0.2909,0.0169,-0.0374,0.1437,0.0102,-0.0062,Danley Jean Jacques,2000-05-20,Haiti,Philadelphia Union,602100,USD,2026-08-18 13:58:58.325541
BLMvzKKjMx,a2lqR4JMr0,2024,mls,2457,0.5027,7,0,FB,NA,21.4335,1.639,0.2412,0.8227,0.2973,0.1426,0.1089,0.0263,Andrew Brody,1995-05-03,USA,Real Salt Lake,300678,USD,2026-08-18 13:58:58.325541
EGMP1j9x5a,kRQand1MKZ,2024,mls,5,0,0,0,ST,NA,-0.812,-0.0063999999999999994,0,0.0034,-0.0107,9e-4,0,0,Rory O'Driscoll,2000-02-16,USA,Minnesota United FC,NA,NA,2026-08-18 13:58:58.325541
EGMP1jAA5a,a2lqRX2Mr0,2024,mls,1807,0.8501,21,1,CM,NA,-14.8127,2.8548,1.3726,0.5321,0.3487,0.282,0.362,-0.0426,Frankie Amaya,2000-09-26,USA,New York Red Bulls,400000,USD,2026-08-18 13:58:58.325541
EGMP1wzA5a,YgOMngl5wN,2024,mls,536,0.8872,7,0,FB,NA,-13.1139,0.675,0.0398,0.2141,-0.0481,0.2569,0.2104,0.0019,Tate Schmitt,1997-05-28,USA,Houston Dynamo FC,150000,USD,2026-08-18 13:58:58.325541
EGMP4WVMaY,eVq3ya6MWO,2024,mls,3774,0,0,0,GK,NA,-9.7968,NA,NA,NA,NA,NA,NA,NA,Hugo Lloris,1986-12-26,France,Los Angeles FC,350000,USD,2026-08-18 13:58:58.325541
EGMPR64xqa,KAqBN0Vqbg,2024,mls,1623,0.0961,2,0,CB,NA,0.1526,1.7456,0.7202,0.7408,0.0924,0.1541,0.052,-0.0139,Noah Cobb,2005-07-20,NA,Atlanta United FC,89716,USD,2026-08-18 13:58:58.325541
EGMPRpB0qa,19vQ2095K6,2024,mls,761,0.9146,7,3,W,NA,-8.5359,1.4868,0.2475,-0.0574,0.3122,0.5075,0.2026,0.2744,Luca Langoni,2002-02-09,Argentina,New England Revolution,682283,USD,2026-08-18 13:58:58.325541
EGMPVykqaY,Z2vQ1xlqrA,2024,mls,1576,0.1441,2,0,CB,NA,40.3609,3.2476,1.1515,1.8839,0.0849,0.0932,0.0258,0.0083,Andreu Fontàs,1989-11-14,Spain,Sporting Kansas City,450000,USD,2026-08-18 13:58:58.325541
EGMPZ0m3qa,WBLMvYAQxe,2024,mls,3197,1.3442,21,1,FB,NA,54.6671,3.7167,0.6772,1.2025,0.6559,0.8977,0.2883,-0.0049,Juan Mosquera,2002-09-05,Colombia,Portland Timbers FC,291650,USD,2026-08-18 13:58:58.325541
EGMPZOJVqa,mKAqBBmqbg,2024,mls,419,1.3816,12,2,W,NA,-17.703,0.6954,0.1852,-0.1267,0.3012,0.1475,0.2297,-0.0415,Alan Velasco,2002-07-27,Argentina,FC Dallas,1591667,USD,2026-08-18 13:58:58.325541
EGMPZny0qa,NWMWlBK5lz,2024,mls,655,2.1462,18,2,ST,NA,-7.4244,0.8547,0.2906,-0.4223,-0.1477,0.7643,0.3538,0.016,Aaron Boupendza,1996-08-07,Gabon,FC Cincinnati,1759600,USD,2026-08-18 13:58:58.325541
EGMPlOjkMa,WBLMvYAQxe,2024,mls,2205,13.9777,65,14,ST,NA,-20.5135,8.8804,0.4093,-1.4749,0.4481,6.5935,2.1105,0.7939,Felipe Mora,1993-08-02,Chile,Portland Timbers FC,1472750,USD,2026-08-18 13:58:58.325541
EGMPlpRxMa,gpMOLwl5zy,2024,mls,1411,4.1381,26,3,ST,NA,-9.2606,3.1432,0.4802,-0.2459,-0.203,2.3759,0.7335,0.0025,Gyasi Zardes,1991-09-02,USA,Austin FC,1000000,USD,2026-08-18 13:58:58.325541
EGMPn03kqa,kaDQ0wRqEv,2024,mls,67,0,0,0,DM,NA,3.5459,0.12,0.0409,0.071,0.0046,0.0035,0,0,Isaiah Parente,2000-03-16,USA,LA Galaxy,71401,USD,2026-08-18 13:58:58.325541
EGMPn164qa,jYQJ8EW5GR,2024,mls,2984,1.3262,25,0,DM,NA,28.827,5.1746,1.3275,2.5871,0.6532,0.3538,0.4141,-0.1611,Wilder Cartagena,1994-09-23,Peru,Orlando City SC,520250,USD,2026-08-18 13:58:58.325541
EGMPn8l3qa,wvq9B9wQWn,2024,mls,630,1.4938,11,1,W,NA,0.5256,1.8198,0.4225,0.0117,0.0061,0.9633,0.4021,0.0141,John Klein,1999-11-17,USA,St. Louis City SC,89716,USD,2026-08-18 13:58:58.325541
EGMPnReVqa,a2lqR4JMr0,2024,mls,1693,7.7379,56,9,ST,NA,-10.3665,5.2276,1.1086,-1.5175,0.1964,3.9004,1.3377,0.202,Anderson Julio,1996-05-31,Ecuador,Real Salt Lake,820000,USD,2026-08-18 13:58:58.325541
KAqB92k75b,YgOMngl5wN,2024,mls,2220,0.9153,9,2,FB,NA,67.262200000000007,3.3447,1.9846,0.7391,0.1952,0.5306,0.2814,-0.3862,Franco Escobar,1995-02-21,Argentina,Houston Dynamo FC,524167,USD,2026-08-18 13:58:58.325541
KAqB96V75b,KAqBN0Vqbg,2024,mls,1708,0.8057,9,0,CB,NA,21.3494,2.8853,1.6203,0.912,0.0093,0.1807,0.2171,-0.0541,Luis Abram,1996-02-27,Peru,Atlanta United FC,871888,USD,2026-08-18 13:58:58.325541
KAqB9DZX5b,kRQabn8MKZ,2024,mls,1018,0.7447,5,1,FB,NA,-3.9718,1.4875,0.5175,-0.2003,-0.035,0.6709,0.1782,0.3562,Richie Laryea,1995-01-07,Canada,Toronto FC,1329438,USD,2026-08-18 13:58:58.325541
KAqB9K1v5b,KAqBN0Vqbg,2024,mls,3221,1.4816,29,2,DM,NA,17.962,5.4270000000000005,2.6842,0.8542,0.3996,0.9634,0.6012,-0.0756,Bartosz Slisz,1999-03-29,Poland,Atlanta United FC,830000,USD,2026-08-18 13:58:58.325541
KAqB9KxB5b,vzqoOgNqap,2024,mls,1659,0.1599,5,0,DM,NA,11.9516,0.9919,1.427,0.0343,-0.339,0.2152,0.0782,-0.4238,Brian Anunga,1996-08-10,Cameroon,Nashville SC,295000,USD,2026-08-18 13:58:58.325541
KAqB9bKv5b,APk5LGOMOW,2024,mls,2495,0.1701,3,0,CB,NA,46.4842,5.6663,3.431,2.0797,0.2848,0.0825,0.1047,-0.3164,Joel Waterman,1996-01-24,Canada,CF Montréal,384333,USD,2026-08-18 13:58:58.325541
KAqB9mYm5b,NPqxKXZ59d,2024,mls,715,6.3045,28,7,ST,NA,2.4406,2.646,0.3456,0.1752,-0.1416,1.3634,0.8348,0.0686,Karol Swiderski,1997-01-23,Poland,Charlotte FC,2258000,USD,2026-08-18 13:58:58.325541
KAqBN2aVqb,wvq9B9wQWn,2024,mls,166,0,0,0,FB,NA,-6.9246,0.2649,0.1597,0.1054,0.0108,0.0164,0,-0.0274,Nikolas Dyhr,2001-06-18,Denmark,St. Louis City SC,309200,USD,2026-08-18 13:58:58.325541
KAqBNEpWqb,zeQZkL1MKw,2024,mls,1520,5.8257,35,8,ST,NA,-13.8024,2.3534,0.6984,-1.3919,-1.1363,3.0884,1.0517,0.0431,Leonardo Campana,2000-07-24,Ecuador,Inter Miami CF,722333,USD,2026-08-18 13:58:58.325541
KAqBNL8mqb,9z5k7Yg5A3,2024,mls,2698,2.5143,35,2,FB,NA,28.487,5.3033,1.8063,1.0338,0.0109,1.279,0.5634,0.6099,Nathan Harriel,2001-04-23,USA,Philadelphia Union,262050,USD,2026-08-18 13:58:58.325541
KAqBNN6Bqb,zeQZkL1MKw,2024,mls,184,0.4982,3,0,ST,NA,-5.518,0.3205,0.0563,-0.0081,0.0417,0.1395,0.0817,0.0094,Shanyder Borgelin,2001-10-19,Haiti,Inter Miami CF,73901,USD,2026-08-18 13:58:58.325541
KAqBNbaWqb,KAqBN0Vqbg,2024,mls,288,0.21,3,0,CB,NA,0.5741,0.2783,0.075,0.0712,-0.007,0.1124,0.0905,-0.0638,Efrain Morales,2004-03-04,USA,Atlanta United FC,97735,USD,2026-08-18 13:58:58.325541
KAqBNdyZqb,kRQand1MKZ,2024,mls,1086,8.598,45,9,ST,NA,-16.4246,3.4918,0.4049,-0.7232,0.3001,2.0726,1.1942,0.2432,Kelvin Yeboah,2000-05-06,Italy,Minnesota United FC,1427200,USD,2026-08-18 13:58:58.325541
KAqBNnYXqb,mvzqoLZQap,2024,mls,2623,0.1554,3,1,CB,NA,38.427,4.142,1.4302,2.5026,0.1152,0.1176,0.0671,-0.0907,Malte Amundsen,1998-02-11,Denmark,Columbus Crew,432500,USD,2026-08-18 13:58:58.325541
KAqBNnrVqb,9z5k7Yg5A3,2024,mls,738,2.0678,13,3,CM,NA,-6.5883,1.8108,0.6569,-0.0363,0.0333,0.7702,0.3666,0.0201,Jesús Bueno,1999-04-15,Venezuela,Philadelphia Union,312625,USD,2026-08-18 13:58:58.325541
KAqBNr8Jqb,kRQabn8MKZ,2024,mls,1313,0.4129,6,0,CM,NA,7.3442,1.5170000000000001,1.1323,-0.1055,0.1307,0.2563,0.1135,-0.0103,Kosi Thompson,2003-01-27,Canada,Toronto FC,100260,USD,2026-08-18 13:58:58.325541
KAqBNrRXqb,a2lqRX2Mr0,2024,mls,2937,0.763,15,0,CB,NA,40.7409,5.4915,2.3322,2.5015,0.068,0.6775,0.2882,-0.3759,Noah Eile,2002-07-19,Sweden,New York Red Bulls,473200,USD,2026-08-18 13:58:58.325541
KAqBjOz4qb,YgOMngl5wN,2024,mls,515,0.555,8,2,W,NA,4.7542,0.4327,-0.0058,0.088,-0.0189,0.2435,0.1383,-0.0124,Brad Smith,1994-04-09,Australia,Houston Dynamo FC,471249,USD,2026-08-18 13:58:58.325541
KAqBjVjmqb,lgpMOvnQzy,2024,mls,468,0.6592,9,2,CM,NA,11.9091,0.9728,0.2268,0.2339,-0.1609,0.4177,0.2637,-0.0084,Stuart Armstrong,1992-03-30,Scotland,Vancouver Whitecaps FC,2877774,USD,2026-08-18 13:58:58.325541
KAqBjWZBqb,kRQabn8MKZ,2024,mls,2095,1.6662,16,2,AM,NA,26.9878,3.0284,0.8631,-0.3548,0.2603,1.3743,0.5449,0.3406,Jonathan Osorio,1992-06-12,Canada,Toronto FC,836369,USD,2026-08-18 13:58:58.325541
KAqBjYjvqb,KAqBN0Vqbg,2024,mls,3037,2.4683,22,1,CB,NA,39.6572,5.7945,2.6702,1.314,0.5472,1.1893,0.4368,-0.363,Derrick Williams,1993-01-17,Republic of Ireland,Atlanta United FC,447500,USD,2026-08-18 13:58:58.325541
KAqBkB7vQb,vzqoOgNqap,2024,mls,27,0,0,0,CM,NA,0.9734,-0.15710000000000002,0.0168,0.0184,-0.1917,0.0013,0,-0.0019,Isaiah Jones,2006-04-08,USA,Nashville SC,75401,USD,2026-08-18 13:58:58.325541
KAqBkWvJQb,Vj58weDM8n,2024,mls,352,1.137,9,0,ST,NA,-6.0666,0.458,0.2341,-0.325,-0.0046,0.34,0.2285,-0.015,Jovan Mijatović,2005-07-11,Serbia,New York City FC,687500,USD,2026-08-18 13:58:58.325541
KAqBkYpWQb,EKXMeX3Q64,2024,mls,338,1.1974,7,1,W,NA,-5.2595,0.45299999999999996,0.0502,-0.1262,-0.1161,0.4179,0.2287,-0.0015,Kristian Fletcher,2005-08-06,USA,D.C. United,139509,USD,2026-08-18 13:58:58.325541
KAqBka7BQb,wvq9B9wQWn,2024,mls,208,0,0,0,CB,NA,-5.2382,-0.068,-0.0629,0.0642,-0.0573,0.0048,0,-0.0168,Michael Wentzel,2002-04-10,Germany,St. Louis City SC,71401,USD,2026-08-18 13:58:58.325541
KAqBlEZMbg,kaDQ0wRqEv,2024,mls,3945,1.5725,18,2,CB,NA,77.8935,7.9683,3.2387,3.2579,-0.1647,0.8311,0.5814,0.2239,Maya Yoshida,1988-08-24,Japan,LA Galaxy,893334,USD,2026-08-18 13:58:58.325541
KAqBvobJqb,eVq3ya6MWO,2024,mls,23,0.0543,1,0,W,NA,-0.0549,-0.036699999999999997,-0.0502,-0.0189,-0.0163,0.0116,0.0371,0,Luis Müller,2001-02-12,Germany,Los Angeles FC,71401,USD,2026-08-18 13:58:58.325541
KAqBvvRmqb,jYQJ8EW5GR,2024,mls,13,0,0,0,CM,NA,-0.2416,0.0213,0,-0.0025,-0.0034,0.0111,0,0.0161,Shakur Mohammed,2003-08-27,Ghana,Orlando City SC,95716,USD,2026-08-18 13:58:58.325541
KPqj71NyQ6,vzqoOgNqap,2024,mls,2671,10.1993,63,12,ST,NA,-20.3714,8.6865,0.9767,-1.1516,1.1825,5.2936,2.228,0.1573,Sam Surridge,1998-07-28,England,Nashville SC,2907639,USD,2026-08-18 13:58:58.325541
KPqj7K72Q6,wvq9B9wQWn,2024,mls,840,2.257,26,5,ST,NA,-11.3445,1.98,0.3288,0.1549,0.1619,0.5214,0.8288,-0.0158,Cedric Teuchert,1997-01-14,Germany,St. Louis City SC,1092500,USD,2026-08-18 13:58:58.325541
KPqj7OVPQ6,X0Oq66zq6D,2024,mls,2329,2.3237,23,3,CM,NA,-7.6486,2.9712,1.1877,-0.0943,0.5154,0.7726,0.7017,-0.1119,Fabian Herbers,1993-08-17,Germany,Chicago Fire FC,421250,USD,2026-08-18 13:58:58.325541
KPqj7VbYQ6,zeQZkL1MKw,2024,mls,1003,2.1753,19,5,W,NA,-12.0238,1.9597,0.3645,0.3989,0.1244,0.6288,0.4055,0.0376,Matías Rojas,1995-11-03,Paraguay,Inter Miami CF,516667,USD,2026-08-18 13:58:58.325541
KPqj7Y0BQ6,kRQabn8MKZ,2024,mls,2472,2.9491,21,2,CM,NA,22.8345,3.915,1.417,0.7523,0.0982,1.4182,0.5657,-0.3364,Matty Longstaff,2000-03-21,England,Toronto FC,216378,USD,2026-08-18 13:58:58.325541
KPqj7daPQ6,"c(""mvzqoLZQap"", ""19vQ2095K6"")",2024,mls,2141,1.2516,11,2,FB,NA,2.0692,2.7891,1.7858,-0.6183,-0.056,1.1125,0.3177,0.2474,DeJuan Jones,1997-06-24,USA,NA,793246,USD,2026-08-18 13:58:58.325541
KPqj7jY4Q6,19vQ2095K6,2024,mls,1546,0.4703,8,0,DM,NA,-0.2096,2.108,1.385,0.5894,-0.1581,0.2664,0.1141,-0.0888,Mark-Anthony Kaye,1994-12-02,Canada,New England Revolution,750000,USD,2026-08-18 13:58:58.325541
KPqjBBNBq6,kRQand1MKZ,2024,mls,1194,0.5036,6,0,CB,NA,19.4077,0.37970000000000004,-0.0252,0.2528,0.0429,0.3503,0.1433,-0.3844,Jefferson Díaz,2000-12-05,Colombia,Minnesota United FC,350000,USD,2026-08-18 13:58:58.325541
KPqjK4w4Q6,zeQZkL1MKw,2024,mls,1170,0.108,1,0,CB,NA,5.9437,1.9951999999999999,1.7649,0.3499,0.0634,0.0377,0.0439,-0.2646,Noah Allen,2004-04-28,USA,Inter Miami CF,91383,USD,2026-08-18 13:58:58.325541
KPqjKLjnQ6,a2lqRX2Mr0,2024,mls,2069,4.691,45,5,W,NA,-42.6379,6.0707,0.9437,0.3379,1.2801,1.9065,1.2569,0.3456,Cameron Harper,2001-11-19,USA,New York Red Bulls,351250,USD,2026-08-18 13:58:58.325541
KPqjKN62Q6,mKAqBBmqbg,2024,mls,549,0.3099,6,0,CM,NA,2.1604,0.6058,0.3323,0.0231,0.0814,0.1431,0.0706,-0.0447,Show,1999-03-06,Angola,FC Dallas,504350,USD,2026-08-18 13:58:58.325541
KPqjKNkBQ6,wvq9B9wQWn,2024,mls,962,1.1455,13,2,W,NA,-6.9482,1.9633,0.5968,0.3028,-0.1445,0.9559,0.2804,-0.0281,Rasmus Alm,1995-08-17,Sweden,St. Louis City SC,329925,USD,2026-08-18 13:58:58.325541
KPqjKRARQ6,19vQ2095K6,2024,mls,1066,3.1263,45,2,W,NA,-11.0631,2.8632,0.41,-0.1579,0.5465,0.9896,1.1615,-0.0865,Tomás Chancalay,1999-01-01,Argentina,New England Revolution,1010000,USD,2026-08-18 13:58:58.325541
KPqjKWwPQ6,X0Oq66zq6D,2024,mls,2668,5.9061,61,6,W,NA,0.8714,5.808,0.71,1.3512,0.4283,1.98,1.1629,0.1756,Brian Gutiérrez,2003-06-17,USA,Chicago Fire FC,895879,USD,2026-08-18 13:58:58.325541
KPqjKkPNQ6,19vQ2095K6,2024,mls,863,0.3676,5,1,FB,NA,2.356,0.5532,0.1955,0.1729,-0.066,0.2403,0.0746,-0.0641,Brandon Bye,1995-11-29,USA,New England Revolution,393813,USD,2026-08-18 13:58:58.325541
KPqjg9EQ6v,X0Oq66zq6D,2024,mls,2113,0.4523,12,0,CB,NA,-5.033,3.5829,1.8997,1.1301,0.2484,0.184,0.193,-0.0723,Arnaud Souquet,1992-02-12,France,Chicago Fire FC,699679,USD,2026-08-18 13:58:58.325541
KPqjnyNq6v,lgpMOvnQzy,2024,mls,581,2.9662,14,2,ST,NA,0.5206,1.7363,0.2213,-0.2007,-0.3037,1.5564,0.4766,-0.0136,Damir Kreilach,1989-04-16,Croatia,Vancouver Whitecaps FC,440000,USD,2026-08-18 13:58:58.325541
KPqjo08PQ6,mvzqoLZQap,2024,mls,147,0,0,0,GK,NA,-0.2878,NA,NA,NA,NA,NA,NA,NA,Evan Bush,1986-03-06,USA,Columbus Crew,89716,USD,2026-08-18 13:58:58.325541
KPqjodRYQ6,YgOMngl5wN,2024,mls,33,0.0314,1,0,DM,NA,-0.3173,0.0433,0,0.031,-8e-4,-0.0018,0.0075,0.0074,Júnior Moreno,1993-07-20,Venezuela,Houston Dynamo FC,114716,USD,2026-08-18 13:58:58.325541
KPqjodW4Q6,WBLMvYAQxe,2024,mls,818,0.929,9,1,ST,NA,-4.788,0.9501,0.4093,-0.2152,-0.1992,0.7585,0.2391,-0.0424,Dairon Asprilla,1992-05-25,Colombia,Portland Timbers FC,367500,USD,2026-08-18 13:58:58.325541
KPqjonZyQ6,WBLMvYAQxe,2024,mls,2012,0,0,0,GK,NA,22.0583,NA,NA,NA,NA,NA,NA,NA,Maxime Crépeau,1994-05-11,Canada,Portland Timbers FC,618333,USD,2026-08-18 13:58:58.325541
KPqjwdw8Q6,kRQabn8MKZ,2024,mls,1696,0.3443,8,1,CM,NA,6.1915,2.5926,1.1143,1.0578,-0.0402,0.356,0.1522,-0.0475,Alonso Coello,1999-10-12,Spain,Toronto FC,94049,USD,2026-08-18 13:58:58.325541
KPqjzJ2q6v,Vj58weDM8n,2024,mls,1333,1.3508,12,1,AM,NA,-6.7673,2.9067,0.697,0.6973,-0.0759,0.9879,0.4208,0.1796,Maxi Moralez,1987-02-27,Argentina,New York City FC,500000,USD,2026-08-18 13:58:58.325541
KXMe39a6q6,9z5k7Yg5A3,2024,mls,615,0,0,0,GK,NA,-2.9451,NA,NA,NA,NA,NA,NA,NA,Andrew Rick,2006-01-30,USA,Philadelphia Union,81316,USD,2026-08-18 13:58:58.325541
KXMe3y6vq6,YgOMngl5wN,2024,mls,567,0.0572,1,0,DM,NA,10.7206,1.2152,0.9035,0.1036,0.0999,0.0693,0.0324,0.0065,Brooklyn Raines,2005-03-11,USA,Houston Dynamo FC,118063,USD,2026-08-18 13:58:58.325541
KXMe4l1Q64,9z5k7Yg5A3,2024,mls,1677,1.5742,21,2,CM,NA,-0.4605,4.0256,1.479,1.0208,-0.1696,1.2459,0.5024,-0.0529,Alejandro Bedoya,1987-04-29,USA,Philadelphia Union,449996,USD,2026-08-18 13:58:58.325541
KXMe87ZPQ6,lgpMOvnQzy,2024,mls,562,0,0,0,DM,NA,-1.4444,0.6393,0.607,-0.0523,0.0458,0.0424,0,-0.0036,Ralph Priso,2002-08-02,Canada,Vancouver Whitecaps FC,125000,USD,2026-08-18 13:58:58.325541
KXMe8BVrQ6,YgOMngl5wN,2024,mls,16,0,0,0,FB,NA,0.4593,0.0365,0.019,0.0184,-9e-4,0,0,0,Jefferson Valverde,1999-05-04,Ecuador,Houston Dynamo FC,201657,USD,2026-08-18 13:58:58.325541
KXMe8EJ6Q6,lgpMOvnQzy,2024,mls,2484,1.5944,28,1,CM,NA,31.2884,4.5272,2.6129,0.8455,-0.057,0.54990000000000006,0.6359,-0.06,Pedro Vite,2002-03-09,Ecuador,Vancouver Whitecaps FC,674997,USD,2026-08-18 13:58:58.325541
KXMe8JD2Q6,KAqBN0Vqbg,2024,mls,1380,0.3912,12,0,FB,NA,5.3213,3.054,1.5102,1.0238,0.1106,0.21560000000000001,0.1735,0.0203,Pedro Amador,1998-12-18,Portugal,Atlanta United FC,242612,USD,2026-08-18 13:58:58.325541
KXMe8YjPQ6,KAqBN0Vqbg,2024,mls,771,2.2593,19,1,W,NA,-13.0232,3.1094,0.3035,-0.0713,1.3725,0.8774,0.4772,0.1501,Edwin Mosquera,2001-06-27,Colombia,Atlanta United FC,437000,USD,2026-08-18 13:58:58.325541
KXMe8ejPQ6,9z5k7Yg5A3,2024,mls,396,0.2043,6,0,AM,NA,-6.379,0.4065,0.2622,0.0586,-0.0623,0.1071,0.0389,0.002,Jeremy Rafanello,2000-04-14,USA,Philadelphia Union,107636,USD,2026-08-18 13:58:58.325541
KXMe8gorQ6,X0Oq66zq6D,2024,mls,3,0,0,0,CM,NA,0.3122,0.0014,0,-8e-4,0.0023,-1e-4,0,0,Javier Casas,2003-05-14,USA,Chicago Fire FC,94383,USD,2026-08-18 13:58:58.325541
KXMe8jYxQ6,a2lqRX2Mr0,2024,mls,192,0.0716,1,1,W,NA,-3.7299,-0.161,0.0168,-0.1221,-0.1685,0.078,0.0479,-0.0131,Serge Ngoma,2005-07-09,USA,New York Red Bulls,109668,USD,2026-08-18 13:58:58.325541
KXMeAPkM64,KAqBN0Vqbg,2024,mls,1402,0.371,8,0,DM,NA,5.1703,2.3325,1.4916,0.4473,0.1431,0.2788,0.079,-0.1073,Dax McCarty,1987-04-30,USA,Atlanta United FC,256250,USD,2026-08-18 13:58:58.325541
KXMeOaaPq6,gpMOLwl5zy,2024,mls,802,0.8386,12,1,W,NA,3.7845,1.3459,0.398,0.0963,0.0968,0.4648,0.2898,2e-4,Emiliano Rigoni,1993-02-04,Argentina,Austin FC,2047996,USD,2026-08-18 13:58:58.325541
KXMegX31q6,NPqxKXZ59d,2024,mls,322,0.5721,4,0,W,NA,2.5588,0.5563,0.1481,0.0327,0.0976,0.1931,0.1071,-0.0223,Tyger Smalls,2002-09-18,England,Charlotte FC,71401,USD,2026-08-18 13:58:58.325541
KXMeggl2q6,jYQJ8EW5GR,2024,mls,2023,7.8273,48,10,ST,NA,-15.5519,5.5247,0.4126,-1.0179,-1.4716,5.8761,1.461,0.2645,Duncan McGuire,2001-02-05,USA,Orlando City SC,1146000,USD,2026-08-18 13:58:58.325541
KXMekNYBq6,wvq9B9wQWn,2024,mls,765,0.9245,17,1,DM,NA,6.7994,1.5092999999999999,0.7149,0.1735,-0.0862,0.2619,0.4125,0.0327,Tomas Ostrak,2000-02-05,Czech Republic,St. Louis City SC,801000,USD,2026-08-18 13:58:58.325541
KXMekOprq6,gpMOLwl5zy,2024,mls,2549,9.6456,69,7,AM,NA,11.9273,6.7989999999999995,1.1529,1.0564,-0.267,2.8223,1.4687,0.5657,Sebastián Driussi,1996-02-09,Argentina,Austin FC,6722500,USD,2026-08-18 13:58:58.325541
KXMekX42q6,kaDQ0wRqEv,2024,mls,2529,16.1962,74,21,ST,NA,-24.5166,6.2068,0.4068,-2.2853,-0.5171,5.6012,2.5811,0.4201,Dejan Joveljic,1999-08-07,Serbia,LA Galaxy,683750,USD,2026-08-18 13:58:58.325541
KXMeke41q6,zeQZkL1MKw,2024,mls,1803,3.0367,26,5,W,NA,1.6635,3.5465999999999998,0.7649,-0.3271,0.3612,2.0075,0.77,-0.0299,Robert Taylor,1994-10-21,Finland,Inter Miami CF,326900,USD,2026-08-18 13:58:58.325541
KXMekg02q6,"c(""jYQJ19EqGR"", ""19vQ2095K6"")",2024,mls,2450,1.3955,12,0,CB,NA,4.6314,3.3710999999999998,2.7741,1.086,-0.4875,0.2907,0.1927,-0.4849,Xavier Arreaga,1994-09-28,Ecuador,NA,775000,USD,2026-08-18 13:58:58.325541
KXMekmrPq6,KAqBN0Vqbg,2024,mls,240,0,0,0,GK,NA,2.9111,NA,NA,NA,NA,NA,NA,NA,Josh Cohen,1992-08-18,USA,Atlanta United FC,303500,USD,2026-08-18 13:58:58.325541
KXMekwe3q6,NPqxKXZ59d,2024,mls,554,1.2573,8,1,ST,NA,-8.1181,1.1076,0.1353,-0.3593,0.0771,0.988,0.2448,0.0217,Enzo Copetti,1996-01-16,Argentina,Charlotte FC,1142250,USD,2026-08-18 13:58:58.325541
N6Mm76gZqE,APk5LGOMOW,2024,mls,1632,10.604,53,13,ST,NA,6.3724,4.8681,0.3553,-0.792,-0.929,4.5418,1.6541,0.0379,Josef Martínez,1993-05-19,Venezuela,CF Montréal,1309091,USD,2026-08-18 13:58:58.325541
N6Mm78LWqE,X0Oq66zq6D,2024,mls,2685,1.7285,12,1,CB,NA,26.566,5.9223,2.6312,1.8757,0.2159,0.7355,0.3139,0.1501,Rafael Czichos,1990-05-14,Germany,Chicago Fire FC,1336667,USD,2026-08-18 13:58:58.325541
N6Mm9WPMEG,zeQZkL1MKw,2024,mls,1572,0.3907,3,1,CB,NA,13.9834,2.8861,1.5533,0.8141,0.2322,0.179,0.1342,-0.0267,Sergii Kryvtsov,1991-03-15,Ukraine,Inter Miami CF,809000,USD,2026-08-18 13:58:58.325541
N6MmBDe5EG,mKAqBBmqbg,2024,mls,2200,1.3281,30,2,CM,NA,38.5948,4.4877,2.4695,1.275,-0.0249,0.4674,0.6522,-0.3515,Asier Illarramendi,1990-03-08,Spain,FC Dallas,549750,USD,2026-08-18 13:58:58.325541
N6MmKdJPqE,vzqoOgNqap,2024,mls,2721,1.377,7,1,CB,NA,17.1408,4.6916,2.8732,1.6192,0.069,0.5713,0.1165,-0.5576,Jack Maher,1999-10-28,USA,Nashville SC,795467,USD,2026-08-18 13:58:58.325541
N6MmWAYwqE,19vQ2095K6,2024,mls,605,0.2318,4,1,DM,NA,4.3244,0.6936,0.2489,0.1543,0.0657,0.1118,0.1065,0.0064,Noel Buck,2005-04-05,USA,New England Revolution,89716,USD,2026-08-18 13:58:58.325541
N6MmWW4eqE,eVq3ya6MWO,2024,mls,1826,0.2021,8,0,FB,NA,-9.717,1.6398,0.6476,0.4863,0.4892,0.2181,0.1006,-0.302,Omar Campos,2002-07-20,Mexico,Los Angeles FC,675000,USD,2026-08-18 13:58:58.325541
N6MmWzkwqE,kRQand1MKZ,2024,mls,1356,7.1684,38,8,ST,NA,-20.0549,5.5514,0.3416,0.0571,-0.4985,4.4119,1.2139,0.0254,Tani Oluwaseyi,2000-05-15,Canada,Minnesota United FC,89716,USD,2026-08-18 13:58:58.325541
N6MmeAowME,0KPqjA456v,2024,mls,1903,8.2546,43,7,W,NA,-25.4997,5.0354,0.919,-0.4286,-0.2325,3.4591,1.4188,-0.1004,Amahl Pellegrino,1990-06-18,Tanzania,San Jose Earthquakes,912500,USD,2026-08-18 13:58:58.325541
N6MmeE3wME,Vj58weDM8n,2024,mls,3152,6.095,48,5,W,NA,2.5612,8.596,1.4901,0.6665,1.0865,3.6275,1.4537,0.2717,Hannes Wolf,1999-04-16,Austria,New York City FC,1510000,USD,2026-08-18 13:58:58.325541
N6MmeKWLME,KAqBN0Vqbg,2024,mls,3482,1.3157,12,1,FB,NA,56.3989,6.268,3.1175,1.0559,0.6861,1.5836,0.3004,-0.4755,Brooks Lennon,1997-09-22,USA,Atlanta United FC,740000,USD,2026-08-18 13:58:58.325541
N6MmeX2wME,19vQ2095K6,2024,mls,737,1.7253,12,1,W,NA,2.7216,2.091,0.5604,0.1792,0.1361,0.8933,0.3395,-0.0175,Nacho Gil,1995-09-09,Spain,New England Revolution,421250,USD,2026-08-18 13:58:58.325541
N6MmeZ4WME,pzeQZ6xQKw,2024,mls,2227,0.3685,12,1,DM,NA,41.8749,4.9056,1.3959,2.5411,0.5332,0.2886,0.183,-0.0362,Connor Ronan,1998-03-06,Republic of Ireland,Colorado Rapids,522400,USD,2026-08-18 13:58:58.325541
N6MmebxeME,0KPqjA456v,2024,mls,3073,2.9098,24,3,CB,NA,-0.049,4.965,1.7074,1.4358,-0.0132,1.5311,0.5161,-0.2122,Rodrigues,1997-10-10,Brazil,San Jose Earthquakes,708000,USD,2026-08-18 13:58:58.325541
N6MmepZxME,gpMOLwl5zy,2024,mls,1642,0.245,8,0,DM,NA,8.7613,1.2638,0.8986,0.4535,-0.0967,0.1321,0.1477,-0.2714,Jhojan Valencia,1996-07-27,Colombia,Austin FC,495125,USD,2026-08-18 13:58:58.325541
N6Mmo9EPqE,eVq3ya6MWO,2024,mls,481,1.8884,7,1,W,NA,-0.5309,0.9144,-0.1074,-0.2926,0.031,1.0708,0.2247,-0.0121,Nathan Ordaz,2004-01-12,USA,Los Angeles FC,131000,USD,2026-08-18 13:58:58.325541
N6MmoN8vqE,APk5LGOMOW,2024,mls,814,1.8561,16,2,AM,NA,-3.5413,1.3506,0.3745,-0.1984,-0.6257,1.2495,0.5159,0.0348,Dominic Iankov,2000-07-28,Bulgaria,CF Montréal,385000,USD,2026-08-18 13:58:58.325541
N6MmoXVxqE,Vj58weDM8n,2024,mls,3579,11.8317,98,13,W,NA,-2.8968,11.4158,1.6553,3.1116,0.5974,3.298,2.0514,0.7021,Santiago Rodríguez,2000-01-08,Uruguay,New York City FC,1331333,USD,2026-08-18 13:58:58.325541
N6MmorYxqE,mvzqoLZQap,2024,mls,1456,1.5791,20,2,CM,NA,27.085,3.4971,1.6474,0.4969,0.2936,0.2805,0.4544,0.3243,Aidan Morris,2001-11-16,USA,Columbus Crew,714375,USD,2026-08-18 13:58:58.325541
NPqxADDYQ9,lgpMOvnQzy,2024,mls,1687,1.7014,18,1,FB,NA,17.9804,3.5865,1.1775,-0.0955,1.1629,0.8807,0.4991,-0.0382,Ali Ahmed,2000-10-10,Canada,Vancouver Whitecaps FC,109375,USD,2026-08-18 13:58:58.325541
NPqxAp4mQ9,a2lqR4JMr0,2024,mls,658,1.4639,16,0,W,NA,10.5828,0.9018,0.0918,0.0768,-0.0922,0.4147,0.4245,-0.0138,Fidel Barajas,2006-04-05,USA,Real Salt Lake,96177,USD,2026-08-18 13:58:58.325541
NPqxe1RjQ9,a2lqRX2Mr0,2024,mls,728,1.0992,9,2,CM,NA,3.3952,1.1687,0.4625,0.3984,0.048,0.2529,0.2837,-0.2768,Felipe Carballo,1996-10-04,Uruguay,New York Red Bulls,1169777,USD,2026-08-18 13:58:58.325541
NPqxeGOZQ9,0KPqjA456v,2024,mls,1184,0,0,0,GK,NA,8.2058,NA,NA,NA,NA,NA,NA,NA,Daniel,1994-05-06,Brazil,San Jose Earthquakes,425000,USD,2026-08-18 13:58:58.325541
NPqxmbKZQ9,kRQand1MKZ,2024,mls,987,2.1122,16,1,W,NA,1.3696,2.1688,0.5524,0.2317,-0.0026,0.9182,0.4941,-0.025,Franco Fragapane,1993-02-06,Argentina,Minnesota United FC,317500,USD,2026-08-18 13:58:58.325541
NPqxmgXkQ9,YgOMngl5wN,2024,mls,1367,0.6608,10,2,FB,NA,1.9086,1.0794,-0.296,0.5176,0.1092,0.4715,0.3055,-0.0284,Daniel Steres,1990-11-11,USA,Houston Dynamo FC,498425,USD,2026-08-18 13:58:58.325541
NPqxx91gq9,KAqBN0Vqbg,2024,mls,1890,1.5781,19,1,CM,NA,18.7453,3.2167,1.2951,0.5424,0.7236,0.4627,0.4252,-0.2323,Ajani Fortune,2002-12-30,Trinidad & Tobago,Atlanta United FC,71401,USD,2026-08-18 13:58:58.325541
NPqxxLDkq9,NPqxKXZ59d,2024,mls,3353,0.8393,12,0,CB,NA,3.1338,7.2436,4.2936,1.9772,0.4221,0.408,0.169,-0.0263,Andrew Privett,2000-08-02,USA,Charlotte FC,71401,USD,2026-08-18 13:58:58.325541
NPqxxVnWq9,lgpMOvnQzy,2024,mls,15,0.0331,1,0,W,NA,-0.8187,-0.0145,0,-0.0017,2e-4,0.0042,0.0073,-0.0245,Jay Joshua Herdman,2004-08-14,New Zealand,Vancouver Whitecaps FC,NA,NA,2026-08-18 13:58:58.325541
NPqxxgBXq9,NPqxKXZ59d,2024,mls,48,0,0,0,W,NA,-1.8487,0.004800000000000004,-0.0077,-0.0735,0.0542,0.0323,0,-5e-4,Brandon Cambridge,2002-02-09,Canada,Charlotte FC,97742,USD,2026-08-18 13:58:58.325541
NWMW0Bz5lz,zeQZkL1MKw,2024,mls,2958,0.562,3,1,DM,NA,48.9142,6.6824,3.5125,3.1049,-0.0921,0.3831,0.0944,-0.3204,Sergio Busquets,1988-07-16,Spain,Inter Miami CF,8774996,USD,2026-08-18 13:58:58.325541
NWMWL3nL5l,lgpMOvnQzy,2024,mls,2408,2.4215,22,2,CB,NA,29.9699,4.2871,1.905,1.0905,-0.198,1.1957,0.587,-0.2931,Mathías Laborda,1999-09-15,Uruguay,Vancouver Whitecaps FC,943625,USD,2026-08-18 13:58:58.325541
NWMWLO7N5l,mKAqBBmqbg,2024,mls,2517,0.9829,14,1,CB,NA,21.2199,3.2524,1.6254,0.9574,0.2038,0.237,0.3049,-0.0761,Sam Junqua,1996-11-09,USA,FC Dallas,212368,USD,2026-08-18 13:58:58.325541
NWMWV4LDQl,kRQabn8MKZ,2024,mls,2343,0.9557,18,1,CM,NA,22.1532,3.8809,2.2892,0.9633,-0.1761,0.6625,0.3156,-0.1736,Deybi Flores,1996-06-16,Honduras,Toronto FC,456667,USD,2026-08-18 13:58:58.325541
NWMWVA9NQl,Z2vQ1xlqrA,2024,mls,1192,0.4597,5,0,FB,NA,15.2829,1.5782,0.6053,0.7213,-0.1683,0.3875,0.0757,-0.0433,Khiry Shelton,1993-06-26,USA,Sporting Kansas City,750000,USD,2026-08-18 13:58:58.325541
NWMWVR6jQl,gpMOLwl5zy,2024,mls,2516,1.1229,10,2,CB,NA,21.9771,3.7445999999999997,2.5789,1.5312,-0.2581,0.5152,0.2453,-0.8679,Brendan Hines-Ike,1994-11-30,USA,Austin FC,199992,USD,2026-08-18 13:58:58.325541
NWMWVZaDQl,wvq9B9wQWn,2024,mls,915,0.3685,2,1,CB,NA,8.9093,1.9815,1.341,0.3971,-0.0984,0.2876,0.0632,-0.009,Josh Yaro,1994-11-18,Ghana,St. Louis City SC,109216,USD,2026-08-18 13:58:58.325541
NWMWVeDDQl,Z2vQ1xlqrA,2024,mls,1166,0.8724,7,1,CB,NA,14.1955,2.2034,0.8515,0.6406,-0.0482,0.5544,0.214,-0.0089,Robert Castellanos,1998-05-11,USA,Sporting Kansas City,115000,USD,2026-08-18 13:58:58.325541
NWMWXRoE5l,pzeQZ6xQKw,2024,mls,3663,0.6785,15,0,CB,NA,20.8192,6.0324,2.7026,1.929,-0.0037,0.7833,0.4018,0.2194,Andreas Maxsø,1994-03-18,Denmark,Colorado Rapids,1342500,USD,2026-08-18 13:58:58.325541
NWMWXy775l,wvq9B9wQWn,2024,mls,1373,0.8355,6,1,CB,NA,11.7762,0.5626,-0.2237,0.7622,-0.1369,0.242,0.2031,-0.2841,Joakim Nilsson,1994-02-06,Sweden,St. Louis City SC,1203500,USD,2026-08-18 13:58:58.325541
NWMWXylK5l,gpMOLwl5zy,2024,mls,1018,0.7916,6,1,CB,NA,-0.9424,1.3804,0.534,0.3736,0.0411,0.3376,0.1416,-0.0475,Matt Hedges,1990-04-01,USA,Austin FC,560922,USD,2026-08-18 13:58:58.325541
NWMWeDYqlz,jYQJ8EW5GR,2024,mls,2087,2.3333,34,1,CM,NA,34.3784,3.8348,1.1144,1.2611,0.1109,1.0049,0.8746,-0.5311,Nicolás Lodeiro,1989-03-21,Uruguay,Orlando City SC,800000,USD,2026-08-18 13:58:58.325541
NWMWgLbEMl,NWMWlBK5lz,2024,mls,1430,4.2059,32,6,ST,NA,-7.7288,2.6824,0.5865,-0.6651,-0.6839,2.3712,0.8855,0.1882,Kevin Kelsy,2004-07-27,Venezuela,FC Cincinnati,485533,USD,2026-08-18 13:58:58.325541
NWMWlEAD5l,kaDQ0wRqEv,2024,mls,2810,0.1132,4,1,DM,NA,64.9433,3.7385,2.9599,0.5518,0.0271,0.2973,0.0628,-0.1604,Edwin Cerrillo,2000-10-03,USA,LA Galaxy,412500,USD,2026-08-18 13:58:58.325541
NWMWlWle5l,lgpMOvnQzy,2024,mls,3059,15.2378,78,16,ST,NA,-29.115,10.0702,1.4713,-1.4524,-1.765,9.5301,2.2254,0.0608,Brian White,1996-02-03,USA,Vancouver Whitecaps FC,754500,USD,2026-08-18 13:58:58.325541
NWMWlX6K5l,Vj58weDM8n,2024,mls,1611,2.9264,21,3,DM,NA,4.9237,3.5742,0.7077,0.237,-0.145,1.9163,0.518,0.3402,Andrés Perea,2000-11-14,Colombia,New York City FC,641500,USD,2026-08-18 13:58:58.325541
NWMWlaDZ5l,kRQabn8MKZ,2024,mls,846,0.8357,10,0,FB,NA,7.3192,0.6476,0.3863,-0.1011,-0.1001,0.2058,0.2753,-0.0186,Kobe Franklin,2003-05-10,Canada,Toronto FC,100518,USD,2026-08-18 13:58:58.325541
NWMWnVEQlz,kRQabn8MKZ,2024,mls,1513,4.0942,49,4,AM,NA,10.4389,3.5774,0.6172,0.1362,0.4054,1.4347,1.0179,-0.034,Lorenzo Insigne,1991-06-04,Italy,Toronto FC,15400000,USD,2026-08-18 13:58:58.325541
NWMWrgeQlz,WBLMvYAQxe,2024,mls,48,0.0438,1,0,CB,NA,0.6234,0.1068,0.0362,0.0417,0.0173,0.0043,0.0073,0,Larrys Mabiala,1987-10-08,DR Congo,Portland Timbers FC,362500,USD,2026-08-18 13:58:58.325541
Oa5w0Kv4q1,NPqxKXZ59d,2024,mls,2266,11.3799,62,10,ST,NA,-19.4065,8.5459,0.7538,-0.397,0.5148,5.2446,2.0395,0.3902,Patrick Agyemang,2000-11-07,Ghana,Charlotte FC,71401,USD,2026-08-18 13:58:58.325541
Oa5w0XDAq1,lgpMOvnQzy,2024,mls,6,0,0,0,CM,NA,0.7318,0.006,0,0.0028,0,0.0032,0,0,Cyprian Kachwele,2005-02-15,Tanzania,Vancouver Whitecaps FC,NA,NA,2026-08-18 13:58:58.325541
Oa5wAK9WQ1,KAqBN0Vqbg,2024,mls,634,1.3947,11,1,W,NA,-4.0944,0.9,0.2777,-0.3013,0.0582,0.5908,0.2718,0.0028,Tyler Wolff,2003-02-13,USA,Atlanta United FC,154500,USD,2026-08-18 13:58:58.325541
Oa5wAP44Q1,kRQabn8MKZ,2024,mls,36,0,0,0,ST,NA,-2.4785,0.025599999999999998,0.044,-0.0228,-0.0213,0.0257,0,0,Charles Sharp,2001-06-23,USA,Toronto FC,71401,USD,2026-08-18 13:58:58.325541
Oa5wAaRjQ1,Vj58weDM8n,2024,mls,91,0.9806,3,1,W,NA,0.0162,0.2844,-0.0262,7e-4,-0.0611,0.0817,0.0426,0.2467,Talles Magno,2002-06-26,Brazil,New York City FC,1198000,USD,2026-08-18 13:58:58.325541
Oa5wAkojQ1,19vQ2095K6,2024,mls,289,0.1989,4,0,W,NA,-1.2601,0.5016,0.1161,0.0287,0.2013,0.0847,0.0616,0.0092,Jack Panayotou,2004-06-05,USA,New England Revolution,91716,USD,2026-08-18 13:58:58.325541
Oa5wAkz9Q1,kRQand1MKZ,2024,mls,53,0,0,0,ST,NA,-1.9456,0.0979,0.0216,-0.0358,-3e-4,0.0338,0,0.0786,Patrick Weah,2003-12-15,USA,Minnesota United FC,103008,USD,2026-08-18 13:58:58.325541
Oa5wAm28Q1,APk5LGOMOW,2024,mls,1417,1.5131,12,0,CB,NA,-7.8897,2.2962000000000002,0.3743,0.4636,0.6188,0.3335,0.3784,0.1276,Joaquín Sosa,2002-01-10,Uruguay,CF Montréal,251500,USD,2026-08-18 13:58:58.325541
Oa5wApPjQ1,NPqxKXZ59d,2024,mls,1121,4.9851,27,3,W,NA,-17.4461,3.9212000000000002,0.7053,0.3266,-0.2001,2.0644,0.7155,0.3095,Iuri Tavares,2001-03-08,Portugal,Charlotte FC,101769,USD,2026-08-18 13:58:58.325541
Oa5wJkgM14,eVq3ya6MWO,2024,mls,10,0,0,0,AM,NA,-0.5149,-0.042499999999999996,0,-0.0401,-0.0073,0.0069,0,-0.002,Carlos Vela,1989-03-01,Mexico,Los Angeles FC,325000,USD,2026-08-18 13:58:58.325541
Oa5wV17gM1,jYQJ8EW5GR,2024,mls,2539,5.0792,64,5,AM,NA,2.6831,4.463,1.2882,-0.6137,-0.7474,3.2102,1.3231,0.0026,Martín Ojeda,1998-11-27,Argentina,Orlando City SC,972600,USD,2026-08-18 13:58:58.325541
Oa5wVBPXM1,eVq3ya6MWO,2024,mls,1309,0.6055,10,0,CM,NA,13.461,2.2581,1.2415,0.3766,0.1605,0.3188,0.1941,-0.0334,Lewis O'Brien,1998-10-14,England,Los Angeles FC,1825500,USD,2026-08-18 13:58:58.325541
Oa5wVYvWM1,YgOMngl5wN,2024,mls,1018,5.7267,33,5,ST,NA,-12.98,1.5942999999999998,-0.0789,-1.0765,-0.8006,2.6098,0.9882,-0.0477,Ezequiel Ponce,1997-03-29,Argentina,Houston Dynamo FC,2822200,USD,2026-08-18 13:58:58.325541
Oa5wVgVYM1,X0Oq66zq6D,2024,mls,1520,3.0124,23,0,W,NA,4.4496,3.6136,0.4115,0.2075,1.066,1.2505,0.5103,0.1678,Chris Mueller,1996-08-29,USA,Chicago Fire FC,712324,USD,2026-08-18 13:58:58.325541
Oa5wY8RXQ1,vzqoOgNqap,2024,mls,3074,12.1489,101,8,AM,NA,3.6496,9.2599,1.1303,0.6995,0.1984,4.0427,2.5766,0.61240000000000006,Hany Mukhtar,1995-03-21,Germany,Nashville SC,5211667,USD,2026-08-18 13:58:58.325541
Oa5wY99XQ1,KAqBN0Vqbg,2024,mls,807,6.4286,40,5,ST,NA,-11.488,2.9609,0.2689,-0.4746,-0.2958,1.9813,0.9509,0.5302,Georgios Giakoumakis,1994-12-09,Greece,Atlanta United FC,2248417,USD,2026-08-18 13:58:58.325541
Oa5wYKEXQ1,jYQJ19EqGR,2024,mls,1604,0.9438,22,0,DM,NA,34.1565,3.0137,0.7824,1.3266,0.2451,0.1842,0.4432,0.0322,João Paulo,1991-03-08,Brazil,Seattle Sounders FC,1483333,USD,2026-08-18 13:58:58.325541
Oa5wYLD9Q1,jYQJ8EW5GR,2024,mls,3554,0.7262,7,1,CB,NA,52.6556,7.2987,3.8147,2.9288,0.0868,0.30620000000000003,0.1606,0.0016,Robin Jansson,1991-11-15,Sweden,Orlando City SC,946667,USD,2026-08-18 13:58:58.325541
Oa5wdYB9q1,a2lqRX2Mr0,2024,mls,1838,9.525,61,8,ST,NA,-28.2672,5.8255,0.2343,-1.0268,-0.6647,5.1642,1.5762,0.5423,Elias Manoel,2001-11-30,Brazil,New York Red Bulls,557250,USD,2026-08-18 13:58:58.325541
Oa5wdxN9q1,mKAqBBmqbg,2024,mls,230,0,0,0,CM,NA,1.2038,0.005000000000000014,0.1713,-0.0465,-0.1427,0.019,0,0.0039,Nolan Norris,2005-02-17,USA,FC Dallas,108358,USD,2026-08-18 13:58:58.325541
OlMl9GgN5L,jYQJ19EqGR,2024,mls,267,0,0,0,CB,NA,4.5886,0.6455000000000001,0.519,0.1259,-0.0017,0.0016,0,7e-4,Nathan,1995-05-13,Brazil,Seattle Sounders FC,550000,USD,2026-08-18 13:58:58.325541
OlMl9L805L,X0Oq66zq6D,2024,mls,1041,0.05,1,0,CB,NA,6.659,1.1485,0.5597,0.5338,0.1648,0.1058,0.0233,-0.2389,Tobias Salquist,1995-05-18,Denmark,Chicago Fire FC,454167,USD,2026-08-18 13:58:58.325541
OlMl9V2R5L,Vj58weDM8n,2024,mls,2613,0.2363,6,0,CB,NA,29.7001,2.9312,1.1777,1.6791,-0.2743,0.279,0.0868,-0.0171,Birk Risa,1998-02-13,Norway,New York City FC,749750,USD,2026-08-18 13:58:58.325541
OlMl9ZOw5L,X0Oq66zq6D,2024,mls,274,0,0,0,FB,NA,-0.0021,-0.06359999999999999,0.1212,0.0743,-0.0458,0.0364,0,-0.2497,Chase Gasper,1996-01-25,USA,Chicago Fire FC,525000,USD,2026-08-18 13:58:58.325541
OlMl9jG05L,a2lqRX2Mr0,2024,mls,423,2.4704,11,1,ST,NA,3.2259,1.5697,0.1427,0.115,-0.4155,1.4063,0.3308,-0.0096,Cory Burke,1991-12-28,Jamaica,New York Red Bulls,571871,USD,2026-08-18 13:58:58.325541
OlMl9zeE5L,pzeQZ6xQKw,2024,mls,2571,1.7295,15,1,FB,NA,10.2154,3.7767,1.818,0.4272,0.1363,0.9432,0.3603,0.0917,Sam Vines,1999-05-31,USA,Colorado Rapids,862500,USD,2026-08-18 13:58:58.325541
OlMlB7yAqL,wvq9B9wQWn,2024,mls,196,0,0,0,CM,NA,1.8279,0.0826,0.0555,0.0655,-0.0231,0.0172,0,-0.0325,Jake Girdwood-Reich,2004-05-26,Australia,St. Louis City SC,304977,USD,2026-08-18 13:58:58.325541
OlMle0OR5L,9z5k7Yg5A3,2024,mls,2027,0.1623,8,0,DM,NA,14.2992,2.3411,1.4056,0.6535,-0.0693,0.2148,0.1116,0.0249,Leon Flach,2001-02-28,USA,Philadelphia Union,314500,USD,2026-08-18 13:58:58.325541
OlMleNAw5L,vzqoOgNqap,2024,mls,14,0,0,0,W,NA,0.3488,-0.0206,-0.0205,0.0075,-0.0121,0.0045,0,0,Joey Skinner,2003-03-28,USA,Nashville SC,76401,USD,2026-08-18 13:58:58.325541
OlMleNXN5L,X0Oq66zq6D,2024,mls,271,0.242,3,0,FB,NA,-0.05,0.09210000000000002,-0.1563,-0.0468,0.0139,0.2023,0.0755,0.0035,Justin Reynolds,2004-08-04,USA,Chicago Fire FC,71401,USD,2026-08-18 13:58:58.325541
OlMleWzR5L,pzeQZ6xQKw,2024,mls,3243,18.2437,91,15,ST,NA,-34.4523,9.4574,1.2949,-1.9761,1.0494,5.6766,2.48,0.9326,Rafael Navarro,2000-04-14,Brazil,Colorado Rapids,1452708,USD,2026-08-18 13:58:58.325541
OlMleawP5L,X0Oq66zq6D,2024,mls,1373,1.1146,8,1,CB,NA,-6.8584,3.2474,1.5575,1.2364,-0.1127,0.421,0.2094,-0.0642,Carlos Terán,2000-09-24,Colombia,Chicago Fire FC,619000,USD,2026-08-18 13:58:58.325541
OlMlegLA5L,kaDQ0wRqEv,2024,mls,430,0.4399,4,1,FB,NA,4.3922,0.5886999999999999,0.4856,-0.3426,-0.0056,0.4402,0.0436,-0.0325,Mauricio Cuevas,2003-02-10,USA,LA Galaxy,143500,USD,2026-08-18 13:58:58.325541
OlMlezzg5L,vzqoOgNqap,2024,mls,455,0.488,4,0,CB,NA,-1.2313,0.6422,0.1759,0.2668,-0.1215,0.2348,0.1472,-0.061,Lukas MacNaughton,1995-03-08,Canada,Nashville SC,102100,USD,2026-08-18 13:58:58.325541
OlMlnxlDqL,lgpMOvnQzy,2024,mls,2512,0.9626,12,0,CB,NA,40.46,3.028,0.6234,1.5579,0.2677,0.6669,0.2722,-0.3601,Tristan Blackmon,1996-08-12,USA,Vancouver Whitecaps FC,750000,USD,2026-08-18 13:58:58.325541
OlMlonPQLz,kaDQ0wRqEv,2024,mls,612,1.2179,7,1,CM,NA,19.5742,0.9715000000000001,0.3602,-0.174,-0.1987,0.6822,0.2775,0.0243,Marco Reus,1989-05-31,Germany,LA Galaxy,1216667,USD,2026-08-18 13:58:58.325541
OlMlwxEQLz,NPqxKXZ59d,2024,mls,80,0.3239,2,0,W,NA,-1.6227,0.2099,0.0821,-0.0256,0.0013,0.1228,0.0293,0,Jamie Paterson,1991-12-20,England,Charlotte FC,534444,USD,2026-08-18 13:58:58.325541
Pk5L1BXPqO,NPqxKXZ59d,2024,mls,1270,1.3531,18,1,DM,NA,-17.1272,1.4314,0.9424,-0.4421,-0.10780000000000001,0.6981,0.4291,-0.0883,Júnior Urso,1989-03-10,Brazil,Charlotte FC,292500,USD,2026-08-18 13:58:58.325541
Pk5L6BzZQO,YgOMngl5wN,2024,mls,3330,0.361,10,0,CB,NA,50.8313,5.4963999999999995,2.7112,2.5582,0.063,0.1961,0.172,-0.2041,Micael,2000-08-12,Brazil,Houston Dynamo FC,149250,USD,2026-08-18 13:58:58.325541
Pk5L6k6PQO,APk5LGOMOW,2024,mls,636,2.5643,13,2,AM,NA,1.8814,1.9878,0.2257,0.0627,-0.134,1.2609,0.3175,0.255,Kwadwo Opoku,2001-07-13,Ghana,CF Montréal,485055,USD,2026-08-18 13:58:58.325541
Pk5L6rDPQO,zeQZkL1MKw,2024,mls,1297,1.1067,13,1,CM,NA,1.8143,1.2737,1.1257,-0.2505,-0.6274,0.7006,0.2841,0.0412,David Ruiz,2004-02-08,USA,Inter Miami CF,73401,USD,2026-08-18 13:58:58.325541
Pk5Le0VDqO,lgpMOvnQzy,2024,mls,1806,1.8792,15,3,FB,NA,1.9141,2.2881,1.0492,-0.4823,-0.0617,1.076,0.5183,0.1886,Ryan Raposo,1999-03-05,Canada,Vancouver Whitecaps FC,155000,USD,2026-08-18 13:58:58.325541
Pk5Le6BPqO,jYQJ19EqGR,2024,mls,14,0,0,0,AM,NA,-0.2689,0.0625,0,0.0055,0,1e-4,0,0.0569,Antino Lopez,2002-05-21,USA,Seattle Sounders FC,NA,NA,2026-08-18 13:58:58.325541
Pk5LeDgmqO,eVq3ya6MWO,2024,mls,3282,9.7123,96,16,ST,NA,-0.8547,7.4804,0.8767,0.6854,-1.3859,4.5483,2.2814,0.4745,Mateusz Bogusz,2001-08-22,Poland,Los Angeles FC,675000,USD,2026-08-18 13:58:58.325541
Pk5LeG0YqO,9z5k7Yg5A3,2024,mls,2722,4.5084,77,5,CM,NA,3.6243,6.1057,0.9749,0.2875,0.9457,2.1896,1.6802,0.0278,Quinn Sullivan,2004-03-27,USA,Philadelphia Union,153500,USD,2026-08-18 13:58:58.325541
Pk5LeYlNqO,EKXMeX3Q64,2024,mls,507,0.2303,2,0,FB,NA,-12.1853,0.736,0.5146,0.3357,0.0198,0.0606,0.059,-0.2537,Conner Antley,1995-03-22,USA,D.C. United,91383,USD,2026-08-18 13:58:58.325541
Pk5LedyLqO,KAqBN0Vqbg,2024,mls,1580,5.4871,54,6,AM,NA,19.9674,6.531,0.9195,1.948,1.0112,1.2268,1.2526,0.1729,Thiago Almada,2001-04-26,Argentina,Atlanta United FC,2232000,USD,2026-08-18 13:58:58.325541
Pk5LepoOqO,X0Oq66zq6D,2024,mls,49,0.1054,1,0,AM,NA,0.1936,0.0732,0.0663,-0.0087,-0.0412,0.0568,0,0,Omari Glasgow,2003-11-22,Guyana,Chicago Fire FC,NA,NA,2026-08-18 13:58:58.325541
Pk5Lg3wLMO,EKXMeX3Q64,2024,mls,5,0,0,0,DM,NA,0,0,0,0,0,0,0,0,Mohanad Jeahze,1997-04-10,Iraq,D.C. United,687500,USD,2026-08-18 13:58:58.325541
Pk5Lg9ADMO,19vQ2095K6,2024,mls,814,0,0,0,GK,NA,-4.0827,NA,NA,NA,NA,NA,NA,NA,Henrich Ravas,1997-08-16,Slovakia,New England Revolution,267000,USD,2026-08-18 13:58:58.325541
Pk5LgAwOMO,mvzqoLZQap,2024,mls,2577,14.982,148,19,ST,NA,-51.6744,13.4806,1.2649,2.1953,1.3369,5.046,3.4204,0.2171,Cucho Hernández,1999-04-20,Colombia,Columbus Crew,2886000,USD,2026-08-18 13:58:58.325541
Pk5LgPOmMO,YgOMngl5wN,2024,mls,975,0.1134,3,0,CB,NA,12.6604,2.2597,1.3634,0.6211,0.2157,0.0265,0.0547,-0.0217,Ethan Bartlow,2000-02-02,USA,Houston Dynamo FC,260000,USD,2026-08-18 13:58:58.325541
Pk5LggA7MO,gpMOLwl5zy,2024,mls,476,0.0838,1,0,CB,NA,-0.1076,0.3731090695,0.2127,0.2079,-0.0707,0.0413,9.0695e-6,-0.0181,Oleksandr Svatok,1994-09-27,Ukraine,Austin FC,300000,USD,2026-08-18 13:58:58.325541
Pk5LzBOEQO,Z2vQ1xlqrA,2024,mls,736,1.168,11,2,W,NA,-6.7742000000000004,1.6753,0.4354,0.043,0.2899,0.5425,0.2714,0.0931,Alenis Vargas,2003-12-04,Honduras,Sporting Kansas City,71401,USD,2026-08-18 13:58:58.325541
Pk5Lzzv7QO,pzeQZ6xQKw,2024,mls,1762,0.9186,11,2,CB,NA,2.0785,3.1374,2.093,1.0961,-0.6969,0.3876,0.3521,-0.0945,Moïse Bombito,2000-03-30,Canada,Colorado Rapids,107928,USD,2026-08-18 13:58:58.325541
Vj587nmM8n,vzqoOgNqap,2024,mls,1308,4.1722,21,3,ST,NA,-15.613,1.3064,0.4956,-0.801,-1.03,2.0404,0.5783,0.0231,Teal Bunbury,1990-02-27,USA,Nashville SC,285000,USD,2026-08-18 13:58:58.325541
Vj58WEKLM8,wvq9B9wQWn,2024,mls,846,0.0536,3,0,FB,NA,6.4973,1.0992,0.5066,0.3709,0.1266,0.0466,0.0528,-0.0043,Jayden Reid,2001-08-29,USA,St. Louis City SC,71401,USD,2026-08-18 13:58:58.325541
Vj58WNDrM8,jYQJ19EqGR,2024,mls,3180,2.3424,27,1,DM,NA,-14.4364,5.1502,2.6344,-0.5007,0.4556,1.3021,0.6605,0.5983,Obed Vargas,2005-08-05,USA,Seattle Sounders FC,98748,USD,2026-08-18 13:58:58.325541
Vj58WXb2M8,9z5k7Yg5A3,2024,mls,1261,0.0667,4,0,FB,NA,4.3991,0.6415,0.3872,0.477,-0.1278,0.1422,0.0833,-0.3204,Olivier Mbaizo,1997-08-15,Cameroon,Philadelphia Union,423589,USD,2026-08-18 13:58:58.325541
Vj58WoYmM8,wvq9B9wQWn,2024,mls,1012,0.1109,3,1,DM,NA,2.1463,0.6915,0.5574,-0.0639,0.0036,0.1191,0.0629,0.0124,Njabulo Blom,1999-12-11,South Africa,St. Louis City SC,392250,USD,2026-08-18 13:58:58.325541
Vj58WvBmM8,NWMWlBK5lz,2024,mls,9,0,0,0,FB,NA,-0.4812,6.000000000000003e-4,0.0049,-0.0065,0,0.0022,0,0,Isaiah Foster,2003-08-12,USA,FC Cincinnati,94095,USD,2026-08-18 13:58:58.325541
Vj58w7RmM8,jYQJ19EqGR,2024,mls,2960,1.3971,21,1,FB,NA,28.3683,4.8779,2.7124,1.1034,-0.1793,0.7335,0.4975,0.0104,Alex Roldan,1996-07-28,USA,Seattle Sounders FC,465000,USD,2026-08-18 13:58:58.325541
XVqK2D6R50,NPqxKXZ59d,2024,mls,578,1.0801,13,1,CM,NA,-8.155,1.1776,0.2732,0.007,0.1345,0.5457,0.2799,-0.0627,Nikola Petkovic,2003-02-23,Serbia,Charlotte FC,406250,USD,2026-08-18 13:58:58.325541
XVqKG17Rq0,a2lqR4JMr0,2024,mls,3233,1.9808,14,2,DM,NA,33.9928,5.1248000000000005,2.5688,0.656,0.7577,0.7238,0.3397,0.0788,Emeka Eneli,1999-10-18,USA,Real Salt Lake,89716,USD,2026-08-18 13:58:58.325541
XVqKG1XWq0,wvq9B9wQWn,2024,mls,610,1.5004,9,4,ST,NA,-8.0774,1.4715,0.1149,-0.3696,-0.4254,1.6287,0.2587,0.2642,Simon Becher,1999-07-20,USA,St. Louis City SC,159273,USD,2026-08-18 13:58:58.325541
XVqKWAZBq0,kRQabn8MKZ,2024,mls,78,0.0296,1,0,CM,NA,-3.4486,0.1308,0.0334,0.031,-0.014,0.0387,0.0362,0.0055,Brandon Servania,1999-03-12,USA,Toronto FC,602708,USD,2026-08-18 13:58:58.325541
XVqKWZp2q0,Z2vQ1xlqrA,2024,mls,446,0.2281,3,0,CM,NA,-2.8725,0.3666,0.1871,-0.0167,-0.0452,0.1591,0.0858,-0.0035,Felipe Hernández,1998-06-08,USA,Sporting Kansas City,257000,USD,2026-08-18 13:58:58.325541
XVqKYGbWM0,19vQ2095K6,2024,mls,651,3.3871000000000002,15,4,ST,NA,-8.4082,1.4229999999999998,0.0581,-0.5425,-0.1562,1.5613,0.5044,-0.0021,Bobby Wood,1992-11-15,USA,New England Revolution,471250,USD,2026-08-18 13:58:58.325541
XVqKYJDBM0,kRQand1MKZ,2024,mls,517,0,0,0,GK,NA,4.2437,NA,NA,NA,NA,NA,NA,NA,Clint Irwin,1989-04-01,USA,Minnesota United FC,203533,USD,2026-08-18 13:58:58.325541
XVqKYb9aM0,a2lqR4JMr0,2024,mls,2260,3.6624,25,3,AM,NA,11.4464,5.614800000000001,1.0336,0.7488,0.8906,2.2804,0.6599,0.0015,Matt Crooks,1994-01-20,England,Real Salt Lake,1000000,USD,2026-08-18 13:58:58.325541
XVqKYjZaM0,Z2vQ1xlqrA,2024,mls,2828,0,0,0,GK,NA,-29.757,NA,NA,NA,NA,NA,NA,NA,Tim Melia,1986-05-15,USA,Sporting Kansas City,637500,USD,2026-08-18 13:58:58.325541
XVqKYp2DM0,NWMWlBK5lz,2024,mls,2951,9.4559,66,10,ST,NA,-5.0764,5.9672,1.6261,-1.6566,-0.8832,5.0794,1.7979,0.0036,Yuya Kubo,1993-12-24,Japan,FC Cincinnati,721667,USD,2026-08-18 13:58:58.325541
XVqKYpkaM0,0KPqjA456v,2024,mls,1781,1.2669,10,0,FB,NA,7.7348,3.6913,1.6693,0.7553,0.2986,0.6637,0.2803,0.0241,Carlos Akapo,1993-03-12,Equatorial Guinea,San Jose Earthquakes,595111,USD,2026-08-18 13:58:58.325541
XVqKeBkKM0,vzqoOgNqap,2024,mls,1569,1.93,21,2,W,NA,-19.2355,2.7522,0.6767,-0.3812,0.0711,1.4977,0.5561,0.3318,Jacob Shaffelburg,1999-11-26,Canada,Nashville SC,395000,USD,2026-08-18 13:58:58.325541
XVqKeEmBM0,jYQJ8EW5GR,2024,mls,3453,11.3288,74,16,W,NA,49.8496,8.2951,1.1467,0.2377,-0.4025,4.8133,2.1256,0.3743,Facundo Torres,2000-04-13,Uruguay,Orlando City SC,1812400,USD,2026-08-18 13:58:58.325541
XVqKeYLNM0,jYQJ19EqGR,2024,mls,1258,1.3975,26,0,DM,NA,-12.4608,2.446,0.9585,-0.0898,0.5064,0.459,0.6374,-0.0255,Josh Atencio,2002-01-31,USA,Seattle Sounders FC,350000,USD,2026-08-18 13:58:58.325541
XVqKeYOKM0,9z5k7Yg5A3,2024,mls,3290,0.5599,16,1,FB,NA,48.7764,7.8536,2.793,3.6137,0.0391,0.5928,0.396,0.419,Kai Wagner,1997-02-15,Germany,Philadelphia Union,1032500,USD,2026-08-18 13:58:58.325541
XVqKear0M0,kRQabn8MKZ,2024,mls,551,0.3405,4,0,CB,NA,7.4806,-0.06880000000000001,-0.373,0.3707,-0.0072,0.2179,0.0101,-0.2873,Aimé Mabika,1998-08-16,Zambia,Toronto FC,133125,USD,2026-08-18 13:58:58.325541
XVqKejm0M0,a2lqRX2Mr0,2024,mls,3222,0.7302,16,2,FB,NA,11.0376,3.764,1.3285,1.4257,0.1332,0.3746,0.2296,0.2724,John Tolkin,2002-07-31,USA,New York Red Bulls,720800,USD,2026-08-18 13:58:58.325541
XVqKejrWM0,pzeQZ6xQKw,2024,mls,588,0.1084,1,0,FB,NA,-4.9204,0.6984,0.2581,0.2701,-0.0116,0.1489,0.0189,0.014,Sebastian Anderson,2002-08-08,USA,Colorado Rapids,150000,USD,2026-08-18 13:58:58.325541
XVqKelKaM0,a2lqR4JMr0,2024,mls,39,0,0,0,ST,NA,-1.2619,-0.044399999999999995,-0.0357,-0.0619,0.0327,0.0205,0,0,Benji Michel,1997-10-23,Haiti,Real Salt Lake,209667,USD,2026-08-18 13:58:58.325541
XVqKneW501,jYQJ19EqGR,2024,mls,3202,0,0,0,GK,NA,23.2984,NA,NA,NA,NA,NA,NA,NA,Stefan Frei,1986-04-20,USA,Seattle Sounders FC,600000,USD,2026-08-18 13:58:58.325541
Xj5Y44KGMb,NPqxKXZ59d,2024,mls,3580,1.6157,8,1,CB,NA,23.0284,6.5487,2.9922,2.8573,0.4547,0.2691,0.3035,-0.3281,Adilson Malanda,2001-10-29,France,Charlotte FC,353083,USD,2026-08-18 13:58:58.325541
Xj5Y60Kxqb,kaDQ0wRqEv,2024,mls,3793,0.4034,6,0,FB,NA,80.556,3.0198,2.1277,0.5592,-0.3809,0.9305,0.2019,-0.4186,Miki Yamane,1993-12-22,Japan,LA Galaxy,616667,USD,2026-08-18 13:58:58.325541
Xj5Y68Olqb,9z5k7Yg5A3,2024,mls,2807,13.6769,50,17,AM,NA,-7.2151,7.222099999999999,1.6723,-1.2259,0.5123,4.3229,1.5741,0.3664,Dániel Gazdag,1996-03-02,Hungary,Philadelphia Union,1757500,USD,2026-08-18 13:58:58.325541
Xj5Y6AlAqb,"c(""vzqoOgNqap"", ""YgOMngl5wN"")",2024,mls,361,0.2916,5,0,W,NA,0.0256,0.5906,0.2113,-0.1713,0.218,0.1972,0.1101,0.0253,McKinze Gaines,1998-03-02,USA,NA,122750,USD,2026-08-18 13:58:58.325541
Xj5Y6kWaqb,eVq3ya6MWO,2024,mls,3073,3.8094,43,4,CM,NA,24.5904,8.1089,3.38,1.8984,0.4474,1.0332,0.9864,0.3635,Timothy Tillman,1999-01-04,Germany,Los Angeles FC,637500,USD,2026-08-18 13:58:58.325541
Xj5Y6ko0qb,wvq9B9wQWn,2024,mls,645,0.2137,5,0,FB,NA,5.959,0.6789999999999999,0.2125,0.1964,0.0768,0.1236,0.0778,-0.0081,Jannes Horn,1997-02-06,Germany,St. Louis City SC,324667,USD,2026-08-18 13:58:58.325541
Xj5Y8R7AMb,a2lqR4JMr0,2024,mls,2699,15.1204,123,17,ST,NA,-27.0855,9.235100000000001,1.408,-0.1603,-0.2494,5.5975,2.5937,0.0456,Cristian Arango,1995-03-09,Colombia,Real Salt Lake,2088746,USD,2026-08-18 13:58:58.325541
Xj5Y8jyyMb,Z2vQ1xlqrA,2024,mls,2182,5.2897,42,7,ST,NA,-19.6996,2.464,0.6202,-1.4795,-0.5252,2.602,1.1265,0.12,Alan Pulido,1991-03-08,Mexico,Sporting Kansas City,3866667,USD,2026-08-18 13:58:58.325541
Xj5Y9eBx5b,gpMOLwl5zy,2024,mls,676,1.1084,10,1,W,NA,-3.0836,1.4537,0.2898,-0.2963,0.5039,0.7317,0.1738,0.0508,Osman Bukari,1998-12-13,Ghana,Austin FC,1000000,USD,2026-08-18 13:58:58.325541
Xj5Y9wax5b,a2lqRX2Mr0,2024,mls,1164,0.3947,4,0,CM,NA,8.3591,0.6949,1.011,-0.1253,-0.3963,0.3667,0.0859,-0.2471,Peter Stroud,2002-04-23,USA,New York Red Bulls,109719,USD,2026-08-18 13:58:58.325541
Xj5Y9zw05b,a2lqRX2Mr0,2024,mls,3147,2.1455,36,0,FB,NA,-17.9805,5.7388,2.2694,1.4834,0.2659,1.2404,0.5838,-0.1041,Dylan Nealis,1998-07-30,USA,New York Red Bulls,272500,USD,2026-08-18 13:58:58.325541
Xj5YLGKxMb,EKXMeX3Q64,2024,mls,2458,1.1253,8,1,CB,NA,12.7224,2.947,1.3012,0.9112,0.0783,0.6162,0.2272,-0.1871,Christopher McVey,1997-04-12,Sweden,D.C. United,276300,USD,2026-08-18 13:58:58.325541
Xj5YLGRGMb,"c(""lgpMOvnQzy"", ""a2lqR4JMr0"")",2024,mls,1664,0.4739,10,0,CB,NA,-2.3292,2.5652999999999997,1.4419,0.7333,0.1007,0.2721,0.2865,-0.2692,Javain Brown,1999-03-09,Jamaica,NA,218688,USD,2026-08-18 13:58:58.325541
Xj5YyNjE5b,zeQZkL1MKw,2024,mls,1776,0.1283,3,0,CM,NA,-2.3315,1.6164,2.1292,-0.2386,-0.2502,0.2353,0.024,-0.2833,Yannick Bright,2001-09-03,Italy,Inter Miami CF,74426,USD,2026-08-18 13:58:58.325541
a35rB7Do5L,KAqBN0Vqbg,2024,mls,207,0.634,2,0,W,NA,0.7136,0.43810000000000004,0.0295,0.0795,-0.1305,0.3889,0.0279,0.0428,Luke Brennan,2005-02-24,USA,Atlanta United FC,71401,USD,2026-08-18 13:58:58.325541
a35rBOLG5L,a2lqRX2Mr0,2024,mls,7,0,0,0,CM,NA,-0.0027,-0.0201,-0.0081,-3e-4,-0.0127,0.001,0,0,Omar Valencia,2004-06-08,Panama,New York Red Bulls,NA,NA,2026-08-18 13:58:58.325541
a35rK94AqL,NWMWlBK5lz,2024,mls,1096,2.8818,18,3,ST,NA,-6.7481,1.5254999999999999,0.1039,-0.6245,-0.0999,1.4242,0.6974,0.0244,Corey Baird,1996-01-30,USA,FC Cincinnati,712026,USD,2026-08-18 13:58:58.325541
a35rKA2AqL,X0Oq66zq6D,2024,mls,1340,0.3152,4,1,CB,NA,20.5436,1.5984,0.9751,0.7229,0.0287,0.0348,0.1166,-0.2797,Mauricio Pineda,1997-10-17,USA,Chicago Fire FC,376220,USD,2026-08-18 13:58:58.325541
a35rKGpLqL,Z2vQ1xlqrA,2024,mls,2349,3.6987,48,3,W,NA,3.196,4.478,1.1633,-0.0618,0.0614,1.9417,1.2399,0.1335,Dániel Sallói,1996-07-19,Hungary,Sporting Kansas City,1300000,USD,2026-08-18 13:58:58.325541
a35rKXowqL,Z2vQ1xlqrA,2024,mls,122,0.0317,1,0,CB,NA,-2.6098,0.4803,0.3154,0.0685,0.0206,0.0324,0.0426,8e-4,Joaquín Fernández,1996-05-31,Spain,Sporting Kansas City,1072083,USD,2026-08-18 13:58:58.325541
a35rKYrAqL,EKXMeX3Q64,2024,mls,2982,1.5017,31,1,FB,NA,45.7259,6.9003,2.7666,2.577,0.4425,0.6966,0.4619,-0.0443,Aaron Herrera,1997-06-06,USA,D.C. United,845220,USD,2026-08-18 13:58:58.325541
a35rKZZwqL,WBLMvYAQxe,2024,mls,1,0,0,0,AM,NA,0,0,0,0,0,0,0,0,Marvin Loría,1997-04-24,Costa Rica,Portland Timbers FC,315000,USD,2026-08-18 13:58:58.325541
a35rlyZ4QL,WBLMvYAQxe,2024,mls,2778,0.0255,1,0,DM,NA,54.7722,3.3864,1.9127,1.5677,0.1914,0.2704,0.0331,-0.5889,Diego Chará,1986-04-05,Colombia,Portland Timbers FC,508333,USD,2026-08-18 13:58:58.325541
a35rm92ML6,EKXMeX3Q64,2024,mls,3047,3.1743,28,2,CM,NA,42.3695,4.8625,1.8577,2.1534,-0.5505,1.0012,0.5413,-0.1406,Mateusz Klich,1990-06-13,Poland,D.C. United,2093588,USD,2026-08-18 13:58:58.325541
a35ry7P2ML,wvq9B9wQWn,2024,mls,2186,8.9529,78,5,ST,NA,-17.8985,7.2928,0.8467,-0.7651,-0.4686,5.3857,1.9507,0.3434,João Klauss,1997-03-01,Brazil,St. Louis City SC,1370284,USD,2026-08-18 13:58:58.325541
a35ryXm2ML,kaDQ0wRqEv,2024,mls,200,0,0,0,GK,NA,1.3262,NA,NA,NA,NA,NA,NA,NA,Novak Mićović,2001-10-25,Serbia,LA Galaxy,150000,USD,2026-08-18 13:58:58.325541
a35ryZ7bML,0KPqjA456v,2024,mls,1857,0.2677,6,0,CB,NA,10.2006,4.0862,3.1237,0.7326,-0.3208,0.4761,0.1047,-0.0301,Tanner Beason,1997-03-23,USA,San Jose Earthquakes,300000,USD,2026-08-18 13:58:58.325541
a35rymlLML,zeQZkL1MKw,2024,mls,3582,0,0,0,GK,NA,-0.0933,NA,NA,NA,NA,NA,NA,NA,Drake Callender,1997-10-07,USA,Inter Miami CF,405909,USD,2026-08-18 13:58:58.325541
aDQ00AlQEv,kRQabn8MKZ,2024,mls,2398,0.2581,6,0,CB,NA,12.0682,3.1623,1.5596,1.4465,-0.088,0.2361,0.085,-0.0769,Kevin Long,1990-08-18,Republic of Ireland,Toronto FC,277500,USD,2026-08-18 13:58:58.325541
aDQ0LRYWQE,YgOMngl5wN,2024,mls,2946,6.383,59,3,AM,NA,67.7614,7.9788,1.1133,1.0343,1.0464,3.0351,1.4325,0.3172,Amine Bassi,1997-11-27,France,Houston Dynamo FC,605000,USD,2026-08-18 13:58:58.325541
aDQ0LoylQE,YgOMngl5wN,2024,mls,3170,2.2906,39,3,FB,NA,0.9439,4.2286,0.9507,-0.163,0.8787,1.7358,0.7926,0.0338,Griffin Dorsey,1999-03-05,USA,Houston Dynamo FC,529667,USD,2026-08-18 13:58:58.325541
aDQ0NjkG5E,APk5LGOMOW,2024,mls,1981,0.2074,8,0,CB,NA,7.2074,5.0166,2.8835,1.5936,0.4156,0.0535,0.1781,-0.1077,Gabriele Corbo,2000-01-11,Italy,CF Montréal,216350,USD,2026-08-18 13:58:58.325541
aDQ0NzoB5E,kRQand1MKZ,2024,mls,329,0.5401,5,0,ST,NA,-6.0497,0.313,0.0981,-0.1293,-0.0425,0.251,0.1312,0.0045,Jordan Adebayo-Smith,2001-01-11,USA,Minnesota United FC,88621,USD,2026-08-18 13:58:58.325541
aDQ0PA8lQE,kRQabn8MKZ,2024,mls,121,0.11,2,0,ST,NA,-0.0449,0.07709999999999999,0.0038,-0.0477,-0.0627,0.147,0.018,0.0187,Ayo Akinola,2000-01-20,USA,Toronto FC,846875,USD,2026-08-18 13:58:58.325541
aDQ0PJpPQE,9z5k7Yg5A3,2024,mls,1587,7.9588,49,9,ST,NA,-6.1107,5.3847,0.6241,-0.899,-0.5996,4.6831,1.5391,0.037,Tai Baribo,1998-01-15,Israel,Philadelphia Union,760000,USD,2026-08-18 13:58:58.325541
aDQ0PKPRQE,mKAqBBmqbg,2024,mls,2262,0.4854,6,1,FB,NA,24.1923,2.1116,1.1846,0.4645,-0.2236,0.5904,0.0865,0.0092,Marco Farfan,1998-11-12,USA,FC Dallas,544813,USD,2026-08-18 13:58:58.325541
aDQ0PZY3QE,NPqxKXZ59d,2024,mls,850,1.661,21,2,W,NA,9.6111,1.9321,0.2685,0.3523,0.1435,0.7356,0.4871,-0.0549,Pep Biel,1996-09-05,Spain,Charlotte FC,2214147,USD,2026-08-18 13:58:58.325541
aDQ0PjnGQE,19vQ2095K6,2024,mls,224,0,0,0,W,NA,-1.2937,0.10039999999999999,0.0564,-0.0061,-0.0144,0.0643,0,2e-4,Tommy McNamara,1991-02-06,USA,New England Revolution,435000,USD,2026-08-18 13:58:58.325541
aDQ0PkRRQE,eVq3ya6MWO,2024,mls,2585,2.8447,37,4,CM,NA,27.4988,5.8296,1.5832,2.3911,0.1297,1.1329,0.7679,-0.1752,Eduard Atuesta,1997-06-18,Colombia,Los Angeles FC,689700,USD,2026-08-18 13:58:58.325541
aDQ0PnvBQE,pzeQZ6xQKw,2024,mls,2878,11.6493,56,11,AM,NA,70.1876,8.686,1.3246,2.1274,0.1447,3.0424,1.2899,0.757,Djordje Mihailovic,1998-11-10,USA,Colorado Rapids,1675000,USD,2026-08-18 13:58:58.325541
aDQ0Pv1WQE,YgOMngl5wN,2024,mls,847,4.3297,28,5,ST,NA,-10.0813,1.7449,0.2582,-0.7688,-0.6656,1.8214,0.8253,0.2744,Sebastián Ferreira,1998-02-13,Paraguay,Houston Dynamo FC,2290200,USD,2026-08-18 13:58:58.325541
aDQ0PwNpQE,NWMWlBK5lz,2024,mls,901,0.4821,7,0,CB,NA,24.3344,1.3746,0.3267,0.8452,0.0738,0.2933,0.0809,-0.2453,Chidozie Awaziem,1997-01-01,Nigeria,FC Cincinnati,1205675,USD,2026-08-18 13:58:58.325541
aDQ0a6jPME,kRQabn8MKZ,2024,mls,1289,0,0,0,CB,NA,-4.9855,0.38030000000000014,0.7284,0.457,-0.2875,0.0785,0,-0.5961,Shane O'Neill,1993-09-02,USA,Toronto FC,413000,USD,2026-08-18 13:58:58.325541
aDQ0aG9pME,KAqBN0Vqbg,2024,mls,1308,3.3642,22,3,AM,NA,1.2942,2.7981,0.2383,1.1139,0.2749,0.7548,0.3749,0.0413,Aleksey Miranchuk,1995-10-17,Russia,Atlanta United FC,3685441,USD,2026-08-18 13:58:58.325541
aDQ0aNE3ME,kRQand1MKZ,2024,mls,3523,1.5508,14,1,CB,NA,17.1553,6.225700000000001,4.4332,0.6115,-0.0389,0.9216,0.2809,0.0174,Michael Boxall,1988-08-18,New Zealand,Minnesota United FC,728097,USD,2026-08-18 13:58:58.325541
aDQ0aVkWME,KAqBN0Vqbg,2024,mls,1702,7.0956,35,8,ST,NA,-4.2758,5.622999999999999,1.0547,-1.789,0.0902,4.7208,0.9712,0.5751,Jamal Thiaré,1993-03-31,Senegal,Atlanta United FC,595000,USD,2026-08-18 13:58:58.325541
aDQ0ao1PME,lgpMOvnQzy,2024,mls,1237,0.8762,12,1,FB,NA,24.0589,1.8837000000000002,0.6832,0.3667,-0.2136,0.8192,0.2653,-0.0371,Sam Adekugbe,1995-01-16,England,Vancouver Whitecaps FC,913000,USD,2026-08-18 13:58:58.325541
aDQ0avK3ME,EKXMeX3Q64,2024,mls,388,0.1918,2,0,CB,NA,2.6976,0.8595,0.5595,0.2289,-0.0881,0.1454,0.0632,-0.0494,Steven Birnbaum,1991-01-23,USA,D.C. United,815000,USD,2026-08-18 13:58:58.325541
aDQ0l7kWQE,Vj58weDM8n,2024,mls,1958,0.7375,20,1,FB,NA,-2.2546,3.0040999999999998,1.1319,0.7766,0.1512,0.6481,0.3306,-0.0343,Mitja Ilenič,2004-12-26,Slovenia,New York City FC,331700,USD,2026-08-18 13:58:58.325541
aDQ0l9bRQE,wvq9B9wQWn,2024,mls,1560,0.4668,9,0,CB,NA,-0.4039,0.5138999999999999,-0.09,0.5095,-0.0719,0.3152,0.1092,-0.2581,Kyle Hiebert,1997-07-30,Canada,St. Louis City SC,188996,USD,2026-08-18 13:58:58.325541
aDQ0lpPBQE,"c(""9z5k7Yg5A3"", ""wvq9B9wQWn"")",2024,mls,873,5.0491,36,2,ST,NA,-4.6571,2.9749000000000003,0.2566,-0.0943,-0.0502,2.1442,0.7479,-0.0293,Sam Adeniran,1998-09-30,USA,NA,93988,USD,2026-08-18 13:58:58.325541
e7Mz913GQr,eVq3ya6MWO,2024,mls,3093,1.0358,12,1,CB,NA,44.6515,4.4994,3.2645,1.4407,-0.4664,0.3014,0.3873,-0.4281,Aaron Long,1992-10-12,USA,Los Angeles FC,1303044,USD,2026-08-18 13:58:58.325541
e7Mz9GBOQr,9z5k7Yg5A3,2024,mls,2255,8.2647,50,10,ST,NA,-18.7104,6.933,0.7819,-1.05,0.3242,5.1686,1.6379,0.0704,Mikael Uhre,1994-09-30,Denmark,Philadelphia Union,2040000,USD,2026-08-18 13:58:58.325541
e7Mz9PWjQr,pzeQZ6xQKw,2024,mls,3144,0.71,16,0,FB,NA,-15.314,3.7260999999999997,1.503,1.7141,-0.1517,0.5495,0.3784,-0.2672,Keegan Rosenberry,1993-12-11,USA,Colorado Rapids,400000,USD,2026-08-18 13:58:58.325541
e7Mz9eOGQr,0KPqjA456v,2024,mls,1939,0,0,0,GK,NA,17.9233,NA,NA,NA,NA,NA,NA,NA,William Yarbrough,1989-03-20,USA,San Jose Earthquakes,385000,USD,2026-08-18 13:58:58.325541
e7Mz9oL7Qr,EKXMeX3Q64,2024,mls,1460,0.8814,8,2,CM,NA,0.3054,2.0509,1.271,-0.0496,0.2762,0.3981,0.1647,-0.0095,Martín Rodríguez,1994-08-05,Chile,D.C. United,1366200,USD,2026-08-18 13:58:58.325541
e7MzAxyGQr,"c(""19vQ2095K6"", ""wvq9B9wQWn"")",2024,mls,2356,0.4788,9,1,CB,NA,26.6901,3.7929,2.5915,1.4527,-0.0429,0.1949,0.1473,-0.5506,Henry Kessler,1998-06-25,USA,NA,1033333,USD,2026-08-18 13:58:58.325541
e7MzJ3m6Mr,X0Oq66zq6D,2024,mls,791,0.1998,3,0,DM,NA,-1.9069,0.3179000000000001,1.1989,-0.5608,-0.4875,0.084,0.0737,0.0096,Federico Navarro,2000-03-09,Argentina,Chicago Fire FC,557500,USD,2026-08-18 13:58:58.325541
e7MzJPvGMr,kaDQ0wRqEv,2024,mls,1910,0.8537,12,1,FB,NA,11.2179,2.2192,1.118,0.6765,0.036,0.2666,0.3314,-0.2093,Julián Aude,2003-03-24,Argentina,LA Galaxy,335000,USD,2026-08-18 13:58:58.325541
e7MzJVJ7Mr,EKXMeX3Q64,2024,mls,2075,5.1682,38,2,W,NA,-32.8108,4.3707,1.3072,-0.917,0.4107,2.1845,1.0436,0.3417,Ted Ku-Dipietro,2002-01-28,USA,D.C. United,356000,USD,2026-08-18 13:58:58.325541
e7MzKKJ5r0,YgOMngl5wN,2024,mls,429,0.1098,2,0,DM,NA,6.8745,0.0096,-0.0704,0.0187,-0.0091,0.0419,0.0386,-0.0101,Ján Greguš,1991-01-29,Slovakia,Houston Dynamo FC,170313,USD,2026-08-18 13:58:58.325541
e7MzZ63OMr,mKAqBBmqbg,2024,mls,1525,3.1713,27,0,AM,NA,-4.0374,3.0012,0.8703,-0.0504,-0.2316,1.3553,0.6051,0.4525,Bernard Kamungo,2002-01-01,Tanzania,FC Dallas,89716,USD,2026-08-18 13:58:58.325541
e7MzZpaXMr,vzqoOgNqap,2024,mls,2112,0.9172,10,0,CB,NA,9.662,2.7502,1.6616,0.4888,0.0145,0.6937,0.1783,-0.2867,Josh Bauer,1998-07-22,USA,Nashville SC,94202,USD,2026-08-18 13:58:58.325541
e7MzZprjMr,Z2vQ1xlqrA,2024,mls,1947,14.3691,85,10,ST,NA,-15.6096,8.1778,0.8835,-1.3223,-1.3512,7.5802,2.3802,0.0074,William Agada,1999-09-17,Nigeria,Sporting Kansas City,521875,USD,2026-08-18 13:58:58.325541
eV5D0G2Z5K,NWMWlBK5lz,2024,mls,1000,0.7623,9,0,CB,NA,-12.9779,2.2214,0.9109,0.3519,0.2881,0.3274,0.222,0.1211,Alvas Powell,1994-07-18,Jamaica,FC Cincinnati,294500,USD,2026-08-18 13:58:58.325541
eV5D2RJAQK,a2lqR4JMr0,2024,mls,243,0.0509,1,0,DM,NA,1.4774,0.2494,0.1219,0.08,-0.0027,0.0285,0.0367,-0.015,Noel Caliskan,2000-08-29,Germany,Real Salt Lake,89716,USD,2026-08-18 13:58:58.325541
eV5DL18a5K,9z5k7Yg5A3,2024,mls,3182,1.1257,24,2,CB,NA,28.6874,6.2504,2.8252,2.5494,0.1127,0.4027,0.3995,-0.0391,Jakob Glesnes,1994-03-25,Norway,Philadelphia Union,1138125,USD,2026-08-18 13:58:58.325541
eV5DL1xR5K,mvzqoLZQap,2024,mls,2341,0.4878,13,1,CM,NA,39.1611,3.7014,1.7187,1.0424,0.3549,0.2888,0.2728,0.0238,Sean Zawadzki,2000-04-21,USA,Columbus Crew,421875,USD,2026-08-18 13:58:58.325541
eV5DL9aZ5K,jYQJ8EW5GR,2024,mls,36,0.0365,1,0,W,NA,1.8322,0.107,0.0032,0.0091,0.0353,0.029,0.0323,-0.0019,Luca Petrasso,2000-06-16,Canada,Orlando City SC,104024,USD,2026-08-18 13:58:58.325541
eV5DLDVJ5K,WBLMvYAQxe,2024,mls,1326,1.173,8,2,DM,NA,1.9186,2.1061,0.9915,0.3472,-0.1952,0.7257,0.2311,0.0058,Eryk Williamson,1997-06-11,USA,Portland Timbers FC,675000,USD,2026-08-18 13:58:58.325541
eV5DLKnn5K,a2lqR4JMr0,2024,mls,279,0.8095,13,0,W,NA,-1.5359,0.6519999999999999,0.2532,-0.0103,-0.1173,0.2045,0.3236,-0.0017,Lachlan Brook,2001-02-08,Australia,Real Salt Lake,274883,USD,2026-08-18 13:58:58.325541
eV5DLWdm5K,KAqBN0Vqbg,2024,mls,1189,0.4625,10,0,FB,NA,25.8319,2.6401,1.5721,0.7478,0.005,0.1041,0.2263,-0.0152,Ronald Hernández,1997-09-21,Venezuela,Atlanta United FC,450000,USD,2026-08-18 13:58:58.325541
eV5DLY8A5K,"c(""WBLMvYAQxe"", ""APk5LGOMOW"")",2024,mls,725,2.276,14,1,ST,NA,-8.3036,0.4439,0.1774,-0.7451,-0.5529,1.1778,0.3896,-0.0029,Mason Toye,1998-10-16,USA,NA,658000,USD,2026-08-18 13:58:58.325541
eV5DLYJa5K,wvq9B9wQWn,2024,mls,1124,0.7342,8,0,FB,NA,11.8478,1.517,0.9821,0.194,0.0092,0.3986,0.1886,-0.2555,Akil Watts,2000-02-04,USA,St. Louis City SC,74096,USD,2026-08-18 13:58:58.325541
eV5DLedE5K,YgOMngl5wN,2024,mls,1159,4.5552,20,5,W,NA,-7.5204,2.0605,0.6209,-0.2401,-0.204,1.2338,0.6514,-0.0015,Latif Blessing,1996-12-30,Ghana,Houston Dynamo FC,715000,USD,2026-08-18 13:58:58.325541
eV5DkdWnMK,kRQabn8MKZ,2024,mls,30,0.2842,2,0,AM,NA,-1.8302,0.1815,0.0015,-0.0469,0.0118,0.1291,0.087,-0.001,Cassius Mailula,2001-06-12,South Africa,Toronto FC,316003,USD,2026-08-18 13:58:58.325541
eV5Dky89MK,a2lqR4JMr0,2024,mls,980,0.2444,8,1,DM,NA,15.5911,1.4381,0.8974,0.4549,0.0313,0.1613,0.0975,-0.2043,Nelson Palacio,2001-06-16,Colombia,Real Salt Lake,373167,USD,2026-08-18 13:58:58.325541
eV5DzD0ZQK,a2lqRX2Mr0,2024,mls,1102,2.3691,13,2,W,NA,-9.8753,1.4786000000000001,0.7579,-0.5058,-0.5851,1.4591,0.361,-0.0085,Dennis Gjengaar,2004-02-24,Norway,New York Red Bulls,398769,USD,2026-08-18 13:58:58.325541
eV5DzJgOQK,KAqBN0Vqbg,2024,mls,2145,0.3076,8,1,FB,NA,21.8377,2.6097,1.5006,0.4248,0.1755,0.4344,0.1099,-0.0355,Caleb Wiley,2004-12-22,USA,Atlanta United FC,151600,USD,2026-08-18 13:58:58.325541
eV5DzXvnQK,a2lqR4JMr0,2024,mls,2450,1.7034,24,2,CB,NA,15.1476,5.5371,3.1895,1.7997,0.223,0.0339,0.3693,-0.0783,Brayan Vera,1999-01-15,Colombia,Real Salt Lake,532000,USD,2026-08-18 13:58:58.325541
eV5DzeZaQK,jYQJ19EqGR,2024,mls,786,0.747,9,1,W,NA,-3.0783,0.8866999999999999,0.3289,-0.2942,-0.0391,0.6376,0.1959,0.0576,Léo Chú,2000-04-06,Brazil,Seattle Sounders FC,550000,USD,2026-08-18 13:58:58.325541
eV5DzmNmQK,NWMWlBK5lz,2024,mls,945,1.1146,6,0,CB,NA,-3.3112,2.1938,1.1018,0.4285,0.1294,0.3909,0.1286,0.0146,Kipp Keller,2000-07-14,USA,FC Cincinnati,99716,USD,2026-08-18 13:58:58.325541
eV5Dzr7EQK,gpMOLwl5zy,2024,mls,257,0.2357,4,0,W,NA,-4.3963,0.2804,0.1026,-0.1693,-0.0442,0.2585,0.147,-0.0142,CJ Fodrey,2004-02-10,USA,Austin FC,93716,USD,2026-08-18 13:58:58.325541
eVq3a0ZgMW,a2lqR4JMr0,2024,mls,515,0.2389,4,0,W,NA,-3.6727,0.5337000000000001,0.2686,-0.127,-0.0644,0.3391,0.0758,0.0416,Maikel Chang,1991-04-18,Cuba,Real Salt Lake,218750,USD,2026-08-18 13:58:58.325541
eVq3alzDMW,gpMOLwl5zy,2024,mls,545,0.4142,5,0,FB,NA,3.7016,0.7229,0.4238,-0.0684,0.0819,0.1622,0.1379,-0.0145,Mikkel Desler,1995-02-19,Denmark,Austin FC,500000,USD,2026-08-18 13:58:58.325541
eVq3apWvMW,EKXMeX3Q64,2024,mls,2085,1.3632,29,3,FB,NA,-12.9909,2.6064,1.221,0.6859,0.0642,0.3596,0.5567,-0.281,Pedro Santos,1988-04-22,Portugal,D.C. United,490000,USD,2026-08-18 13:58:58.325541
eVq3jBAv5W,0KPqjA456v,2024,mls,2117,6.3723,45,6,ST,NA,-10.8088,3.7815000000000003,0.3932,-1.0675,-0.5126,3.503,1.0843,0.3811,Jeremy Ebobisse,1997-02-14,USA,San Jose Earthquakes,1005361,USD,2026-08-18 13:58:58.325541
eVq3jBjj5W,X0Oq66zq6D,2024,mls,941,4.7634,25,2,ST,NA,-12.888,2.579,0.5213,-0.5835,0.0899,1.9253,0.6392,-0.0132,Tom Barlow,1995-07-08,USA,Chicago Fire FC,280000,USD,2026-08-18 13:58:58.325541
eVq3jWLw5W,KAqBN0Vqbg,2024,mls,204,0.0821,2,0,W,NA,0.4708,0.18289999999999998,0.0368,0.0138,-0.0772,0.1357,0.0655,0.0083,Nick Firmino,2001-01-30,Brazil,Atlanta United FC,71401,USD,2026-08-18 13:58:58.325541
eVq3jYZv5W,mvzqoLZQap,2024,mls,590,0.0845,3,0,CM,NA,-0.2948,1.1785999999999999,0.5486,0.5221,0.0054,0.064,0.0749,-0.0364,Derrick Jones,1997-03-03,USA,Columbus Crew,362496,USD,2026-08-18 13:58:58.325541
eVq3jmnV5W,zeQZkL1MKw,2024,mls,623,1.0604,8,1,CB,NA,8.6892,1.4792,0.4704,0.6891,-0.0473,0.1729,0.1995,-0.0054,David Martínez,1998-01-21,Argentina,Inter Miami CF,289839,USD,2026-08-18 13:58:58.325541
eVq3jx6G5W,lgpMOvnQzy,2024,mls,2518,0.2143,9,0,CM,NA,35.3627,3.5237000000000003,2.3972,0.9961,0.15,0.0891,0.085,-0.1937,Andrés Cubas,1996-05-11,Paraguay,Vancouver Whitecaps FC,1146375,USD,2026-08-18 13:58:58.325541
eVq3jyYV5W,a2lqR4JMr0,2024,mls,2775,0.9189,16,0,CB,NA,49.2835,5.7792,3.4262,1.6851,-0.1505,0.5743,0.2766,-0.0325,Justen Glad,1997-02-28,USA,Real Salt Lake,1330000,USD,2026-08-18 13:58:58.325541
eVq3r1eD5W,a2lqRX2Mr0,2024,mls,1186,0.0282,1,0,CM,NA,14.8943,1.7649,0.7191,0.8718,0.1094,0.1036,0.018,-0.057,Ronald Donkor,2004-11-20,Mali,New York Red Bulls,155400,USD,2026-08-18 13:58:58.325541
eVq3rkkw5W,zeQZkL1MKw,2024,mls,2715,0.5054,8,0,CB,NA,23.0092,3.8396000000000003,2.3256,1.3424,0.0898,0.2995,0.2093,-0.427,Tomás Avilés,2004-02-03,Argentina,Inter Miami CF,412496,USD,2026-08-18 13:58:58.325541
eVq3v9n5WO,eVq3ya6MWO,2024,mls,929,1.533,16,0,ST,NA,-6.5729,1.054,0.0965,-0.6667,-0.3221,1.6236,0.2788,0.0439,Olivier Giroud,1986-09-30,France,Los Angeles FC,3675000,USD,2026-08-18 13:58:58.325541
eVq3xgpwQW,pzeQZ6xQKw,2024,mls,43,0,0,0,W,NA,-0.1368,0.0323,0.0443,0.0062,-0.0192,0.0013,0,-3e-4,Lamine Diack,2000-11-15,Senegal,Colorado Rapids,864150,USD,2026-08-18 13:58:58.325541
eVq3xk1VQW,lgpMOvnQzy,2024,mls,2287,1.7791,33,2,CM,NA,27.7632,3.6885,1.2964,1.4547,-0.7256,0.738,0.6626,0.2624,Sebastian Berhalter,2001-05-10,USA,Vancouver Whitecaps FC,330000,USD,2026-08-18 13:58:58.325541
eVq3xvygQW,WBLMvYAQxe,2024,mls,16,0,0,0,ST,NA,-1.6351,-0.0558,0,-0.0214,-0.0683,0.0339,0,0,Tega Ikoba,2003-08-14,USA,Portland Timbers FC,104000,USD,2026-08-18 13:58:58.325541
eVq3y38yMW,zeQZkL1MKw,2024,mls,1440,3.189,18,4,CM,NA,1.951,3.3211,1.2233,-0.3185,0.2575,1.4872,0.6443,0.0273,Benjamin Cremaschi,2005-03-02,USA,Inter Miami CF,202216,USD,2026-08-18 13:58:58.325541
eVq3y6KGMW,eVq3ya6MWO,2024,mls,581,2.6325,26,4,W,NA,-1.5213,2.1869,0.1934,0.303,0.5606,0.479,0.6647,-0.0138,David Martínez,2006-02-07,Venezuela,Los Angeles FC,500000,USD,2026-08-18 13:58:58.325541
eVq3yPAGMW,kRQand1MKZ,2024,mls,61,0,0,0,CB,NA,-1.2547,0.0478,0.0245,0.0218,0.0011,4e-4,0,0,Morris Duggan,2000-10-24,Germany,Minnesota United FC,71401,USD,2026-08-18 13:58:58.325541
eVq3ydEvMW,Vj58weDM8n,2024,mls,1587,7.7967,61,4,ST,NA,-18.7558,4.2199,0.5034,-1.5852,-0.5187,4.1376,1.5838,0.099,Monsef Bakrar,2001-01-13,Algeria,New York City FC,456720,USD,2026-08-18 13:58:58.325541
eVq3yl2jMW,kRQand1MKZ,2024,mls,198,0.0534,2,0,CB,NA,-4.2418,0.1795,0.1791,0.0498,-0.1073,0.0463,0.0124,-8e-4,Victor Eriksson,2000-09-17,Sweden,Minnesota United FC,264375,USD,2026-08-18 13:58:58.325541
eVq3yp76MW,Vj58weDM8n,2024,mls,2038,11.7932,67,17,ST,NA,-7.1724,7.328200000000001,1.2119,-0.9743,-1.0321,6.057,2.0897,-0.024,Alonso Martínez,1998-10-15,Costa Rica,New York City FC,328483,USD,2026-08-18 13:58:58.325541
gOMn2jBXMw,kRQand1MKZ,2024,mls,300,0,0,0,GK,NA,-1.5733,NA,NA,NA,NA,NA,NA,NA,Alec Smir,1999-04-13,USA,Minnesota United FC,89716,USD,2026-08-18 13:58:58.325541
gOMn66nAMw,gpMOLwl5zy,2024,mls,2930,3.2809,34,2,DM,NA,3.4341,3.448,1.8158,0.5681,0.0313,1.3637,0.7988,-1.1297,Alex Ring,1991-04-09,Finland,Austin FC,1665000,USD,2026-08-18 13:58:58.325541
gOMn6NBlMw,mvzqoLZQap,2024,mls,1211,1.745,18,1,FB,NA,13.2576,0.9666,-0.0609,-0.6049,0.475,0.9813,0.4716,-0.2955,Yaw Yeboah,1997-03-28,Ghana,Columbus Crew,663750,USD,2026-08-18 13:58:58.325541
gOMn6OlmMw,a2lqRX2Mr0,2024,mls,710,0,0,0,GK,NA,-7.2854,NA,NA,NA,NA,NA,NA,NA,Ryan Meara,1990-11-15,USA,New York Red Bulls,294000,USD,2026-08-18 13:58:58.325541
gOMn6lylMw,vzqoOgNqap,2024,mls,2948,0,0,0,GK,NA,17.8632,NA,NA,NA,NA,NA,NA,NA,Joe Willis,1988-08-10,USA,Nashville SC,658333,USD,2026-08-18 13:58:58.325541
gOMn6n8XMw,mvzqoLZQap,2024,mls,1662,7.9708,47,9,AM,NA,3.7159,5.5766,0.6096,0.0015,-0.3061,3.7596,1.4394,0.0726,Christian Ramírez,1991-04-04,USA,Columbus Crew,495833,USD,2026-08-18 13:58:58.325541
gOMn6oPAMw,kRQabn8MKZ,2024,mls,2765,9.4315,98,8,FB,NA,19.4529,10.1677,1.5426,0.7135,2.9711,2.1269,2.3658,0.4478,Federico Bernardeschi,1994-02-16,Italy,Toronto FC,6295381,USD,2026-08-18 13:58:58.325541
gOMnBnmMwN,Z2vQ1xlqrA,2024,mls,1931,4.4656,47,4,W,NA,5.2701,4.5336,1.131,0.0433,0.4531,1.5216,1.1278,0.2568,Johnny Russell,1990-04-08,Scotland,Sporting Kansas City,1000000,USD,2026-08-18 13:58:58.325541
gOMnR0wlMw,zeQZkL1MKw,2024,mls,2521,2.3419,29,1,W,NA,-17.3692,3.7636,1.4165,0.5378,-0.6479,1.6593,0.7421,0.0558,Julian Gressel,1993-12-16,Germany,Inter Miami CF,1092069,USD,2026-08-18 13:58:58.325541
gOMnR6e6Mw,19vQ2095K6,2024,mls,2032,0.4722,6,1,FB,NA,7.1593,1.4626000000000001,1.3948,0.0103,-0.132,0.3618,0.1349,-0.3072,Nick Lima,1994-11-17,USA,New England Revolution,375000,USD,2026-08-18 13:58:58.325541
gOMnR96lMw,vzqoOgNqap,2024,mls,2565,5.1364,33,5,W,NA,-22.907,4.726,1.4736,-0.4641,-0.8902,3.1061,1.1862,0.3144,Alex Muyl,1995-09-30,USA,Nashville SC,525000,USD,2026-08-18 13:58:58.325541
gOMnR9bXMw,APk5LGOMOW,2024,mls,324,0.0543,2,1,FB,NA,-2.7344,0.1048,0.0533,0.0091,-0.0467,0.0794,0.0292,-0.0195,Tom Pearce,1998-04-12,England,CF Montréal,507625,USD,2026-08-18 13:58:58.325541
gOMnRE8BMw,wvq9B9wQWn,2024,mls,932,2.0662,15,3,W,NA,3.3485,1.9061,0.6705,0.3677,-0.6424,0.9277,0.3352,0.2474,Marcel Hartel,1996-01-19,Germany,St. Louis City SC,2183113,USD,2026-08-18 13:58:58.325541
gOMnRnO8Mw,eVq3ya6MWO,2024,mls,104,0,0,0,GK,NA,-2.5043,NA,NA,NA,NA,NA,NA,NA,Thomas Hasal,1999-07-09,Canada,Los Angeles FC,99849,USD,2026-08-18 13:58:58.325541
gOMnRzymMw,WBLMvYAQxe,2024,mls,1573,0,0,0,GK,NA,-2.2698,NA,NA,NA,NA,NA,NA,NA,James Pantemis,1997-02-21,Canada,Portland Timbers FC,145833,USD,2026-08-18 13:58:58.325541
gOMnYNjlQw,NWMWlBK5lz,2024,mls,13,0,0,0,AM,NA,0,-0.0544,0,0,0,0,0,-0.0544,Stiven Jimenez,2007-06-24,USA,FC Cincinnati,89716,USD,2026-08-18 13:58:58.325541
gOMnYzdxQw,mKAqBBmqbg,2024,mls,1226,1.04,7,1,AM,NA,0.3762,2.5338,0.6525,0.8971,-0.0076,0.7104,0.2202,0.0612,Tsiki Ntsabeleng,1998-02-09,South Africa,FC Dallas,89716,USD,2026-08-18 13:58:58.325541
gOMna9OOQw,vzqoOgNqap,2024,mls,469,0.9043,10,0,ST,NA,-5.3093,0.6402,0.3895,-0.4678,-0.5838,1.0248,0.2724,0.0051,Forster Ajago,2001-08-16,Ghana,Nashville SC,71401,USD,2026-08-18 13:58:58.325541
gOMnaJEJQw,mKAqBBmqbg,2024,mls,131,0.0196,1,0,AM,NA,0.7527,0.047799999999999995,0.0257,-0.0925,-0.0423,0.0808,0.0268,0.0493,Tomas Pondeca,2001-02-10,USA,FC Dallas,71401,USD,2026-08-18 13:58:58.325541
gOMnl3ZXqw,zeQZkL1MKw,2024,mls,2577,1.6583,19,0,FB,NA,34.522,4.2406,2.6088,0.7081,-0.0418,0.9135,0.3197,-0.2677,Marcelo Weigandt,2000-01-11,Argentina,Inter Miami CF,384708,USD,2026-08-18 13:58:58.325541
gOMnl3y6qw,kRQand1MKZ,2024,mls,2525,5.7214,39,6,W,NA,-37.5882,4.0156,0.6674,-0.2543,-0.8053,3.1281,1.0228,0.2569,Jeong Sang-Bin,2002-04-01,South Korea,Minnesota United FC,682458,USD,2026-08-18 13:58:58.325541
gOMnl7PAqw,Vj58weDM8n,2024,mls,5,0,0,0,W,NA,0,0,0,0,0,0,0,0,Piero Elias,2002-09-08,USA,New York City FC,NA,NA,2026-08-18 13:58:58.325541
gOMnlA96qw,X0Oq66zq6D,2024,mls,3385,0,0,0,GK,NA,-14.1588,NA,NA,NA,NA,NA,NA,NA,Chris Brady,2004-03-03,USA,Chicago Fire FC,248250,USD,2026-08-18 13:58:58.325541
gOMnlGZmqw,mvzqoLZQap,2024,mls,2289,3.2826,13,4,FB,NA,39.6192,3.537,0.9836,-0.8299,0.1235,2.0349,0.5018,0.7231,Mohamed Farsi,1999-12-16,Canada,Columbus Crew,380000,USD,2026-08-18 13:58:58.325541
gOMnlKNeqw,NPqxKXZ59d,2024,mls,1985,7.2575,58,7,W,NA,1.3957,6.3884,0.9048,0.4779,1.0836,2.2848,1.5675,0.0698,Liel Abada,2001-10-03,Israel,Charlotte FC,2448500,USD,2026-08-18 13:58:58.325541
gOMnldW8qw,mKAqBBmqbg,2024,mls,1351,0.0911,2,0,FB,NA,-4.5803,0.2817,0.431,0.0803,0.105,0.1383,0.0392,-0.5121,Ema Twumasi,1997-05-18,Ghana,FC Dallas,389300,USD,2026-08-18 13:58:58.325541
gOMnlp9eqw,EKXMeX3Q64,2024,mls,2552,0.246,11,0,CB,NA,2.7879,3.0776000000000003,2.4597,0.5655,0.0369,0.104,0.204,-0.2925,Matti Peltola,2002-07-03,Finland,D.C. United,757818,USD,2026-08-18 13:58:58.325541
gOMnlrDeqw,APk5LGOMOW,2024,mls,2565,0.2537,7,0,CB,NA,12.5438,4.786,2.1312,2.316,0.247,0.2171,0.0797,-0.205,George Campbell,2001-06-22,USA,CF Montréal,441250,USD,2026-08-18 13:58:58.325541
gjMN614vMK,jYQJ8EW5GR,2024,mls,1557,8.7028,50,9,ST,NA,-2.3233,5.1324,0.8807,-1.141,0.2011,3.6852,1.3892,0.1172,Ramiro Enrique,2001-05-04,Argentina,Orlando City SC,398636,USD,2026-08-18 13:58:58.325541
gjMN6r64MK,EKXMeX3Q64,2024,mls,3150,2.4829,23,2,CB,NA,27.2907,4.9455,1.5032,1.8949,-0.3347,1.4588,0.5734,-0.1501,Lucas Bartlett,1997-07-26,USA,D.C. United,89716,USD,2026-08-18 13:58:58.325541
gjMNR8xjMK,EKXMeX3Q64,2024,mls,527,0,0,0,GK,NA,-1.0603,NA,NA,NA,NA,NA,NA,NA,Tyler Miller,1993-03-12,USA,D.C. United,450000,USD,2026-08-18 13:58:58.325541
gjMNRrgvMK,mKAqBBmqbg,2024,mls,1516,0.3541,9,1,CM,NA,7.5805,2.1021,1.2529,0.5843,-0.0869,0.183,0.1851,-0.0163,Liam Fraser,1998-02-13,Canada,FC Dallas,227750,USD,2026-08-18 13:58:58.325541
gjMNRvwBMK,X0Oq66zq6D,2024,mls,103,0,0,0,GK,NA,-1.6814,NA,NA,NA,NA,NA,NA,NA,Spencer Richey,1992-05-30,USA,Chicago Fire FC,165000,USD,2026-08-18 13:58:58.325541
gjMNeXBpQK,NWMWlBK5lz,2024,mls,3391,0,0,0,GK,NA,-1.5434,NA,NA,NA,NA,NA,NA,NA,Roman Celentano,2000-09-14,USA,FC Cincinnati,474000,USD,2026-08-18 13:58:58.325541
gjMNjAd0MK,eVq3ya6MWO,2024,mls,2164,7.3498,66,7,W,NA,-5.362,7.2707,1.3009,-0.241,0.6755,3.7525,1.8203,-0.0375,Cristian Olivera,2002-04-17,Uruguay,Los Angeles FC,680000,USD,2026-08-18 13:58:58.325541
gjMNjWyKMK,jYQJ8EW5GR,2024,mls,18,0.2898,2,0,FB,NA,1.3804,0.1782,-0.0085,0.0045,5e-4,0.1303,0.0514,0,Alex Freeman,2004-08-09,USA,Orlando City SC,93716,USD,2026-08-18 13:58:58.325541
gjMNrbKMKp,EKXMeX3Q64,2024,mls,2958,19.5744,94,23,ST,NA,7.5622,14.2543,0.5982,-0.4222,-0.4051,11.0761,3.0983,0.309,Christian Benteke,1990-12-03,Belgium,D.C. United,4687500,USD,2026-08-18 13:58:58.325541
gjMNv7PpMK,vzqoOgNqap,2024,mls,1642,0.8427,11,1,DM,NA,27.1198,3.1590000000000003,1.2034,0.9998,0.1583,0.4373,0.2991,0.0611,Aníbal Godoy,1990-02-10,Panama,Nashville SC,721250,USD,2026-08-18 13:58:58.325541
gjMNvV70MK,wvq9B9wQWn,2024,mls,273,0,0,0,GK,NA,4.6604,NA,NA,NA,NA,NA,NA,NA,Ben Lundt,1995-09-24,Germany,St. Louis City SC,137833,USD,2026-08-18 13:58:58.325541
gjMNvZdBMK,NWMWlBK5lz,2024,mls,1227,1.619,24,4,FB,NA,-5.1982,2.7301,0.6873,0.5349,0.152,0.6968,0.5767,0.0824,Yamil Asad,1994-07-27,Argentina,FC Cincinnati,89716,USD,2026-08-18 13:58:58.325541
gjMNvg3KMK,lgpMOvnQzy,2024,mls,876,0.0753,4,0,FB,NA,10.2669,0.7706,0.4196,0.1746,-0.012,0.1227,0.0638,0.0019,Luís Martins,1992-06-10,Portugal,Vancouver Whitecaps FC,300000,USD,2026-08-18 13:58:58.325541
gjMNvjYvMK,mvzqoLZQap,2024,mls,2861,0.1246,4,0,CM,NA,69.026,2.0576,1.3024,0.1244,0.0888,0.3415,0.1092,0.0913,Darlington Nagbe,1990-07-19,Liberia,Columbus Crew,1540000,USD,2026-08-18 13:58:58.325541
gjMNvnjDMK,WBLMvYAQxe,2024,mls,2583,0.4705,5,0,CB,NA,25.5453,3.8331999999999997,2.0433,1.4606,0.0953,0.134,0.2392,-0.1392,Dario Župarić,1992-05-03,Croatia,Portland Timbers FC,907950,USD,2026-08-18 13:58:58.325541
gjMNvrO4MK,mvzqoLZQap,2024,mls,2583,1.104,7,2,CB,NA,48.2211,4.9448,2.5329,1.7341,0.0059,0.5141,0.2281,-0.0703,Steven Moreira,1994-08-13,France,Columbus Crew,882000,USD,2026-08-18 13:58:58.325541
gpMO4XD5zy,zeQZkL1MKw,2024,mls,97,0,0,0,GK,NA,1.6654,NA,NA,NA,NA,NA,NA,NA,Óscar Ustari,1986-07-03,Argentina,Inter Miami CF,89716,USD,2026-08-18 13:58:58.325541
gpMOL0G15z,a2lqR4JMr0,2024,mls,24,0,0,0,W,NA,0.2331,0.0477,0.0158,-0.0423,0.0581,0.0185,0,-0.0024,Matthew Bell,2002-08-27,Jamaica,Real Salt Lake,71847,USD,2026-08-18 13:58:58.325541
gpMOL68O5z,WBLMvYAQxe,2024,mls,10,0,0,0,AM,NA,1.2345,0.014699999999999998,0.0072,0.0173,-0.0122,0.0024,0,0,Adolfo Enriquez,2006-04-16,USA,Portland Timbers FC,NA,NA,2026-08-18 13:58:58.325541
gpMOa6zrqz,"c(""kRQabn8MKZ"", ""KAqBN0Vqbg"")",2024,mls,1847,3.608,24,3,AM,NA,-11.9343,3.6226000000000003,0.9852,-0.9167,0.0388,2.6631,0.8033,0.0489,Derrick Etienne Jr.,1996-11-25,Haiti,NA,710062,USD,2026-08-18 13:58:58.325541
gpMOaPn1qz,mvzqoLZQap,2024,mls,376,0,0,0,GK,NA,-2.5545,NA,NA,NA,NA,NA,NA,NA,Nicholas Hagen,1996-08-02,Guatemala,Columbus Crew,100340,USD,2026-08-18 13:58:58.325541
gpMOalORqz,NPqxKXZ59d,2024,mls,7,0,0,0,W,NA,0.7134,0.0069,0,0.0105,-0.0057,0.0021,0,0,Nick Scardina,2001-06-22,USA,Charlotte FC,71401,USD,2026-08-18 13:58:58.325541
gpMOalwDqz,19vQ2095K6,2024,mls,1792,0.9575,22,1,DM,NA,10.2499,2.1572,1.0052,0.22,-0.0013,0.5543,0.4029,-0.0239,Ian Harkes,1995-03-30,USA,New England Revolution,286583,USD,2026-08-18 13:58:58.325541
gpMOe7GOqz,kaDQ0wRqEv,2024,mls,953,0.0576,1,0,CB,NA,5.7451,1.0499999999999998,0.4634,0.5942,-0.0212,0.0518,0.0505,-0.0887,Emiro Garcés,2001-10-11,Colombia,LA Galaxy,238000,USD,2026-08-18 13:58:58.325541
gpMOeEDEqz,kaDQ0wRqEv,2024,mls,19,0,0,0,ST,NA,0.368,-0.0172,0,-0.004,-0.0259,0.0127,0,0,Rubén Ramos Jr.,2007-01-22,USA,LA Galaxy,NA,NA,2026-08-18 13:58:58.325541
gpMOeEnOqz,a2lqR4JMr0,2024,mls,19,0,0,0,ST,NA,0.2649,0.0374,0.0206,0.0067,0.0039,0.0056,0,6e-4,Zavier Gozo,2007-03-22,USA,Real Salt Lake,84124,USD,2026-08-18 13:58:58.325541
gpMOeGdrqz,WBLMvYAQxe,2024,mls,2210,3.6875,38,6,W,NA,-29.3138,4.8139,1.4888,-0.9526,-0.3481,3.2894,0.9886,0.3478,Antony,2001-09-08,Brazil,Portland Timbers FC,490042,USD,2026-08-18 13:58:58.325541
gpMOeWWRqz,APk5LGOMOW,2024,mls,983,4.9625,27,2,AM,NA,-11.9399,2.3041,0.3895,-0.8017,0.2921,1.4764,0.663,0.2848,Jules-Anthony Vilsaint,2003-01-06,Canada,CF Montréal,96591,USD,2026-08-18 13:58:58.325541
gpMOoN8OMz,NWMWlBK5lz,2024,mls,504,0.9819,7,0,ST,NA,-1.057,0.5617,0.3834,-0.6248,-0.0033,0.5744,0.1041,0.1279,Nicholas Gioacchini,2000-07-25,USA,FC Cincinnati,2206115,USD,2026-08-18 13:58:58.325541
gpMOoO8rMz,Z2vQ1xlqrA,2024,mls,603,0,0,0,GK,NA,-7.2171,NA,NA,NA,NA,NA,NA,NA,John Pulskamp,2001-04-19,USA,Sporting Kansas City,223500,USD,2026-08-18 13:58:58.325541
gpMOoOERMz,vzqoOgNqap,2024,mls,250,0,0,0,FB,NA,2.7288,0.20879999999999999,0.1835,0.0304,-0.0398,0.0506,0,-0.0159,Julian Gaines,2002-11-05,USA,Nashville SC,71401,USD,2026-08-18 13:58:58.325541
gpMOoOjEMz,Vj58weDM8n,2024,mls,1243,0.5269,9,0,CB,NA,8.6539,1.6724,0.7275,0.4763,-0.0177,0.3539,0.1592,-0.0268,Justin Haak,2001-09-12,USA,New York City FC,165000,USD,2026-08-18 13:58:58.325541
gpMOoOpOMz,APk5LGOMOW,2024,mls,2465,2.5091,34,3,AM,NA,-15.7349,3.2973,0.6552,0.4741,-0.155,1.4726,0.747,0.1034,Bryce Duke,2001-02-28,USA,CF Montréal,406875,USD,2026-08-18 13:58:58.325541
gpMOoor7Mz,jYQJ8EW5GR,2024,mls,214,0,0,0,DM,NA,2.9841,0.3264,0.1567,0.0765,0.031,0.0631,0,-9e-4,Jeorgio Kocevski,2002-08-02,USA,Orlando City SC,71401,USD,2026-08-18 13:58:58.325541
gpMOopORMz,0KPqjA456v,2024,mls,1983,3.2272,44,6,AM,NA,-19.7114,4.3003,1.3894,1.2007,-0.5388,1.1261,0.9078,0.2151,Hernán López,2000-09-07,Argentina,San Jose Earthquakes,1020000,USD,2026-08-18 13:58:58.325541
gpMOz1KyQz,gpMOLwl5zy,2024,mls,2097,4.1644,39,4,ST,NA,-10.1634,4.095,0.7573,-0.3953,-1.1461,3.2921,0.9666,0.6204,Diego Rubio,1993-05-15,Chile,Austin FC,390000,USD,2026-08-18 13:58:58.325541
gpMOzy4nQz,9z5k7Yg5A3,2024,mls,1100,0.8992,12,0,CB,NA,-6.2862,2.5811,1.369,0.6123,-0.0608,0.5463,0.1755,-0.0612,Damion Lowe,1993-05-05,USA,Philadelphia Union,343333,USD,2026-08-18 13:58:58.325541
jYQJ1GRWqG,0KPqjA456v,2024,mls,2175,0.4414,18,0,DM,NA,11.8224,1.3319,1.223,0.2488,-0.0958,0.1338,0.2369,-0.4148,Carlos Gruezo,1995-04-19,Ecuador,San Jose Earthquakes,1681086,USD,2026-08-18 13:58:58.325541
jYQJB7wVQG,pzeQZ6xQKw,2024,mls,2896,6.7827,69,9,DM,NA,36.7969,7.7914,1.019,1.6162,1.158,2.3818,1.6283,-0.0119,Cole Bassett,2001-07-28,USA,Colorado Rapids,850000,USD,2026-08-18 13:58:58.325541
jYQJBvJGQG,jYQJ19EqGR,2024,mls,697,1.0698,6,1,CB,NA,3.9349,1.0858999999999999,0.3429,0.3747,0.0611,0.0955,0.2572,-0.0455,Jon Bell,1997-08-26,USA,Seattle Sounders FC,100444,USD,2026-08-18 13:58:58.325541
jYQJYXLkqG,9z5k7Yg5A3,2024,mls,1633,0,0,0,GK,NA,-1.677,NA,NA,NA,NA,NA,NA,NA,Oliver Semmle,1998-03-28,Germany,Philadelphia Union,106040,USD,2026-08-18 13:58:58.325541
jYQJYXpPqG,kRQabn8MKZ,2024,mls,1204,1.0247,14,2,FB,NA,-19.3088,2.113,0.4859,0.1606,0.2919,0.7662,0.3183,0.0901,Tyrese Spicer,2000-12-04,Trinidad & Tobago,Toronto FC,73901,USD,2026-08-18 13:58:58.325541
jYQJa30DqG,kRQand1MKZ,2024,mls,2980,2.6738,40,1,FB,NA,-15.4768,6.5639,2.9232,1.3264,0.5518,1.0169,0.8815,-0.1359,Joseph Rosales,2000-11-06,Honduras,Minnesota United FC,138690,USD,2026-08-18 13:58:58.325541
jYQJa6EZqG,X0Oq66zq6D,2024,mls,2377,1.4409,18,1,FB,NA,-6.3726,2.575,1.0126,0.948,-0.2628,0.8836,0.3708,-0.3772,Allan Arigoni,1998-11-04,Switzerland,Chicago Fire FC,472000,USD,2026-08-18 13:58:58.325541
jYQJaDnDqG,zeQZkL1MKw,2024,mls,326,1.0296,5,2,W,NA,-10.4813,1.5137,0.2282,-0.3329,0.5679,0.5935,0.192,0.265,Leo Afonso,2001-07-13,Brazil,Inter Miami CF,71401,USD,2026-08-18 13:58:58.325541
jYQJaaBdqG,9z5k7Yg5A3,2024,mls,2613,1.9689,52,4,CM,NA,77.4847,5.9585,1.6321,2.0598,0.608,0.577,1.0215,0.0601,Jack McGlynn,2003-07-07,USA,Philadelphia Union,226533,USD,2026-08-18 13:58:58.325541
jYQJamlEqG,kRQand1MKZ,2024,mls,2428,9.9477,55,11,W,NA,-8.8297,6.6743999999999994,1.4082,-0.9973,-0.2821,4.6857,1.8501,0.0098,Bongokuhle Hlongwane,2000-06-20,South Africa,Minnesota United FC,655000,USD,2026-08-18 13:58:58.325541
jYQJanvVqG,a2lqRX2Mr0,2024,mls,3346,0.319,11,0,CM,NA,7.947,3.4602,1.1702,1.4233,0.3345,0.3886,0.1987,-0.0551,Daniel Edelman,2003-04-28,USA,New York Red Bulls,385000,USD,2026-08-18 13:58:58.325541
jYQJgEJdMG,9z5k7Yg5A3,2024,mls,19,0.0432,2,0,AM,NA,1.2104,0.1047,0.0283,0.0157,0.0247,0.0039,0.0324,-3e-4,Cavan Sullivan,2009-09-28,USA,Philadelphia Union,364000,USD,2026-08-18 13:58:58.325541
jYQJgRXGMG,NPqxKXZ59d,2024,mls,512,0.0795,3,0,FB,NA,-14.8938,0.578,0.1427,0.2032,0.0418,0.0785,0.0592,0.0526,João Pedro,2003-03-14,Brazil,Charlotte FC,101311,USD,2026-08-18 13:58:58.325541
jYQJz0RGQG,zeQZkL1MKw,2024,mls,98,0,0,0,GK,NA,1.7591,NA,NA,NA,NA,NA,NA,NA,CJ dos Santos,2000-08-24,USA,Inter Miami CF,95016,USD,2026-08-18 13:58:58.325541
jYQJz3rWQG,YgOMngl5wN,2024,mls,330,0,0,0,GK,NA,0.6722,NA,NA,NA,NA,NA,NA,NA,Andrew Tarbell,1993-10-07,USA,Houston Dynamo FC,280000,USD,2026-08-18 13:58:58.325541
jYQJzWGyQG,NWMWlBK5lz,2024,mls,2831,0.9775,10,1,CB,NA,40.6408,5.9701,2.4674,2.6048,0.3895,0.4883,0.2612,-0.2411,Miles Robinson,1997-03-14,USA,FC Cincinnati,1578580,USD,2026-08-18 13:58:58.325541
jYQJzmgEQG,mvzqoLZQap,2024,mls,1731,2.7578,16,4,AM,NA,33.9332,3.6043,0.5447,0.4145,0.8177,1.1593,0.5681,0.1,Alexandru Matan,1999-08-29,Romania,Columbus Crew,483250,USD,2026-08-18 13:58:58.325541
jYQJznnkQG,wvq9B9wQWn,2024,mls,2577,1.4927,27,1,DM,NA,-2.725,4.343999999999999,2.32,0.8215,-0.1306,0.6801,0.6324,0.0206,Chris Durkin,2000-02-08,USA,St. Louis City SC,495000,USD,2026-08-18 13:58:58.325541
jYQJznrBQG,kRQabn8MKZ,2024,mls,2074,10.3489,46,9,ST,NA,-32.5937,4.367100000000001,0.2789,-1.3777,-1.1157,4.9107,1.3472,0.3237,Prince Owusu,1997-01-07,Germany,Toronto FC,807500,USD,2026-08-18 13:58:58.325541
jYQJzpAkQG,NPqxKXZ59d,2024,mls,2203,2.4788,23,1,AM,NA,-21.5313,2.6597999999999997,0.9757,-0.4472,0.0072,1.7204,0.4856,-0.0819,Brandt Bronico,1995-06-20,USA,Charlotte FC,389000,USD,2026-08-18 13:58:58.325541
jYQJzy1EQG,jYQJ19EqGR,2024,mls,105,0.3711,1,1,W,NA,-0.4257,0.3519,0.1211,0,-0.0026,0.1784,0.0624,-0.0074,Dylan Teves,2000-05-14,USA,Seattle Sounders FC,89716,USD,2026-08-18 13:58:58.325541
kRQa207YMK,mKAqBBmqbg,2024,mls,10,0,0,0,CM,NA,-0.2256,-0.0519,-0.0137,-0.0148,-0.024,6e-4,0,0,Paxton Pomykal,1999-12-17,USA,FC Dallas,1058000,USD,2026-08-18 13:58:58.325541
kRQa22abMK,NPqxKXZ59d,2024,mls,225,0.1238,2,0,CB,NA,-7.346,0.6347,0.2127,0.2695,0.0322,0.0385,0.0822,-4e-4,Bill Tuiloma,1995-03-27,New Zealand,Charlotte FC,484938,USD,2026-08-18 13:58:58.325541
kRQa22wjMK,jYQJ8EW5GR,2024,mls,3502,0,0,0,GK,NA,26.7667,NA,NA,NA,NA,NA,NA,NA,Pedro Gallese,1990-02-23,Peru,Orlando City SC,1089333,USD,2026-08-18 13:58:58.325541
kRQa2AvjMK,WBLMvYAQxe,2024,mls,2876,11.5227,100,15,AM,NA,14.0323,10.4475,1.2627,3.5452,-0.056,3.1508,2.1412,0.4036,Evander,1998-06-09,Brazil,Portland Timbers FC,2355000,USD,2026-08-18 13:58:58.325541
kRQa2L2LMK,NWMWlBK5lz,2024,mls,104,0,0,0,GK,NA,-1.1348,NA,NA,NA,NA,NA,NA,NA,Evan Louro,1996-01-19,USA,FC Cincinnati,94716,USD,2026-08-18 13:58:58.325541
kRQa2LebMK,kRQand1MKZ,2024,mls,2961,0,0,0,GK,NA,-30.4484,NA,NA,NA,NA,NA,NA,NA,Dayne St. Clair,1997-05-09,Canada,Minnesota United FC,481875,USD,2026-08-18 13:58:58.325541
kRQa2j0LMK,jYQJ8EW5GR,2024,mls,1453,0.303,5,0,FB,NA,21.024,1.5755,1.2252,0.5618,-0.4661,0.4478,0.0781,-0.2713,Kyle Smith,1992-01-09,USA,Orlando City SC,305900,USD,2026-08-18 13:58:58.325541
kRQabvYbMK,vzqoOgNqap,2024,mls,2155,1.6095,16,1,CB,NA,41.0381,5.561999999999999,3.0298,1.1901,0.436,0.4669,0.2358,0.2034,Walker Zimmerman,1993-05-19,USA,Nashville SC,3456979,USD,2026-08-18 13:58:58.325541
kRQabyN8MK,WBLMvYAQxe,2024,mls,2811,13.7683,98,16,W,NA,-9.2934,10.482099999999999,0.7619,-0.5288,0.5541,6.468,2.8941,0.3328,Jonathan Rodríguez,1993-07-06,Uruguay,Portland Timbers FC,2627500,USD,2026-08-18 13:58:58.325541
kRQabyPjMK,WBLMvYAQxe,2024,mls,1881,0.7013,9,0,CB,NA,15.6597,2.0938,0.6794,0.9805,0.1358,0.3516,0.2151,-0.2686,Miguel Araujo,1994-10-24,Peru,Portland Timbers FC,705313,USD,2026-08-18 13:58:58.325541
kRQaerljQK,jYQJ8EW5GR,2024,mls,330,2.2673,6,2,ST,NA,-3.6516,0.7911,0.0782,-0.3937,-0.2342,1.1186,0.2207,0.0015,Jack Lynn,2000-01-12,USA,Orlando City SC,89716,USD,2026-08-18 13:58:58.325541
kRQao63j5K,NWMWlBK5lz,2024,mls,20,0,0,0,CB,NA,-0.0801,0.004,0.004,8e-4,0.0017,-1e-4,0,-0.0024,London Aghedo,2000-05-31,USA,FC Cincinnati,71401,USD,2026-08-18 13:58:58.325541
kRQaoNZj5K,kaDQ0wRqEv,2024,mls,1014,2.242,11,2,ST,NA,-3.5314,2.2117,0.3356,-0.2582,-0.2656,2.005,0.4147,-0.0198,Miguel Berry,1997-09-16,Spain,LA Galaxy,181675,USD,2026-08-18 13:58:58.325541
kRQaoRPO5K,lgpMOvnQzy,2024,mls,107,0,0,0,GK,NA,-2.8495,NA,NA,NA,NA,NA,NA,NA,Isaac Boehmer,2001-11-20,USA,Vancouver Whitecaps FC,89716,USD,2026-08-18 13:58:58.325541
kRQaoj6O5K,19vQ2095K6,2024,mls,1047,1.4858,28,1,W,NA,7.1551,1.7525,0.513,-0.1455,0.1317,0.6141,0.6402,-0.001,Dylan Borrero,2002-01-05,Colombia,New England Revolution,663962,USD,2026-08-18 13:58:58.325541
kRQaonbo5K,mvzqoLZQap,2024,mls,2974,0,0,0,GK,NA,4.251,NA,NA,NA,NA,NA,NA,NA,Patrick Schulte,2001-03-13,USA,Columbus Crew,160603,USD,2026-08-18 13:58:58.325541
kRQaopnY5K,EKXMeX3Q64,2024,mls,138,0.3734,2,1,FB,NA,-0.408,0.0956,-0.077,0.0508,-0.047,0.1085,0.0608,-5e-4,David Schnegg,1998-09-29,Austria,D.C. United,506250,USD,2026-08-18 13:58:58.325541
kRQaor8O5K,X0Oq66zq6D,2024,mls,1018,3.5221,25,2,ST,NA,-7.4967,3.9221999999999997,0.3253,-0.6618,1.1056,2.0683,0.7946,0.2902,Georgios Koutsias,2004-02-08,Greece,Chicago Fire FC,470800,USD,2026-08-18 13:58:58.325541
kRQaovVo5K,kaDQ0wRqEv,2024,mls,3565,19.0992,143,19,W,NA,53.3405,15.7355,1.3369,-0.1389,4.4964,5.8097,3.9112,0.3202,Gabriel Pec,2001-02-11,Brazil,LA Galaxy,2459000,USD,2026-08-18 13:58:58.325541
ljqE20nYQx,YgOMngl5wN,2024,mls,2524,4.9856,44,4,ST,NA,-2.4286,3.8117,1.0015,-0.465,0.1825,1.8642,1.1756,0.0529,Sebastian Kowalczyk,1998-08-22,Poland,Houston Dynamo FC,530618,USD,2026-08-18 13:58:58.325541
ljqE2EWkQx,WBLMvYAQxe,2024,mls,1562,0.3907,10,0,DM,NA,-14.1473,2.2809,1.9722,-0.0924,-0.1593,0.4117,0.2173,-0.0686,Cristhian Paredes,1998-05-18,Paraguay,Portland Timbers FC,678000,USD,2026-08-18 13:58:58.325541
ljqE2PwVQx,Z2vQ1xlqrA,2024,mls,1789,1.193,30,2,CM,NA,14.6472,3.4394,1.1712,1.0396,-0.0869,0.4569,0.5515,0.3071,Memo Rodríguez,1995-12-27,USA,Sporting Kansas City,100682,USD,2026-08-18 13:58:58.325541
ljqE2VkOQx,NWMWlBK5lz,2024,mls,3370,12.0152,92,14,AM,NA,35.6431,14.8666,1.9652,3.7151,3.7137,2.9618,2.1316,0.3792,Luciano Acosta,1994-05-31,Argentina,FC Cincinnati,4216413,USD,2026-08-18 13:58:58.325541
ljqE2ekNQx,gpMOLwl5zy,2024,mls,619,0.1508,3,0,FB,NA,6.8455,0.03319999999999999,0.2085,-0.3419,0.0043,0.1377,0.0389,-0.0143,Žan Kolmanič,2000-03-03,Slovenia,Austin FC,350000,USD,2026-08-18 13:58:58.325541
ljqE2vBzQx,kaDQ0wRqEv,2024,mls,1813,0.2473,4,1,FB,NA,23.172,1.0311000000000001,0.1259,0.4968,-0.0225,0.2746,0.1303,0.026,John Nelson,1998-07-11,USA,LA Galaxy,291667,USD,2026-08-18 13:58:58.325541
ljqEJGGOQx,zeQZkL1MKw,2024,mls,1531,0.6352,11,2,CM,NA,20.7478,2.8347,1.4008,0.545,0.2905,0.4924,0.1937,-0.0877,Federico Redondo,2003-01-18,Argentina,Inter Miami CF,255000,USD,2026-08-18 13:58:58.325541
ljqEJWxzQx,a2lqR4JMr0,2024,mls,691,1.3388,8,1,W,NA,-3.8782,1.3933,0.1825,-0.07,0.3102,0.6853,0.2639,0.0214,Dominik Marczuk,2003-11-01,Poland,Real Salt Lake,675500,USD,2026-08-18 13:58:58.325541
ljqEL4wo5x,NWMWlBK5lz,2024,mls,1147,1.182,20,1,ST,NA,7.0909,2.377,0.7224,-0.181,-0.0893,1.1858,0.3686,0.3705,Gerardo Valenzuela,2004-09-28,USA,FC Cincinnati,88943,USD,2026-08-18 13:58:58.325541
ljqELmeo5x,0KPqjA456v,2024,mls,433,1.083,10,1,ST,NA,-1.9086,0.7137,-0.1395,-0.25,-0.0422,0.9709,0.1855,-0.011,Ousseni Bouda,2000-04-28,Burkina Faso,San Jose Earthquakes,127500,USD,2026-08-18 13:58:58.325541
ljqEVeEoQx,jYQJ8EW5GR,2024,mls,3107,1.0545,17,1,CB,NA,46.0001,4.9992,2.2953,1.7943,0.2012,0.5581,0.5043,-0.354,Rodrigo Schlegel,1997-04-03,Argentina,Orlando City SC,399250,USD,2026-08-18 13:58:58.325541
ljqEj6gkQx,Z2vQ1xlqrA,2024,mls,2122,1.5641,10,2,CB,NA,13.9967,2.6732,0.9826,0.7965,0.0232,0.6241,0.3365,-0.0897,Dany Rosero,1993-10-06,Colombia,Sporting Kansas City,510000,USD,2026-08-18 13:58:58.325541
ljqEj8WNQx,19vQ2095K6,2024,mls,633,0.1186,2,0,FB,NA,2.8039,0.47039999999999993,0.6031,0.01,-0.0122,0.092,0.0434,-0.2659,Andrew Farrell,1992-04-02,USA,New England Revolution,683750,USD,2026-08-18 13:58:58.325541
ljqEjLaEQx,kaDQ0wRqEv,2024,mls,1970,3.3225,27,4,W,NA,25.8181,4.1400999999999994,0.7333,0.1636,0.3218,1.7948,0.827,0.2996,Diego Fagundez,1995-02-14,Uruguay,LA Galaxy,1310000,USD,2026-08-18 13:58:58.325541
ljqEjOZEQx,EKXMeX3Q64,2024,mls,2997,0,0,0,GK,NA,92.1794,NA,NA,NA,NA,NA,NA,NA,Alex Bono,1994-04-25,USA,D.C. United,220000,USD,2026-08-18 13:58:58.325541
ljqEjOpzQx,pzeQZ6xQKw,2024,mls,3561,0,0,0,GK,NA,-13.9484,NA,NA,NA,NA,NA,NA,NA,Zack Steffen,1995-04-02,USA,Colorado Rapids,900000,USD,2026-08-18 13:58:58.325541
ljqEjV8oQx,NPqxKXZ59d,2024,mls,3477,0.153,5,0,FB,NA,10.0236,3.3184,1.1901,1.2481,0.6748,0.2225,0.0611,-0.0782,Nathan Byrne,1992-06-05,England,Charlotte FC,607833,USD,2026-08-18 13:58:58.325541
odMX70VAQY,pzeQZ6xQKw,2024,mls,1753,4.5003,25,3,W,NA,4.9221,4.0971,0.3595,-0.7213,0.7859,2.4569,0.8291,0.387,Calvin Harris,2000-03-20,England,Colorado Rapids,127000,USD,2026-08-18 13:58:58.325541
odMX70eoQY,NWMWlBK5lz,2024,mls,611,0.8708,8,0,FB,NA,5.9781,1.2478,0.5658,-0.1202,0.1065,0.562,0.2071,-0.0734,Bret Halsey,2000-06-01,USA,FC Cincinnati,98466,USD,2026-08-18 13:58:58.325541
odMX7XZoQY,WBLMvYAQxe,2024,mls,988,0.1761,2,0,CB,NA,0.1556,0.7487,0.3413,0.3794,-0.2378,0.2072,0.0803,-0.0217,Zac McGraw,1997-06-08,USA,Portland Timbers FC,196750,USD,2026-08-18 13:58:58.325541
odMX7aKWQY,Z2vQ1xlqrA,2024,mls,322,0.534,3,1,W,NA,0.7065,0.18430000000000002,0.1443,-0.1918,-0.1636,0.3044,0.0994,-0.0084,Marinos Tzionis,2001-07-16,Cyprus,Sporting Kansas City,625000,USD,2026-08-18 13:58:58.325541
odMX8xmrMY,mKAqBBmqbg,2024,mls,3167,1.294,11,2,CB,NA,15.4211,4.1531,2.3071,1.2146,0.0102,0.9091,0.2833,-0.5712,Sebastien Ibeagha,1992-01-21,USA,FC Dallas,683625,USD,2026-08-18 13:58:58.325541
odMXE64e5Y,kRQand1MKZ,2024,mls,16,0,0,0,W,NA,-0.48,0.008,0,0.0025,0,0.0054,0,1e-4,Kage Romanshyn Jr,2005-06-19,USA,Minnesota United FC,NA,NA,2026-08-18 13:58:58.325541
odMXEAde5Y,pzeQZ6xQKw,2024,mls,102,0,0,0,GK,NA,0.786,NA,NA,NA,NA,NA,NA,NA,Adam Beaudry,2006-04-18,USA,Colorado Rapids,75568,USD,2026-08-18 13:58:58.325541
odMXEax05Y,kRQand1MKZ,2024,mls,476,0.6135,8,1,CM,NA,-4.8964,0.7069,0.305,0.0062,-0.042,0.1338,0.0936,0.2103,Alejandro Bran,2001-03-05,Costa Rica,Minnesota United FC,125000,USD,2026-08-18 13:58:58.325541
odMXEazG5Y,19vQ2095K6,2024,mls,2192,3.3662,46,3,W,NA,-4.1451,4.4686,0.8408,0.2432,0.8255,1.2963,1.2587,0.0041,Esmir Bajraktarevic,2005-03-10,USA,New England Revolution,120923,USD,2026-08-18 13:58:58.325541
odMXGL8JQY,mKAqBBmqbg,2024,mls,1455,3.9379,37,4,ST,NA,-3.6273,2.9154,0.3279,0.0624,-0.2619,1.8883,1.0003,-0.1016,Logan Farrington,2001-12-14,USA,FC Dallas,71401,USD,2026-08-18 13:58:58.325541
odMXR02JqY,kRQand1MKZ,2024,mls,1669,0.684,11,0,FB,NA,13.1662,1.6954,0.8772,0.6492,0.1602,0.4938,0.3197,-0.8047,DJ Taylor,1997-08-26,USA,Minnesota United FC,220233,USD,2026-08-18 13:58:58.325541
odMXR6GGqY,X0Oq66zq6D,2024,mls,1304,0.726,6,1,FB,NA,-5.9024,1.2993000000000001,1.5277,-0.264,-0.0473,0.1599,0.2012,-0.2782,Jonathan Dean,1997-05-15,USA,Chicago Fire FC,123167,USD,2026-08-18 13:58:58.325541
odMXRLKWqY,WBLMvYAQxe,2024,mls,1837,0.3713,10,0,FB,NA,0.3386,3.4611,1.642,1.2333,0.4962,0.1416,0.2757,-0.3277,Claudio Bravo,1997-03-13,Argentina,Portland Timbers FC,381654,USD,2026-08-18 13:58:58.325541
odMXRO3xqY,pzeQZ6xQKw,2024,mls,1608,0.5891,6,0,CB,NA,10.5253,0.7546999999999999,0.1622,0.6011,-0.0861,0.248,0.0769,-0.2474,Lalas Abubakar,1994-12-25,Ghana,Colorado Rapids,702125,USD,2026-08-18 13:58:58.325541
odMXRPDGqY,a2lqRX2Mr0,2024,mls,2691,8.9042,60,6,ST,NA,-31.3534,6.759600000000001,1.0581,-0.9827,-0.4605,5.4842,1.6311,0.0294,Dante Vanzeir,1998-04-16,Belgium,New York Red Bulls,1489767,USD,2026-08-18 13:58:58.325541
odMXRoXoqY,Vj58weDM8n,2024,mls,3827,0,0,0,GK,NA,-33.0296,NA,NA,NA,NA,NA,NA,NA,Matt Freese,1998-09-02,USA,New York City FC,270000,USD,2026-08-18 13:58:58.325541
odMXRxV2qY,eVq3ya6MWO,2024,mls,3484,23.9006,167,21,W,NA,-20.7044,14.7851,2.0794,-0.0975,1.8206,5.9794,3.6679,1.3353,Dénis Bouanga,1994-11-11,Gabon,Los Angeles FC,3609500,USD,2026-08-18 13:58:58.325541
odMXRxZJqY,Vj58weDM8n,2024,mls,3338,0.8631,12,1,DM,NA,31.2603,6.542400000000001,3.4626,2.3117,0.2063,0.6811,0.223,-0.3423,James Sands,2000-07-06,USA,New York City FC,1058333,USD,2026-08-18 13:58:58.325541
odMXp3AMYL,kRQand1MKZ,2024,mls,1088,3.8145,39,4,ST,NA,-9.5456,2.8761,0.3341,-0.3226,-0.8577,2.398,1.2902,0.0341,Teemu Pukki,1990-03-29,Finland,Minnesota United FC,3550000,USD,2026-08-18 13:58:58.325541
odMXrvAqYL,YgOMngl5wN,2024,mls,2921,2.2271,42,1,CB,NA,-4.9293,5.4208,2.2664,0.9925,-0.1593,1.331,0.9868,0.0034,Erik Sviatchenko,1991-10-04,Denmark,Houston Dynamo FC,824996,USD,2026-08-18 13:58:58.325541
p6qb3zlDQ0,lgpMOvnQzy,2024,mls,50,0.175,2,0,FB,NA,-0.2899,0.0298,0.0318,-0.0935,0.0344,0.0416,0.0129,0.0026,Nicolas Fleuriau Chateau,2002-05-21,Canada,Vancouver Whitecaps FC,71401,USD,2026-08-18 13:58:58.325541
p6qbOD1bQ0,eVq3ya6MWO,2024,mls,1572,0.8665,12,0,CB,NA,15.9426,2.0850999999999997,0.948,0.8395,-0.4298,0.506,0.3384,-0.117,Eddie Segura,1997-02-02,Colombia,Los Angeles FC,250000,USD,2026-08-18 13:58:58.325541
p6qbON3aQ0,zeQZkL1MKw,2024,mls,876,0.0335,2,0,FB,NA,-0.3543,1.0624,0.5455,0.2079,0.1087,0.1704,0.0334,-0.0035,Franco Negri,1995-02-20,Argentina,Inter Miami CF,342500,USD,2026-08-18 13:58:58.325541
p6qbOOL8Q0,mKAqBBmqbg,2024,mls,533,1.201,13,1,AM,NA,-1.0266,1.0703,0.1476,-0.1888,0.0973,0.8119,0.2301,-0.0278,Eugene Ansah,1994-12-16,Ghana,FC Dallas,702833,USD,2026-08-18 13:58:58.325541
p6qbOeRXQ0,jYQJ19EqGR,2024,mls,3376,13.4151,71,14,ST,NA,5.0029,11.508600000000001,0.5211,-1.3612,0.914,8.5432,2.195,0.6965,Jordan Morris,1994-10-26,USA,Seattle Sounders FC,1693750,USD,2026-08-18 13:58:58.325541
p6qbOkywQ0,a2lqR4JMr0,2024,mls,194,0.4208,8,0,AM,NA,-3.8852,0.3464,0.0347,0.0688,-0.0695,0.1748,0.1588,-0.0212,Pablo Ruiz,1998-12-20,Argentina,Real Salt Lake,911500,USD,2026-08-18 13:58:58.325541
p6qbOnb8Q0,KAqBN0Vqbg,2024,mls,3243,12.0473,92,10,W,NA,-20.4023,10.6187,1.4741,-1.1715,1.4789,5.6457,2.7556,0.4359,Saba Lobjanidze,1994-12-18,Georgia,Atlanta United FC,998750,USD,2026-08-18 13:58:58.325541
p6qbe1xw50,NPqxKXZ59d,2024,mls,2408,0.432,8,0,FB,NA,12.3927,1.6528,1.1144,0.1488,0.0069,0.2161,0.1521,0.0145,Jere Uronen,1994-07-13,Finland,Charlotte FC,572813,USD,2026-08-18 13:58:58.325541
p6qbe72X50,lgpMOvnQzy,2024,mls,2228,2.0085,35,1,CM,NA,37.0253,3.0593000000000004,1.2355,-0.2183,0.1069,0.9574,0.805,0.1728,Alessandro Schöpf,1994-02-07,Austria,Vancouver Whitecaps FC,992500,USD,2026-08-18 13:58:58.325541
p6qbeEd350,gpMOLwl5zy,2024,mls,3472,0,0,0,GK,NA,23.8024,NA,NA,NA,NA,NA,NA,NA,Brad Stuver,1991-04-16,USA,Austin FC,481813,USD,2026-08-18 13:58:58.325541
p6qbeLpB50,NPqxKXZ59d,2024,mls,1063,0.7024,10,1,W,NA,-4.8952,1.1178,0.2742,-0.0193,-0.2496,0.9366,0.1843,-0.0084,Brecht Dejaegere,1991-05-29,Belgium,Charlotte FC,1179375,USD,2026-08-18 13:58:58.325541
p6qbeZ1p50,kRQand1MKZ,2024,mls,2933,4.9901,44,7,CM,NA,25.0393,9.1967,1.9792,3.8449,0.3805,1.7245,1.197,0.0706,Robin Lod,1993-04-17,Finland,Minnesota United FC,1639375,USD,2026-08-18 13:58:58.325541
p6qbekPD50,vzqoOgNqap,2024,mls,1246,2.0855,17,2,W,NA,-4.2028,2.4454,0.4358,0.1009,0.0287,1.2544,0.3865,0.2391,Tyler Boyd,1994-12-30,USA,Nashville SC,775000,USD,2026-08-18 13:58:58.325541
p6qbenoB50,gpMOLwl5zy,2024,mls,955,0.5013,5,1,W,NA,0.2321,0.5296,0.4098,-0.2008,-0.409,0.6492,0.071,0.0094,Ethan Finlay,1990-08-06,USA,Austin FC,306250,USD,2026-08-18 13:58:58.325541
p6qbgGEpQ0,NPqxKXZ59d,2024,mls,2884,5.7937,66,6,W,NA,3.0461,5.6499,1.5436,0.0588,0.0883,2.2412,1.1976,0.5204,Kerwin Vargas,2002-01-02,Colombia,Charlotte FC,437125,USD,2026-08-18 13:58:58.325541
p6qbgbN8Q0,WBLMvYAQxe,2024,mls,13,0,0,0,FB,NA,0.4586,0.0293,0.0059,0.0104,0.0024,1e-4,0,0.0105,Sawyer Jura,2006-03-09,USA,Portland Timbers FC,NA,NA,2026-08-18 13:58:58.325541
p6qbgzx4Q0,pzeQZ6xQKw,2024,mls,473,0.1281,4,0,DM,NA,-0.0298,0.1432,0.1106,-0.0434,-0.031,0.0314,0.092,-0.0164,Jasper Löeffelsend,1997-09-10,NA,Colorado Rapids,255833,USD,2026-08-18 13:58:58.325541
p6qboAn8Q0,NWMWlBK5lz,2024,mls,3173,9.3305,103,11,FB,NA,-18.0021,10.4416,1.6568,1.1048,2.9731,2.4834,2.3238,-0.1003,Luca Orellano,2000-03-22,Argentina,FC Cincinnati,89716,USD,2026-08-18 13:58:58.325541
p6qboGWbQ0,kRQand1MKZ,2024,mls,1496,0.5375,11,0,CB,NA,1.084,3.2319,1.8132,0.5806,0.057,0.2132,0.2305,0.3374,Carlos Harvey,2000-02-03,Panama,Minnesota United FC,81028,USD,2026-08-18 13:58:58.325541
p6qborPBQ0,jYQJ8EW5GR,2024,mls,81,0,0,0,GK,NA,-1.1539,NA,NA,NA,NA,NA,NA,NA,Javier Otero,2002-11-18,Spain,Orlando City SC,71401,USD,2026-08-18 13:58:58.325541
raMy4ylQd2,mKAqBBmqbg,2024,mls,960,0.0976,4,0,CB,NA,23.4268,1.5613,0.7345,0.5607,0.0781,0.1392,0.0944,-0.0456,Omar González,1988-10-11,USA,FC Dallas,114716,USD,2026-08-18 13:58:58.325541
raMyA6KRMd,gpMOLwl5zy,2024,mls,3014,2.3586,16,3,FB,NA,-10.1522,3.8639,1.6423,0.3702,0.4633,1.207,0.398,-0.2169,Jon Gallagher,1996-02-23,Republic of Ireland,Austin FC,375000,USD,2026-08-18 13:58:58.325541
raMyAGEBMd,lgpMOvnQzy,2024,mls,2163,8.8183,52,9,W,NA,4.288,6.577500000000001,1.1021,-0.8225,-0.1612,4.2613,1.5941,0.6037,Fafa Picault,1991-02-23,USA,Vancouver Whitecaps FC,670000,USD,2026-08-18 13:58:58.325541
raMyAW6BMd,APk5LGOMOW,2024,mls,102,0,0,0,GK,NA,-4.7732,NA,NA,NA,NA,NA,NA,NA,Sebastian Breza,1998-03-15,Canada,CF Montréal,89716,USD,2026-08-18 13:58:58.325541
raMyAZR2Md,jYQJ19EqGR,2024,mls,3620,2.0698,38,2,DM,NA,37.5425,8.6996,3.3604,2.0179,0.5044,1.8938,0.8436,0.0795,Cristian Roldan,1995-06-03,USA,Seattle Sounders FC,1541000,USD,2026-08-18 13:58:58.325541
raMyAn8AMd,gpMOLwl5zy,2024,mls,945,0.1865,4,0,CB,NA,10.5409,1.6302,1.0237,0.3779,0.0546,0.1198,0.1018,-0.0476,Leo Väisänen,1997-07-23,Finland,Austin FC,654500,USD,2026-08-18 13:58:58.325541
raMyDodQd2,a2lqR4JMr0,2024,mls,743,0.0788,3,0,FB,NA,14.4732,0.5254,0.3882,0.2437,-0.0246,0.181,0.0353,-0.2982,Bryan Oviedo,1990-02-18,Costa Rica,Real Salt Lake,425826,USD,2026-08-18 13:58:58.325541
raMye0jJMd,EKXMeX3Q64,2024,mls,503,0,0,0,CB,NA,3.2746,-0.10460000000000003,0.3195,-0.2038,0.05,-0.0044,0,-0.2659,Matai Akinmboni,2006-10-17,USA,D.C. United,99216,USD,2026-08-18 13:58:58.325541
raMyeeOAMd,eVq3ya6MWO,2024,mls,81,1.0436,4,1,ST,NA,0.5846,0.3864,-0.0103,-0.1352,0.0625,0.3458,0.1277,-0.0041,Tomás Ángel,2003-02-20,Colombia,Los Angeles FC,368750,USD,2026-08-18 13:58:58.325541
raMyeneJMd,zeQZkL1MKw,2024,mls,390,0.2738,2,0,CB,NA,-2.3669,-0.03870000000000001,0.1926,-0.1107,-0.1523,0.2274,0.0553,-0.251,Ryan Sailor,1998-11-27,USA,Inter Miami CF,89716,USD,2026-08-18 13:58:58.325541
raMyoEVOqd,a2lqRX2Mr0,2024,mls,37,0,0,0,CB,NA,-1.3286,0.046,0.0458,0.0054,-0.0052,0,0,0,Aidan O'Connor,2001-10-07,USA,New York Red Bulls,71401,USD,2026-08-18 13:58:58.325541
raMyr4Ne5d,jYQJ8EW5GR,2024,mls,1376,1.1133,8,1,CB,NA,6.6724,2.4222,0.9632,0.4897,0.176,0.6373,0.163,-0.007,David Brekalo,1998-12-03,Slovenia,Orlando City SC,683000,USD,2026-08-18 13:58:58.325541
raMyrEDR5d,mKAqBBmqbg,2024,mls,1296,1.0831,17,4,CM,NA,-11.1513,1.3410000000000002,1.0898,-0.2694,-0.3785,0.7215,0.3983,-0.2207,Patrickson Delgado,2003-10-17,Ecuador,FC Dallas,176280,USD,2026-08-18 13:58:58.325541
raMyrZKR5d,kRQand1MKZ,2024,mls,163,0,0,0,DM,NA,-0.6699,0.1603,0.16,-0.019,0.0138,0.0064,0,-9e-4,Moses Nyeman,2003-11-05,USA,Minnesota United FC,168822,USD,2026-08-18 13:58:58.325541
raMyrgzB5d,a2lqR4JMr0,2024,mls,1134,0,0,0,GK,NA,-4.0574,NA,NA,NA,NA,NA,NA,NA,Gavin Beavers,2005-04-29,USA,Real Salt Lake,125583,USD,2026-08-18 13:58:58.325541
raMyrrNJ5d,a2lqR4JMr0,2024,mls,1631,0.4335,9,0,FB,NA,13.1019,2.5378000000000003,1.0079,0.934,0.0693,0.3577,0.1513,0.0176,Bode Hidalgo,2002-02-22,USA,Real Salt Lake,129294,USD,2026-08-18 13:58:58.325541
raMyrwkR5d,EKXMeX3Q64,2024,mls,348,0.0745,4,0,CM,NA,-1.2816,0.3349,0.1446,0.0797,0.0475,0.0119,0.0893,-0.0381,Boris Enow,2000-03-30,Cameroon,D.C. United,699795,USD,2026-08-18 13:58:58.325541
raMyyJaAMd,0KPqjA456v,2024,mls,1716,1.5823,10,3,FB,NA,2.1914,3.1599,1.4073,0.5673,-0.1353,1.2933,0.3464,-0.3191,Paul Marie,1995-03-24,France,San Jose Earthquakes,332500,USD,2026-08-18 13:58:58.325541
vzqo70PBqa,vzqoOgNqap,2024,mls,404,0.2938,6,0,DM,NA,12.555,0.5793,0.1837,0.1608,0.0418,0.0608,0.1521,-0.0199,Amar Sejdić,1996-11-29,USA,Nashville SC,89716,USD,2026-08-18 13:58:58.325541
vzqo721jqa,jYQJ8EW5GR,2024,mls,437,0,0,0,GK,NA,5.6365,NA,NA,NA,NA,NA,NA,NA,Mason Stajduhar,1997-12-02,USA,Orlando City SC,157650,USD,2026-08-18 13:58:58.325541
vzqo78BJqa,pzeQZ6xQKw,2024,mls,2034,3.5382,27,2,W,NA,12.4013,3.6317999999999997,1.0742,-0.1986,-0.5368,1.9887,0.6355,0.6688,Omir Fernández,1999-02-08,USA,Colorado Rapids,636875,USD,2026-08-18 13:58:58.325541
vzqo7EpLqa,"c(""wvq9B9wQWn"", ""kRQand1MKZ"")",2024,mls,1563,0.7008,19,0,FB,NA,-5.8388,2.4966,1.1159,0.86,-0.114,0.2611,0.3916,-0.018,Anthony Markanich,1999-12-26,USA,NA,89716,USD,2026-08-18 13:58:58.325541
vzqo7XWpqa,jYQJ19EqGR,2024,mls,3690,1.4638,19,3,CB,NA,86.1273,6.5283,1.916,3.7122,-0.0757,0.7084,0.5661,-0.2987,Jackson Ragen,1998-09-24,USA,Seattle Sounders FC,108261,USD,2026-08-18 13:58:58.325541
vzqo7j8kqa,APk5LGOMOW,2024,mls,1032,5.8055,28,4,ST,NA,-11.2722,3.7944,0.5654,-0.6076,0.5556,2.0341,0.7234,0.5235,Matías Cóccaro,1997-11-15,Uruguay,CF Montréal,888000,USD,2026-08-18 13:58:58.325541
vzqo7jLvqa,jYQJ19EqGR,2024,mls,2737,0.4078,16,0,FB,NA,20.973,3.2805,2.1289,0.4895,0.5741,0.1707,0.3043,-0.387,Nouhou,1997-06-23,Cameroon,Seattle Sounders FC,571875,USD,2026-08-18 13:58:58.325541
vzqo7joZqa,NWMWlBK5lz,2024,mls,508,0.6591,3,0,CB,NA,-0.1944,1.0523,0.4361,0.3505,-0.029,0.2112,0.0854,-0.0019,Teenage Hadebe,1995-09-17,Zimbabwe,FC Cincinnati,854952,USD,2026-08-18 13:58:58.325541
vzqo7mXJqa,jYQJ8EW5GR,2024,mls,3527,5.6316,37,5,W,NA,26.9588,6.8896,1.8829,-0.3479,1.507,2.3849,1.1101,0.3526,Iván Angulo,1999-03-22,Colombia,Orlando City SC,532664,USD,2026-08-18 13:58:58.325541
vzqo7z9vqa,zeQZkL1MKw,2024,mls,214,0.0602,1,0,CM,NA,1.8915,0.21080000000000002,0.1615,-0.0621,0.0302,0.0867,0.0065,-0.012,Lawson Sunderland,2001-11-07,USA,Inter Miami CF,71401,USD,2026-08-18 13:58:58.325541
vzqo7zWLqa,X0Oq66zq6D,2024,mls,2903,11.6156,74,10,ST,NA,-36.3781,6.2266,1.116,-1.4487,-0.7635,5.1317,2.1846,0.0065,Hugo Cuypers,1997-02-07,Belgium,Chicago Fire FC,3528044,USD,2026-08-18 13:58:58.325541
vzqo7zdZqa,pzeQZ6xQKw,2024,mls,2601,1.6334,19,2,DM,NA,14.3138,3.9768,2.1923,0.5085,-0.0443,0.7068,0.4577,0.1558,Oliver Larraz,2001-09-16,USA,Colorado Rapids,105375,USD,2026-08-18 13:58:58.325541
vzqoJ3pj5a,a2lqRX2Mr0,2024,mls,232,0.956,5,2,ST,NA,-1.7879,0.6157,0.0836,0.0563,0.1125,0.2222,0.1511,-0.01,Julian Hall,2008-03-24,USA,New York Red Bulls,182241,USD,2026-08-18 13:58:58.325541
vzqoJLyY5a,mKAqBBmqbg,2024,mls,72,0,0,0,W,NA,-1.6778,0.3019,0.0442,-0.0985,0.0725,0.0121,0,0.2716,Tarik Scott,2005-04-23,USA,FC Dallas,105658,USD,2026-08-18 13:58:58.325541
vzqoJrEk5a,zeQZkL1MKw,2024,mls,1808,3.6265,28,3,W,NA,-4.0973,4.7057,1.3045,0.2164,0.2578,2.1264,0.8478,-0.0472,Diego Gómez,2003-03-27,Paraguay,Inter Miami CF,504167,USD,2026-08-18 13:58:58.325541
vzqod90kQa,Vj58weDM8n,2024,mls,186,0,0,0,FB,NA,3.5331,0.10439999999999999,0.1252,-0.1426,-0.0268,0.0648,0,0.0838,Andres Jasson,2002-01-17,USA,New York City FC,287144,USD,2026-08-18 13:58:58.325541
vzqodDnvQa,APk5LGOMOW,2024,mls,215,0,0,0,CM,NA,1.428,0.06390000000000001,0.0868,-0.0053,-0.0387,0.0273,0,-0.0062,Rida Zouhir,2003-11-23,Canada,CF Montréal,100452,USD,2026-08-18 13:58:58.325541
vzqodXdjQa,0KPqjA456v,2024,mls,45,0,0,0,W,NA,0,-0.0274,-0.0247,0,-0.0171,0.0152,0,-8e-4,Jamar Ricketts,2001-10-24,USA,San Jose Earthquakes,72988,USD,2026-08-18 13:58:58.325541
vzqoddNJQa,EKXMeX3Q64,2024,mls,655,0.6231,4,0,CB,NA,5.5764,1.7678,0.9035,0.0474,0.0488,0.5096,0.0809,0.1776,Garrison Tubbs,2002-02-17,USA,D.C. United,71401,USD,2026-08-18 13:58:58.325541
vzqoddvZQa,mKAqBBmqbg,2024,mls,984,1.4153,20,1,FB,NA,-14.5182,0.5639000000000001,0.2729,-0.3334,-0.2042,0.5089,0.3537,-0.034,Dante Sealy,2003-04-17,USA,FC Dallas,297787,USD,2026-08-18 13:58:58.325541
vzqoddyjQa,APk5LGOMOW,2024,mls,15,0,0,0,FB,NA,-1.791,0.0276,0.0332,-0.0059,0,3e-4,0,0,Ousman Jabang,2001-03-29,USA,CF Montréal,71401,USD,2026-08-18 13:58:58.325541
vzqodgRYQa,APk5LGOMOW,2024,mls,1199,4.4693,32,6,ST,NA,-8.0766,2.9705,0.6721,-0.2686,-0.4555,2.3388,0.6855,-0.0018,Sunusi Ibrahim,2002-10-01,Nigeria,CF Montréal,410000,USD,2026-08-18 13:58:58.325541
vzqodkKBQa,Z2vQ1xlqrA,2024,mls,1416,0.1729,4,0,FB,NA,24.7755,1.6822,0.7865,0.8081,0.1944,0.3232,0.067,-0.497,Zorhan Bassong,1999-05-07,Canada,Sporting Kansas City,99953,USD,2026-08-18 13:58:58.325541
vzqodxN7Qa,mvzqoLZQap,2024,mls,1261,4.5856,36,5,ST,NA,-22.2904,3.0622,0.3488,-0.367,-0.2609,2.2409,1.095,0.0054,Jacen Russell-Rowe,2002-09-13,Canada,Columbus Crew,97105,USD,2026-08-18 13:58:58.325541
vzqorGW75a,kaDQ0wRqEv,2024,mls,1527,1.0762,22,0,DM,NA,34.8079,4.4356,2.075,1.7103,0.2952,0.3906,0.2883,-0.3238,Gastón Brugman,1992-09-07,Uruguay,LA Galaxy,1409000,USD,2026-08-18 13:58:58.325541
vzqorrRk5a,19vQ2095K6,2024,mls,2566,3.6044,48,7,AM,NA,48.1879,8.344899999999999,1.281,3.1218,1.8541,1.1323,0.9548,9e-4,Carles Gil,1992-11-22,Spain,New England Revolution,4452083,USD,2026-08-18 13:58:58.325541
vzqowm7qap,zeQZkL1MKw,2024,mls,1999,14.1111,104,21,W,NA,9.3538,12.7126,0.6523,2.8682,1.6015,3.9559,3.1826,0.4521,Lionel Messi,1987-06-24,Argentina,Inter Miami CF,20446668,USD,2026-08-18 13:58:58.325541
wvq90Ym5Wn,X0Oq66zq6D,2024,mls,820,1.8712,8,2,AM,NA,-4.6232,1.0503,0.1833,0.5748,-0.117,0.3334,0.0788,-0.003,Xherdan Shaqiri,1991-10-10,Switzerland,Chicago Fire FC,8153000,USD,2026-08-18 13:58:58.325541
wvq9XGwN5W,a2lqR4JMr0,2024,mls,2018,8.6804,68,13,W,NA,-1.9713,7.7469,0.8545,0.7229,0.9461,3.0713,2.0901,0.062,Andrés Gómez,2002-09-12,Colombia,Real Salt Lake,282000,USD,2026-08-18 13:58:58.325541
wvq9Xd3l5W,19vQ2095K6,2024,mls,10,0.0642,1,0,W,NA,0.0387,0.0463,0,-0.0017,0.0075,5e-4,0.04,0,Marcos Dias,2001-11-30,Brazil,New England Revolution,NA,NA,2026-08-18 13:58:58.325541
wvq9Xp1B5W,EKXMeX3Q64,2024,mls,1599,4.6693,46,6,W,NA,-16.2404,3.7762999999999995,0.8198,-0.3111,0.5629,1.4163,1.2166,0.0718,Gabriel Pirani,2002-04-12,Brazil,D.C. United,731700,USD,2026-08-18 13:58:58.325541
wvq9XwJ35W,kRQabn8MKZ,2024,mls,913,0,0,0,GK,NA,0.1315,NA,NA,NA,NA,NA,NA,NA,Luka Gavran,2000-05-09,Canada,Toronto FC,74868,USD,2026-08-18 13:58:58.325541
wvq9bOBQWn,jYQJ8EW5GR,2024,mls,455,0.7768,4,0,DM,NA,9.9031,0.4981,0.0633,0.0026,0.0374,0.3638,0.0488,-0.0178,Felipe,1990-09-30,Brazil,Orlando City SC,150000,USD,2026-08-18 13:58:58.325541
wvq9eLBwqW,19vQ2095K6,2024,mls,486,0.8379,9,0,DM,NA,5.4052,1.9579,0.6468,0.7438,0.1908,0.1396,0.2197,0.0172,Alhassan Yusuf,2000-07-18,Nigeria,New England Revolution,895311,USD,2026-08-18 13:58:58.325541
wvq9eWbBqW,kRQabn8MKZ,2024,mls,1133,3.5986,23,3,ST,NA,-10.9547,1.7191,0.2322,-0.5139,-0.4866,1.6666,0.781,0.0398,Deandre Kerr,2002-11-29,Canada,Toronto FC,105319,USD,2026-08-18 13:58:58.325541
wvq9eY8YqW,Z2vQ1xlqrA,2024,mls,1978,0.0303,2,0,CB,NA,15.4255,1.4787,0.9113,0.9359,-0.3898,0.0457,0.0089,-0.0333,Robert Voloder,2001-05-09,Germany,Sporting Kansas City,477860,USD,2026-08-18 13:58:58.325541
wvq9eZdYqW,0KPqjA456v,2024,mls,1391,2.5446,21,3,FB,NA,-5.7747,2.1221,-0.0282,0.0949,0.1227,1.2302,0.6733,0.0292,Benji Kikanović,2000-01-06,USA,San Jose Earthquakes,328700,USD,2026-08-18 13:58:58.325541
wvq9ebLaqW,jYQJ19EqGR,2024,mls,1060,0.2053,5,0,FB,NA,-1.3286,0.8357999999999999,0.8038,-0.0616,-0.2968,0.3349,0.0741,-0.0186,Reed Baker-Whiting,2005-03-31,USA,Seattle Sounders FC,120000,USD,2026-08-18 13:58:58.325541
wvq9ed47qW,wvq9B9wQWn,2024,mls,14,0,0,0,ST,NA,-0.54990000000000006,-0.0072,0,-0.0073,-0.0021,0.0057,0,-0.0035,Brendan McSorley,2002-02-01,USA,St. Louis City SC,NA,NA,2026-08-18 13:58:58.325541
wvq9g7AaMW,"c(""19vQ2095K6"", ""wvq9B9wQWn"")",2024,mls,2481,1.64,13,0,CB,NA,47.1136,4.7993,1.661,2.1106,0.087,0.6213,0.3531,-0.0337,Tim Parker,1993-02-23,USA,NA,1037500,USD,2026-08-18 13:58:58.325541
wvq9gPmNMW,9z5k7Yg5A3,2024,mls,2695,1.4424,19,0,CB,NA,16.5146,6.5589,4.1615,1.9223,0.0175,0.5724,0.4594,-0.5742,Jack Elliott,1995-08-25,England,Philadelphia Union,893750,USD,2026-08-18 13:58:58.325541
wvq9go6aMW,mvzqoLZQap,2024,mls,3076,12.0223,75,12,AM,NA,13.4372,6.4258,0.8454,-1.5118,0.0943,4.4234,2.2056,0.3689,Diego Rossi,1998-03-05,Uruguay,Columbus Crew,3376827,USD,2026-08-18 13:58:58.325541
wvq9gzx1MW,eVq3ya6MWO,2024,mls,2990,0.5825,8,0,FB,NA,22.2565,5.0416,2.5027,1.9709,0.1504,0.488,0.1743,-0.2447,Sergi Palencia,1996-03-23,Spain,Los Angeles FC,557504,USD,2026-08-18 13:58:58.325541
wvq9jYdBQW,Z2vQ1xlqrA,2024,mls,914,3.0084,31,4,W,NA,-10.8559,2.125,0.3882,-0.5712,0.5246,0.8679,0.9016,0.0139,Stephen Afrifa,2001-02-19,Canada,Sporting Kansas City,71401,USD,2026-08-18 13:58:58.325541
wvq9jvANQW,9z5k7Yg5A3,2024,mls,119,0.2178,2,0,CM,NA,-2.7407,0.5092,0.0236,-0.0649,0.3573,0.1403,0.0553,-0.0024,Markus Anderson,2003-12-11,USA,Philadelphia Union,102000,USD,2026-08-18 13:58:58.325541
wvq9opZMWn,zeQZkL1MKw,2024,mls,2867,2.3819,25,5,FB,NA,22.0209,6.7058,2.0007,1.4932,0.0751,2.5313,0.6206,-0.0151,Jordi Alba,1989-03-21,Spain,Inter Miami CF,1500000,USD,2026-08-18 13:58:58.325541
wvq9pAjl5W,eVq3ya6MWO,2024,mls,2893,2.3469,26,2,FB,NA,-3.0978,6.3555,3.591,1.2536,-0.1676,1.1819,0.633,-0.1364,Ryan Hollingshead,1991-04-16,USA,Los Angeles FC,645000,USD,2026-08-18 13:58:58.325541
wvq9wYNMWn,APk5LGOMOW,2024,mls,474,0.0612,2,0,CM,NA,-6.1723,0.48900000000000005,0.4,-0.0262,0.0087,0.0511,0.0596,-0.0042,Victor Wanyama,1991-06-25,Kenya,CF Montréal,1800000,USD,2026-08-18 13:58:58.325541
xW5pbAlQg1,eVq3ya6MWO,2024,mls,1896,1.4544,18,0,CB,NA,17.5364,3.5046,1.3813,1.0831,0.0261,0.7683,0.259,-0.0132,Maxime Chanot,1989-11-21,Luxembourg,Los Angeles FC,220000,USD,2026-08-18 13:58:58.325541
xW5pr6gRQg,a2lqR4JMr0,2024,mls,692,2.2484,17,2,AM,NA,-5.3986,1.8863,0.3805,0.2635,-0.1541,0.7689,0.3737,0.2538,Diogo Gonçalves,1997-02-06,Portugal,Real Salt Lake,1797108,USD,2026-08-18 13:58:58.325541
xW5prAjYQg,kRQabn8MKZ,2024,mls,2096,0.9738,12,1,CB,NA,40.4288,1.5149,0.3243,0.6896,-0.2441,0.446,0.2991,0,Raoul Petretta,1997-03-24,Italy,Toronto FC,906625,USD,2026-08-18 13:58:58.325541
xW5prK4BQg,"c(""APk5LGOMOW"", ""X0Oq66zq6D"")",2024,mls,2279,2.1614,32,3,FB,NA,-8.3997,2.1145,0.8219,-0.4114,-0.1829,1.0394,0.7895,0.058,Ariel Lassiter,1994-09-27,Costa Rica,NA,260280,USD,2026-08-18 13:58:58.325541
xW5prZBdQg,kRQabn8MKZ,2024,mls,194,0,0,0,CB,NA,-1.0585,0.0323,-0.0312,0.055,-0.003,0.0082,0,0.0033,Henry Wingo,1995-10-04,USA,Toronto FC,521031,USD,2026-08-18 13:58:58.325541
xW5prbllQg,YgOMngl5wN,2024,mls,3597,1.3727,35,0,DM,NA,40.1452,5.7208,3.3273,2.2356,-0.0071,0.3565,0.6696,-0.8611,Artur,1996-03-11,Brazil,Houston Dynamo FC,783375,USD,2026-08-18 13:58:58.325541
xW5prl1KQg,EKXMeX3Q64,2024,mls,349,1.3422,8,1,ST,NA,-1.9145,0.7775,0.2113,-0.6487,0.068,0.9101,0.2516,-0.0148,Dominique Badji,1992-10-16,Senegal,D.C. United,124716,USD,2026-08-18 13:58:58.325541
xW5pw0L6Mg,9z5k7Yg5A3,2024,mls,27,0,0,0,CM,NA,0.0972,-0.0034999999999999996,-0.0039,-0.0068,0.0053,0.0058,0,-0.0039,Christopher Olney Jr.,2006-12-16,USA,Philadelphia Union,85066,USD,2026-08-18 13:58:58.325541
xW5pw8KGMg,YgOMngl5wN,2024,mls,53,0.7126,1,1,W,NA,1.4924,0.48640000000000005,0.0047,-0.0071,0.3284,0.0858,0.0762,-0.0016,Lawrence Ennali,2002-03-07,Germany,Houston Dynamo FC,524250,USD,2026-08-18 13:58:58.325541
xW5pwEwGMg,WBLMvYAQxe,2024,mls,106,0,0,0,CB,NA,-2.7337,0.20579999999999998,0.1644,-0.0064,0.0032,0.0501,0,-0.0055,Finn Surman,2003-09-23,New Zealand,Portland Timbers FC,202183,USD,2026-08-18 13:58:58.325541
xW5pxRGB5g,Vj58weDM8n,2024,mls,3600,1.1428,15,1,CB,NA,68.6771,5.8147,2.4072,2.9906,0.1571,0.2004,0.3419,-0.2825,Thiago Martins,1995-03-17,Brazil,New York City FC,2462000,USD,2026-08-18 13:58:58.325541
xW5pxaa95g,eVq3ya6MWO,2024,mls,2088,0.4753,10,0,CB,NA,7.7791,2.2716000000000003,0.8213,1.0862,0.1062,0.2663,0.2154,-0.2238,Jesús Murillo,1994-02-18,Colombia,Los Angeles FC,559500,USD,2026-08-18 13:58:58.325541
xW5pxy3l5g,a2lqR4JMr0,2024,mls,2546,0,0,0,GK,NA,27.4549,NA,NA,NA,NA,NA,NA,NA,Zac MacMath,1991-08-07,USA,Real Salt Lake,350000,USD,2026-08-18 13:58:58.325541
xW5pyAAGqg,mKAqBBmqbg,2024,mls,13,0,0,0,DM,NA,0.283,-0.0073,0,-0.0083,0,0.001,0,0,Anthony Ramirez,2005-12-22,USA,FC Dallas,NA,NA,2026-08-18 13:58:58.325541
xW5pyPEYqg,eVq3ya6MWO,2024,mls,452,0.1422,1,0,CM,NA,5.1117,0.6849,0.5496,-0.0369,-0.1,0.2329,0.0426,-0.0033,Érik Dueñas,2004-10-18,USA,Los Angeles FC,187500,USD,2026-08-18 13:58:58.325541
xW5pygjdqg,kaDQ0wRqEv,2024,mls,1582,0.0537,1,0,CB,NA,41.3983,2.8014,0.9654,1.5873,0.0758,0.0868,0.0103,0.0758,Jalen Neal,2003-08-24,USA,LA Galaxy,178625,USD,2026-08-18 13:58:58.325541
xW5pynPBqg,gpMOLwl5zy,2024,mls,2588,1.5296,20,3,FB,NA,18.4079,3.7275,1.7902,0.8309,-0.026,0.7214,0.4081,0.0029,Guilherme Biro,2000-05-01,Brazil,Austin FC,200000,USD,2026-08-18 13:58:58.325541
xW5pyrwKqg,NWMWlBK5lz,2024,mls,3057,0.5418,14,0,CM,NA,-18.4503,3.413,2.7178,0.3259,0.1425,0.4514,0.2686,-0.4932,Obinna Nwobodo,1996-11-29,Nigeria,FC Cincinnati,1444400,USD,2026-08-18 13:58:58.325541
xW5pyx70qg,kaDQ0wRqEv,2024,mls,56,0,0,0,DM,NA,0.6656,0.06380000000000001,0.0466,0.0131,0.0072,0.0016,0,-0.0047,Tucker Lepley,2002-01-17,USA,LA Galaxy,73087,USD,2026-08-18 13:58:58.325541
xW5pyyaJqg,a2lqR4JMr0,2024,mls,3194,3.1581,36,2,DM,NA,45.976,4.6842,2.4899,0.5543,0.5414,0.8579,0.7874,-0.5467,Braian Ojeda,2000-06-27,Paraguay,Real Salt Lake,658653,USD,2026-08-18 13:58:58.325541
zeQZ7DJzMK,KAqBN0Vqbg,2024,mls,2532,1.9237,28,0,CM,NA,28.8207,2.6971,1.6875,0.174,0.2978,0.56,0.5108,-0.533,Tristan Muyumba,1997-03-07,France,Atlanta United FC,566600,USD,2026-08-18 13:58:58.325541
zeQZJ7YgQK,mvzqoLZQap,2024,mls,2783,0.4481,8,1,CB,NA,28.721800000000002,4.1233,1.8035,2.2559,0.2083,0.226,0.2613,-0.6317,Rudy Camacho,1991-03-05,France,Columbus Crew,551000,USD,2026-08-18 13:58:58.325541
zeQZJX1KQK,kRQand1MKZ,2024,mls,67,0,0,0,FB,NA,0.4983,0.2608,0.2266,0.032,0.0014,8e-4,0,0,Zarek Valentin,1991-08-06,USA,Minnesota United FC,93988,USD,2026-08-18 13:58:58.325541
zeQZJxR1QK,WBLMvYAQxe,2024,mls,1223,0.3397,6,1,FB,NA,-3.4509,0.6970999999999999,0.8664,0.1719,-0.5325,0.0991,0.0985,-0.0063,Eric Miller,1993-01-15,USA,Portland Timbers FC,89716,USD,2026-08-18 13:58:58.325541
zeQZKbYMKw,zeQZkL1MKw,2024,mls,2474,13.978,86,21,ST,NA,-17.0172,9.094999999999999,0.4119,-0.418,-0.5652,6.489,2.977,0.2003,Luis Suárez,1987-01-24,Uruguay,Inter Miami CF,1500000,USD,2026-08-18 13:58:58.325541
zeQZX6bK5K,a2lqRX2Mr0,2024,mls,27,0,0,0,ST,NA,-0.5565,-0.006900000000000001,0.0086,0.0039,-0.0368,0.018,0,-6e-4,Roald Mitchell,2003-01-13,USA,New York Red Bulls,91809,USD,2026-08-18 13:58:58.325541
zeQZXXm15K,Z2vQ1xlqrA,2024,mls,2476,0.5431,15,3,FB,NA,-11.7299,5.057300000000001,3.3088,1.1167,-0.0504,0.4155,0.3145,-0.0478,Jake Davis,2002-01-03,USA,Sporting Kansas City,NA,NA,2026-08-18 13:58:58.325541
zeQZXgmg5K,mvzqoLZQap,2024,mls,427,1.5181,10,2,AM,NA,1.1923,0.9178000000000001,0.1389,-0.2681,-0.0698,0.78,0.3309,0.0059,Marino Hinestroza,2002-07-08,Colombia,Columbus Crew,574750,USD,2026-08-18 13:58:58.325541
zeQZjOPjQK,kaDQ0wRqEv,2024,mls,165,0.2467,3,0,CM,NA,5.3431,0.45239999999999997,0.142,0.0557,0.0571,0.1132,0.0597,0.0247,Daniel Aguirre,1999-07-28,USA,LA Galaxy,93988,USD,2026-08-18 13:58:58.325541
0Oq624oPq6,jYQJ19EqGR,2025,mls,1634,1.1918,12,3,FB,NA,10.7305,3.5262000000000002,1.7052,0.8402,0.39,0.4315,0.3068,-0.1475,Kalani Kossa-Rienzi,2002-06-27,USA,Seattle Sounders FC,80622,USD,2026-08-18 13:59:10.001831
0Oq630dXQ6,pzeQZ6xQKw,2025,mls,861,1.951,13,0,W,NA,-9.1569,1.0943,0.3924,-0.4399,-0.2453,1.1265,0.3036,-0.043,Kévin Cabral,1999-07-10,France,Colorado Rapids,2100000,USD,2026-08-18 13:59:10.001831
0Oq632k7Q6,jYQJ19EqGR,2025,mls,840,0.4212,12,0,CM,NA,18.8473,1.5617999999999999,0.5458,0.2479,-0.0825,0.3952,0.1558,0.2996,Danny Leyva,2003-05-05,USA,Seattle Sounders FC,349900,USD,2026-08-18 13:59:10.001831
0Oq63DL6Q6,jYQJ19EqGR,2025,mls,133,0,0,0,FB,NA,3.9621,0.3159,0.2186,0.0984,-0.0018,7e-4,0,0,Cody Baker,2004-01-07,USA,Seattle Sounders FC,109704,USD,2026-08-18 13:59:10.001831
0Oq63JA7Q6,19vQ2095K6,2025,mls,470,0.2667,2,0,CB,NA,7.0292,0.7539000000000001,0.5106,0.2015,-0.1384,0.1081,0.0622,0.0099,Wyatt Omsberg,1995-09-21,USA,New England Revolution,137500,USD,2026-08-18 13:59:10.001831
0Oq63P32Q6,eVq3ya6MWO,2025,mls,2247,0.7395,9,0,CB,NA,20.3897,3.2814,1.8446,1.0803,0.0842,0.2993,0.1574,-0.1844,Nkosi Tafari,1997-03-23,USA,Los Angeles FC,374500,USD,2026-08-18 13:59:10.001831
0Oq63YndQ6,zeQZBOzQKw,2025,mls,3268,6.5002,38,5,CM,NA,3.3022,7.0289,1.9076,0.2175,-1.2042,4.4252,0.9518,0.731,Onni Valakari,1999-08-18,Finland,San Diego FC,726800,USD,2026-08-18 13:59:10.001831
0Oq6712Q6D,NPqxKXZ59d,2025,mls,3542,1.6298,20,1,DM,NA,31.1459,6.1987,2.6544,2.3672,0.1473,0.568,0.3957,0.0661,Ashley Westwood,1990-04-01,England,Charlotte FC,783333,USD,2026-08-18 13:59:10.001831
0Oq6ENn256,jYQJ19EqGR,2025,mls,1913,16.8787,59,16,ST,NA,-8.5664,7.4322,0.8265,-1.1051,-1.0177,7.0451,1.8424,-0.159,Danny Musovski,1995-11-30,USA,Seattle Sounders FC,585303,USD,2026-08-18 13:59:10.001831
0Oq6J43rq6,19vQ2095K6,2025,mls,11,0,0,0,CM,NA,-0.5707,0.013999999999999999,0.0168,0.003,-0.0034,-0.0024,0,0,Sharod George,2004-05-10,USA,New England Revolution,NA,NA,2026-08-18 13:59:10.001831
0Oq6L8EgM6,NWMWlBK5lz,2025,mls,207,0.2263,4,0,ST,NA,-0.8124,0.5723,0.1108,0.1729,-0.1388,0.3104,0.0793,0.0377,Ayoub Jabbari,2000-01-30,Morocco,FC Cincinnati,354800,USD,2026-08-18 13:59:10.001831
0Oq6LeJ7M6,a2lqR4JMr0,2025,mls,941,0.2632,4,0,CB,NA,14.4836,1.3251,0.6833,0.3923,-0.0091,0.2161,0.0309,0.0116,Philip Quinton,1999-11-16,USA,Real Salt Lake,125000,USD,2026-08-18 13:59:10.001831
0Oq6LgZgM6,jYQJ8EW5GR,2025,mls,8,0,0,0,ST,NA,0.1407,0.0019000000000000002,-0.0013,4e-4,3e-4,0.0025,0,0,Justin Ellis,2007-05-14,USA,Orlando City SC,NA,NA,2026-08-18 13:59:10.001831
0Oq6LpK2M6,pzeQZ6xQKw,2025,mls,273,0.1447,2,0,CM,NA,1.3386,0.27890000000000004,0.2272,-0.027,0.0049,0.0513,0.009,0.0135,Wayne Frederick,2004-06-13,Trinidad & Tobago,Colorado Rapids,104000,USD,2026-08-18 13:59:10.001831
0Oq6lLZgM6,19vQ2095K6,2025,mls,720,2.6467,18,2,ST,NA,1.1517,1.4337,0.2467,-0.5868,-0.1578,1.5141,0.4745,-0.057,Maxi Urruti,1991-02-22,Argentina,New England Revolution,104000,USD,2026-08-18 13:59:10.001831
0Oq6lyNdM6,kRQand1MKZ,2025,mls,3350,0.7802,10,2,CM,NA,4.3714,5.5889999999999995,3.2438,1.8583,-0.0203,0.3918,0.2124,-0.097,Wil Trapp,1993-01-15,USA,Minnesota United FC,552500,USD,2026-08-18 13:59:10.001831
0Oq6w6j2Q6,YgOMngl5wN,2025,mls,230,2.418,11,2,ST,NA,-2.1558,0.7645000000000001,0.0518,-0.2638,-0.1283,0.721,0.3481,0.0357,Gabe Segal,2001-05-17,USA,Houston Dynamo FC,104000,USD,2026-08-18 13:59:10.001831
0Oq6wjlzQ6,0KPqjA456v,2025,mls,88,0.3103,3,0,FB,NA,1.727,0.34009999999999996,0.034,0.1503,0.0073,0.0899,0.0676,-0.009,Jack Skahan,1998-02-07,USA,San Jose Earthquakes,175000,USD,2026-08-18 13:59:10.001831
0Oq6wmbrQ6,EKXMeX3Q64,2025,mls,3013,1.7263,7,0,CB,NA,31.0216,4.9634,2.5917,1.8218,-0.1935,0.6337,0.197,-0.0873,Kye Rowles,1998-06-24,Australia,D.C. United,494167,USD,2026-08-18 13:59:10.001831
0Oq6woOxQ6,mKAqBBmqbg,2025,mls,2251,0,0,0,GK,NA,19.3194,NA,NA,NA,NA,NA,NA,NA,Maarten Paes,1998-05-14,Netherlands,FC Dallas,522000,USD,2026-08-18 13:59:10.001831
0Oq6wvbgQ6,0KPqjA456v,2025,mls,1790,2.9299,22,1,FB,NA,12.2983,3.2853,1.5525,-0.1766,-0.5003,1.6111,0.4876,0.311,Vitor Costa,1994-07-01,Brazil,San Jose Earthquakes,413333,USD,2026-08-18 13:59:10.001831
0x5g2BmPM7,KAqBN0Vqbg,2025,mls,714,0.0847,3,0,CB,NA,8.2842,1.0349,0.3914,0.5487,-0.0746,0.11,0.0541,0.0053,Enea Mihaj,1998-07-05,Albania,Atlanta United FC,1372000,USD,2026-08-18 13:59:10.001831
0x5g2EKLM7,9z5k7Yg5A3,2025,mls,2371,3.6073,37,6,W,NA,-6.7005,4.659,0.7714,0.185,1.0139,1.6092,0.9923,0.0872,Indiana Vassilev,2001-02-16,USA,Philadelphia Union,381750,USD,2026-08-18 13:59:10.001831
0x5g2EwmM7,pzeQZ6xQKw,2025,mls,35,0,0,0,CB,NA,-1.1046,-0.2133056147,-0.2056,-0.0046,-0.0031,-5.6147e-6,0,0,Michael Edwards,2000-11-27,USA,Colorado Rapids,160000,USD,2026-08-18 13:59:10.001831
0x5g2Z8ZM7,NPqxKXZ59d,2025,mls,3552,0,0,0,GK,NA,11.2558,NA,NA,NA,NA,NA,NA,NA,Kristijan Kahlina,1992-07-24,Croatia,Charlotte FC,788750,USD,2026-08-18 13:59:10.001831
0x5g2mYrM7,mKAqBBmqbg,2025,mls,1039,0,0,0,GK,NA,-8.439,NA,NA,NA,NA,NA,NA,NA,Michael Collodi,2001-05-25,USA,FC Dallas,116425,USD,2026-08-18 13:59:10.001831
0x5g2pW7M7,mKAqBBmqbg,2025,mls,3403,2.4655,26,3,FB,NA,21.4346,5.2279,2.7198,1.3453,-0.1709,1.1881,0.4676,-0.322,Shaq Moore,1996-11-02,USA,FC Dallas,770000,USD,2026-08-18 13:59:10.001831
0x5g2xoXM7,a2lqRX2Mr0,2025,mls,1621,0.6823,11,0,FB,NA,-10.4519,2.6602,1.2256,0.9664,-0.1229,0.2094,0.1855,0.1962,Raheem Edwards,1995-07-17,Canada,New York Red Bulls,414340,USD,2026-08-18 13:59:10.001831
0x5gJ0wjM7,YgOMngl5wN,2025,mls,14,0,0,0,ST,NA,-0.03,-0.004100000000000002,0,-0.0198,0.0013,0.0144,0,0,Andy Batioja,2006-01-31,Colombia,Houston Dynamo FC,NA,NA,2026-08-18 13:59:10.001831
0x5gJEVLM7,EKXMeX3Q64,2025,mls,1020,2.8553,16,2,ST,NA,-26.7176,1.5063000000000002,0.3244,-0.5359,-0.3499,1.5192,0.5706,-0.0221,Jacob Murrell,2004-03-28,USA,D.C. United,80622,USD,2026-08-18 13:59:10.001831
0x5gJJWPM7,a2lqR4JMr0,2025,mls,1036,1.8573,13,1,ST,NA,-2.6163,0.3266999999999999,0.1391,-0.6041,-1.2413,1.7751,0.2493,0.0086,Ariath Piol,2004-10-11,Australia,Real Salt Lake,336859,USD,2026-08-18 13:59:10.001831
0x5gJWwjM7,APk5LGOMOW,2025,mls,1891,0.348,8,0,FB,NA,9.9846,3.1724,1.9177,0.4466,0.1437,0.1408,0.2247,0.2989,Dawid Bugaj,2004-07-09,Poland,CF Montréal,267600,USD,2026-08-18 13:59:10.001831
0x5gLm2bq7,EKXMeX3Q64,2025,mls,920,0.76,8,3,CM,NA,1.9518,1.4795,0.6906,0.2098,0.0084,0.2814,0.2648,0.0245,Jackson Hopkins,2004-07-01,USA,D.C. United,104286,USD,2026-08-18 13:59:10.001831
0x5gLpbwq7,"c(""APk5LGOMOW"", ""EKXMeX3Q64"")",2025,mls,1877,1.815,22,0,W,NA,-7.6738,2.5,0.9466,-0.0825,-0.304,1.3137,0.5046,0.1216,Caden Clark,2003-05-27,USA,NA,407000,USD,2026-08-18 13:59:10.001831
0x5gP3gXq7,NWMWlBK5lz,2025,mls,1720,0.3152,4,0,CB,NA,27.7444,2.51,1.6438,0.6797,0.2508,0.1411,0.0495,-0.2549,Matt Miazga,1995-07-19,USA,FC Cincinnati,1575000,USD,2026-08-18 13:59:10.001831
0x5gP9Jjq7,0KPqjA456v,2025,mls,638,0,0,0,GK,NA,-0.0043,NA,NA,NA,NA,NA,NA,NA,Earl Edwards Jr.,1992-01-24,USA,San Jose Earthquakes,210250,USD,2026-08-18 13:59:10.001831
0x5gPv8mq7,YgOMngl5wN,2025,mls,726,0.6569,9,1,W,NA,-6.9312,1.3584,0.578,-0.0048,0.0834,0.2112,0.2251,0.2655,Duane Holmes,1994-11-06,USA,Houston Dynamo FC,378000,USD,2026-08-18 13:59:10.001831
0x5gPvZRq7,kaDQ0wRqEv,2025,mls,170,0,0,0,CB,NA,1.0268,0.30310000000000004,0.2654,0.0068,0.014,0.0169,0,0,Eriq Zavaleta,1992-08-02,USA,LA Galaxy,198311,USD,2026-08-18 13:59:10.001831
0x5gWlZb57,NWMWlBK5lz,2025,mls,733,0.3647,5,0,CM,NA,-3.9287,0.6163,0.707,-0.3139,-0.0138,0.1855,0.0976,-0.0461,Samuel Gidi,2004-04-15,Ghana,FC Cincinnati,611050,USD,2026-08-18 13:59:10.001831
0x5gZ9mM7O,KAqBN0Vqbg,2025,mls,2626,0,0,0,GK,NA,17.4373,NA,NA,NA,NA,NA,NA,NA,Brad Guzan,1984-09-09,USA,Atlanta United FC,312500,USD,2026-08-18 13:59:10.001831
0x5gZDPM7O,NWMWlBK5lz,2025,mls,900,2.0672,14,0,ST,NA,-6.9493,0.9604999999999999,0.4179,-0.3947,-0.8796,1.4678,0.3533,-0.0042,Kei Kamara,1984-09-01,Sierra Leone,FC Cincinnati,119000,USD,2026-08-18 13:59:10.001831
0x5gkPbP57,pzeQZ6xQKw,2025,mls,43,0,0,0,FB,NA,1.2861,0.0288,-0.0103,0.0387,0,4e-4,0,0,Anderson Rosa,2001-11-13,Brazil,Colorado Rapids,NA,NA,2026-08-18 13:59:10.001831
2lqR72mAQr,lgpMOvnQzy,2025,mls,307,1.2561,5,2,AM,NA,5.7276,1.0206,0.104,0.0511,0.1103,0.4729,0.2619,0.0204,Kenji Cabrera,2003-01-27,Peru,Vancouver Whitecaps FC,390053,USD,2026-08-18 13:59:10.001831
2lqR7V9AQr,jYQJ19EqGR,2025,mls,888,2.7512,30,1,W,NA,4.3258,1.9649999999999999,0.477,-0.8469,0.0219,1.5931,0.7207,-8e-4,Georgi Minoungou,2002-07-25,Ivory Coast,Seattle Sounders FC,104000,USD,2026-08-18 13:59:10.001831
2lqR7YEaQr,pzeQZ6xQKw,2025,mls,748,0.1148,2,0,FB,NA,-9.0655,0.5037,0.1753,0.0678,0.0788,0.1115,0.0372,0.0331,Jackson Travis,2004-02-23,USA,Colorado Rapids,106500,USD,2026-08-18 13:59:10.001831
2lqR7wZaQr,mvzqoLZQap,2025,mls,3136,6.1584,50,5,FB,NA,70.2656,7.319,1.0413,1.4489,1.1957,2.4234,1.1566,0.0531,Max Arfsten,2001-04-19,USA,Columbus Crew,389375,USD,2026-08-18 13:59:10.001831
2lqR7yoAQr,wvq9B9wQWn,2025,mls,476,2.1344,13,1,W,NA,0.4138,1.4262,0.4821,0.1149,-0.0832,0.8298,0.3098,-0.2272,Mykhi Joyner,2006-08-30,USA,St. Louis City SC,97902,USD,2026-08-18 13:59:10.001831
2lqRJ0l4qr,EKXMeX3Q64,2025,mls,1778,1.4864,13,2,W,NA,0.2951,2.8109,1.2391,0.0437,0.1168,1.0282,0.3529,0.0302,Hosei Kijima,2002-07-01,Japan,D.C. United,80622,USD,2026-08-18 13:59:10.001831
2lqRJgb2qr,a2lqRX2Mr0,2025,mls,414,0.6275,6,1,ST,NA,-3.3224,0.27349999999999997,0.0301,-0.1357,-0.4932,0.7301,0.1616,-0.0194,Wiktor Bogacz,2004-07-14,Poland,New York Red Bulls,516240,USD,2026-08-18 13:59:10.001831
2lqRR1wxqr,eVq3ya6MWO,2025,mls,718,0.2147,1,0,CB,NA,18.4095,0.6973999999999999,-0.1338,0.7363,0.1005,-0.0059,0.0413,-0.041,Marlon,1995-09-07,Brazil,Los Angeles FC,1000000,USD,2026-08-18 13:59:10.001831
2lqRR3wJqr,lgpMOvnQzy,2025,mls,1157,0.6212,5,0,CB,NA,8.905,1.7732999999999999,0.6674,0.5759,0.0919,0.3723,0.0655,3e-4,Bjørn Inge Utvik,1996-02-28,Norway,Vancouver Whitecaps FC,622083,USD,2026-08-18 13:59:10.001831
2lqRR4Rxqr,a2lqRX2Mr0,2025,mls,165,0.5202,4,0,AM,NA,-0.5682,0.4458,0.0395,-0.0293,0.046,0.2956,0.0933,7e-4,Lewis Morgan,1996-09-30,Scotland,New York Red Bulls,1479358,USD,2026-08-18 13:59:10.001831
2lqRRZy2qr,gpMOLwl5zy,2025,mls,1966,0.7183,13,1,DM,NA,22.556,1.8626,1.0616,0.4449,0.2025,0.1295,0.2003,-0.1762,Ilie Sánchez,1990-11-21,Spain,Austin FC,600000,USD,2026-08-18 13:59:10.001831
2lqRRkw2qr,wvq9B9wQWn,2025,mls,1275,0.2515,6,0,DM,NA,12.5556,1.8578999999999999,1.049,1.1065,-0.3254,0.234,0.0948,-0.301,Alfredo Morales,1990-05-12,USA,St. Louis City SC,205571,USD,2026-08-18 13:59:10.001831
2lqRj3Zxqr,APk5LGOMOW,2025,mls,526,0.8533,8,1,AM,NA,4.9184,0.8312,0.1008,0.0653,0.1487,0.2377,0.2073,0.0714,Olger Escobar,2006-09-11,Guatemala,CF Montréal,86018,USD,2026-08-18 13:59:10.001831
2lqRj7nDqr,X0Oq66zq6D,2025,mls,16,0,0,0,ST,NA,-0.0903,0.39490000000000003,0.0095,0.3345,0.0476,0.0033,0,0,Jason Shokalook,2002-09-30,USA,Chicago Fire FC,NA,NA,2026-08-18 13:59:10.001831
2lqRjDAAqr,zeQZkL1MKw,2025,mls,1806,1.0683,12,1,FB,NA,10.5804,2.0525,1.2916,0.1024,-0.1877,0.427,0.3455,0.0737,Ian Fray,2002-08-31,USA,Inter Miami CF,150000,USD,2026-08-18 13:59:10.001831
2lqRjL12qr,APk5LGOMOW,2025,mls,1636,0.6282,12,0,CB,NA,-0.7057,2.5492,1.0975,1.2998,-0.3079,0.3078,0.2042,-0.0522,Brandan Craig,2004-04-07,USA,CF Montréal,90427,USD,2026-08-18 13:59:10.001831
2lqRjYLWqr,kRQabn8MKZ,2025,mls,566,0,0,0,CB,NA,0.917,0.8063,0.4874,0.2815,0.0355,-5e-4,0,0.0024,Zane Monlouis,2003-10-16,England,Toronto FC,127891,USD,2026-08-18 13:59:10.001831
2lqRjZp2qr,mKAqBBmqbg,2025,mls,389,0,0,0,GK,NA,-5.9927,NA,NA,NA,NA,NA,NA,NA,Jacob Jackson,2000-04-25,USA,FC Dallas,104000,USD,2026-08-18 13:59:10.001831
2lqRjkEJqr,Z2vQ1xlqrA,2025,mls,2234,1.7365,19,1,FB,NA,14.8392,3.6048999999999998,0.8442,0.2952,0.4704,1.2618,0.5907,0.1426,Logan Ndenbe,2000-02-09,Belgium,Sporting Kansas City,530000,USD,2026-08-18 13:59:10.001831
2lqRk034Qr,19vQ2095K6,2025,mls,440,0.105,1,0,CB,NA,2.8157,0.23619999999999997,0.3233,0.1273,-0.0462,0.1087,0.0113,-0.2882,Keegan Hughes,2000-07-22,USA,New England Revolution,104000,USD,2026-08-18 13:59:10.001831
2lqRk1raQr,WBLMvYAQxe,2025,mls,2481,0.8528,10,2,CB,NA,38.4959,3.8819,1.0847,2.2687,0.1783,0.2876,0.2754,-0.2128,Kamal Miller,1997-05-16,Canada,Portland Timbers FC,795004,USD,2026-08-18 13:59:10.001831
2lqRk3NWQr,a2lqRX2Mr0,2025,mls,1695,0.585,13,0,FB,NA,5.7613,2.3221,1.2671,0.6945,-0.1387,0.3791,0.1501,-0.03,Kyle Duncan,1997-08-08,USA,New York Red Bulls,555750,USD,2026-08-18 13:59:10.001831
2lqRk3lnQr,Vj58weDM8n,2025,mls,993,1.6028,10,1,DM,NA,-5.5582,3.1656,1.0252,0.6141,0.2415,0.879,0.3231,0.0827,Keaton Parks,1997-08-06,USA,New York City FC,530000,USD,2026-08-18 13:59:10.001831
2lqRkOwnQr,eVq3ya6MWO,2025,mls,1274,0.2767,5,0,CB,NA,33.8734,2.1942,0.9737,1.1748,0.1135,0.1539,0.1452,-0.3669,Ryan Porteous,1999-03-25,Scotland,Los Angeles FC,755260,USD,2026-08-18 13:59:10.001831
2lqRkWG0Qr,"c(""pzeQZ6xQKw"", ""jYQJ8EW5GR"")",2025,mls,1206,0.5212,11,1,FB,NA,5.983,1.221,0.2201,0.6108,-0.0335,0.1836,0.2317,0.0083,Rafael Santos,1998-02-05,Brazil,NA,401188,USD,2026-08-18 13:59:10.001831
2lqRkYZnQr,vzqoOgNqap,2025,mls,394,0.0284,2,0,CM,NA,1.6409,0.6926,0.5096,0.1755,0.0082,0.0312,0.0165,-0.0484,Bryan Acosta,1993-11-24,Honduras,Nashville SC,196250,USD,2026-08-18 13:59:10.001831
2lqRkZXDQr,0KPqjA456v,2025,mls,3017,3.9143,44,4,FB,NA,-10.7235,8.414,1.6412,3.4147,0.473,1.9582,0.9164,0.0105,Cristian Espinoza,1995-04-03,Argentina,San Jose Earthquakes,2002000,USD,2026-08-18 13:59:10.001831
2lqRkbN4Qr,jYQJ19EqGR,2025,mls,2526,4.8478,40,4,W,NA,-19.3471,4.8687000000000005,1.0718,-1.8588,1.2946,2.8269,1.1202,0.414,Paul Rothrock,1999-01-09,USA,Seattle Sounders FC,104000,USD,2026-08-18 13:59:10.001831
2lqRked4Qr,wvq9B9wQWn,2025,mls,1587,4.8323,42,6,DM,NA,24.0954,4.2132,1.0015,1.2337,0.3165,0.6223,0.8791,0.1601,Eduard Löwen,1997-01-28,Germany,St. Louis City SC,1394250,USD,2026-08-18 13:59:10.001831
2lqRknk2Qr,jYQJ19EqGR,2025,mls,2241,1.4773,19,0,CB,NA,30.3678,4.5728,2.5564,1.301,-0.0576,0.8411,0.3833,-0.4514,Yeimar Gómez Andrade,1992-06-30,Colombia,Seattle Sounders FC,882500,USD,2026-08-18 13:59:10.001831
2lqRkwRnQr,EKXMeX3Q64,2025,mls,2342,0,0,0,GK,NA,-4.0738,NA,NA,NA,NA,NA,NA,NA,Luis Barraza,1996-11-08,USA,D.C. United,187688,USD,2026-08-18 13:59:10.001831
2vQ14E1Kqr,lgpMOvnQzy,2025,mls,1958,1.6638,14,0,CB,NA,26.0808,3.6381,1.2291,0.9995,0.4259,0.9606,0.2875,-0.2645,Ranko Veselinović,1999-03-24,Serbia,Vancouver Whitecaps FC,737125,USD,2026-08-18 13:59:10.001831
2vQ14xl0qr,mvzqoLZQap,2025,mls,3153,3.4813,37,2,CM,NA,63.2741,8.062,2.5101,2.8912,0.4441,1.1245,0.8427,0.2494,Dylan Chambost,1997-08-19,France,Columbus Crew,557219,USD,2026-08-18 13:59:10.001831
2vQ1L20Oqr,"c(""kaDQ0wRqEv"", ""a2lqRX2Mr0"")",2025,mls,1212,0,0,0,GK,NA,-13.1927,NA,NA,NA,NA,NA,NA,NA,John McCarthy,1992-07-04,USA,NA,474600,USD,2026-08-18 13:59:10.001831
2vQ1LYY0qr,zeQZBOzQKw,2025,mls,319,0,0,0,W,NA,-4.9995,0.32789999999999997,0.3348,-0.2438,0.0149,0.2281,0,-0.0061,Emmanuel Boateng,1994-01-17,Ghana,San Diego FC,331500,USD,2026-08-18 13:59:10.001831
2vQ1LYxbqr,jYQJ19EqGR,2025,mls,84,0.0482,1,0,W,NA,-1.0763,0.11349999999999999,0.0119,-0.0411,0.0372,0.0755,0.044,-0.014,Paul Arriola,1995-02-05,USA,Seattle Sounders FC,1142500,USD,2026-08-18 13:59:10.001831
2vQ1N6yLMr,APk5LGOMOW,2025,mls,455,4.0497,20,3,ST,NA,-0.7644,1.7981,0.0997,-0.2518,-0.6879,2.0743,0.5868,-0.023,Giacomo Vrioni,1998-10-15,Albania,CF Montréal,2247500,USD,2026-08-18 13:59:10.001831
2vQ1NBY8Mr,kRQand1MKZ,2025,mls,3233,5.9049,68,7,CM,NA,-21.7878,7.4211,2.007,2.7648,-0.5378,1.5717,1.5994,0.016,Joaquín Pereyra,1998-12-01,Argentina,Minnesota United FC,844000,USD,2026-08-18 13:59:10.001831
2vQ1NO0OMr,gpMOLwl5zy,2025,mls,1130,2.6007,16,0,W,NA,-10.0973,1.9619,0.5725,0.0028,0.1906,0.9191,0.2861,-0.0092,Jáder Obrian,1995-05-18,Colombia,Austin FC,505401,USD,2026-08-18 13:59:10.001831
2vQ1NPw4Mr,lgpMOvnQzy,2025,mls,2384,11.1878,68,8,W,NA,-10.6325,8.4096,1.204,-0.3975,-0.0192,4.662,1.9681,0.9922,Emmanuel Sabbi,1997-12-24,USA,Vancouver Whitecaps FC,987750,USD,2026-08-18 13:59:10.001831
2vQ1Nv7LMr,EKXMeX3Q64,2025,mls,597,0.6512,14,0,W,NA,1.8048,1.3706,0.4391,0.4382,-0.0095,0.2726,0.1885,0.0417,Randall Leal,1997-01-14,Costa Rica,D.C. United,1265000,USD,2026-08-18 13:59:10.001831
2vQ1dJAxqr,19vQ2095K6,2025,mls,9,0,0,0,CM,NA,-1.3759,-0.0291,0.0367,-0.0084,-0.0626,0.0052,0,0,Eric Klein,2006-11-20,USA,New England Revolution,86899,USD,2026-08-18 13:59:10.001831
2vQ1dVAwqr,wvq9B9wQWn,2025,mls,1720,2.0683,31,2,W,NA,-4.0715,3.5535,0.8972,0.0771,1.1561,0.8971,0.7196,-0.1936,Célio Pompeu,1999-12-10,Brazil,St. Louis City SC,253144,USD,2026-08-18 13:59:10.001831
2vQ1dZ8Kqr,NWMWlBK5lz,2025,mls,3154,1.3433,17,0,FB,NA,-11.9367,6.267,3.4199,1.6203,0.1388,0.7735,0.3571,-0.0426,Lukas Engel,1998-12-14,Denmark,FC Cincinnati,825781,USD,2026-08-18 13:59:10.001831
2vQ1dbG8qr,a2lqR4JMr0,2025,mls,708,3.3345,29,0,ST,NA,-1.3329,1.8142,0.3163,-0.5989,-0.2753,1.6592,0.7051,0.0078,Rwan Cruz,2001-05-20,Brazil,Real Salt Lake,1858426,USD,2026-08-18 13:59:10.001831
2vQ1dlaOqr,APk5LGOMOW,2025,mls,1164,0.3601,6,0,FB,NA,2.3093,0.6538,0.4751,-0.1516,0.017,0.2545,0.1447,-0.0859,Aleksandr Guboglo,2007-03-20,Haiti,CF Montréal,86311,USD,2026-08-18 13:59:10.001831
2vQ1jGzOMr,kRQabn8MKZ,2025,mls,1450,5.6965,31,2,ST,NA,-25.9241,3.9633000000000003,0.2958,-0.5371,0.2613,3.0144,0.7796,0.1493,Ola Brynhildsen,1999-04-27,Norway,Toronto FC,1629610,USD,2026-08-18 13:59:10.001831
315V60b59x,NPqxKXZ59d,2025,mls,2790,0,0,0,CB,NA,28.1376,3.8074,1.7664,1.8564,0.1764,0.022,0,-0.0138,Tim Ream,1987-10-05,USA,Charlotte FC,1127750,USD,2026-08-18 13:59:10.001831
315V7AgEq9,19vQ2095K6,2025,mls,2283,2.7311,22,2,FB,NA,-2.4827,3.943,1.4905,-0.0166,0.049,1.8964,0.602,-0.0783,Peyton Miller,2007-11-08,USA,New England Revolution,106000,USD,2026-08-18 13:59:10.001831
315V7V1Yq9,X0Oq66zq6D,2025,mls,1182,0.4673,11,1,FB,NA,-17.5426,1.7833,1.3342,-0.1513,0.238,0.13,0.2509,-0.0185,Leonardo Barroso,2005-06-12,Portugal,Chicago Fire FC,345500,USD,2026-08-18 13:59:10.001831
315V7Z2Vq9,19vQ2095K6,2025,mls,245,0.7774,5,3,ST,NA,-0.1573,0.9299,0.3524,-0.044,0.1783,0.2225,0.2061,0.0146,Dor Turgeman,2003-10-24,Israel,New England Revolution,740000,USD,2026-08-18 13:59:10.001831
315V7bLYq9,0KPqjA456v,2025,mls,1014,0.1893,4,0,CB,NA,11.5358,1.0399,0.5714,0.4694,-0.1409,0.1828,0.0534,-0.0962,Reid Roberts,2003-12-09,USA,San Jose Earthquakes,80622,USD,2026-08-18 13:59:10.001831
315V7ox6q9,pzeQZ6xQKw,2025,mls,60,0.0908,2,0,W,NA,-0.3821,0.191,0.1008,0.0201,0.0475,-0.0063,0.042,-0.0131,Alexis Manyoma,2003-01-30,Colombia,Colorado Rapids,592950,USD,2026-08-18 13:59:10.001831
315VPKlXQ9,APk5LGOMOW,2025,mls,340,1.7959,14,0,W,NA,5.4049,2.9935,0.264,0.5463,0.8432,0.7631,0.5269,0.05,Iván Jaime,2000-09-26,Spain,CF Montréal,1991200,USD,2026-08-18 13:59:10.001831
315VPPBEQ9,Vj58weDM8n,2025,mls,2470,0.2801,11,0,FB,NA,6.1515,4.2203,1.9779,2.1667,0.0595,0.2419,0.1042,-0.3299,Tayvon Gray,2002-08-19,USA,New York City FC,215492,USD,2026-08-18 13:59:10.001831
315VPR6vQ9,mKAqBBmqbg,2025,mls,2787,15.72,82,19,ST,NA,-38.3103,10.2621,2.186,-0.2747,-0.8136,6.9887,2.2084,-0.0327,Petar Musa,1998-03-04,Croatia,FC Dallas,2680000,USD,2026-08-18 13:59:10.001831
315VPVXbQ9,"c(""mvzqoLZQap"", ""YgOMngl5wN"")",2025,mls,1578,3.9562,26,3,ST,NA,-0.1193,3.3377000000000003,1.2172,-1.6175,-0.1398,3.2589,0.6309,-0.012,Ibrahim Aliyu,2002-01-16,Nigeria,NA,526375,USD,2026-08-18 13:59:10.001831
315VPZmnQ9,mvzqoLZQap,2025,mls,841,2.2741,25,2,AM,NA,9.0113,1.4376,0.2903,0.0836,-0.4929,0.8897,0.5784,0.0885,Aziel Jackson,2001-10-25,USA,Columbus Crew,107982,USD,2026-08-18 13:59:10.001831
315VX4PEQ9,zeQZBOzQKw,2025,mls,2485,3.0196,24,5,CM,NA,-0.4857,2.7948999999999997,0.8543,-0.3689,-0.1169,1.7479,0.6877,-0.0092,Luca De La Torre,1998-05-23,USA,San Diego FC,1644295,USD,2026-08-18 13:59:10.001831
315VXNkGQ9,a2lqRX2Mr0,2025,mls,3145,0,0,0,GK,NA,-24.6982,NA,NA,NA,NA,NA,NA,NA,Carlos Coronel,1996-12-29,Brazil,New York Red Bulls,599649,USD,2026-08-18 13:59:10.001831
315VXO8XQ9,wvq9B9wQWn,2025,mls,1193,0.6995,8,0,FB,NA,22.5013,2.004,0.7174,0.8283,-0.4112,0.6196,0.2223,0.0276,Tomas Totland,1999-09-28,Norway,St. Louis City SC,341763,USD,2026-08-18 13:59:10.001831
315VXPJEQ9,gpMOLwl5zy,2025,mls,906,0.1648,4,0,CB,NA,19.5703,1.0405,0.0708,0.6542,0.1144,0.1275,0.0706,0.003,Julio Cascante,1993-10-03,Costa Rica,Austin FC,853750,USD,2026-08-18 13:59:10.001831
315VXyJXQ9,X0Oq66zq6D,2025,mls,3517,3.2248,44,3,FB,NA,19.1042,7.2845,2.9685,1.5035,-0.0437,1.7799,0.9361,0.1402,Andrew Gutman,1996-10-02,USA,Chicago Fire FC,600000,USD,2026-08-18 13:59:10.001831
315VkJ1Yq9,pzeQZ6xQKw,2025,mls,1164,0,0,0,CB,NA,0.6029,1.1939,0.897,0.3378,-0.0445,0.0251,0,-0.0215,Ian Murphy,2000-01-16,USA,Colorado Rapids,447500,USD,2026-08-18 13:59:10.001831
4JMAaDp2MK,19vQ2095K6,2025,mls,2444,0,0,0,GK,NA,-2.2092,NA,NA,NA,NA,NA,NA,NA,Aljaž Ivačič,1993-12-29,Slovenia,New England Revolution,625000,USD,2026-08-18 13:59:10.001831
4JMAaaxkMK,mKAqBBmqbg,2025,mls,1331,1.8398,10,1,CM,NA,27.1977,2.2489,0.956,0.2032,-0.103,0.7858,0.3732,0.0337,Sebastian Lletget,1992-09-03,USA,FC Dallas,891250,USD,2026-08-18 13:59:10.001831
4JMAaogDMK,YgOMngl5wN,2025,mls,136,0,0,0,GK,NA,-0.9659,NA,NA,NA,NA,NA,NA,NA,Jimmy Maurer,1988-10-14,USA,Houston Dynamo FC,200000,USD,2026-08-18 13:59:10.001831
4JMAk3z9qK,APk5LGOMOW,2025,mls,815,0,0,0,GK,NA,-6.4304,NA,NA,NA,NA,NA,NA,NA,Thomas Gillier,2004-05-28,Chile,CF Montréal,487000,USD,2026-08-18 13:59:10.001831
4JMAk7nkqK,"c(""wvq9B9wQWn"", ""kRQand1MKZ"")",2025,mls,982,0.0824,2,0,FB,NA,-2.6907,1.1093,0.4196,0.533,-0.0027,0.1281,0.0201,0.0112,Devin Padelford,2003-01-03,USA,NA,121000,USD,2026-08-18 13:59:10.001831
4JMAka69qK,eVq3ya6MWO,2025,mls,477,1.4371,10,1,CM,NA,-0.4275,1.197,0.2845,-0.003,-0.0809,0.7056,0.2928,-0.002,Andrew Moran,2003-10-15,Republic of Ireland,Los Angeles FC,691111,USD,2026-08-18 13:59:10.001831
4JMAkkK1qK,0KPqjA456v,2025,mls,1253,6.4662,40,6,ST,NA,-20.164,5.5760000000000005,0.3903,0.1738,-0.2731,3.8288,1.0661,0.3901,Preston Judd,1999-05-28,USA,San Jose Earthquakes,234375,USD,2026-08-18 13:59:10.001831
4JMAkzjkqK,gpMOLwl5zy,2025,mls,12,0,0,0,AM,NA,0.5993,0.0161,0,-0.0045,-0.0066,0.0112,0,0.016,Ervin Torres,2007-11-14,USA,Austin FC,NA,NA,2026-08-18 13:59:10.001831
4JMAnx65Kg,lgpMOvnQzy,2025,mls,1097,6.8429,31,8,AM,NA,-19.1434,3.8714,0.8747,0.0674,0.1822,1.9162,0.7257,0.1052,Thomas Müller,1989-09-13,Germany,Vancouver Whitecaps FC,1436956,USD,2026-08-18 13:59:10.001831
4JMAoJNkqK,vzqoOgNqap,2025,mls,977,1.6129,17,1,W,NA,6.9805,2.2092,0.4141,0.3262,0.3542,0.5744,0.5524,-0.0121,Jonathan Pérez,2003-01-18,USA,Nashville SC,470956,USD,2026-08-18 13:59:10.001831
4JMAoR9lqK,mKAqBBmqbg,2025,mls,2677,1.4876,13,2,CB,NA,8.2092,4.5989,4.2477,0.784,-0.6385,0.771,0.3495,-0.9148,Osaze Urhoghide,2000-07-04,England,FC Dallas,643982,USD,2026-08-18 13:59:10.001831
4JMAolz1qK,gpMOLwl5zy,2025,mls,2527,2.166,26,2,CM,NA,50.1656,4.4713,1.4017,1.4737,0.4222,0.6016,0.5156,0.0565,Dani Pereira,2000-07-14,Venezuela,Austin FC,514375,USD,2026-08-18 13:59:10.001831
4JMAormOqK,WBLMvYAQxe,2025,mls,3068,4.3344,46,4,AM,NA,26.3794,7.2440999999999995,0.9429,1.6773,0.9867,2.2512,1.111,0.275,David Da Costa,2001-01-05,Portugal,Portland Timbers FC,3425000,USD,2026-08-18 13:59:10.001831
4wM42Belqj,eVq3ya6MWO,2025,mls,3153,2.3254,19,3,CM,NA,53.8329,8.0736,2.3308,3.387,0.649,1.1659,0.6066,-0.0657,Mark Delgado,1995-05-16,USA,Los Angeles FC,1000000,USD,2026-08-18 13:59:10.001831
4wM46RpqjB,a2lqRX2Mr0,2025,mls,3175,9.5324,66,11,AM,NA,2.8313,7.3853,0.8053,0.8511,-0.0131,3.9457,1.491,0.3053,Emil Forsberg,1991-10-23,Sweden,New York Red Bulls,6035625,USD,2026-08-18 13:59:10.001831
4wM4E8Xg5j,9z5k7Yg5A3,2025,mls,675,1.5056,10,0,ST,NA,-13.0255,2.6259,0.3845,-0.1834,0.008,1.5773,0.23,0.6095,Chris Donovan,2000-08-08,USA,Philadelphia Union,200156,USD,2026-08-18 13:59:10.001831
4wM4EBbB5j,EKXMeX3Q64,2025,mls,26,0.0193,1,0,W,NA,0.0067,-0.005700000000000001,0.0039,-0.035,-0.0282,0.0228,0.0308,0,Gavin Turner,2007-01-05,USA,D.C. United,102856,USD,2026-08-18 13:59:10.001831
4wM4EmLl5j,zeQZkL1MKw,2025,mls,24,0,0,0,W,NA,-0.2926,0.0122,0.0069,2e-4,4e-4,0.0047,0,0,Daniel Pinter,2007-06-06,Hungary,Inter Miami CF,NA,NA,2026-08-18 13:59:10.001831
4wM4J01Nqj,zeQZkL1MKw,2025,mls,1503,0,0,0,GK,NA,11.9409,NA,NA,NA,NA,NA,NA,NA,Rocco Rios Novo,2002-06-04,Argentina,Inter Miami CF,122866,USD,2026-08-18 13:59:10.001831
4wM4J0KNqj,EKXMeX3Q64,2025,mls,1854,2.9084,26,3,W,NA,-18.1002,3.8956999999999997,1.5562,0.0515,0.0778,1.3251,0.6484,0.2367,Peglow,2002-01-07,Brazil,D.C. United,608812,USD,2026-08-18 13:59:10.001831
4wM4J8bNqj,gpMOLwl5zy,2025,mls,3027,4.0128,32,7,W,NA,29.3594,6.1995,2.3239,0.8492,0.2067,1.8267,0.8623,0.1307,Owen Wolff,2004-12-30,USA,Austin FC,221600,USD,2026-08-18 13:59:10.001831
4wM4J9zlqj,jYQJ19EqGR,2025,mls,1313,3.1772,38,4,W,NA,1.4357,3.2413,0.9187,-0.0749,0.0412,1.4929,0.8445,0.0189,Pedro de la Vega,2001-02-07,Argentina,Seattle Sounders FC,1379000,USD,2026-08-18 13:59:10.001831
4wM4JGblqj,a2lqRX2Mr0,2025,mls,2075,0.4709,5,0,CB,NA,16.8322,3.3035,2.1012,0.7688,0.254,0.389,0.1111,-0.3206,Sean Nealis,1997-01-13,USA,New York Red Bulls,626250,USD,2026-08-18 13:59:10.001831
4wM4JZezqj,jYQJ8EW5GR,2025,mls,1336,2.0335,8,3,CM,NA,4.6115,2.1853,1.0692,-0.5706,0.0956,1.3756,0.198,0.0175,Dagur Dan Thórhallsson,2000-05-02,Iceland,Orlando City SC,411121,USD,2026-08-18 13:59:10.001831
4wM4JmKAqj,WBLMvYAQxe,2025,mls,1852,3.9814,45,4,W,NA,-18.5448,5.3773,1.5219,-0.0519,0.9606,1.9489,1.0854,-0.0876,Santiago Moreno,2000-04-21,Colombia,Portland Timbers FC,678750,USD,2026-08-18 13:59:10.001831
4wM4JrbBqj,NWMWlBK5lz,2025,mls,3588,2.3446,27,3,CM,NA,26.213,5.6749,2.9097,0.0749,0.7646,1.3012,0.6641,-0.0396,Pavel Bucha,1998-03-11,Czech Republic,FC Cincinnati,523778,USD,2026-08-18 13:59:10.001831
4wM4Jwdzqj,"c(""APk5LGOMOW"", ""NPqxKXZ59d"")",2025,mls,2281,0.4692,13,0,FB,NA,17.9789,2.5899,1.7029,0.3571,-0.0058,0.3205,0.1687,0.0465,Jahkeele Marshall-Rutty,2004-06-16,Canada,NA,423125,USD,2026-08-18 13:59:10.001831
4wM4JxWpqj,APk5LGOMOW,2025,mls,2312,0,0,0,GK,NA,13.3804,NA,NA,NA,NA,NA,NA,NA,Jonathan Sirois,2001-06-27,Canada,CF Montréal,292625,USD,2026-08-18 13:59:10.001831
4wM4JxwBqj,0KPqjA456v,2025,mls,2256,1.9804,13,2,CB,NA,-7.7633,3.965,1.6244,1.042,0.1919,0.7908,0.2802,0.0357,Daniel Munie,2000-02-10,USA,San Jose Earthquakes,178000,USD,2026-08-18 13:59:10.001831
4wM4aNJN5j,mvzqoLZQap,2025,mls,2619,0.4046,7,0,CB,NA,94.7851,5.1612,1.3937,3.2024,0.7577,0.2512,0.0888,-0.5326,Yevhen Cheberko,1998-01-23,Ukraine,Columbus Crew,658250,USD,2026-08-18 13:59:10.001831
4wM4aRPp5j,kRQand1MKZ,2025,mls,133,0.1833,2,0,DM,NA,1.8085,-0.03620000000000002,0.0155,-0.0674,-0.1317,0.0836,0.0574,0.0064,Samuel Shashoua,1999-05-13,England,Minnesota United FC,104833,USD,2026-08-18 13:59:10.001831
4wM4an045j,eVq3ya6MWO,2025,mls,101,0,0,0,GK,NA,-1.0032,NA,NA,NA,NA,NA,NA,NA,David Ochoa,2001-01-16,USA,Los Angeles FC,112333,USD,2026-08-18 13:59:10.001831
4wM4aomy5j,pzeQZ6xQKw,2025,mls,2708,0.4832,4,0,FB,NA,4.9547,2.1013,1.1649,0.396,0.2442,0.375,0.0807,-0.1595,Reggie Cannon,1998-06-11,USA,Colorado Rapids,841500,USD,2026-08-18 13:59:10.001831
4wM4pewlMj,9z5k7Yg5A3,2025,mls,60,0.2322,2,0,ST,NA,-0.5596,0.0854,0.0837,-0.1885,0.0225,0.1135,0.0713,-0.0171,Sal Olivas,2006-07-11,USA,Philadelphia Union,104702,USD,2026-08-18 13:59:10.001831
7VqG07YAQv,lgpMOvnQzy,2025,mls,4015,0,0,0,GK,NA,-2.1399,NA,NA,NA,NA,NA,NA,NA,Yohei Takaoka,1996-03-16,Japan,Vancouver Whitecaps FC,873713,USD,2026-08-18 13:59:10.001831
7VqG080xQv,kRQabn8MKZ,2025,mls,528,0.0392,1,0,CB,NA,1.9983,0.8954000000000001,0.6611,0.1864,0.0337,0.0123,0.0139,-0.012,Nicksoen Gomis,2002-03-15,France,Toronto FC,80622,USD,2026-08-18 13:59:10.001831
7VqG08vjQv,WBLMvYAQxe,2025,mls,3200,2.0954,38,2,DM,NA,10.1667,6.5442,4.349,0.6012,0.0172,1.0081,0.7903,-0.2216,David Ayala,2002-07-26,Argentina,Portland Timbers FC,477000,USD,2026-08-18 13:59:10.001831
7VqG08wXQv,a2lqRX2Mr0,2025,mls,2086,2.0713,34,0,W,NA,-8.9514,2.3261,1.3935,-0.7908,-0.1704,1.2245,0.7267,-0.0574,Wikelman Carmona,2003-02-24,Venezuela,New York Red Bulls,500000,USD,2026-08-18 13:59:10.001831
7VqG0ZGYQv,a2lqR4JMr0,2025,mls,2580,7.731,55,9,AM,NA,9.1797,5.9826,1.2842,0.8957,-0.1646,2.56,1.2544,0.1529,Diego Luna,2003-09-07,USA,Real Salt Lake,499833,USD,2026-08-18 13:59:10.001831
7VqG0jDzQv,X0Oq66zq6D,2025,mls,1309,3.0157,24,2,W,NA,8.3588,3.3886000000000003,0.6654,0.2286,0.7922,0.9835,0.6832,0.0357,Maren Haile-Selassie,1999-03-13,Switzerland,Chicago Fire FC,427500,USD,2026-08-18 13:59:10.001831
7VqG0wE6Qv,APk5LGOMOW,2025,mls,1390,1.3186,19,1,CM,NA,-6.2631,2.6967,1.6596,0.1056,0.1942,0.4823,0.3385,-0.0835,Nathan Saliba,2004-02-07,Canada,CF Montréal,178434,USD,2026-08-18 13:59:10.001831
7VqG0xmYQv,mvzqoLZQap,2025,mls,36,0.0435,1,0,CM,NA,0.5901,0.1096,0.0198,0.0138,0.0167,0.0129,0.0399,0.0065,Cole Mrowka,2006-04-06,USA,Columbus Crew,100630,USD,2026-08-18 13:59:10.001831
7VqG3Kk6qv,lgpMOvnQzy,2025,mls,1110,0.4575,4,0,CB,NA,28.0903,1.6162999999999998,0.6041,0.8934,0.1518,0.105,0.0561,-0.1941,Belal Halbouni,1999-12-29,Syria,Vancouver Whitecaps FC,165000,USD,2026-08-18 13:59:10.001831
7VqG3Onxqv,a2lqRX2Mr0,2025,mls,207,0,0,0,GK,NA,-2.9758,NA,NA,NA,NA,NA,NA,NA,AJ Marcucci,1999-07-31,USA,New York Red Bulls,152425,USD,2026-08-18 13:59:10.001831
7VqG3Vmjqv,vzqoOgNqap,2025,mls,2538,1.2994,13,1,CM,NA,0.5075,3.6744,2.5587,0.2889,0.4415,0.3722,0.3692,-0.3561,Patrick Yazbek,2002-04-05,Australia,Nashville SC,531013,USD,2026-08-18 13:59:10.001831
7VqG3dLjqv,eVq3ya6MWO,2025,mls,1363,1.1758,14,1,FB,NA,-6.3394,1.1509,0.2835,-0.1534,0.1081,0.6787,0.2025,0.0315,Artem Smoliakov,2003-05-29,Ukraine,Los Angeles FC,613297,USD,2026-08-18 13:59:10.001831
7VqG3l0xqv,zeQZBOzQKw,2025,mls,116,0,0,0,CM,NA,2.9004,0.2091,0.0782,0.0901,0.0363,0.0187,0,-0.0142,Pedro Soma,2006-06-30,USA,San Diego FC,275453,USD,2026-08-18 13:59:10.001831
7VqGL7PeQv,NPqxKXZ59d,2025,mls,18,0,0,0,AM,NA,-0.6846,-0.0576,-0.0248,-0.0087,-0.024,-1e-4,0,0,Baye Coulibaly,2006-01-08,Mali,Charlotte FC,269500,USD,2026-08-18 13:59:10.001831
7VqGLJn6Qv,APk5LGOMOW,2025,mls,876,1.4907,24,1,W,NA,-7.153,2.7284,0.5533,-0.2755,1.1831,0.4693,0.4085,0.3897,Hennadiy Synchuk,2006-07-10,Ukraine,CF Montréal,606000,USD,2026-08-18 13:59:10.001831
7VqGLa36Qv,pzeQZ6xQKw,2025,mls,51,0,0,0,CM,NA,0.6804,0.0098,0.0399,-0.0245,-0.0163,0.0119,0,-0.0012,Kimani Stewart-Baynes,2005-01-17,Canada,Colorado Rapids,91000,USD,2026-08-18 13:59:10.001831
7VqGj3RA5v,APk5LGOMOW,2025,mls,1666,0.0924,3,0,DM,NA,20.3975,1.7713999999999999,1.2016,0.6002,-0.0349,0.0862,0.0583,-0.14,Samuel Piette,1994-11-12,Canada,CF Montréal,561016,USD,2026-08-18 13:59:10.001831
7VqGj7ee5v,mvzqoLZQap,2025,mls,585,1.2559,13,1,FB,NA,1.8483,0.7162000000000001,-0.0997,0.0558,-0.0076,0.4045,0.3388,0.0244,Lassi Lappalainen,1998-08-24,Finland,Columbus Crew,368750,USD,2026-08-18 13:59:10.001831
7VqGjBpz5v,EKXMeX3Q64,2025,mls,1474,3.0087,33,0,W,NA,-12.568,2.9759,0.9283,0.023,-0.5898,1.6352,0.9928,-0.0136,Jared Stroud,1996-07-10,USA,D.C. United,392500,USD,2026-08-18 13:59:10.001831
7VqGjRDY5v,YgOMngl5wN,2025,mls,2,0,0,0,DM,NA,0,0,0,0,0,0,0,0,Diadie Samassékou,1996-01-11,Mali,Houston Dynamo FC,771871,USD,2026-08-18 13:59:10.001831
7VqGjbre5v,0KPqjA456v,2025,mls,1417,1.5137,7,1,CB,NA,4.1092,2.0208,0.6233,0.8584,-0.5184,0.8651,0.1793,0.0131,Bruno Wilson,1996-12-27,Portugal,San Jose Earthquakes,1218333,USD,2026-08-18 13:59:10.001831
7VqGm2OYMv,Z2vQ1xlqrA,2025,mls,978,0.8546,10,1,FB,NA,13.3648,1.532,0.6055,0.1071,0.1815,0.3159,0.2954,0.0266,Tim Leibold,1993-11-30,Germany,Sporting Kansas City,926050,USD,2026-08-18 13:59:10.001831
7VqGmmzzMv,jYQJ8EW5GR,2025,mls,2358,8.6723,77,9,ST,NA,-26.6298,6.9831,0.8045,0.7799,-0.9726,4.34,1.5699,0.4614,Luis Muriel,1991-04-16,Colombia,Orlando City SC,4003333,USD,2026-08-18 13:59:10.001831
7VqGmob3Mv,9z5k7Yg5A3,2025,mls,2321,0,0,0,GK,NA,26.1528,NA,NA,NA,NA,NA,NA,NA,Andre Blake,1990-11-21,Jamaica,Philadelphia Union,1181250,USD,2026-08-18 13:59:10.001831
7vQ73eoDQD,Z2vQ1xlqrA,2025,mls,1232,0.2782,6,0,CM,NA,0.7803,2.0945,1.3083,0.37,0.0848,0.1849,0.1563,-0.0098,Nemanja Radoja,1993-02-06,Serbia,Sporting Kansas City,1390000,USD,2026-08-18 13:59:10.001831
7vQ73orEQD,"c(""a2lqR4JMr0"", ""NWMWlBK5lz"")",2025,mls,2985,0.7665,11,1,FB,NA,10.4756,3.9084,2.0602,0.8168,0.0297,0.768,0.2049,0.0288,DeAndre Yedlin,1993-07-09,USA,NA,948750,USD,2026-08-18 13:59:10.001831
7vQ7BmAzqD,kRQand1MKZ,2025,mls,529,0.1013,2,1,CM,NA,-5.5709,0.9007000000000001,0.3817,0.3365,0.0181,0.13,0.0582,-0.0238,Hassani Dotson,1997-08-06,USA,Minnesota United FC,682500,USD,2026-08-18 13:59:10.001831
7vQ7J8JYqD,kaDQ0wRqEv,2025,mls,2213,10.1539,61,10,W,NA,-2.5421,6.7377,1.1211,-1.0956,0.9884,3.5597,1.7065,0.4576,Joseph Paintsil,1998-02-01,Ghana,LA Galaxy,4182000,USD,2026-08-18 13:59:10.001831
7vQ7J8VDqD,EKXMeX3Q64,2025,mls,659,0.1226,1,0,FB,NA,-2.712,0.9221,0.5792,0.0687,0.1117,0.1802,0.0269,-0.0446,Derek Dodson,1998-11-03,USA,D.C. United,110250,USD,2026-08-18 13:59:10.001831
7vQ7eEPE5D,19vQ2095K6,2025,mls,308,0.1457,5,0,CM,NA,1.3991,0.4466,0.4454,-0.0803,0.028,0.0103,0.0914,-0.0482,Allan Oyirwoth,2007-01-23,Uganda,New England Revolution,120000,USD,2026-08-18 13:59:10.001831
7vQ7eNPO5D,a2lqRX2Mr0,2025,mls,1751,4.3254,35,5,W,NA,-12.3811,1.5238000000000003,0.8816,-0.7655,-1.3375,1.7432,1.0598,-0.0578,Mohammed Sofo,2004-11-30,Ghana,New York Red Bulls,188000,USD,2026-08-18 13:59:10.001831
7vQ7rA7YqD,19vQ2095K6,2025,mls,883,0.3076,4,0,FB,NA,0.123,1.6168,0.7732,-0.0944,0.0772,0.455,0.1038,0.302,Will Sands,2000-07-06,USA,New England Revolution,283333,USD,2026-08-18 13:59:10.001831
7vQ7rKGYqD,jYQJ19EqGR,2025,mls,835,0,0,0,GK,NA,-8.013,NA,NA,NA,NA,NA,NA,NA,Andrew Thomas,1998-09-01,USA,Seattle Sounders FC,200000,USD,2026-08-18 13:59:10.001831
7vQ7rVvGqD,Vj58weDM8n,2025,mls,2582,0.6325,10,1,FB,NA,8.1794,2.5801,1.2406,0.356,-0.1176,0.6338,0.2605,0.2068,Kevin O'Toole,1998-12-14,USA,New York City FC,246667,USD,2026-08-18 13:59:10.001831
7vQ7w3kLQD,0KPqjA456v,2025,mls,931,0,0,0,CB,NA,14.3762,1.3307,0.942,0.4079,-0.016,0.012,0,-0.0152,Max Floriani,2003-02-06,USA,San Jose Earthquakes,83122,USD,2026-08-18 13:59:10.001831
7vQ7wYXeQD,Vj58weDM8n,2025,mls,386,0.072,2,0,FB,NA,7.5235,0.726,0.6693,0.2034,0.0259,0.0352,0.0408,-0.2486,Nico Cavallo,2001-12-27,USA,New York City FC,82470,USD,2026-08-18 13:59:10.001831
7vQ7x6aOMD,lgpMOvnQzy,2025,mls,1115,0.9472,7,1,CM,NA,6.3829,0.7721,0.1694,-0.0918,-0.1586,0.5051,0.2568,0.0912,Jeevan Badwal,2006-03-11,Canada,Vancouver Whitecaps FC,80622,USD,2026-08-18 13:59:10.001831
7vQ7xGkYMD,"c(""zeQZBOzQKw"", ""0KPqjA456v"")",2025,mls,1156,0.0404,1,0,FB,NA,2.6823,1.3837,1.2749,-0.0277,-0.066,0.1472,0.0378,0.0175,Oscar Verhoeven,2006-05-31,USA,NA,138395,USD,2026-08-18 13:59:10.001831
7vQ7xNzdMD,9z5k7Yg5A3,2025,mls,2129,1.4424,17,1,FB,NA,-26.4003,3.4375,1.6292,1.1308,-0.3679,0.6018,0.3749,0.0687,Frankie Westfield,2005-12-09,USA,Philadelphia Union,92127,USD,2026-08-18 13:59:10.001831
7vQ7xWmYMD,lgpMOvnQzy,2025,mls,2968,2.3443,40,2,FB,NA,26.2658,3.7203,1.3382,-0.2731,0.5275,1.4309,0.7676,-0.0708,Édier Ocampo,2003-10-03,Colombia,Vancouver Whitecaps FC,428299,USD,2026-08-18 13:59:10.001831
7vQ7xgKOMD,X0Oq66zq6D,2025,mls,2350,1.0341,14,0,CM,NA,59.9689,2.6654999999999998,1.1161,1.0473,-0.262,0.5837,0.3484,-0.168,Sergio Oregel,2005-05-16,USA,Chicago Fire FC,113400,USD,2026-08-18 13:59:10.001831
7vQ7xpBzMD,mvzqoLZQap,2025,mls,835,1.583,8,1,CM,NA,10.809,1.8135999999999999,0.567,0.4392,-0.2939,0.9033,0.2496,-0.0516,Taha Habroune,2006-02-05,USA,Columbus Crew,116000,USD,2026-08-18 13:59:10.001831
9Yqd6pKkMv,"c(""wvq9B9wQWn"", ""KAqBN0Vqbg"")",2025,mls,555,0.6356,13,0,W,NA,-3.1766,0.9984999999999999,0.1254,0.1858,0.1243,0.3127,0.2913,-0.041,Xande Silva,1997-03-16,Portugal,NA,629250,USD,2026-08-18 13:59:10.001831
9Yqd6yrkMv,"c(""YgOMngl5wN"", ""NWMWlBK5lz"")",2025,mls,767,2.8618,12,2,ST,NA,-14.9781,1.6071,0.6267,-0.3761,-0.3173,1.2101,0.4096,0.0541,Sergio Santos,1994-09-04,Brazil,NA,940625,USD,2026-08-18 13:59:10.001831
9YqdY2mRQv,eVq3ya6MWO,2025,mls,825,0.7583,8,1,DM,NA,10.0454,1.3921,0.605,0.3747,0.0459,0.2309,0.1882,-0.0526,Mathieu Choinière,1999-02-07,Canada,Los Angeles FC,698780,USD,2026-08-18 13:59:10.001831
9YqddY89qv,mvzqoLZQap,2025,mls,374,0.179,4,1,CB,NA,9.6719,0.7134,0.3783,0.0288,0.1094,0.0597,0.1309,0.0063,Cesar Ruvalcaba,2001-07-13,USA,Columbus Crew,80622,USD,2026-08-18 13:59:10.001831
9YqdoDvL5v,KAqBN0Vqbg,2025,mls,818,0,0,0,GK,NA,1.2255,NA,NA,NA,NA,NA,NA,NA,Jayden Hibbert,2004-08-05,Jamaica,Atlanta United FC,80622,USD,2026-08-18 13:59:10.001831
9Yqdwg885v,NWMWlBK5lz,2025,mls,1349,0.5842,9,0,CB,NA,2.6608,1.4231,0.6166,0.6127,-0.1913,0.1643,0.2089,0.0119,Gilberto Flores,2003-04-01,Paraguay,FC Cincinnati,411664,USD,2026-08-18 13:59:10.001831
9Yqdwlrj5v,jYQJ8EW5GR,2025,mls,2876,9.9813,103,12,W,NA,7.1187,8.7109,1.2734,0.9007,1.6244,2.3255,2.7904,-0.2035,Marco Pašalić,2000-09-14,Croatia,Orlando City SC,1650667,USD,2026-08-18 13:59:10.001831
9vQ229oLQK,Z2vQ1xlqrA,2025,mls,1414,2.1983,45,4,W,NA,-1.2448,3.3373999999999997,0.8372,-0.3063,0.3322,1.134,1.0929,0.2474,Erik Thommy,1994-08-20,Germany,Sporting Kansas City,1606250,USD,2026-08-18 13:59:10.001831
9vQ22BR7QK,jYQJ19EqGR,2025,mls,2630,6.3246,41,4,W,NA,-6.7606,5.1078,1.0688,0.2625,-0.9518,3.5536,1.2155,-0.0408,Jesús Ferreira,2000-12-24,USA,Seattle Sounders FC,1828960,USD,2026-08-18 13:59:10.001831
9vQ22OOoQK,19vQ2095K6,2025,mls,813,0.0761,3,0,DM,NA,-0.3255,0.2726,0.5078,-0.325,-0.165,0.1622,0.0864,0.0062,Jackson Yueill,1997-03-19,USA,New England Revolution,1086750,USD,2026-08-18 13:59:10.001831
9vQ22jRLQK,vzqoOgNqap,2025,mls,3192,0.6094,12,2,FB,NA,-11.04,4.2084,1.6625,2.0421,0.0196,0.4333,0.3468,-0.2959,Daniel Lovitz,1991-08-27,USA,Nashville SC,542500,USD,2026-08-18 13:59:10.001831
9vQ22nALQK,lgpMOvnQzy,2025,mls,1779,7.4879,43,4,ST,NA,-5.4517,2.8881,0.568,-0.9808,-1.5827,3.7205,1.1811,-0.018,Daniel Ríos,1995-02-22,Mexico,Vancouver Whitecaps FC,188880,USD,2026-08-18 13:59:10.001831
9vQ22pVaQK,19vQ2095K6,2025,mls,2585,1.3303,11,1,CM,NA,43.9945,3.5738,1.6757,0.914,0.0611,0.6963,0.242,-0.0153,Matt Polster,1993-06-08,USA,New England Revolution,683333,USD,2026-08-18 13:59:10.001831
9vQ248BL5K,NPqxKXZ59d,2025,mls,2346,11.7024,48,12,ST,NA,-9.7471,5.9348,0.6902,-1.5249,-0.9288,6.3748,1.541,-0.2175,Idan Toklomati,2004-08-09,Israel,Charlotte FC,452700,USD,2026-08-18 13:59:10.001831
9vQ24BKm5K,lgpMOvnQzy,2025,mls,260,0.6742,4,0,FB,NA,-3.6551,0.12999999999999998,0.0128,-0.0693,-0.133,0.1804,0.1392,-1e-4,Giuseppe Bovalina,2004-11-11,Australia,Vancouver Whitecaps FC,116980,USD,2026-08-18 13:59:10.001831
9vQ24Gkx5K,Vj58weDM8n,2025,mls,1741,1.3514,21,0,W,NA,0.9873,3.4413,1.269,-0.3371,0.6207,1.2723,0.3175,0.2989,Agustín Ojeda,2004-06-19,Argentina,New York City FC,577833,USD,2026-08-18 13:59:10.001831
9vQ2Z3doQK,mKAqBBmqbg,2025,mls,33,0.0293,1,0,ST,NA,-0.615,0.035199999999999995,0.0139,-0.0097,0,0.0018,0.0276,0.0016,Louicius Don Deedson,2001-02-11,Haiti,FC Dallas,330319,USD,2026-08-18 13:59:10.001831
9vQ2ZDwaQK,lgpMOvnQzy,2025,mls,1408,1.518,14,2,CM,NA,6.9764,2.8548,0.8926,0.6987,0.0433,0.7901,0.3943,0.0358,J.C. Ngando,1999-11-20,Cameroon,Vancouver Whitecaps FC,104000,USD,2026-08-18 13:59:10.001831
9vQ2ZEYoQK,Vj58weDM8n,2025,mls,718,0,0,0,CB,NA,5.2492,0.5036,0.0995,0.3947,0.0114,0.0103,0,-0.0123,Strahinja Tanasijević,1997-06-12,Serbia,New York City FC,338750,USD,2026-08-18 13:59:10.001831
9vQ2ZNGLQK,9z5k7Yg5A3,2025,mls,366,0.2705,5,0,W,NA,-2.9323,0.031100000000000017,-0.0485,-0.1571,-0.1374,0.2394,0.1246,0.0101,Ben Bender,2001-03-07,USA,Philadelphia Union,150000,USD,2026-08-18 13:59:10.001831
9vQ2ZWw1QK,eVq3ya6MWO,2025,mls,115,0,0,0,CM,NA,-2.0078,0.1827,0.1422,-0.0183,0.0487,0.0083,0,0.0018,Odin Thiago Holm,2003-01-18,Norway,Los Angeles FC,660000,USD,2026-08-18 13:59:10.001831
9vQ2ZjbmQK,lgpMOvnQzy,2025,mls,1550,3.8823,34,2,W,NA,2.2214,5.5062999999999995,0.5817,0.1214,2.1087,1.2845,1.0213,0.3887,Jayden Nelson,2002-09-26,Canada,Vancouver Whitecaps FC,414000,USD,2026-08-18 13:59:10.001831
9vQ2ZlkaQK,KAqBN0Vqbg,2025,mls,1347,0.6317,3,0,CB,NA,16.6797,1.4127,0.6178,0.5019,-0.0283,0.3262,0.0645,-0.0694,Matthew Edwards,2003-02-17,USA,Atlanta United FC,80622,USD,2026-08-18 13:59:10.001831
9vQ2ZoR7QK,mvzqoLZQap,2025,mls,1774,3.686,27,5,FB,NA,5.6191,4.2249,1.108,-0.1202,0.4993,1.928,0.7881,0.0217,Andrés Herrera,1998-11-03,Argentina,Columbus Crew,737158,USD,2026-08-18 13:59:10.001831
9vQ2ZyAaQK,APk5LGOMOW,2025,mls,1247,0.166,5,0,CB,NA,9.5713,0.8416,0.15310000000000001,0.6048,-0.2125,0.2652,0.1135,-0.0825,Fernando Álvarez,2003-08-24,USA,CF Montréal,307500,USD,2026-08-18 13:59:10.001831
9vQ2d3X75K,X0Oq66zq6D,2025,mls,795,0.0943,2,0,DM,NA,-0.4255,0.09920000000000001,0.4384,-0.2166,-0.0223,0.1166,0.0506,-0.2675,Kellyn Acosta,1995-07-24,USA,Chicago Fire FC,1628477,USD,2026-08-18 13:59:10.001831
9vQ2d66e5K,KAqBN0Vqbg,2025,mls,1493,0.6804,5,0,CB,NA,24.4171,3.0086,1.2786,1.1343,0.2797,0.3093,0.0242,-0.0175,Stian Gregersen,1995-05-17,Norway,Atlanta United FC,920000,USD,2026-08-18 13:59:10.001831
9z5k36ra5A,kRQand1MKZ,2025,mls,26,0,0,0,ST,NA,-0.0597,-0.0068000000000000005,-0.0032,-0.0025,-0.01,0.0089,0,0,Loïc Mesanvi,2003-10-06,Togo,Minnesota United FC,83613,USD,2026-08-18 13:59:10.001831
9z5k3O7J5A,a2lqRX2Mr0,2025,mls,214,0.0772,3,0,FB,NA,1.8512,0.339,0.0551,0.1695,0.0505,0.0378,0.0522,-0.0261,Marcelo Morales,2003-06-06,Chile,New York Red Bulls,447375,USD,2026-08-18 13:59:10.001831
9z5k3nlg5A,zeQZBOzQKw,2025,mls,16,0,0,0,CM,NA,0,0.0012,0,0,0,0,0,0.0012,Anisse Saidi,2008-06-20,USA,San Diego FC,94512,USD,2026-08-18 13:59:10.001831
9z5k3r7a5A,X0Oq66zq6D,2025,mls,324,0,0,0,CB,NA,6.2871,0.3585,0.3166,0.1395,-0.0345,-6e-4,0,-0.0625,Christopher Cupps,2008-05-26,USA,Chicago Fire FC,83408,USD,2026-08-18 13:59:10.001831
9z5k71be5A,0KPqjA456v,2025,mls,3052,0.81,13,0,CB,NA,33.1771,4.4185,1.4518,2.0456,0.1841,0.436,0.3118,-0.0108,Dave Romney,1993-06-12,USA,San Jose Earthquakes,938000,USD,2026-08-18 13:59:10.001831
9z5k76Yd5A,a2lqR4JMr0,2025,mls,2126,1.4009,28,1,FB,NA,-17.5464,3.0447,0.8942,0.7161,0.1132,1.0313,0.5449,-0.255,Alexandros Katranis,1998-05-04,Greece,Real Salt Lake,494875,USD,2026-08-18 13:59:10.001831
9z5k7kBJ5A,kRQabn8MKZ,2025,mls,2826,0.9213,11,1,CB,NA,9.4832,4.301699999999999,2.4814,1.3898,-0.4439,0.414,0.2926,0.1678,Sigurd Rosted,1994-07-22,Norway,Toronto FC,805000,USD,2026-08-18 13:59:10.001831
9z5k7rej5A,gpMOLwl5zy,2025,mls,1734,9.8684,54,5,ST,NA,-23.3779,5.5175,0.8164,-0.4193,-1.1132,4.8897,1.3036,0.0403,Brandon Vázquez,1998-10-14,NA,Austin FC,3551778,USD,2026-08-18 13:59:10.001831
9z5kGga5A3,kRQabn8MKZ,2025,mls,3134,0,0,0,GK,NA,-4.8395,NA,NA,NA,NA,NA,NA,NA,Sean Johnson,1989-05-31,USA,Toronto FC,1063125,USD,2026-08-18 13:59:10.001831
9z5kNOEdMA,kRQabn8MKZ,2025,mls,14,0,0,0,CM,NA,-0.4528,0.0033,0,0.0031,2e-4,0,0,0,Michael Sullivan,2003-03-03,USA,Toronto FC,NA,NA,2026-08-18 13:59:10.001831
9z5ka8adQA,lgpMOvnQzy,2025,mls,474,1.4099,10,1,W,NA,-0.8052,1.4288999999999998,0.2996,0.1043,-0.0659,0.7867,0.3287,-0.0245,Ryan Gauld,1995-12-16,Scotland,Vancouver Whitecaps FC,3675000,USD,2026-08-18 13:59:10.001831
9z5karAKQA,NWMWlBK5lz,2025,mls,1557,0.8361,10,1,CB,NA,25.688,2.6479,1.4332,0.9449,0.1373,0.4519,0.188,-0.5074,Nick Hagglund,1992-09-14,USA,FC Cincinnati,266667,USD,2026-08-18 13:59:10.001831
9z5kb8dJMA,Vj58weDM8n,2025,mls,872,0.0783,4,0,FB,NA,-0.5281,1.2431,0.5383,0.467,0.0439,0.0469,0.1207,0.0263,Raul Gustavo,1999-04-24,Brazil,New York City FC,812960,USD,2026-08-18 13:59:10.001831
9z5kbwEdMA,lgpMOvnQzy,2025,mls,57,0.4746,1,1,ST,NA,0.6023,0.08839999999999999,0.0334,-0.0043,0.0056,0.0149,0.0472,-0.0084,Nelson Pierre,2005-03-22,USA,Vancouver Whitecaps FC,118116,USD,2026-08-18 13:59:10.001831
BLMv1GlQxe,jYQJ19EqGR,2025,mls,2705,9.6003,69,12,AM,NA,43.822,7.9876,0.5323,2.2356,0.5705,2.2725,1.9028,0.4739,Albert Rusnák,1994-07-07,Slovakia,Seattle Sounders FC,2575000,USD,2026-08-18 13:59:10.001831
BLMv64wlMx,zeQZBOzQKw,2025,mls,16,0,0,0,GK,NA,0.182,NA,NA,NA,NA,NA,NA,NA,Duran Michael Ferree,2006-09-28,USA,San Diego FC,80622,USD,2026-08-18 13:59:10.001831
BLMv6ZyRMx,0KPqjA456v,2025,mls,435,0.4183,5,1,DM,NA,2.5526,1.1164,0.295,0.3761,-0.0071,0.2582,0.1804,0.0138,Niko Tsakiris,2005-06-19,USA,San Jose Earthquakes,169167,USD,2026-08-18 13:59:10.001831
BLMv6j1AMx,X0Oq66zq6D,2025,mls,1579,0.4821,5,2,DM,NA,13.1488,1.2357,1.1347,0.4987,-0.4184,0.2881,0.1114,-0.3788,Djé D'Avilla,2003-05-05,Ivory Coast,Chicago Fire FC,660490,USD,2026-08-18 13:59:10.001831
BLMv6jROMx,Vj58weDM8n,2025,mls,1665,3.5533,41,3,W,NA,-12.3512,5.1068999999999996,1.1878,0.8482,0.6696,1.4484,0.8387,0.1142,Julián Fernández,2004-01-30,Argentina,New York City FC,724300,USD,2026-08-18 13:59:10.001831
BLMv7DLA5x,pzeQZ6xQKw,2025,mls,1593,6.2933,29,8,ST,NA,-18.0499,4.3688,0.7818,-1.1268,-0.2418,3.5288,0.8676,0.5592,Darren Yapi,2004-11-19,USA,Colorado Rapids,114833,USD,2026-08-18 13:59:10.001831
BLMv7L435x,zeQZBOzQKw,2025,mls,43,0,0,0,CB,NA,1.715,-0.2362,0.0332,0.0301,0.0028,1e-4,0,-0.3024,Andrés Reyes,1999-09-08,Colombia,San Diego FC,807000,USD,2026-08-18 13:59:10.001831
BLMv7oaB5x,NPqxKXZ59d,2025,mls,1620,0.907,12,0,DM,NA,13.619,1.9066999999999998,1.5446,0.1049,0.1132,0.315,0.2224,-0.3934,Djibril Diani,1998-02-11,France,Charlotte FC,337944,USD,2026-08-18 13:59:10.001831
BLMv7wr75x,kRQand1MKZ,2025,mls,226,0,0,0,GK,NA,-2.2715,NA,NA,NA,NA,NA,NA,NA,Wessel Speel,2001-10-17,Netherlands,Minnesota United FC,80622,USD,2026-08-18 13:59:10.001831
BLMv7ygB5x,jYQJ8EW5GR,2025,mls,2101,0.8721,19,2,CM,NA,40.3974,3.5324,1.3572,1.2898,-0.0171,0.4778,0.4481,-0.0234,César Araújo,2001-04-02,Uruguay,Orlando City SC,548000,USD,2026-08-18 13:59:10.001831
BLMva87Qxe,wvq9B9wQWn,2025,mls,2567,0,0,0,GK,NA,13.4738,NA,NA,NA,NA,NA,NA,NA,Roman Bürki,1990-11-14,Switzerland,St. Louis City SC,1707469,USD,2026-08-18 13:59:10.001831
BLMvkAAR5x,9z5k7Yg5A3,2025,mls,2933,5.3245,45,3,CM,NA,9.2792,5.9223,2.1204,0.9135,0.2929,1.7906,0.8951,-0.0902,Danley Jean Jacques,2000-05-20,Haiti,Philadelphia Union,652100,USD,2026-08-18 13:59:10.001831
BLMvzKKjMx,Z2vQ1xlqrA,2025,mls,556,0.1105,1,0,FB,NA,12.3332,0.5345,0.3092,-0.0487,0.1326,0.0948,0.0417,0.0049,Andrew Brody,1995-05-03,USA,Sporting Kansas City,300678,USD,2026-08-18 13:59:10.001831
BLMvzyGjMx,KAqBN0Vqbg,2025,mls,2441,10.9273,58,7,ST,NA,-17.665,5.1486,0.6088,-2.0875,0.1782,4.9326,1.5404,-0.0239,Emmanuel Latte Lath,1999-01-01,Ivory Coast,Atlanta United FC,4030546,USD,2026-08-18 13:59:10.001831
EGMP1jAA5a,eVq3ya6MWO,2025,mls,613,0.6504,7,1,CM,NA,5.0841,0.8148000000000001,0.4526,-0.0041,-0.0757,0.277,0.1715,-0.0065,Frankie Amaya,2000-09-26,USA,Los Angeles FC,574000,USD,2026-08-18 13:59:10.001831
EGMP1vPx5a,YgOMngl5wN,2025,mls,330,0,0,0,GK,NA,-5.9314,NA,NA,NA,NA,NA,NA,NA,Blake Gillingham,2002-10-11,USA,Houston Dynamo FC,80622,USD,2026-08-18 13:59:10.001831
EGMP1vxy5a,WBLMvYAQxe,2025,mls,1124,2.9555,41,2,W,NA,0.0781,4.9154,0.5632,1.1064,0.9975,0.963,1.0302,0.2551,Kristoffer Velde,1999-09-09,Norway,Portland Timbers FC,3027000,USD,2026-08-18 13:59:10.001831
EGMP1wzA5a,vzqoOgNqap,2025,mls,44,0.0285,1,0,FB,NA,1.7838,-0.0356,-0.028,0.0151,-0.0484,3e-4,0.0239,0.0015,Tate Schmitt,1997-05-28,USA,Nashville SC,104000,USD,2026-08-18 13:59:10.001831
EGMP4WVMaY,eVq3ya6MWO,2025,mls,3537,0,0,0,GK,NA,-5.9259,NA,NA,NA,NA,NA,NA,NA,Hugo Lloris,1986-12-26,France,Los Angeles FC,700000,USD,2026-08-18 13:59:10.001831
EGMPR64xqa,"c(""pzeQZ6xQKw"", ""KAqBN0Vqbg"")",2025,mls,914,0.2627,3,0,CB,NA,4.6025,1.0952,0.3525,0.6199,-0.0153,0.1302,0.073,-0.0651,Noah Cobb,2005-07-20,NA,NA,109000,USD,2026-08-18 13:59:10.001831
EGMPRNwVqa,eVq3ya6MWO,2025,mls,2075,0.9037,15,0,DM,NA,15.6554,2.5437,1.082,0.8479,-0.2223,0.4447,0.4014,-0.01,Igor Jesus,2003-03-07,Brazil,Los Angeles FC,616684,USD,2026-08-18 13:59:10.001831
EGMPROvAqa,kRQand1MKZ,2025,mls,81,0,0,0,CM,NA,0.9796,0.0861,0.0975,0.0088,-0.0661,0.0515,0,-0.0056,Alisa Randell,2007-08-25,USA,Minnesota United FC,91016,USD,2026-08-18 13:59:10.001831
EGMPRgDAqa,19vQ2095K6,2025,mls,2868,0.7194,11,1,CB,NA,29.2897,4.6588,3.1041,1.3358,-0.2313,0.5554,0.1802,-0.2854,Brayan Ceballos,2001-05-24,Colombia,New England Revolution,805625,USD,2026-08-18 13:59:10.001831
EGMPRpB0qa,19vQ2095K6,2025,mls,1818,2.6549,27,2,W,NA,-7.5329,3.2457,0.9176,-0.3201,0.1274,1.6291,0.8168,0.0749,Luca Langoni,2002-02-09,Argentina,New England Revolution,732283,USD,2026-08-18 13:59:10.001831
EGMPRxGrqa,lgpMOvnQzy,2025,mls,69,0,0,0,W,NA,-0.482,-0.0289,0.024,-0.015,-0.0477,0.0094,0,4e-4,Liam Mackenzie,2007-03-15,Canada,Vancouver Whitecaps FC,96047,USD,2026-08-18 13:59:10.001831
EGMPRxR4qa,zeQZBOzQKw,2025,mls,874,0.0404,1,0,FB,NA,-2.3978,0.5774,0.7583,-0.3827,0.2495,0.1742,0.0376,-0.2595,Willy Kumado,2002-10-16,Ghana,San Diego FC,116435,USD,2026-08-18 13:59:10.001831
EGMPYRXV5a,Vj58weDM8n,2025,mls,20,0.4165,3,0,W,NA,0.7982,0.2234,0.0015,0.0228,0.0019,0.1747,0.0262,-0.0037,Musu,NA,USA,New York City FC,NA,NA,2026-08-18 13:59:10.001831
EGMPYkGA5a,kRQand1MKZ,2025,mls,68,0,0,0,FB,NA,-1.1563,0.0419,0.0575,-0.0131,-0.0032,7e-4,0,0,Kieran Chandler,2005-06-09,USA,Minnesota United FC,80622,USD,2026-08-18 13:59:10.001831
EGMPZ0m3qa,WBLMvYAQxe,2025,mls,2805,1.3085,21,1,FB,NA,50.7588,3.8841,1.8548,0.4973,0.2833,0.4662,0.5213,0.2612,Juan Mosquera,2002-09-05,Colombia,Portland Timbers FC,411650,USD,2026-08-18 13:59:10.001831
EGMPZZa3qa,jYQJ19EqGR,2025,mls,16,0,0,0,W,NA,-0.838,-0.006299999999999999,-0.0118,0.0044,-0.0069,0.008,0,0,Peter Kingston,2001-07-14,USA,Seattle Sounders FC,NA,NA,2026-08-18 13:59:10.001831
EGMPZlYrqa,Z2vQ1xlqrA,2025,mls,2614,1.2547,10,0,CB,NA,-4.2479,5.4636000000000005,2.9275,1.3474,-0.0345,1.1665,0.35,-0.2933,Jansen Miller,2002-02-10,USA,Sporting Kansas City,82302,USD,2026-08-18 13:59:10.001831
EGMPlOjkMa,WBLMvYAQxe,2025,mls,2077,10.6542,45,7,ST,NA,-31.0058,4.1422,0.5414,-1.9014,-1.3704,5.2008,1.3653,0.3065,Felipe Mora,1993-08-02,Chile,Portland Timbers FC,1472750,USD,2026-08-18 13:59:10.001831
EGMPn03kqa,kaDQ0wRqEv,2025,mls,1236,0.2531,7,0,DM,NA,13.5301,1.5691,0.6015,0.35,0.1004,0.3681,0.1722,-0.0231,Isaiah Parente,2000-03-16,USA,LA Galaxy,104000,USD,2026-08-18 13:59:10.001831
EGMPnReVqa,mKAqBBmqbg,2025,mls,1857,4.0392,36,6,W,NA,-8.7067,3.513,0.4349,-0.2329,0.1549,2.5474,0.7582,-0.1495,Anderson Julio,1996-05-31,Ecuador,FC Dallas,820000,USD,2026-08-18 13:59:10.001831
EGMPnxNAqa,KAqBN0Vqbg,2025,mls,9,0,0,0,FB,NA,0.0468,-0.0166,0,-0.015,-0.0018,2e-4,0,0,Nykolas Sessock,2000-06-17,USA,Atlanta United FC,104000,USD,2026-08-18 13:59:10.001831
EGMPrOV0qa,wvq9B9wQWn,2025,mls,22,0,0,0,DM,NA,-0.3309,0.0818,0.0808,0.0021,0,-0.0011,0,0,Seth Antwi,NA,Ghana,St. Louis City SC,104000,USD,2026-08-18 13:59:10.001831
KAqB92k75b,YgOMngl5wN,2025,mls,1803,1.6495,12,2,FB,NA,38.668,3.0343000000000004,1.0214,1.1463,0.0196,0.6731,0.3057,-0.1318,Franco Escobar,1995-02-21,Argentina,Houston Dynamo FC,599167,USD,2026-08-18 13:59:10.001831
KAqB96V75b,KAqBN0Vqbg,2025,mls,1690,0.0186,1,0,CB,NA,19.0681,1.9291,0.7111,1.1449,0.27,0.0379,0.0498,-0.2846,Luis Abram,1996-02-27,Peru,Atlanta United FC,871888,USD,2026-08-18 13:59:10.001831
KAqB9DZX5b,kRQabn8MKZ,2025,mls,1426,0.6577,8,1,FB,NA,-1.1216,2.6468,1.2421,0.0382,0.5615,0.3759,0.1994,0.2297,Richie Laryea,1995-01-07,Canada,Toronto FC,1169438,USD,2026-08-18 13:59:10.001831
KAqB9K1v5b,KAqBN0Vqbg,2025,mls,2586,1.8591,24,2,DM,NA,47.1919,5.4544,2.0297,1.7133,0.5959,0.7123,0.6051,-0.2019,Bartosz Slisz,1999-03-29,Poland,Atlanta United FC,870000,USD,2026-08-18 13:59:10.001831
KAqB9KxB5b,NWMWlBK5lz,2025,mls,1926,0.799,9,0,CM,NA,-0.7899,2.4447,1.7975,-0.3199,0.3138,0.5134,0.2026,-0.0627,Brian Anunga,1996-08-10,Cameroon,FC Cincinnati,116500,USD,2026-08-18 13:59:10.001831
KAqB9bKv5b,"c(""APk5LGOMOW"", ""X0Oq66zq6D"")",2025,mls,2512,0.0774,1,1,CB,NA,44.935,5.0037,2.9982,1.6668,0.2257,0.1615,0.0424,-0.0909,Joel Waterman,1996-01-24,Canada,NA,555400,USD,2026-08-18 13:59:10.001831
KAqBNEpWqb,19vQ2095K6,2025,mls,1841,8.1432,64,7,ST,NA,-11.9329,4.969,0.8153,-0.5925,-1.3158,4.6608,1.4962,-0.095,Leonardo Campana,2000-07-24,Ecuador,New England Revolution,1372333,USD,2026-08-18 13:59:10.001831
KAqBNL8mqb,9z5k7Yg5A3,2025,mls,2649,1.5409,13,2,FB,NA,-9.6848,4.785,2.8593,0.938,-0.3651,0.9541,0.3096,0.0891,Nathan Harriel,2001-04-23,USA,Philadelphia Union,312800,USD,2026-08-18 13:59:10.001831
KAqBNbaWqb,"c(""APk5LGOMOW"", ""KAqBN0Vqbg"")",2025,mls,999,0.3546,3,0,CB,NA,17.165,1.7106999999999999,0.1037,0.9455,0.014,0.5557,0.1071,-0.0153,Efrain Morales,2004-03-04,USA,NA,112019,USD,2026-08-18 13:59:10.001831
KAqBNdyZqb,kRQand1MKZ,2025,mls,2491,13.3561,63,9,ST,NA,-23.2442,6.9156,0.8688,-0.918,-0.1766,5.1421,1.9575,0.0418,Kelvin Yeboah,2000-05-06,Italy,Minnesota United FC,1477200,USD,2026-08-18 13:59:10.001831
KAqBNnYXqb,mvzqoLZQap,2025,mls,2271,1.0607,12,1,CB,NA,43.7162,4.6388,2.4292,1.4775,0.3124,0.2445,0.2975,-0.1223,Malte Amundsen,1998-02-11,Denmark,Columbus Crew,697496,USD,2026-08-18 13:59:10.001831
KAqBNnrVqb,9z5k7Yg5A3,2025,mls,1067,0.8603,13,1,CM,NA,-12.0135,1.0737999999999999,0.9387,-0.0837,0.0116,0.3772,0.3243,-0.4943,Jesús Bueno,1999-04-15,Venezuela,Philadelphia Union,332625,USD,2026-08-18 13:59:10.001831
KAqBNr8Jqb,kRQabn8MKZ,2025,mls,2380,0.4371,6,0,FB,NA,-10.9597,2.8358,2.3843,0.5868,0.0102,0.3191,0.1137,-0.5783,Kosi Thompson,2003-01-27,Canada,Toronto FC,125260,USD,2026-08-18 13:59:10.001831
KAqBNrRXqb,a2lqRX2Mr0,2025,mls,2944,1.9934,19,1,CB,NA,46.8812,8.3867,4.3712,2.1015,1.0264,0.5702,0.3967,-0.0793,Noah Eile,2002-07-19,Sweden,New York Red Bulls,493200,USD,2026-08-18 13:59:10.001831
KAqBgD4Qbg,YgOMngl5wN,2025,mls,2696,0,0,0,GK,NA,8.6499,NA,NA,NA,NA,NA,NA,NA,Jonathan Bond,1993-05-19,England,Houston Dynamo FC,459704,USD,2026-08-18 13:59:10.001831
KAqBjOz4qb,NWMWlBK5lz,2025,mls,416,0.4043,2,0,FB,NA,1.2679,0.1931,0.2037,-0.0599,-0.2192,0.2325,0.0481,-0.0121,Brad Smith,1994-04-09,Australia,FC Cincinnati,114000,USD,2026-08-18 13:59:10.001831
KAqBjWZBqb,kRQabn8MKZ,2025,mls,2150,2.5377,16,4,CM,NA,16.2258,3.7706999999999997,2.1622,0.1738,-0.3413,1.2446,0.5081,0.0233,Jonathan Osorio,1992-06-12,Canada,Toronto FC,1183333,USD,2026-08-18 13:59:10.001831
KAqBjYjvqb,KAqBN0Vqbg,2025,mls,1485,1.1163,8,1,CB,NA,13.0041,2.4593,0.5733,1.1054,0.0052,0.4913,0.2967,-0.0126,Derrick Williams,1993-01-17,Republic of Ireland,Atlanta United FC,497500,USD,2026-08-18 13:59:10.001831
KAqBjgDAqb,mKAqBBmqbg,2025,mls,2761,0.1642,6,0,DM,NA,22.4846,4.0207999999999995,2.1628,1.8817,0.0894,0.2426,0.0923,-0.448,Ramiro,1993-05-22,Brazil,FC Dallas,500000,USD,2026-08-18 13:59:10.001831
KAqBjoBvqb,jYQJ19EqGR,2025,mls,675,0.2835,5,0,W,NA,3.7293,1.4259,0.5579,0.015,0.3987,0.3665,0.0923,-0.0045,Ryan Kent,1996-11-11,England,Seattle Sounders FC,959500,USD,2026-08-18 13:59:10.001831
KAqBkYpWQb,EKXMeX3Q64,2025,mls,102,0.0564,2,0,ST,NA,-0.7597,0.04939999999999999,-5e-4,-0.0142,-0.0543,0.0648,0.0566,-0.003,Kristian Fletcher,2005-08-06,USA,D.C. United,169509,USD,2026-08-18 13:59:10.001831
KAqBka7BQb,wvq9B9wQWn,2025,mls,123,0.193,1,0,CB,NA,1.4156,0.7027,0.4523,0.0789,0.0036,0.1368,0.0306,5e-4,Michael Wentzel,2002-04-10,Germany,St. Louis City SC,80622,USD,2026-08-18 13:59:10.001831
KAqBlEZMbg,kaDQ0wRqEv,2025,mls,2637,3.3886,20,2,CB,NA,44.6978,8.469199999999999,2.6961,2.8427,0.4971,1.8038,0.6457,-0.0162,Maya Yoshida,1988-08-24,Japan,LA Galaxy,526281,USD,2026-08-18 13:59:10.001831
KAqBvrrVqb,NWMWlBK5lz,2025,mls,104,0,0,0,FB,NA,-0.2197,0.1675,0.1041,0.0117,0.0409,0.0108,0,0,Kenji Mboma Dem,2002-01-22,France,FC Cincinnati,80622,USD,2026-08-18 13:59:10.001831
KAqBvvRmqb,jYQJ8EW5GR,2025,mls,21,0,0,0,ST,NA,0.6795,0.1013,0.099,-0.0025,-0.0013,0.0061,0,0,Shakur Mohammed,2003-08-27,Ghana,Orlando City SC,126000,USD,2026-08-18 13:59:10.001831
KAqBxEWMbg,NPqxKXZ59d,2025,mls,3262,8.988,60,10,W,NA,5.8123,7.2438,1.13,0.7266,0.3181,2.3803,1.7751,0.9137,Wilfried Zaha,1992-11-10,Ivory Coast,Charlotte FC,2751667,USD,2026-08-18 13:59:10.001831
KPqj71NyQ6,vzqoOgNqap,2025,mls,3545,28.0475,116,25,ST,NA,-30.9468,16.807,1.1796,-1.4248,1.2522,11.3656,3.5864,0.848,Sam Surridge,1998-07-28,England,Nashville SC,3208139,USD,2026-08-18 13:59:10.001831
KPqj74g4Q6,X0Oq66zq6D,2025,mls,782,1.505,13,3,CM,NA,8.9255,1.8069,0.5194,0.0661,0.625,0.3109,0.3915,-0.106,Rominigue Kouame,1996-12-17,Mali,Chicago Fire FC,693755,USD,2026-08-18 13:59:10.001831
KPqj7K72Q6,wvq9B9wQWn,2025,mls,1365,3.7635,27,3,ST,NA,-14.6857,2.4927,0.3108,-0.4898,-0.123,1.8343,0.6598,0.3006,Cedric Teuchert,1997-01-14,Germany,St. Louis City SC,1342500,USD,2026-08-18 13:59:10.001831
KPqj7OVPQ6,APk5LGOMOW,2025,mls,820,1.0692,13,1,W,NA,-4.9994,1.9663,0.4408,0.1605,0.3136,0.6952,0.3187,0.0375,Fabian Herbers,1993-08-17,Germany,CF Montréal,440000,USD,2026-08-18 13:59:10.001831
KPqj7VbYQ6,WBLMvYAQxe,2025,mls,422,0.9204,15,1,W,NA,-4.9055,0.9143,0.1494,0.111,-0.0879,0.392,0.3702,-0.0204,Matías Rojas,1995-11-03,Paraguay,Portland Timbers FC,743262,USD,2026-08-18 13:59:10.001831
KPqj7Y0BQ6,"c(""APk5LGOMOW"", ""kRQabn8MKZ"")",2025,mls,1702,0.751,12,0,DM,NA,6.4059,2.4636,1.459,0.1502,-0.0778,0.5975,0.3201,0.0146,Matty Longstaff,2000-03-21,England,NA,331869,USD,2026-08-18 13:59:10.001831
KPqj7daPQ6,"c(""mvzqoLZQap"", ""0KPqjA456v"")",2025,mls,1566,0.5135,5,1,FB,NA,-0.3033,2.0985,0.7097,0.5598,0.0359,0.5623,0.1411,0.0897,DeJuan Jones,1997-06-24,USA,NA,846250,USD,2026-08-18 13:59:10.001831
KPqj7jY4Q6,0KPqjA456v,2025,mls,1200,1.6247,14,1,CM,NA,2.5197,2.6942,1.0496,0.3447,0.1415,0.6678,0.4155,0.0751,Mark-Anthony Kaye,1994-12-02,Canada,San Jose Earthquakes,800000,USD,2026-08-18 13:59:10.001831
KPqj7jxPQ6,mvzqoLZQap,2025,mls,330,0.7454,5,3,ST,NA,-6.253,0.5939,0.1263,-0.1626,-0.7419,0.8863,0.218,0.2678,Wessam Abou Ali,1999-01-04,Palestine,Columbus Crew,2157375,USD,2026-08-18 13:59:10.001831
KPqj7loEQ6,X0Oq66zq6D,2025,mls,1970,1.3971,8,0,CB,NA,44.0654,2.0047,0.7688,1.1125,-0.0149,0.3082,0.2196,-0.3895,Sam Rogers,1999-05-17,USA,Chicago Fire FC,143000,USD,2026-08-18 13:59:10.001831
KPqjBBNBq6,kRQand1MKZ,2025,mls,2381,1.7525,19,1,CB,NA,8.6219,3.2383,1.4379,0.8174,-0.2044,1.0032,0.4795,-0.2953,Jefferson Díaz,2000-12-05,Colombia,Minnesota United FC,380000,USD,2026-08-18 13:59:10.001831
KPqjK4w4Q6,zeQZkL1MKw,2025,mls,2630,0.2299,5,0,CB,NA,33.2854,3.3037,2.1997,0.7612,0.1871,0.1961,0.1124,-0.1528,Noah Allen,2004-04-28,USA,Inter Miami CF,184653,USD,2026-08-18 13:59:10.001831
KPqjKLjnQ6,a2lqRX2Mr0,2025,mls,744,2.7723,19,3,FB,NA,-18.0377,2.4974,0.3402,0.0895,0.3675,0.863,0.5395,0.2977,Cameron Harper,2001-11-19,USA,New York Red Bulls,401750,USD,2026-08-18 13:59:10.001831
KPqjKN62Q6,mKAqBBmqbg,2025,mls,333,0.0239,1,0,CM,NA,-4.0656,0.2558,0.1517,0.0062,0.0344,0.0613,0.0167,-0.0145,Show,1999-03-06,Angola,FC Dallas,504350,USD,2026-08-18 13:59:10.001831
KPqjKNkBQ6,wvq9B9wQWn,2025,mls,11,0.0246,1,0,FB,NA,-0.7343,0.0143,0,0.0018,0,0.0124,1e-4,0,Rasmus Alm,1995-08-17,Sweden,St. Louis City SC,343925,USD,2026-08-18 13:59:10.001831
KPqjKRARQ6,19vQ2095K6,2025,mls,1353,6.3466,53,4,ST,NA,-22.3978,4.1289,0.4536,-0.1801,-0.5082,3.2228,1.0768,0.064,Tomás Chancalay,1999-01-01,Argentina,New England Revolution,1060000,USD,2026-08-18 13:59:10.001831
KPqjKWwPQ6,X0Oq66zq6D,2025,mls,2509,10.2303,80,10,CM,NA,21.0792,10.2408,2.2371,3.1979,0.1815,2.0449,2.1129,0.4665,Brian Gutiérrez,2003-06-17,USA,Chicago Fire FC,950425,USD,2026-08-18 13:59:10.001831
KPqjKbg2Q6,pzeQZ6xQKw,2025,mls,644,2.1032,22,1,AM,NA,14.7238,2.3519,0.1102,0.2399,0.305,0.8772,0.6485,0.1711,Paxten Aaronson,2003-08-26,USA,Colorado Rapids,2228063,USD,2026-08-18 13:59:10.001831
KPqjKkPNQ6,19vQ2095K6,2025,mls,1306,0.7878,9,0,FB,NA,15.6872,2.5741,1.4101,0.3884,-0.2382,0.8008,0.2422,-0.0292,Brandon Bye,1995-11-29,USA,New England Revolution,443813,USD,2026-08-18 13:59:10.001831
KPqjnyNq6v,lgpMOvnQzy,2025,mls,39,0.781,1,1,W,NA,-1.5337,-0.0108,0.0099,-0.0187,-0.0043,0.0015,0,8e-4,Damir Kreilach,1989-04-16,Croatia,Vancouver Whitecaps FC,495000,USD,2026-08-18 13:59:10.001831
KPqjo08PQ6,mvzqoLZQap,2025,mls,604,0,0,0,GK,NA,-0.0338,NA,NA,NA,NA,NA,NA,NA,Evan Bush,1986-03-06,USA,Columbus Crew,104000,USD,2026-08-18 13:59:10.001831
KPqjonZyQ6,WBLMvYAQxe,2025,mls,1497,0,0,0,GK,NA,-2.0238,NA,NA,NA,NA,NA,NA,NA,Maxime Crépeau,1994-05-11,Canada,Portland Timbers FC,648333,USD,2026-08-18 13:59:10.001831
KPqjwAY2Q6,wvq9B9wQWn,2025,mls,42,0,0,0,CM,NA,0.8258,-0.0023000000000000026,0.0197,-0.0056,-0.0176,0.0012,0,0,Tyson Pearce,2007-08-12,USA,St. Louis City SC,104000,USD,2026-08-18 13:59:10.001831
KPqjwdw8Q6,kRQabn8MKZ,2025,mls,2434,0.7779,13,1,DM,NA,17.6428,5.0167,2.8406,1.5433,-0.1246,0.56,0.2365,-0.0391,Alonso Coello,1999-10-12,Spain,Toronto FC,235012,USD,2026-08-18 13:59:10.001831
KPqjzJ2q6v,Vj58weDM8n,2025,mls,3447,4.2658,35,3,AM,NA,-26.2545,5.5283,1.3823,1.333,-0.184,2.3233,0.6634,0.0103,Maxi Moralez,1987-02-27,Argentina,New York City FC,500000,USD,2026-08-18 13:59:10.001831
KXMe39a6q6,9z5k7Yg5A3,2025,mls,1443,0,0,0,GK,NA,-1.4054,NA,NA,NA,NA,NA,NA,NA,Andrew Rick,2006-01-30,USA,Philadelphia Union,90537,USD,2026-08-18 13:59:10.001831
KXMe3LX1q6,NWMWlBK5lz,2025,mls,11,0,0,0,AM,NA,0.1724,0.037,0,-0.0408,0.0603,0.0175,0,0,Stefan Chirila,2007-01-15,USA,FC Cincinnati,95402,USD,2026-08-18 13:59:10.001831
KXMe3Xn1q6,kRQand1MKZ,2025,mls,112,0,0,0,CM,NA,-0.1675,-0.23669999999999997,-0.3344,0.0264,0.0525,0.0033,0,0.0155,Jung Ho-Yeon,2000-09-28,South Korea,Minnesota United FC,168039,USD,2026-08-18 13:59:10.001831
KXMe3y6vq6,YgOMngl5wN,2025,mls,1908,0.2441,7,0,DM,NA,25.0762,1.7654,1.2712,0.1739,0.1378,0.1849,0.1293,-0.1317,Brooklyn Raines,2005-03-11,USA,Houston Dynamo FC,143063,USD,2026-08-18 13:59:10.001831
KXMe4l1Q64,9z5k7Yg5A3,2025,mls,925,2.1026,13,1,W,NA,10.4488,1.6913,0.6264,-0.1083,0.1448,1.0034,0.3013,-0.2763,Alejandro Bedoya,1987-04-29,USA,Philadelphia Union,204500,USD,2026-08-18 13:59:10.001831
KXMe87ZPQ6,lgpMOvnQzy,2025,mls,2109,1.7857,7,1,DM,NA,39.0621,3.8965,2.0327,1.0632,0.5687,0.1302,0.2482,-0.1465,Ralph Priso,2002-08-02,Canada,Vancouver Whitecaps FC,118167,USD,2026-08-18 13:59:10.001831
KXMe8EJ6Q6,lgpMOvnQzy,2025,mls,1564,2.3689,30,4,CM,NA,12.7256,4.4117,1.0986,1.7351,-0.0509,0.9759,0.6475,0.0055,Pedro Vite,2002-03-09,Ecuador,Vancouver Whitecaps FC,729997,USD,2026-08-18 13:59:10.001831
KXMe8JD2Q6,KAqBN0Vqbg,2025,mls,2315,0.4706,14,1,FB,NA,-0.7778,3.6516,1.6906,0.9311,0.2597,0.6343,0.1674,-0.0315,Pedro Amador,1998-12-18,Portugal,Atlanta United FC,267608,USD,2026-08-18 13:59:10.001831
KXMe8YjPQ6,KAqBN0Vqbg,2025,mls,221,0.4683,7,1,W,NA,-8.5313,0.2916,-0.0231,-0.0917,0.2233,0.1322,0.0716,-0.0207,Edwin Mosquera,2001-06-27,Colombia,Atlanta United FC,462000,USD,2026-08-18 13:59:10.001831
KXMe8ejPQ6,9z5k7Yg5A3,2025,mls,373,0.129,3,0,W,NA,-0.2202,0.3872,0.1873,0.0553,-0.0144,0.0396,0.0636,0.0558,Jeremy Rafanello,2000-04-14,USA,Philadelphia Union,161125,USD,2026-08-18 13:59:10.001831
KXMe8jYxQ6,a2lqRX2Mr0,2025,mls,757,0.8686,12,1,W,NA,-14.468,1.0758,0.3017,-0.0217,-0.2141,0.7299,0.2869,-0.0069,Serge Ngoma,2005-07-09,USA,New York Red Bulls,193700,USD,2026-08-18 13:59:10.001831
KXMegX31q6,NPqxKXZ59d,2025,mls,270,0.3447,1,0,W,NA,0.7093,0.5033,0.1707,-0.1458,0.1942,0.2178,0.0557,0.0107,Tyger Smalls,2002-09-18,England,Charlotte FC,80622,USD,2026-08-18 13:59:10.001831
KXMeggl2q6,jYQJ8EW5GR,2025,mls,944,4.1748,21,3,ST,NA,3.3103,1.9848999999999999,0.2756,-0.3886,-1.2995,2.7868,0.5052,0.1054,Duncan McGuire,2001-02-05,USA,Orlando City SC,861000,USD,2026-08-18 13:59:10.001831
KXMek9R2q6,YgOMngl5wN,2025,mls,1981,4.479,39,3,W,NA,16.5583,3.2374,0.4889,-0.1394,-0.3324,2.1426,1.0455,0.0322,Ondrej Lingr,1998-10-07,Czech Republic,Houston Dynamo FC,888082,USD,2026-08-18 13:59:10.001831
KXMekNYBq6,wvq9B9wQWn,2025,mls,1144,1.2677,18,1,CM,NA,14.3057,1.9428,0.8939,-0.0893,0.1399,0.3322,0.4299,0.2362,Tomas Ostrak,2000-02-05,Czech Republic,St. Louis City SC,801000,USD,2026-08-18 13:59:10.001831
KXMekX42q6,Z2vQ1xlqrA,2025,mls,3090,14.1963,69,18,ST,NA,-56.6599,4.0443,0.7303,-2.4993,-2.0479,4.9753,2.147,0.7389,Dejan Joveljic,1999-08-07,Serbia,Sporting Kansas City,3306250,USD,2026-08-18 13:59:10.001831
KXMeke41q6,"c(""gpMOLwl5zy"", ""zeQZkL1MKw"")",2025,mls,843,1.9276,17,2,W,NA,-6.3198,1.0114,0.391,-0.1763,-0.4099,0.8984,0.5493,-0.2411,Robert Taylor,1994-10-21,Finland,NA,633333,USD,2026-08-18 13:59:10.001831
N6Mm76gZqE,0KPqjA456v,2025,mls,2111,13.6134,55,14,ST,NA,-1.9383,7.0738,0.3947,-1.7766,-0.5651,6.7474,1.9554,0.318,Josef Martínez,1993-05-19,Venezuela,San Jose Earthquakes,1450000,USD,2026-08-18 13:59:10.001831
N6MmGr7LqE,jYQJ8EW5GR,2025,mls,40,0.3049,1,0,W,NA,0.9661,0.27099999999999996,0.0184,0.0219,0.0332,0.1876,0.0072,0.0027,Gustavo Caraballo,2008-08-29,USA,Orlando City SC,86997,USD,2026-08-18 13:59:10.001831
N6MmKBXeqE,mKAqBBmqbg,2025,mls,1072,0.9103,6,1,CM,NA,6.5466,1.8516000000000001,1.0981,0.2444,-0.0803,0.4137,0.1904,-0.0147,Christian Cappis,1999-08-13,USA,FC Dallas,242000,USD,2026-08-18 13:59:10.001831
N6MmKdJPqE,vzqoOgNqap,2025,mls,3005,0.9858,11,0,CB,NA,40.4962,4.5234,2.0413,1.4243,0.4609,0.4373,0.2394,-0.0798,Jack Maher,1999-10-28,USA,Nashville SC,895467,USD,2026-08-18 13:59:10.001831
N6MmWAYwqE,"c(""19vQ2095K6"", ""0KPqjA456v"")",2025,mls,255,0,0,0,CM,NA,-5.2337,0.11170000000000001,0.1917,-0.0631,-0.0395,0.0426,0,-0.02,Noel Buck,2005-04-05,USA,NA,115000,USD,2026-08-18 13:59:10.001831
N6MmWLNPqE,vzqoOgNqap,2025,mls,477,0.0688,1,0,CM,NA,-3.4737,0.6691,0.4446,0.1237,0.101,0.0681,0.003,-0.0713,Matthew Corcoran,2006-02-17,USA,Nashville SC,102890,USD,2026-08-18 13:59:10.001831
N6MmWzkwqE,kRQand1MKZ,2025,mls,2049,10.8235,62,10,ST,NA,-22.1699,4.6541,0.8247,-1.1701,-1.3206,4.5728,1.8042,-0.0569,Tani Oluwaseyi,2000-05-15,Canada,Minnesota United FC,558750,USD,2026-08-18 13:59:10.001831
N6MmeAowME,"c(""0KPqjA456v"", ""zeQZBOzQKw"")",2025,mls,1348,7.1109,35,7,W,NA,-18.37,4.6691,0.2894,-0.158,-0.4253,3.7939,0.9282,0.2409,Amahl Pellegrino,1990-06-18,Tanzania,NA,912500,USD,2026-08-18 13:59:10.001831
N6MmeE3wME,Vj58weDM8n,2025,mls,3193,6.9879,62,11,W,NA,-41.2352,6.7733,1.8482,-0.9347,0.8201,3.0818,1.9577,2e-4,Hannes Wolf,1999-04-16,Austria,New York City FC,1510000,USD,2026-08-18 13:59:10.001831
N6MmeEN0ME,pzeQZ6xQKw,2025,mls,1003,0,0,0,GK,NA,-16.182,NA,NA,NA,NA,NA,NA,NA,Nico Hansen,2001-07-10,Denmark,Colorado Rapids,80622,USD,2026-08-18 13:59:10.001831
N6MmeKWLME,KAqBN0Vqbg,2025,mls,1759,1.2934,8,1,FB,NA,10.3169,1.6914,0.865,0.1748,0.2166,0.4346,0.2098,-0.2094,Brooks Lennon,1997-09-22,USA,Atlanta United FC,740000,USD,2026-08-18 13:59:10.001831
N6MmeZ4WME,pzeQZ6xQKw,2025,mls,1164,0.6761,8,0,DM,NA,25.3406,2.3639,0.7722,1.1504,-0.1101,0.3816,0.1739,-0.0041,Connor Ronan,1998-03-06,Republic of Ireland,Colorado Rapids,542400,USD,2026-08-18 13:59:10.001831
N6MmebxeME,0KPqjA456v,2025,mls,1660,1.1097,13,1,CB,NA,13.6456,4.2268,1.8297,1.4771,0.0718,0.6172,0.2491,-0.0181,Rodrigues,1997-10-10,Brazil,San Jose Earthquakes,758000,USD,2026-08-18 13:59:10.001831
N6Mmo9EPqE,eVq3ya6MWO,2025,mls,1622,7.393,31,6,W,NA,2.001,2.1358,0.3877,-1.2056,-0.1523,2.0735,1.0697,-0.0372,Nathan Ordaz,2004-01-12,USA,Los Angeles FC,149000,USD,2026-08-18 13:59:10.001831
N6MmoN8vqE,APk5LGOMOW,2025,mls,45,0.0448,1,0,CM,NA,1.9868,0.0644,0,0.0421,0.0445,-0.0202,3e-4,-0.0023,Dominic Iankov,2000-07-28,Bulgaria,CF Montréal,410000,USD,2026-08-18 13:59:10.001831
N6MmoYnPqE,a2lqR4JMr0,2025,mls,58,0.0241,1,0,FB,NA,-3.9853,-0.0038971524999999864,0.0027,0.0111,-0.0991,0.0792,2.8475e-6,0.0022,Kobi Henry,2004-04-26,USA,Real Salt Lake,109982,USD,2026-08-18 13:59:10.001831
NPqxA8RmQ9,YgOMngl5wN,2025,mls,18,0,0,0,W,NA,0.8224,0.092,0.0069,0.039,0.0162,0.0299,0,0,Nelson Quiñones,2002-08-20,Colombia,Houston Dynamo FC,272894,USD,2026-08-18 13:59:10.001831
NPqxADDYQ9,lgpMOvnQzy,2025,mls,1865,4.3527,34,1,W,NA,29.8658,7.3098,1.003,1.0903,1.8457,1.8087,1.099,0.4631,Ali Ahmed,2000-10-10,Canada,Vancouver Whitecaps FC,159375,USD,2026-08-18 13:59:10.001831
NPqxAN6GQ9,Vj58weDM8n,2025,mls,1726,0.827,15,1,DM,NA,12.693,1.8701,1.0824,0.2253,-0.2364,0.5043,0.3523,-0.0578,Jonathan Shore,2007-04-13,USA,New York City FC,116500,USD,2026-08-18 13:59:10.001831
NPqxAP6gQ9,NPqxKXZ59d,2025,mls,150,0.6771,2,0,AM,NA,-1.267,0.4846,-0.0068,0.0327,-0.4512,0.8876,0.0285,-0.0062,Archie Goodwin,2004-11-07,Australia,Charlotte FC,341187,USD,2026-08-18 13:59:10.001831
NPqxAp4mQ9,EKXMeX3Q64,2025,mls,50,0,0,0,W,NA,1.5776,0.011100000000000006,0.017,0.0185,-0.0836,0.0513,0,0.0079,Fidel Barajas,2006-04-05,USA,D.C. United,104000,USD,2026-08-18 13:59:10.001831
NPqxe1RjQ9,"c(""a2lqRX2Mr0"", ""WBLMvYAQxe"")",2025,mls,1183,1.1656,19,0,DM,NA,13.4721,3.5418,1.467,1.1334,0.2182,0.4113,0.3302,-0.0183,Felipe Carballo,1996-10-04,Uruguay,NA,1199777,USD,2026-08-18 13:59:10.001831
NPqxeGOZQ9,0KPqjA456v,2025,mls,2831,0,0,0,GK,NA,-3.6908,NA,NA,NA,NA,NA,NA,NA,Daniel,1994-05-06,Brazil,San Jose Earthquakes,742500,USD,2026-08-18 13:59:10.001831
NPqxeJAkQ9,eVq3ya6MWO,2025,mls,166,0.0756,1,0,CB,NA,2.1962,0.2747,0.0898,0.0915,0.0734,0.0257,6e-4,-0.0063,Jailson,1995-09-07,Brazil,Los Angeles FC,1317444,USD,2026-08-18 13:59:10.001831
NPqxen8gQ9,jYQJ8EW5GR,2025,mls,397,0.1754,4,0,FB,NA,9.7136,1.0002,0.4313,0.3646,0.0753,0.0397,0.0826,0.0067,Adrián Marín,1997-01-09,Spain,Orlando City SC,377972,USD,2026-08-18 13:59:10.001831
NPqxmgXkQ9,YgOMngl5wN,2025,mls,446,0.047,1,0,FB,NA,1.719,0.3104,0.1362,0.2037,-0.0554,0.0396,0.0134,-0.0271,Daniel Steres,1990-11-11,USA,Houston Dynamo FC,323438,USD,2026-08-18 13:59:10.001831
NPqxx41Gq9,lgpMOvnQzy,2025,mls,25,0.0584,1,1,W,NA,0.6048,0.1313,0.0283,0.0574,-0.0248,0.0237,0.0463,4e-4,Antoine Coupland,2003-12-12,Canada,Vancouver Whitecaps FC,NA,NA,2026-08-18 13:59:10.001831
NPqxx91gq9,KAqBN0Vqbg,2025,mls,904,0.8965,7,1,CM,NA,13.4639,1.2389000000000001,0.4302,0.3027,0.1189,0.2611,0.1775,-0.0515,Ajani Fortune,2002-12-30,Trinidad & Tobago,Atlanta United FC,109000,USD,2026-08-18 13:59:10.001831
NPqxxLDkq9,NPqxKXZ59d,2025,mls,2047,0.3853,3,1,CB,NA,18.5057,3.8257,2.4932,1.8136,-0.2601,0.2881,0.0548,-0.5639,Andrew Privett,2000-08-02,USA,Charlotte FC,251400,USD,2026-08-18 13:59:10.001831
NPqxxgBXq9,NPqxKXZ59d,2025,mls,15,0.4536,1,0,W,NA,1.9467,0.28,0,0.0313,-0.0204,0.2579,0.0112,0,Brandon Cambridge,2002-02-09,Canada,Charlotte FC,133026,USD,2026-08-18 13:59:10.001831
NPqxxjAmq9,kaDQ0wRqEv,2025,mls,1053,1.1759,10,2,CM,NA,-11.1522,1.4445,0.5083,-0.086,0.0486,0.6958,0.2234,0.0544,Elijah Wynder,2003-03-10,USA,LA Galaxy,175333,USD,2026-08-18 13:59:10.001831
NWMW0Bz5lz,zeQZkL1MKw,2025,mls,3809,0.4409,4,0,CM,NA,92.9797,8.1404,2.4914,4.903,0.2309,0.5838,0.1052,-0.1739,Sergio Busquets,1988-07-16,Spain,Inter Miami CF,8774996,USD,2026-08-18 13:59:10.001831
NWMWL3nL5l,lgpMOvnQzy,2025,mls,2849,5.1728,38,6,FB,NA,36.222,6.5169999999999995,1.73,1.5592,-0.3614,2.3257,0.9172,0.3463,Mathías Laborda,1999-09-15,Uruguay,Vancouver Whitecaps FC,1043625,USD,2026-08-18 13:59:10.001831
NWMWLO7N5l,a2lqR4JMr0,2025,mls,2120,1.0157,11,1,FB,NA,5.8036,2.4096,0.6035,0.6667,0.1775,0.5223,0.2799,0.1597,Sam Junqua,1996-11-09,USA,Real Salt Lake,312368,USD,2026-08-18 13:59:10.001831
NWMWV4LDQl,kRQabn8MKZ,2025,mls,1506,0.8469,14,2,DM,NA,-1.5955,2.7493,1.5634,0.6023,-0.0422,0.4684,0.2805,-0.1231,Deybi Flores,1996-06-16,Honduras,Toronto FC,656667,USD,2026-08-18 13:59:10.001831
NWMWVA9NQl,Z2vQ1xlqrA,2025,mls,2040,0.3802,6,0,FB,NA,18.8495,2.6433999999999997,1.376,0.5893,-0.0034,0.4646,0.1706,0.0463,Khiry Shelton,1993-06-26,USA,Sporting Kansas City,775000,USD,2026-08-18 13:59:10.001831
NWMWVR6jQl,gpMOLwl5zy,2025,mls,3304,1.2197,10,0,CB,NA,26.4319,4.7293,2.1244,1.7207,0.0385,0.6344,0.1682,0.0431,Brendan Hines-Ike,1994-11-30,USA,Austin FC,325000,USD,2026-08-18 13:59:10.001831
NWMWVZaDQl,wvq9B9wQWn,2025,mls,1405,0.4854,3,1,CB,NA,6.9178,1.4869,1.8604,0.4291,-0.7644,0.2304,0.0674,-0.336,Josh Yaro,1994-11-18,Ghana,St. Louis City SC,204500,USD,2026-08-18 13:59:10.001831
NWMWXRoE5l,pzeQZ6xQKw,2025,mls,3230,0.8929,9,1,CB,NA,23.7969,3.9382,2.3382,1.19,0.0281,0.6737,0.2136,-0.5054,Andreas Maxsø,1994-03-18,Denmark,Colorado Rapids,1392500,USD,2026-08-18 13:59:10.001831
NWMWXy775l,wvq9B9wQWn,2025,mls,167,0.5715,1,0,CB,NA,3.491,0.5509,0.3681,0.0913,0.0257,-0.001,0.0691,-0.0023,Joakim Nilsson,1994-02-06,Sweden,St. Louis City SC,1255750,USD,2026-08-18 13:59:10.001831
NWMWeDYqlz,YgOMngl5wN,2025,mls,679,0.3561,6,1,W,NA,-1.5065,0.6471,0.3277,-8e-4,-0.257,0.3664,0.117,0.0938,Nicolás Lodeiro,1989-03-21,Uruguay,Houston Dynamo FC,200000,USD,2026-08-18 13:59:10.001831
NWMWgLbEMl,WBLMvYAQxe,2025,mls,1978,7.2859,40,7,ST,NA,-16.7967,2.6986,0.5534,-1.2067,-1.6352,3.9554,0.9603,0.0714,Kevin Kelsy,2004-07-27,Venezuela,Portland Timbers FC,752804,USD,2026-08-18 13:59:10.001831
NWMWgLvKMl,KAqBN0Vqbg,2025,mls,168,0.0699,1,0,FB,NA,-4.8257,-0.011000000000000003,0.0514,-0.0172,-0.0762,0.0148,0.022,-0.0058,Dominik Chong Qui,2007-12-29,USA,Atlanta United FC,80622,USD,2026-08-18 13:59:10.001831
NWMWj8JzQl,jYQJ8EW5GR,2025,mls,1276,0.0838,3,0,CM,NA,18.7736,2.4433000000000002,1.4066,0.7003,-0.0584,0.1185,0.0632,0.2131,Joran Gerbet,2001-06-30,France,Orlando City SC,80622,USD,2026-08-18 13:59:10.001831
NWMWlEAD5l,kaDQ0wRqEv,2025,mls,2954,0.9046,23,0,DM,NA,54.2394,4.0178,2.3773,1.4266,-0.3781,0.3411,0.3857,-0.1348,Edwin Cerrillo,2000-10-03,USA,LA Galaxy,537500,USD,2026-08-18 13:59:10.001831
NWMWlWle5l,lgpMOvnQzy,2025,mls,2122,17.2744,59,18,ST,NA,-22.0588,7.9857000000000005,0.7215,-1.2235,-1.6234,7.9096,1.8958,0.3057,Brian White,1996-02-03,USA,Vancouver Whitecaps FC,1000000,USD,2026-08-18 13:59:10.001831
NWMWlX6K5l,Vj58weDM8n,2025,mls,2147,4.0851,35,3,DM,NA,-2.1107,4.8308,0.8452,0.3287,0.3958,2.1941,0.9308,0.1362,Andrés Perea,2000-11-14,Colombia,New York City FC,726500,USD,2026-08-18 13:59:10.001831
NWMWlaDZ5l,kRQabn8MKZ,2025,mls,896,0.0666,3,0,FB,NA,2.5161,1.0624,0.7308,0.2632,-0.0582,0.068,0.0419,0.0167,Kobe Franklin,2003-05-10,Canada,Toronto FC,135802,USD,2026-08-18 13:59:10.001831
NWMWnVEQlz,kRQabn8MKZ,2025,mls,945,1.3106,17,1,AM,NA,-15.5494,1.0792,0.3256,-0.2614,0.0652,0.6485,0.3434,-0.0421,Lorenzo Insigne,1991-06-04,Italy,Toronto FC,15400000,USD,2026-08-18 13:59:10.001831
NWMWo3ZNMl,lgpMOvnQzy,2025,mls,33,0.0736,1,0,W,NA,0.3594,-0.014500000000000002,-2e-4,-0.0325,-0.0273,0.0206,0.0252,-3e-4,Johnny Selemani,2008-03-16,Canada,Vancouver Whitecaps FC,NA,NA,2026-08-18 13:59:10.001831
NWMWoJg7Ml,zeQZBOzQKw,2025,mls,53,0,0,0,FB,NA,-0.4954,-0.0441,-0.0506,0.0153,-0.0202,0.0078,0,0.0036,Leo Duru,2005-01-12,USA,San Diego FC,98234,USD,2026-08-18 13:59:10.001831
NWMWoN6KMl,19vQ2095K6,2025,mls,2464,1.3855,14,3,FB,NA,12.5591,3.2492,1.1054,0.2558,0.5057,1.0034,0.3893,-0.0104,Ilay Feingold,2004-08-23,Israel,New England Revolution,575000,USD,2026-08-18 13:59:10.001831
Oa5w0Kv4q1,NPqxKXZ59d,2025,mls,1316,6.0257,35,6,ST,NA,-6.3997,4.7958,0.1969,-0.8377,0.2669,3.6011,1.021,0.5476,Patrick Agyemang,2000-11-07,Ghana,Charlotte FC,104000,USD,2026-08-18 13:59:10.001831
Oa5w0Lp9q1,mKAqBBmqbg,2025,mls,1120,2.7995,14,2,W,NA,-14.5192,3.8885,0.6284,0.6266,1.2938,0.9602,0.3836,-0.0041,Pedrinho,2003-04-18,Brazil,FC Dallas,104000,USD,2026-08-18 13:59:10.001831
Oa5wAAe4Q1,YgOMngl5wN,2025,mls,1755,0.4866,3,1,CB,NA,9.9185,1.7517,0.8405,0.4821,0.3091,0.334,0.1069,-0.3209,Obafemi Awodesu,2001-04-05,USA,Houston Dynamo FC,89089,USD,2026-08-18 13:59:10.001831
Oa5wAK9WQ1,a2lqR4JMr0,2025,mls,453,0.5262,4,0,W,NA,-4.8318,0.7137,0.2935,-0.057,0.0407,0.2159,0.1318,0.0888,Tyler Wolff,2003-02-13,USA,Real Salt Lake,160000,USD,2026-08-18 13:59:10.001831
Oa5wAP44Q1,kRQabn8MKZ,2025,mls,134,0.5327,2,0,ST,NA,2.6044,0.05249999999999999,0.0139,0.0154,-0.1467,0.4163,2e-4,-0.2466,Charles Sharp,2001-06-23,USA,Toronto FC,80622,USD,2026-08-18 13:59:10.001831
Oa5wAkz9Q1,KAqBN0Vqbg,2025,mls,8,0,0,0,CM,NA,-0.3649,0.043800000000000006,0,0.0413,1e-4,0.0024,0,0,Patrick Weah,2003-12-15,USA,Atlanta United FC,NA,NA,2026-08-18 13:59:10.001831
Oa5wApPjQ1,NPqxKXZ59d,2025,mls,46,0.1092,1,0,DM,NA,-0.4109,0.1083,0.0354,0.0039,0.0202,0.0167,0.0395,-0.0074,Iuri Tavares,2001-03-08,Portugal,Charlotte FC,116053,USD,2026-08-18 13:59:10.001831
Oa5wV17gM1,jYQJ8EW5GR,2025,mls,3074,12.8979,107,16,ST,NA,46.6765,10.2589,1.1327,1.6133,-0.1485,5.1513,2.424,0.0861,Martín Ojeda,1998-11-27,Argentina,Orlando City SC,1032600,USD,2026-08-18 13:59:10.001831
Oa5wV6LWM1,Vj58weDM8n,2025,mls,330,0,0,0,GK,NA,-1.4351,NA,NA,NA,NA,NA,NA,NA,Tomás Romero,2000-12-19,El Salvador,New York City FC,104000,USD,2026-08-18 13:59:10.001831
Oa5wVYvWM1,YgOMngl5wN,2025,mls,2989,13.5886,81,10,ST,NA,-7.2051,6.482,1.137,-1.8154,-2.89,7.6045,2.1806,0.2653,Ezequiel Ponce,1997-03-29,Argentina,Houston Dynamo FC,2852200,USD,2026-08-18 13:59:10.001831
Oa5wVzeWM1,kRQabn8MKZ,2025,mls,528,0.0695,2,0,CM,NA,-1.2417,0.7629,0.4029,0.1345,0.0725,0.079,0.0414,0.0326,José Cifuentes,1999-03-12,Ecuador,Toronto FC,1405000,USD,2026-08-18 13:59:10.001831
Oa5wY8RXQ1,vzqoOgNqap,2025,mls,3649,17.1368,127,17,ST,NA,34.2425,12.600999999999999,1.2575,0.5492,0.0373,5.9062,3.1668,1.684,Hany Mukhtar,1995-03-21,Germany,Nashville SC,5311667,USD,2026-08-18 13:59:10.001831
Oa5wYKEXQ1,jYQJ19EqGR,2025,mls,545,0.1282,4,0,CM,NA,9.2626,0.4313,0.6961,0.1012,-0.2348,0.0559,0.0566,-0.2437,João Paulo,1991-03-08,Brazil,Seattle Sounders FC,625000,USD,2026-08-18 13:59:10.001831
Oa5wYLD9Q1,jYQJ8EW5GR,2025,mls,3041,1.0844,7,1,CB,NA,43.8118,4.759,2.3825,2.0491,0.428,0.3665,0.1209,-0.588,Robin Jansson,1991-11-15,Sweden,Orlando City SC,996667,USD,2026-08-18 13:59:10.001831
Oa5wdol4q1,Vj58weDM8n,2025,mls,107,0.0666,1,0,AM,NA,-1.7247,0.030500000000000013,0.0543,-0.063,-0.0991,0.0811,0.0378,0.0194,Maximo Carrizo,2008-02-28,USA,New York City FC,137523,USD,2026-08-18 13:59:10.001831
Oa5wdxN9q1,mKAqBBmqbg,2025,mls,819,0.9965,5,0,FB,NA,-9.7526,1.7053,0.8846,0.228,-0.0106,0.5836,0.0992,-0.0795,Nolan Norris,2005-02-17,USA,FC Dallas,143642,USD,2026-08-18 13:59:10.001831
OlMl9V2R5L,Vj58weDM8n,2025,mls,1187,0.2181,4,0,FB,NA,-4.4832,2.4025,1.6276,0.6907,-0.0547,0.0516,0.099,-0.0117,Birk Risa,1998-02-13,Norway,New York City FC,908250,USD,2026-08-18 13:59:10.001831
OlMl9zeE5L,pzeQZ6xQKw,2025,mls,1440,0.9925,8,0,FB,NA,21.2161,2.5579,1.2983,0.2772,0.1987,0.3533,0.167,0.2634,Sam Vines,1999-05-31,USA,Colorado Rapids,912500,USD,2026-08-18 13:59:10.001831
OlMlB7yAqL,wvq9B9wQWn,2025,mls,580,0,0,0,CB,NA,4.5757,0.536,0.5725,0.0829,-0.0852,0.0102,0,-0.0444,Jake Girdwood-Reich,2004-05-26,Australia,St. Louis City SC,281027,USD,2026-08-18 13:59:10.001831
OlMlBKG4qL,vzqoOgNqap,2025,mls,1397,2.0318,19,2,W,NA,-8.3499,2.4601,0.6443,-0.5931,-0.0597,1.853,0.4474,0.1682,Ahmed Qasem,2003-07-12,Sweden,Nashville SC,650000,USD,2026-08-18 13:59:10.001831
OlMle3AD5L,jYQJ8EW5GR,2025,mls,17,0,0,0,CB,NA,0,0.0589,0.0688,0,0,0,0,-0.0099,Thomas Williams,2004-08-15,USA,Orlando City SC,163875,USD,2026-08-18 13:59:10.001831
OlMleNXN5L,X0Oq66zq6D,2025,mls,175,0.9025,2,1,FB,NA,-3.0838,0.7741,0.1954,-0.0717,0.0478,0.4972,0.1071,-0.0017,Justin Reynolds,2004-08-04,USA,Chicago Fire FC,104000,USD,2026-08-18 13:59:10.001831
OlMleWzR5L,pzeQZ6xQKw,2025,mls,2974,16.8107,88,12,ST,NA,-44.8082,11.4967,1.7251,-0.8599,-0.797,7.5944,2.3102,1.5239,Rafael Navarro,2000-04-14,Brazil,Colorado Rapids,1449600,USD,2026-08-18 13:59:10.001831
OlMleawP5L,X0Oq66zq6D,2025,mls,602,0.1854,3,1,CB,NA,3.1839,0.43589999999999995,0.4341,0.3416,-0.2211,0.1065,0.0765,-0.3017,Carlos Terán,2000-09-24,Colombia,Chicago Fire FC,669000,USD,2026-08-18 13:59:10.001831
OlMlegLA5L,kaDQ0wRqEv,2025,mls,941,0.473,5,2,FB,NA,9.3665,2.291,1.0192,0.288,0.0926,0.7094,0.0945,0.0873,Mauricio Cuevas,2003-02-10,USA,LA Galaxy,168500,USD,2026-08-18 13:59:10.001831
OlMlezzg5L,EKXMeX3Q64,2025,mls,788,0.7151,6,1,CB,NA,7.1404,1.9279,0.9577,0.6082,-0.1452,0.3543,0.1609,-0.008,Lukas MacNaughton,1995-03-08,Canada,D.C. United,122100,USD,2026-08-18 13:59:10.001831
OlMlnxlDqL,lgpMOvnQzy,2025,mls,2533,1.6813,12,2,CB,NA,61.0383,5.5466,1.8542,2.8063,-0.0295,0.7851,0.2101,-0.0796,Tristan Blackmon,1996-08-12,USA,Vancouver Whitecaps FC,800000,USD,2026-08-18 13:59:10.001831
OlMlonPQLz,kaDQ0wRqEv,2025,mls,1640,4.279,28,5,AM,NA,21.0105,3.5288,0.8225,0.1634,-0.106,1.7337,0.7776,0.1376,Marco Reus,1989-05-31,Germany,LA Galaxy,1136667,USD,2026-08-18 13:59:10.001831
Pk5L1BXPqO,YgOMngl5wN,2025,mls,1123,1.3352,13,1,DM,NA,-3.6145,1.3041,0.558,-0.0964,0.0444,0.5681,0.2307,-7e-4,Júnior Urso,1989-03-10,Brazil,Houston Dynamo FC,123533,USD,2026-08-18 13:59:10.001831
Pk5L6k6PQO,APk5LGOMOW,2025,mls,237,0.2313,3,0,W,NA,-1.8384,0.4263,0.1512,0.0273,-0.0794,0.2558,0.0702,0.0012,Kwadwo Opoku,2001-07-13,Ghana,CF Montréal,598560,USD,2026-08-18 13:59:10.001831
Pk5L6rDPQO,zeQZkL1MKw,2025,mls,143,0.4228,1,0,CM,NA,0.3669,0.2346,0.0635,-0.0241,0.0151,0.1651,0.0193,-0.0043,David Ruiz,2004-02-08,USA,Inter Miami CF,135887,USD,2026-08-18 13:59:10.001831
Pk5LJZZQOW,kaDQ0wRqEv,2025,mls,1507,0.4472,4,0,CB,NA,27.4151,3.091,1.9185,1.3516,-0.5009,0.2463,0.1041,-0.0286,Zanka,1990-04-23,Denmark,LA Galaxy,NA,NA,2026-08-18 13:59:10.001831
Pk5Le0VDqO,eVq3ya6MWO,2025,mls,111,0,0,0,FB,NA,2.3381,-0.056100000000000004,0.0527,-0.0591,-0.0605,0.0173,0,-0.0065,Ryan Raposo,1999-03-05,Canada,Los Angeles FC,180000,USD,2026-08-18 13:59:10.001831
Pk5Le6BPqO,jYQJ19EqGR,2025,mls,4,0,0,0,AM,NA,0,0,0,0,0,0,0,0,Antino Lopez,2002-05-21,USA,Seattle Sounders FC,NA,NA,2026-08-18 13:59:10.001831
Pk5LeG0YqO,9z5k7Yg5A3,2025,mls,2155,4.4949,57,2,W,NA,-11.9071,6.037599999999999,1.4462,0.7885,1.1743,1.5445,1.0438,0.0403,Quinn Sullivan,2004-03-27,USA,Philadelphia Union,518000,USD,2026-08-18 13:59:10.001831
Pk5LeYlNqO,EKXMeX3Q64,2025,mls,1498,0.9768,6,1,FB,NA,-29.337,2.3916,1.493,5e-4,0.0807,0.5303,0.2005,0.0866,Conner Antley,1995-03-22,USA,D.C. United,105667,USD,2026-08-18 13:59:10.001831
Pk5LemYYqO,eVq3ya6MWO,2025,mls,201,0.0161,1,0,DM,NA,0.3576,0.3588,0.367,-0.0323,-0.0063,0.0169,0.0066,0.0069,Adam Saldana,2002-02-07,USA,Los Angeles FC,80622,USD,2026-08-18 13:59:10.001831
Pk5LepoOqO,X0Oq66zq6D,2025,mls,624,0.3888,6,0,FB,NA,-0.2749,0.3951,0.3038,0.0657,-0.1149,0.302,0.0838,-0.2453,Omari Glasgow,2003-11-22,Guyana,Chicago Fire FC,117685,USD,2026-08-18 13:59:10.001831
Pk5LgPOmMO,YgOMngl5wN,2025,mls,1525,1.2225,10,0,CB,NA,7.9138,3.0409,1.3824,0.7188,0.0774,0.7155,0.2187,-0.0719,Ethan Bartlow,2000-02-02,USA,Houston Dynamo FC,275000,USD,2026-08-18 13:59:10.001831
Pk5LggA7MO,gpMOLwl5zy,2025,mls,2821,0.9092,8,1,CB,NA,23.1622,1.3239,-0.295,1.2733,-0.0872,0.5071,0.2223,-0.2966,Oleksandr Svatok,1994-09-27,Ukraine,Austin FC,505000,USD,2026-08-18 13:59:10.001831
Pk5Lggy7MO,gpMOLwl5zy,2025,mls,2504,10.6819,58,6,ST,NA,3.2903,6.2598,0.8542,-0.0453,-1.0662,4.4538,1.7157,0.3476,Myrto Uzuni,1995-05-31,Albania,Austin FC,2225000,USD,2026-08-18 13:59:10.001831
Vj587nmM8n,vzqoOgNqap,2025,mls,381,1.7556,10,0,ST,NA,-2.9786,1.0442,0.093,-0.2952,-0.6496,1.6656,0.1941,0.0363,Teal Bunbury,1990-02-27,USA,Nashville SC,285000,USD,2026-08-18 13:59:10.001831
Vj58B64EQ8,zeQZBOzQKw,2025,mls,788,0,0,0,GK,NA,-2.387,NA,NA,NA,NA,NA,NA,NA,Pablo Sisniega,1995-07-07,Mexico,San Diego FC,130467,USD,2026-08-18 13:59:10.001831
Vj58BnDLQ8,19vQ2095K6,2025,mls,1012,0,0,0,GK,NA,0.8031,NA,NA,NA,NA,NA,NA,NA,Matt Turner,1994-06-24,USA,New England Revolution,1942886,USD,2026-08-18 13:59:10.001831
Vj58WEKLM8,wvq9B9wQWn,2025,mls,531,0,0,0,FB,NA,11.0389,0.7053,0.6116,0.1287,0.0228,0.0309,0,-0.0887,Jayden Reid,2001-08-29,USA,St. Louis City SC,104000,USD,2026-08-18 13:59:10.001831
Vj58WNDrM8,jYQJ19EqGR,2025,mls,2846,3.0341,35,5,DM,NA,0.834,4.5635,2.0627,-0.2212,0.2725,1.4545,0.9626,0.0324,Obed Vargas,2005-08-05,USA,Seattle Sounders FC,134452,USD,2026-08-18 13:59:10.001831
Vj58WXb2M8,9z5k7Yg5A3,2025,mls,563,0.0167,1,0,FB,NA,-4.8083,0.4879087013,0.182,0.2987,-0.0634,0.067,8.7013e-6,0.0036,Olivier Mbaizo,1997-08-15,Cameroon,Philadelphia Union,472875,USD,2026-08-18 13:59:10.001831
Vj58aBe8q8,wvq9B9wQWn,2025,mls,684,0.5755,6,0,CB,NA,10.3271,1.764,0.6376,0.5455,-0.0517,0.4947,0.1358,0.0021,Fallou Fall,2004-04-15,Senegal,St. Louis City SC,462419,USD,2026-08-18 13:59:10.001831
Vj58l2gD58,eVq3ya6MWO,2025,mls,36,0,0,0,W,NA,0.1512,-0.055099999999999996,0.0063,0.009,-0.0232,0.0138,0,-0.061,Adrian Wibowo,2006-01-17,USA,Los Angeles FC,80622,USD,2026-08-18 13:59:10.001831
Vj58lAnw58,KAqBN0Vqbg,2025,mls,116,0,0,0,CM,NA,-0.8512,-0.016699999999999996,0.0161,-0.0629,-0.0112,0.0429,0,-0.0016,Cooper Sanchez,2008-03-26,USA,Atlanta United FC,80622,USD,2026-08-18 13:59:10.001831
Vj58lXp258,kRQand1MKZ,2025,mls,2516,2.0306,21,0,CB,NA,7.9611,4.389,2.4136,1.0884,-0.1951,1.1208,0.3362,-0.3749,Nicolás Romero,2003-11-28,Argentina,Minnesota United FC,457500,USD,2026-08-18 13:59:10.001831
Vj58lrom58,a2lqRX2Mr0,2025,mls,14,0,0,0,FB,NA,0.0945,0.020399999999999998,-0.0024,-0.0106,0.0213,0.0121,0,0,Rafael Mosquera,2005-05-24,Panama,New York Red Bulls,92522,USD,2026-08-18 13:59:10.001831
Vj58w7RmM8,jYQJ19EqGR,2025,mls,2646,1.3585,30,0,FB,NA,27.3997,5.0398000000000005,2.3086,1.602,-0.3446,0.8908,0.5917,-0.0087,Alex Roldan,1996-07-28,USA,Seattle Sounders FC,530000,USD,2026-08-18 13:59:10.001831
XVqK2D6R50,NPqxKXZ59d,2025,mls,127,0.3804,3,0,AM,NA,-1.2895,0.2784,0.0852,0.0481,-0.0795,0.1474,0.1219,-0.0447,Nikola Petkovic,2003-02-23,Serbia,Charlotte FC,466250,USD,2026-08-18 13:59:10.001831
XVqKG17Rq0,a2lqR4JMr0,2025,mls,2113,0.3727,9,0,DM,NA,27.7207,3.5199,1.6274,0.7602,0.5705,0.3357,0.2085,0.0176,Emeka Eneli,1999-10-18,USA,Real Salt Lake,416000,USD,2026-08-18 13:59:10.001831
XVqKG1XWq0,wvq9B9wQWn,2025,mls,1472,8.7212,43,3,W,NA,-11.4722,6.4018,0.8307,-0.5436,-0.0793,4.4997,1.4141,0.2802,Simon Becher,1999-07-20,USA,St. Louis City SC,239273,USD,2026-08-18 13:59:10.001831
XVqKWAZBq0,EKXMeX3Q64,2025,mls,2238,0.6873,15,0,CM,NA,23.0065,1.6720000000000002,1.2274,0.0295,-0.097,0.5034,0.3516,-0.3429,Brandon Servania,1999-03-12,USA,D.C. United,131056,USD,2026-08-18 13:59:10.001831
XVqKWX8Bq0,KAqBN0Vqbg,2025,mls,726,0.3239,6,0,DM,NA,18.5662,0.9301,0.4961,0.3528,-0.1357,0.0889,0.1039,0.0241,Steven Alzate,1998-09-08,Colombia,Atlanta United FC,1440101,USD,2026-08-18 13:59:10.001831
XVqKYp2DM0,NWMWlBK5lz,2025,mls,874,1.9139,22,1,FB,NA,-0.2725,1.5663,0.3931,-0.3113,0.1137,0.7517,0.6958,-0.0767,Yuya Kubo,1993-12-24,Japan,FC Cincinnati,821667,USD,2026-08-18 13:59:10.001831
XVqKeBkKM0,vzqoOgNqap,2025,mls,1433,3.9271,27,4,W,NA,-9.0638,3.5468,0.5741,-0.2327,0.0975,2.0193,0.7184,0.3702,Jacob Shaffelburg,1999-11-26,Canada,Nashville SC,470000,USD,2026-08-18 13:59:10.001831
XVqKeYLNM0,pzeQZ6xQKw,2025,mls,1957,1.0941,13,0,DM,NA,5.6247,4.2821,2.2808,1.1053,0.1518,0.4431,0.316,-0.0149,Josh Atencio,2002-01-31,USA,Colorado Rapids,350000,USD,2026-08-18 13:59:10.001831
XVqKeYOKM0,9z5k7Yg5A3,2025,mls,3429,0.71,19,2,FB,NA,30.6991,7.7195,2.2378,4.7468,-0.1248,0.3079,0.3506,0.2012,Kai Wagner,1997-02-15,Germany,Philadelphia Union,1088250,USD,2026-08-18 13:59:10.001831
XVqKezAwM0,X0Oq66zq6D,2025,mls,6,0,0,0,DM,NA,-0.3299,-0.0017,0,-0.0036,0,0.0019,0,0,Harold Osorio,2003-08-20,El Salvador,Chicago Fire FC,NA,NA,2026-08-18 13:59:10.001831
XVqKneW501,jYQJ19EqGR,2025,mls,2922,0,0,0,GK,NA,12.9077,NA,NA,NA,NA,NA,NA,NA,Stefan Frei,1986-04-20,USA,Seattle Sounders FC,600000,USD,2026-08-18 13:59:10.001831
Xj5Y43JyMb,X0Oq66zq6D,2025,mls,764,0,0,0,GK,NA,5.5143,NA,NA,NA,NA,NA,NA,NA,Jeffrey Gal,1993-04-06,USA,Chicago Fire FC,140000,USD,2026-08-18 13:59:10.001831
Xj5Y44KGMb,NPqxKXZ59d,2025,mls,3557,1.9628,17,1,CB,NA,7.0798,8.049,4.7439,2.651,-0.2772,1.1574,0.3868,-0.6129,Adilson Malanda,2001-10-29,France,Charlotte FC,1080000,USD,2026-08-18 13:59:10.001831
Xj5Y4dAlMb,mKAqBBmqbg,2025,mls,24,0,0,0,CM,NA,-0.9435,0.010100000000000001,0.0142,-0.0117,-0.0105,0.0181,0,0,Diego García,2006-10-17,USA,FC Dallas,94263,USD,2026-08-18 13:59:10.001831
Xj5Y4mJXMb,9z5k7Yg5A3,2025,mls,292,0.3378,5,1,CB,NA,6.1759,0.8182,0.3799,0.1695,-0.0017,0.1637,0.0985,0.0083,Ian Glavinovich,2001-10-27,Argentina,Philadelphia Union,425750,USD,2026-08-18 13:59:10.001831
Xj5Y60Kxqb,kaDQ0wRqEv,2025,mls,2478,1.0884,11,1,FB,NA,33.9418,2.6997,1.2143,0.634,0.0377,0.768,0.2762,-0.2305,Miki Yamane,1993-12-22,Japan,LA Galaxy,844667,USD,2026-08-18 13:59:10.001831
Xj5Y68Olqb,"c(""mvzqoLZQap"", ""9z5k7Yg5A3"")",2025,mls,2858,10.7585,49,6,W,NA,36.887,6.2528,0.969,-1.1122,-1.0388,5.7383,1.3584,0.3381,Dániel Gazdag,1996-03-02,Hungary,NA,2597643,USD,2026-08-18 13:59:10.001831
Xj5Y6KKaqb,zeQZBOzQKw,2025,mls,3926,17.3347,116,23,W,NA,-3.4109,11.8892,0.9367,0.465,-0.3166,7.3726,3.1805,0.251,Anders Dreyer,1998-05-02,Denmark,San Diego FC,2434314,USD,2026-08-18 13:59:10.001831
Xj5Y6kWaqb,eVq3ya6MWO,2025,mls,2970,2.1118,27,0,CM,NA,53.7209,4.6938,2.1815,0.5711,0.3576,0.9171,0.6755,-0.009,Timothy Tillman,1999-01-04,Germany,Los Angeles FC,846400,USD,2026-08-18 13:59:10.001831
Xj5Y6ko0qb,wvq9B9wQWn,2025,mls,779,0.037,2,0,FB,NA,5.8696,1.2886,0.5707,0.3688,0.2013,0.0614,0.0311,0.0553,Jannes Horn,1997-02-06,Germany,St. Louis City SC,321667,USD,2026-08-18 13:59:10.001831
Xj5Y6xmaqb,KAqBN0Vqbg,2025,mls,133,0.0573,1,0,AM,NA,-0.0099,0.04870743629999999,0.0321,3e-4,-0.0679,0.076,7.4363e-6,0.0082,Cayman Togashi,1993-08-10,Japan,Atlanta United FC,104000,USD,2026-08-18 13:59:10.001831
Xj5Y6zYAqb,vzqoOgNqap,2025,mls,2993,0.5592,11,0,DM,NA,25.1922,2.5386,1.5696,0.5321,-0.0923,0.4011,0.2991,-0.171,Edvard Tagseth,2001-01-23,Norway,Nashville SC,487667,USD,2026-08-18 13:59:10.001831
Xj5Y8R7AMb,0KPqjA456v,2025,mls,2839,15.9574,124,13,ST,NA,-30.3558,9.1297,1.5095,0.3852,-0.3239,4.5044,2.6243,0.4302,Cristian Arango,1995-03-09,Colombia,San Jose Earthquakes,2216667,USD,2026-08-18 13:59:10.001831
Xj5Y98pE5b,KAqBN0Vqbg,2025,mls,81,0,0,0,CB,NA,0.7198,0.2669,0.2041,0.0413,0.0276,-0.001,0,-0.0051,Sal Mazzaferro,2001-10-11,Canada,Atlanta United FC,NA,NA,2026-08-18 13:59:10.001831
Xj5Y9XmX5b,0KPqjA456v,2025,mls,2322,2.8233,39,5,CM,NA,5.1209,4.6715,1.994,0.3381,0.074,1.114,0.9544,0.197,Beau Leroux,2003-08-31,USA,San Jose Earthquakes,82526,USD,2026-08-18 13:59:10.001831
Xj5Y9eBx5b,gpMOLwl5zy,2025,mls,2621,4.5398,42,3,W,NA,13.1279,5.9766,1.1836,-0.4901,0.8873,3.2517,0.9376,0.2065,Osman Bukari,1998-12-13,Ghana,Austin FC,1500000,USD,2026-08-18 13:59:10.001831
Xj5Y9pj05b,pzeQZ6xQKw,2025,mls,17,0,0,0,DM,NA,1.1043,0.0745,0.0231,0.0418,0.0087,9e-4,0,0,Daouda Amadou,2002-10-02,Cameroon,Colorado Rapids,80622,USD,2026-08-18 13:59:10.001831
Xj5Y9wax5b,a2lqRX2Mr0,2025,mls,1897,1.5999,16,0,DM,NA,12.5849,2.6332999999999998,1.3175,0.5859,-0.0782,0.469,0.2914,0.0477,Peter Stroud,2002-04-23,USA,New York Red Bulls,145003,USD,2026-08-18 13:59:10.001831
Xj5Y9ydx5b,wvq9B9wQWn,2025,mls,276,0,0,0,FB,NA,5.5715,-0.1909,-0.1508,-0.0141,-0.0537,0.0677,0,-0.04,Joseph Zalinsky,2003-01-03,USA,St. Louis City SC,82638,USD,2026-08-18 13:59:10.001831
Xj5Y9zw05b,a2lqRX2Mr0,2025,mls,1238,0.7105,10,1,FB,NA,-21.4321,1.7322,0.4511,0.4361,-0.1429,0.4482,0.2427,0.297,Dylan Nealis,1998-07-30,USA,New York Red Bulls,385000,USD,2026-08-18 13:59:10.001831
Xj5YLGKxMb,zeQZBOzQKw,2025,mls,3760,1.9606,22,2,CB,NA,100.3792,7.3267999999999995,3.0471,2.9495,0.0482,0.9527,0.5436,-0.2143,Christopher McVey,1997-04-12,Sweden,San Diego FC,496813,USD,2026-08-18 13:59:10.001831
Xj5YLGRGMb,a2lqR4JMr0,2025,mls,210,0.3979,4,0,FB,NA,3.6864,0.8851,0.6425,0.0225,0.0253,0.1048,0.0921,-0.0021,Javain Brown,1999-03-09,Jamaica,Real Salt Lake,313688,USD,2026-08-18 13:59:10.001831
Xj5YyNjE5b,zeQZkL1MKw,2025,mls,1609,0.2443,6,1,CM,NA,3.2425,2.3421,2.1187,-0.0247,-0.1772,0.2441,0.1591,0.0221,Yannick Bright,2001-09-03,Italy,Inter Miami CF,83647,USD,2026-08-18 13:59:10.001831
Xj5YyZOw5b,9z5k7Yg5A3,2025,mls,2745,2.4158,20,1,CB,NA,9.4671,5.2337,2.7768,1.1337,0.2334,0.8182,0.5401,-0.2685,Olwethu Makhanya,2004-04-30,South Africa,Philadelphia Union,288875,USD,2026-08-18 13:59:10.001831
a35rB7Do5L,KAqBN0Vqbg,2025,mls,615,0.542,5,0,W,NA,1.2783,0.8844000000000001,0.3377,-0.2932,-0.0425,0.4237,0.2053,0.2534,Luke Brennan,2005-02-24,USA,Atlanta United FC,104000,USD,2026-08-18 13:59:10.001831
a35rBOLG5L,a2lqRX2Mr0,2025,mls,1542,0.3971,5,0,FB,NA,-11.7052,1.8315,1.2663,0.1872,-0.0704,0.3863,0.0531,0.009,Omar Valencia,2004-06-08,Panama,New York Red Bulls,92997,USD,2026-08-18 13:59:10.001831
a35rBgow5L,9z5k7Yg5A3,2025,mls,25,0,0,0,ST,NA,0.6859,0.0285,0.0126,0.012,-9e-4,0.0048,0,0,Neil Pierre,2007-10-19,USA,Philadelphia Union,97020,USD,2026-08-18 13:59:10.001831
a35rK94AqL,"c(""NWMWlBK5lz"", ""zeQZBOzQKw"")",2025,mls,1136,1.8562,15,0,ST,NA,1.2032,1.8538,0.3164,-0.2093,-0.4051,1.4606,0.4458,0.2454,Corey Baird,1996-01-30,USA,NA,744241,USD,2026-08-18 13:59:10.001831
a35rKA2AqL,X0Oq66zq6D,2025,mls,1838,0.9343,11,0,DM,NA,13.0165,1.2444,1.0726,-0.1166,-0.321,0.4023,0.2103,-0.0032,Mauricio Pineda,1997-10-17,USA,Chicago Fire FC,475169,USD,2026-08-18 13:59:10.001831
a35rKGpLqL,Z2vQ1xlqrA,2025,mls,2454,6.1155,62,7,W,NA,4.2466,4.7305,0.859,-0.2871,-0.4121,3.314,1.5403,-0.2836,Dániel Sallói,1996-07-19,Hungary,Sporting Kansas City,1300000,USD,2026-08-18 13:59:10.001831
a35rKXowqL,Z2vQ1xlqrA,2025,mls,1482,0.5377,7,0,CB,NA,26.3801,2.295,0.939,1.0512,0.0645,0.1178,0.1069,0.0156,Joaquín Fernández,1996-05-31,Spain,Sporting Kansas City,1072083,USD,2026-08-18 13:59:10.001831
a35rKYrAqL,EKXMeX3Q64,2025,mls,2300,0.8201,16,0,FB,NA,10.5075,3.222,1.5303,1.0569,0.0607,0.4164,0.3094,-0.1517,Aaron Herrera,1997-06-06,USA,D.C. United,920220,USD,2026-08-18 13:59:10.001831
a35rlyZ4QL,WBLMvYAQxe,2025,mls,1762,0.0399,2,0,DM,NA,20.0982,3.0542,2.2279,0.8795,0.1991,0.1426,0.0046,-0.3995,Diego Chará,1986-04-05,Colombia,Portland Timbers FC,725000,USD,2026-08-18 13:59:10.001831
a35rm92ML6,KAqBN0Vqbg,2025,mls,891,0.2274,7,0,CM,NA,10.2665,1.2702,0.4923,0.5534,-0.1271,0.2568,0.1219,-0.0271,Mateusz Klich,1990-06-13,Poland,Atlanta United FC,1937338,USD,2026-08-18 13:59:10.001831
a35ry7P2ML,wvq9B9wQWn,2025,mls,2695,12.0102,100,10,ST,NA,-5.5333,9.4487,0.9164,-0.1137,-1.095,6.7298,2.6587,0.3525,João Klauss,1997-03-01,Brazil,St. Louis City SC,1370284,USD,2026-08-18 13:59:10.001831
a35ryXO2ML,19vQ2095K6,2025,mls,535,1.1393,13,0,W,NA,0.4092,1.377,0.261,0.0581,0.1324,0.5742,0.3284,0.0229,Luis Díaz,1998-12-06,Costa Rica,New England Revolution,127333,USD,2026-08-18 13:59:10.001831
a35ryXm2ML,kaDQ0wRqEv,2025,mls,2019,0,0,0,GK,NA,-30.9645,NA,NA,NA,NA,NA,NA,NA,Novak Mićović,2001-10-25,Serbia,LA Galaxy,175000,USD,2026-08-18 13:59:10.001831
a35ryZ7bML,19vQ2095K6,2025,mls,2166,0.1535,3,0,CB,NA,9.9792,3.9892,2.981,0.7752,-0.1453,0.2192,0.1009,0.0582,Tanner Beason,1997-03-23,USA,New England Revolution,325000,USD,2026-08-18 13:59:10.001831
a35rymlLML,zeQZkL1MKw,2025,mls,216,0,0,0,GK,NA,1.4434,NA,NA,NA,NA,NA,NA,NA,Drake Callender,1997-10-07,USA,Inter Miami CF,455913,USD,2026-08-18 13:59:10.001831
aDQ00AlQEv,kRQabn8MKZ,2025,mls,2111,1.0556,11,0,CB,NA,-2.0968,3.6605,2.0589,0.9119,0.1888,0.5512,0.1515,-0.2018,Kevin Long,1990-08-18,Republic of Ireland,Toronto FC,468521,USD,2026-08-18 13:59:10.001831
aDQ0LRYWQE,YgOMngl5wN,2025,mls,1954,2.005,17,2,AM,NA,40.2722,2.3068,0.8373,0.0659,-0.0913,1.1636,0.347,-0.0157,Amine Bassi,1997-11-27,France,Houston Dynamo FC,700000,USD,2026-08-18 13:59:10.001831
aDQ0LoylQE,YgOMngl5wN,2025,mls,3022,2.8282,35,2,FB,NA,-3.9937,3.9003,1.3688,-0.3408,-0.155,2.4439,0.8277,-0.2443,Griffin Dorsey,1999-03-05,USA,Houston Dynamo FC,696333,USD,2026-08-18 13:59:10.001831
aDQ0N1Kv5E,EKXMeX3Q64,2025,mls,807,0,0,0,GK,NA,20.445,NA,NA,NA,NA,NA,NA,NA,Kim Joon-Hong,2003-06-03,South Korea,D.C. United,427000,USD,2026-08-18 13:59:10.001831
aDQ0NJKG5E,a2lqR4JMr0,2025,mls,778,4.3536,23,4,ST,NA,-4.1649,2.7511,0.5658,-0.5689,0.1875,1.6359,0.61,0.3208,Victor Olatunji,1999-09-05,Nigeria,Real Salt Lake,626500,USD,2026-08-18 13:59:10.001831
aDQ0Njb35E,kRQabn8MKZ,2025,mls,182,0.6955,2,0,W,NA,-2.7085,0.024799999999999996,-0.0902,-0.0249,0.0193,0.0574,0.0549,0.0083,Malik Henry,2002-07-23,Canada,Toronto FC,80622,USD,2026-08-18 13:59:10.001831
aDQ0PGv3QE,zeQZBOzQKw,2025,mls,1236,2.5585,22,1,W,NA,-4.4682,2.5674,0.3627,-0.2072,0.0215,1.21,0.7421,0.4383,Alex Mighten,2002-04-11,England,San Diego FC,257292,USD,2026-08-18 13:59:10.001831
aDQ0PJpPQE,9z5k7Yg5A3,2025,mls,2317,15.3073,61,18,ST,NA,-20.7191,7.2665999999999995,0.637,-2.1034,-0.7682,7.2673,2.2136,0.0203,Tai Baribo,1998-01-15,Israel,Philadelphia Union,810000,USD,2026-08-18 13:59:10.001831
aDQ0PKPRQE,mKAqBBmqbg,2025,mls,1469,0.4743,4,0,FB,NA,4.9109,1.6681,1.2704,0.2837,-0.2008,0.1894,0.1689,-0.0435,Marco Farfan,1998-11-12,USA,FC Dallas,582813,USD,2026-08-18 13:59:10.001831
aDQ0PZY3QE,NPqxKXZ59d,2025,mls,2203,7.621,55,10,AM,NA,-7.8689,6.8805,0.6404,2.1881,-0.2816,3.0662,1.3202,-0.0528,Pep Biel,1996-09-05,Spain,Charlotte FC,1545163,USD,2026-08-18 13:59:10.001831
aDQ0PjypQE,wvq9B9wQWn,2025,mls,1998,1.4047,10,0,CB,NA,32.4401,4.644,3.4381,1.0645,-0.3619,0.6403,0.1602,-0.2972,Timo Baumgartl,1996-03-04,Germany,St. Louis City SC,643333,USD,2026-08-18 13:59:10.001831
aDQ0PkRRQE,jYQJ8EW5GR,2025,mls,2651,2.6194,28,0,CM,NA,48.2606,5.3935,1.7315,2.0598,0.023,0.7988,0.7825,-0.0021,Eduard Atuesta,1997-06-18,Colombia,Orlando City SC,725000,USD,2026-08-18 13:59:10.001831
aDQ0PnvBQE,"c(""kRQabn8MKZ"", ""pzeQZ6xQKw"")",2025,mls,3263,11.797,65,13,AM,NA,1.842,9.4397,1.4084,2.5494,0.6532,2.8618,1.4512,0.5157,Djordje Mihailovic,1998-11-10,USA,NA,2278335,USD,2026-08-18 13:59:10.001831
aDQ0PwNpQE,pzeQZ6xQKw,2025,mls,1990,1.8445,13,0,CB,NA,4.5266,3.631,1.7618,0.597,0.1453,0.9651,0.1938,-0.032,Chidozie Awaziem,1997-01-01,Nigeria,Colorado Rapids,1397675,USD,2026-08-18 13:59:10.001831
aDQ0aG9pME,KAqBN0Vqbg,2025,mls,3075,5.8884,66,6,AM,NA,3.5136,6.4978,1.3638,0.6137,0.2678,2.6601,1.6198,-0.0274,Aleksey Miranchuk,1995-10-17,Russia,Atlanta United FC,4885441,USD,2026-08-18 13:59:10.001831
aDQ0aNE3ME,kRQand1MKZ,2025,mls,3372,0.985,5,1,CB,NA,-9.2954,5.4978,3.3362,2.0945,0.0831,0.6258,0.2074,-0.8492,Michael Boxall,1988-08-18,New Zealand,Minnesota United FC,827500,USD,2026-08-18 13:59:10.001831
aDQ0aVkWME,KAqBN0Vqbg,2025,mls,1185,6.3099,34,5,ST,NA,-4.7593,2.7297000000000002,0.2884,-1.6246,-1.2495,3.9113,0.8349,0.5692,Jamal Thiaré,1993-03-31,Senegal,Atlanta United FC,730000,USD,2026-08-18 13:59:10.001831
aDQ0aVwlME,pzeQZ6xQKw,2025,mls,587,0.4618,5,0,CB,NA,6.1886,1.2639,0.4586,0.5251,-0.0148,0.2417,0.0625,-0.0092,Rob Holding,1995-09-20,England,Colorado Rapids,1200000,USD,2026-08-18 13:59:10.001831
aDQ0ao1PME,lgpMOvnQzy,2025,mls,325,1.2256,5,2,FB,NA,3.4395,0.6412,0.0059,-0.0637,-0.0277,0.2527,0.2128,0.2612,Sam Adekugbe,1995-01-16,England,Vancouver Whitecaps FC,963000,USD,2026-08-18 13:59:10.001831
aDQ0l7kWQE,Vj58weDM8n,2025,mls,1254,0.7942,12,2,FB,NA,-7.8982,1.0621,0.2138,0.3681,-0.1177,0.302,0.2825,0.0134,Mitja Ilenič,2004-12-26,Slovenia,New York City FC,391700,USD,2026-08-18 13:59:10.001831
aDQ0l9bRQE,wvq9B9wQWn,2025,mls,1884,1.4117,4,1,CB,NA,12.1284,3.6665,2.5233,0.6216,0.0958,0.2465,0.1786,7e-4,Kyle Hiebert,1997-07-30,Canada,St. Louis City SC,269000,USD,2026-08-18 13:59:10.001831
aDQ0lA2lQE,mKAqBBmqbg,2025,mls,300,0,0,0,FB,NA,-4.8959,-0.0483,-0.0456,-0.0785,0.0941,0.0266,0,-0.0449,Joshua Torquato,2007-07-24,USA,FC Dallas,88622,USD,2026-08-18 13:59:10.001831
aDQ0lp9pQE,"c(""9z5k7Yg5A3"", ""zeQZBOzQKw"")",2025,mls,228,0.1939,1,0,W,NA,-4.7886,0.1732,0.0559,-0.16,-0.0025,0.1783,0.0391,0.0624,David Vazquez,2006-02-22,USA,NA,119880,USD,2026-08-18 13:59:10.001831
aDQ0x9bpQE,lgpMOvnQzy,2025,mls,346,1.6676,9,2,ST,NA,-1.6583,0.6404,0.0815,-0.4025,0.0605,0.6592,0.2256,0.0161,Rayan Elloumi,2007-09-17,Canada,Vancouver Whitecaps FC,96268,USD,2026-08-18 13:59:10.001831
e7Mz0EpXqr,mKAqBBmqbg,2025,mls,2017,1.181,16,2,CM,NA,-6.4134,2.7832,1.8389,0.317,-0.0083,0.4256,0.3556,-0.1456,Kaick,2005-11-29,Brazil,FC Dallas,201900,USD,2026-08-18 13:59:10.001831
e7Mz913GQr,eVq3ya6MWO,2025,mls,1422,0.5741,4,1,CB,NA,40.5787,3.4928,1.6992,1.6862,-5e-4,0.0508,0.1062,-0.0491,Aaron Long,1992-10-12,USA,Los Angeles FC,1050000,USD,2026-08-18 13:59:10.001831
e7Mz9GBOQr,9z5k7Yg5A3,2025,mls,1562,6.1249,45,6,ST,NA,-14.6992,4.4181,0.6002,-1.326,-0.038,3.5182,1.3353,0.3284,Mikael Uhre,1994-09-30,Denmark,Philadelphia Union,2240000,USD,2026-08-18 13:59:10.001831
e7Mz9NpeQr,NPqxKXZ59d,2025,mls,435,0.1411,2,0,FB,NA,5.487,0.4693,0.1901,0.1607,0.0054,0.1059,0.0083,-0.0011,Harry Toffolo,1995-08-19,England,Charlotte FC,1020000,USD,2026-08-18 13:59:10.001831
e7Mz9PWjQr,pzeQZ6xQKw,2025,mls,1204,0.456,6,2,FB,NA,-9.0091,1.2961,0.6757,0.3771,-0.1336,0.2916,0.0958,-0.0105,Keegan Rosenberry,1993-12-11,USA,Colorado Rapids,400000,USD,2026-08-18 13:59:10.001831
e7Mz9eaOQr,zeQZkL1MKw,2025,mls,1593,1.6734,15,1,CM,NA,14.7761,3.7754,0.914,0.9532,0.2005,1.0829,0.2825,0.3423,Rodrigo de Paul,1994-05-24,Argentina,Inter Miami CF,3619320,USD,2026-08-18 13:59:10.001831
e7MzAxyGQr,wvq9B9wQWn,2025,mls,1551,0.4438,6,0,CB,NA,23.9633,3.4884999999999997,2.4673,0.5514,0.0124,0.3589,0.0882,0.0103,Henry Kessler,1998-06-25,USA,St. Louis City SC,1333333,USD,2026-08-18 13:59:10.001831
e7MzJPvGMr,kaDQ0wRqEv,2025,mls,1394,0.4433,4,0,FB,NA,22.4958,2.2208,1.2516,0.1118,0.3861,0.2086,0.1207,0.142,Julián Aude,2003-03-24,Argentina,LA Galaxy,360000,USD,2026-08-18 13:59:10.001831
e7MzJV2GMr,Vj58weDM8n,2025,mls,1462,3.0494,28,5,W,NA,0.6984,4.3316,0.9205,0.6867,0.5751,1.21,0.8494,0.0899,Nicolás Fernández,2000-01-11,Argentina,New York City FC,3650000,USD,2026-08-18 13:59:10.001831
e7MzJVJ7Mr,pzeQZ6xQKw,2025,mls,1274,3.1059,26,1,W,NA,3.0117,3.7968,0.6416,0.1583,0.2034,1.8083,0.6973,0.2879,Ted Ku-Dipietro,2002-01-28,USA,Colorado Rapids,456000,USD,2026-08-18 13:59:10.001831
e7MzJWAPMr,mvzqoLZQap,2025,mls,76,0.0561,1,0,FB,NA,0.3639,-0.03440000000000001,-0.0101,-0.0585,-0.0247,0.024,0.0358,-9e-4,Tristan Brown,2007-10-17,USA,Columbus Crew,84986,USD,2026-08-18 13:59:10.001831
e7MzZ63OMr,mKAqBBmqbg,2025,mls,1997,3.8591,31,2,FB,NA,-22.4071,3.9148,1.2276,-0.8018,0.6835,1.7956,0.8739,0.136,Bernard Kamungo,2002-01-01,Tanzania,FC Dallas,256000,USD,2026-08-18 13:59:10.001831
e7MzZpaXMr,vzqoOgNqap,2025,mls,1178,1.7281,10,3,FB,NA,10.4325,0.7294999999999999,0.2681,0.139,-0.2649,0.2767,0.344,-0.0334,Josh Bauer,1998-07-22,USA,Nashville SC,203667,USD,2026-08-18 13:59:10.001831
e7MzZprjMr,"c(""Z2vQ1xlqrA"", ""a2lqR4JMr0"")",2025,mls,1480,4.8872,42,2,ST,NA,-4.4078,2.2695000000000003,0.2379,-1.1903,-1.1026,3.4426,1.1297,-0.2478,William Agada,1999-09-17,Nigeria,NA,546875,USD,2026-08-18 13:59:10.001831
e7MzzmEeMr,zeQZBOzQKw,2025,mls,1707,0.2621,6,0,CB,NA,47.9247,3.2083,1.4302,1.5017,0.0533,0.0662,0.1317,0.0252,Manu Duah,2005-06-05,Ghana,San Diego FC,84622,USD,2026-08-18 13:59:10.001831
eV5D0G2Z5K,NWMWlBK5lz,2025,mls,1142,0.2583,5,0,FB,NA,-12.2465,1.954,1.0792,0.6015,0.0738,0.0712,0.1223,0.006,Alvas Powell,1994-07-18,Jamaica,FC Cincinnati,319500,USD,2026-08-18 13:59:10.001831
eV5D0on95K,jYQJ19EqGR,2025,mls,1170,0.1999,3,0,CB,NA,10.7719,1.1615,0.292,0.6706,0.0948,0.0652,0.0787,-0.0398,Kim Kee-hee,1989-07-13,South Korea,Seattle Sounders FC,104000,USD,2026-08-18 13:59:10.001831
eV5D21BAQK,vzqoOgNqap,2025,mls,264,0.1246,3,0,CM,NA,-0.1699,0.10679999999999999,0.1477,-0.0915,-0.017,0.0192,0.049,-6e-4,Wyatt Meyer,2001-11-12,USA,Nashville SC,80622,USD,2026-08-18 13:59:10.001831
eV5D2RJAQK,a2lqR4JMr0,2025,mls,2287,0.615,15,1,FB,NA,34.1874,3.261,1.6085,1.0822,1e-4,0.2266,0.3516,-0.008,Noel Caliskan,2000-08-29,Germany,Real Salt Lake,104000,USD,2026-08-18 13:59:10.001831
eV5D2XxAQK,EKXMeX3Q64,2025,mls,25,0,0,0,ST,NA,-0.9049,0.0187,0,-0.0237,0.0257,0.0176,0,-9e-4,Bibi Karamoko,2005-11-01,USA,D.C. United,80622,USD,2026-08-18 13:59:10.001831
eV5DB6nQKn,a2lqRX2Mr0,2025,mls,3088,13.8891,59,17,ST,NA,-9.9102,7.2758,0.7599,-1.0995,-0.8398,5.5841,1.799,1.0721,Eric Maxim Choupo-Moting,1989-03-23,Cameroon,New York Red Bulls,3530667,USD,2026-08-18 13:59:10.001831
eV5DL18a5K,9z5k7Yg5A3,2025,mls,3269,1.0058,24,1,CB,NA,24.3996,4.8713999999999995,2.2908,2.2333,-0.0095,0.4105,0.4122,-0.4659,Jakob Glesnes,1994-03-25,Norway,Philadelphia Union,1310000,USD,2026-08-18 13:59:10.001831
eV5DL1xR5K,mvzqoLZQap,2025,mls,3018,0.9513,12,2,CB,NA,103.2785,8.365499999999999,3.5528,3.0277,0.9332,0.5421,0.2775,0.0322,Sean Zawadzki,2000-04-21,USA,Columbus Crew,446875,USD,2026-08-18 13:59:10.001831
eV5DL9aZ5K,APk5LGOMOW,2025,mls,2997,0.9819,11,2,FB,NA,21.4156,2.9498,1.1445,1.0429,0.0216,0.4194,0.2685,0.0529,Luca Petrasso,2000-06-16,Canada,CF Montréal,119136,USD,2026-08-18 13:59:10.001831
eV5DLDVJ5K,NPqxKXZ59d,2025,mls,838,0.299,3,0,DM,NA,-5.4312,0.05710000000000002,0.3384,-0.0681,-0.2416,0.3259,0.0525,-0.35,Eryk Williamson,1997-06-11,USA,Charlotte FC,775000,USD,2026-08-18 13:59:10.001831
eV5DLKnn5K,a2lqR4JMr0,2025,mls,133,0.28,5,0,W,NA,2.573,0.2166,0.0217,-0.0161,0.0712,0.0634,0.0771,-7e-4,Lachlan Brook,2001-02-08,Australia,Real Salt Lake,274883,USD,2026-08-18 13:59:10.001831
eV5DLNDm5K,NWMWlBK5lz,2025,mls,959,4.443,24,6,ST,NA,7.4709,2.7565,0.2455,-0.033,0.0137,1.9837,0.6961,-0.1495,Brenner,2000-01-16,Brazil,FC Cincinnati,280120,USD,2026-08-18 13:59:10.001831
eV5DLWdm5K,KAqBN0Vqbg,2025,mls,1447,0.776,7,1,FB,NA,0.2248,1.7982,0.9694,0.5447,-0.1492,0.3304,0.0997,0.0032,Ronald Hernández,1997-09-21,Venezuela,Atlanta United FC,290750,USD,2026-08-18 13:59:10.001831
eV5DLY8A5K,Z2vQ1xlqrA,2025,mls,639,2.9144,14,3,ST,NA,-3.6957,1.8085,0.1897,-0.31,0.0645,1.4432,0.4563,-0.0352,Mason Toye,1998-10-16,USA,Sporting Kansas City,392500,USD,2026-08-18 13:59:10.001831
eV5DLYJa5K,wvq9B9wQWn,2025,mls,1617,1.2301,16,1,FB,NA,-23.0919,2.2852,1.3063,0.1677,-0.2925,0.6989,0.395,0.0098,Akil Watts,2000-02-04,USA,St. Louis City SC,104000,USD,2026-08-18 13:59:10.001831
eV5DLnOY5K,vzqoOgNqap,2025,mls,2270,1.1978,16,2,CB,NA,30.8717,4.3468,1.7524,1.6251,0.1782,0.4845,0.3971,-0.0905,Jeisson Palacios,1994-03-20,Colombia,Nashville SC,526667,USD,2026-08-18 13:59:10.001831
eV5DkvNOMK,jYQJ19EqGR,2025,mls,152,0.2571,2,0,CB,NA,-1.4581,0.41000000000000003,0.1628,0.066,0.0026,0.1262,0.0524,0,Stuart Hawkins,2006-09-18,USA,Seattle Sounders FC,116021,USD,2026-08-18 13:59:10.001831
eV5DkwDaMK,NPqxKXZ59d,2025,mls,7,0,0,0,FB,NA,1.1376,0.0209,0.0161,0.005,0,-2e-4,0,0,Jack Neeley,2005-03-11,USA,Charlotte FC,106000,USD,2026-08-18 13:59:10.001831
eV5Dky89MK,a2lqR4JMr0,2025,mls,689,0.207,9,0,DM,NA,2.5266,0.6441,0.3973,0.2815,0.0485,0.0456,0.1824,-0.3112,Nelson Palacio,2001-06-16,Colombia,Real Salt Lake,423167,USD,2026-08-18 13:59:10.001831
eV5Dz67ZQK,9z5k7Yg5A3,2025,mls,3188,2.4866,51,2,CM,NA,-4.7376,4.5752,1.9939,1.0866,0.3427,0.5187,1.0002,-0.3669,Jovan Lukić,2002-01-20,Serbia,Philadelphia Union,329875,USD,2026-08-18 13:59:10.001831
eV5DzBzEQK,lgpMOvnQzy,2025,mls,8,0,0,0,CM,NA,-0.7218,-0.0278,0,-0.0117,-0.0156,-5e-4,0,0,Jackson Castro,2002-12-24,USA,Vancouver Whitecaps FC,NA,NA,2026-08-18 13:59:10.001831
eV5DzD0ZQK,a2lqRX2Mr0,2025,mls,886,2.5435,12,2,W,NA,1.1929,2.2701,0.8773,-0.1327,-0.2905,1.397,0.4305,-0.0115,Dennis Gjengaar,2004-02-24,Norway,New York Red Bulls,418769,USD,2026-08-18 13:59:10.001831
eV5DzXvnQK,a2lqR4JMr0,2025,mls,2342,1.0878,26,1,CB,NA,32.6908,3.6734,2.1269,1.7069,0.3422,0.2007,0.4597,-1.163,Brayan Vera,1999-01-15,Colombia,Real Salt Lake,557004,USD,2026-08-18 13:59:10.001831
eV5DzeZaQK,mKAqBBmqbg,2025,mls,233,0.886,6,1,W,NA,-1.8163,0.42519999999999997,0.0705,-0.0607,-0.4389,0.7271,0.1378,-0.0106,Léo Chú,2000-04-06,Brazil,FC Dallas,600000,USD,2026-08-18 13:59:10.001831
eV5Dzm8EQK,eVq3ya6MWO,2025,mls,112,0.2241,1,0,CB,NA,3.2012,0.4365,0.1941,0.1046,0.0226,0.0798,0.0423,-0.0069,Kenny Nielsen,2002-02-13,USA,Los Angeles FC,80622,USD,2026-08-18 13:59:10.001831
eV5Dzr7EQK,gpMOLwl5zy,2025,mls,521,1.7449,18,1,ST,NA,-3.0843,1.8283999999999998,0.1199,-0.0838,0.2539,1.1824,0.3701,-0.0141,CJ Fodrey,2004-02-10,USA,Austin FC,108000,USD,2026-08-18 13:59:10.001831
eVq3alzDMW,gpMOLwl5zy,2025,mls,1631,1.011,7,1,FB,NA,28.5271,1.6529999999999998,1.3921,0.5417,-0.1065,0.21560000000000001,0.1629,-0.5528,Mikkel Desler,1995-02-19,Denmark,Austin FC,550000,USD,2026-08-18 13:59:10.001831
eVq3ejEvMW,Vj58weDM8n,2025,mls,125,0.6318,3,1,ST,NA,-0.2365,0.3373,0.0528,0.13,-0.3447,0.4067,0.0831,0.0094,Seymour Reid,2008-03-04,Jamaica,New York City FC,95437,USD,2026-08-18 13:59:10.001831
eVq3epZwMW,mKAqBBmqbg,2025,mls,443,0.1658,2,0,CB,NA,4.4896,0.9329999999999999,0.8096,-0.033,0.0095,0.1204,0.0314,-0.0049,Álvaro Augusto,2005-04-17,Brazil,FC Dallas,92740,USD,2026-08-18 13:59:10.001831
eVq3jBAv5W,eVq3ya6MWO,2025,mls,1007,3.9675,20,5,ST,NA,2.6086,2.1083,0.6707,0.0575,-0.9268,1.4161,0.6285,0.2623,Jeremy Ebobisse,1997-02-14,USA,Los Angeles FC,680000,USD,2026-08-18 13:59:10.001831
eVq3jBjj5W,X0Oq66zq6D,2025,mls,535,1.6628,8,3,ST,NA,-12.2331,0.4246,0.1889,-0.4598,-0.1903,0.9024,0.2419,-0.2585,Tom Barlow,1995-07-08,USA,Chicago Fire FC,330000,USD,2026-08-18 13:59:10.001831
eVq3jDBG5W,a2lqRX2Mr0,2025,mls,395,0,0,0,CM,NA,3.1245,0.439,0.2334,0.1369,-0.0131,0.0781,0,0.0037,Gustav Berggren,1997-09-07,Sweden,New York Red Bulls,1109996,USD,2026-08-18 13:59:10.001831
eVq3jYZv5W,mvzqoLZQap,2025,mls,16,0.0429,1,0,CM,NA,-0.3934,0.0489,0.0166,-0.015,0.0093,0.0017,0.0363,0,Derrick Jones,1997-03-03,USA,Columbus Crew,387500,USD,2026-08-18 13:59:10.001831
eVq3jbrg5W,YgOMngl5wN,2025,mls,96,0.0609,1,0,ST,NA,-1.1631,0.0523,0.025,-0.0795,-0.0329,0.0862,0.0209,0.0326,Toyosi Olusanya,1997-10-14,England,Houston Dynamo FC,363219,USD,2026-08-18 13:59:10.001831
eVq3jmnV5W,zeQZkL1MKw,2025,mls,446,0.2742,3,1,CB,NA,-4.954,1.1176,0.7096,0.1941,0.1537,0.1356,0.0946,-0.17,David Martínez,1998-01-21,Argentina,Inter Miami CF,839839,USD,2026-08-18 13:59:10.001831
eVq3jx6G5W,lgpMOvnQzy,2025,mls,2681,0.5987,9,0,DM,NA,25.9674,4.1619,2.6355,1.2639,0.1171,0.1618,0.1808,-0.1972,Andrés Cubas,1996-05-11,Paraguay,Vancouver Whitecaps FC,1146375,USD,2026-08-18 13:59:10.001831
eVq3jyYV5W,a2lqR4JMr0,2025,mls,3246,1.2823,16,1,CB,NA,58.1919,7.4401,3.8706,1.9242,0.4912,0.9485,0.2831,-0.0775,Justen Glad,1997-02-28,USA,Real Salt Lake,1330000,USD,2026-08-18 13:59:10.001831
eVq3r1eD5W,a2lqRX2Mr0,2025,mls,1017,0.1178,5,0,DM,NA,27.6001,2.118,1.0018,0.6872,0.132,0.2519,0.0892,-0.0441,Ronald Donkor,2004-11-20,Mali,New York Red Bulls,165400,USD,2026-08-18 13:59:10.001831
eVq3rBnV5W,zeQZkL1MKw,2025,mls,518,2.1259,12,2,W,NA,-5.1492000000000004,0.8972,0.2635,-0.4,-0.3261,0.8501,0.2614,0.2483,Mateo Silvetti,2006-01-14,Argentina,Inter Miami CF,547078,USD,2026-08-18 13:59:10.001831
eVq3rXzD5W,NWMWlBK5lz,2025,mls,915,1.4772,12,1,FB,NA,2.4986,2.7293,0.8309,-0.143,0.74,0.9719,0.3443,-0.0148,Ender Echenique,2004-04-02,Venezuela,FC Cincinnati,414180,USD,2026-08-18 13:59:10.001831
eVq3rkkw5W,zeQZkL1MKw,2025,mls,1398,0.3831,4,2,CB,NA,21.2142,2.7491,1.1457,1.1316,0.2658,0.0961,0.15310000000000001,-0.0432,Tomás Avilés,2004-02-03,Argentina,Inter Miami CF,467492,USD,2026-08-18 13:59:10.001831
eVq3v9n5WO,eVq3ya6MWO,2025,mls,595,4.5082,20,3,ST,NA,-16.3712,2.3986,0.2021,-0.3156,0.0166,1.8732,0.5207,0.1016,Olivier Giroud,1986-09-30,France,Los Angeles FC,3675000,USD,2026-08-18 13:59:10.001831
eVq3xk1VQW,lgpMOvnQzy,2025,mls,3145,3.146,61,4,DM,NA,39.8043,7.5885,2.9328,2.8954,0.2362,0.8153,1.3644,-0.6556,Sebastian Berhalter,2001-05-10,USA,Vancouver Whitecaps FC,385000,USD,2026-08-18 13:59:10.001831
eVq3y38yMW,zeQZkL1MKw,2025,mls,1540,1.5199,12,1,W,NA,-5.4508,1.6684999999999999,0.9042,-0.5453,-0.1525,1.1715,0.3615,-0.0709,Benjamin Cremaschi,2005-03-02,USA,Inter Miami CF,502500,USD,2026-08-18 13:59:10.001831
eVq3y6KGMW,eVq3ya6MWO,2025,mls,1413,4.4326,41,3,W,NA,-7.8608,4.7789,1.0082,0.3479,0.7479,1.5649,0.8568,0.2532,David Martínez,2006-02-07,Venezuela,Los Angeles FC,525000,USD,2026-08-18 13:59:10.001831
eVq3yPAGMW,kRQand1MKZ,2025,mls,1747,0.5644,9,0,CB,NA,13.1864,2.3022,1.4551,0.3406,-0.3616,0.6561,0.2186,-0.0066,Morris Duggan,2000-10-24,Germany,Minnesota United FC,80622,USD,2026-08-18 13:59:10.001831
eVq3yR3yMW,kRQand1MKZ,2025,mls,795,0.3182,4,0,CM,NA,11.0582,1.3763,0.8281,0.14,-0.0592,0.3456,0.1131,0.0087,Owen Gene,2003-03-19,France,Minnesota United FC,430100,USD,2026-08-18 13:59:10.001831
eVq3ydEvMW,Vj58weDM8n,2025,mls,703,1.8023,19,2,ST,NA,-7.1489,1.5346000000000002,0.358,-0.3832,-0.6394,1.6504,0.5851,-0.0363,Monsef Bakrar,2001-01-13,Algeria,New York City FC,468720,USD,2026-08-18 13:59:10.001831
eVq3yp76MW,Vj58weDM8n,2025,mls,3029,23.5306,110,19,ST,NA,-22.2925,11.4731,0.76,-1.532,-1.4425,9.3003,3.2449,1.1424,Alonso Martínez,1998-10-15,Costa Rica,New York City FC,800333,USD,2026-08-18 13:59:10.001831
eVq3yvnvMW,9z5k7Yg5A3,2025,mls,8,0,0,0,ST,NA,0,-0.0189,0,0,-0.021,0.0021,0,0,Edward Davis,2006-06-17,USA,Philadelphia Union,82622,USD,2026-08-18 13:59:10.001831
gOMn2jBXMw,kRQand1MKZ,2025,mls,187,0,0,0,GK,NA,-2.7013,NA,NA,NA,NA,NA,NA,NA,Alec Smir,1999-04-13,USA,Minnesota United FC,104000,USD,2026-08-18 13:59:10.001831
gOMn6NBlMw,eVq3ya6MWO,2025,mls,559,0.2839,7,1,CM,NA,-3.9414,0.4072,0.314,-0.062,-0.1448,0.1872,0.053900000000000003,0.0589,Yaw Yeboah,1997-03-28,Ghana,Los Angeles FC,550000,USD,2026-08-18 13:59:10.001831
gOMn6lylMw,vzqoOgNqap,2025,mls,3766,0.0564,1,0,GK,NA,12.3221,NA,NA,NA,NA,NA,NA,NA,Joe Willis,1988-08-10,USA,Nashville SC,658333,USD,2026-08-18 13:59:10.001831
gOMn6n8XMw,kaDQ0wRqEv,2025,mls,1079,5.2137,23,4,ST,NA,-5.8803,3.2628000000000004,0.324,-0.5321,-0.54990000000000006,3.24,0.7254,0.0554,Christian Ramírez,1991-04-04,USA,LA Galaxy,570833,USD,2026-08-18 13:59:10.001831
gOMn6oPAMw,kRQabn8MKZ,2025,mls,1443,4.4616,48,4,W,NA,-2.1826,4.503,0.5586,0.6741,1.0349,1.0586,1.1376,0.0392,Federico Bernardeschi,1994-02-16,Italy,Toronto FC,6295381,USD,2026-08-18 13:59:10.001831
gOMnBnmMwN,a2lqR4JMr0,2025,mls,420,1.5603,11,2,W,NA,-3.0049,1.2244,0.1356,-0.122,0.1191,0.7273,0.3767,-0.0123,Johnny Russell,1990-04-08,Scotland,Real Salt Lake,325500,USD,2026-08-18 13:59:10.001831
gOMnR0wlMw,kRQand1MKZ,2025,mls,1220,0.6296,10,1,FB,NA,-5.9831,0.5858,-0.1043,0.2371,0.0248,0.3108,0.17,-0.0526,Julian Gressel,1993-12-16,Germany,Minnesota United FC,1146672,USD,2026-08-18 13:59:10.001831
gOMnR6e6Mw,0KPqjA456v,2025,mls,529,0.1711,4,0,FB,NA,7.2232,0.3401,0.0669,0.2021,-0.0633,0.0673,0.0899,-0.0228,Nick Lima,1994-11-17,USA,San Jose Earthquakes,375000,USD,2026-08-18 13:59:10.001831
gOMnR96lMw,vzqoOgNqap,2025,mls,2651,5.2558,35,1,W,NA,-30.4969,4.2303,1.4752,-0.9528,-0.0499,2.6005,1.1025,0.0548,Alex Muyl,1995-09-30,USA,Nashville SC,535000,USD,2026-08-18 13:59:10.001831
gOMnR9bXMw,APk5LGOMOW,2025,mls,1030,1.1867,23,0,W,NA,-9.3903,1.5512,0.6626,0.1911,-0.0938,0.3755,0.3829,0.0329,Tom Pearce,1998-04-12,England,CF Montréal,507625,USD,2026-08-18 13:59:10.001831
gOMnRE8BMw,wvq9B9wQWn,2025,mls,3409,7.7701,75,9,AM,NA,22.1902,8.5074,1.6339,1.6203,-0.0634,3.3671,1.9063,0.0432,Marcel Hartel,1996-01-19,Germany,St. Louis City SC,2183113,USD,2026-08-18 13:59:10.001831
gOMnRnO8Mw,eVq3ya6MWO,2025,mls,156,0,0,0,GK,NA,-4.4735,NA,NA,NA,NA,NA,NA,NA,Thomas Hasal,1999-07-09,Canada,Los Angeles FC,114133,USD,2026-08-18 13:59:10.001831
gOMnRzymMw,WBLMvYAQxe,2025,mls,2340,0,0,0,GK,NA,5.7528,NA,NA,NA,NA,NA,NA,NA,James Pantemis,1997-02-21,Canada,Portland Timbers FC,220833,USD,2026-08-18 13:59:10.001831
gOMnYNjlQw,NWMWlBK5lz,2025,mls,121,0,0,0,CM,NA,0.3376,-0.01830000000000002,0.1987,0.0129,0.0018,0.0152,0,-0.2469,Stiven Jimenez,2007-06-24,USA,FC Cincinnati,104000,USD,2026-08-18 13:59:10.001831
gOMnYVweQw,zeQZkL1MKw,2025,mls,1964,0.3596,6,0,CB,NA,33.5835,2.1257,0.7421,1.0406,0.0826,0.1783,0.1011,-0.019,Gonzalo Lujan,2001-04-07,Argentina,Inter Miami CF,818250,USD,2026-08-18 13:59:10.001831
gOMnYnlxQw,zeQZkL1MKw,2025,mls,178,0.7701,2,1,ST,NA,-1.7966,0.6770999999999999,0.0578,-0.0685,0.218,0.3293,0.0996,0.0409,Allen Obando,2006-06-13,Ecuador,Inter Miami CF,620833,USD,2026-08-18 13:59:10.001831
gOMnYzdxQw,mKAqBBmqbg,2025,mls,415,0.9494,6,0,CM,NA,-7.2516,0.615,0.0197,0.0661,0.201,0.1932,0.1335,0.0015,Tsiki Ntsabeleng,1998-02-09,South Africa,FC Dallas,227000,USD,2026-08-18 13:59:10.001831
gOMna9OOQw,a2lqR4JMr0,2025,mls,295,0.7613,4,1,ST,NA,0.2765,0.20249999999999996,0.0915,-0.156,-0.3774,0.4996,0.1238,0.021,Forster Ajago,2001-08-16,Ghana,Real Salt Lake,80622,USD,2026-08-18 13:59:10.001831
gOMnl3ZXqw,zeQZkL1MKw,2025,mls,1890,1.4907,8,1,FB,NA,47.954,2.2616,1.3379,0.4956,-0.1043,0.3277,0.2864,-0.0817,Marcelo Weigandt,2000-01-11,Argentina,Inter Miami CF,734708,USD,2026-08-18 13:59:10.001831
gOMnl3y6qw,"c(""kRQand1MKZ"", ""wvq9B9wQWn"")",2025,mls,1097,2.1933,14,1,W,NA,-16.5001,1.3327,0.5027,-0.3261,-0.2137,0.9699,0.3606,0.0393,Jeong Sang-Bin,2002-04-01,South Korea,NA,737458,USD,2026-08-18 13:59:10.001831
gOMnl6zBqw,jYQJ19EqGR,2025,mls,358,3.5094,19,1,ST,NA,1.5228,2.0103,0.2421,-0.3599,-0.0312,1.853,0.3655,-0.0592,Osaze De Rosario,2001-07-19,Canada,Seattle Sounders FC,80622,USD,2026-08-18 13:59:10.001831
gOMnlA96qw,X0Oq66zq6D,2025,mls,2999,0,0,0,GK,NA,6.6767,NA,NA,NA,NA,NA,NA,NA,Chris Brady,2004-03-03,USA,Chicago Fire FC,348329,USD,2026-08-18 13:59:10.001831
gOMnlGZmqw,mvzqoLZQap,2025,mls,1643,2.0781,16,1,FB,NA,32.7445,1.807,0.4541,-0.7152,-0.0036,1.4761,0.5185,0.0771,Mohamed Farsi,1999-12-16,Canada,Columbus Crew,455000,USD,2026-08-18 13:59:10.001831
gOMnlKNeqw,NPqxKXZ59d,2025,mls,1741,7.232,46,5,W,NA,-6.7826,5.2854,0.5409,0.3443,1.0016,2.1398,1.2159,0.0429,Liel Abada,2001-10-03,Israel,Charlotte FC,2548500,USD,2026-08-18 13:59:10.001831
gOMnlNzlqw,kRQand1MKZ,2025,mls,3,0,0,0,W,NA,0,-0.008799999999999999,-0.0023,0,-0.0078,0.0013,0,0,Luke Hille,2003-02-19,USA,Minnesota United FC,NA,NA,2026-08-18 13:59:10.001831
gOMnlWY8qw,wvq9B9wQWn,2025,mls,622,0.3046,4,1,FB,NA,11.8707,-0.12429999999999997,0.1263,0.3146,-0.2966,0.1288,0.126,-0.5234,Jaziel Orozco,2004-06-02,USA,St. Louis City SC,80622,USD,2026-08-18 13:59:10.001831
gOMnlp9eqw,EKXMeX3Q64,2025,mls,1729,0.3514,9,0,DM,NA,5.1231,2.2121,1.8584,0.127,0.1986,0.1764,0.1214,-0.2697,Matti Peltola,2002-07-03,Finland,D.C. United,826000,USD,2026-08-18 13:59:10.001831
gOMnlrDeqw,APk5LGOMOW,2025,mls,1499,0.5036,11,0,CB,NA,8.5049,3.3164000000000002,2.4408,1.1704,-0.8662,0.3173,0.2515,0.0026,George Campbell,2001-06-22,USA,CF Montréal,517500,USD,2026-08-18 13:59:10.001831
gjMN614vMK,jYQJ8EW5GR,2025,mls,1123,7.3135,30,8,ST,NA,-6.5434,3.6382,0.4992,-0.6939,-1.9066,4.6528,1.0782,0.0085,Ramiro Enrique,2001-05-04,Argentina,Orlando City SC,421363,USD,2026-08-18 13:59:10.001831
gjMN6B9KMK,gpMOLwl5zy,2025,mls,348,0,0,0,CB,NA,-2.5409,0.19140000000000001,0.113,0.0577,0.0246,0.0062,0,-0.0101,Mateja Djordjevic,2003-01-17,Serbia,Austin FC,347500,USD,2026-08-18 13:59:10.001831
gjMN6gkKMK,YgOMngl5wN,2025,mls,1973,3.986,30,4,FB,NA,24.0492,4.6371,1.3356,0.8572,0.4982,1.4147,0.8223,-0.2909,Felipe Andrade,2002-05-29,Brazil,Houston Dynamo FC,207500,USD,2026-08-18 13:59:10.001831
gjMN6r64MK,EKXMeX3Q64,2025,mls,2925,0.9745,11,0,CB,NA,10.8201,4.648000000000001,3.0104,1.1504,-0.1152,0.9397,0.2002,-0.5375,Lucas Bartlett,1997-07-26,USA,D.C. United,510625,USD,2026-08-18 13:59:10.001831
gjMN7Xz05K,WBLMvYAQxe,2025,mls,206,0.6702,4,1,W,NA,1.8939,0.6752,0.0471,-0.0158,-0.241,0.7894,0.088,0.0075,Gage Guerra,2002-12-21,USA,Portland Timbers FC,80622,USD,2026-08-18 13:59:10.001831
gjMNRerBMK,zeQZBOzQKw,2025,mls,2182,11.8614,96,11,W,NA,-10.7497,8.436,0.8423,0.3855,-0.2527,4.7262,2.2272,0.5075,Hirving Lozano,1995-07-30,Mexico,San Diego FC,7633333,USD,2026-08-18 13:59:10.001831
gjMNRxjvMK,zeQZkL1MKw,2025,mls,2685,0.7787,6,1,CB,NA,29.6976,3.5217,1.9222,0.6742,0.2531,0.5787,0.1461,-0.0526,Maximiliano Falcón,1997-05-01,Uruguay,Inter Miami CF,524250,USD,2026-08-18 13:59:10.001831
gjMNeXBpQK,NWMWlBK5lz,2025,mls,3424,0,0,0,GK,NA,5.4073,NA,NA,NA,NA,NA,NA,NA,Roman Celentano,2000-09-14,USA,FC Cincinnati,474000,USD,2026-08-18 13:59:10.001831
gjMNjJbkMK,Z2vQ1xlqrA,2025,mls,2178,0.1282,4,0,DM,NA,1.5341,1.9168999999999998,1.2948,0.5094,0.1511,0.1339,0.0841,-0.2564,Jacob Bartlett,2005-10-07,USA,Sporting Kansas City,83622,USD,2026-08-18 13:59:10.001831
gjMNjWyKMK,jYQJ8EW5GR,2025,mls,2878,7.2285,46,6,FB,NA,16.7058,9.5876,2.4412,0.9428,1.8451,3.0166,1.2418,0.1001,Alex Freeman,2004-08-09,USA,Orlando City SC,108000,USD,2026-08-18 13:59:10.001831
gjMNjY0kMK,kRQand1MKZ,2025,mls,187,0.189,2,0,ST,NA,-1.1129,0.20309999999999997,0.1183,0.1113,-0.3168,0.2204,0.0665,0.0034,Dominik Fitz,1999-06-16,Austria,Minnesota United FC,853000,USD,2026-08-18 13:59:10.001831
gjMNjxPBMK,zeQZBOzQKw,2025,mls,1529,0.2914,4,1,CB,NA,29.255,1.9364,0.7318,0.8039,0.2238,0.0994,0.0709,0.0066,Ian Pilcher,2003-03-21,USA,San Diego FC,80622,USD,2026-08-18 13:59:10.001831
gjMNrbKMKp,EKXMeX3Q64,2025,mls,2092,14.3207,78,9,ST,NA,-7.8456,8.8253,0.6731,-1.0539,-1.0226,7.4314,2.2787,0.5186,Christian Benteke,1990-12-03,Belgium,D.C. United,4937500,USD,2026-08-18 13:59:10.001831
gjMNv4DpMK,a2lqRX2Mr0,2025,mls,1666,1.2869,10,1,CB,NA,19.4174,3.96,1.528,1.6776,0.0792,0.6991,0.2741,-0.298,Alexander Hack,1993-09-08,Germany,New York Red Bulls,1031400,USD,2026-08-18 13:59:10.001831
gjMNv7PpMK,zeQZBOzQKw,2025,mls,2291,1.6884,20,1,CM,NA,83.0364,4.8485,1.2552,2.0258,0.236,0.7784,0.3922,0.1609,Aníbal Godoy,1990-02-10,Panama,San Diego FC,408333,USD,2026-08-18 13:59:10.001831
gjMNvJR4MK,zeQZBOzQKw,2025,mls,1965,0.9705,10,0,CB,NA,66.4724,3.4035,0.8046,2.0933,-0.1223,0.3711,0.2393,0.0175,Paddy McNair,1995-04-27,Northern Ireland,San Diego FC,762803,USD,2026-08-18 13:59:10.001831
gjMNvV70MK,wvq9B9wQWn,2025,mls,916,0,0,0,GK,NA,10.4182,NA,NA,NA,NA,NA,NA,NA,Ben Lundt,1995-09-24,Germany,St. Louis City SC,172833,USD,2026-08-18 13:59:10.001831
gjMNvjYvMK,mvzqoLZQap,2025,mls,3178,0.3858,10,0,CM,NA,78.8818,3.3714,1.7079,0.4842,0.4515,0.3491,0.273,0.1057,Darlington Nagbe,1990-07-19,Liberia,Columbus Crew,1565833,USD,2026-08-18 13:59:10.001831
gjMNvnjDMK,WBLMvYAQxe,2025,mls,1963,0.4156,6,0,CB,NA,22.407,2.1996000000000002,1.1384,0.8373,0.0845,0.1488,0.0893,-0.0987,Dario Župarić,1992-05-03,Croatia,Portland Timbers FC,907950,USD,2026-08-18 13:59:10.001831
gjMNvrO4MK,mvzqoLZQap,2025,mls,3002,1.4143,20,1,CB,NA,80.9812,6.2061,2.2581,2.5663,0.2883,0.4158,0.6039,0.0737,Steven Moreira,1994-08-13,France,Columbus Crew,902000,USD,2026-08-18 13:59:10.001831
gpMO1r1yqz,a2lqR4JMr0,2025,mls,347,2.1428,12,0,ST,NA,-3.2041,1.3122,0.2487,-0.2583,-0.0286,0.9467,0.3621,0.0416,Jesús Barea,2002-04-28,Spain,Real Salt Lake,82358,USD,2026-08-18 13:59:10.001831
gpMO4XD5zy,zeQZkL1MKw,2025,mls,2316,0,0,0,GK,NA,42.6515,NA,NA,NA,NA,NA,NA,NA,Óscar Ustari,1986-07-03,Argentina,Inter Miami CF,744000,USD,2026-08-18 13:59:10.001831
gpMOL01y5z,kaDQ0wRqEv,2025,mls,1106,0.9393,8,2,DM,NA,-0.0854,1.5302,0.7314,-0.1548,0.0533,0.7494,0.2022,-0.0513,Lucas Sanabria,2003-12-26,Uruguay,LA Galaxy,694800,USD,2026-08-18 13:59:10.001831
gpMOLj2r5z,kaDQ0wRqEv,2025,mls,15,0.038,1,0,FB,NA,-0.3236,0.0829,0,0.0014,0.0296,0.0244,0.0275,0,Nicklaus Sullivan,2002-07-21,USA,LA Galaxy,NA,NA,2026-08-18 13:59:10.001831
gpMOa2rRqz,gpMOLwl5zy,2025,mls,2010,1.3628,23,1,CM,NA,3.2821,2.8822,1.7446,0.1465,-0.022,0.5786,0.4254,0.0091,Besard Šabović,1998-01-05,Sweden,Austin FC,550000,USD,2026-08-18 13:59:10.001831
gpMOa67Eqz,0KPqjA456v,2025,mls,592,0.6535,9,0,CM,NA,6.4462,1.1691,0.4554,0.261,0.0259,0.2595,0.1928,-0.0255,Ronaldo Vieira,1998-07-19,England,San Jose Earthquakes,673854,USD,2026-08-18 13:59:10.001831
gpMOa6zrqz,kRQabn8MKZ,2025,mls,1124,1.2651,13,0,W,NA,-4.5338,1.1456,0.2107,-0.3268,0.1552,0.7882,0.3245,-0.0062,Derrick Etienne Jr.,1996-11-25,Haiti,Toronto FC,745566,USD,2026-08-18 13:59:10.001831
gpMOaPn1qz,mvzqoLZQap,2025,mls,294,0,0,0,GK,NA,-0.2786,NA,NA,NA,NA,NA,NA,NA,Nicholas Hagen,1996-08-02,Guatemala,Columbus Crew,122600,USD,2026-08-18 13:59:10.001831
gpMOaaB2qz,Z2vQ1xlqrA,2025,mls,2364,1.5748,21,2,CM,NA,7.2731,5.5189,0.9613,2.6633,0.1169,0.921,0.4589,0.3975,Manu García,1998-01-02,Spain,Sporting Kansas City,2325313,USD,2026-08-18 13:59:10.001831
gpMOalORqz,NPqxKXZ59d,2025,mls,900,0.0349,1,0,FB,NA,10.0904,1.7240000000000002,1.489,0.0529,-0.0151,0.156,0.0124,0.0288,Nick Scardina,2001-06-22,USA,Charlotte FC,104000,USD,2026-08-18 13:59:10.001831
gpMOalwDqz,0KPqjA456v,2025,mls,2386,1.6111,32,3,CM,NA,14.2515,3.7321,1.4648,0.9035,0.1694,0.6284,0.766,-0.2,Ian Harkes,1995-03-30,USA,San Jose Earthquakes,450000,USD,2026-08-18 13:59:10.001831
gpMOe7GOqz,kaDQ0wRqEv,2025,mls,1928,0.331,5,1,CB,NA,30.2034,2.1524,1.9043,0.772,-0.3304,0.1406,0.1157,-0.4498,Emiro Garcés,2001-10-11,Colombia,LA Galaxy,468000,USD,2026-08-18 13:59:10.001831
gpMOeAdDqz,zeQZkL1MKw,2025,mls,50,0,0,0,W,NA,2.0436,-0.017799999999999996,0.0364,-0.0466,-0.026,0.0181,0,3e-4,Santiago Morales,2007-02-09,USA,Inter Miami CF,112333,USD,2026-08-18 13:59:10.001831
gpMOeEDEqz,kaDQ0wRqEv,2025,mls,159,0.6152,7,0,CM,NA,1.5585,0.22569999999999998,0.0535,-0.0568,-0.0282,0.1148,0.1616,-0.0192,Rubén Ramos Jr.,2007-01-22,USA,LA Galaxy,80622,USD,2026-08-18 13:59:10.001831
gpMOeEnOqz,a2lqR4JMr0,2025,mls,2094,5.6673,41,4,W,NA,-17.5108,3.7251,0.3258,-0.4715,-0.0048,2.7239,1.2355,-0.0838,Zavier Gozo,2007-03-22,USA,Real Salt Lake,93345,USD,2026-08-18 13:59:10.001831
gpMOeGdrqz,WBLMvYAQxe,2025,mls,2831,8.5495,64,7,W,NA,-31.2518,4.7372000000000005,0.9984,-0.901,-0.3255,3.45,1.7753,-0.26,Antony,2001-09-08,Brazil,Portland Timbers FC,555342,USD,2026-08-18 13:59:10.001831
gpMOeWWRqz,"c(""APk5LGOMOW"", ""kRQabn8MKZ"")",2025,mls,493,1.8482,12,1,ST,NA,-8.0095,0.3177999999999999,-0.2265,-0.3294,-0.441,0.7745,0.5122,0.028,Jules-Anthony Vilsaint,2003-01-06,Canada,NA,131875,USD,2026-08-18 13:59:10.001831
gpMOo1JyMz,kRQabn8MKZ,2025,mls,2554,6.1344,56,6,W,NA,-3.3764,6.8391,1.1299,-1.1538,3.2466,1.7524,1.5455,0.3185,Theo Corbeanu,2002-05-17,Canada,Toronto FC,411625,USD,2026-08-18 13:59:10.001831
gpMOoO8rMz,Z2vQ1xlqrA,2025,mls,3456,0,0,0,GK,NA,-21.0154,NA,NA,NA,NA,NA,NA,NA,John Pulskamp,2001-04-19,USA,Sporting Kansas City,273500,USD,2026-08-18 13:59:10.001831
gpMOoOERMz,vzqoOgNqap,2025,mls,46,0.0094,1,0,W,NA,0.4532,0.0789,0.0221,0.0409,-0.0163,0.0058,0.0263,1e-4,Julian Gaines,2002-11-05,USA,Nashville SC,80622,USD,2026-08-18 13:59:10.001831
gpMOoOjEMz,Vj58weDM8n,2025,mls,3862,1.5403,17,2,CB,NA,27.7201,7.9201999999999995,4.2348,2.6422,0.1853,0.6755,0.4737,-0.2913,Justin Haak,2001-09-12,USA,New York City FC,265833,USD,2026-08-18 13:59:10.001831
gpMOoOpOMz,APk5LGOMOW,2025,mls,775,0.8636,8,0,AM,NA,-16.2532,0.9716,0.5776,-0.1349,-0.0115,0.3268,0.1996,0.014,Bryce Duke,2001-02-28,USA,CF Montréal,431875,USD,2026-08-18 13:59:10.001831
gpMOogB1Mz,zeQZkL1MKw,2025,mls,2017,3.3515,24,9,W,NA,20.6409,2.9274,0.8133,-0.8192,0.4086,1.7435,0.7639,0.0173,Telasco Segovia,2003-04-02,Venezuela,Inter Miami CF,335000,USD,2026-08-18 13:59:10.001831
gpMOopORMz,0KPqjA456v,2025,mls,280,0.4526,8,0,DM,NA,-4.6743,0.8522,0.1244,0.0134,0.3863,0.1123,0.2096,0.0062,Hernán López,2000-09-07,Argentina,San Jose Earthquakes,1020000,USD,2026-08-18 13:59:10.001831
gpMOov07Mz,kRQand1MKZ,2025,mls,797,0.9588,13,3,CM,NA,2.7688,1.8094,0.8935,0.141,0.3314,0.2051,0.2928,-0.0544,Nectarios Triantis,2003-05-11,Australia,Minnesota United FC,722665,USD,2026-08-18 13:59:10.001831
gpMOz1KyQz,gpMOLwl5zy,2025,mls,1098,1.7274,24,2,ST,NA,10.5925,2.8598000000000003,0.7868,0.7466,0.0576,0.6834,0.5429,0.0425,Diego Rubio,1993-05-15,Chile,Austin FC,208000,USD,2026-08-18 13:59:10.001831
jYQJ14KyqG,X0Oq66zq6D,2025,mls,2967,8.9104,78,15,W,NA,-31.8315,7.089799999999999,1.443,0.0147,0.5173,2.8124,2.2142,0.0882,Philip Zinckernagel,1994-12-16,Denmark,Chicago Fire FC,1631290,USD,2026-08-18 13:59:10.001831
jYQJ1PaVqG,YgOMngl5wN,2025,mls,701,0.3987,8,1,CB,NA,14.0694,1.4353,0.5958,0.4356,0.0826,0.3585,0.1414,-0.1786,Antônio Carlos,1993-03-07,Brazil,Houston Dynamo FC,782672,USD,2026-08-18 13:59:10.001831
jYQJB7wVQG,pzeQZ6xQKw,2025,mls,2415,6.1461,43,3,CM,NA,-1.1934,5.2422,1.3298,0.6262,0.4346,1.8889,1.0628,-0.1001,Cole Bassett,2001-07-28,USA,Colorado Rapids,850000,USD,2026-08-18 13:59:10.001831
jYQJBvJGQG,jYQJ19EqGR,2025,mls,1508,0.164,3,0,CB,NA,4.7772,1.9021,0.6614,1.1761,0.1448,0.0657,0.1059,-0.2518,Jon Bell,1997-08-26,USA,Seattle Sounders FC,135000,USD,2026-08-18 13:59:10.001831
jYQJYXpPqG,"c(""jYQJ8EW5GR"", ""kRQabn8MKZ"")",2025,mls,1385,1.9109,24,4,W,NA,-11.1747,2.4201,0.9256,-0.0374,0.3934,0.8094,0.5715,-0.2424,Tyrese Spicer,2000-12-04,Trinidad & Tobago,NA,83122,USD,2026-08-18 13:59:10.001831
jYQJYzKDqG,vzqoOgNqap,2025,mls,221,0,0,0,CB,NA,2.5946,0.1318,-0.0658,0.2029,-0.0179,0.0021,0,0.0105,Chris Applewhite,2007-08-23,USA,Nashville SC,90067,USD,2026-08-18 13:59:10.001831
jYQJa30DqG,kRQand1MKZ,2025,mls,1811,1.8021,21,1,FB,NA,2.3491,3.0528,1.2168,0.3427,0.2041,0.6443,0.5327,0.1122,Joseph Rosales,2000-11-06,Honduras,Minnesota United FC,579702,USD,2026-08-18 13:59:10.001831
jYQJaDnDqG,"c(""zeQZkL1MKw"", ""KAqBN0Vqbg"")",2025,mls,191,0.3625,3,0,W,NA,-5.8603,-0.1638,-0.3402,-0.085,-0.0766,0.2399,0.104,-0.0059,Leo Afonso,2001-07-13,Brazil,NA,80622,USD,2026-08-18 13:59:10.001831
jYQJaaBdqG,YgOMngl5wN,2025,mls,2582,3.8968,58,6,W,NA,68.3871,7.253,0.8983,3.6397,0.6628,0.7258,1.0625,0.2639,Jack McGlynn,2003-07-07,USA,Houston Dynamo FC,399320,USD,2026-08-18 13:59:10.001831
jYQJamlEqG,kRQand1MKZ,2025,mls,3039,5.1885,35,3,FB,NA,-10.3739,6.9029,3.2167,-0.4953,-0.7488,3.4194,0.9126,0.5983,Bongokuhle Hlongwane,2000-06-20,South Africa,Minnesota United FC,1142500,USD,2026-08-18 13:59:10.001831
jYQJanvVqG,a2lqRX2Mr0,2025,mls,2239,0.8451,14,1,DM,NA,30.2808,2.8712999999999997,1.1803,0.6376,0.2492,0.3676,0.3669,0.0697,Daniel Edelman,2003-04-28,USA,New York Red Bulls,465000,USD,2026-08-18 13:59:10.001831
jYQJgEJdMG,9z5k7Yg5A3,2025,mls,320,0.7329,6,0,W,NA,-1.8275,0.45,0.0852,-0.1157,0.0056,0.3386,0.1406,-0.0043,Cavan Sullivan,2009-09-28,USA,Philadelphia Union,364000,USD,2026-08-18 13:59:10.001831
jYQJgokGMG,kRQabn8MKZ,2025,mls,682,0,0,0,CB,NA,1.4403,0.6852,0.3865,0.3762,-0.0122,-0.0061,0,-0.0592,Lazar Stefanovic,2006-08-10,USA,Toronto FC,92528,USD,2026-08-18 13:59:10.001831
jYQJgrOWMG,zeQZBOzQKw,2025,mls,2848,1.5631,20,1,FB,NA,34.6463,4.654,2.4401,1.3703,-0.2837,0.61240000000000006,0.4581,0.0568,Luca Bombino,2006-07-10,USA,San Diego FC,80622,USD,2026-08-18 13:59:10.001831
jYQJz0RGQG,zeQZBOzQKw,2025,mls,3198,0,0,0,GK,NA,9.8925,NA,NA,NA,NA,NA,NA,NA,CJ dos Santos,2000-08-24,USA,San Diego FC,340875,USD,2026-08-18 13:59:10.001831
jYQJz3rWQG,YgOMngl5wN,2025,mls,330,0,0,0,GK,NA,-1.7734,NA,NA,NA,NA,NA,NA,NA,Andrew Tarbell,1993-10-07,USA,Houston Dynamo FC,430000,USD,2026-08-18 13:59:10.001831
jYQJzWGyQG,NWMWlBK5lz,2025,mls,2882,1.7745,16,1,CB,NA,42.3928,6.5578,2.9504,2.4804,0.098,0.8854,0.4078,-0.2642,Miles Robinson,1997-03-14,USA,FC Cincinnati,1650171,USD,2026-08-18 13:59:10.001831
jYQJznnkQG,wvq9B9wQWn,2025,mls,1225,0.7345,12,0,DM,NA,-1.1922,1.2741,1.1973,-0.1077,-0.0375,0.6065,0.1915,-0.576,Chris Durkin,2000-02-08,USA,St. Louis City SC,520000,USD,2026-08-18 13:59:10.001831
jYQJznrBQG,APk5LGOMOW,2025,mls,3120,17.6393,83,13,ST,NA,-64.6079,12.147200000000002,1.4654,-1.4487,-0.211,9.4135,2.4203,0.5077,Prince Owusu,1997-01-07,Germany,CF Montréal,1007500,USD,2026-08-18 13:59:10.001831
jYQJzoGVQG,kRQabn8MKZ,2025,mls,1567,1.0572,19,0,CM,NA,4.271,1.8399,0.7563,0.1356,0.0613,0.5737,0.4388,-0.1258,Maxime Dominguez,1996-02-01,Switzerland,Toronto FC,337577,USD,2026-08-18 13:59:10.001831
jYQJzpAkQG,NPqxKXZ59d,2025,mls,2781,3.0295,21,2,DM,NA,-5.1769,3.7767999999999997,1.7141,-0.1006,0.0189,1.5793,0.4481,0.117,Brandt Bronico,1995-06-20,USA,Charlotte FC,389000,USD,2026-08-18 13:59:10.001831
jYQJzwXkQG,zeQZBOzQKw,2025,mls,3850,2.2367,22,2,DM,NA,65.6126,8.4677,3.1945,2.7169,0.5367,1.7488,0.5777,-0.3069,Jeppe Tverskov,1993-03-12,Denmark,San Diego FC,700000,USD,2026-08-18 13:59:10.001831
kRQa207YMK,mKAqBBmqbg,2025,mls,62,0.0991,1,0,CM,NA,0.8067,0.0669,0.0216,0.0435,-0.0224,-0.0029,0.0304,-0.0033,Paxton Pomykal,1999-12-17,USA,FC Dallas,1158000,USD,2026-08-18 13:59:10.001831
kRQa22abMK,NPqxKXZ59d,2025,mls,469,0.2489,4,1,FB,NA,2.5924,0.4411,0.0481,0.1028,0.0416,0.1794,0.0882,-0.019,Bill Tuiloma,1995-03-27,New Zealand,Charlotte FC,524938,USD,2026-08-18 13:59:10.001831
kRQa22wjMK,jYQJ8EW5GR,2025,mls,3366,0,0,0,GK,NA,41.0885,NA,NA,NA,NA,NA,NA,NA,Pedro Gallese,1990-02-23,Peru,Orlando City SC,1249333,USD,2026-08-18 13:59:10.001831
kRQa2AvjMK,NWMWlBK5lz,2025,mls,3427,8.7903,125,18,AM,NA,22.8226,11.7354,1.3994,2.6594,2.5422,1.9077,2.6444,0.5823,Evander,1998-06-09,Brazil,FC Cincinnati,4736411,USD,2026-08-18 13:59:10.001831
kRQa2L2LMK,NWMWlBK5lz,2025,mls,405,0,0,0,GK,NA,0.347,NA,NA,NA,NA,NA,NA,NA,Evan Louro,1996-01-19,USA,FC Cincinnati,109000,USD,2026-08-18 13:59:10.001831
kRQa2LebMK,kRQand1MKZ,2025,mls,3410,0,0,0,GK,NA,-6.6047,NA,NA,NA,NA,NA,NA,NA,Dayne St. Clair,1997-05-09,Canada,Minnesota United FC,631875,USD,2026-08-18 13:59:10.001831
kRQa2j0LMK,jYQJ8EW5GR,2025,mls,1359,1.0611,9,0,CM,NA,-7.5328,1.9014,0.5798,0.4936,0.0442,0.5459,0.2094,0.0285,Kyle Smith,1992-01-09,USA,Orlando City SC,318000,USD,2026-08-18 13:59:10.001831
kRQabvYbMK,vzqoOgNqap,2025,mls,2043,2.5098,26,0,CB,NA,39.3252,4.489,1.6781,1.2388,-0.1432,1.284,0.5647,-0.1334,Walker Zimmerman,1993-05-19,USA,Nashville SC,3456979,USD,2026-08-18 13:59:10.001831
kRQabyN8MK,WBLMvYAQxe,2025,mls,190,1.3055,7,1,W,NA,4.1075,1.0021,0.0377,0.1778,0.0333,0.2419,0.1335,0.3779,Jonathan Rodríguez,1993-07-06,Uruguay,Portland Timbers FC,3627500,USD,2026-08-18 13:59:10.001831
kRQao7Bg5K,X0Oq66zq6D,2025,mls,435,0.1781,5,0,CM,NA,1.6822,1.1826,0.2733,0.5784,0.059,0.0929,0.1492,0.0298,André Franco,1998-04-12,Portugal,Chicago Fire FC,697083,USD,2026-08-18 13:59:10.001831
kRQaoNZj5K,kaDQ0wRqEv,2025,mls,764,1.5766,8,0,ST,NA,-1.7845,1.2378,0.1626,-0.4444,-0.2802,1.4278,0.3159,0.0561,Miguel Berry,1997-09-16,Spain,LA Galaxy,231667,USD,2026-08-18 13:59:10.001831
kRQaonbo5K,mvzqoLZQap,2025,mls,2825,0,0,0,GK,NA,-7.6022,NA,NA,NA,NA,NA,NA,NA,Patrick Schulte,2001-03-13,USA,Columbus Crew,957083,USD,2026-08-18 13:59:10.001831
kRQaopnY5K,EKXMeX3Q64,2025,mls,2994,1.6199,16,0,FB,NA,-39.3711,5.2445,3.0613,0.7986,0.0405,1.1276,0.2929,-0.0764,David Schnegg,1998-09-29,Austria,D.C. United,706250,USD,2026-08-18 13:59:10.001831
kRQaorKj5K,Z2vQ1xlqrA,2025,mls,509,0.8822,8,0,CB,NA,-0.7773,0.8481000000000001,0.4685,0.3499,-0.4532,0.3819,0.108,-0.007,Alan Montes Castro,2000-10-26,Mexico,Sporting Kansas City,422500,USD,2026-08-18 13:59:10.001831
kRQaovVo5K,kaDQ0wRqEv,2025,mls,2764,10.62,110,7,W,NA,26.8477,10.9528,1.0693,0.1234,2.9164,3.5063,2.8688,0.4686,Gabriel Pec,2001-02-11,Brazil,LA Galaxy,2459000,USD,2026-08-18 13:59:10.001831
kRQaw1eO5K,jYQJ8EW5GR,2025,mls,294,0.8155,4,1,W,NA,1.5968,0.21439999999999998,0.1092,-0.0753,-0.0215,0.1007,0.0957,0.0056,Nicolás Rodríguez,2004-04-24,Colombia,Orlando City SC,262000,USD,2026-08-18 13:59:10.001831
kRQawobY5K,a2lqR4JMr0,2025,mls,75,0.0473,1,0,W,NA,-2.8866,0.045399999999999996,0,-0.032,0.0186,0.0324,0.031,-0.0046,Aiden Hezarkhani,2007-06-28,USA,Real Salt Lake,86980,USD,2026-08-18 13:59:10.001831
kRQay0LQKZ,vzqoOgNqap,2025,mls,3116,0.9634,17,2,FB,NA,48.1641,6.474200000000001,2.2551,3.2423,0.5811,0.5923,0.3648,-0.5614,Andy Najar,1993-03-16,Honduras,Nashville SC,280000,USD,2026-08-18 13:59:10.001831
ljqE20nYQx,YgOMngl5wN,2025,mls,1702,1.3575,21,1,W,NA,8.7618,2.5703,0.9015,0.0565,-0.1083,1.0459,0.4215,0.2532,Sebastian Kowalczyk,1998-08-22,Poland,Houston Dynamo FC,594618,USD,2026-08-18 13:59:10.001831
ljqE2EWkQx,WBLMvYAQxe,2025,mls,1301,0.9726,10,2,CM,NA,2.0096,2.4097,1.5532,0.2186,-0.1664,0.7053,0.2018,-0.1028,Cristhian Paredes,1998-05-18,Paraguay,Portland Timbers FC,714000,USD,2026-08-18 13:59:10.001831
ljqE2EwAQx,19vQ2095K6,2025,mls,2849,0.1485,5,0,CB,NA,31.2947,3.4702,2.8999,1.2293,0.0132,0.0901,0.0813,-0.8436,Mamadou Fofana,1998-01-21,Mali,New England Revolution,616250,USD,2026-08-18 13:59:10.001831
ljqE2PbYQx,eVq3ya6MWO,2025,mls,470,0.9918,12,2,W,NA,-1.6708,0.6963,0.1427,-0.2344,0.0756,0.3147,0.3602,0.0375,Javairô Dilrosun,1998-06-22,Netherlands,Los Angeles FC,NA,NA,2026-08-18 13:59:10.001831
ljqE2PwVQx,Z2vQ1xlqrA,2025,mls,766,0.3468,9,0,CM,NA,16.6487,1.3929,0.3951,0.8182,0.0435,0.2005,0.1918,-0.2562,Memo Rodríguez,1995-12-27,USA,Sporting Kansas City,114966,USD,2026-08-18 13:59:10.001831
ljqE2VkOQx,mKAqBBmqbg,2025,mls,1912,5.3308,30,5,AM,NA,9.6287,6.6931,0.8198,2.0296,0.4372,1.8096,0.791,0.8059,Luciano Acosta,1994-05-31,Argentina,FC Dallas,4296413,USD,2026-08-18 13:59:10.001831
ljqE2XRzQx,lgpMOvnQzy,2025,mls,42,0,0,0,CB,NA,0.6043,0.0553,0.0461,0.0035,0.0043,3e-4,0,0.0011,Joedrick Pupe,1997-06-04,Belgium,Vancouver Whitecaps FC,460600,USD,2026-08-18 13:59:10.001831
ljqE2ekNQx,gpMOLwl5zy,2025,mls,965,0.2972,5,1,FB,NA,-5.5122,1.9086,0.8694,0.4772,0.1519,0.2263,0.1361,0.0477,Žan Kolmanič,2000-03-03,Slovenia,Austin FC,350000,USD,2026-08-18 13:59:10.001831
ljqE2keVQx,kaDQ0wRqEv,2025,mls,303,0,0,0,GK,NA,-0.0568,NA,NA,NA,NA,NA,NA,NA,JT Marcinkowski,1997-05-09,USA,LA Galaxy,250000,USD,2026-08-18 13:59:10.001831
ljqE2vBzQx,kaDQ0wRqEv,2025,mls,2288,0.3445,9,0,FB,NA,5.8173,3.3811,3.0176,-0.0298,-0.0161,0.4686,0.2307,-0.2899,John Nelson,1998-07-11,USA,LA Galaxy,291667,USD,2026-08-18 13:59:10.001831
ljqE9kzoqx,kRQand1MKZ,2025,mls,136,0.4383,3,0,ST,NA,-0.5101,-0.1065,0.0255,-0.2708,-0.2743,0.3727,0.0416,-0.0012,Dieng Mamadou,2004-02-04,Senegal,Minnesota United FC,83769,USD,2026-08-18 13:59:10.001831
ljqEJ8KkQx,Z2vQ1xlqrA,2025,mls,559,0.093,1,0,CB,NA,0.7958,1.1862,1.0915,0.181,0.0857,0.0786,0.0044,-0.255,Ian James,2008-06-06,USA,Sporting Kansas City,85220,USD,2026-08-18 13:59:10.001831
ljqEJEozQx,kaDQ0wRqEv,2025,mls,696,1.1624,10,1,FB,NA,-8.9343,1.0997,0.2794,0.0389,-0.1406,0.4899,0.3388,0.0933,Harbor Miller,2007-06-21,USA,LA Galaxy,80622,USD,2026-08-18 13:59:10.001831
ljqEJEvzQx,jYQJ19EqGR,2025,mls,323,0.914,5,2,DM,NA,3.3427,1.2074,0.275,-0.0804,0.2658,0.5063,0.1814,0.0593,Snyder Brunell,2007-03-23,USA,Seattle Sounders FC,90648,USD,2026-08-18 13:59:10.001831
ljqEJGGOQx,zeQZkL1MKw,2025,mls,1022,0.126,3,0,CM,NA,-0.6591,0.9616,0.7751,0.0015,-0.0137,0.1695,0.0421,-0.0129,Federico Redondo,2003-01-18,Argentina,Inter Miami CF,837000,USD,2026-08-18 13:59:10.001831
ljqEJWxzQx,"c(""NWMWlBK5lz"", ""a2lqR4JMr0"")",2025,mls,1222,1.7891,19,1,W,NA,-30.0348,2.1170999999999998,0.8345,0.0618,0.0962,0.6476,0.4577,0.0193,Dominik Marczuk,2003-11-01,Poland,NA,735500,USD,2026-08-18 13:59:10.001831
ljqEJonzQx,9z5k7Yg5A3,2025,mls,2522,12.8023,79,8,ST,NA,-25.2341,9.0153,1.5447,-0.6428,-0.8738,6.524,2.0858,0.3774,Bruno Damiani,2002-04-18,Uruguay,Philadelphia Union,726700,USD,2026-08-18 13:59:10.001831
ljqEL4wo5x,NWMWlBK5lz,2025,mls,971,3.3273,30,5,AM,NA,0.2085,2.0309,0.3827,-0.4823,-0.4154,1.5277,0.86240000000000006,0.1558,Gerardo Valenzuela,2004-09-28,USA,FC Cincinnati,121542,USD,2026-08-18 13:59:10.001831
ljqELGYo5x,KAqBN0Vqbg,2025,mls,564,0.6386,4,1,DM,NA,-1.76,0.9096,0.4861,-0.0121,-0.0284,0.3429,0.1189,0.0022,William Reilly,2002-12-03,USA,Atlanta United FC,80622,USD,2026-08-18 13:59:10.001831
ljqELmRk5x,APk5LGOMOW,2025,mls,2826,1.52,12,2,DM,NA,14.9912,2.502,1.7182,0.1187,-0.2741,0.6493,0.2746,0.0153,Victor Loturi,2001-05-21,Canada,CF Montréal,92122,USD,2026-08-18 13:59:10.001831
ljqELmeo5x,0KPqjA456v,2025,mls,1555,5.3773,41,3,W,NA,0.767,4.8155,0.9057,-0.355,0.4667,2.5211,1.1726,0.1044,Ousseni Bouda,2000-04-28,Burkina Faso,San Jose Earthquakes,152500,USD,2026-08-18 13:59:10.001831
ljqELmrw5x,Z2vQ1xlqrA,2025,mls,1011,3.9101,21,3,W,NA,5.8691,2.3992,0.4396,-0.4304,-0.3074,1.8227,0.5991,0.2756,Santiago Muñoz,2002-08-14,Mexico,Sporting Kansas City,335026,USD,2026-08-18 13:59:10.001831
ljqEVeEoQx,jYQJ8EW5GR,2025,mls,3085,0.4762,14,0,CB,NA,50.5877,4.8595,2.4252,1.9854,0.2636,0.287,0.2645,-0.3662,Rodrigo Schlegel,1997-04-03,Argentina,Orlando City SC,609667,USD,2026-08-18 13:59:10.001831
ljqEj6gkQx,Z2vQ1xlqrA,2025,mls,212,0.4971,3,0,CB,NA,1.7691,0.7186,0.2097,0.1334,-0.0035,0.3102,0.0723,-0.0035,Dany Rosero,1993-10-06,Colombia,Sporting Kansas City,530000,USD,2026-08-18 13:59:10.001831
ljqEj8WNQx,19vQ2095K6,2025,mls,46,0,0,0,DM,NA,0.7073,0.1287,0.1091,0.0153,0.0037,-0.0013,0,0.0019,Andrew Farrell,1992-04-02,USA,New England Revolution,175000,USD,2026-08-18 13:59:10.001831
ljqEjLaEQx,kaDQ0wRqEv,2025,mls,2684,2.7122,26,6,W,NA,66.8733,5.242900000000001,1.2958,1.9877,-0.0715,1.4365,0.6349,-0.0405,Diego Fagundez,1995-02-14,Uruguay,LA Galaxy,1310000,USD,2026-08-18 13:59:10.001831
ljqEjOpzQx,pzeQZ6xQKw,2025,mls,2332,0,0,0,GK,NA,-7.7976,NA,NA,NA,NA,NA,NA,NA,Zack Steffen,1995-04-02,USA,Colorado Rapids,1000000,USD,2026-08-18 13:59:10.001831
ljqEjV8oQx,NPqxKXZ59d,2025,mls,2024,0,0,0,FB,NA,-3.2981,1.2394,0.7653,0.5148,-0.0636,0.0856,0,-0.0627,Nathan Byrne,1992-06-05,England,Charlotte FC,498750,USD,2026-08-18 13:59:10.001831
odMX70VAQY,pzeQZ6xQKw,2025,mls,1480,5.3318,32,5,W,NA,6.7393,4.5139,0.7727,-0.6191,0.5399,2.6338,1.0125,0.1741,Calvin Harris,2000-03-20,England,Colorado Rapids,152000,USD,2026-08-18 13:59:10.001831
odMX70eoQY,NWMWlBK5lz,2025,mls,37,0,0,0,FB,NA,-1.4399,0.0753,0.0429,-0.0061,0.0392,-7e-4,0,0,Bret Halsey,2000-06-01,USA,FC Cincinnati,104000,USD,2026-08-18 13:59:10.001831
odMX7PRaQY,19vQ2095K6,2025,mls,1744,5.9222,39,3,W,NA,-13.9713,4.7508,0.7764,-1.0854,-0.772,3.9212,1.2927,0.6179,Ignatius Ganago,1999-02-16,Cameroon,New England Revolution,1300000,USD,2026-08-18 13:59:10.001831
odMX7XZoQY,WBLMvYAQxe,2025,mls,274,0,0,0,CB,NA,1.497,-0.1327,0.0272,0.1219,-0.0287,-0.0027,0,-0.2504,Zac McGraw,1997-06-08,USA,Portland Timbers FC,321750,USD,2026-08-18 13:59:10.001831
odMX7wpAQY,EKXMeX3Q64,2025,mls,276,0,0,0,GK,NA,6.9774,NA,NA,NA,NA,NA,NA,NA,Jordan Farr,1994-10-05,USA,D.C. United,109000,USD,2026-08-18 13:59:10.001831
odMX84koMY,eVq3ya6MWO,2025,mls,1232,6.6889,45,12,ST,NA,7.1547,5.1822,0.1917,0.4305,0.7444,1.8785,1.6352,0.3019,Son Heung-Min,1992-07-08,South Korea,Los Angeles FC,11152852,USD,2026-08-18 13:59:10.001831
odMX8YarMY,eVq3ya6MWO,2025,mls,24,0.3184,2,0,CM,NA,0.6181,0.1758,0,-0.0167,0.0165,0.1383,0.0382,-5e-4,Alexandru Mihail Baluta,1993-09-13,Romania,Los Angeles FC,768900,USD,2026-08-18 13:59:10.001831
odMX8xmrMY,mKAqBBmqbg,2025,mls,3306,2.1046,15,1,CB,NA,16.4457,4.9939,2.8075,1.2953,-0.0755,0.9287,0.3849,-0.347,Sebastien Ibeagha,1992-01-21,USA,FC Dallas,738625,USD,2026-08-18 13:59:10.001831
odMXE98x5Y,APk5LGOMOW,2025,mls,150,0.2949,1,0,ST,NA,-0.1074,-0.013799999999999965,0.0354,-0.016,-0.6252,0.5634,0.0366,-0.008,Owen Graham-Roache,2008-02-11,Canada,CF Montréal,86512,USD,2026-08-18 13:59:10.001831
odMXEAde5Y,pzeQZ6xQKw,2025,mls,96,0,0,0,GK,NA,-3.0902,NA,NA,NA,NA,NA,NA,NA,Adam Beaudry,2006-04-18,USA,Colorado Rapids,106500,USD,2026-08-18 13:59:10.001831
odMXEZjr5Y,X0Oq66zq6D,2025,mls,354,0.0912,1,0,CM,NA,-0.5072,0.1545,0.0864,-0.0179,-0.0117,0.0558,0.0415,4e-4,Sam Williams,2005-03-18,USA,Chicago Fire FC,91951,USD,2026-08-18 13:59:10.001831
odMXGB1xQY,gpMOLwl5zy,2025,mls,820,0.427,3,0,CM,NA,0.7617,0.7606,0.9424,0.0813,0.0639,0.162,0.0494,-0.5384,Nicolás Dubersarsky,2004-12-21,Argentina,Austin FC,297986,USD,2026-08-18 13:59:10.001831
odMXGL8JQY,mKAqBBmqbg,2025,mls,1907,3.4282,30,5,ST,NA,-9.6706,4.3993,1.1545,-0.2066,-0.3094,2.4966,0.8,0.4642,Logan Farrington,2001-12-14,USA,FC Dallas,141493,USD,2026-08-18 13:59:10.001831
odMXR02JqY,kRQand1MKZ,2025,mls,254,0,0,0,FB,NA,-0.0782,0.06770000000000001,-0.0827,0.1039,0.0242,0.0276,0,-0.0053,DJ Taylor,1997-08-26,USA,Minnesota United FC,213617,USD,2026-08-18 13:59:10.001831
odMXR6GGqY,X0Oq66zq6D,2025,mls,2159,1.3535,8,1,FB,NA,-10.6881,2.7468,2.0457,-0.272,0.038,0.75,0.26,-0.0749,Jonathan Dean,1997-05-15,USA,Chicago Fire FC,138167,USD,2026-08-18 13:59:10.001831
odMXRLKWqY,WBLMvYAQxe,2025,mls,369,0.3357,3,0,FB,NA,3.6723,1.0742,0.6789,0.3094,0.1696,0.0968,0.0961,-0.2766,Claudio Bravo,1997-03-13,Argentina,Portland Timbers FC,556654,USD,2026-08-18 13:59:10.001831
odMXRO3xqY,mKAqBBmqbg,2025,mls,1981,0.5285,8,1,CB,NA,21.5947,2.5261,1.8498000000000001,0.7422,-0.4033,0.4251,0.2042,-0.2919,Lalas Abubakar,1994-12-25,Ghana,FC Dallas,737125,USD,2026-08-18 13:59:10.001831
odMXRoXoqY,Vj58weDM8n,2025,mls,3597,0,0,0,GK,NA,-6.9777,NA,NA,NA,NA,NA,NA,NA,Matt Freese,1998-09-02,USA,New York City FC,491667,USD,2026-08-18 13:59:10.001831
odMXRxV2qY,eVq3ya6MWO,2025,mls,3294,26.3141,163,26,W,NA,-24.9892,17.390900000000002,1.2218,-0.5291,4.6779,6.9761,4.1725,0.8717,Dénis Bouanga,1994-11-11,Gabon,Los Angeles FC,3709500,USD,2026-08-18 13:59:10.001831
odMXrvAqYL,YgOMngl5wN,2025,mls,1072,1.2579,10,0,CB,NA,-1.0623,1.3181999999999998,0.4898,0.6799,-0.2539,0.1407,0.286,-0.0243,Erik Sviatchenko,1991-10-04,Denmark,Houston Dynamo FC,825000,USD,2026-08-18 13:59:10.001831
p6qb3zlDQ0,lgpMOvnQzy,2025,mls,18,0.3105,2,0,FB,NA,-0.8065,0.0953,0.0101,-0.0078,0.0022,0.0579,0.0361,-0.0032,Nicolas Fleuriau Chateau,2002-05-21,Canada,Vancouver Whitecaps FC,80622,USD,2026-08-18 13:59:10.001831
p6qb4pwM0G,a2lqR4JMr0,2025,mls,3564,0,0,0,GK,NA,23.4762,NA,NA,NA,NA,NA,NA,NA,Rafael Cabral,1990-05-20,Brazil,Real Salt Lake,643750,USD,2026-08-18 13:59:10.001831
p6qbOD1bQ0,eVq3ya6MWO,2025,mls,3126,1.5875,15,1,CB,NA,53.406,6.2941,2.1458,2.7583,0.5038,0.7088,0.3127,-0.1353,Eddie Segura,1997-02-02,Colombia,Los Angeles FC,577500,USD,2026-08-18 13:59:10.001831
p6qbON3aQ0,zeQZBOzQKw,2025,mls,871,0.1621,6,1,FB,NA,5.6157,0.6817,0.2415,0.5012,-0.052,0.1564,0.1403,-0.3057,Franco Negri,1995-02-20,Argentina,San Diego FC,297500,USD,2026-08-18 13:59:10.001831
p6qbONo3Q0,Vj58weDM8n,2025,mls,2067,0.4185,13,0,DM,NA,20.7215,1.6611000000000002,1.4789,-0.0848,0.1227,0.1597,0.2978,-0.3132,Aiden O'Neill,1998-07-04,Australia,New York City FC,570938,USD,2026-08-18 13:59:10.001831
p6qbOeRXQ0,jYQJ19EqGR,2025,mls,1178,6.1373,22,7,ST,NA,-1.5765,3.5597999999999996,-0.0503,-0.5955,-0.1524,3.381,0.7903,0.1867,Jordan Morris,1994-10-26,USA,Seattle Sounders FC,2260000,USD,2026-08-18 13:59:10.001831
p6qbOkywQ0,a2lqR4JMr0,2025,mls,1354,0.6488,19,0,DM,NA,6.3652,2.2988,0.5242,1.5106,-0.1416,0.1983,0.2564,-0.0491,Pablo Ruiz,1998-12-20,Argentina,Real Salt Lake,911500,USD,2026-08-18 13:59:10.001831
p6qbOn3DQ0,X0Oq66zq6D,2025,mls,3018,7.311,64,6,W,NA,1.3239,7.474,1.614,0.4497,0.2164,3.5767,1.6774,-0.0602,Jonathan Bamba,1996-03-26,France,Chicago Fire FC,5581806,USD,2026-08-18 13:59:10.001831
p6qbOnb8Q0,KAqBN0Vqbg,2025,mls,2141,4.3691,38,0,W,NA,-8.4909,2.9039,0.3053,-0.303,-0.3319,2.2266,1.0001,0.0068,Saba Lobjanidze,1994-12-18,Georgia,Atlanta United FC,998750,USD,2026-08-18 13:59:10.001831
p6qbPXRpM0,pzeQZ6xQKw,2025,mls,66,0,0,0,W,NA,-0.7106,-0.0682,0.0089,-0.082,0.0131,-0.0051,0,-0.0031,Alex Harris,2005-02-16,USA,Colorado Rapids,82622,USD,2026-08-18 13:59:10.001831
p6qbeEd350,gpMOLwl5zy,2025,mls,3645,0,0,0,GK,NA,-6.3613,NA,NA,NA,NA,NA,NA,NA,Brad Stuver,1991-04-16,USA,Austin FC,507313,USD,2026-08-18 13:59:10.001831
p6qbeZ1p50,kRQand1MKZ,2025,mls,3055,5.0697,39,6,CM,NA,34.2942,7.1219,2.3542,0.9754,0.1006,2.7072,1.0641,-0.0796,Robin Lod,1993-04-17,Finland,Minnesota United FC,1689375,USD,2026-08-18 13:59:10.001831
p6qbekPD50,vzqoOgNqap,2025,mls,206,0.0201,1,0,W,NA,-1.3948,-0.016899999999999995,-0.0187,-0.027,-0.2476,0.2024,0.0174,0.0566,Tyler Boyd,1994-12-30,USA,Nashville SC,1105000,USD,2026-08-18 13:59:10.001831
p6qbgGEpQ0,NPqxKXZ59d,2025,mls,2215,5.0982,47,6,W,NA,21.8778,5.8549,1.3286,0.1887,0.9302,2.0672,1.1877,0.1525,Kerwin Vargas,2002-01-02,Colombia,Charlotte FC,683750,USD,2026-08-18 13:59:10.001831
p6qbgNaBQ0,zeQZkL1MKw,2025,mls,1109,2.5184,19,3,W,NA,7.3662,1.9969999999999999,1.0044,-0.0834,0.048,0.6735,0.3974,-0.0429,Baltasar Rodríguez,2003-07-09,Argentina,Inter Miami CF,440000,USD,2026-08-18 13:59:10.001831
p6qbgzx4Q0,zeQZBOzQKw,2025,mls,680,0.156,3,0,FB,NA,0.116,0.3237,0.3377,-0.3786,0.0073,0.2256,0.116,0.0157,Jasper Löeffelsend,1997-09-10,NA,San Diego FC,280833,USD,2026-08-18 13:59:10.001831
p6qboAn8Q0,NWMWlBK5lz,2025,mls,2192,3.3376,59,2,FB,NA,-7.1332,5.4332,0.9304,0.0562,2.0981,1.0913,1.1177,0.1395,Luca Orellano,2000-03-22,Argentina,FC Cincinnati,943950,USD,2026-08-18 13:59:10.001831
p6qboGWbQ0,kRQand1MKZ,2025,mls,1824,1.6609,21,2,CB,NA,1.1683,3.3048,1.9474,0.3473,-0.2359,0.8641,0.4322,-0.0503,Carlos Harvey,2000-02-03,Panama,Minnesota United FC,113627,USD,2026-08-18 13:59:10.001831
p6qborPBQ0,jYQJ8EW5GR,2025,mls,204,0,0,0,GK,NA,1.6111,NA,NA,NA,NA,NA,NA,NA,Javier Otero,2002-11-18,Spain,Orlando City SC,123750,USD,2026-08-18 13:59:10.001831
raMy4ylQd2,X0Oq66zq6D,2025,mls,511,0,0,0,CB,NA,-0.1279,0.03969999999999996,-0.0148,0.2708,0.056,0.0067,0,-0.279,Omar González,1988-10-11,USA,Chicago Fire FC,123333,USD,2026-08-18 13:59:10.001831
raMyA6KRMd,gpMOLwl5zy,2025,mls,2796,1.7931,14,2,FB,NA,2.2927,3.3967,1.8948,0.0244,-0.0026,0.8686,0.3653,0.2462,Jon Gallagher,1996-02-23,Republic of Ireland,Austin FC,375000,USD,2026-08-18 13:59:10.001831
raMyAExNMd,0KPqjA456v,2025,mls,127,0.1084,3,0,CM,NA,-4.9105,0.1562,0.0789,-0.0058,0.0025,0.0123,0.0584,0.0099,Nick Fernandez,2001-12-22,USA,San Jose Earthquakes,82526,USD,2026-08-18 13:59:10.001831
raMyAGEBMd,zeQZkL1MKw,2025,mls,875,4.3598,20,4,W,NA,-1.744,2.7580999999999998,0.3247,-0.0411,-0.2065,2.0077,0.6873,-0.014,Fafa Picault,1991-02-23,USA,Inter Miami CF,642000,USD,2026-08-18 13:59:10.001831
raMyAW6BMd,APk5LGOMOW,2025,mls,301,0,0,0,GK,NA,3.1682,NA,NA,NA,NA,NA,NA,NA,Sebastian Breza,1998-03-15,Canada,CF Montréal,104000,USD,2026-08-18 13:59:10.001831
raMyAWZAMd,NWMWlBK5lz,2025,mls,2827,14.8511,81,16,ST,NA,7.7775,6.4136999999999995,0.9707,-2.0704,-0.6945,5.9022,2.2744,0.0313,Kévin Denkey,2000-11-30,Togo,FC Cincinnati,3810000,USD,2026-08-18 13:59:10.001831
raMyAZR2Md,jYQJ19EqGR,2025,mls,3269,2.528,41,1,DM,NA,75.6711,7.8369,3.0868,2.0023,0.5649,1.4658,0.992,-0.2749,Cristian Roldan,1995-06-03,USA,Seattle Sounders FC,1666000,USD,2026-08-18 13:59:10.001831
raMyAywlMd,KAqBN0Vqbg,2025,mls,3016,10.3812,68,6,W,NA,19.2503,9.2295,1.4223,1.4217,0.8529,3.6566,1.755,0.121,Miguel Almirón,1994-02-10,Paraguay,Atlanta United FC,7871000,USD,2026-08-18 13:59:10.001831
raMyeRERMd,lgpMOvnQzy,2025,mls,2510,0.4426,8,1,FB,NA,13.4684,3.9579,1.9038,1.197,-0.1088,0.595,0.2493,0.1216,Tate Johnson,2005-07-10,USA,Vancouver Whitecaps FC,81622,USD,2026-08-18 13:59:10.001831
raMyeZ2NMd,YgOMngl5wN,2025,mls,1622,0.5275,4,1,CB,NA,4.5217,1.2432,0.2884,0.6636,0.0722,0.2922,0.0955,-0.1687,Pablo Ortíz,2000-06-08,Colombia,Houston Dynamo FC,443400,USD,2026-08-18 13:59:10.001831
raMyeeOAMd,zeQZBOzQKw,2025,mls,851,1.7142,13,3,ST,NA,-5.7049,0.9996999999999998,0.2537,-0.2756,-0.6618,1.2546,0.4874,-0.0586,Tomás Ángel,2003-02-20,Colombia,San Diego FC,443750,USD,2026-08-18 13:59:10.001831
raMyeneJMd,zeQZkL1MKw,2025,mls,108,0.0858,2,0,CB,NA,1.8409,0.16820000000000002,0.0586,0.112,-0.1737,0.1645,4e-4,0.0064,Ryan Sailor,1998-11-27,USA,Inter Miami CF,104000,USD,2026-08-18 13:59:10.001831
raMyob1lqd,pzeQZ6xQKw,2025,mls,7,0,0,0,W,NA,0.0997,0.021900000000000003,0,-0.0056,0.0199,0.0076,0,0,Sydney Wathuta,NA,Canada,Colorado Rapids,NA,NA,2026-08-18 13:59:10.001831
raMyr4Ne5d,jYQJ8EW5GR,2025,mls,2816,3.0718,25,1,FB,NA,19.4871,5.7743,1.3348,1.5687,0.9417,1.2095,0.5939,0.1257,David Brekalo,1998-12-03,Slovenia,Orlando City SC,683000,USD,2026-08-18 13:59:10.001831
raMyrEDR5d,mKAqBBmqbg,2025,mls,1949,1.6744,24,1,W,NA,7.6798,3.469,1.7828,0.5758,-0.308,1.2016,0.3965,-0.1797,Patrickson Delgado,2003-10-17,Ecuador,FC Dallas,260280,USD,2026-08-18 13:59:10.001831
raMyrrNJ5d,"c(""APk5LGOMOW"", ""a2lqR4JMr0"")",2025,mls,1357,0.7068,9,0,FB,NA,3.1415,1.4924,0.6444,0.5279,-0.0153,0.2056,0.1758,-0.046,Bode Hidalgo,2002-02-22,USA,NA,305800,USD,2026-08-18 13:59:10.001831
raMyrwkR5d,EKXMeX3Q64,2025,mls,1838,0.5315,9,1,CM,NA,-4.1201,1.6087,1.2234,0.1629,0.0315,0.1661,0.153,-0.1282,Boris Enow,2000-03-30,Cameroon,D.C. United,613900,USD,2026-08-18 13:59:10.001831
raMyyJaAMd,0KPqjA456v,2025,mls,114,0.6625,4,0,W,NA,-1.0029,0.5388999999999999,0.0327,0.0134,0.0138,0.3233,0.1125,0.0432,Paul Marie,1995-03-24,France,San Jose Earthquakes,357500,USD,2026-08-18 13:59:10.001831
vzqo70PBqa,mvzqoLZQap,2025,mls,426,0.0698,3,0,CM,NA,6.1731,0.4454,0.1348,0.14,0.034,0.0564,0.0867,-0.0065,Amar Sejdić,1996-11-29,USA,Columbus Crew,118550,USD,2026-08-18 13:59:10.001831
vzqo78BJqa,"c(""WBLMvYAQxe"", ""pzeQZ6xQKw"")",2025,mls,832,1.6408,11,1,W,NA,1.0961,2.3908,0.6604,-0.0856,0.3374,1.1426,0.372,-0.036,Omir Fernández,1999-02-08,USA,NA,661875,USD,2026-08-18 13:59:10.001831
vzqo7EpLqa,kRQand1MKZ,2025,mls,2433,4.6928,34,10,FB,NA,1.2793,6.7181,2.9671,0.1947,0.077,2.7767,0.9628,-0.2602,Anthony Markanich,1999-12-26,USA,Minnesota United FC,104000,USD,2026-08-18 13:59:10.001831
vzqo7XWpqa,jYQJ19EqGR,2025,mls,2478,1.1231,14,2,CB,NA,87.1306,7.216600000000001,2.9237,3.1589,0.2952,0.5582,0.3505,-0.0699,Jackson Ragen,1998-09-24,USA,Seattle Sounders FC,610000,USD,2026-08-18 13:59:10.001831
vzqo7YOpqa,eVq3ya6MWO,2025,mls,528,1.934,16,2,W,NA,-5.1474,1.5239,0.2824,0.0073,0.4554,0.2722,0.4126,0.094,Cengiz Ünder,1997-07-14,Turkey,Los Angeles FC,1663889.4,USD,2026-08-18 13:59:10.001831
vzqo7jLvqa,jYQJ19EqGR,2025,mls,2760,0.8638,17,1,FB,NA,18.989,4.5863,2.8987,0.8117,0.1581,0.397,0.2993,0.0215,Nouhou,1997-06-23,Cameroon,Seattle Sounders FC,571875,USD,2026-08-18 13:59:10.001831
vzqo7joZqa,NWMWlBK5lz,2025,mls,1485,0.193,3,0,CB,NA,23.5197,2.8560000000000003,2.426,0.5588,-0.1428,0.1872,0.0849,-0.2581,Teenage Hadebe,1995-09-17,Zimbabwe,FC Cincinnati,1110000,USD,2026-08-18 13:59:10.001831
vzqo7mXJqa,jYQJ8EW5GR,2025,mls,2578,4.1172,35,0,W,NA,23.3544,6.169,1.3694,0.8896,0.8946,2.0015,0.948,0.0659,Iván Angulo,1999-03-22,Colombia,Orlando City SC,557660,USD,2026-08-18 13:59:10.001831
vzqo7o4kqa,"c(""9z5k7Yg5A3"", ""zeQZBOzQKw"")",2025,mls,1523,6.6556,69,13,W,NA,-0.8618,6.193099999999999,0.6668,0.2022,0.7749,2.51,1.813,0.2262,Milan Iloski,1999-07-29,USA,NA,552569,USD,2026-08-18 13:59:10.001831
vzqo7zWLqa,X0Oq66zq6D,2025,mls,3425,23.6082,89,19,ST,NA,-29.1126,12.3001,1.893,-1.6935,-0.1124,8.7942,2.9578,0.461,Hugo Cuypers,1997-02-07,Belgium,Chicago Fire FC,3528044,USD,2026-08-18 13:59:10.001831
vzqo7zdZqa,pzeQZ6xQKw,2025,mls,2458,1.5288,20,0,DM,NA,18.7612,3.8082000000000003,1.8381,0.6915,0.1107,0.6273,0.4557,0.0849,Oliver Larraz,2001-09-16,USA,Colorado Rapids,130625,USD,2026-08-18 13:59:10.001831
vzqoJ3pj5a,a2lqRX2Mr0,2025,mls,829,2.2843,16,1,W,NA,-8.2109,1.5964,0.1594,-0.3706,0.0075,0.9845,0.5231,0.2925,Julian Hall,2008-03-24,USA,New York Red Bulls,207241,USD,2026-08-18 13:59:10.001831
vzqoJLyY5a,mKAqBBmqbg,2025,mls,63,0.1282,1,0,W,NA,-1.0307,0.1608,-0.0041,-0.0239,0.0144,0.1716,0.0066,-0.0038,Tarik Scott,2005-04-23,USA,FC Dallas,155942,USD,2026-08-18 13:59:10.001831
vzqoJNWB5a,mKAqBBmqbg,2025,mls,17,0,0,0,W,NA,0.3209,0.0076,-0.0081,0.0155,-0.0017,0.0026,0,-7e-4,Enes Sali,2006-02-23,Romania,FC Dallas,370000,USD,2026-08-18 13:59:10.001831
vzqoJNzk5a,zeQZBOzQKw,2025,mls,369,0.1829,2,0,FB,NA,2.3504,0.5103,0.2495,-0.0357,0.0534,0.2377,0.0272,-0.0218,Aiden Harangi,2006-02-08,USA,San Diego FC,80622,USD,2026-08-18 13:59:10.001831
vzqoOO2Zqa,zeQZBOzQKw,2025,mls,239,0.0976,2,0,FB,NA,10.7653,0.5735,0.278,0.2313,0.0517,0.0099,0.0269,-0.0243,Hamady Diop,2002-06-06,Senegal,San Diego FC,122500,USD,2026-08-18 13:59:10.001831
vzqod7xBQa,Z2vQ1xlqrA,2025,mls,2210,2.5535,36,2,W,NA,1.3387,3.5305,0.4733,-0.6707,1.0416,1.3784,0.8435,0.4644,Shapi Suleymanov,1999-12-16,Russia,Sporting Kansas City,915028,USD,2026-08-18 13:59:10.001831
vzqodDnvQa,EKXMeX3Q64,2025,mls,412,0.3761,6,0,W,NA,-11.7279,0.4397,0.2534,-0.057,-0.0727,0.1661,0.1498,1e-4,Rida Zouhir,2003-11-23,Canada,D.C. United,95362,USD,2026-08-18 13:59:10.001831
vzqodWY7Qa,zeQZBOzQKw,2025,mls,566,0.4724,6,0,CM,NA,10.5777,0.714,0.3507,0.0873,-0.1704,0.169,0.0982,0.1792,Alejandro Alvarado Jr.,2003-07-29,USA,San Diego FC,88144,USD,2026-08-18 13:59:10.001831
vzqodXdjQa,0KPqjA456v,2025,mls,1029,0.4129,7,1,FB,NA,-6.2171,1.6088,0.6093,0.1112,0.4588,0.1665,0.2314,0.0316,Jamar Ricketts,2001-10-24,USA,San Jose Earthquakes,82209,USD,2026-08-18 13:59:10.001831
vzqoddNJQa,EKXMeX3Q64,2025,mls,626,0,0,0,CB,NA,7.6469,0.5256000000000001,0.4515,0.1187,-0.0301,0.0013,0,-0.0158,Garrison Tubbs,2002-02-17,USA,D.C. United,104000,USD,2026-08-18 13:59:10.001831
vzqoddvZQa,APk5LGOMOW,2025,mls,2689,6.2166,58,9,W,NA,-18.9819,6.4438,1.2228,0.5097,0.8022,2.3914,1.5193,-0.0016,Dante Sealy,2003-04-17,USA,CF Montréal,122022,USD,2026-08-18 13:59:10.001831
vzqoddyjQa,APk5LGOMOW,2025,mls,91,0,0,0,CB,NA,-0.0407,0.0625,0.0398,0.001,-0.0041,0.0034,0,0.0224,Ousman Jabang,2001-03-29,USA,CF Montréal,NA,NA,2026-08-18 13:59:10.001831
vzqodgRYQa,APk5LGOMOW,2025,mls,134,0.8823,6,0,ST,NA,-0.3177,0.3418,0,-0.1223,-0.0488,0.3852,0.1461,-0.0184,Sunusi Ibrahim,2002-10-01,Nigeria,CF Montréal,410000,USD,2026-08-18 13:59:10.001831
vzqodkKBQa,Z2vQ1xlqrA,2025,mls,1868,0.6361,10,1,CM,NA,28.0153,2.8402000000000003,1.0988,1.108,0.4101,0.248,0.3004,-0.3251,Zorhan Bassong,1999-05-07,Canada,Sporting Kansas City,114237,USD,2026-08-18 13:59:10.001831
vzqodxN7Qa,mvzqoLZQap,2025,mls,2027,7.4413,53,9,ST,NA,-27.2413,4.0399,0.6572,-1.4385,-1.1592,4.4974,1.503,-0.02,Jacen Russell-Rowe,2002-09-13,Canada,Columbus Crew,130789,USD,2026-08-18 13:59:10.001831
vzqorGW75a,vzqoOgNqap,2025,mls,1548,1.626,16,0,CM,NA,22.5769,4.2371,0.9817,1.9809,0.1352,0.7963,0.3264,0.0166,Gastón Brugman,1992-09-07,Uruguay,Nashville SC,1409000,USD,2026-08-18 13:59:10.001831
vzqorrRk5a,19vQ2095K6,2025,mls,3430,7.5532,77,10,AM,NA,37.7497,11.1709,1.3281,4.9401,1.5541,1.2434,1.3342,0.771,Carles Gil,1992-11-22,Spain,New England Revolution,4702083,USD,2026-08-18 13:59:10.001831
vzqowm7qap,zeQZkL1MKw,2025,mls,3326,26.52,176,35,ST,NA,64.4231,26.3939,1.2134,6.6426,4.7352,7.3147,5.2636,1.2244,Lionel Messi,1987-06-24,Argentina,Inter Miami CF,20446668,USD,2026-08-18 13:59:10.001831
wvq9X6JB5W,vzqoOgNqap,2025,mls,52,0,0,0,W,NA,1.8689,0.0057,2e-4,-0.0242,0.0286,0.0048,0,-0.0037,Alan Carleton,2005-03-20,USA,Nashville SC,NA,NA,2026-08-18 13:59:10.001831
wvq9XO7B5W,jYQJ8EW5GR,2025,mls,69,0,0,0,CM,NA,2.7128,-0.033299999999999996,-0.0581,0.0126,0.0017,0.0073,0,0.0032,Colin Guske,2007-01-29,USA,Orlando City SC,91427,USD,2026-08-18 13:59:10.001831
wvq9Xdlw5W,zeQZkL1MKw,2025,mls,2908,14.3635,66,20,W,NA,-25.6268,8.029300000000001,0.916,-1.5237,-1.273,7.6492000000000004,2.2509,0.0099,Tadeo Allende,1999-02-20,Argentina,Inter Miami CF,1000000,USD,2026-08-18 13:59:10.001831
wvq9Xp1B5W,EKXMeX3Q64,2025,mls,2082,5.8662,59,7,AM,NA,9.882,5.6661,1.0491,0.3872,0.384,2.3605,1.4084,0.0769,Gabriel Pirani,2002-04-12,Brazil,D.C. United,791700,USD,2026-08-18 13:59:10.001831
wvq9XwJ35W,kRQabn8MKZ,2025,mls,309,0,0,0,GK,NA,-3.7097,NA,NA,NA,NA,NA,NA,NA,Luka Gavran,2000-05-09,Canada,Toronto FC,128475,USD,2026-08-18 13:59:10.001831
wvq9eLBwqW,19vQ2095K6,2025,mls,3309,2.3713,25,2,CM,NA,34.1324,3.6919,2.0337,0.0081,-0.1114,1.4246,0.4923,-0.1554,Alhassan Yusuf,2000-07-18,Nigeria,New England Revolution,945311,USD,2026-08-18 13:59:10.001831
wvq9eWbBqW,kRQabn8MKZ,2025,mls,1026,1.8494,11,4,ST,NA,-7.8199,1.1260000000000001,0.1517,-0.4624,-0.6875,1.7456,0.313,0.0656,Deandre Kerr,2002-11-29,Canada,Toronto FC,125319,USD,2026-08-18 13:59:10.001831
wvq9eXy3qW,mKAqBBmqbg,2025,mls,254,0.092,3,0,W,NA,-4.1093,0.9614,0.1985,-0.0482,0.2485,0.2549,0.0605,0.2472,Sam Sarver,2003-03-03,USA,FC Dallas,80622,USD,2026-08-18 13:59:10.001831
wvq9eY8YqW,Z2vQ1xlqrA,2025,mls,1664,0.0242,1,0,CB,NA,15.0705,2.7866999999999997,1.3193,1.0867,0.2751,0.0376,0.0178,0.0502,Robert Voloder,2001-05-09,Germany,Sporting Kansas City,577860,USD,2026-08-18 13:59:10.001831
wvq9eZdYqW,0KPqjA456v,2025,mls,464,0.1702,1,0,FB,NA,4.8698,0.5485,-0.0648,0.2103,0.188,0.1717,0.0542,-0.0109,Benji Kikanović,2000-01-06,USA,San Jose Earthquakes,403700,USD,2026-08-18 13:59:10.001831
wvq9ebLaqW,jYQJ19EqGR,2025,mls,632,0.159,3,0,FB,NA,3.959,0.5083,0.1681,0.3602,-0.0505,0.2306,0.0697,-0.2698,Reed Baker-Whiting,2005-03-31,USA,Seattle Sounders FC,170000,USD,2026-08-18 13:59:10.001831
wvq9ed47qW,wvq9B9wQWn,2025,mls,328,2.3332,14,2,W,NA,-5.247,1.6687,0.2601,-8e-4,0.178,0.7798,0.4327,0.0189,Brendan McSorley,2002-02-01,USA,St. Louis City SC,80622,USD,2026-08-18 13:59:10.001831
wvq9edxmqW,WBLMvYAQxe,2025,mls,1192,0.7488,10,1,FB,NA,9.4315,1.8167,0.7028,0.2486,0.0435,0.5644,0.2125,0.0449,Ian Smith,2002-07-16,USA,Portland Timbers FC,80622,USD,2026-08-18 13:59:10.001831
wvq9g7AaMW,a2lqRX2Mr0,2025,mls,987,0.7249,4,1,CB,NA,7.9661,1.9499,0.3738,0.9291,0.0557,0.4462,0.1348,0.0103,Tim Parker,1993-02-23,USA,New York Red Bulls,347500,USD,2026-08-18 13:59:10.001831
wvq9gNr3MW,NPqxKXZ59d,2025,mls,664,0,0,0,FB,NA,0.8242,1.8860999999999999,1.2851,0.4468,0.1391,0.0209,0,-0.0058,Souleyman Doumbia,1996-09-24,Ivory Coast,Charlotte FC,541250,USD,2026-08-18 13:59:10.001831
wvq9gPmNMW,X0Oq66zq6D,2025,mls,3635,2.8658,35,4,CB,NA,50.7185,8.65,4.3282,2.0131,0.1434,1.5019,0.777,-0.1136,Jack Elliott,1995-08-25,England,Chicago Fire FC,1008537,USD,2026-08-18 13:59:10.001831
wvq9go6aMW,mvzqoLZQap,2025,mls,3003,13.98,104,16,ST,NA,-2.8928,9.2027,1.2059,0.3084,-0.3134,4.7961,2.7662,0.4395,Diego Rossi,1998-03-05,Uruguay,Columbus Crew,3426827,USD,2026-08-18 13:59:10.001831
wvq9gxBmMW,WBLMvYAQxe,2025,mls,1214,0.2698,6,0,DM,NA,9.4939,1.0125,1.0685,0.239,-0.3715,0.2217,0.1631,-0.3083,Joao Ortíz,1996-05-01,Ecuador,Portland Timbers FC,525625,USD,2026-08-18 13:59:10.001831
wvq9gzx1MW,eVq3ya6MWO,2025,mls,3407,1.3477,13,1,FB,NA,23.0752,4.7098,2.0867,1.0481,0.248,1.0967,0.3678,-0.1375,Sergi Palencia,1996-03-23,Spain,Los Angeles FC,757496,USD,2026-08-18 13:59:10.001831
wvq9jYdBQW,Z2vQ1xlqrA,2025,mls,192,0.533,6,0,W,NA,3.2018,0.48989999999999995,0.1256,-0.1438,-0.1793,0.3112,0.1115,0.2647,Stephen Afrifa,2001-02-19,Canada,Sporting Kansas City,104000,USD,2026-08-18 13:59:10.001831
wvq9jvANQW,9z5k7Yg5A3,2025,mls,118,0.1056,1,1,ST,NA,0.1607,0.051000000000000004,-0.0211,-0.0174,-0.1036,0.1575,0.0345,0.0011,Markus Anderson,2003-12-11,USA,Philadelphia Union,122000,USD,2026-08-18 13:59:10.001831
wvq9opZMWn,zeQZkL1MKw,2025,mls,3463,2.7513,24,6,FB,NA,9.1207,7.5944,2.2648,2.5762,-0.1006,2.201,0.646,0.007,Jordi Alba,1989-03-21,Spain,Inter Miami CF,6000000,USD,2026-08-18 13:59:10.001831
wvq9pAjl5W,eVq3ya6MWO,2025,mls,2660,4.6414,25,2,FB,NA,28.343,4.3625,1.0428,0.2118,0.2455,2.2249,0.8063,-0.1688,Ryan Hollingshead,1991-04-16,USA,Los Angeles FC,642500,USD,2026-08-18 13:59:10.001831
xW5pbAlQg1,eVq3ya6MWO,2025,mls,74,0,0,0,CB,NA,-1.0567,0.33,0.3487,-0.0162,-1e-4,-0.0024,0,0,Maxime Chanot,1989-11-21,Luxembourg,Los Angeles FC,400000,USD,2026-08-18 13:59:10.001831
xW5pr6gRQg,a2lqR4JMr0,2025,mls,2540,5.7837,68,4,W,NA,12.6766,5.843,1.1323,0.9311,-0.021,2.1525,1.5906,0.0575,Diogo Gonçalves,1997-02-06,Portugal,Real Salt Lake,1797108,USD,2026-08-18 13:59:10.001831
xW5prAjYQg,kRQabn8MKZ,2025,mls,2069,0.3005,5,0,FB,NA,-0.6108,2.263,1.6039,0.5205,-0.3301,0.5083,0.0575,-0.0971,Raoul Petretta,1997-03-24,Italy,Toronto FC,854750,USD,2026-08-18 13:59:10.001831
xW5prK4BQg,WBLMvYAQxe,2025,mls,685,0.384,9,0,W,NA,-4.2788,1.0108,0.1999,-0.0227,0.241,0.3635,0.1626,0.0665,Ariel Lassiter,1994-09-27,Costa Rica,Portland Timbers FC,348000,USD,2026-08-18 13:59:10.001831
xW5prZBdQg,kRQabn8MKZ,2025,mls,309,0,0,0,FB,NA,0.1684,0.4163,0.6083,0.0584,-0.0519,0.0522,0,-0.2507,Henry Wingo,1995-10-04,USA,Toronto FC,696031,USD,2026-08-18 13:59:10.001831
xW5prbllQg,YgOMngl5wN,2025,mls,3237,0.2811,11,1,DM,NA,15.5699,3.452,2.5927,0.9806,-0.0263,0.288,0.1447,-0.5277,Artur,1996-03-11,Brazil,Houston Dynamo FC,893375,USD,2026-08-18 13:59:10.001831
xW5prl1KQg,EKXMeX3Q64,2025,mls,866,2.723,16,1,ST,NA,-9.0218,1.8937,0.5912,-0.7223,0.0812,1.5898,0.3667,-0.0129,Dominique Badji,1992-10-16,Senegal,D.C. United,435000,USD,2026-08-18 13:59:10.001831
xW5pw3PYMg,wvq9B9wQWn,2025,mls,2726,2.8418,24,1,FB,NA,19.46,5.2134,2.4304,0.4605,0.38,1.3206,0.6343,-0.0124,Conrad Wallem,2000-06-09,Norway,St. Louis City SC,499875,USD,2026-08-18 13:59:10.001831
xW5pw8KGMg,YgOMngl5wN,2025,mls,1149,3.7144,24,1,W,NA,4.3714,3.3688,0.8712,-0.4602,0.8469,1.3003,0.7059,0.1047,Lawrence Ennali,2002-03-07,Germany,Houston Dynamo FC,549250,USD,2026-08-18 13:59:10.001831
xW5pwEwGMg,WBLMvYAQxe,2025,mls,3460,1.3149,11,0,CB,NA,36.0451,5.9137,3.9457,1.421,0.0211,0.7619,0.1427,-0.3787,Finn Surman,2003-09-23,New Zealand,Portland Timbers FC,226983,USD,2026-08-18 13:59:10.001831
xW5pxANJ5g,zeQZBOzQKw,2025,mls,580,2.0633,13,2,ST,NA,-3.9326,1.2095,0.1443,-0.3768,-0.4995,1.5873,0.3224,0.0318,Marcus Ingvartsen,1996-01-04,Denmark,San Diego FC,1740000,USD,2026-08-18 13:59:10.001831
xW5pxRGB5g,Vj58weDM8n,2025,mls,3504,1.7508,16,1,CB,NA,13.7403,7.7325,3.9155,3.0037,-0.0524,0.4754,0.3511,0.0392,Thiago Martins,1995-03-17,Brazil,New York City FC,2162000,USD,2026-08-18 13:59:10.001831
xW5pxyxB5g,NPqxKXZ59d,2025,mls,200,0,0,0,GK,NA,-2.2278,NA,NA,NA,NA,NA,NA,NA,David Bingham,1989-10-19,USA,Charlotte FC,104000,USD,2026-08-18 13:59:10.001831
xW5py2Jdqg,kRQabn8MKZ,2025,mls,326,0.0185,1,0,FB,NA,-0.75,0.5238,0.537,-0.1348,-0.0331,0.158,0.0076,-0.0109,Markus Cimermancic,2004-10-01,Canada,Toronto FC,94478,USD,2026-08-18 13:59:10.001831
xW5pyAAGqg,mKAqBBmqbg,2025,mls,11,0,0,0,W,NA,1.5687,0.009000000000000001,0,-0.0165,-0.0017,0.0068,0,0.0204,Anthony Ramirez,2005-12-22,USA,FC Dallas,80622,USD,2026-08-18 13:59:10.001831
xW5pyEZBqg,pzeQZ6xQKw,2025,mls,414,0.7836,4,0,W,NA,-5.3019,-0.16430000000000003,-0.0333,-0.4702,0.1062,0.3207,0.1414,-0.2291,Samuel Bassett,2003-04-13,USA,Colorado Rapids,80622,USD,2026-08-18 13:59:10.001831
xW5pyPEYqg,YgOMngl5wN,2025,mls,201,0.2054,3,0,CM,NA,0.2912,0.3307,0.0758,0.155,-0.0647,0.0781,0.104,-0.0175,Érik Dueñas,2004-10-18,USA,Houston Dynamo FC,170625,USD,2026-08-18 13:59:10.001831
xW5pygjdqg,APk5LGOMOW,2025,mls,1066,0.3251,3,1,CB,NA,4.4249,1.0202,0.9208,-0.2243,0.0602,0.205,0.0718,-0.0133,Jalen Neal,2003-08-24,USA,CF Montréal,681250,USD,2026-08-18 13:59:10.001831
xW5pykn0qg,KAqBN0Vqbg,2025,mls,653,0.1707,1,0,CB,NA,12.6851,0.7861,0.76,0.3835,-0.0899,0.1972,3e-4,-0.465,Juan Berrocal,1999-02-05,Spain,Atlanta United FC,1200000,USD,2026-08-18 13:59:10.001831
xW5pynPBqg,gpMOLwl5zy,2025,mls,3085,2.2612,25,3,FB,NA,28.8497,6.093,2.4971,1.0665,-0.1239,1.9696,0.5463,0.1374,Guilherme Biro,2000-05-01,Brazil,Austin FC,275000,USD,2026-08-18 13:59:10.001831
xW5pynj0qg,kaDQ0wRqEv,2025,mls,1309,2.8245,18,3,ST,NA,-19.221,1.6617,0.5412,-0.7782,-0.7301,2.048,0.5526,0.0282,Matheus Nascimento,2004-03-03,Brazil,LA Galaxy,571250,USD,2026-08-18 13:59:10.001831
xW5pyrwKqg,NWMWlBK5lz,2025,mls,1019,0.1645,5,0,CM,NA,0.666,1.3221,1.0498,0.031,0.0717,0.1104,0.1138,-0.0546,Obinna Nwobodo,1996-11-29,Nigeria,FC Cincinnati,1241250,USD,2026-08-18 13:59:10.001831
xW5pyx70qg,kaDQ0wRqEv,2025,mls,646,1.1719,13,0,CM,NA,4.8544,1.2133,0.4602,-0.3655,0.2191,0.5278,0.3131,0.0586,Tucker Lepley,2002-01-17,USA,LA Galaxy,82308,USD,2026-08-18 13:59:10.001831
xW5pyyaJqg,a2lqR4JMr0,2025,mls,2431,1.9365,36,2,DM,NA,35.5032,4.2285,1.755,0.628,0.101,0.6555,0.6729,0.4161,Braian Ojeda,2000-06-27,Paraguay,Real Salt Lake,708653,USD,2026-08-18 13:59:10.001831
zeQZ7DJzMK,KAqBN0Vqbg,2025,mls,1323,1.5679,11,1,DM,NA,14.1666,2.3242,0.9159,0.4816,-0.1727,0.8016,0.3301,-0.0323,Tristan Muyumba,1997-03-07,France,Atlanta United FC,591600,USD,2026-08-18 13:59:10.001831
zeQZJ7YgQK,mvzqoLZQap,2025,mls,12,0,0,0,CB,NA,0.5128,0.039400000000000004,0.021,0.0307,-0.008,-0.0015,0,-0.0028,Rudy Camacho,1991-03-05,France,Columbus Crew,601000,USD,2026-08-18 13:59:10.001831
zeQZJxR1QK,WBLMvYAQxe,2025,mls,529,0.2053,2,0,FB,NA,-6.318,0.3963,0.2933,-0.2404,0.068,0.2869,0,-0.0115,Eric Miller,1993-01-15,USA,Portland Timbers FC,104000,USD,2026-08-18 13:59:10.001831
zeQZKbYMKw,zeQZkL1MKw,2025,mls,2766,14.9548,87,10,ST,NA,-17.0028,8.443800000000001,1.0958,-0.5765,-0.8198,6.2845,2.301,0.1588,Luis Suárez,1987-01-24,Uruguay,Inter Miami CF,1500000,USD,2026-08-18 13:59:10.001831
zeQZX96N5K,WBLMvYAQxe,2025,mls,2521,1.0327,12,0,FB,NA,30.7188,3.8542,1.9835,1.0316,-0.5808,1.23,0.3343,-0.1444,Jimer Fory,2002-05-24,Colombia,Portland Timbers FC,355000,USD,2026-08-18 13:59:10.001831
zeQZXXm15K,Z2vQ1xlqrA,2025,mls,2090,1.1065,22,0,FB,NA,9.2391,3.6688,1.8002,0.8202,0.0311,0.6593,0.3623,-0.0043,Jake Davis,2002-01-03,USA,Sporting Kansas City,NA,NA,2026-08-18 13:59:10.001831
zeQZe4aYqK,jYQJ8EW5GR,2025,mls,85,0,0,0,W,NA,1.2144,0.024399999999999998,0.0281,0.0149,-0.0201,0.0134,0,-0.0119,Zakaria Taifi,2005-10-01,USA,Orlando City SC,92520,USD,2026-08-18 13:59:10.001831
zeQZeWKjqK,mvzqoLZQap,2025,mls,883,1.6427,7,0,AM,NA,8.7178,2.0055,0.4109,-0.1158,0.2588,1.2733,0.229,-0.0507,Hugo Picard,2003-05-09,France,Columbus Crew,731244,USD,2026-08-18 13:59:10.001831
zeQZkkOjMK,kaDQ0wRqEv,2025,mls,572,0.0637,1,0,CB,NA,-1.583,1.3742999999999999,1.1198,0.2424,-0.0447,0.0651,0,-0.0083,Chris Rindov,2001-10-08,USA,LA Galaxy,89372,USD,2026-08-18 13:59:10.001831
0Oq624oPq6,jYQJ19EqGR,2026,mls,1221,1.3245,12,2,FB,NA,-0.332,2.3091,0.9169,0.1171,-0.0537,0.5921,0.4689,0.2678,Kalani Kossa-Rienzi,2002-06-27,USA,Seattle Sounders FC,113400,USD,2026-08-18 13:59:21.632122
0Oq624zdq6,APk5LGOMOW,2026,mls,795,1.8152,12,0,W,NA,-3.0111,1.1848999999999998,0.2947,-0.2871,0.3992,0.7391,0.3014,-0.2624,Noah Streit,2005-10-11,Switzerland,CF Montréal,451333,USD,2026-08-18 13:59:21.632122
0Oq62JVPq6,a2lqRX2Mr0,2026,mls,103,0,0,0,FB,NA,-1.5688,-0.3321,0.0252,-0.0518,-0.055,-0.0049,0,-0.2456,Joyeux Masanka Bungi,2007-01-24,Belgium,New York Red Bulls,222500,USD,2026-08-18 13:59:21.632122
0Oq6320dQ6,Vj58weDM8n,2026,mls,1402,0.4714,8,0,DM,NA,29.4261,2.533,1.3789,1.0068,-0.154,0.1009,0.2123,-0.0119,Kai Trewin,2001-05-18,Australia,New York City FC,311542,USD,2026-08-18 13:59:21.632122
0Oq633dAQ6,19vQ2095K6,2026,mls,920,1.7864,18,1,W,NA,-1.4883,1.1429,0.0354,-0.2061,-0.0225,0.8189,0.4911,0.0261,Griffin Yow,2002-09-25,USA,New England Revolution,810875,USD,2026-08-18 13:59:21.632122
0Oq63DL6Q6,"c(""jYQJ19EqGR"", ""19vQ2095K6"")",2026,mls,203,0.0741,1,0,FB,NA,-2.5507,0.1547,0.0689,-0.0169,0.0511,0.0304,0.015,0.0062,Cody Baker,2004-01-07,USA,NA,119104,USD,2026-08-18 13:59:21.632122
0Oq63P32Q6,eVq3ya6MWO,2026,mls,1589,0.9428,9,0,CB,NA,18.8002,3.0235,1.5489,1.0049,-0.0073,0.3662,0.1223,-0.0115,Nkosi Tafari,1997-03-23,USA,Los Angeles FC,481500,USD,2026-08-18 13:59:21.632122
0Oq63YndQ6,zeQZBOzQKw,2026,mls,1709,4.4416,24,3,CM,NA,15.2217,3.9715000000000003,0.6449,0.3024,0.4755,1.7456,0.7086,0.0945,Onni Valakari,1999-08-18,Finland,San Diego FC,781800,USD,2026-08-18 13:59:21.632122
0Oq6712Q6D,NPqxKXZ59d,2026,mls,1765,0.922,9,2,DM,NA,47.4612,3.8377,0.9829,2.1792,0.0939,0.2753,0.2441,0.0623,Ashley Westwood,1990-04-01,England,Charlotte FC,833333,USD,2026-08-18 13:59:21.632122
0Oq6ENn256,jYQJ19EqGR,2026,mls,846,4.1861,17,1,ST,NA,-5.0376,0.7709000000000001,0.2175,-1.0831,-0.3968,1.453,0.601,-0.0207,Danny Musovski,1995-11-30,USA,Seattle Sounders FC,712924,USD,2026-08-18 13:59:21.632122
0Oq6L8EgM6,NWMWlBK5lz,2026,mls,516,1.433,9,2,ST,NA,-1.6622,1.1316,0.0955,-0.0842,-0.1222,0.8867,0.3272,0.0286,Ayoub Jabbari,2000-01-30,Morocco,FC Cincinnati,474800,USD,2026-08-18 13:59:21.632122
0Oq6L8n2M6,Z2vQ1xlqrA,2026,mls,415,0.0517,1,0,CB,NA,-1.7379,0.6723,0.4069,0.1763,0.0555,0.0199,0.01,0.0037,Or Blorian,2000-03-07,Israel,Sporting Kansas City,NA,NA,2026-08-18 13:59:21.632122
0Oq6LeJ7M6,a2lqR4JMr0,2026,mls,1271,0.1295,2,0,CB,NA,10.546,1.9939999999999998,1.4987,0.2865,0.0768,0.1757,0.016,-0.0597,Philip Quinton,1999-11-16,USA,Real Salt Lake,175000,USD,2026-08-18 13:59:21.632122
0Oq6LgZgM6,jYQJ8EW5GR,2026,mls,924,2.9731,21,1,ST,NA,-1.0508,2.7055,0.1278,0.2352,0.5089,1.1512,0.6473,0.0351,Justin Ellis,2007-05-14,USA,Orlando City SC,112424,USD,2026-08-18 13:59:21.632122
0Oq6LpK2M6,pzeQZ6xQKw,2026,mls,1238,1.8379,13,2,DM,NA,-4.7037,1.0844999999999998,0.3774,-0.5177,-0.1961,0.9813,0.3853,0.0543,Wayne Frederick,2004-06-13,Trinidad & Tobago,Colorado Rapids,113400,USD,2026-08-18 13:59:21.632122
0Oq6lyNdM6,kRQand1MKZ,2026,mls,1276,0.1502,3,0,CM,NA,9.2665,1.3509,0.6409,0.5213,0.0836,0.0827,0.0512,-0.0288,Wil Trapp,1993-01-15,USA,Minnesota United FC,602500,USD,2026-08-18 13:59:21.632122
0Oq6wjlzQ6,0KPqjA456v,2026,mls,733,3.0001,11,2,W,NA,-8.6017,1.4772,0.2376,-0.3643,-0.4689,1.685,0.385,0.0028,Jack Skahan,1998-02-07,USA,San Jose Earthquakes,225000,USD,2026-08-18 13:59:21.632122
0Oq6wmbrQ6,EKXMeX3Q64,2026,mls,1620,1.0811,7,1,CB,NA,-0.8006,2.5252,1.1457,0.8011,0.0811,0.3784,0.1708,-0.0519,Kye Rowles,1998-06-24,Australia,D.C. United,751667,USD,2026-08-18 13:59:21.632122
0Oq6wvbgQ6,0KPqjA456v,2026,mls,172,0,0,0,FB,NA,3.7858,0.16570000000000001,0.0786,0.0888,-0.0256,0.0372,0,-0.0133,Vitor Costa,1994-07-01,Brazil,San Jose Earthquakes,463333,USD,2026-08-18 13:59:21.632122
0x5g213RM7,zeQZkL1MKw,2026,mls,658,0.442,7,1,FB,NA,4.858,0.9521,0.4589,0.3654,-0.0016,0.2565,0.1711,-0.2982,Sergio Reguilón,1996-12-16,Spain,Inter Miami CF,1800000,USD,2026-08-18 13:59:21.632122
0x5g2BmPM7,KAqBN0Vqbg,2026,mls,1455,0.343,6,0,CB,NA,10.1698,1.9290999999999998,0.7131,0.8512,0.169,0.1672,0.2042,-0.1756,Enea Mihaj,1998-07-05,Albania,Atlanta United FC,1557000,USD,2026-08-18 13:59:21.632122
0x5g2EKLM7,9z5k7Yg5A3,2026,mls,1327,1.5881,13,2,W,NA,1.9035,0.6024,0.2049,0.1121,-0.2601,0.5595,0.2631,-0.2771,Indiana Vassilev,2001-02-16,USA,Philadelphia Union,665000,USD,2026-08-18 13:59:21.632122
0x5g2RXXM7,a2lqR4JMr0,2026,mls,1151,0.9735,15,1,CM,NA,22.1569,2.2041,0.4807,0.9289,0.1205,0.4481,0.3624,-0.1365,Stijn Spierings,1996-03-12,Netherlands,Real Salt Lake,783333,USD,2026-08-18 13:59:21.632122
0x5g2Z8ZM7,NPqxKXZ59d,2026,mls,1935,0,0,0,GK,NA,12.3839,NA,NA,NA,NA,NA,NA,NA,Kristijan Kahlina,1992-07-24,Croatia,Charlotte FC,813750,USD,2026-08-18 13:59:21.632122
0x5g2mYrM7,mKAqBBmqbg,2026,mls,1332,0,0,0,GK,NA,5.1044,NA,NA,NA,NA,NA,NA,NA,Michael Collodi,2001-05-25,USA,FC Dallas,125825,USD,2026-08-18 13:59:21.632122
0x5g2pW7M7,mKAqBBmqbg,2026,mls,1782,0.3833,5,0,CB,NA,14.369,1.9164999999999999,1.1718,0.4339,0.209,0.1801,0.1691,-0.2474,Shaq Moore,1996-11-02,USA,FC Dallas,870000,USD,2026-08-18 13:59:21.632122
0x5g2xoXM7,kRQabn8MKZ,2026,mls,838,0.1043,3,0,FB,NA,-25.0137,0.5865,0.5112,0.185,-0.1972,0.1447,0.0525,-0.1097,Raheem Edwards,1995-07-17,Canada,Toronto FC,414340,USD,2026-08-18 13:59:21.632122
0x5gJBgZM7,pzeQZ6xQKw,2026,mls,41,0,0,0,W,NA,0.6768,0.048400000000000006,-7e-4,0.0471,-0.0226,0.0246,0,0,Donavan Phillip,2005-04-01,St. Lucia,Colorado Rapids,88025,USD,2026-08-18 13:59:21.632122
0x5gJEVLM7,EKXMeX3Q64,2026,mls,135,0,0,0,ST,NA,-1.1946,0.1714,0.0817,0.014,-0.0163,0.0911,0,9e-4,Jacob Murrell,2004-03-28,USA,D.C. United,113400,USD,2026-08-18 13:59:21.632122
0x5gJJWPM7,a2lqR4JMr0,2026,mls,176,0.8336,3,1,ST,NA,-2.9934,0.3945,0.0455,-0.0816,-0.0556,0.3821,0.1063,-0.0022,Ariath Piol,2004-10-11,Australia,Real Salt Lake,348859,USD,2026-08-18 13:59:21.632122
0x5gJWwjM7,APk5LGOMOW,2026,mls,1252,0.548,11,0,FB,NA,4.1809,1.0578,0.6866,-0.1558,-0.3061,0.3512,0.2461,0.2358,Dawid Bugaj,2004-07-09,Poland,CF Montréal,267600,USD,2026-08-18 13:59:21.632122
0x5gJY2rM7,lgpMOvnQzy,2026,mls,399,3.0025,26,2,W,NA,-0.5522,2.778,0.1689,0.0488,1.2173,0.587,0.7078,0.0482,Bruno Caicedo,2005-01-15,Ecuador,Vancouver Whitecaps FC,430150,USD,2026-08-18 13:59:21.632122
0x5gJg07M7,Vj58weDM8n,2026,mls,445,1.9363,13,1,W,NA,-6.7479,1.9106,0.1887,-0.2573,0.5174,0.7865,0.4269,0.2484,Malachi Jones,2003-09-23,Sierra Leone,New York City FC,113400,USD,2026-08-18 13:59:21.632122
0x5gLEbRq7,EKXMeX3Q64,2026,mls,1084,4.5634,44,5,ST,NA,-11.305,2.5703,0.08,-0.2214,-0.0319,1.8131,0.8797,0.0508,Louis Munteanu,2002-06-16,Romania,D.C. United,1634100,USD,2026-08-18 13:59:21.632122
0x5gLj27q7,mvzqoLZQap,2026,mls,720,0.8815,6,1,CM,NA,-2.4233,0.6964,0.3688,-0.3457,-5e-4,0.507,0.166,8e-4,Sekou Bangoura,2002-04-05,Guinea,Columbus Crew,542167,USD,2026-08-18 13:59:21.632122
0x5gLm2bq7,EKXMeX3Q64,2026,mls,1439,3.7222,25,2,W,NA,-6.9385,2.9052,0.8654,-0.1864,-0.0917,1.8828,0.7188,-0.2837,Jackson Hopkins,2004-07-01,USA,D.C. United,157833,USD,2026-08-18 13:59:21.632122
0x5gLpbwq7,EKXMeX3Q64,2026,mls,132,0.035,1,0,W,NA,-1.806,0.1575,0.0936,0.0111,-0.0583,0.074,0.0432,-0.0061,Caden Clark,2003-05-27,USA,D.C. United,432000,USD,2026-08-18 13:59:21.632122
0x5gP3gXq7,NWMWlBK5lz,2026,mls,925,0.5471,4,0,CB,NA,12.0605,0.30589999999999995,0.2287,0.3278,-0.0047,-0.0336,0.1012,-0.3135,Matt Miazga,1995-07-19,USA,FC Cincinnati,1639000,USD,2026-08-18 13:59:21.632122
0x5gP9Jjq7,0KPqjA456v,2026,mls,24,0,0,0,GK,NA,1.2552,NA,NA,NA,NA,NA,NA,NA,Earl Edwards Jr.,1992-01-24,USA,San Jose Earthquakes,220250,USD,2026-08-18 13:59:21.632122
0x5gPv8mq7,YgOMngl5wN,2026,mls,621,0.3465,4,0,FB,NA,-4.7544,0.8555,0.364,0.0407,0.109,0.1953,0.1288,0.0177,Duane Holmes,1994-11-06,USA,Houston Dynamo FC,628000,USD,2026-08-18 13:59:21.632122
0x5gWWz757,mKAqBBmqbg,2026,mls,1399,0.3372,5,0,FB,NA,15.3513,-0.3466999999999999,-0.4425,-0.0184,-0.344,0.5653,0.1501,-0.2572,Herman Johansson,1997-10-16,Sweden,FC Dallas,740000,USD,2026-08-18 13:59:21.632122
0x5gWlZb57,NWMWlBK5lz,2026,mls,1572,0.1059,3,0,CB,NA,11.6116,1.5070999999999999,0.9187,0.6209,0.0702,0.0983,0.069,-0.27,Samuel Gidi,2004-04-15,Ghana,FC Cincinnati,671050,USD,2026-08-18 13:59:21.632122
0x5gk2PL57,9z5k7Yg5A3,2026,mls,712,1.2847,10,1,ST,NA,-10.4249,0.6234000000000001,0.1159,-0.3026,-0.4704,1.0319,0.2409,0.0077,Ezekiel Alladoh,2005-09-13,Ghana,Philadelphia Union,540000,USD,2026-08-18 13:59:21.632122
2lqR72mAQr,lgpMOvnQzy,2026,mls,382,0.0491,2,0,W,NA,0.0665,1.0913,0.2313,0.2502,0.3353,0.1906,0.0347,0.0492,Kenji Cabrera,2003-01-27,Peru,Vancouver Whitecaps FC,440053,USD,2026-08-18 13:59:21.632122
2lqR7A8JQr,jYQJ8EW5GR,2026,mls,188,0.4428,1,0,FB,NA,2.6283,0.191,0.0238,0.0386,0.0202,0.0554,0.0502,0.0028,Bernardo Rhein Goncalves,2007-09-21,USA,Orlando City SC,NA,NA,2026-08-18 13:59:21.632122
2lqR7V9AQr,"c(""pzeQZ6xQKw"", ""jYQJ19EqGR"")",2026,mls,1140,2.3479,16,0,W,NA,-14.655,2.0997,0.2784,-0.6927,1.4443,0.9943,0.323,-0.2476,Georgi Minoungou,2002-07-25,Ivory Coast,NA,113400,USD,2026-08-18 13:59:21.632122
2lqR7YEaQr,pzeQZ6xQKw,2026,mls,892,0.1109,2,0,FB,NA,8.215,0.5511,0.4814,-0.0914,0.0162,0.0684,0.0205,0.056,Jackson Travis,2004-02-23,USA,Colorado Rapids,127500,USD,2026-08-18 13:59:21.632122
2lqR7wZaQr,mvzqoLZQap,2026,mls,1642,3.1022,21,4,W,NA,-24.9373,2.2194000000000003,0.4524,-0.5476,0.0772,1.7635,0.5008,-0.0269,Max Arfsten,2001-04-19,USA,Columbus Crew,895000,USD,2026-08-18 13:59:21.632122
2lqR7yoAQr,wvq9B9wQWn,2026,mls,118,0.0596,2,0,FB,NA,0.2765,0.058899999999999994,0.0022,-0.015,-0.0723,0.0905,0.0644,-0.0109,Mykhi Joyner,2006-08-30,USA,St. Louis City SC,130680,USD,2026-08-18 13:59:21.632122
2lqRJ0l4qr,EKXMeX3Q64,2026,mls,138,0.2012,2,0,W,NA,-0.3333,0.4616,0.0263,0.1115,0.1924,0.0643,0.0641,0.003,Hosei Kijima,2002-07-01,Japan,D.C. United,113400,USD,2026-08-18 13:59:21.632122
2lqRJVwJqr,NPqxKXZ59d,2026,mls,1680,2.6994,13,2,CB,NA,19.9184,4.4576,1.578,1.1995,0.2237,1.0717,0.4159,-0.0312,Morrison Agyemang,2004-12-21,Ghana,Charlotte FC,262080,USD,2026-08-18 13:59:21.632122
2lqRR4Rxqr,zeQZBOzQKw,2026,mls,492,0.992,10,0,W,NA,3.6665,0.9841,0.0487,0.0446,0.1837,0.4696,0.2498,-0.0123,Lewis Morgan,1996-09-30,Scotland,San Diego FC,1868508,USD,2026-08-18 13:59:21.632122
2lqRRZy2qr,gpMOLwl5zy,2026,mls,1071,0.9989,8,1,CM,NA,12.7743,2.1663,1.1666,-0.0699,0.4169,0.3683,0.2851,-7e-4,Ilie Sánchez,1990-11-21,Spain,Austin FC,225000,USD,2026-08-18 13:59:21.632122
2lqRj3Zxqr,APk5LGOMOW,2026,mls,455,0.4939,9,0,W,NA,-7.0627,0.7954,0.1233,-0.0152,0.1274,0.2934,0.2534,0.0131,Olger Escobar,2006-09-11,Guatemala,CF Montréal,93421,USD,2026-08-18 13:59:21.632122
2lqRj7nDqr,X0Oq66zq6D,2026,mls,95,0.7034,2,0,ST,NA,1.7844,0.1456,0.0594,0.0678,-0.0844,0.0924,0.0134,-0.003,Jason Shokalook,2002-09-30,USA,Chicago Fire FC,88025,USD,2026-08-18 13:59:21.632122
2lqRj90Jqr,kRQabn8MKZ,2026,mls,700,0.4286,7,0,CB,NA,3.4065,0.8828,0.6644,0.1102,0.001,0.2395,0.1947,-0.327,Jackson Gilman,2004-04-29,USA,Toronto FC,NA,NA,2026-08-18 13:59:21.632122
2lqRjDAAqr,zeQZkL1MKw,2026,mls,1032,1.654,8,1,FB,NA,2.8365,2.2049,0.7338,0.1934,-0.0426,1.0125,0.2833,0.0245,Ian Fray,2002-08-31,USA,Inter Miami CF,429000,USD,2026-08-18 13:59:21.632122
2lqRjL12qr,APk5LGOMOW,2026,mls,353,0.2451,4,0,CB,NA,4.5138,0.6201,0.0857,0.3371,0.0295,0.0838,0.0863,-0.0023,Brandan Craig,2004-04-07,USA,CF Montréal,97830,USD,2026-08-18 13:59:21.632122
2lqRjYLWqr,kRQabn8MKZ,2026,mls,1104,0.2205,6,0,CB,NA,-3.0936,1.066,0.4765,0.3389,0.0381,0.0379,0.1661,0.0085,Zane Monlouis,2003-10-16,England,Toronto FC,137891,USD,2026-08-18 13:59:21.632122
2lqRk034Qr,19vQ2095K6,2026,mls,90,0,0,0,CB,NA,-1.4577,0.036,0.0458,-0.0153,0.0039,-8e-4,0,0.0024,Keegan Hughes,2000-07-22,USA,New England Revolution,113400,USD,2026-08-18 13:59:21.632122
2lqRk1raQr,WBLMvYAQxe,2026,mls,1157,0.5308,1,1,CB,NA,34.1727,2.6019,0.761,1.3497,0.2125,0.2777,0.069,-0.068,Kamal Miller,1997-05-16,Canada,Portland Timbers FC,822496,USD,2026-08-18 13:59:21.632122
2lqRk3NWQr,kRQand1MKZ,2026,mls,1214,1.4196,7,1,FB,NA,12.548400000000001,2.3041,1.5066,-0.0221,0.187,0.998,0.1858,-0.5512,Kyle Duncan,1997-08-08,USA,Minnesota United FC,437889,USD,2026-08-18 13:59:21.632122
2lqRk3lnQr,Vj58weDM8n,2026,mls,986,1.747,10,2,DM,NA,6.5393,1.6323,0.6045,-0.158,-0.0255,1.2007,0.2744,-0.2638,Keaton Parks,1997-08-06,USA,New York City FC,1130000,USD,2026-08-18 13:59:21.632122
2lqRkOwnQr,eVq3ya6MWO,2026,mls,1690,1.3245,10,0,CB,NA,25.1052,3.956,1.7724,1.4688,0.0474,0.8783,0.1618,-0.3727,Ryan Porteous,1999-03-25,Scotland,Los Angeles FC,760260,USD,2026-08-18 13:59:21.632122
2lqRkWG0Qr,wvq9B9wQWn,2026,mls,1046,0.8357,14,1,FB,NA,-3.0701,0.9542,0.6872,-0.2824,-0.0942,0.2764,0.3814,-0.0142,Rafael Santos,1998-02-05,Brazil,St. Louis City SC,226354,USD,2026-08-18 13:59:21.632122
2lqRkYZnQr,vzqoOgNqap,2026,mls,681,0.4587,4,2,CM,NA,2.0414,0.7014,0.3815,0.0786,0.0094,0.1073,0.1356,-0.011,Bryan Acosta,1993-11-24,Honduras,Nashville SC,200500,USD,2026-08-18 13:59:21.632122
2lqRkZXDQr,vzqoOgNqap,2026,mls,1167,1.912,21,3,W,NA,-2.4398,2.7878000000000003,0.4872,-0.3906,1.1147,1.0374,0.5513,-0.0122,Cristian Espinoza,1995-04-03,Argentina,Nashville SC,2343567,USD,2026-08-18 13:59:21.632122
2lqRkbN4Qr,jYQJ19EqGR,2026,mls,1522,2.9217,23,5,W,NA,-8.6459,3.3744,1.0657,-0.4112,0.0356,1.3859,0.6686,0.6298,Paul Rothrock,1999-01-09,USA,Seattle Sounders FC,525000,USD,2026-08-18 13:59:21.632122
2lqRked4Qr,wvq9B9wQWn,2026,mls,645,1.9967,18,2,AM,NA,12.5757,1.15,0.3322,0.2958,-0.0065,0.2159,0.324,-0.0114,Eduard Löwen,1997-01-28,Germany,St. Louis City SC,1444250,USD,2026-08-18 13:59:21.632122
2lqRknk2Qr,jYQJ19EqGR,2026,mls,198,0.334,4,0,CB,NA,2.0261,0.5877,0.141,0.2772,4e-4,0.1176,0.0544,-0.0029,Yeimar Gómez Andrade,1992-06-30,Colombia,Seattle Sounders FC,982500,USD,2026-08-18 13:59:21.632122
2lqRkoADQr,19vQ2095K6,2026,mls,147,0.3053,6,0,W,NA,3.9183,0.7125,-0.0015,0.1928,0.2123,0.1167,0.1624,0.0298,Jack Harrison,1996-11-20,England,New England Revolution,NA,NA,2026-08-18 13:59:21.632122
2lqRlEaWMr,jYQJ8EW5GR,2026,mls,62,0.0802,1,0,ST,NA,-1.0979,-0.1111,0.0338,-0.0669,-0.1619,0.0923,0.0254,-0.0338,Harvey Sarajian,2005-01-26,USA,Orlando City SC,88025,USD,2026-08-18 13:59:21.632122
2lqRlGWnMr,zeQZBOzQKw,2026,mls,181,0.5377,3,2,W,NA,-2.3778,0.4755,0.2337,-0.1529,0.104,0.1541,0.0905,0.0461,Bryan Zamblé,2008-02-19,Ivory Coast,San Diego FC,88025,USD,2026-08-18 13:59:21.632122
2vQ14E1Kqr,lgpMOvnQzy,2026,mls,63,0,0,0,CB,NA,0.1698,0.0933,0.0176,0.0496,0.0239,4e-4,0,0.0018,Ranko Veselinović,1999-03-24,Serbia,Vancouver Whitecaps FC,782125,USD,2026-08-18 13:59:21.632122
2vQ14xl0qr,mvzqoLZQap,2026,mls,1129,0.5202,12,0,CM,NA,40.9866,2.5177,0.4081,1.5698,0.3386,0.2366,0.2556,-0.291,Dylan Chambost,1997-08-19,France,Columbus Crew,695250,USD,2026-08-18 13:59:21.632122
2vQ1LYxbqr,jYQJ19EqGR,2026,mls,415,1.1322,6,0,W,NA,1.302,1.0225,0.2372,0.0487,0.0913,0.4323,0.1739,0.0391,Paul Arriola,1995-02-05,USA,Seattle Sounders FC,1142500,USD,2026-08-18 13:59:21.632122
2vQ1LyOKqr,0KPqjA456v,2026,mls,404,0,0,0,GK,NA,0.3428,NA,NA,NA,NA,NA,NA,NA,Angus Gunn,1996-01-22,England,San Jose Earthquakes,NA,NA,2026-08-18 13:59:21.632122
2vQ1NBY8Mr,kRQand1MKZ,2026,mls,1833,2.7825,36,2,W,NA,13.9391,4.9198,0.7853,1.9267,-0.1767,1.6068,0.7874,-0.0097,Joaquín Pereyra,1998-12-01,Argentina,Minnesota United FC,1089000,USD,2026-08-18 13:59:21.632122
2vQ1NPw4Mr,lgpMOvnQzy,2026,mls,797,3.8817,23,2,W,NA,0.5211,3.1519,0.4276,0.225,-0.0232,1.6775,0.7276,0.1174,Emmanuel Sabbi,1997-12-24,USA,Vancouver Whitecaps FC,1167750,USD,2026-08-18 13:59:21.632122
2vQ1R1wOMr,Z2vQ1xlqrA,2026,mls,352,1.0795,8,0,ST,NA,-4.0698,0.911,0.1393,-0.106,-0.1218,0.7101,0.2846,0.0048,Taylor Calheira,2002-04-26,USA,Sporting Kansas City,100824,USD,2026-08-18 13:59:21.632122
2vQ1dJAxqr,19vQ2095K6,2026,mls,40,0,0,0,W,NA,0.7369,-0.0171,-0.0052,0.006,-0.0198,0.0015,0,4e-4,Eric Klein,2006-11-20,USA,New England Revolution,94302,USD,2026-08-18 13:59:21.632122
2vQ1dVAwqr,wvq9B9wQWn,2026,mls,134,0.2408,5,0,AM,NA,-2.3191,0.5419,0.0142,-0.0129,0.2993,0.0865,0.1512,0.0036,Célio Pompeu,1999-12-10,Brazil,St. Louis City SC,309006,USD,2026-08-18 13:59:21.632122
2vQ1dZ8Kqr,a2lqR4JMr0,2026,mls,1025,0.4421,8,1,CB,NA,8.0961,2.1994,1.0247,0.6659,0.1144,0.2181,0.1805,-0.0042,Lukas Engel,1998-12-14,Denmark,Real Salt Lake,832135,USD,2026-08-18 13:59:21.632122
2vQ1dlaOqr,APk5LGOMOW,2026,mls,65,0,0,0,FB,NA,-4.3899,0.004599999999999999,0.0191,-0.0072,-0.0129,0.0048,0,8e-4,Aleksandr Guboglo,2007-03-20,Haiti,CF Montréal,93714,USD,2026-08-18 13:59:21.632122
2vQ1dr8bqr,NWMWlBK5lz,2026,mls,478,0.0774,3,1,CB,NA,-4.56,0.795,0.3802,0.2373,0.1147,0.0178,0.0342,0.0108,Andrei Chirila,2008-08-15,USA,FC Cincinnati,98373,USD,2026-08-18 13:59:21.632122
2vQ1eBB8Qr,kaDQ0wRqEv,2026,mls,69,0.5545,2,1,FB,NA,0.3152,-0.014199999999999994,0.0256,-0.0186,-0.1827,0.0695,0.092,0,Troy Elgersma,NA,USA,LA Galaxy,NA,NA,2026-08-18 13:59:21.632122
315V1k0nM9,lgpMOvnQzy,2026,mls,124,0.2628,1,0,W,NA,-3.0525,-0.1038,-0.1489,-0.1447,0.018,0.1422,0.0394,-0.0098,Nikola Djordjevic,2002-11-14,USA,Vancouver Whitecaps FC,88025,USD,2026-08-18 13:59:21.632122
315V60b59x,NPqxKXZ59d,2026,mls,1276,0.0454,1,0,CB,NA,15.2192,1.2122,-0.186,1.1449,0.1846,0.0658,0.0409,-0.038,Tim Ream,1987-10-05,USA,Charlotte FC,1127750,USD,2026-08-18 13:59:21.632122
315V7AgEq9,19vQ2095K6,2026,mls,1211,4.304,31,4,W,NA,1.089,4.0088,0.767,-0.0645,-0.1324,2.3167,0.8465,0.2755,Peyton Miller,2007-11-08,USA,New England Revolution,115400,USD,2026-08-18 13:59:21.632122
315V7V1Yq9,X0Oq66zq6D,2026,mls,836,0.2087,5,0,FB,NA,-7.5894,0.8401000000000001,0.331,0.201,0.009,0.1733,0.1389,-0.0131,Leonardo Barroso,2005-06-12,Portugal,Chicago Fire FC,395500,USD,2026-08-18 13:59:21.632122
315V7Z2Vq9,19vQ2095K6,2026,mls,1709,5.8615,41,4,ST,NA,-9.9393,4.3661,0.54990000000000006,-1.2382,-0.0885,3.559,1.0146,0.5693,Dor Turgeman,2003-10-24,Israel,New England Revolution,800000,USD,2026-08-18 13:59:21.632122
315V7bLYq9,0KPqjA456v,2026,mls,1830,1.3313,6,2,CB,NA,36.4588,2.2603,0.6366,1.2342,0.0489,0.1732,0.2212,-0.0538,Reid Roberts,2003-12-09,USA,San Jose Earthquakes,88025,USD,2026-08-18 13:59:21.632122
315V7ox6q9,pzeQZ6xQKw,2026,mls,304,0.2094,4,1,W,NA,-4.8115,0.7028,0.1381,0.1457,0.141,0.2089,0.0737,-0.0046,Alexis Manyoma,2003-01-30,Colombia,Colorado Rapids,711750,USD,2026-08-18 13:59:21.632122
315V7yb6q9,vzqoOgNqap,2026,mls,56,0,0,0,AM,NA,0.6014,-4.999999999999978e-4,-0.0061,-0.0166,-0.0458,0.0592,0,0.0088,Jordan Knight,2002-06-13,Canada,Nashville SC,93858,USD,2026-08-18 13:59:21.632122
315VPKlXQ9,APk5LGOMOW,2026,mls,918,2.7431,27,1,W,NA,-2.3647,3.4295,0.2712,0.1587,1.1671,0.6859,0.7509,0.3957,Iván Jaime,2000-09-26,Spain,CF Montréal,2111200,USD,2026-08-18 13:59:21.632122
315VPPBEQ9,Vj58weDM8n,2026,mls,1747,0.8868,12,1,FB,NA,13.5346,2.07,0.7748,0.7147,0.1018,0.2807,0.2773,-0.0793,Tayvon Gray,2002-08-19,USA,New York City FC,664000,USD,2026-08-18 13:59:21.632122
315VPR6vQ9,mKAqBBmqbg,2026,mls,1501,12.1081,64,14,ST,NA,-21.9768,6.7221,0.588,-0.838,1.1752,3.8773,1.944,-0.0244,Petar Musa,1998-03-04,Croatia,FC Dallas,2880000,USD,2026-08-18 13:59:21.632122
315VPVXbQ9,YgOMngl5wN,2026,mls,362,0.3564,6,1,FB,NA,0.4754,0.5299,0.3095,-0.143,0.0736,0.2674,0.122,-0.0996,Ibrahim Aliyu,2002-01-16,Nigeria,Houston Dynamo FC,576379,USD,2026-08-18 13:59:21.632122
315VPZmnQ9,lgpMOvnQzy,2026,mls,581,0.9218,16,1,W,NA,-3.0718,1.6346,0.3572,-0.0023,0.0088,0.2665,0.4489,0.5555,Aziel Jackson,2001-10-25,USA,Vancouver Whitecaps FC,403680,USD,2026-08-18 13:59:21.632122
315VX4PEQ9,NPqxKXZ59d,2026,mls,770,0.3725,7,0,DM,NA,4.3461,0.6037,0.3313,-0.0821,0.0133,0.2088,0.1449,-0.0125,Luca De La Torre,1998-05-23,USA,Charlotte FC,1611827,USD,2026-08-18 13:59:21.632122
315VXO8XQ9,wvq9B9wQWn,2026,mls,1076,0.8438,8,1,FB,NA,1.3998,1.2257,0.2184,-0.1595,0.2366,0.7289,0.1939,0.0074,Tomas Totland,1999-09-28,Norway,St. Louis City SC,391763,USD,2026-08-18 13:59:21.632122
315VXyJXQ9,X0Oq66zq6D,2026,mls,1203,1.4086,12,1,FB,NA,-15.1959,1.6467,-0.0187,0.5135,-0.1076,0.678,0.3447,0.2368,Andrew Gutman,1996-10-02,USA,Chicago Fire FC,625000,USD,2026-08-18 13:59:21.632122
315VkJ1Yq9,"c(""zeQZBOzQKw"", ""pzeQZ6xQKw"")",2026,mls,134,0,0,0,CB,NA,3.3815,-0.3394,-0.1035,0.0388,-0.2842,0.0092,0,3e-4,Ian Murphy,2000-01-16,USA,NA,447500,USD,2026-08-18 13:59:21.632122
4JMARyP65K,Vj58weDM8n,2026,mls,198,0.2077,2,0,W,NA,-0.5772,0.2541,0.0702,0.027,-0.0353,0.1257,0.0596,0.0069,Arnau Farnós,2003-01-18,Spain,New York City FC,NA,NA,2026-08-18 13:59:21.632122
4JMAaRwPMK,YgOMngl5wN,2026,mls,1122,1.3446,13,2,CM,NA,32.623,1.2818,0.5046,0.1831,0.1441,0.517,0.2548,-0.3218,Héctor Herrera,1990-04-19,Mexico,Houston Dynamo FC,568750,USD,2026-08-18 13:59:21.632122
4JMAaogDMK,YgOMngl5wN,2026,mls,52,0,0,0,GK,NA,-1.6414,NA,NA,NA,NA,NA,NA,NA,Jimmy Maurer,1988-10-14,USA,Houston Dynamo FC,225000,USD,2026-08-18 13:59:21.632122
4JMAk1lYqK,a2lqRX2Mr0,2026,mls,124,0.1558,1,0,CM,NA,-5.8299,0.4764,0.235,0.0328,0.1317,0.094,0.0111,-0.0282,Nehuen Benedetti,2005-02-24,Argentina,New York Red Bulls,194800,USD,2026-08-18 13:59:21.632122
4JMAk2EkqK,zeQZkL1MKw,2026,mls,36,0,0,0,DM,NA,-0.2622,0.006300000000000003,0.0198,0.0035,-0.0052,-0.0121,0,3e-4,Alexander Shaw,2008-04-03,USA,Inter Miami CF,88025,USD,2026-08-18 13:59:21.632122
4JMAk3z9qK,APk5LGOMOW,2026,mls,1646,0,0,0,GK,NA,-2.2845,NA,NA,NA,NA,NA,NA,NA,Thomas Gillier,2004-05-28,Chile,CF Montréal,487000,USD,2026-08-18 13:59:21.632122
4JMAk7nkqK,kRQand1MKZ,2026,mls,703,1.1544,5,1,CB,NA,5.238,0.9319000000000001,0.2531,0.1541,-0.1497,0.4897,0.1557,0.029,Devin Padelford,2003-01-03,USA,Minnesota United FC,179500,USD,2026-08-18 13:59:21.632122
4JMAkkK1qK,0KPqjA456v,2026,mls,1621,9.4008,58,11,ST,NA,-21.7271,6.8107999999999995,0.4777,-0.7676,0.5742,4.4727,1.6597,0.3941,Preston Judd,1999-05-28,USA,San Jose Earthquakes,299375,USD,2026-08-18 13:59:21.632122
4JMAkzjkqK,gpMOLwl5zy,2026,mls,227,0.135,2,1,W,NA,-1.6216,0.484,0.044,0.2192,0.1393,0.0255,0.0493,0.0067,Ervin Torres,2007-11-14,USA,Austin FC,104525,USD,2026-08-18 13:59:21.632122
4JMAnx65Kg,lgpMOvnQzy,2026,mls,1262,4.3822,32,6,AM,NA,7.9304,2.8381,0.2131,0.3939,0.0771,1.1277,0.7484,0.2779,Thomas Müller,1989-09-13,Germany,Vancouver Whitecaps FC,5152504,USD,2026-08-18 13:59:21.632122
4JMAoJgYqK,a2lqRX2Mr0,2026,mls,1279,2.9537,35,2,W,NA,1.7577,3.7529,0.5515,-0.0852,0.7522,1.51,1.0288,-0.0044,Cade Cowell,2003-10-14,USA,New York Red Bulls,1182500,USD,2026-08-18 13:59:21.632122
4JMAoR9lqK,mKAqBBmqbg,2026,mls,1630,1.5081,12,1,CB,NA,21.3571,1.8097,1.1187,0.4253,-0.3106,0.678,0.2289,-0.3306,Osaze Urhoghide,2000-07-04,England,FC Dallas,643982,USD,2026-08-18 13:59:21.632122
4JMAolz1qK,"c(""gpMOLwl5zy"", ""APk5LGOMOW"")",2026,mls,685,0.1303,4,0,DM,NA,14.4662,0.7219,0.3895,0.2251,-0.001,0.0731,0.0237,0.0115,Dani Pereira,2000-07-14,Venezuela,NA,793750,USD,2026-08-18 13:59:21.632122
4JMAormOqK,WBLMvYAQxe,2026,mls,1511,1.2937,17,1,AM,NA,21.8585,3.3956999999999997,0.6696,0.4843,0.9732,0.8369,0.4592,-0.0275,David Da Costa,2001-01-05,Portugal,Portland Timbers FC,3425000,USD,2026-08-18 13:59:21.632122
4wM42Belqj,eVq3ya6MWO,2026,mls,1524,0.8338,10,2,CM,NA,25.1514,2.6701,1.1969,0.8033,-0.0121,0.3605,0.2606,0.0609,Mark Delgado,1995-05-16,USA,Los Angeles FC,1055000,USD,2026-08-18 13:59:21.632122
4wM46RpqjB,a2lqRX2Mr0,2026,mls,1507,5.5845,37,3,CM,NA,10.4611,4.3047,0.2869,0.8574,0.3281,1.7293,1.0828,0.0202,Emil Forsberg,1991-10-23,Sweden,New York Red Bulls,6035625,USD,2026-08-18 13:59:21.632122
4wM4E1og5j,19vQ2095K6,2026,mls,68,0,0,0,W,NA,-0.0751,-0.024799999999999996,0.0026,-0.0537,0.0123,0.017,0,-0.003,Malcolm Fry,2005-05-15,USA,New England Revolution,118960,USD,2026-08-18 13:59:21.632122
4wM4EBbB5j,EKXMeX3Q64,2026,mls,55,0.0521,1,0,ST,NA,0.1856,0.032799999999999996,0.0152,0.004,-0.0056,0.0191,1e-4,0,Gavin Turner,2007-01-05,USA,D.C. United,110259,USD,2026-08-18 13:59:21.632122
4wM4EmLl5j,zeQZkL1MKw,2026,mls,352,0.5928,5,0,W,NA,1.3136,0.44589999999999996,0.1706,-0.3516,0.0746,0.4593,0.11,-0.017,Daniel Pinter,2007-06-06,Hungary,Inter Miami CF,88025,USD,2026-08-18 13:59:21.632122
4wM4J01Nqj,zeQZkL1MKw,2026,mls,530,0,0,0,GK,NA,3.3937,NA,NA,NA,NA,NA,NA,NA,Rocco Rios Novo,2002-06-04,Argentina,Inter Miami CF,224100,USD,2026-08-18 13:59:21.632122
4wM4J0KNqj,EKXMeX3Q64,2026,mls,1672,2.7863,29,1,W,NA,-7.5474,3.4419,0.636,1.0925,0.046,1.0719,0.6281,-0.0326,Peglow,2002-01-07,Brazil,D.C. United,626312,USD,2026-08-18 13:59:21.632122
4wM4J8bNqj,gpMOLwl5zy,2026,mls,424,0,0,0,CM,NA,1.6571,0.28659999999999997,0.2638,-0.147,0.012,0.1164,0,0.0414,Owen Wolff,2004-12-30,USA,Austin FC,750000,USD,2026-08-18 13:59:21.632122
4wM4JGblqj,EKXMeX3Q64,2026,mls,311,0,0,0,CB,NA,-0.2546,0.2712968496,0.2476,0.019,0.0013,-3.1504e-6,0,0.0034,Sean Nealis,1997-01-13,USA,D.C. United,723750,USD,2026-08-18 13:59:21.632122
4wM4JZezqj,"c(""zeQZBOzQKw"", ""APk5LGOMOW"")",2026,mls,807,0.4438,8,1,W,NA,-1.1861,0.9647,0.7328,-0.3744,0.1221,0.308,0.1697,0.0065,Dagur Dan Thórhallsson,2000-05-02,Iceland,NA,530625,USD,2026-08-18 13:59:21.632122
4wM4Jgkgqj,KAqBN0Vqbg,2026,mls,735,1.3031,18,0,CM,NA,-8.3091,1.3416000000000001,0.5027,0.0881,-0.0177,0.4281,0.3456,-0.0052,Matías Galarza,2002-02-11,Paraguay,Atlanta United FC,945413,USD,2026-08-18 13:59:21.632122
4wM4JmKAqj,mKAqBBmqbg,2026,mls,771,2.1905,14,2,W,NA,1.6047,2.265,0.4301,0.4235,0.478,0.606,0.4096,-0.0822,Santiago Moreno,2000-04-21,Colombia,FC Dallas,938387,USD,2026-08-18 13:59:21.632122
4wM4JrbBqj,NWMWlBK5lz,2026,mls,1783,1.7524,18,5,CM,NA,14.2756,2.6632,0.8977,0.0712,0.0851,0.823,0.5306,0.2556,Pavel Bucha,1998-03-11,Czech Republic,FC Cincinnati,548774,USD,2026-08-18 13:59:21.632122
4wM4Jwdzqj,a2lqRX2Mr0,2026,mls,1397,0.5509,12,0,FB,NA,19.3866,2.4279,1.0462,0.6871,0.3589,0.1872,0.1692,-0.0207,Jahkeele Marshall-Rutty,2004-06-16,Canada,New York Red Bulls,473750,USD,2026-08-18 13:59:21.632122
4wM4JxWpqj,mKAqBBmqbg,2026,mls,490,0,0,0,GK,NA,-4.6845,NA,NA,NA,NA,NA,NA,NA,Jonathan Sirois,2001-06-27,Canada,FC Dallas,267625,USD,2026-08-18 13:59:21.632122
4wM4JxwBqj,0KPqjA456v,2026,mls,1833,2.5957,12,4,CB,NA,15.6553,2.7499000000000002,0.8522,0.8642,-0.637,1.3016,0.4267,-0.0578,Daniel Munie,2000-02-10,USA,San Jose Earthquakes,574000,USD,2026-08-18 13:59:21.632122
4wM4aNJN5j,"c(""mvzqoLZQap"", ""eVq3ya6MWO"")",2026,mls,581,0,0,0,FB,NA,4.7231,-0.1814,0.0912,0.0406,-0.0808,0.0326,0,-0.265,Yevhen Cheberko,1998-01-23,Ukraine,NA,658250,USD,2026-08-18 13:59:21.632122
4wM4aomy5j,pzeQZ6xQKw,2026,mls,683,0.1456,2,1,FB,NA,13.045,0.6666,0.3997,-0.1171,0.1347,0.1243,0.0817,0.0433,Reggie Cannon,1998-06-11,USA,Colorado Rapids,841500,USD,2026-08-18 13:59:21.632122
4wM4ep9N5j,a2lqRX2Mr0,2026,mls,173,1.5968,6,2,ST,NA,-2.7444,0.6555,-0.0016,-0.1618,0.0798,0.5899,0.1484,8e-4,Mijahir Jiménez,2007-03-28,Panama,New York Red Bulls,NA,NA,2026-08-18 13:59:21.632122
4wM4pewlMj,9z5k7Yg5A3,2026,mls,19,0,0,0,ST,NA,-0.1604,0.0132,0,-0.004,0.0125,0.0047,0,0,Sal Olivas,2006-07-11,USA,Philadelphia Union,137480,USD,2026-08-18 13:59:21.632122
7VqG008YQv,eVq3ya6MWO,2026,mls,672,0.1825,6,1,DM,NA,5.1894,0.9071,0.6349,0.1519,0.074,0.1281,0.124,-0.2058,Stephen Eustáquio,1996-12-21,Canada,Los Angeles FC,1800000,USD,2026-08-18 13:59:21.632122
7VqG07YAQv,lgpMOvnQzy,2026,mls,1700,0,0,0,GK,NA,5.7834,NA,NA,NA,NA,NA,NA,NA,Yohei Takaoka,1996-03-16,Japan,Vancouver Whitecaps FC,841818,USD,2026-08-18 13:59:21.632122
7VqG080xQv,kRQabn8MKZ,2026,mls,85,0.0546,1,0,CB,NA,1.8304,0.0422,-0.0682,0.0131,0.0234,0.0344,0.0395,0,Nicksoen Gomis,2002-03-15,France,Toronto FC,113400,USD,2026-08-18 13:59:21.632122
7VqG08vjQv,zeQZkL1MKw,2026,mls,334,0.0815,2,0,DM,NA,0.4781,0.4794,0.2945,0.1515,0.0114,0.0198,0.0197,-0.0175,David Ayala,2002-07-26,Argentina,Inter Miami CF,771000,USD,2026-08-18 13:59:21.632122
7VqG08wXQv,APk5LGOMOW,2026,mls,900,2.3507,21,4,AM,NA,-1.2032,1.8094999999999999,0.4527,0.3349,-0.2657,0.6682,0.5174,0.102,Wikelman Carmona,2003-02-24,Venezuela,CF Montréal,555000,USD,2026-08-18 13:59:21.632122
7VqG0GzzQv,WBLMvYAQxe,2026,mls,579,2.0865,17,1,W,NA,0.864,1.2066000000000001,0.2614,-0.2359,0.4136,0.3803,0.4053,-0.0181,Alexander Aravena,2002-09-06,Chile,Portland Timbers FC,1026310,USD,2026-08-18 13:59:21.632122
7VqG0Z6YQv,mvzqoLZQap,2026,mls,145,0.0228,1,0,CM,NA,0.3034,0.1214,0.0518,-0.0431,0.0717,0.0019,0.0453,-0.0062,Tarun Karumanchi,2003-04-01,USA,Columbus Crew,NA,NA,2026-08-18 13:59:21.632122
7VqG0ZGYQv,a2lqR4JMr0,2026,mls,1010,2.2231,21,4,AM,NA,10.7599,3.1307,0.4954,0.8134,0.4344,0.8059,0.5173,0.0643,Diego Luna,2003-09-07,USA,Real Salt Lake,500833,USD,2026-08-18 13:59:21.632122
7VqG0jDzQv,X0Oq66zq6D,2026,mls,1434,3.0937,26,3,W,NA,11.4955,3.9137,0.6605,0.2302,0.7859,1.4377,0.8301,-0.0307,Maren Haile-Selassie,1999-03-13,Switzerland,Chicago Fire FC,483500,USD,2026-08-18 13:59:21.632122
7VqG3Vmjqv,vzqoOgNqap,2026,mls,743,0.915,8,1,CM,NA,7.7127,1.6171,0.5008,0.2022,0.1906,0.4666,0.2025,0.0544,Patrick Yazbek,2002-04-05,Australia,Nashville SC,616013,USD,2026-08-18 13:59:21.632122
7VqG3dLjqv,eVq3ya6MWO,2026,mls,205,0.1691,2,0,FB,NA,1.7524,0.2144,0.0176,0.0587,0.06,0.0287,0.044,0.0054,Artem Smoliakov,2003-05-29,Ukraine,Los Angeles FC,613297,USD,2026-08-18 13:59:21.632122
7VqG3kazqv,19vQ2095K6,2026,mls,9,0,0,0,FB,NA,-0.8973,-0.06780000000000001,0,-0.0162,-0.0937,0.0445,0,-0.0024,Cristiano Oliveira,2008-03-30,USA,New England Revolution,99025,USD,2026-08-18 13:59:21.632122
7VqG3l0xqv,zeQZBOzQKw,2026,mls,458,0.1255,3,1,DM,NA,22.4114,0.9437,0.2369,0.5719,0.0416,0.1081,0.0661,-0.0809,Pedro Soma,2006-06-30,USA,San Diego FC,325453,USD,2026-08-18 13:59:21.632122
7VqGLJn6Qv,APk5LGOMOW,2026,mls,918,4.9079,38,1,W,NA,-13.9737,4.1604,0.4835,-0.07,0.8031,1.6722,0.9806,0.291,Hennadiy Synchuk,2006-07-10,Ukraine,CF Montréal,606000,USD,2026-08-18 13:59:21.632122
7VqGLa36Qv,pzeQZ6xQKw,2026,mls,16,0,0,0,W,NA,0.0502,-0.009899999999999999,0,-0.0059,-0.0043,3e-4,0,0,Kimani Stewart-Baynes,2005-01-17,Canada,Colorado Rapids,116000,USD,2026-08-18 13:59:21.632122
7VqGZdjW5v,kRQabn8MKZ,2026,mls,17,0,0,0,W,NA,-0.0549,-0.0023,0.0116,-0.0171,-0.0096,0.0128,0,0,Fletcher Bank,2003-05-01,USA,Toronto FC,NA,NA,2026-08-18 13:59:21.632122
7VqGj3RA5v,APk5LGOMOW,2026,mls,694,0.0185,1,0,DM,NA,12.8019,0.9215,0.5577,0.3124,-0.002,0.0631,0.0177,-0.0274,Samuel Piette,1994-11-12,Canada,CF Montréal,621016,USD,2026-08-18 13:59:21.632122
7VqGjBpz5v,EKXMeX3Q64,2026,mls,520,0.7712,9,1,W,NA,-4.4354,0.9145,0.243,0.2498,-0.0283,0.2928,0.2199,-0.0627,Jared Stroud,1996-07-10,USA,D.C. United,467500,USD,2026-08-18 13:59:21.632122
7VqGjEpj5v,zeQZkL1MKw,2026,mls,1497,8.2738,33,7,ST,NA,-0.2893,3.7032,0.4271,-1.2685,-0.5955,3.8648,0.9845,0.2908,Germán Berterame,1998-11-13,Argentina,Inter Miami CF,3824200,USD,2026-08-18 13:59:21.632122
7VqGjRDY5v,YgOMngl5wN,2026,mls,823,0.0774,2,0,CM,NA,16.0376,0.4472000000000001,0.6881,0.0415,-0.1251,0.0636,0.0384,-0.2593,Diadie Samassékou,1996-01-11,Mali,Houston Dynamo FC,771871,USD,2026-08-18 13:59:21.632122
7VqGmYJAMv,mvzqoLZQap,2026,mls,948,0.6273,10,0,CM,NA,22.3894,1.7258,0.7164,0.6139,-0.0416,0.22,0.218,-9e-4,André Gomes,1993-07-30,Portugal,Columbus Crew,971944,USD,2026-08-18 13:59:21.632122
7VqGmob3Mv,9z5k7Yg5A3,2026,mls,1846,0,0,0,GK,NA,21.2012,NA,NA,NA,NA,NA,NA,NA,Andre Blake,1990-11-21,Jamaica,Philadelphia Union,1181250,USD,2026-08-18 13:59:21.632122
7VqGpdjQvW,jYQJ8EW5GR,2026,mls,411,1.0747,12,1,ST,NA,4.9287,1.8035999999999999,0.1814,0.4513,0.2261,0.5417,0.3514,0.0517,Antoine Griezmann,1991-03-21,France,Orlando City SC,NA,NA,2026-08-18 13:59:21.632122
7vQ73orEQD,a2lqR4JMr0,2026,mls,1012,0.1325,3,0,CB,NA,16.8911,1.0924,0.5097,0.4308,0.1263,0.0174,0.0332,-0.025,DeAndre Yedlin,1993-07-09,USA,Real Salt Lake,726667,USD,2026-08-18 13:59:21.632122
7vQ7BmAzqD,jYQJ19EqGR,2026,mls,927,0.2616,6,1,DM,NA,-3.2145,0.6359,0.3426,-0.0061,-0.1194,0.2892,0.1714,-0.0418,Hassani Dotson,1997-08-06,USA,Seattle Sounders FC,828125,USD,2026-08-18 13:59:21.632122
7vQ7J8JYqD,kaDQ0wRqEv,2026,mls,1422,6.5032,33,4,W,NA,3.9595,5.171399999999999,0.3618,0.0084,1.4264,2.1832,0.9789,0.2127,Joseph Paintsil,1998-02-01,Ghana,LA Galaxy,4502000,USD,2026-08-18 13:59:21.632122
7vQ7eNPO5D,a2lqRX2Mr0,2026,mls,431,1.3584,10,1,W,NA,-9.2069,0.791,0.2174,-0.3408,0.3611,0.3278,0.2574,-0.0319,Mohammed Sofo,2004-11-30,Ghana,New York Red Bulls,208000,USD,2026-08-18 13:59:21.632122
7vQ7ew0z5D,NPqxKXZ59d,2026,mls,364,0.7337,7,0,W,NA,-2.9743,0.7729,0.2169,-0.5423,0.273,0.6974,0.1213,0.0066,Rodolfo Aloko,2006-12-26,Benin,Charlotte FC,251667,USD,2026-08-18 13:59:21.632122
7vQ7rA7YqD,19vQ2095K6,2026,mls,1840,0.7206,11,1,FB,NA,4.7879,1.9562000000000002,0.9239,-0.1681,0.3104,0.5822,0.2123,0.0955,Will Sands,2000-07-06,USA,New England Revolution,333333,USD,2026-08-18 13:59:21.632122
7vQ7rKGYqD,jYQJ19EqGR,2026,mls,1822,0,0,0,GK,NA,-10.7556,NA,NA,NA,NA,NA,NA,NA,Andrew Thomas,1998-09-01,USA,Seattle Sounders FC,252500,USD,2026-08-18 13:59:21.632122
7vQ7rVvGqD,Vj58weDM8n,2026,mls,1050,0.7744,4,0,FB,NA,11.5701,0.8198,0.5968,-0.1254,0.1025,0.3973,0.0954,-0.2468,Kevin O'Toole,1998-12-14,USA,New York City FC,323333,USD,2026-08-18 13:59:21.632122
7vQ7w3kLQD,0KPqjA456v,2026,mls,176,0,0,0,CB,NA,2.123,0.14,0.0685,0.0651,0.0102,-0.0012,0,-0.0026,Max Floriani,2003-02-06,USA,San Jose Earthquakes,90525,USD,2026-08-18 13:59:21.632122
7vQ7wYXeQD,Vj58weDM8n,2026,mls,903,0,0,0,FB,NA,2.6159,0.3684,0.0385,0.167,0.0086,0.1471,0,0.0072,Nico Cavallo,2001-12-27,USA,New York City FC,115248,USD,2026-08-18 13:59:21.632122
7vQ7x6aOMD,lgpMOvnQzy,2026,mls,1269,2.9649,11,1,W,NA,22.2683,3.4685,0.7193,-0.3422,0.3342,1.8477,0.4344,0.4751,Jeevan Badwal,2006-03-11,Canada,Vancouver Whitecaps FC,113400,USD,2026-08-18 13:59:21.632122
7vQ7xGkYMD,zeQZBOzQKw,2026,mls,1334,0.244,3,0,FB,NA,15.6675,0.5065000000000001,0.3946,-0.2296,-0.0078,0.2119,0.1071,0.0303,Oscar Verhoeven,2006-05-31,USA,San Diego FC,188395,USD,2026-08-18 13:59:21.632122
7vQ7xNzdMD,9z5k7Yg5A3,2026,mls,1414,1.0454,19,0,FB,NA,-14.8668,3.0761,0.6638,1.1264,0.0828,0.6615,0.4452,0.0964,Frankie Westfield,2005-12-09,USA,Philadelphia Union,125285,USD,2026-08-18 13:59:21.632122
7vQ7xWmYMD,lgpMOvnQzy,2026,mls,1517,0.5906,13,1,FB,NA,5.571,3.2539000000000002,1.59,0.4344,-0.0156,0.6724,0.2917,0.281,Édier Ocampo,2003-10-03,Colombia,Vancouver Whitecaps FC,453799,USD,2026-08-18 13:59:21.632122
7vQ7xgKOMD,X0Oq66zq6D,2026,mls,50,0,0,0,DM,NA,3.1525,-0.017200000000000003,-0.0444,0.0438,0.0186,0.0018,0,-0.037,Sergio Oregel,2005-05-16,USA,Chicago Fire FC,392500,USD,2026-08-18 13:59:21.632122
7vQ7xpBzMD,mvzqoLZQap,2026,mls,1455,1.8516,18,1,CM,NA,10.1077,3.5137,1.1609,0.5406,0.3772,0.7469,0.4488,0.2393,Taha Habroune,2006-02-05,USA,Columbus Crew,152000,USD,2026-08-18 13:59:21.632122
9Yqd4X9qvJ,kRQand1MKZ,2026,mls,220,0.3342,9,0,AM,NA,5.8591,0.9703999999999999,0.0882,0.722,-0.1675,0.1861,0.1235,0.0181,James Rodríguez,1991-07-12,Colombia,Minnesota United FC,684000,USD,2026-08-18 13:59:21.632122
9Yqd6yrkMv,KAqBN0Vqbg,2026,mls,64,0.4125,3,0,W,NA,-1.671,0.1461,-0.0013,-0.0818,0.1101,0.0831,0.0402,-0.0042,Sergio Santos,1994-09-04,Brazil,Atlanta United FC,171000,USD,2026-08-18 13:59:21.632122
9YqdWjPm5v,jYQJ8EW5GR,2026,mls,737,0.8324,6,1,DM,NA,-5.946,0.4567,0.3898,0.1048,-0.0511,0.1396,0.1434,-0.2698,Luis Otávio,2007-04-12,Brazil,Orlando City SC,569000,USD,2026-08-18 13:59:21.632122
9YqdY2mRQv,eVq3ya6MWO,2026,mls,1249,0.4031,12,2,CM,NA,7.0073,2.0904,0.7411,0.6958,0.2957,0.0979,0.2806,-0.0207,Mathieu Choinière,1999-02-07,Canada,Los Angeles FC,725000,USD,2026-08-18 13:59:21.632122
9YqddY89qv,mvzqoLZQap,2026,mls,105,0.0445,1,0,CB,NA,2.2778,0.1434,0.0522,0.0161,0.0298,-0.0019,0.0461,0.0011,Cesar Ruvalcaba,2001-07-13,USA,Columbus Crew,113400,USD,2026-08-18 13:59:21.632122
9YqdoXJL5v,vzqoOgNqap,2026,mls,303,0.5216,6,0,ST,NA,-4.6591,0.3037,0.0605,-0.0077,-0.1445,0.2852,0.1054,0.0048,Woobens Pacius,2001-05-11,Canada,Nashville SC,113400,USD,2026-08-18 13:59:21.632122
9Yqdwg885v,NWMWlBK5lz,2026,mls,352,0.0139,1,0,CB,NA,0.5373,0.4719010472,0.4319,0.0949,-0.049,0.066,1.0472e-6,-0.0719,Gilberto Flores,2003-04-01,Paraguay,FC Cincinnati,436672,USD,2026-08-18 13:59:21.632122
9Yqdwlrj5v,jYQJ8EW5GR,2026,mls,789,1.1061,15,2,W,NA,-1.7405,1.2987,0.1457,0.0883,0.1199,0.6249,0.4401,-0.1202,Marco Pašalić,2000-09-14,Croatia,Orlando City SC,1650667,USD,2026-08-18 13:59:21.632122
9vQ229oLQK,kaDQ0wRqEv,2026,mls,511,1.1501,18,1,W,NA,3.9759,1.4093,0.1892,-0.0931,0.513,0.2427,0.4824,0.0751,Erik Thommy,1994-08-20,Germany,LA Galaxy,706667,USD,2026-08-18 13:59:21.632122
9vQ22BR7QK,jYQJ19EqGR,2026,mls,1292,3.4242,22,2,W,NA,-15.0334,2.7247,0.8525,-0.2706,0.4822,1.0284,0.6559,-0.0237,Jesús Ferreira,2000-12-24,USA,Seattle Sounders FC,1882937,USD,2026-08-18 13:59:21.632122
9vQ22OOoQK,19vQ2095K6,2026,mls,234,0.0489,1,0,CM,NA,2.7052,0.3769,0.1584,0.148,-0.0615,0.1427,0.0254,-0.0361,Jackson Yueill,1997-03-19,USA,New England Revolution,1141087,USD,2026-08-18 13:59:21.632122
9vQ22jRLQK,vzqoOgNqap,2026,mls,1565,0.7796,7,0,FB,NA,-18.9232,1.4127,0.5871,0.3807,0.0688,0.5278,0.1657,-0.3174,Daniel Lovitz,1991-08-27,USA,Nashville SC,427500,USD,2026-08-18 13:59:21.632122
9vQ22nALQK,APk5LGOMOW,2026,mls,639,3.1054,18,2,ST,NA,-3.1382,1.5638,-0.2064,-0.2719,-0.4266,1.8537,0.4539,0.1611,Daniel Ríos,1995-02-22,Mexico,CF Montréal,237066,USD,2026-08-18 13:59:21.632122
9vQ22pVaQK,19vQ2095K6,2026,mls,974,0.361,8,0,DM,NA,19.6157,1.4173,0.3259,0.4692,0.0742,0.3551,0.2024,-0.0095,Matt Polster,1993-06-08,USA,New England Revolution,733333,USD,2026-08-18 13:59:21.632122
9vQ248BL5K,NPqxKXZ59d,2026,mls,1523,6.5052,26,5,ST,NA,0.0054,3.9024,0.4759,-0.7,-0.5979,3.6706,0.7305,0.3233,Idan Toklomati,2004-08-09,Israel,Charlotte FC,781500,USD,2026-08-18 13:59:21.632122
9vQ24Gkx5K,Vj58weDM8n,2026,mls,1679,3.7376,28,5,W,NA,13.9205,4.4102,0.1694,-0.4572,0.9946,2.2597,0.9446,0.4991,Agustín Ojeda,2004-06-19,Argentina,New York City FC,607833,USD,2026-08-18 13:59:21.632122
9vQ2N9NYQK,mvzqoLZQap,2026,mls,85,1.0316,4,1,ST,NA,0.5754,0.3993,0.1307,-0.0354,-0.0769,0.25,0.1299,0.001,Chase Adams,2008-04-17,USA,Columbus Crew,114303,USD,2026-08-18 13:59:21.632122
9vQ2NW1oQK,Z2vQ1xlqrA,2026,mls,232,0.0229,1,0,CB,NA,0.8028,-0.6795,-0.8033,0.0568,0.0513,0.024,0.0107,-0.019,Diego Borges,2004-12-15,Brazil,Sporting Kansas City,330000,USD,2026-08-18 13:59:21.632122
9vQ2NWOYQK,jYQJ8EW5GR,2026,mls,32,0,0,0,W,NA,1.0553,0.0019999999999999974,0.0042,0.0327,-0.065,0.0247,0,0.0054,Yutaro Tsukada,2001-07-28,Japan,Orlando City SC,113400,USD,2026-08-18 13:59:21.632122
9vQ2Z3doQK,mKAqBBmqbg,2026,mls,303,0.7596,6,1,FB,NA,4.2237,0.7966,0.3069,0.0123,0.1385,0.2259,0.1315,-0.0185,Louicius Don Deedson,2001-02-11,Haiti,FC Dallas,450319,USD,2026-08-18 13:59:21.632122
9vQ2ZDwaQK,lgpMOvnQzy,2026,mls,130,0.3807,3,0,DM,NA,3.2579,0.3357,0.0224,0.1729,-0.1321,0.1983,0.08,-0.0058,J.C. Ngando,1999-11-20,Cameroon,Vancouver Whitecaps FC,200000,USD,2026-08-18 13:59:21.632122
9vQ2ZEYoQK,Vj58weDM8n,2026,mls,98,0,0,0,FB,NA,1.4848,0.1119,0.0808,0.0461,-0.0174,0.0029,0,-5e-4,Strahinja Tanasijević,1997-06-12,Serbia,New York City FC,368750,USD,2026-08-18 13:59:21.632122
9vQ2ZNGLQK,9z5k7Yg5A3,2026,mls,514,0.256,6,1,FB,NA,6.7056,0.6029,0.0969,0.3995,-0.2252,0.1044,0.1706,0.0567,Ben Bender,2001-03-07,USA,Philadelphia Union,149667,USD,2026-08-18 13:59:21.632122
9vQ2ZjbmQK,gpMOLwl5zy,2026,mls,538,0.9685,8,2,W,NA,1.7102,0.9686,0.0978,0.1017,0.1997,0.3406,0.226,0.0028,Jayden Nelson,2002-09-26,Canada,Austin FC,554000,USD,2026-08-18 13:59:21.632122
9vQ2ZlkaQK,KAqBN0Vqbg,2026,mls,639,0.0193,1,0,FB,NA,-2.9285,0.07210000000000003,0.2998,-0.1941,-0.0042,0.0398,0.0091,-0.0783,Matthew Edwards,2003-02-17,USA,Atlanta United FC,113400,USD,2026-08-18 13:59:21.632122
9vQ2ZoR7QK,mvzqoLZQap,2026,mls,998,1.0854,12,0,FB,NA,15.6855,1.0444,0.1967,0.0414,-0.1321,0.7706,0.19,-0.0222,Andrés Herrera,1998-11-03,Argentina,Columbus Crew,727632,USD,2026-08-18 13:59:21.632122
9vQ2d66e5K,KAqBN0Vqbg,2026,mls,969,0.1539,3,0,CB,NA,14.4073,1.5472000000000001,0.9302,0.3902,-0.0604,0.2827,0.0479,-0.0434,Stian Gregersen,1995-05-17,Norway,Atlanta United FC,970000,USD,2026-08-18 13:59:21.632122
9z5k33zb5A,Vj58weDM8n,2026,mls,228,1.304,3,1,W,NA,-2.6388,0.4818,0.0487,-0.0242,0.132,0.3148,0.0053,0.0052,Benie Traore,2002-11-30,Ivory Coast,New York City FC,NA,NA,2026-08-18 13:59:21.632122
9z5k3nlg5A,zeQZBOzQKw,2026,mls,35,0.0924,1,0,W,NA,0.7518,0.08589999999999999,0.0059,0.0503,0.0027,0.0017,0.0249,4e-4,Anisse Saidi,2008-06-20,USA,San Diego FC,101915,USD,2026-08-18 13:59:21.632122
9z5k3r7a5A,X0Oq66zq6D,2026,mls,58,0,0,0,CB,NA,-0.5646,-0.0263,-0.017,0.0073,-0.0152,-0.0014,0,0,Christopher Cupps,2008-05-26,USA,Chicago Fire FC,116186,USD,2026-08-18 13:59:21.632122
9z5k71be5A,0KPqjA456v,2026,mls,528,0.2784,4,1,FB,NA,-6.6026,0.2522,0.1529,0.0938,0.0772,0.0792,0.1141,-0.265,Dave Romney,1993-06-12,USA,San Jose Earthquakes,962375,USD,2026-08-18 13:59:21.632122
9z5k76Yd5A,a2lqR4JMr0,2026,mls,406,0.1742,3,0,FB,NA,4.0546,-0.00839999999999999,-0.3574,0.1656,0.0325,0.1246,0.0693,-0.043,Alexandros Katranis,1998-05-04,Greece,Real Salt Lake,519875,USD,2026-08-18 13:59:21.632122
9z5k7rej5A,gpMOLwl5zy,2026,mls,387,1.1074,13,0,ST,NA,-0.6862,1.2125,0.1816,-0.2294,0.0711,0.8966,0.2806,0.012,Brandon Vázquez,1998-10-14,NA,Austin FC,3701778,USD,2026-08-18 13:59:21.632122
9z5kGga5A3,EKXMeX3Q64,2026,mls,1947,0,0,0,GK,NA,-27.3844,NA,NA,NA,NA,NA,NA,NA,Sean Johnson,1989-05-31,USA,D.C. United,883475,USD,2026-08-18 13:59:21.632122
9z5kWANg5A,jYQJ8EW5GR,2026,mls,12,0,0,0,AM,NA,-0.4148,0.058300000000000005,0.0018,-0.0119,0.035,0.0112,0,0.0222,Pedrinho,2006-06-28,Brazil,Orlando City SC,NA,NA,2026-08-18 13:59:21.632122
9z5kWdVP5A,zeQZkL1MKw,2026,mls,14,0.0323,1,0,W,NA,-0.3788,0.0084,0,-0.0165,-0.0083,0.0035,0.0297,0,Lovens Delinois,2004-10-05,Haiti,Inter Miami CF,NA,NA,2026-08-18 13:59:21.632122
9z5ka8adQA,lgpMOvnQzy,2026,mls,232,1.0263,10,2,W,NA,7.9588,0.8511,0.0458,-0.0267,0.0198,0.4733,0.3246,0.0143,Ryan Gauld,1995-12-16,Scotland,Vancouver Whitecaps FC,3675000,USD,2026-08-18 13:59:21.632122
9z5karAKQA,NWMWlBK5lz,2026,mls,982,0.7059,10,1,CB,NA,7.9594,2.2631,0.9849,0.67,-0.0861,0.4418,0.239,0.0135,Nick Hagglund,1992-09-14,USA,FC Cincinnati,130067,USD,2026-08-18 13:59:21.632122
9z5kb8dJMA,Vj58weDM8n,2026,mls,1092,0.5454,7,0,CB,NA,4.1004,1.1326,0.3512,0.4664,-0.0297,0.2657,0.1117,-0.0327,Raul Gustavo,1999-04-24,Brazil,New York City FC,812960,USD,2026-08-18 13:59:21.632122
9z5kbYGaMA,KAqBN0Vqbg,2026,mls,101,0,0,0,DM,NA,3.2949,0.097,0.0586,0.0302,0.0067,-5e-4,0,0.002,Adrian Gill,2006-01-03,USA,Atlanta United FC,88025,USD,2026-08-18 13:59:21.632122
9z5kbnmdMA,Z2vQ1xlqrA,2026,mls,1367,0.552,8,1,CM,NA,16.3779,3.1357,1.5273,0.9097,0.3111,0.1961,0.1959,-0.0044,Lasse Berg Johnsen,1999-08-18,Norway,Sporting Kansas City,1191250,USD,2026-08-18 13:59:21.632122
BLMv1GlQxe,jYQJ19EqGR,2026,mls,1438,4.2868,31,3,AM,NA,13.5769,3.1032,0.2656,0.5039,0.638,1.0414,0.641,0.0133,Albert Rusnák,1994-07-07,Slovakia,Seattle Sounders FC,2685000,USD,2026-08-18 13:59:21.632122
BLMv64wlMx,zeQZBOzQKw,2026,mls,1230,0.0174,1,0,GK,NA,6.5098,NA,NA,NA,NA,NA,NA,NA,Duran Michael Ferree,2006-09-28,USA,San Diego FC,113400,USD,2026-08-18 13:59:21.632122
BLMv6ZyRMx,0KPqjA456v,2026,mls,1071,3.3373,22,2,AM,NA,7.1508,3.0275,0.2581,0.6574,0.5048,0.7587,0.5879,0.2606,Niko Tsakiris,2005-06-19,USA,San Jose Earthquakes,755214,USD,2026-08-18 13:59:21.632122
BLMv6dWAMx,Vj58weDM8n,2026,mls,48,0,0,0,FB,NA,0.4296,0.0672,0.0151,0.0327,0.0011,0.0176,0,7e-4,Andrew Baiera,2007-02-28,USA,New York City FC,119336,USD,2026-08-18 13:59:21.632122
BLMv6j1AMx,X0Oq66zq6D,2026,mls,1337,0.4362,8,1,CM,NA,2.4038,1.1843,0.8693,0.3445,-0.0599,0.0956,0.1859,-0.2511,Djé D'Avilla,2003-05-05,Ivory Coast,Chicago Fire FC,685486,USD,2026-08-18 13:59:21.632122
BLMv7DLA5x,pzeQZ6xQKw,2026,mls,1056,3.1998,21,3,W,NA,-5.4193,2.0728,0.2406,-0.1081,-0.0037,1.2452,0.6359,0.0629,Darren Yapi,2004-11-19,USA,Colorado Rapids,820000,USD,2026-08-18 13:59:21.632122
BLMv7oaB5x,NPqxKXZ59d,2026,mls,889,1.3984,7,0,DM,NA,15.9248,1.3236,0.312,0.0429,0.269,0.6997,0.191,-0.191,Djibril Diani,1998-02-11,France,Charlotte FC,387944,USD,2026-08-18 13:59:21.632122
BLMva87Qxe,wvq9B9wQWn,2026,mls,1714,0,0,0,GK,NA,10.9556,NA,NA,NA,NA,NA,NA,NA,Roman Bürki,1990-11-14,Switzerland,St. Louis City SC,2750000,USD,2026-08-18 13:59:21.632122
BLMvkAAR5x,9z5k7Yg5A3,2026,mls,1709,2.6003,20,3,CM,NA,4.5047,3.9051,1.1916,0.7334,0.4286,1.3418,0.2611,-0.0514,Danley Jean Jacques,2000-05-20,Haiti,Philadelphia Union,702500,USD,2026-08-18 13:59:21.632122
BLMvl1JWqx,NPqxKXZ59d,2026,mls,53,0.0822,1,0,W,NA,2.5228,0.2134,0.0064,0.1056,0.0341,0.0384,0.0275,0.0014,Allan Saint-Maximin,1997-03-12,France,Charlotte FC,NA,NA,2026-08-18 13:59:21.632122
BLMvrD73Mx,EKXMeX3Q64,2026,mls,82,0,0,0,W,NA,2.6446,0.1314,0.0687,0.0519,0.0022,-0.0081,0,0.0167,Kimito Nono,2002-03-26,Japan,D.C. United,NA,NA,2026-08-18 13:59:21.632122
BLMvzGl8Mx,19vQ2095K6,2026,mls,108,0.3739,3,1,ST,NA,-3.1903,-0.13690000000000005,0.0289,-0.2393,-0.4768,0.47,0.0823,-0.002,Wilson Harris,1999-11-28,USA,New England Revolution,NA,NA,2026-08-18 13:59:21.632122
BLMvzyGjMx,KAqBN0Vqbg,2026,mls,1025,4.0869,24,2,ST,NA,1.6387,2.1397999999999997,0.4792,-0.9252,-0.2154,2.2087,0.5816,0.0109,Emmanuel Latte Lath,1999-01-01,Ivory Coast,Atlanta United FC,3736000,USD,2026-08-18 13:59:21.632122
EGMP1jAA5a,APk5LGOMOW,2026,mls,10,0,0,0,DM,NA,0.2455,-0.009300000000000001,0,-0.0125,0.003,2e-4,0,0,Frankie Amaya,2000-09-26,USA,CF Montréal,NA,NA,2026-08-18 13:59:21.632122
EGMP1vxy5a,WBLMvYAQxe,2026,mls,1743,4.1561,51,4,W,NA,-24.0412,4.5228,0.7908,-0.4079,1.2134,1.5146,1.2491,0.1628,Kristoffer Velde,1999-09-09,Norway,Portland Timbers FC,3027000,USD,2026-08-18 13:59:21.632122
EGMP4WVMaY,eVq3ya6MWO,2026,mls,1715,0,0,0,GK,NA,-11.2317,NA,NA,NA,NA,NA,NA,NA,Hugo Lloris,1986-12-26,France,Los Angeles FC,800000,USD,2026-08-18 13:59:21.632122
EGMPR64xqa,pzeQZ6xQKw,2026,mls,428,0.0799,1,0,CB,NA,4.8292,0.7205,0.2126,0.3541,0.0143,0.1308,0.0124,-0.0037,Noah Cobb,2005-07-20,NA,Colorado Rapids,130000.04,USD,2026-08-18 13:59:21.632122
EGMPRAgxqa,X0Oq66zq6D,2026,mls,116,0.1786,3,0,FB,NA,-1.058,0.5101,0.4142,-0.0931,0.1213,0.0517,0.0351,-0.0191,Dylan Borso,2006-06-02,USA,Chicago Fire FC,121400,USD,2026-08-18 13:59:21.632122
EGMPREorqa,a2lqR4JMr0,2026,mls,193,0.037,1,0,CM,NA,0.6897,0.08420000000000001,0.0568,-0.0319,0.0264,0.0145,0.012,0.0064,Luca Moisa,2008-04-20,USA,Real Salt Lake,113400,USD,2026-08-18 13:59:21.632122
EGMPRgDAqa,"c(""19vQ2095K6"", ""APk5LGOMOW"")",2026,mls,786,0.6129,3,2,CB,NA,0.3086,1.0772,0.4846,0.1948,0.0907,0.316,0.0871,-0.096,Brayan Ceballos,2001-05-24,Colombia,NA,855625,USD,2026-08-18 13:59:21.632122
EGMPRpB0qa,19vQ2095K6,2026,mls,979,2.3037,22,3,W,NA,-7.2826,2.0888999999999998,0.3423,-0.4808,0.6526,0.8862,0.6963,-0.0077,Luca Langoni,2002-02-09,Argentina,New England Revolution,787283,USD,2026-08-18 13:59:21.632122
EGMPRw86qa,a2lqRX2Mr0,2026,mls,1316,0.3135,5,0,FB,NA,-12.1755,0.5838,0.3943,0.0885,-0.115,0.0889,0.1174,0.0097,Matthew Dos Santos,2008-06-05,USA,New York Red Bulls,104756,USD,2026-08-18 13:59:21.632122
EGMPRxR4qa,zeQZBOzQKw,2026,mls,35,0,0,0,FB,NA,1.7547,0.0313,0,0.0313,-0.0128,0.0128,0,0,Willy Kumado,2002-10-16,Ghana,San Diego FC,125835,USD,2026-08-18 13:59:21.632122
EGMPYkGA5a,kRQand1MKZ,2026,mls,17,0,0,0,FB,NA,-0.5957,0.0117,0.0159,-0.01,0.0041,0.0017,0,0,Kieran Chandler,2005-06-09,USA,Minnesota United FC,88025,USD,2026-08-18 13:59:21.632122
EGMPZ0m3qa,WBLMvYAQxe,2026,mls,85,0.1759,2,1,FB,NA,2.3954,0.2091,0.0251,0.0442,0.0535,0.0402,0.0667,-0.0206,Juan Mosquera,2002-09-05,Colombia,Portland Timbers FC,541650,USD,2026-08-18 13:59:21.632122
EGMPZZa3qa,jYQJ19EqGR,2026,mls,583,0.4881,7,0,FB,NA,0.8022,0.5427,0.0635,0.2047,0.0669,0.1952,0.1164,-0.104,Peter Kingston,2001-07-14,USA,Seattle Sounders FC,113400,USD,2026-08-18 13:59:21.632122
EGMPZlYrqa,Z2vQ1xlqrA,2026,mls,581,0.0625,1,0,CB,NA,0.1913,1.044,0.8651,0.122,0.0069,0.0117,0.0454,-0.0071,Jansen Miller,2002-02-10,USA,Sporting Kansas City,89705,USD,2026-08-18 13:59:21.632122
EGMPlOjkMa,WBLMvYAQxe,2026,mls,544,2.1112,11,4,ST,NA,-1.4234,1.1003,0.2487,-0.3356,-0.1213,1.0541,0.2678,-0.0134,Felipe Mora,1993-08-02,Chile,Portland Timbers FC,1397750,USD,2026-08-18 13:59:21.632122
EGMPn03kqa,kaDQ0wRqEv,2026,mls,127,0,0,0,CM,NA,-0.3292,0.2741,0.265,-0.0249,0.0145,0.0232,0,-0.0037,Isaiah Parente,2000-03-16,USA,LA Galaxy,113400,USD,2026-08-18 13:59:21.632122
EGMPn164qa,jYQJ8EW5GR,2026,mls,115,0.0197,1,0,DM,NA,0.6404,0.1314,0.0849,-0.0037,0.0431,0.023,1e-4,-0.016,Wilder Cartagena,1994-09-23,Peru,Orlando City SC,530250,USD,2026-08-18 13:59:21.632122
EGMPnReVqa,mKAqBBmqbg,2026,mls,106,0.0369,1,0,ST,NA,-0.883,0.08929999999999999,0.0799,0.0358,-0.0719,0.0344,0.0232,-0.0121,Anderson Julio,1996-05-31,Ecuador,FC Dallas,820000,USD,2026-08-18 13:59:21.632122
KAqB9DZX5b,kRQabn8MKZ,2026,mls,1449,0.9916,7,2,FB,NA,-15.6107,1.5539,0.5617,0.1834,0.4299,0.4113,0.1725,-0.2049,Richie Laryea,1995-01-07,Canada,Toronto FC,1214438,USD,2026-08-18 13:59:21.632122
KAqB9KxB5b,NWMWlBK5lz,2026,mls,527,0,0,0,CM,NA,3.6782,-0.1367,-0.0323,-0.0339,-0.1045,0.0363,0,-0.0023,Brian Anunga,1996-08-10,Cameroon,FC Cincinnati,262500,USD,2026-08-18 13:59:21.632122
KAqB9bKv5b,X0Oq66zq6D,2026,mls,1062,0.4952,2,1,CB,NA,17.141,2.1629,1.2053,0.8967,-0.0173,0.0142,0.0606,0.0034,Joel Waterman,1996-01-24,Canada,Chicago Fire FC,598150,USD,2026-08-18 13:59:21.632122
KAqBNEB7qb,zeQZBOzQKw,2026,mls,718,0.053900000000000003,2,0,FB,NA,0.9484,0.055900000000000005,-0.0896,-0.0829,0.0966,0.0621,0.0725,-0.0028,Kieran Sargeant,2003-05-15,USA,San Diego FC,122180,USD,2026-08-18 13:59:21.632122
KAqBNEpWqb,19vQ2095K6,2026,mls,122,0.384,2,1,ST,NA,-2.0696,0.162,0.0182,-0.0481,0.0127,0.1252,0.054,0,Leonardo Campana,2000-07-24,Ecuador,New England Revolution,1617325,USD,2026-08-18 13:59:21.632122
KAqBNL8mqb,9z5k7Yg5A3,2026,mls,1923,1.9545,17,1,FB,NA,-1.7511,3.6883,1.8069,0.9816,-0.6637,1.1588,0.418,-0.0133,Nathan Harriel,2001-04-23,USA,Philadelphia Union,421300,USD,2026-08-18 13:59:21.632122
KAqBNbaWqb,APk5LGOMOW,2026,mls,1243,1.1302,9,0,CB,NA,18.2716,1.5297,0.7328,0.7784,-0.4252,0.7578,0.2447,-0.5588,Efrain Morales,2004-03-04,USA,CF Montréal,451250,USD,2026-08-18 13:59:21.632122
KAqBNdyZqb,kRQand1MKZ,2026,mls,1516,10.3401,39,8,ST,NA,-24.7714,3.8663000000000003,-0.3642,-0.9405,-0.1795,4.1386,1.1072,0.1047,Kelvin Yeboah,2000-05-06,Italy,Minnesota United FC,1562700,USD,2026-08-18 13:59:21.632122
KAqBNnYXqb,mvzqoLZQap,2026,mls,1243,0.491,5,0,FB,NA,37.6941,1.4237,0.757,0.4215,0.0057,0.1639,0.0616,0.014,Malte Amundsen,1998-02-11,Denmark,Columbus Crew,747500,USD,2026-08-18 13:59:21.632122
KAqBNnrVqb,9z5k7Yg5A3,2026,mls,648,0.6126,11,1,CM,NA,2.809,1.3814,0.2872,0.3966,0.1682,0.2707,0.281,-0.0223,Jesús Bueno,1999-04-15,Venezuela,Philadelphia Union,359125,USD,2026-08-18 13:59:21.632122
KAqBNr8Jqb,"c(""pzeQZ6xQKw"", ""kRQabn8MKZ"")",2026,mls,921,0.1232,3,2,FB,NA,2.1617,0.6269,0.4184,-0.0085,0.0345,0.066,0.0885,0.028,Kosi Thompson,2003-01-27,Canada,NA,145260,USD,2026-08-18 13:59:21.632122
KAqBgD4Qbg,YgOMngl5wN,2026,mls,1910,0,0,0,GK,NA,18.4308,NA,NA,NA,NA,NA,NA,NA,Jonathan Bond,1993-05-19,England,Houston Dynamo FC,809704,USD,2026-08-18 13:59:21.632122
KAqBjB97qb,a2lqRX2Mr0,2026,mls,1929,0,0,0,GK,NA,-8.6221,NA,NA,NA,NA,NA,NA,NA,Ethan Horvath,1995-06-09,USA,New York Red Bulls,524909,USD,2026-08-18 13:59:21.632122
KAqBjWZBqb,kRQabn8MKZ,2026,mls,1765,1.0102,9,0,DM,NA,25.2733,2.0208,1.1938,0.3805,-0.2457,0.8299,0.1458,-0.2835,Jonathan Osorio,1992-06-12,Canada,Toronto FC,1083333,USD,2026-08-18 13:59:21.632122
KAqBjgDAqb,mKAqBBmqbg,2026,mls,1178,0.3583,8,0,CM,NA,6.1301,1.3792,0.5405,0.5271,-0.0026,0.1478,0.1182,0.0482,Ramiro,1993-05-22,Brazil,FC Dallas,575000,USD,2026-08-18 13:59:21.632122
KAqBk0bZQb,eVq3ya6MWO,2026,mls,259,0.1015,3,1,CM,NA,3.1988,0.2904,0.1387,-0.0071,0.0848,0.0105,0.0665,-0.003,Jude Terry,2008-10-08,USA,Los Angeles FC,149798,USD,2026-08-18 13:59:21.632122
KAqBk1yAQb,WBLMvYAQxe,2026,mls,734,0.2375,1,1,CB,NA,9.6183,0.6618,0.4598,0.3327,-0.3082,0.1075,0.0486,0.0214,Alex Bonetig,2002-08-20,Australia,Portland Timbers FC,261000,USD,2026-08-18 13:59:21.632122
KAqBkLmZQb,a2lqR4JMr0,2026,mls,1064,4.077,33,1,W,NA,9.507,3.4998,0.3957,0.1642,0.4173,1.6298,0.9424,-0.0496,Morgan Guilavogui,1998-03-10,Guinea,Real Salt Lake,2225500,USD,2026-08-18 13:59:21.632122
KAqBkxoBQb,a2lqRX2Mr0,2026,mls,93,0.1861,4,0,W,NA,-3.1073,0.09199999999999998,0.0173,-0.1007,-0.0011,0.0496,0.1261,8e-4,Tanner Rosborough,2008-03-21,USA,New York Red Bulls,105043,USD,2026-08-18 13:59:21.632122
KAqBlEZMbg,kaDQ0wRqEv,2026,mls,925,1.1025,7,1,CB,NA,5.7753,1.7357,0.7515,0.2832,0.0785,0.4349,0.1961,-0.0085,Maya Yoshida,1988-08-24,Japan,LA Galaxy,715781,USD,2026-08-18 13:59:21.632122
KAqBvrrVqb,NWMWlBK5lz,2026,mls,967,3.3678,24,4,ST,NA,-0.7415,2.9184,0.605,-0.0254,0.3536,1.339,0.6424,0.0038,Kenji Mboma Dem,2002-01-22,France,FC Cincinnati,88025,USD,2026-08-18 13:59:21.632122
KAqBvvRmqb,vzqoOgNqap,2026,mls,451,1.5496,9,3,W,NA,-2.0166,1.1753,0.124,-0.1764,0.1904,0.7285,0.3093,-5e-4,Shakur Mohammed,2003-08-27,Ghana,Nashville SC,89692,USD,2026-08-18 13:59:21.632122
KAqBxEWMbg,NPqxKXZ59d,2026,mls,1301,3.9451,28,3,W,NA,9.1798,4.1251,0.353,0.4852,0.7501,1.4745,0.8502,0.2121,Wilfried Zaha,1992-11-10,Ivory Coast,Charlotte FC,2751667,USD,2026-08-18 13:59:21.632122
KPqj71NyQ6,vzqoOgNqap,2026,mls,1041,8.8954,27,12,ST,NA,-8.8919,2.6527,0.0993,-0.9487,-0.0283,2.2622,0.8619,0.4063,Sam Surridge,1998-07-28,England,Nashville SC,5933000,USD,2026-08-18 13:59:21.632122
KPqj7K72Q6,wvq9B9wQWn,2026,mls,348,1.2036,13,0,W,NA,1.7681,1.3657,0.1499,0.0133,0.6824,0.1228,0.3085,0.0888,Cedric Teuchert,1997-01-14,Germany,St. Louis City SC,1542500,USD,2026-08-18 13:59:21.632122
KPqj7OVPQ6,APk5LGOMOW,2026,mls,346,0.0404,1,0,CM,NA,-0.6643,0.5817,0.112,0.2671,0.0518,0.1152,0.0398,-0.0042,Fabian Herbers,1993-08-17,Germany,CF Montréal,440000,USD,2026-08-18 13:59:21.632122
KPqj7Y0BQ6,APk5LGOMOW,2026,mls,1637,1.8582,22,2,CM,NA,16.4989,3.6038,0.9114,0.9933,0.4562,0.719,0.5027,0.0212,Matty Longstaff,2000-03-21,England,CF Montréal,435869,USD,2026-08-18 13:59:21.632122
KPqj7daPQ6,0KPqjA456v,2026,mls,383,0.2027,1,0,FB,NA,4.7953,0.4521,0.2726,0.2197,-0.0833,0.151,0.0057,-0.1136,DeJuan Jones,1997-06-24,USA,San Jose Earthquakes,898246,USD,2026-08-18 13:59:21.632122
KPqj7jxPQ6,mvzqoLZQap,2026,mls,637,3.2853,20,5,ST,NA,-9.5493,1.2641,0.1024,-0.3501,-0.2992,1.2432,0.5415,0.0263,Wessam Abou Ali,1999-01-04,Palestine,Columbus Crew,3611750,USD,2026-08-18 13:59:21.632122
KPqj7loEQ6,X0Oq66zq6D,2026,mls,177,0,0,0,CB,NA,4.7577,0.17020000000000002,0.0443,0.0753,0.0316,-0.0012,0,0.0202,Sam Rogers,1999-05-17,USA,Chicago Fire FC,223000,USD,2026-08-18 13:59:21.632122
KPqjBBNBq6,kRQand1MKZ,2026,mls,1552,1.8875,15,0,CB,NA,37.007,2.9483,0.9129,0.8666,-0.0285,0.8338,0.4889,-0.1254,Jefferson Díaz,2000-12-05,Colombia,Minnesota United FC,435000,USD,2026-08-18 13:59:21.632122
KPqjBxG8q6,a2lqRX2Mr0,2026,mls,344,0.0429,2,0,CB,NA,9.547,0.4704,-0.0019,0.361,0.0983,4e-4,0.0406,-0.028,Julián Bazán,2005-11-25,Colombia,New York Red Bulls,312825,USD,2026-08-18 13:59:21.632122
KPqjK4w4Q6,zeQZkL1MKw,2026,mls,1052,0.0322,1,1,FB,NA,19.5745,0.8566,0.4759,0.1838,0.1069,0.1363,0.0274,-0.0737,Noah Allen,2004-04-28,USA,Inter Miami CF,434653,USD,2026-08-18 13:59:21.632122
KPqjKLjnQ6,a2lqRX2Mr0,2026,mls,49,0.1019,1,0,W,NA,0.9243,0.25129999999999997,1e-4,0.0304,0.1674,0.035,0.0168,0.0016,Cameron Harper,2001-11-19,USA,New York Red Bulls,431750,USD,2026-08-18 13:59:21.632122
KPqjKRARQ6,kRQand1MKZ,2026,mls,1526,3.7623,47,2,W,NA,-20.5577,2.9920999999999998,0.5205,-0.0674,0.2143,1.3806,1.0069,-0.0628,Tomás Chancalay,1999-01-01,Argentina,Minnesota United FC,1274375,USD,2026-08-18 13:59:21.632122
KPqjKbg2Q6,pzeQZ6xQKw,2026,mls,1712,2.7437,35,4,AM,NA,-1.2367,3.607,0.5611,0.3176,0.725,1.1144,0.8915,-0.0026,Paxten Aaronson,2003-08-26,USA,Colorado Rapids,2228063,USD,2026-08-18 13:59:21.632122
KPqjKkPNQ6,WBLMvYAQxe,2026,mls,1866,0.9058,15,1,FB,NA,-0.0129,2.5983,1.3594,0.3692,0.0148,0.7918,0.3154,-0.2523,Brandon Bye,1995-11-29,USA,Portland Timbers FC,442500,USD,2026-08-18 13:59:21.632122
KPqjonZyQ6,jYQJ8EW5GR,2026,mls,1772,0,0,0,GK,NA,-6.6305,NA,NA,NA,NA,NA,NA,NA,Maxime Crépeau,1994-05-11,Canada,Orlando City SC,600000,USD,2026-08-18 13:59:21.632122
KPqjwXzYQ6,a2lqRX2Mr0,2026,mls,1658,1.4207,10,1,DM,NA,28.461,3.2176,0.5549,1.324,-0.2642,1.1416,0.3934,0.0679,Adri Mehmeti,2009-04-06,Albania,New York Red Bulls,158980,USD,2026-08-18 13:59:21.632122
KPqjwdw8Q6,kRQabn8MKZ,2026,mls,1487,0.4332,9,0,DM,NA,18.6646,3.905,1.2841,1.7428,0.54,0.1566,0.1501,0.0314,Alonso Coello,1999-10-12,Spain,Toronto FC,335000,USD,2026-08-18 13:59:21.632122
KPqjzJ2q6v,Vj58weDM8n,2026,mls,1236,2.2795,13,1,AM,NA,-13.3692,1.8741,0.3434,0.2289,0.2157,0.8797,0.1948,0.0116,Maxi Moralez,1987-02-27,Argentina,New York City FC,500000,USD,2026-08-18 13:59:21.632122
KXMe39a6q6,9z5k7Yg5A3,2026,mls,106,0,0,0,GK,NA,1.2869,NA,NA,NA,NA,NA,NA,NA,Andrew Rick,2006-01-30,USA,Philadelphia Union,123315,USD,2026-08-18 13:59:21.632122
KXMe3y6vq6,19vQ2095K6,2026,mls,1778,1.1447,8,1,DM,NA,19.2383,2.6904,1.6146,0.1143,0.4625,0.5278,0.1867,-0.2155,Brooklyn Raines,2005-03-11,USA,New England Revolution,443250,USD,2026-08-18 13:59:21.632122
KXMe4l1Q64,9z5k7Yg5A3,2026,mls,276,0.4171,5,0,W,NA,2.7747,0.9581000000000001,0.1509,0.0316,-0.0253,0.6116,0.1883,0.001,Alejandro Bedoya,1987-04-29,USA,Philadelphia Union,226800,USD,2026-08-18 13:59:21.632122
KXMe87ZPQ6,lgpMOvnQzy,2026,mls,613,0.7789,2,1,CB,NA,6.1646,1.7604,0.7069,0.8943,-0.0557,0.0946,0.1052,0.0151,Ralph Priso,2002-08-02,Canada,Vancouver Whitecaps FC,189167,USD,2026-08-18 13:59:21.632122
KXMe8EW1Q6,jYQJ8EW5GR,2026,mls,15,0,0,0,ST,NA,0.1382,-0.06530000000000001,0.015,-0.0023,-0.1393,0.0618,0,-5e-4,Daryl Dike,2000-06-03,USA,Orlando City SC,NA,NA,2026-08-18 13:59:21.632122
KXMe8JD2Q6,KAqBN0Vqbg,2026,mls,297,0.0874,3,0,FB,NA,12.0151,0.6656,0.1916,0.3077,-0.0157,0.0731,0.0777,0.0312,Pedro Amador,1998-12-18,Portugal,Atlanta United FC,292604,USD,2026-08-18 13:59:21.632122
KXMe8OnPQ6,gpMOLwl5zy,2026,mls,183,0.6452,6,0,FB,NA,-0.377,0.10769999999999999,0.0303,-0.0808,0.1622,0.1039,0.1424,-0.2503,Przemyslaw Placheta,1998-03-23,Poland,Austin FC,NA,NA,2026-08-18 13:59:21.632122
KXMe8Y2vQ6,a2lqRX2Mr0,2026,mls,1038,0.5629,4,0,CB,NA,10.9653,3.2133000000000003,1.1241,1.3424,0.744,0.1368,0.116,-0.25,Justin Che,2003-11-18,USA,New York Red Bulls,501667,USD,2026-08-18 13:59:21.632122
KXMe8ejPQ6,9z5k7Yg5A3,2026,mls,240,0.056,3,0,CM,NA,0.2852,0.2697,0.0161,0.1961,-0.0072,0.0113,0.0414,0.012,Jeremy Rafanello,2000-04-14,USA,Philadelphia Union,186125,USD,2026-08-18 13:59:21.632122
KXMegX31q6,NPqxKXZ59d,2026,mls,150,0.1125,1,0,W,NA,1.7137,0.1588,0.0045,-0.0106,0.0281,0.0595,0.0397,0.0376,Tyger Smalls,2002-09-18,England,Charlotte FC,113400,USD,2026-08-18 13:59:21.632122
KXMeggl2q6,"c(""YgOMngl5wN"", ""jYQJ8EW5GR"")",2026,mls,770,1.7337,10,2,ST,NA,-17.964,1.0245,0.494,-0.6306,-0.0875,0.847,0.3886,0.013,Duncan McGuire,2001-02-05,USA,NA,921000,USD,2026-08-18 13:59:21.632122
KXMek9R2q6,YgOMngl5wN,2026,mls,543,1.033,10,0,ST,NA,-2.8399,1.4405000000000001,0.5845,-0.1296,0.2478,0.5424,0.1938,0.0016,Ondrej Lingr,1998-10-07,Czech Republic,Houston Dynamo FC,938074,USD,2026-08-18 13:59:21.632122
KXMekNYBq6,wvq9B9wQWn,2026,mls,41,0.0264,1,1,CM,NA,-1.0463,-7.00000000000001e-4,-0.0363,-0.0406,0.0372,0.0254,0.0247,-0.0111,Tomas Ostrak,2000-02-05,Czech Republic,St. Louis City SC,801000,USD,2026-08-18 13:59:21.632122
KXMekX42q6,Z2vQ1xlqrA,2026,mls,1853,5.9291,34,8,ST,NA,-15.5406,3.0354,0.8739,-1.3163,-0.2934,2.4525,1.2611,0.0576,Dejan Joveljic,1999-08-07,Serbia,Sporting Kansas City,3306250,USD,2026-08-18 13:59:21.632122
KXMeke41q6,"c(""gpMOLwl5zy"", ""kaDQ0wRqEv"")",2026,mls,338,0.1971,5,0,W,NA,6.0346,0.8902,0.2923,0.2642,0.0737,0.1219,0.0884,0.0497,Robert Taylor,1994-10-21,Finland,NA,633333,USD,2026-08-18 13:59:21.632122
N6Mm76gZqE,mvzqoLZQap,2026,mls,27,0.0998,1,0,ST,NA,0.8522,-0.030799999999999994,0,-0.0571,-0.1075,0.1168,0.017,0,Josef Martínez,1993-05-19,Venezuela,Columbus Crew,NA,NA,2026-08-18 13:59:21.632122
N6MmKBXeqE,mKAqBBmqbg,2026,mls,1344,0.4853,8,0,CM,NA,-7.265,2.6239,1.3335,0.5168,0.193,0.3794,0.1767,0.0245,Christian Cappis,1999-08-13,USA,FC Dallas,352000,USD,2026-08-18 13:59:21.632122
N6MmKdJPqE,vzqoOgNqap,2026,mls,623,0.1119,3,0,CB,NA,12.6375,1.3719,0.5719,0.6218,0.102,0.0445,0.0333,-0.0016,Jack Maher,1999-10-28,USA,Nashville SC,995467,USD,2026-08-18 13:59:21.632122
N6MmWAYwqE,0KPqjA456v,2026,mls,69,0,0,0,DM,NA,2.1449,0.055,0,0.0376,0.0154,0.002,0,0,Noel Buck,2005-04-05,USA,San Jose Earthquakes,150000,USD,2026-08-18 13:59:21.632122
N6MmWLNPqE,vzqoOgNqap,2026,mls,1304,0.2276,7,0,DM,NA,6.5555,0.8230999999999999,0.4206,-0.0462,0.2235,0.1535,0.0946,-0.0229,Matthew Corcoran,2006-02-17,USA,Nashville SC,135668,USD,2026-08-18 13:59:21.632122
N6MmWNygqE,Z2vQ1xlqrA,2026,mls,58,0,0,0,CM,NA,0.6011,-7.999999999999971e-4,0.0413,-0.0264,5e-4,9e-4,0,-0.0171,Macielo Tschantret,2006-02-22,USA,Sporting Kansas City,88025,USD,2026-08-18 13:59:21.632122
N6MmeAowME,zeQZBOzQKw,2026,mls,742,1.9602,13,2,W,NA,-1.1232,1.6451,0.1651,0.0758,0.0903,0.8974,0.3797,0.0368,Amahl Pellegrino,1990-06-18,Tanzania,San Diego FC,645000,USD,2026-08-18 13:59:21.632122
N6MmeE3wME,Vj58weDM8n,2026,mls,1209,3.2491,24,5,W,NA,0.2819,2.1949,0.3472,-0.7788,0.4877,1.3343,0.7361,0.0684,Hannes Wolf,1999-04-16,Austria,New York City FC,1510000,USD,2026-08-18 13:59:21.632122
N6MmeEN0ME,pzeQZ6xQKw,2026,mls,1006,0,0,0,GK,NA,2.9655,NA,NA,NA,NA,NA,NA,NA,Nico Hansen,2001-07-10,Denmark,Colorado Rapids,160000,USD,2026-08-18 13:59:21.632122
N6MmeKWLME,mvzqoLZQap,2026,mls,116,0.1671,3,0,W,NA,1.6808,0.3893,0.0553,0.0578,0.046,0.1563,0.0763,-0.0024,Brooks Lennon,1997-09-22,USA,Columbus Crew,NA,NA,2026-08-18 13:59:21.632122
N6MmeZ4WME,pzeQZ6xQKw,2026,mls,229,0.0503,2,0,DM,NA,4.9231,0.3191,0.0445,0.1603,0.0519,0.0275,0.0315,0.0034,Connor Ronan,1998-03-06,Republic of Ireland,Colorado Rapids,562400,USD,2026-08-18 13:59:21.632122
N6MmkXx0qE,NPqxKXZ59d,2026,mls,270,0,0,0,FB,NA,4.4379,0.17029999999999998,0.0139,0.0831,0.0418,0.0141,0,0.0174,Will Cleary,2003-02-17,USA,Charlotte FC,89309,USD,2026-08-18 13:59:21.632122
N6Mmo4vLqE,vzqoOgNqap,2026,mls,1852,0.3132,4,1,CB,NA,25.4181,2.2222,0.9343,1.0116,0.1393,0.1545,0.0836,-0.1011,Maxwell Woledzi,2001-07-02,Ghana,Nashville SC,667500,USD,2026-08-18 13:59:21.632122
N6Mmo9EPqE,"c(""EKXMeX3Q64"", ""eVq3ya6MWO"")",2026,mls,667,1.7767,8,2,ST,NA,-4.6292,1.1842,0.1378,-0.3869,-0.1067,1.2845,0.2883,-0.0328,Nathan Ordaz,2004-01-12,USA,NA,545000,USD,2026-08-18 13:59:21.632122
N6MmovmZqE,X0Oq66zq6D,2026,mls,245,0.0296,1,0,FB,NA,4.7783,0.3065,0.0969,0.1791,0.0018,0.0458,0.0384,-0.0555,Viktor Radojević,2004-07-14,Serbia,Chicago Fire FC,357000,USD,2026-08-18 13:59:21.632122
NPqxA1n8Q9,mvzqoLZQap,2026,mls,68,0,0,0,FB,NA,0.9329,0.0264,-0.0038,0.0181,0.0065,0.0026,0,0.003,Owen Presthus,2006-02-21,USA,Columbus Crew,94216,USD,2026-08-18 13:59:21.632122
NPqxA1oZQ9,KAqBN0Vqbg,2026,mls,16,0,0,0,ST,NA,-0.8779,-0.0239,0,-0.0229,-8e-4,0.0017,0,-0.0019,Arif Kovac,2006-09-08,USA,Atlanta United FC,NA,NA,2026-08-18 13:59:21.632122
NPqxAN6GQ9,Vj58weDM8n,2026,mls,521,0.0595,3,0,DM,NA,-9.0092,0.4788,0.2452,0.133,0.0589,0.0401,0.05,-0.0484,Jonathan Shore,2007-04-13,USA,New York City FC,125900,USD,2026-08-18 13:59:21.632122
NPqxAP6gQ9,NPqxKXZ59d,2026,mls,393,2.8126,11,3,ST,NA,-3.3342,1.1098000000000001,0.0562,-0.5277,-0.1392,1.0887,0.381,0.2508,Archie Goodwin,2004-11-07,Australia,Charlotte FC,366187,USD,2026-08-18 13:59:21.632122
NPqxKmJZ59,zeQZkL1MKw,2026,mls,106,0,0,0,CB,NA,0.4106,0.1614,0.0977,0.0651,0.0069,-4e-4,0,-0.0079,Fricio Caicedo,2008-04-17,Ecuador,Inter Miami CF,NA,NA,2026-08-18 13:59:21.632122
NPqxKnY859,0KPqjA456v,2026,mls,52,0,0,0,ST,NA,-2.2082,0.071,0.0521,0.0116,-0.0018,0.0116,0,-0.0025,Nonso Adimabua,2000-09-07,Nigeria,San Jose Earthquakes,117285,USD,2026-08-18 13:59:21.632122
NPqxeGOZQ9,"c(""mKAqBBmqbg"", ""0KPqjA456v"")",2026,mls,1629,0,0,0,GK,NA,-2.3385,NA,NA,NA,NA,NA,NA,NA,Daniel,1994-05-06,Brazil,NA,792500,USD,2026-08-18 13:59:21.632122
NPqxen8gQ9,jYQJ8EW5GR,2026,mls,1283,0.0432,1,0,CB,NA,8.0165,1.412,0.5027,0.7746,0.1323,0.0341,0,-0.0317,Adrián Marín,1997-01-09,Spain,Orlando City SC,577972,USD,2026-08-18 13:59:21.632122
NPqxoNPx59,zeQZBOzQKw,2026,mls,477,0.0204,1,0,CB,NA,14.3652,0.3927,0.1769,0.3641,-0.1707,0.0012,0.0494,-0.0282,Osvald Søe,2005-11-05,Denmark,San Diego FC,234996,USD,2026-08-18 13:59:21.632122
NPqxx91gq9,KAqBN0Vqbg,2026,mls,536,0.6388,10,2,CM,NA,4.5452,0.9109,0.2439,0.1453,0.0789,0.1574,0.2441,0.0413,Ajani Fortune,2002-12-30,Trinidad & Tobago,Atlanta United FC,120000,USD,2026-08-18 13:59:21.632122
NPqxxADjq9,mKAqBBmqbg,2026,mls,33,0,0,0,DM,NA,-1.2203,1.0000000000000286e-4,-0.0905,0.0644,0.0104,0.0158,0,0,Clay Holstad,2000-01-12,USA,FC Dallas,NA,NA,2026-08-18 13:59:21.632122
NPqxxLDkq9,NPqxKXZ59d,2026,mls,643,0.1398,2,0,CB,NA,6.7045,1.314,0.8755,0.4157,-0.0448,0.0151,0.0618,-0.0093,Andrew Privett,2000-08-02,USA,Charlotte FC,281400,USD,2026-08-18 13:59:21.632122
NPqxxjAmq9,kaDQ0wRqEv,2026,mls,1198,1.5605,9,0,CM,NA,-1.7666,1.7266,0.3287,-0.2232,0.1996,0.9694,0.3185,0.1336,Elijah Wynder,2003-03-10,USA,LA Galaxy,352208,USD,2026-08-18 13:59:21.632122
NWMWL3nL5l,lgpMOvnQzy,2026,mls,1666,2.907,22,3,CB,NA,15.4202,3.4864,0.8948,1.3307,0.0696,0.8338,0.5156,-0.1581,Mathías Laborda,1999-09-15,Uruguay,Vancouver Whitecaps FC,1193625,USD,2026-08-18 13:59:21.632122
NWMWLO7N5l,a2lqR4JMr0,2026,mls,897,0.1776,3,0,CB,NA,23.42,0.8863000000000001,0.5248,0.4255,0.0587,0.0643,0.0587,-0.2457,Sam Junqua,1996-11-09,USA,Real Salt Lake,482813,USD,2026-08-18 13:59:21.632122
NWMWVR6jQl,gpMOLwl5zy,2026,mls,1324,0.8799,7,1,CB,NA,17.8698,1.2632,0.3783,0.4413,0.0036,0.2465,0.2121,-0.0186,Brendan Hines-Ike,1994-11-30,USA,Austin FC,375000,USD,2026-08-18 13:59:21.632122
NWMWgLbEMl,WBLMvYAQxe,2026,mls,1198,8.2803,40,9,ST,NA,-0.4181,3.3846,0.0783,-0.786,-0.6218,3.4467,1.2484,0.019,Kevin Kelsy,2004-07-27,Venezuela,Portland Timbers FC,802804,USD,2026-08-18 13:59:21.632122
NWMWj8JzQl,jYQJ8EW5GR,2026,mls,52,0,0,0,DM,NA,2.6815,0.0906,0.034,0.0398,0.0185,2e-4,0,-0.0019,Joran Gerbet,2001-06-30,France,Orlando City SC,113400,USD,2026-08-18 13:59:21.632122
NWMWlEAD5l,kaDQ0wRqEv,2026,mls,1429,0.3259,8,0,DM,NA,29.894,1.3121,-0.4177,1.2338,0.2178,0.0993,0.2345,-0.0556,Edwin Cerrillo,2000-10-03,USA,LA Galaxy,662500,USD,2026-08-18 13:59:21.632122
NWMWlWle5l,lgpMOvnQzy,2026,mls,1611,13.371,60,10,ST,NA,-9.8675,4.5282,0.3835,-2.9228,-0.4815,5.5544,2.005,-0.0104,Brian White,1996-02-03,USA,Vancouver Whitecaps FC,1065000,USD,2026-08-18 13:59:21.632122
NWMWlX6K5l,Vj58weDM8n,2026,mls,659,0.8678,11,1,CM,NA,-9.7461,1.4693,0.278,0.0272,-0.064,0.4015,0.2962,0.5304,Andrés Perea,2000-11-14,Colombia,New York City FC,757000,USD,2026-08-18 13:59:21.632122
NWMWlYdY5l,zeQZkL1MKw,2026,mls,1146,0.2442,4,0,FB,NA,12.8645,0.9197000000000001,0.7317,-0.1319,-0.0219,0.2541,0.108,-0.0203,Facundo Mura,1999-03-23,Argentina,Inter Miami CF,1026875,USD,2026-08-18 13:59:21.632122
NWMWlaDZ5l,kRQabn8MKZ,2026,mls,1176,0.604,7,2,FB,NA,5.9053,1.1202,0.9361,0.1832,-0.3522,0.1501,0.1979,0.0051,Kobe Franklin,2003-05-10,Canada,Toronto FC,160802,USD,2026-08-18 13:59:21.632122
NWMWllOE5l,zeQZBOzQKw,2026,mls,157,0.1912,1,0,FB,NA,-0.3292,0.278,0.1323,-0.0293,0.0628,0.0911,0.014,0.0071,Wilson Eisner,2002-05-03,USA,San Diego FC,95290,USD,2026-08-18 13:59:21.632122
NWMWlvPZ5l,pzeQZ6xQKw,2026,mls,401,0.2684,2,1,CB,NA,12.3583,0.5498,0.0394,0.1637,0.1146,0.1856,0.0583,-0.0118,Loic Williams,2002-01-07,Spain,Colorado Rapids,NA,NA,2026-08-18 13:59:21.632122
NWMWoA1eMl,eVq3ya6MWO,2026,mls,65,0.1713,2,0,AM,NA,-0.1424,0.17149999999999999,0.0589,-0.012,0.0014,0.0607,0.0598,0.0027,Matthew Evans,2006-05-25,Guatemala,Los Angeles FC,88025,USD,2026-08-18 13:59:21.632122
NWMWoG7LMl,jYQJ8EW5GR,2026,mls,1181,0.6457,9,0,CB,NA,20.3002,2.235,0.983,0.4393,0.037,0.44,0.1348,0.2009,Iago,2005-04-18,Brazil,Orlando City SC,551875,USD,2026-08-18 13:59:21.632122
NWMWoN6KMl,19vQ2095K6,2026,mls,758,0.3581,6,1,FB,NA,5.6601,0.9059,0.1006,0.2076,0.2121,0.2514,0.1119,0.0223,Ilay Feingold,2004-08-23,Israel,New England Revolution,575000,USD,2026-08-18 13:59:21.632122
NWMWoYveMl,WBLMvYAQxe,2026,mls,101,0.0404,1,1,DM,NA,-5.8445,-0.0938,-0.1177,0.0247,-0.0544,0.0331,0.0235,-0.003,Eric Izoita,2007-09-08,USA,Portland Timbers FC,NA,NA,2026-08-18 13:59:21.632122
Oa5w0DPWq1,9z5k7Yg5A3,2026,mls,84,0.1581,1,0,FB,NA,-1.315,0.1842,0.0481,0.0653,0.0273,0.0352,0.0121,-0.0038,Giovanny Sequera,2006-02-14,Venezuela,Philadelphia Union,NA,NA,2026-08-18 13:59:21.632122
Oa5w0LVXq1,jYQJ19EqGR,2026,mls,35,0,0,0,CB,NA,0.4308,0.011799999999999998,-0.0296,0.0361,0.0059,-6e-4,0,0,Gallatin Sandnes,2008-06-03,USA,Seattle Sounders FC,NA,NA,2026-08-18 13:59:21.632122
Oa5w0nABq1,KAqBN0Vqbg,2026,mls,12,0,0,0,CM,NA,-2.0552,0.19519999999999998,0.216,-0.0247,0,0.0039,0,0,Ignacio Couri,2009-04-03,USA,Atlanta United FC,NA,NA,2026-08-18 13:59:21.632122
Oa5wAaRjQ1,Vj58weDM8n,2026,mls,476,2.5378,16,2,ST,NA,-7.3446,0.9459,0.1473,-0.4799,-0.2103,0.9943,0.487,0.0075,Talles Magno,2002-06-26,Brazil,New York City FC,1365000,USD,2026-08-18 13:59:21.632122
Oa5wAe74Q1,lgpMOvnQzy,2026,mls,710,2.8158,16,2,W,NA,-3.0415,2.0084999999999997,0.2113,-0.2151,0.3232,1.299,0.4431,-0.053,Cheick Tidiane Sabaly,1999-03-04,Senegal,Vancouver Whitecaps FC,1414727,USD,2026-08-18 13:59:21.632122
Oa5wV0XXM1,kRQabn8MKZ,2026,mls,645,0.2091,5,0,CB,NA,-4.78,1.1215000000000002,0.8594,0.1248,-0.0355,0.1149,0.0853,-0.0274,Benjamín Kuscevic,1996-05-02,Chile,Toronto FC,804982,USD,2026-08-18 13:59:21.632122
Oa5wV17gM1,jYQJ8EW5GR,2026,mls,1506,7.7746,49,11,ST,NA,-12.9137,5.1109,0.4008,0.5425,1.0724,1.5987,1.1806,0.3159,Martín Ojeda,1998-11-27,Argentina,Orlando City SC,1778200,USD,2026-08-18 13:59:21.632122
Oa5wVYvWM1,YgOMngl5wN,2026,mls,1253,3.605,24,0,ST,NA,-8.1743,1.8413000000000002,0.1059,-0.3275,-0.2226,1.7068,0.6267,-0.048,Ezequiel Ponce,1997-03-29,Argentina,Houston Dynamo FC,3000212,USD,2026-08-18 13:59:21.632122
Oa5wVgVYM1,X0Oq66zq6D,2026,mls,114,0.4059,1,0,ST,NA,-2.9336,-0.0429,0.0674,-0.0958,-0.1257,0.0732,0.041,-0.003,Chris Mueller,1996-08-29,USA,Chicago Fire FC,186600,USD,2026-08-18 13:59:21.632122
Oa5wVzeWM1,kRQabn8MKZ,2026,mls,894,0.9597,11,1,AM,NA,-12.7973,1.688,0.502,0.492,-0.0585,0.4758,0.2651,0.0116,José Cifuentes,1999-03-12,Ecuador,Toronto FC,1570000,USD,2026-08-18 13:59:21.632122
Oa5wY8RXQ1,vzqoOgNqap,2026,mls,1710,6.3464,54,8,ST,NA,11.9912,4.4479999999999995,0.2126,-0.03,0.2184,2.1437,1.5572,0.3461,Hany Mukhtar,1995-03-21,Germany,Nashville SC,5411667,USD,2026-08-18 13:59:21.632122
Oa5wYLD9Q1,jYQJ8EW5GR,2026,mls,1269,0.5513,1,0,CB,NA,19.8065,1.6654,0.9828,0.9268,-0.0406,0.0275,0.0516,-0.2827,Robin Jansson,1991-11-15,Sweden,Orlando City SC,530000,USD,2026-08-18 13:59:21.632122
Oa5wd2W9q1,zeQZBOzQKw,2026,mls,45,0,0,0,W,NA,-1.1843,0.045700000000000005,0,0.0128,0.0228,0.0137,0,-0.0036,Mohamed Elias Achouri,1999-02-10,Tunisia,San Diego FC,NA,NA,2026-08-18 13:59:21.632122
Oa5wd4DXq1,mKAqBBmqbg,2026,mls,636,0.6872,7,0,W,NA,-5.5493,1.3995,0.487,-0.1438,0.2621,0.403,0.126,0.2652,Ran Binyamin,2004-02-06,Israel,FC Dallas,302083,USD,2026-08-18 13:59:21.632122
Oa5wdglAq1,NPqxKXZ59d,2026,mls,3,0,0,0,DM,NA,0.1,-0.0097,0,-0.0129,0.0028,4e-4,0,0,Aron John,2006-04-03,USA,Charlotte FC,NA,NA,2026-08-18 13:59:21.632122
Oa5wdol4q1,Vj58weDM8n,2026,mls,118,0.0159,1,0,AM,NA,0.9148,0.023599999999999996,0.0608,-0.0207,-0.0446,0.0053,0.0278,-0.005,Maximo Carrizo,2008-02-28,USA,New York City FC,183523,USD,2026-08-18 13:59:21.632122
Oa5wdxN9q1,mKAqBBmqbg,2026,mls,1328,0.7762,5,1,CB,NA,8.9304,2.9113,1.8446,0.4843,-0.0133,0.5107,0.1406,-0.0556,Nolan Norris,2005-02-17,USA,FC Dallas,218642,USD,2026-08-18 13:59:21.632122
OlMl9jKy5L,wvq9B9wQWn,2026,mls,26,0.2007,1,0,AM,NA,-1.4913,0.25730000000000003,-0.0019,0.1056,0.1212,0.0244,0.008,0,Carlo Holse,1999-06-02,Denmark,St. Louis City SC,NA,NA,2026-08-18 13:59:21.632122
OlMl9zeE5L,YgOMngl5wN,2026,mls,99,0.0347,1,0,FB,NA,-0.547,0.1679,0.1523,-0.025,0.0083,0.0241,0.027,-0.0188,Sam Vines,1999-05-31,USA,Houston Dynamo FC,912500,USD,2026-08-18 13:59:21.632122
OlMlB6eAqL,eVq3ya6MWO,2026,mls,104,0.7685,4,0,AM,NA,0.619,0.7316,0.0274,0.0789,0.1719,0.3603,0.1014,-0.0083,Amin Boudri,2004-09-29,Sweden,Los Angeles FC,742000,USD,2026-08-18 13:59:21.632122
OlMlBKG4qL,vzqoOgNqap,2026,mls,1036,0.8552,15,1,W,NA,-5.9956,0.806,0.2038,-0.287,-0.0384,0.4837,0.3773,0.0666,Ahmed Qasem,2003-07-12,Sweden,Nashville SC,650000,USD,2026-08-18 13:59:21.632122
OlMlBVn0qL,kRQand1MKZ,2026,mls,24,0.0944,1,0,ST,NA,0.0051,0.163,-0.014,0.0255,-0.0099,0.1391,0.0223,0,Marcus Caldeira,2004-10-14,Canada,Minnesota United FC,88025,USD,2026-08-18 13:59:21.632122
OlMlBalgqL,a2lqRX2Mr0,2026,mls,209,0.3394,5,0,FB,NA,4.6345,0.6142,0.2636,0.0645,0.1245,0.0371,0.1025,0.022,Juan José Mina,2004-07-27,Colombia,New York Red Bulls,190432,USD,2026-08-18 13:59:21.632122
OlMlBn1yqL,vzqoOgNqap,2026,mls,923,3.1655,24,5,W,NA,2.3315,2.6339,0.9656,0.0583,0.0908,0.7085,0.6464,0.1643,Warren Madrigal,2004-07-24,Costa Rica,Nashville SC,403500,USD,2026-08-18 13:59:21.632122
OlMleNXN5L,Z2vQ1xlqrA,2026,mls,364,0.344,2,0,FB,NA,5.6541,0.2881,0.054,0.0677,-0.038,0.1617,0.0432,-5e-4,Justin Reynolds,2004-08-04,USA,Sporting Kansas City,123400,USD,2026-08-18 13:59:21.632122
OlMleWzR5L,pzeQZ6xQKw,2026,mls,1924,12.1024,57,10,ST,NA,-17.8457,5.4415,0.6565,-0.6004,0.7593,2.6765,1.7392,0.2104,Rafael Navarro,2000-04-14,Brazil,Colorado Rapids,1449600,USD,2026-08-18 13:59:21.632122
OlMlegLA5L,kaDQ0wRqEv,2026,mls,821,0.2064,5,0,FB,NA,-6.1865,0.9461,0.3719,-0.0327,0.1357,0.3023,0.1364,0.0325,Mauricio Cuevas,2003-02-10,USA,LA Galaxy,268500,USD,2026-08-18 13:59:21.632122
OlMlezzg5L,wvq9B9wQWn,2026,mls,938,0.5217,6,1,CB,NA,17.1917,1.0403,-0.0098,0.4007,-0.006,0.4547,0.2234,-0.0227,Lukas MacNaughton,1995-03-08,Canada,St. Louis City SC,219306,USD,2026-08-18 13:59:21.632122
OlMlkNP0QL,Z2vQ1xlqrA,2026,mls,535,0,0,0,FB,NA,1.8308,0.2543,0.1534,-0.0579,0.1172,0.0718,0,-0.0302,Kwaku Agyabeng,2006-06-27,Ghana,Sporting Kansas City,88858,USD,2026-08-18 13:59:21.632122
OlMlkkvPQL,9z5k7Yg5A3,2026,mls,87,0,0,0,ST,NA,1.0537,0.014600000000000002,-8e-4,0.0079,0.0011,0.0097,0,-0.0033,Malik Jakupovic,2009-06-24,USA,Philadelphia Union,105956,USD,2026-08-18 13:59:21.632122
OlMlnxlDqL,lgpMOvnQzy,2026,mls,1668,1.4672,11,1,CB,NA,45.751,2.7630999999999997,0.2011,1.7004,0.1732,0.4178,0.4407,-0.1701,Tristan Blackmon,1996-08-12,USA,Vancouver Whitecaps FC,975000,USD,2026-08-18 13:59:21.632122
OlMlonPQLz,kaDQ0wRqEv,2026,mls,1504,5.0821,27,4,ST,NA,10.6568,3.4305,0.6752,-0.0016,0.0123,2.0856,0.6465,0.0125,Marco Reus,1989-05-31,Germany,LA Galaxy,902364,USD,2026-08-18 13:59:21.632122
Pk5L6BzZQO,zeQZkL1MKw,2026,mls,1762,1.2043,9,1,CB,NA,30.0841,2.9052,1.3186,1.0291,0.2575,0.2556,0.1662,-0.1218,Micael,2000-08-12,Brazil,Inter Miami CF,892440,USD,2026-08-18 13:59:21.632122
Pk5L6k6PQO,APk5LGOMOW,2026,mls,138,0.8547,2,1,W,NA,0.751,0.10270000000000001,0.0138,-0.0588,-0.0312,0.0609,0.1212,-0.0032,Kwadwo Opoku,2001-07-13,Ghana,CF Montréal,723560,USD,2026-08-18 13:59:21.632122
Pk5L6klYQO,mvzqoLZQap,2026,mls,77,0.0104,1,0,W,NA,0.4053,0.0792,0.0722,-0.025,-0.0214,0.0432,0.0102,0,Laurtaro Giaccone,2001-02-01,Argentina,Columbus Crew,NA,NA,2026-08-18 13:59:21.632122
Pk5L6rDPQO,zeQZkL1MKw,2026,mls,307,0.0658,1,0,CM,NA,1.6982,0.2886,0.0841,-0.1077,-0.0141,0.1431,0.0056,0.1776,David Ruiz,2004-02-08,USA,Inter Miami CF,231887,USD,2026-08-18 13:59:21.632122
Pk5LZEgGQO,EKXMeX3Q64,2026,mls,422,0.0966,4,0,CM,NA,-1.5372,0.26649999999999996,0.4745,-0.0142,-0.0832,0.0687,0.0823,-0.2616,Nikola Markovic,2004-07-22,Canada,D.C. United,93858,USD,2026-08-18 13:59:21.632122
Pk5Le0VDqO,eVq3ya6MWO,2026,mls,390,0.934,7,0,FB,NA,1.8287,0.5106,0.2258,-0.012,-0.0802,0.2736,0.1664,-0.063,Ryan Raposo,1999-03-05,Canada,Los Angeles FC,220000,USD,2026-08-18 13:59:21.632122
Pk5Le6BPqO,jYQJ19EqGR,2026,mls,729,0.05,2,0,CB,NA,9.408,1.2676,0.9062,0.2993,0.0788,-0.0075,0.0699,-0.0791,Antino Lopez,2002-05-21,USA,Seattle Sounders FC,88025,USD,2026-08-18 13:59:21.632122
Pk5LeDgmqO,YgOMngl5wN,2026,mls,1715,4.4755,52,4,W,NA,1.1653,3.2624999999999997,0.5391,-0.6941,0.6226,1.5148,1.1654,0.1147,Mateusz Bogusz,2001-08-22,Poland,Houston Dynamo FC,2521048,USD,2026-08-18 13:59:21.632122
Pk5LeG0YqO,9z5k7Yg5A3,2026,mls,126,0.6032,7,0,W,NA,-1.9086,0.4385,-0.0169,0.0332,-0.0068,0.2425,0.1424,0.0441,Quinn Sullivan,2004-03-27,USA,Philadelphia Union,568000,USD,2026-08-18 13:59:21.632122
Pk5LeYlNqO,EKXMeX3Q64,2026,mls,63,0,0,0,FB,NA,-4.3593,0.07629999999999999,0.0407,0.0253,0.0191,0.0245,0,-0.0333,Conner Antley,1995-03-22,USA,D.C. United,121667,USD,2026-08-18 13:59:21.632122
Pk5LgPOmMO,Z2vQ1xlqrA,2026,mls,893,0.1988,3,0,CB,NA,1.9015,2.5963000000000003,1.9589,0.3972,0.0689,0.3102,0.0787,-0.2176,Ethan Bartlow,2000-02-02,USA,Sporting Kansas City,142637,USD,2026-08-18 13:59:21.632122
Pk5LggA7MO,gpMOLwl5zy,2026,mls,1677,0.3054,4,0,CB,NA,13.8904,1.688,0.597,0.8214,-0.0283,0.2611,0.0752,-0.0384,Oleksandr Svatok,1994-09-27,Ukraine,Austin FC,580000,USD,2026-08-18 13:59:21.632122
Pk5Lggy7MO,gpMOLwl5zy,2026,mls,1668,6.3295,42,6,ST,NA,-1.1366,2.3834,0.6245,-1.147,-0.4789,2.2142,1.0969,0.0737,Myrto Uzuni,1995-05-31,Albania,Austin FC,2305000,USD,2026-08-18 13:59:21.632122
Vj583wA4M8,pzeQZ6xQKw,2026,mls,29,0.1527,1,0,ST,NA,-0.278,0.0916,0,-0.016,0.0709,0.0352,0.0015,0,Mamadou Billo Diop,2006-09-14,Senegal,Colorado Rapids,88025,USD,2026-08-18 13:59:21.632122
Vj58B64EQ8,zeQZBOzQKw,2026,mls,108,0,0,0,GK,NA,2.1223,NA,NA,NA,NA,NA,NA,NA,Pablo Sisniega,1995-07-07,Mexico,San Diego FC,241467,USD,2026-08-18 13:59:21.632122
Vj58BnDLQ8,19vQ2095K6,2026,mls,1937,0,0,0,GK,NA,-4.0798,NA,NA,NA,NA,NA,NA,NA,Matt Turner,1994-06-24,USA,New England Revolution,1942886.4,USD,2026-08-18 13:59:21.632122
Vj58WEKLM8,Z2vQ1xlqrA,2026,mls,1110,0.3738,7,0,FB,NA,-0.7671,0.6601,0.4989,-0.0647,-0.036,0.0939,0.156,0.012,Jayden Reid,2001-08-29,USA,Sporting Kansas City,116655,USD,2026-08-18 13:59:21.632122
Vj58WXb2M8,9z5k7Yg5A3,2026,mls,71,0,0,0,FB,NA,2.0397,0.1505,0.1048,0.0459,-0.0091,0.0089,0,0,Olivier Mbaizo,1997-08-15,Cameroon,Philadelphia Union,502875,USD,2026-08-18 13:59:21.632122
Vj58WrY3M8,eVq3ya6MWO,2026,mls,77,0,0,0,GK,NA,0.2878,NA,NA,NA,NA,NA,NA,NA,Cabral Carter,2004-07-05,USA,Los Angeles FC,91775,USD,2026-08-18 13:59:21.632122
Vj58aBe8q8,wvq9B9wQWn,2026,mls,260,0.3828,3,1,CB,NA,0.726,0.9192,0.5016,0.0984,0.0497,0.174,0.0915,0.004,Fallou Fall,2004-04-15,Senegal,St. Louis City SC,743919,USD,2026-08-18 13:59:21.632122
Vj58l1ZD58,a2lqR4JMr0,2026,mls,122,0,0,0,CB,NA,1.049,0.07229999999999999,0.015,0.0682,0.0095,0.0023,0,-0.0227,Juan Arias,2004-01-08,Colombia,Real Salt Lake,565139,USD,2026-08-18 13:59:21.632122
Vj58lAnw58,KAqBN0Vqbg,2026,mls,1398,0.8663,11,0,CM,NA,3.2111,1.3184,0.3487,0.1905,-0.0302,0.673,0.1859,-0.0495,Cooper Sanchez,2008-03-26,USA,Atlanta United FC,88025,USD,2026-08-18 13:59:21.632122
Vj58lXp258,kRQand1MKZ,2026,mls,712,0.2964,4,0,CB,NA,1.5387,1.1212000000000002,1.114,-0.142,0.0299,0.0663,0.0585,-0.0055,Nicolás Romero,2003-11-28,Argentina,Minnesota United FC,492500,USD,2026-08-18 13:59:21.632122
Vj58lrom58,a2lqRX2Mr0,2026,mls,378,0.2548,6,0,W,NA,3.1981,0.7666,0.1709,0.1901,0.1278,0.2107,0.0891,-0.022,Rafael Mosquera,2005-05-24,Panama,New York Red Bulls,99925,USD,2026-08-18 13:59:21.632122
Vj58w7RmM8,jYQJ19EqGR,2026,mls,955,0.1564,5,0,CB,NA,0.9977,1.3722,0.5491,0.6249,0.1327,0.0189,0.0688,-0.0222,Alex Roldan,1996-07-28,USA,Seattle Sounders FC,658050,USD,2026-08-18 13:59:21.632122
XVqK2D6R50,jYQJ19EqGR,2026,mls,160,0.4387,5,0,DM,NA,0.9944,0.3094,0.029,0.0753,0.0291,0.0707,0.1006,0.0047,Nikola Petkovic,2003-02-23,Serbia,Seattle Sounders FC,516250,USD,2026-08-18 13:59:21.632122
XVqK2P7B50,gpMOLwl5zy,2026,mls,110,0.1785,1,0,W,NA,-2.3996,0.1148,0.0697,-0.0142,0.015,0.007,0.04,-0.0027,Jorge Alastuey,2003-05-14,Spain,Austin FC,NA,NA,2026-08-18 13:59:21.632122
XVqKG1XWq0,wvq9B9wQWn,2026,mls,1611,9.4478,52,4,ST,NA,-22.0965,5.0365,0.3834,-0.9337,-0.4276,4.3168,1.3652,0.3324,Simon Becher,1999-07-20,USA,St. Louis City SC,444375,USD,2026-08-18 13:59:21.632122
XVqKLXRaQ0,jYQJ8EW5GR,2026,mls,849,1.7217,13,1,ST,NA,-12.7608,1.0256,0.2434,-0.7743,-0.2203,1.1549,0.3728,0.2491,Tiago,2005-04-08,Brazil,Orlando City SC,600250,USD,2026-08-18 13:59:21.632122
XVqKWAZBq0,EKXMeX3Q64,2026,mls,1640,0.6018,17,0,CM,NA,-10.1153,0.9968,0.7182,-0.025,-0.0188,0.1647,0.3486,-0.1909,Brandon Servania,1999-03-12,USA,D.C. United,303722,USD,2026-08-18 13:59:21.632122
XVqKWX8Bq0,KAqBN0Vqbg,2026,mls,453,0.1815,3,0,CM,NA,4.4727,0.37370000000000003,0.1015,0.0082,0.1524,0.056,0.0598,-0.0042,Steven Alzate,1998-09-08,Colombia,Atlanta United FC,1377087,USD,2026-08-18 13:59:21.632122
XVqKbElN50,a2lqR4JMr0,2026,mls,1322,8.4342,40,8,ST,NA,-9.5347,5.226,0.5561,-0.3431,-1.249,5.0823,1.1855,-0.0058,Sergi Solans,2003-02-26,Spain,Real Salt Lake,88025,USD,2026-08-18 13:59:21.632122
XVqKbEmN50,9z5k7Yg5A3,2026,mls,528,0.698,3,0,CB,NA,1.904,0.6969000000000001,0.4302,0.2192,-0.1331,0.0696,0.1079,0.0031,Geiner Martínez,2003-01-09,Colombia,Philadelphia Union,360204,USD,2026-08-18 13:59:21.632122
XVqKbGA050,jYQJ8EW5GR,2026,mls,26,0.3975,1,1,FB,NA,-0.5446,0.2778,0.1147,-0.0336,0.0185,0.1689,0.0418,-0.0325,Ignacio Gómez,2006-04-04,Argentina,Orlando City SC,NA,NA,2026-08-18 13:59:21.632122
XVqKbj3B50,X0Oq66zq6D,2026,mls,1195,0.6779,7,0,CB,NA,-1.4129,0.5939,-0.1053,0.3888,-0.0442,0.3515,0.2635,-0.2604,Mbekezeli Mbokazi,2005-09-19,South Africa,Chicago Fire FC,655620,USD,2026-08-18 13:59:21.632122
XVqKeBkKM0,eVq3ya6MWO,2026,mls,503,0.3911,5,0,W,NA,-2.3206,0.7162000000000001,0.0748,-0.0577,0.2528,0.3575,0.0925,-0.0037,Jacob Shaffelburg,1999-11-26,Canada,Los Angeles FC,520000,USD,2026-08-18 13:59:21.632122
XVqKeEmBM0,gpMOLwl5zy,2026,mls,1692,2.9238,26,1,W,NA,-2.4861,3.2881,0.3,0.4796,0.3247,1.4716,0.6962,0.016,Facundo Torres,2000-04-13,Uruguay,Austin FC,4405000,USD,2026-08-18 13:59:21.632122
XVqKeYLNM0,pzeQZ6xQKw,2026,mls,1185,0.3586,6,1,DM,NA,5.628,0.2475,0.3933,-0.0964,-0.1719,0.2616,0.1346,-0.2737,Josh Atencio,2002-01-31,USA,Colorado Rapids,462500,USD,2026-08-18 13:59:21.632122
XVqKeYOKM0,9z5k7Yg5A3,2026,mls,411,0.0763,4,0,FB,NA,1.9292,0.19930000000000003,0.0585,0.5252,-0.4947,0.0415,0.0609,0.0079,Kai Wagner,1997-02-15,Germany,Philadelphia Union,NA,NA,2026-08-18 13:59:21.632122
XVqKezaWM0,0KPqjA456v,2026,mls,82,0.0853,1,0,W,NA,0.169,0.06359999999999999,-0.0012,-0.0935,0.0831,0.0305,0.0425,0.0022,Darius Johnson,2000-03-15,Grenada,San Jose Earthquakes,NA,NA,2026-08-18 13:59:21.632122
Xj5Y4e3xMb,jYQJ19EqGR,2026,mls,159,0.1337,3,0,W,NA,-0.674,0.3807,0.3324,-0.0383,-0.062,0.0867,0.0678,-0.0059,Sebastian Gomez,2006-05-21,USA,Seattle Sounders FC,94740,USD,2026-08-18 13:59:21.632122
Xj5Y4k8RMb,kRQabn8MKZ,2026,mls,72,0,0,0,CB,NA,-3.6807,0.16340000000000002,0.1574,5e-4,0.0061,-6e-4,0,0,Richard Chukwu,2008-02-25,Canada,Toronto FC,NA,NA,2026-08-18 13:59:21.632122
Xj5Y60Kxqb,kaDQ0wRqEv,2026,mls,1096,0.7372,5,0,FB,NA,7.3366,1.2962,0.312,0.2961,0.3529,0.2962,0.1519,-0.1129,Miki Yamane,1993-12-22,Japan,LA Galaxy,916667,USD,2026-08-18 13:59:21.632122
Xj5Y68Olqb,mvzqoLZQap,2026,mls,886,3.2545,15,3,ST,NA,2.8105,1.4185,0.3674,-1.1054,-0.0507,1.8225,0.3833,0.0014,Dániel Gazdag,1996-03-02,Hungary,Columbus Crew,2647635,USD,2026-08-18 13:59:21.632122
Xj5Y6AAaqb,EKXMeX3Q64,2026,mls,406,0.1326,3,0,CM,NA,3.0115,0.6677,0.1731,0.098,0.0565,0.0263,0.0623,0.2515,Andre Dozzell,1999-05-02,England,D.C. United,NA,NA,2026-08-18 13:59:21.632122
Xj5Y6KKaqb,zeQZBOzQKw,2026,mls,1857,9.5259,62,8,W,NA,0.4405,6.6541,0.2833,0.2915,1.4259,2.6635,1.6536,0.3363,Anders Dreyer,1998-05-02,Denmark,San Diego FC,3561251,USD,2026-08-18 13:59:21.632122
Xj5Y6Vplqb,kRQabn8MKZ,2026,mls,182,0.0198,1,1,DM,NA,1.7387,0.2045,0.2535,-0.0126,-0.032,0.0089,0.0197,-0.033,Niklas Dorsch,1998-01-15,Germany,Toronto FC,NA,NA,2026-08-18 13:59:21.632122
Xj5Y6kWaqb,eVq3ya6MWO,2026,mls,1200,1.1951,9,1,CM,NA,-4.1845,2.2305,0.6679,0.3768,0.1791,0.6341,0.3097,0.0629,Timothy Tillman,1999-01-04,Germany,Los Angeles FC,881400,USD,2026-08-18 13:59:21.632122
Xj5Y6xmaqb,KAqBN0Vqbg,2026,mls,139,0.7882,2,0,ST,NA,-0.9259,-0.0035999999999999878,-0.0154,-0.1485,-0.1638,0.2247,0.1021,-0.0027,Cayman Togashi,1993-08-10,Japan,Atlanta United FC,113400,USD,2026-08-18 13:59:21.632122
Xj5Y6zYAqb,vzqoOgNqap,2026,mls,1128,0.1476,3,1,CM,NA,17.3155,0.4368,0.2084,-0.1578,0.1651,0.1319,0.101,-0.0118,Edvard Tagseth,2001-01-23,Norway,Nashville SC,736667,USD,2026-08-18 13:59:21.632122
Xj5Y9XmX5b,0KPqjA456v,2026,mls,1575,3.3982,29,3,DM,NA,-11.3381,2.6539,0.5045,0.53,0.0339,0.9,0.681,0.0045,Beau Leroux,2003-08-31,USA,San Jose Earthquakes,249996,USD,2026-08-18 13:59:21.632122
Xj5Y9wax5b,kRQand1MKZ,2026,mls,28,0,0,0,CM,NA,0.4799,0.046799999999999994,0.0554,0.0154,-0.0262,0.0022,0,0,Peter Stroud,2002-04-23,USA,Minnesota United FC,223083,USD,2026-08-18 13:59:21.632122
Xj5Y9zw05b,a2lqRX2Mr0,2026,mls,1540,0.303,5,0,CB,NA,11.4071,2.3629,0.8626,1.0473,0.3479,0.263,0.1173,-0.2752,Dylan Nealis,1998-07-30,USA,New York Red Bulls,412500,USD,2026-08-18 13:59:21.632122
Xj5YLGKxMb,zeQZBOzQKw,2026,mls,1503,0.7618,7,1,CB,NA,55.3657,3.2696,1.05,1.3133,0.2205,0.5369,0.1918,-0.0429,Christopher McVey,1997-04-12,Sweden,San Diego FC,576813,USD,2026-08-18 13:59:21.632122
Xj5YyNjE5b,zeQZkL1MKw,2026,mls,1470,0.486,5,0,DM,NA,17.8524,3.021,1.4899,0.5435,0.0454,0.499,0.1084,0.3348,Yannick Bright,2001-09-03,Italy,Inter Miami CF,464192,USD,2026-08-18 13:59:21.632122
Xj5YyZOw5b,9z5k7Yg5A3,2026,mls,1324,0.4191,6,0,CB,NA,2.8785,2.0339,0.9491,0.8302,-0.2644,0.3502,0.2201,-0.0513,Olwethu Makhanya,2004-04-30,South Africa,Philadelphia Union,338875,USD,2026-08-18 13:59:21.632122
Xj5Yyz3y5b,19vQ2095K6,2026,mls,13,0,0,0,ST,NA,-1.5561,-0.0587,-0.0063,-0.0663,-0.0087,0.0226,0,0,Jayden Da,2002-04-08,USA,New England Revolution,NA,NA,2026-08-18 13:59:21.632122
a35rB7Do5L,KAqBN0Vqbg,2026,mls,407,1.6034,8,0,W,NA,-4.0619,1.5338,0.353,0.0409,0.0981,0.8147,0.2693,-0.0422,Luke Brennan,2005-02-24,USA,Atlanta United FC,125000,USD,2026-08-18 13:59:21.632122
a35rBOLG5L,a2lqRX2Mr0,2026,mls,413,0.0527,2,0,FB,NA,-8.6985,-0.2881,0.3197,0.0548,-0.4183,-0.0083,0.0383,-0.2743,Omar Valencia,2004-06-08,Panama,New York Red Bulls,142375,USD,2026-08-18 13:59:21.632122
a35rBgow5L,9z5k7Yg5A3,2026,mls,351,1.167,9,2,CB,NA,-6.6817,0.47019999999999995,0.1822,0.1704,-0.2565,0.3238,0.2991,-0.2488,Neil Pierre,2007-10-19,USA,Philadelphia Union,129798,USD,2026-08-18 13:59:21.632122
a35rBoxG5L,NWMWlBK5lz,2026,mls,1521,0.7644,15,1,FB,NA,24.6068,2.3195,0.9432,0.1186,0.4709,0.4789,0.3505,-0.0426,Bryan Ramirez,2000-08-11,Ecuador,FC Cincinnati,684100,USD,2026-08-18 13:59:21.632122
a35rKA2AqL,X0Oq66zq6D,2026,mls,611,0.2491,6,0,DM,NA,9.1446,0.5867,0.2842,0.0582,0.0643,0.0572,0.1149,0.0079,Mauricio Pineda,1997-10-17,USA,Chicago Fire FC,320157,USD,2026-08-18 13:59:21.632122
a35rKGpLqL,kRQabn8MKZ,2026,mls,1878,4.4466,40,4,W,NA,-8.0676,4.2363,0.7692,-0.0584,0.9623,1.5493,0.9744,0.0395,Dániel Sallói,1996-07-19,Hungary,Toronto FC,1343333,USD,2026-08-18 13:59:21.632122
a35rKYrAqL,EKXMeX3Q64,2026,mls,433,0.9913,8,0,W,NA,-6.0423,0.8509,0.167,0.0118,-0.0837,0.5487,0.1763,0.0308,Aaron Herrera,1997-06-06,USA,D.C. United,945220,USD,2026-08-18 13:59:21.632122
a35rlyZ4QL,WBLMvYAQxe,2026,mls,1034,0.0136,1,0,DM,NA,19.46,0.9014,0.433,0.3195,0.0558,0.0632,2e-4,0.0297,Diego Chará,1986-04-05,Colombia,Portland Timbers FC,388044,USD,2026-08-18 13:59:21.632122
a35ry7P2ML,kaDQ0wRqEv,2026,mls,606,4.3251,20,5,ST,NA,-3.3165,2.3387000000000002,0.1696,-0.3883,0.083,1.7511,0.7258,-0.0025,João Klauss,1997-03-01,Brazil,LA Galaxy,2915000,USD,2026-08-18 13:59:21.632122
a35ryXm2ML,kaDQ0wRqEv,2026,mls,510,0,0,0,GK,NA,-0.2015,NA,NA,NA,NA,NA,NA,NA,Novak Mićović,2001-10-25,Serbia,LA Galaxy,200000,USD,2026-08-18 13:59:21.632122
a35ryZ7bML,19vQ2095K6,2026,mls,85,0,0,0,FB,NA,0.9838,0.0684,0.0535,-0.0369,0.0253,0.0296,0,-0.0031,Tanner Beason,1997-03-23,USA,New England Revolution,350000,USD,2026-08-18 13:59:21.632122
a35rymlLML,kRQand1MKZ,2026,mls,1925,0,0,0,GK,NA,3.197,NA,NA,NA,NA,NA,NA,NA,Drake Callender,1997-10-07,USA,Minnesota United FC,505917,USD,2026-08-18 13:59:21.632122
aDQ0LoylQE,jYQJ8EW5GR,2026,mls,1457,2.6124,15,3,FB,NA,-2.1881,3.0848,0.7694,-0.3155,0.5072,1.6028,0.4715,0.0494,Griffin Dorsey,1999-03-05,USA,Orlando City SC,767891,USD,2026-08-18 13:59:21.632122
aDQ0NJKG5E,a2lqR4JMr0,2026,mls,411,3.4354,13,1,ST,NA,-4.6952,1.3154000000000001,0.2178,-0.5081,-0.8691,1.9593,0.4784,0.0371,Victor Olatunji,1999-09-05,Nigeria,Real Salt Lake,626500,USD,2026-08-18 13:59:21.632122
aDQ0Njb35E,kRQabn8MKZ,2026,mls,659,0.7908,5,0,W,NA,-5.3815,0.6657,0.1993,-0.4331,0.1364,0.6798,0.12,-0.0367,Malik Henry,2002-07-23,Canada,Toronto FC,88025,USD,2026-08-18 13:59:21.632122
aDQ0PGv3QE,zeQZBOzQKw,2026,mls,651,0.4508,7,0,W,NA,0.0904,1.3266,0.1611,-0.2299,0.2154,0.4698,0.1676,0.5426,Alex Mighten,2002-04-11,England,San Diego FC,332292,USD,2026-08-18 13:59:21.632122
aDQ0PJpPQE,EKXMeX3Q64,2026,mls,1446,9.7188,34,12,ST,NA,1.7334,3.9204000000000003,0.2554,-0.486,-0.4852,3.6916,0.898,0.0466,Tai Baribo,1998-01-15,Israel,D.C. United,2349000,USD,2026-08-18 13:59:21.632122
aDQ0PZY3QE,NPqxKXZ59d,2026,mls,1832,5.4272,49,10,AM,NA,6.1463,3.4331,0.4687,-0.1799,0.2433,1.6459,1.221,0.0341,Pep Biel,1996-09-05,Spain,Charlotte FC,3015563,USD,2026-08-18 13:59:21.632122
aDQ0PjypQE,wvq9B9wQWn,2026,mls,1917,0.6531,3,1,CB,NA,53.3199,2.8144,0.8751,1.4908,0.2186,0.1893,0.1198,-0.0792,Timo Baumgartl,1996-03-04,Germany,St. Louis City SC,693333,USD,2026-08-18 13:59:21.632122
aDQ0PkRRQE,jYQJ8EW5GR,2026,mls,917,0.7581,6,0,CM,NA,1.3366,2.0377,0.8815,0.527,0.1817,0.2725,0.2089,-0.0339,Eduard Atuesta,1997-06-18,Colombia,Orlando City SC,825250,USD,2026-08-18 13:59:21.632122
aDQ0PnvBQE,kRQabn8MKZ,2026,mls,678,1.3475,12,2,AM,NA,-0.6872,1.4576,0.1061,0.116,0.1822,0.7111,0.3119,0.0303,Djordje Mihailovic,1998-11-10,USA,Toronto FC,2828204,USD,2026-08-18 13:59:21.632122
aDQ0aG9pME,KAqBN0Vqbg,2026,mls,1646,4.5933,33,5,W,NA,0.3815,4.6594,0.7326,0.7137,0.2036,2.1544,0.876,-0.0209,Aleksey Miranchuk,1995-10-17,Russia,Atlanta United FC,5085441,USD,2026-08-18 13:59:21.632122
aDQ0aNE3ME,kRQand1MKZ,2026,mls,847,0.1023,1,0,CB,NA,3.3623,0.9394,0.5196,0.5581,0.0529,0.0162,0.0403,-0.2477,Michael Boxall,1988-08-18,New Zealand,Minnesota United FC,927500,USD,2026-08-18 13:59:21.632122
aDQ0aVkWME,mvzqoLZQap,2026,mls,471,1.7884,10,1,ST,NA,5.3287,1.9759,0.1031,0.1203,-0.0855,1.3584,0.1836,0.296,Jamal Thiaré,1993-03-31,Senegal,Columbus Crew,530000,USD,2026-08-18 13:59:21.632122
aDQ0aVwlME,pzeQZ6xQKw,2026,mls,1293,1.1705,6,0,CB,NA,11.1895,3.3787,1.3309,0.969,0.4976,0.558,0.1029,-0.0797,Rob Holding,1995-09-20,England,Colorado Rapids,1200000,USD,2026-08-18 13:59:21.632122
aDQ0ao1PME,lgpMOvnQzy,2026,mls,6,0.0296,1,0,FB,NA,-0.0192,-0.0029904711,0,-0.0058,0,0.0028,9.5289e-6,0,Sam Adekugbe,1995-01-16,England,Vancouver Whitecaps FC,1388000,USD,2026-08-18 13:59:21.632122
aDQ0l7kWQE,Vj58weDM8n,2026,mls,14,0.1242,1,0,FB,NA,0.6532,0.09180299369999999,0,0.0101,-0.0019,0.0836,2.9937e-6,0,Mitja Ilenič,2004-12-26,Slovenia,New York City FC,391700,USD,2026-08-18 13:59:21.632122
aDQ0lp9pQE,zeQZBOzQKw,2026,mls,908,2.4487,18,3,CM,NA,-1.1488,1.6196,0.265,-0.5681,-0.3434,1.3592,0.4734,0.4335,David Vazquez,2006-02-22,USA,San Diego FC,155880,USD,2026-08-18 13:59:21.632122
aDQ0lryRQE,lgpMOvnQzy,2026,mls,344,0.0656,2,0,FB,NA,-3.0533,0.0779,0.041,-0.0286,0.0122,0.0331,0.0424,-0.0222,Mihail Gherasimencov,2005-03-25,USA,Vancouver Whitecaps FC,97748,USD,2026-08-18 13:59:21.632122
aDQ0x9bpQE,lgpMOvnQzy,2026,mls,264,1.7827,7,1,ST,NA,-2.3156,0.9862,0.1777,-0.0996,-0.2163,0.8492,0.2739,0.0013,Rayan Elloumi,2007-09-17,Canada,Vancouver Whitecaps FC,103671,USD,2026-08-18 13:59:21.632122
e7Mz0EpXqr,mKAqBBmqbg,2026,mls,1586,1.9208,14,1,CM,NA,2.4407,1.4153,0.6589,-0.2943,0.2262,0.6279,0.2856,-0.089,Kaick,2005-11-29,Brazil,FC Dallas,251900,USD,2026-08-18 13:59:21.632122
e7Mz913GQr,eVq3ya6MWO,2026,mls,578,0.2921,1,0,CB,NA,17.0882,1.5687,1.0687,0.4721,0.0061,-0.0032,0.0437,-0.0187,Aaron Long,1992-10-12,USA,Los Angeles FC,1050000,USD,2026-08-18 13:59:21.632122
e7Mz9NpeQr,NPqxKXZ59d,2026,mls,1134,0.4003,7,0,FB,NA,20.9477,1.1586,0.3449,0.3164,-0.0093,0.3641,0.1968,-0.0543,Harry Toffolo,1995-08-19,England,Charlotte FC,1020000,USD,2026-08-18 13:59:21.632122
e7Mz9PWjQr,pzeQZ6xQKw,2026,mls,521,0.2601,3,1,FB,NA,10.3604,0.8741,0.2773,0.2908,0.0503,0.2227,0.046,-0.013,Keegan Rosenberry,1993-12-11,USA,Colorado Rapids,300000,USD,2026-08-18 13:59:21.632122
e7Mz9eaOQr,zeQZkL1MKw,2026,mls,1559,1.8068,24,4,CM,NA,14.6389,5.5923,1.1793,1.7864,0.9239,1.0318,0.5864,0.0845,Rodrigo de Paul,1994-05-24,Argentina,Inter Miami CF,9688320,USD,2026-08-18 13:59:21.632122
e7MzAxyGQr,NPqxKXZ59d,2026,mls,304,0,0,0,CB,NA,2.2144,0.8849,0.7791,0.0928,0.019,0.0014,0,-0.0074,Henry Kessler,1998-06-25,USA,Charlotte FC,965525,USD,2026-08-18 13:59:21.632122
e7MzJPvGMr,kaDQ0wRqEv,2026,mls,712,0,0,0,FB,NA,3.6729,1.0347,0.6055,0.3112,0.1295,0.0325,0,-0.044,Julián Aude,2003-03-24,Argentina,LA Galaxy,385000,USD,2026-08-18 13:59:21.632122
e7MzJV2GMr,Vj58weDM8n,2026,mls,1759,7.5294,47,13,ST,NA,0.628,5.1185,0.5737,0.4798,0.795,1.3809,1.2012,0.6879,Nicolás Fernández,2000-01-11,Argentina,New York City FC,3650000,USD,2026-08-18 13:59:21.632122
e7MzJVJ7Mr,pzeQZ6xQKw,2026,mls,121,0.2885,3,0,W,NA,-0.8415,0.1368,0.0975,-0.1107,0.0219,0.0625,0.0829,-0.0173,Ted Ku-Dipietro,2002-01-28,USA,Colorado Rapids,556000,USD,2026-08-18 13:59:21.632122
e7MzZ63OMr,mKAqBBmqbg,2026,mls,872,0.4155,6,0,FB,NA,-6.927,1.8989,0.4561,0.191,0.6552,0.1458,0.1399,0.3109,Bernard Kamungo,2002-01-01,Tanzania,FC Dallas,281000,USD,2026-08-18 13:59:21.632122
e7MzZNxJMr,zeQZkL1MKw,2026,mls,129,0.385,3,1,CM,NA,1.3089,0.48260000000000003,0.1045,0.1797,0.0631,0.0374,0.0979,0,Preston Plambeck,2005-12-20,USA,Inter Miami CF,NA,NA,2026-08-18 13:59:21.632122
e7MzZpaXMr,vzqoOgNqap,2026,mls,598,0.3369,4,0,FB,NA,-4.7368,0.5623,0.3502,-0.026,-0.066,0.247,0.0601,-0.003,Josh Bauer,1998-07-22,USA,Nashville SC,253667,USD,2026-08-18 13:59:21.632122
e7MzzmEeMr,zeQZBOzQKw,2026,mls,1760,0.1876,3,0,CB,NA,75.0531,3.5506,1.8807,1.7756,0.1311,0.025,0.0069,-0.2687,Manu Duah,2005-06-05,Ghana,San Diego FC,92025,USD,2026-08-18 13:59:21.632122
eV5D0G2Z5K,NWMWlBK5lz,2026,mls,219,0,0,0,CB,NA,-1.357,0.37960000000000005,0.273,0.0012,0.056,0.0149,0,0.0345,Alvas Powell,1994-07-18,Jamaica,FC Cincinnati,325750,USD,2026-08-18 13:59:21.632122
eV5D0on95K,jYQJ19EqGR,2026,mls,168,0,0,0,CB,NA,2.0244,0.2606,0.1355,0.1262,0.0046,-0.0029,0,-0.0028,Kim Kee-hee,1989-07-13,South Korea,Seattle Sounders FC,113400,USD,2026-08-18 13:59:21.632122
eV5D21BAQK,Z2vQ1xlqrA,2026,mls,1239,0.0799,1,0,CB,NA,11.4564,1.5928,1.2194,0.361,-0.1453,0.1378,0.0381,-0.0182,Wyatt Meyer,2001-11-12,USA,Sporting Kansas City,116550,USD,2026-08-18 13:59:21.632122
eV5D2NgaQK,9z5k7Yg5A3,2026,mls,272,0.1678,3,0,FB,NA,-0.581,-0.13919999999999996,0.1312,0.2007,-0.5708,0.0444,0.0402,0.0151,Philippe Ndinga Ossibadjouo,2005-06-03,Congo,Philadelphia Union,332250,USD,2026-08-18 13:59:21.632122
eV5D2RJAQK,a2lqR4JMr0,2026,mls,1761,0.7339,16,0,CM,NA,13.8215,2.5101,1.239,0.2274,0.2643,0.4002,0.252,0.1272,Noel Caliskan,2000-08-29,Germany,Real Salt Lake,113400,USD,2026-08-18 13:59:21.632122
eV5DB6nQKn,a2lqRX2Mr0,2026,mls,258,0.9944,4,2,ST,NA,-1.1125,-0.174,0.0174,-0.5182,-0.0714,0.3275,0.0698,9e-4,Eric Maxim Choupo-Moting,1989-03-23,Cameroon,New York Red Bulls,3530667,USD,2026-08-18 13:59:21.632122
eV5DL18a5K,kaDQ0wRqEv,2026,mls,1274,0.2194,6,0,CB,NA,14.2697,2.3783000000000003,1.2934,0.9776,0.0666,0.0801,0.056,-0.0954,Jakob Glesnes,1994-03-25,Norway,LA Galaxy,1268503,USD,2026-08-18 13:59:21.632122
eV5DL1xR5K,mvzqoLZQap,2026,mls,1959,0.2833,6,0,CB,NA,42.0159,2.2856,0.8808,0.6033,0.6035,0.1045,0.1273,-0.0338,Sean Zawadzki,2000-04-21,USA,Columbus Crew,900500,USD,2026-08-18 13:59:21.632122
eV5DL9aZ5K,APk5LGOMOW,2026,mls,1738,0.2344,6,0,FB,NA,24.7221,2.0031,0.512,0.5992,0.0225,0.4295,0.1424,0.2975,Luca Petrasso,2000-06-16,Canada,CF Montréal,134736,USD,2026-08-18 13:59:21.632122
eV5DLWdm5K,KAqBN0Vqbg,2026,mls,261,0,0,0,FB,NA,0.2307,0.2031,0.1879,0.0285,-0.0098,0.041,0,-0.0445,Ronald Hernández,1997-09-21,Venezuela,Atlanta United FC,159000,USD,2026-08-18 13:59:21.632122
eV5DLnOY5K,vzqoOgNqap,2026,mls,1410,0.7856,7,1,CB,NA,29.1772,2.0839,0.4895,1.2688,0.0782,0.2096,0.1815,-0.1437,Jeisson Palacios,1994-03-20,Colombia,Nashville SC,1097500,USD,2026-08-18 13:59:21.632122
eV5DRabAQK,kRQabn8MKZ,2026,mls,85,0,0,0,CB,NA,-0.9173,0.1486,0.1801,-0.001,0.0073,-0.001,0,-0.0368,Micah Chisholm,2004-11-19,Canada,Toronto FC,NA,NA,2026-08-18 13:59:21.632122
eV5DkvNOMK,jYQJ19EqGR,2026,mls,322,0.2922,2,0,CB,NA,3.9613,0.09069999999999998,-0.3103,0.2269,0.009,0.1456,0.0422,-0.0227,Stuart Hawkins,2006-09-18,USA,Seattle Sounders FC,125421,USD,2026-08-18 13:59:21.632122
eV5DkxpAMK,mvzqoLZQap,2026,mls,171,0.2081,2,0,W,NA,1.6365,0.1634,0.0019,-0.1167,0.0761,0.1179,0.0894,-0.0052,Nariman Akhundzade,2004-04-23,Azerbaijan,Columbus Crew,633389,USD,2026-08-18 13:59:21.632122
eV5DkyKOMK,vzqoOgNqap,2026,mls,119,0.0673,1,0,CM,NA,0.5423,0.5423,0.0608,0.1086,0.1672,0.1179,0.0146,0.0732,Elias Saad,1999-12-27,Tunisia,Nashville SC,NA,NA,2026-08-18 13:59:21.632122
eV5DpPa5Kn,X0Oq66zq6D,2026,mls,280,1.245,10,2,ST,NA,-0.3117,0.9753999999999999,0.0115,-0.1004,0.1603,0.5256,0.3463,0.0321,Robert Lewandowski,1988-08-21,Poland,Chicago Fire FC,NA,NA,2026-08-18 13:59:21.632122
eV5Dz67ZQK,9z5k7Yg5A3,2026,mls,1507,0.5,9,0,CM,NA,1.6947,2.0355,1.1933,0.3512,0.2009,0.2142,0.1322,-0.0563,Jovan Lukić,2002-01-20,Serbia,Philadelphia Union,441375,USD,2026-08-18 13:59:21.632122
eV5DzXvnQK,APk5LGOMOW,2026,mls,1652,0.7921,18,1,CB,NA,8.8042,3.1712,1.4979,1.1957,-0.0493,0.2616,0.2922,-0.0269,Brayan Vera,1999-01-15,Colombia,CF Montréal,748000,USD,2026-08-18 13:59:21.632122
eV5Dzm8EQK,eVq3ya6MWO,2026,mls,203,0,0,0,CB,NA,2.8282,0.3264,0.1444,0.1593,0.0056,0.0222,0,-0.0051,Kenny Nielsen,2002-02-13,USA,Los Angeles FC,88025,USD,2026-08-18 13:59:21.632122
eV5Dzr7EQK,gpMOLwl5zy,2026,mls,312,0.2885,4,0,ST,NA,-7.2626,0.3317,0.0852,-0.2048,-0.0293,0.3845,0.0967,-6e-4,CJ Fodrey,2004-02-10,USA,Austin FC,120000,USD,2026-08-18 13:59:21.632122
eVq3aOPvMW,WBLMvYAQxe,2026,mls,19,0.1201,1,0,DM,NA,-0.8193,-0.0704,0.0157,-0.1015,0.0044,0.012,6e-4,-0.0016,Vincent Janssen,1994-06-15,Netherlands,Portland Timbers FC,NA,NA,2026-08-18 13:59:21.632122
eVq3alzDMW,gpMOLwl5zy,2026,mls,631,0.2658,5,1,FB,NA,15.6632,1.1449,0.4453,0.1264,0.0255,0.2182,0.1645,0.165,Mikkel Desler,1995-02-19,Denmark,Austin FC,550000,USD,2026-08-18 13:59:21.632122
eVq3eJOwMW,Vj58weDM8n,2026,mls,34,0,0,0,DM,NA,0.8691,0.0227,0.0274,-0.0331,0.023,0.0023,0,0.0031,Kevin Pierre,2003-06-21,USA,New York City FC,90226,USD,2026-08-18 13:59:21.632122
eVq3ejEvMW,Vj58weDM8n,2026,mls,144,0.4942,2,0,ST,NA,-1.6027,0.3829,0.0535,0.047,0.0159,0.2369,0.0253,0.0043,Seymour Reid,2008-03-04,Jamaica,New York City FC,102840,USD,2026-08-18 13:59:21.632122
eVq3jBAv5W,eVq3ya6MWO,2026,mls,254,0.7358,3,0,ST,NA,-1.7242,0.08359999999999998,-0.277,-0.354,0.2532,0.3346,0.1085,0.0183,Jeremy Ebobisse,1997-02-14,USA,Los Angeles FC,722500,USD,2026-08-18 13:59:21.632122
eVq3jBjj5W,NWMWlBK5lz,2026,mls,849,3.6471,15,6,ST,NA,-0.011,2.4739,0.4235,-0.3963,-0.2035,2.0275,0.6265,-0.0038,Tom Barlow,1995-07-08,USA,FC Cincinnati,121733,USD,2026-08-18 13:59:21.632122
eVq3jDBG5W,a2lqRX2Mr0,2026,mls,496,1.2878,12,0,CM,NA,0.4145,0.9731,-0.0259,-0.0534,0.2034,0.5313,0.335,-0.0173,Gustav Berggren,1997-09-07,Sweden,New York Red Bulls,1310000,USD,2026-08-18 13:59:21.632122
eVq3jJYw5W,0KPqjA456v,2026,mls,250,0.0238,1,0,DM,NA,0.4478,0.1803,0.1732,-0.0765,0.0442,0.0142,0.0272,-0.002,Jonathan González,1999-04-13,Mexico,San Jose Earthquakes,275625,USD,2026-08-18 13:59:21.632122
eVq3jn1g5W,pzeQZ6xQKw,2026,mls,41,0.172,3,0,DM,NA,0.455,0.064,0,0.0098,-0.0111,0.0176,0.0477,0,Youssef Maziz,1998-06-24,France,Colorado Rapids,NA,NA,2026-08-18 13:59:21.632122
eVq3jx6G5W,lgpMOvnQzy,2026,mls,1335,0.2508,8,0,DM,NA,4.9371,1.1702,0.8162,0.3858,-0.1207,0.1075,0.1141,-0.1327,Andrés Cubas,1996-05-11,Paraguay,Vancouver Whitecaps FC,1153333,USD,2026-08-18 13:59:21.632122
eVq3jyYV5W,a2lqR4JMr0,2026,mls,1208,0.3787,4,0,CB,NA,33.6569,1.086,0.4032,0.6152,0.0724,0.1974,0.0813,-0.2835,Justen Glad,1997-02-28,USA,Real Salt Lake,1330000,USD,2026-08-18 13:59:21.632122
eVq3r1eD5W,a2lqRX2Mr0,2026,mls,1724,1.6971,12,1,CM,NA,15.7641,3.7883999999999998,0.7403,1.1508,0.8503,0.7883,0.3475,-0.0888,Ronald Donkor,2004-11-20,Mali,New York Red Bulls,175400,USD,2026-08-18 13:59:21.632122
eVq3rBnV5W,zeQZkL1MKw,2026,mls,972,2.1023,27,3,W,NA,-8.9351,2.6473999999999998,0.2161,0.3735,0.6265,0.7995,0.6712,-0.0394,Mateo Silvetti,2006-01-14,Argentina,Inter Miami CF,607078,USD,2026-08-18 13:59:21.632122
eVq3rXzD5W,NWMWlBK5lz,2026,mls,1214,1.3082,17,1,FB,NA,3.7983,2.7315,0.5572,0.3378,0.7244,0.6043,0.4302,0.0776,Ender Echenique,2004-04-02,Venezuela,FC Cincinnati,446580,USD,2026-08-18 13:59:21.632122
eVq3rkkw5W,APk5LGOMOW,2026,mls,253,0.057,1,0,CB,NA,-1.4609,0.3708,0.167,0.1611,0.0205,0.0096,0.0288,-0.0162,Tomás Avilés,2004-02-03,Argentina,CF Montréal,522500,USD,2026-08-18 13:59:21.632122
eVq3x2B6QW,wvq9B9wQWn,2026,mls,1816,0.8197,9,0,CB,NA,26.9108,2.6418,1.4513,0.7677,0.0279,0.1938,0.2125,-0.0114,Dante Polvara,2000-06-21,USA,St. Louis City SC,436806,USD,2026-08-18 13:59:21.632122
eVq3xWKgQW,WBLMvYAQxe,2026,mls,714,0.2648,6,0,DM,NA,5.7153,1.0217,0.5849,0.0967,0.1089,0.1829,0.0682,-0.0199,José Caicedo,2002-05-23,Colombia,Portland Timbers FC,1075009,USD,2026-08-18 13:59:21.632122
eVq3xk1VQW,lgpMOvnQzy,2026,mls,1262,3.1288,34,6,DM,NA,14.7512,3.0184,0.4634,1.3726,0.4294,0.2043,0.5849,-0.0362,Sebastian Berhalter,2001-05-10,USA,Vancouver Whitecaps FC,480000,USD,2026-08-18 13:59:21.632122
eVq3y3LXMW,mKAqBBmqbg,2026,mls,14,0,0,0,W,NA,0.3222,0.1217,0.123,-0.0027,0,0.0014,0,0,Caleb Swann,2007-02-04,USA,FC Dallas,88025,USD,2026-08-18 13:59:21.632122
eVq3y6KGMW,eVq3ya6MWO,2026,mls,1056,3.4839,28,6,W,NA,-14.6769,3.2373000000000003,0.36870000000000003,-0.0102,0.9664,1.038,0.8318,0.0426,David Martínez,2006-02-07,Venezuela,Los Angeles FC,550000,USD,2026-08-18 13:59:21.632122
eVq3yPAGMW,kRQand1MKZ,2026,mls,1925,1.4493,12,1,CB,NA,18.8924,3.9724,1.8924,0.7931,0.0735,0.8809,0.3385,-0.006,Morris Duggan,2000-10-24,Germany,Minnesota United FC,113400,USD,2026-08-18 13:59:21.632122
eVq3yR3yMW,kRQand1MKZ,2026,mls,1163,0.1463,5,0,CM,NA,30.5669,2.1991,1.197,0.5193,0.278,0.1619,0.0525,-0.0096,Owen Gene,2003-03-19,France,Minnesota United FC,450100,USD,2026-08-18 13:59:21.632122
gOMn6eOBMw,0KPqjA456v,2026,mls,887,4.4216,21,5,W,NA,-18.753,4.2322999999999995,0.2225,0.569,1.9049,0.9438,0.5045,0.0876,Timo Werner,1996-03-06,Germany,San Jose Earthquakes,4268039,USD,2026-08-18 13:59:21.632122
gOMn6jW8Mw,KAqBN0Vqbg,2026,mls,412,0.0252,1,0,CB,NA,9.448,0.5710000000000001,0.0223,0.3894,0.0516,0.0494,0.0506,0.0077,Júnior Alonso,1993-02-09,Paraguay,Atlanta United FC,NA,NA,2026-08-18 13:59:21.632122
gOMn6n8XMw,gpMOLwl5zy,2026,mls,879,3.2047,16,5,ST,NA,-7.8385,1.9379,0.1541,-0.3188,0.016,1.4945,0.5527,0.0394,Christian Ramírez,1991-04-04,USA,Austin FC,577500,USD,2026-08-18 13:59:21.632122
gOMnR0wlMw,kRQand1MKZ,2026,mls,71,0,0,0,CM,NA,0.6838,0.0698,0.0069,0.0373,0.0177,0.0263,0,-0.0184,Julian Gressel,1993-12-16,Germany,Minnesota United FC,1204005,USD,2026-08-18 13:59:21.632122
gOMnR96lMw,vzqoOgNqap,2026,mls,820,1.5104,6,0,W,NA,-3.6972,1.1662,0.2931,-0.2515,0.1232,0.844,0.1492,0.0082,Alex Muyl,1995-09-30,USA,Nashville SC,655000,USD,2026-08-18 13:59:21.632122
gOMnRE8BMw,wvq9B9wQWn,2026,mls,1534,6.7069,60,6,AM,NA,-2.3816,6.8472,0.9185,0.5334,1.4504,2.4693,1.4963,-0.0207,Marcel Hartel,1996-01-19,Germany,St. Louis City SC,2407813,USD,2026-08-18 13:59:21.632122
gOMnRnO8Mw,eVq3ya6MWO,2026,mls,227,0,0,0,GK,NA,-0.2098,NA,NA,NA,NA,NA,NA,NA,Thomas Hasal,1999-07-09,Canada,Los Angeles FC,210133,USD,2026-08-18 13:59:21.632122
gOMnRzymMw,WBLMvYAQxe,2026,mls,1959,0,0,0,GK,NA,6.5424,NA,NA,NA,NA,NA,NA,NA,James Pantemis,1997-02-21,Canada,Portland Timbers FC,320833,USD,2026-08-18 13:59:21.632122
gOMnY6XOQw,Z2vQ1xlqrA,2026,mls,188,0,0,0,CB,NA,-0.6656,0.6063,0.482,0.0913,0.0381,-5e-4,0,-0.0046,Moises Castillo Mosquera,2001-05-24,Colombia,Sporting Kansas City,NA,NA,2026-08-18 13:59:21.632122
gOMnYNjlQw,NWMWlBK5lz,2026,mls,15,0,0,0,CM,NA,0.1335,-0.013300000000000001,0.0124,-0.0047,-0.0089,5e-4,0,-0.0126,Stiven Jimenez,2007-06-24,USA,FC Cincinnati,113400,USD,2026-08-18 13:59:21.632122
gOMnYVweQw,zeQZkL1MKw,2026,mls,1084,0.3411,4,1,CB,NA,-1.1779,0.9604,0.6496,0.3183,0.0124,0.1093,0.1136,-0.2428,Gonzalo Lujan,2001-04-07,Argentina,Inter Miami CF,921750,USD,2026-08-18 13:59:21.632122
gOMnYZnAQw,wvq9B9wQWn,2026,mls,51,0,0,0,CB,NA,-1.0956,0.0356,0.0242,0.0125,-0.0084,1e-4,0,0.0072,Mamadou Fall,2002-11-21,Senegal,St. Louis City SC,496350,USD,2026-08-18 13:59:21.632122
gOMnd9ROqw,NWMWlBK5lz,2026,mls,52,0,0,0,FB,NA,-0.0074,-0.08149999999999999,0.1091,0.0451,0.0055,0.0088,0,-0.25,Ayoub Lajhar,2004-07-10,Libya,FC Cincinnati,NA,NA,2026-08-18 13:59:21.632122
gOMndX0Jqw,mKAqBBmqbg,2026,mls,25,0,0,0,AM,NA,0.0634,-0.0579,-0.0032,-0.0042,-0.0689,0.0194,0,-0.001,Ricky Louis,2004-10-04,Haiti,FC Dallas,88858,USD,2026-08-18 13:59:21.632122
gOMndYAxqw,kRQand1MKZ,2026,mls,8,0,0,0,W,NA,0.0896,0.0184,0.0403,0.0046,-0.0285,0.002,0,0,Troy Putt,2006-09-27,New Zealand,Minnesota United FC,NA,NA,2026-08-18 13:59:21.632122
gOMnl3y6qw,wvq9B9wQWn,2026,mls,669,2.1016,11,2,AM,NA,1.3172,1.5253,-0.0858,-0.1526,0.771,0.5255,0.4106,0.0566,Jeong Sang-Bin,2002-04-01,South Korea,St. Louis City SC,791833,USD,2026-08-18 13:59:21.632122
gOMnl6zBqw,jYQJ19EqGR,2026,mls,690,2.3619,14,2,ST,NA,-9.3849,1.7798,0.1072,-0.4145,0.2007,1.4228,0.4065,0.0571,Osaze De Rosario,2001-07-19,Canada,Seattle Sounders FC,315000,USD,2026-08-18 13:59:21.632122
gOMnlA96qw,X0Oq66zq6D,2026,mls,1843,0,0,0,GK,NA,-9.5575,NA,NA,NA,NA,NA,NA,NA,Chris Brady,2004-03-03,USA,Chicago Fire FC,348333,USD,2026-08-18 13:59:21.632122
gOMnlGZmqw,mvzqoLZQap,2026,mls,553,0.1439,4,0,FB,NA,6.7658,0.34909999999999997,0.4225,-0.1032,-0.1917,0.1701,0.0492,0.0022,Mohamed Farsi,1999-12-16,Canada,Columbus Crew,530000,USD,2026-08-18 13:59:21.632122
gOMnlKNeqw,NPqxKXZ59d,2026,mls,730,2.5343,17,2,W,NA,1.2726,2.1129000000000002,0.3271,0.0133,0.3371,0.741,0.4431,0.2513,Liel Abada,2001-10-03,Israel,Charlotte FC,2648500,USD,2026-08-18 13:59:21.632122
gOMnlWY8qw,wvq9B9wQWn,2026,mls,932,0.3661,3,0,CB,NA,24.4303,1.7592,0.6474,0.7435,0.1415,0.1561,0.0566,0.0141,Jaziel Orozco,2004-06-02,USA,St. Louis City SC,88025,USD,2026-08-18 13:59:21.632122
gOMnlp9eqw,EKXMeX3Q64,2026,mls,1706,0.4509,14,1,CM,NA,6.1114,2.4808,1.0282,0.8221,0.0295,0.1165,0.2875,0.197,Matti Peltola,2002-07-03,Finland,D.C. United,876000,USD,2026-08-18 13:59:21.632122
gjMN6B9KMK,gpMOLwl5zy,2026,mls,321,0.1371,2,0,CB,NA,-4.9932,0.3746,0.2825,-0.0041,-0.0301,0.1117,0.0426,-0.028,Mateja Djordjevic,2003-01-17,Serbia,Austin FC,335000,USD,2026-08-18 13:59:21.632122
gjMN6gkKMK,YgOMngl5wN,2026,mls,1504,0.5575,11,1,FB,NA,15.3724,1.4255,0.9118,0.3098,-0.208,0.3447,0.1517,-0.0845,Felipe Andrade,2002-05-29,Brazil,Houston Dynamo FC,252500,USD,2026-08-18 13:59:21.632122
gjMN6r64MK,EKXMeX3Q64,2026,mls,1840,2.3663,16,2,CB,NA,-33.5865,4.182,1.7713,0.1926,-0.0385,1.4601,0.4233,0.3732,Lucas Bartlett,1997-07-26,USA,D.C. United,585625,USD,2026-08-18 13:59:21.632122
gjMN7Xz05K,WBLMvYAQxe,2026,mls,327,0.9828,6,1,ST,NA,-1.7117,0.5801,0.0433,-0.0692,0.0398,0.3611,0.1984,0.0067,Gage Guerra,2002-12-21,USA,Portland Timbers FC,88025,USD,2026-08-18 13:59:21.632122
gjMNRGojMK,YgOMngl5wN,2026,mls,1794,5.7358,54,12,W,NA,-6.2291,6.6348,1.1082,0.9142,1.4679,1.4522,1.3274,0.3649,Guilherme,1995-04-13,Brazil,Houston Dynamo FC,1925230,USD,2026-08-18 13:59:21.632122
gjMNRZE3MK,Z2vQ1xlqrA,2026,mls,995,0,0,0,GK,NA,-14.9161,NA,NA,NA,NA,NA,NA,NA,Stefan Cleveland,1994-05-25,USA,Sporting Kansas City,237000,USD,2026-08-18 13:59:21.632122
gjMNRerBMK,kaDQ0wRqEv,2026,mls,37,0.0524,1,0,W,NA,-0.42,-0.0316,-0.0061,-0.0185,0.0013,0.0117,0.0302,-0.0502,Hirving Lozano,1995-07-30,Mexico,LA Galaxy,9333333,USD,2026-08-18 13:59:21.632122
gjMNRxjvMK,zeQZkL1MKw,2026,mls,999,0.6492,4,0,CB,NA,15.9631,0.69,0.0829,0.4447,0.0519,0.3187,0.0253,-0.2335,Maximiliano Falcón,1997-05-01,Uruguay,Inter Miami CF,674250,USD,2026-08-18 13:59:21.632122
gjMNeXBpQK,NWMWlBK5lz,2026,mls,1761,0,0,0,GK,NA,31.3322,NA,NA,NA,NA,NA,NA,NA,Roman Celentano,2000-09-14,USA,FC Cincinnati,574000,USD,2026-08-18 13:59:21.632122
gjMNjJbkMK,Z2vQ1xlqrA,2026,mls,1004,0.2973,1,1,CM,NA,-3.3586,1.293,1.5452,-0.1469,-0.384,0.2816,0.0319,-0.0348,Jacob Bartlett,2005-10-07,USA,Sporting Kansas City,91025,USD,2026-08-18 13:59:21.632122
gjMNjY0kMK,kRQand1MKZ,2026,mls,15,0,0,0,CM,NA,-0.4858,-0.0178,0,-0.0216,-0.0106,0.0128,0,0.0016,Dominik Fitz,1999-06-16,Austria,Minnesota United FC,893000,USD,2026-08-18 13:59:21.632122
gjMNjxPBMK,zeQZBOzQKw,2026,mls,226,0,0,0,FB,NA,3.3729,0.3563,0.2847,0.0682,0.0029,-0.0033,0,0.0038,Ian Pilcher,2003-03-21,USA,San Diego FC,88025,USD,2026-08-18 13:59:21.632122
gjMNv7PpMK,zeQZBOzQKw,2026,mls,1100,0.0287,1,0,CM,NA,48.048,1.754,0.8289,0.5805,0.259,0.1455,0,-0.0599,Aníbal Godoy,1990-02-10,Panama,San Diego FC,358333,USD,2026-08-18 13:59:21.632122
gjMNvV70MK,wvq9B9wQWn,2026,mls,203,0,0,0,GK,NA,-4.2081,NA,NA,NA,NA,NA,NA,NA,Ben Lundt,1995-09-24,Germany,St. Louis City SC,225000,USD,2026-08-18 13:59:21.632122
gjMNvrO4MK,mvzqoLZQap,2026,mls,1554,0.4959,11,0,FB,NA,48.7508,2.6521,0.9581,0.7487,0.4908,0.1861,0.2688,-4e-4,Steven Moreira,1994-08-13,France,Columbus Crew,922000,USD,2026-08-18 13:59:21.632122
gpMO1r1yqz,a2lqR4JMr0,2026,mls,33,0.1507,1,0,ST,NA,0.2622,0.1324,-0.0206,0.0057,0.0705,0.0233,0.0504,0.0031,Jesús Barea,2002-04-28,Spain,Real Salt Lake,89761,USD,2026-08-18 13:59:21.632122
gpMOL01y5z,kaDQ0wRqEv,2026,mls,1455,2.3753,17,2,CM,NA,5.1217,1.4018,0.7356,0.2241,-0.2307,0.4119,0.3736,-0.1127,Lucas Sanabria,2003-12-26,Uruguay,LA Galaxy,742800,USD,2026-08-18 13:59:21.632122
gpMOLX225z,mKAqBBmqbg,2026,mls,1191,0.9557,13,0,W,NA,-11.5459,1.0404,0.3663,-0.1457,-0.0674,0.5775,0.3169,-0.0072,Joaquín Valiente,2001-04-13,Uruguay,FC Dallas,442022,USD,2026-08-18 13:59:21.632122
gpMOa2rRqz,gpMOLwl5zy,2026,mls,741,0.2275,4,0,CM,NA,-3.0251,0.6804,0.5591,-0.0862,0.0595,0.0402,0.1122,-0.0044,Besard Šabović,1998-01-05,Sweden,Austin FC,650000,USD,2026-08-18 13:59:21.632122
gpMOa67Eqz,0KPqjA456v,2026,mls,1412,1.304,17,0,DM,NA,-3.499,1.2815,0.8646,-0.1236,-0.004,0.2001,0.3871,-0.0427,Ronaldo Vieira,1998-07-19,England,San Jose Earthquakes,853854,USD,2026-08-18 13:59:21.632122
gpMOa6DOqz,YgOMngl5wN,2026,mls,906,0.9974,14,1,CM,NA,-4.0713,1.5792,1.0607,-0.1943,0.1691,0.214,0.3162,0.0135,Agustín Bouzat,1994-03-28,Argentina,Houston Dynamo FC,705746,USD,2026-08-18 13:59:21.632122
gpMOa6zrqz,kRQabn8MKZ,2026,mls,896,2.3828,13,2,W,NA,-6.4337,0.9963,0.1688,-0.2659,-0.199,0.9257,0.3561,0.0106,Derrick Etienne Jr.,1996-11-25,Haiti,Toronto FC,375000,USD,2026-08-18 13:59:21.632122
gpMOaaB2qz,Z2vQ1xlqrA,2026,mls,1395,0.503,9,2,CM,NA,-7.8282,2.6812,0.6532,1.5039,0.0166,0.2497,0.1666,0.0912,Manu García,1998-01-02,Spain,Sporting Kansas City,2425313,USD,2026-08-18 13:59:21.632122
gpMOalwDqz,0KPqjA456v,2026,mls,781,1.75,12,0,DM,NA,4.7998,1.7959,0.7579,-0.0169,0.0805,0.4929,0.2225,0.259,Ian Harkes,1995-03-30,USA,San Jose Earthquakes,450000,USD,2026-08-18 13:59:21.632122
gpMOe7GOqz,kaDQ0wRqEv,2026,mls,892,0.0189,1,0,CB,NA,3.1696,0.8669999999999999,0.5124,0.6134,0.0531,0.015,0.0127,-0.3396,Emiro Garcés,2001-10-11,Colombia,LA Galaxy,518000,USD,2026-08-18 13:59:21.632122
gpMOeAdDqz,zeQZkL1MKw,2026,mls,82,0,0,0,AM,NA,1.6925,0.0931,0.0018,0.0217,0.0579,0.0144,0,-0.0027,Santiago Morales,2007-02-09,USA,Inter Miami CF,138333,USD,2026-08-18 13:59:21.632122
gpMOeEDEqz,kaDQ0wRqEv,2026,mls,143,0,0,0,W,NA,0.0886,-0.017300000000000003,0.0178,-0.0163,-0.108,0.0866,0,0.0026,Rubén Ramos Jr.,2007-01-22,USA,LA Galaxy,113400,USD,2026-08-18 13:59:21.632122
gpMOeEnOqz,a2lqR4JMr0,2026,mls,1610,3.8928,53,6,FB,NA,-0.2061,4.1959,0.5871,-0.182,0.783,1.6847,1.2672,0.0559,Zavier Gozo,2007-03-22,USA,Real Salt Lake,126123,USD,2026-08-18 13:59:21.632122
gpMOeEzyqz,KAqBN0Vqbg,2026,mls,1564,0.342,5,1,FB,NA,2.6257,1.1667,0.8142,0.0914,-0.3504,0.4718,0.1903,-0.0506,Tomás Jacob,2004-04-20,Argentina,Atlanta United FC,642500,USD,2026-08-18 13:59:21.632122
gpMOeGdrqz,WBLMvYAQxe,2026,mls,1368,2.8638,30,2,W,NA,-1.6412,1.7672,0.4251,-0.6734,-0.2455,1.6588,0.7197,-0.1175,Antony,2001-09-08,Brazil,Portland Timbers FC,666042,USD,2026-08-18 13:59:21.632122
gpMOeP02qz,zeQZkL1MKw,2026,mls,50,0,0,0,FB,NA,0.4179,-0.019700000000000002,-0.0048,-0.0122,0.0072,0.002,0,-0.0119,Cesar Abadia-Reda,2006-02-21,USA,Inter Miami CF,88025,USD,2026-08-18 13:59:21.632122
gpMOeWWRqz,kRQabn8MKZ,2026,mls,134,0.8795,5,0,AM,NA,1.2954,0.6013000000000001,0.0801,-0.2211,-0.0923,0.6995,0.1341,0.001,Jules-Anthony Vilsaint,2003-01-06,Canada,Toronto FC,156875,USD,2026-08-18 13:59:21.632122
gpMOo1JyMz,kRQabn8MKZ,2026,mls,396,0.5651,4,1,W,NA,8.305,1.0491,0.3579,-0.0125,0.4662,0.125,0.1144,-0.0019,Theo Corbeanu,2002-05-17,Canada,Toronto FC,496625,USD,2026-08-18 13:59:21.632122
gpMOoO8rMz,Z2vQ1xlqrA,2026,mls,913,0,0,0,GK,NA,-9.2749,NA,NA,NA,NA,NA,NA,NA,John Pulskamp,2001-04-19,USA,Sporting Kansas City,425375,USD,2026-08-18 13:59:21.632122
gpMOoOjEMz,kaDQ0wRqEv,2026,mls,1750,0.7181,9,0,CB,NA,1.2891,2.8096,1.4481,0.734,0.4355,0.3316,0.1167,-0.2563,Justin Haak,2001-09-12,USA,LA Galaxy,810561,USD,2026-08-18 13:59:21.632122
gpMOoOpOMz,zeQZBOzQKw,2026,mls,108,0,0,0,FB,NA,-3.1309,0.0956,0.0356,-4e-4,0.0486,0.0111,0,7e-4,Bryce Duke,2001-02-28,USA,San Diego FC,336500,USD,2026-08-18 13:59:21.632122
gpMOoZ47Mz,a2lqRX2Mr0,2026,mls,1471,5.1731,46,7,W,NA,3.6684,3.6955,0.2296,-1.0824,1.3842,1.8723,1.3682,-0.0764,Jorge Ruvalcaba,2001-07-23,USA,New York Red Bulls,788528,USD,2026-08-18 13:59:21.632122
gpMOogB1Mz,zeQZkL1MKw,2026,mls,1580,3.6599,24,3,CM,NA,31.874,3.908,0.8145,0.2771,0.7901,1.6038,0.6166,-0.1941,Telasco Segovia,2003-04-02,Venezuela,Inter Miami CF,360000,USD,2026-08-18 13:59:21.632122
gpMOov07Mz,kRQand1MKZ,2026,mls,1281,0.8995,17,1,CM,NA,6.3509,1.7686,0.8119,0.5572,-0.0714,0.4298,0.3111,-0.27,Nectarios Triantis,2003-05-11,Australia,Minnesota United FC,732665,USD,2026-08-18 13:59:21.632122
gpMOoypDMz,a2lqR4JMr0,2026,mls,491,0.2311,4,1,FB,NA,-4.3471,0.5912,0.2681,-0.164,0.1986,0.11,0.1439,0.0346,Zach Booth,2004-02-17,USA,Real Salt Lake,217500,USD,2026-08-18 13:59:21.632122
jYQJ14KyqG,X0Oq66zq6D,2026,mls,1590,6.9793,54,5,W,NA,-8.2121,5.6599,0.7707,0.5779,0.7208,1.6231,1.5004,0.467,Philip Zinckernagel,1994-12-16,Denmark,Chicago Fire FC,1635665,USD,2026-08-18 13:59:21.632122
jYQJ1PaVqG,YgOMngl5wN,2026,mls,1171,0.6642,6,0,CB,NA,22.2247,1.3976,0.9264,0.1388,0.0198,0.2827,0.1408,-0.1109,Antônio Carlos,1993-03-07,Brazil,Houston Dynamo FC,832676,USD,2026-08-18 13:59:21.632122
jYQJB7wVQG,WBLMvYAQxe,2026,mls,1344,2.5371,23,3,DM,NA,22.3465,2.146,0.6594,0.3144,-0.1997,0.7354,0.6285,0.008,Cole Bassett,2001-07-28,USA,Portland Timbers FC,850000,USD,2026-08-18 13:59:21.632122
jYQJBvJGQG,gpMOLwl5zy,2026,mls,851,0.7545,5,2,CB,NA,-4.2945,1.631,1.0299,0.2054,0.0113,0.2264,0.1535,0.0045,Jon Bell,1997-08-26,USA,Austin FC,225000,USD,2026-08-18 13:59:21.632122
jYQJYXpPqG,jYQJ8EW5GR,2026,mls,735,4.7533,28,5,W,NA,-10.7597,2.8236000000000003,0.3417,0.0613,-0.5143,2.1779,0.7492,0.0078,Tyrese Spicer,2000-12-04,Trinidad & Tobago,Orlando City SC,311875,USD,2026-08-18 13:59:21.632122
jYQJa30DqG,gpMOLwl5zy,2026,mls,1657,0.7912,19,1,W,NA,4.2152,2.0258,0.8591,0.3164,0.3469,0.4411,0.2965,-0.2342,Joseph Rosales,2000-11-06,Honduras,Austin FC,529875,USD,2026-08-18 13:59:21.632122
jYQJa3GEqG,9z5k7Yg5A3,2026,mls,876,0.0857,2,1,CB,NA,4.6029,1.4979,0.8558,0.4504,-0.1244,0.2547,0.0535,0.0079,Japhet Sery Larsen,2000-04-10,Denmark,Philadelphia Union,675300,USD,2026-08-18 13:59:21.632122
jYQJaaBdqG,YgOMngl5wN,2026,mls,1246,0.4596,16,2,CM,NA,28.202,3.1656,0.4695,1.8662,0.2347,0.2025,0.3433,0.0494,Jack McGlynn,2003-07-07,USA,Houston Dynamo FC,910320,USD,2026-08-18 13:59:21.632122
jYQJagNWqG,vzqoOgNqap,2026,mls,1938,0,0,0,GK,NA,2.0103,NA,NA,NA,NA,NA,NA,NA,Brian Schwake,2001-08-24,USA,Nashville SC,166800,USD,2026-08-18 13:59:21.632122
jYQJal6kqG,pzeQZ6xQKw,2026,mls,1046,0.1184,2,0,FB,NA,19.7318,1.5829,0.6421,0.8446,-0.0215,0.2549,0.0204,-0.1576,Miguel Navarro,1999-02-26,Venezuela,Colorado Rapids,548781,USD,2026-08-18 13:59:21.632122
jYQJamlEqG,kRQand1MKZ,2026,mls,585,0.5885,5,0,FB,NA,-7.769,0.6551,0.4821,-0.3716,0.0353,0.3651,0.1348,0.0094,Bongokuhle Hlongwane,2000-06-20,South Africa,Minnesota United FC,1142500,USD,2026-08-18 13:59:21.632122
jYQJanvVqG,wvq9B9wQWn,2026,mls,1677,0.9642,11,2,CM,NA,5.3706,2.2994,1.045,0.3906,0.053900000000000003,0.4396,0.333,0.0373,Daniel Edelman,2003-04-28,USA,St. Louis City SC,676350,USD,2026-08-18 13:59:21.632122
jYQJg3nEMG,wvq9B9wQWn,2026,mls,42,0.1577,2,0,ST,NA,-1.2449,0.1434,0.0373,-0.041,0.0515,0.0306,0.0672,-0.0022,Palmer Ault,2004-04-19,USA,St. Louis City SC,NA,NA,2026-08-18 13:59:21.632122
jYQJg6lWMG,9z5k7Yg5A3,2026,mls,463,1.7119,14,1,W,NA,-12.73,1.4647999999999999,0.3477,-0.1993,0.0402,0.7946,0.4435,0.0381,Augustin Anello,2002-04-22,USA,Philadelphia Union,539630,USD,2026-08-18 13:59:21.632122
jYQJg7nEMG,kRQabn8MKZ,2026,mls,49,0,0,0,CM,NA,-3.4885,-0.027100000000000003,-0.0148,-0.0453,0.0143,0.0162,0,0.0025,Antone Bossenberry,2008-08-14,Canada,Toronto FC,NA,NA,2026-08-18 13:59:21.632122
jYQJgEJdMG,9z5k7Yg5A3,2026,mls,1034,2.2936,31,1,W,NA,-3.8837,3.5702,0.3026,0.4911,0.773,1.0501,0.6941,0.2593,Cavan Sullivan,2009-09-28,USA,Philadelphia Union,614000,USD,2026-08-18 13:59:21.632122
jYQJgRABMG,19vQ2095K6,2026,mls,1419,0.9952,5,0,CB,NA,27.1504,1.2792,0.0237,0.4883,0.0956,0.5791,0.1194,-0.0269,Ethan Kohler,2005-05-20,USA,New England Revolution,308800,USD,2026-08-18 13:59:21.632122
jYQJgokGMG,kRQabn8MKZ,2026,mls,252,0.2052,2,0,CB,NA,0.4281,0.2788,-0.0294,0.1436,-8e-4,0.1211,0.0514,-0.0071,Lazar Stefanovic,2006-08-10,USA,Toronto FC,125306,USD,2026-08-18 13:59:21.632122
jYQJgrOWMG,zeQZBOzQKw,2026,mls,1175,0.3538,7,1,FB,NA,16.4953,2.0328,1.4524,0.2466,-0.1345,0.2573,0.1849,0.0261,Luca Bombino,2006-07-10,USA,San Diego FC,177200,USD,2026-08-18 13:59:21.632122
jYQJz0RGQG,zeQZBOzQKw,2026,mls,602,0,0,0,GK,NA,-0.203,NA,NA,NA,NA,NA,NA,NA,CJ dos Santos,2000-08-24,USA,San Diego FC,390875,USD,2026-08-18 13:59:21.632122
jYQJzApVQG,EKXMeX3Q64,2026,mls,1775,0.2719,5,1,FB,NA,-13.627,2.0956,0.9884,0.5553,0.3422,0.1136,0.1871,-0.091,Silvan Hefti,1997-10-25,Switzerland,D.C. United,434833,USD,2026-08-18 13:59:21.632122
jYQJzWGyQG,NWMWlBK5lz,2026,mls,1055,0.5589,3,0,CB,NA,11.0617,2.3082000000000003,1.1693,0.7388,0.1971,0.338,0.1434,-0.2784,Miles Robinson,1997-03-14,USA,FC Cincinnati,3950000,USD,2026-08-18 13:59:21.632122
jYQJzmgEQG,wvq9B9wQWn,2026,mls,55,0.0623,2,0,CM,NA,1.9425,0.2462,0.0342,0.0078,0.14,0.0148,0.037,0.0124,Alexandru Matan,1999-08-29,Romania,St. Louis City SC,NA,NA,2026-08-18 13:59:21.632122
jYQJznnkQG,wvq9B9wQWn,2026,mls,1594,1.2834,15,2,CM,NA,17.9446,1.9449999999999998,1.2561,0.1369,-0.3953,0.6527,0.3468,-0.0522,Chris Durkin,2000-02-08,USA,St. Louis City SC,668500,USD,2026-08-18 13:59:21.632122
jYQJznrBQG,APk5LGOMOW,2026,mls,1629,9.5594,43,11,ST,NA,-14.3719,5.1664,0.5213,-0.31,-0.7702,4.6192,0.9118,0.1943,Prince Owusu,1997-01-07,Germany,CF Montréal,1330000,USD,2026-08-18 13:59:21.632122
jYQJzpAkQG,NPqxKXZ59d,2026,mls,709,0.4195,2,1,DM,NA,2.7121,0.6017,0.3017,-0.1248,-0.2863,0.5755,0.1041,0.0315,Brandt Bronico,1995-06-20,USA,Charlotte FC,551667,USD,2026-08-18 13:59:21.632122
jYQJzwXkQG,zeQZBOzQKw,2026,mls,1278,0.9419,5,0,DM,NA,34.0927,3.5026,1.6432,0.6953,0.2821,0.4045,0.1261,0.3514,Jeppe Tverskov,1993-03-12,Denmark,San Diego FC,1096667,USD,2026-08-18 13:59:21.632122
kRQa2AvjMK,NWMWlBK5lz,2026,mls,1702,8.163,66,11,AM,NA,15.0014,6.7801,0.2212,1.9269,1.3988,1.0876,1.5197,0.6259,Evander,1998-06-09,Brazil,FC Cincinnati,4736411,USD,2026-08-18 13:59:21.632122
kRQa2L2LMK,NWMWlBK5lz,2026,mls,212,0,0,0,GK,NA,1.9328,NA,NA,NA,NA,NA,NA,NA,Evan Louro,1996-01-19,USA,FC Cincinnati,259635,USD,2026-08-18 13:59:21.632122
kRQa2LebMK,zeQZkL1MKw,2026,mls,1445,0,0,0,GK,NA,8.3739,NA,NA,NA,NA,NA,NA,NA,Dayne St. Clair,1997-05-09,Canada,Inter Miami CF,808730,USD,2026-08-18 13:59:21.632122
kRQa2j0LMK,NWMWlBK5lz,2026,mls,921,0.7906,4,1,CB,NA,16.2464,0.2863,0.742,-0.0227,-0.273,0.0399,0.1299,-0.3298,Kyle Smith,1992-01-09,USA,FC Cincinnati,118400,USD,2026-08-18 13:59:21.632122
kRQaP8xjqK,YgOMngl5wN,2026,mls,9,0,0,0,CM,NA,0.2173,-0.036699999999999997,-0.0435,-0.0062,0.0127,3e-4,0,0,Matthew Arana,2010-08-28,Mexico,Houston Dynamo FC,101986,USD,2026-08-18 13:59:21.632122
kRQaPd61qK,YgOMngl5wN,2026,mls,1428,0.1128,4,1,CB,NA,27.282,1.8155000000000001,1.3804,0.4749,-0.0806,0.0417,0.0454,-0.0463,Agustín Resch,2002-02-28,Argentina,Houston Dynamo FC,88025,USD,2026-08-18 13:59:21.632122
kRQabvYbMK,kRQabn8MKZ,2026,mls,1437,0.6961,11,1,CB,NA,4.312,3.0637,1.7626,0.7862,0.1752,0.479,0.1723,-0.3116,Walker Zimmerman,1993-05-19,USA,Toronto FC,1708037,USD,2026-08-18 13:59:21.632122
kRQaoRPO5K,lgpMOvnQzy,2026,mls,135,0,0,0,GK,NA,0.2147,NA,NA,NA,NA,NA,NA,NA,Isaac Boehmer,2001-11-20,USA,Vancouver Whitecaps FC,173750,USD,2026-08-18 13:59:21.632122
kRQaodJm5K,EKXMeX3Q64,2026,mls,1924,0.6323,6,0,FB,NA,9.0502,1.439,0.1059,1.227,0.1181,0.3289,0.1404,-0.4813,Keisuke Kurokawa,1997-04-13,Japan,D.C. United,615500,USD,2026-08-18 13:59:21.632122
kRQaonbo5K,mvzqoLZQap,2026,mls,1959,0,0,0,GK,NA,-3.851,NA,NA,NA,NA,NA,NA,NA,Patrick Schulte,2001-03-13,USA,Columbus Crew,1032083,USD,2026-08-18 13:59:21.632122
kRQaopnY5K,NPqxKXZ59d,2026,mls,730,0.2097,4,1,FB,NA,-6.2125,0.865,0.7609,0.1402,-0.1844,0.1658,0.0813,-0.0988,David Schnegg,1998-09-29,Austria,Charlotte FC,756250,USD,2026-08-18 13:59:21.632122
kRQaovVo5K,kaDQ0wRqEv,2026,mls,1365,6.6955,60,5,W,NA,21.1902,6.2683,0.6937,0.4808,1.2592,1.842,1.9242,0.0684,Gabriel Pec,2001-02-11,Brazil,LA Galaxy,2459000,USD,2026-08-18 13:59:21.632122
kRQawAyb5K,kRQabn8MKZ,2026,mls,659,1.8957,18,3,ST,NA,-4.804,1.7542,0.3191,-0.0024,-0.2493,1.1941,0.4727,0.02,Emilio Aristizábal,2005-08-05,Colombia,Toronto FC,344788,USD,2026-08-18 13:59:21.632122
kRQawPbO5K,mKAqBBmqbg,2026,mls,132,0.1682,2,0,ST,NA,-0.5323,0.1006,0,-0.0795,-0.0239,0.152,0.0564,-0.0044,Nicholas Simmonds,2006-12-17,Jamaica,FC Dallas,102704,USD,2026-08-18 13:59:21.632122
kRQawobY5K,a2lqR4JMr0,2026,mls,653,0.6851,13,2,W,NA,-7.3442,1.0869,0.2306,-0.0813,0.2676,0.3707,0.2913,0.008,Aiden Hezarkhani,2007-06-28,USA,Real Salt Lake,94383,USD,2026-08-18 13:59:21.632122
kRQay0LQKZ,vzqoOgNqap,2026,mls,1172,0.8105,6,1,FB,NA,3.0712,2.4118,0.516,1.1964,0.1388,0.4668,0.1283,-0.0345,Andy Najar,1993-03-16,Honduras,Nashville SC,603333,USD,2026-08-18 13:59:21.632122
ljqE2EwAQx,19vQ2095K6,2026,mls,1834,0.3705,2,1,CB,NA,17.8195,4.2127,2.7216,1.0061,0.3363,0.1286,0.0484,-0.0283,Mamadou Fofana,1998-01-21,Mali,New England Revolution,916250,USD,2026-08-18 13:59:21.632122
ljqE2ekNQx,gpMOLwl5zy,2026,mls,372,0,0,0,FB,NA,8.131,1.0748,0.9132,0.093,0.0365,0.0333,0,-0.0012,Žan Kolmanič,2000-03-03,Slovenia,Austin FC,375000,USD,2026-08-18 13:59:21.632122
ljqE2keVQx,kaDQ0wRqEv,2026,mls,1537,0,0,0,GK,NA,-13.3184,NA,NA,NA,NA,NA,NA,NA,JT Marcinkowski,1997-05-09,USA,LA Galaxy,302000,USD,2026-08-18 13:59:21.632122
ljqE2vBzQx,kaDQ0wRqEv,2026,mls,1316,0.1273,4,0,FB,NA,-2.3925,0.2515,0.2732,-0.0523,-0.017,0.1807,0.0894,-0.2225,John Nelson,1998-07-11,USA,LA Galaxy,350000,USD,2026-08-18 13:59:21.632122
ljqE9kzoqx,kRQand1MKZ,2026,mls,562,2.7627,18,0,ST,NA,-0.1824,2.1627,0.1741,-0.0689,0.0269,1.4842,0.5377,0.0087,Dieng Mamadou,2004-02-04,Senegal,Minnesota United FC,91172,USD,2026-08-18 13:59:21.632122
ljqEJ0okQx,0KPqjA456v,2026,mls,50,0,0,0,AM,NA,-0.4001,-0.024700000000000003,0.0485,-0.0379,-0.0463,0.0082,0,0.0028,Luka Jovanovic,2005-05-20,Australia,San Jose Earthquakes,NA,NA,2026-08-18 13:59:21.632122
ljqEJ8KkQx,Z2vQ1xlqrA,2026,mls,925,0.2104,3,0,CB,NA,-12.5961,0.33970000000000006,0.5571,-0.0877,0.1617,0.1404,0.0803,-0.5121,Ian James,2008-06-06,USA,Sporting Kansas City,117998,USD,2026-08-18 13:59:21.632122
ljqEJEozQx,kaDQ0wRqEv,2026,mls,1074,1.5292,13,0,W,NA,-15.0479,1.8041,0.4601,0.1525,0.521,0.3852,0.3028,-0.0175,Harbor Miller,2007-06-21,USA,LA Galaxy,88025,USD,2026-08-18 13:59:21.632122
ljqEJEvzQx,jYQJ19EqGR,2026,mls,1259,1.5056,19,0,DM,NA,-4.6106,2.5196,1.27,-0.0542,0.3636,0.5451,0.3994,-0.0043,Snyder Brunell,2007-03-23,USA,Seattle Sounders FC,98051,USD,2026-08-18 13:59:21.632122
ljqEJWxzQx,a2lqR4JMr0,2026,mls,327,0.2073,5,0,FB,NA,-7.5693,0.3285,0.0275,-0.2274,0.2256,0.2021,0.0737,0.027,Dominik Marczuk,2003-11-01,Poland,Real Salt Lake,795500,USD,2026-08-18 13:59:21.632122
ljqEJonzQx,9z5k7Yg5A3,2026,mls,1579,5.7083,38,3,ST,NA,-19.2664,3.2475,0.4419,-0.5647,-0.9078,3.0143,0.8799,0.3839,Bruno Damiani,2002-04-18,Uruguay,Philadelphia Union,847600,USD,2026-08-18 13:59:21.632122
ljqEJzLkQx,jYQJ8EW5GR,2026,mls,370,0.0893,1,0,CB,NA,2.7935,0.43790000000000007,0.5076,0.1194,-0.0121,0.0723,4e-4,-0.2497,Nolan Miller,2004-03-08,USA,Orlando City SC,88025,USD,2026-08-18 13:59:21.632122
ljqEL4wo5x,NWMWlBK5lz,2026,mls,1073,1.4099,16,1,CM,NA,18.6856,2.5326,1.0433,0.0708,0.1477,0.5772,0.3624,0.3312,Gerardo Valenzuela,2004-09-28,USA,FC Cincinnati,142542,USD,2026-08-18 13:59:21.632122
ljqELGYo5x,KAqBN0Vqbg,2026,mls,655,0.0158,1,0,DM,NA,3.3961,0.6585,0.4132,0.0721,0.0024,0.1086,0.0281,0.0341,William Reilly,2002-12-03,USA,Atlanta United FC,88025,USD,2026-08-18 13:59:21.632122
ljqELLzz5x,Vj58weDM8n,2026,mls,86,0,0,0,CB,NA,-0.73740000000000006,0.0881,0.0348,0.0699,-0.0146,-0.001,0,-0.001,Maxwell Murray,2002-04-08,USA,New York City FC,89873,USD,2026-08-18 13:59:21.632122
ljqELX2N5x,9z5k7Yg5A3,2026,mls,63,0,0,0,FB,NA,-5.1442,0.028800000000000003,0.0547,-0.0355,0.0041,0.0073,0,-0.0018,Finn Sundstrom,2006-11-19,USA,Philadelphia Union,102285,USD,2026-08-18 13:59:21.632122
ljqELmRk5x,APk5LGOMOW,2026,mls,1747,0.5956,7,1,DM,NA,8.8122,1.5842,1.0283,0.3087,-0.4361,0.3712,0.186,0.1261,Victor Loturi,2001-05-21,Canada,CF Montréal,146500,USD,2026-08-18 13:59:21.632122
ljqELmeo5x,0KPqjA456v,2026,mls,1679,4.6627,29,5,W,NA,5.4412,4.5869,0.5921,-0.1111,0.8509,2.3982,0.8126,0.0442,Ousseni Bouda,2000-04-28,Burkina Faso,San Jose Earthquakes,350000,USD,2026-08-18 13:59:21.632122
ljqEj8WNQx,19vQ2095K6,2026,mls,103,0,0,0,CB,NA,1.3762,0.187,0.0913,0.0686,0.0283,-0.0015,0,3e-4,Andrew Farrell,1992-04-02,USA,New England Revolution,113400,USD,2026-08-18 13:59:21.632122
ljqEjLaEQx,19vQ2095K6,2026,mls,280,0.0335,1,0,W,NA,7.5232,0.15499999999999997,-6e-4,-0.0085,-0.1353,0.2588,0.0388,0.0018,Diego Fagundez,1995-02-14,Uruguay,New England Revolution,316250,USD,2026-08-18 13:59:21.632122
ljqEjOpzQx,pzeQZ6xQKw,2026,mls,937,0,0,0,GK,NA,1.0551,NA,NA,NA,NA,NA,NA,NA,Zack Steffen,1995-04-02,USA,Colorado Rapids,1100000,USD,2026-08-18 13:59:21.632122
ljqEjV8oQx,NPqxKXZ59d,2026,mls,1700,0.307,3,0,FB,NA,17.7231,1.8369,0.5661,0.9295,0.2198,0.0846,0.0378,-9e-4,Nathan Byrne,1992-06-05,England,Charlotte FC,498750,USD,2026-08-18 13:59:21.632122
odMX70VAQY,Z2vQ1xlqrA,2026,mls,1589,4.9019,37,2,W,NA,-15.7407,5.3674,1.1255,-0.9257,1.4403,2.377,1.0957,0.2546,Calvin Harris,2000-03-20,England,Sporting Kansas City,375000,USD,2026-08-18 13:59:21.632122
odMX84koMY,eVq3ya6MWO,2026,mls,1611,6.4284,60,4,ST,NA,14.9241,5.895,0.7666,0.0741,1.3403,1.803,1.7741,0.1369,Son Heung-Min,1992-07-08,South Korea,Los Angeles FC,11152852,USD,2026-08-18 13:59:21.632122
odMX8xmrMY,mKAqBBmqbg,2026,mls,1329,0.5691,4,0,CB,NA,-0.0498,2.4894,1.4903,0.7,-0.0725,0.3078,0.097,-0.0332,Sebastien Ibeagha,1992-01-21,USA,FC Dallas,793625,USD,2026-08-18 13:59:21.632122
odMXE2rG5Y,X0Oq66zq6D,2026,mls,337,1.6202,13,1,W,NA,2.5519,1.1157,-0.2197,-0.0811,-0.0347,0.7624,0.3719,0.3169,Puso Dithejane,2004-07-24,South Africa,Chicago Fire FC,283252,USD,2026-08-18 13:59:21.632122
odMXE98x5Y,APk5LGOMOW,2026,mls,18,0,0,0,ST,NA,-0.8282,0.011599999999999997,0,-0.0097,-0.0123,0.0336,0,0,Owen Graham-Roache,2008-02-11,Canada,CF Montréal,93915,USD,2026-08-18 13:59:21.632122
odMXEANx5Y,jYQJ8EW5GR,2026,mls,289,0,0,0,CB,NA,-0.6219,0.2836,0.2147,0.0465,0.0235,0.0206,0,-0.0217,Tahir Reid-Brown,2006-07-02,USA,Orlando City SC,139508,USD,2026-08-18 13:59:21.632122
odMXGB1xQY,gpMOLwl5zy,2026,mls,742,0.0157,1,0,CM,NA,-4.4401,0.02619999999999999,0.3975,-0.0171,-0.0871,0.0338,0.0295,-0.3304,Nicolás Dubersarsky,2004-12-21,Argentina,Austin FC,347986,USD,2026-08-18 13:59:21.632122
odMXGL8JQY,mKAqBBmqbg,2026,mls,1053,4.5992,32,6,ST,NA,-2.8518,3.3518,0.386,-0.6205,-0.077,2.089,0.9396,0.6347,Logan Farrington,2001-12-14,USA,FC Dallas,417000,USD,2026-08-18 13:59:21.632122
odMXR02JqY,kRQand1MKZ,2026,mls,139,0,0,0,FB,NA,-0.3088,-0.18120000000000003,0.0811,-0.0352,-0.0047,0.0521,0,-0.2745,DJ Taylor,1997-08-26,USA,Minnesota United FC,240117,USD,2026-08-18 13:59:21.632122
odMXR6GGqY,X0Oq66zq6D,2026,mls,1048,0,0,0,FB,NA,9.4938,0.6333,0.421,0.3183,0.0739,0.1376,0,-0.3175,Jonathan Dean,1997-05-15,USA,Chicago Fire FC,210700,USD,2026-08-18 13:59:21.632122
odMXRO3xqY,mKAqBBmqbg,2026,mls,163,0.208,3,1,CB,NA,3.0183,-0.0788,-0.0439,0.041,0.0171,0.1032,0.0468,-0.243,Lalas Abubakar,1994-12-25,Ghana,FC Dallas,495000,USD,2026-08-18 13:59:21.632122
odMXRoXoqY,Vj58weDM8n,2026,mls,1934,0.1748,2,0,GK,NA,3.7958,NA,NA,NA,NA,NA,NA,NA,Matt Freese,1998-09-02,USA,New York City FC,795833,USD,2026-08-18 13:59:21.632122
odMXRxV2qY,eVq3ya6MWO,2026,mls,1806,9.0806,55,10,W,NA,-4.72,6.6249,0.4955,0.0173,1.7328,2.7677,1.4729,0.1387,Dénis Bouanga,1994-11-11,Gabon,Los Angeles FC,4939217,USD,2026-08-18 13:59:21.632122
odMXRxZJqY,Vj58weDM8n,2026,mls,414,0.2899,5,0,CB,NA,4.4447,0.6206,0.1524,0.1952,0.01,0.1362,0.1179,0.0089,James Sands,2000-07-06,USA,New York City FC,1318750,USD,2026-08-18 13:59:21.632122
odMXrvAqYL,YgOMngl5wN,2026,mls,715,0.2486,4,1,CB,NA,-3.396,0.7493,0.346,0.2159,-0.0294,0.1506,0.0725,-0.0063,Erik Sviatchenko,1991-10-04,Denmark,Houston Dynamo FC,925000,USD,2026-08-18 13:59:21.632122
p6qb4pwM0G,a2lqR4JMr0,2026,mls,1842,0,0,0,GK,NA,-5.6771,NA,NA,NA,NA,NA,NA,NA,Rafael Cabral,1990-05-20,Brazil,Real Salt Lake,703750,USD,2026-08-18 13:59:21.632122
p6qbOD1bQ0,eVq3ya6MWO,2026,mls,1680,0.3562,7,0,FB,NA,14.6979,1.7093,0.7126,0.674,0.0434,0.1821,0.1373,-0.0401,Eddie Segura,1997-02-02,Colombia,Los Angeles FC,722500,USD,2026-08-18 13:59:21.632122
p6qbON3aQ0,YgOMngl5wN,2026,mls,432,0.1324,4,0,FB,NA,14.1903,0.8565999999999999,0.5488,0.2612,0.0259,0.0481,0.0417,-0.0691,Franco Negri,1995-02-20,Argentina,Houston Dynamo FC,115605,USD,2026-08-18 13:59:21.632122
p6qbONo3Q0,Vj58weDM8n,2026,mls,991,0.2107,5,0,DM,NA,13.105,1.2398,0.5869,0.0791,0.3613,0.0848,0.1502,-0.0225,Aiden O'Neill,1998-07-04,Australia,New York City FC,630938,USD,2026-08-18 13:59:21.632122
p6qbOeRXQ0,jYQJ19EqGR,2026,mls,648,2.7374,14,1,ST,NA,-5.4692,2.6355999999999997,0.10780000000000001,-0.1723,0.109,2.2182,0.358,0.0149,Jordan Morris,1994-10-26,USA,Seattle Sounders FC,2372500,USD,2026-08-18 13:59:21.632122
p6qbOkywQ0,a2lqR4JMr0,2026,mls,85,0.0627,2,0,CM,NA,-3.247,0.3094,0.0452,0.2139,0.0166,0.0099,0.0255,-0.0017,Pablo Ruiz,1998-12-20,Argentina,Real Salt Lake,911500,USD,2026-08-18 13:59:21.632122
p6qbOn3DQ0,X0Oq66zq6D,2026,mls,1058,3.0456,22,2,W,NA,7.2945,3.6952000000000003,0.4655,0.2018,1.5044,0.9845,0.5249,0.0141,Jonathan Bamba,1996-03-26,France,Chicago Fire FC,5581806,USD,2026-08-18 13:59:21.632122
p6qbOnb8Q0,"c(""KAqBN0Vqbg"", ""a2lqR4JMr0"")",2026,mls,835,2.3204,28,2,W,NA,-10.1436,2.1149,0.0887,-0.3118,0.9129,0.6864,0.7527,-0.014,Saba Lobjanidze,1994-12-18,Georgia,NA,998750,USD,2026-08-18 13:59:21.632122
p6qbOpVDQ0,YgOMngl5wN,2026,mls,750,0.4749,5,0,CB,NA,8.5358,0.9995,0.2339,0.3876,-0.0177,0.3044,0.0879,0.0034,Lucas Halter,2000-05-02,Brazil,Houston Dynamo FC,1416921,USD,2026-08-18 13:59:21.632122
p6qbPXRpM0,pzeQZ6xQKw,2026,mls,130,1.0022,5,0,W,NA,-1.1711,0.38410000000000005,0.0529,-0.4593,0.1606,0.4586,0.1685,0.0028,Alex Harris,2005-02-16,USA,Colorado Rapids,90025,USD,2026-08-18 13:59:21.632122
p6qbPrmDM0,vzqoOgNqap,2026,mls,80,0,0,0,DM,NA,1.3976,0.0511,0.0608,-0.0344,0.0224,0.0064,0,-0.0041,Charles-Emile Brunet,2003-11-26,Canada,Nashville SC,88025,USD,2026-08-18 13:59:21.632122
p6qbeEd350,gpMOLwl5zy,2026,mls,1943,0,0,0,GK,NA,2.3032,NA,NA,NA,NA,NA,NA,NA,Brad Stuver,1991-04-16,USA,Austin FC,631667,USD,2026-08-18 13:59:21.632122
p6qbeZ1p50,X0Oq66zq6D,2026,mls,1254,4.0755,18,4,ST,NA,-7.1005,2.7843999999999998,0.4053,-0.6987,0.4368,1.8428,0.7392,0.059,Robin Lod,1993-04-17,Finland,Chicago Fire FC,866667,USD,2026-08-18 13:59:21.632122
p6qbekPD50,eVq3ya6MWO,2026,mls,656,0.8478,15,1,W,NA,-3.2991,1.5272,0.4355,-0.2292,0.4247,0.6032,0.2966,-0.0036,Tyler Boyd,1994-12-30,USA,Los Angeles FC,1435000,USD,2026-08-18 13:59:21.632122
p6qbgGEpQ0,NPqxKXZ59d,2026,mls,1095,2.8276,22,3,W,NA,16.8767,2.4811,0.6864,-0.1147,0.5617,0.694,0.5645,0.0892,Kerwin Vargas,2002-01-02,Colombia,Charlotte FC,733750,USD,2026-08-18 13:59:21.632122
p6qboGWbQ0,kRQand1MKZ,2026,mls,187,0,0,0,CB,NA,3.8722,0.1355,0.1325,0.0916,-0.0578,0.042,0,-0.0728,Carlos Harvey,2000-02-03,Panama,Minnesota United FC,317063,USD,2026-08-18 13:59:21.632122
p6qborPBQ0,jYQJ8EW5GR,2026,mls,189,0,0,0,GK,NA,-2.1339,NA,NA,NA,NA,NA,NA,NA,Javier Otero,2002-11-18,Spain,Orlando City SC,163750,USD,2026-08-18 13:59:21.632122
raMyA6KRMd,gpMOLwl5zy,2026,mls,1683,0.911,11,0,FB,NA,1.008,1.8591,0.6131,0.2433,-0.281,0.987,0.2561,0.0406,Jon Gallagher,1996-02-23,Republic of Ireland,Austin FC,400000,USD,2026-08-18 13:59:21.632122
raMyAExNMd,0KPqjA456v,2026,mls,574,0.8999,11,1,AM,NA,-7.1692,1.1789,0.0664,0.4291,-0.0088,0.2457,0.32,0.1265,Nick Fernandez,2001-12-22,USA,San Jose Earthquakes,115304,USD,2026-08-18 13:59:21.632122
raMyAGEBMd,KAqBN0Vqbg,2026,mls,587,1.8771,9,2,ST,NA,-7.0893,0.9374,0.4727,-0.1773,-0.4658,0.8316,0.2663,0.0099,Fafa Picault,1991-02-23,USA,Atlanta United FC,142250,USD,2026-08-18 13:59:21.632122
raMyAW6BMd,APk5LGOMOW,2026,mls,306,0,0,0,GK,NA,0.8009,NA,NA,NA,NA,NA,NA,NA,Sebastian Breza,1998-03-15,Canada,CF Montréal,123400,USD,2026-08-18 13:59:21.632122
raMyAWZAMd,NWMWlBK5lz,2026,mls,1691,11.362,43,11,ST,NA,-6.3099,5.5489,0.4984,-1.0319,0.4189,3.8147,1.5832,0.2656,Kévin Denkey,2000-11-30,Togo,FC Cincinnati,3810000,USD,2026-08-18 13:59:21.632122
raMyAZR2Md,jYQJ19EqGR,2026,mls,1080,0.9576,16,3,DM,NA,22.2095,1.6736,0.1587,0.2238,0.0812,0.6774,0.4821,0.0504,Cristian Roldan,1995-06-03,USA,Seattle Sounders FC,1766000,USD,2026-08-18 13:59:21.632122
raMyAywlMd,KAqBN0Vqbg,2026,mls,1231,5.1738,36,3,W,NA,7.3516,5.4925,0.516,0.7324,1.5181,1.5755,1.0786,0.0719,Miguel Almirón,1994-02-10,Paraguay,Atlanta United FC,7871000,USD,2026-08-18 13:59:21.632122
raMyZWeR5d,lgpMOvnQzy,2026,mls,29,0.0793,1,0,CB,NA,1.0275,0.0784,0.0076,0.0339,0.001,0.0495,0.0109,-0.0245,Sebastian Schonlau,1994-08-05,Germany,Vancouver Whitecaps FC,776833,USD,2026-08-18 13:59:21.632122
raMyZX9N5d,X0Oq66zq6D,2026,mls,1588,0.8493,14,0,CM,NA,15.1181,2.2881,0.5478,0.9258,0.321,0.4485,0.1964,-0.1514,Anton Salétros,1996-04-12,Sweden,Chicago Fire FC,750000,USD,2026-08-18 13:59:21.632122
raMyeRERMd,lgpMOvnQzy,2026,mls,1490,0.0674,4,0,FB,NA,32.7511,3.0462,1.321,1.0343,0.4037,0.1312,0.0853,0.0707,Tate Johnson,2005-07-10,USA,Vancouver Whitecaps FC,89025,USD,2026-08-18 13:59:21.632122
raMyedmkMd,a2lqR4JMr0,2026,mls,436,0.258,4,0,CM,NA,8.6512,0.3746,0.1207,0.1318,-0.1147,0.1608,0.0829,-0.0069,Griffin Dillon,2003-04-25,USA,Real Salt Lake,92668,USD,2026-08-18 13:59:21.632122
raMyekYkMd,wvq9B9wQWn,2026,mls,319,0.3673,5,0,CM,NA,2.1137,0.5378000000000001,0.007,0.1831,0.1558,0.0696,0.1517,-0.0294,Miguel Perez,2005-04-28,USA,St. Louis City SC,113400,USD,2026-08-18 13:59:21.632122
raMyoAOeqd,kRQand1MKZ,2026,mls,169,0.6435,4,1,W,NA,-1.0377,0.6657,0.043,-0.0551,0.1365,0.3979,0.1418,0.0016,Mauricio Gonzalez,2004-09-15,Colombia,Minnesota United FC,240000,USD,2026-08-18 13:59:21.632122
raMyoLlNqd,pzeQZ6xQKw,2026,mls,1750,0.5807,3,1,CB,NA,38.3918,2.978,1.0235,1.4484,0.1564,0.2192,0.1135,0.017,Lucas Herrington,2007-07-05,Australia,Colorado Rapids,235004,USD,2026-08-18 13:59:21.632122
raMyr4Ne5d,jYQJ8EW5GR,2026,mls,1321,0.6351,7,1,CB,NA,13.9762,2.2984999999999998,1.4419,0.1327,0.1311,0.4306,0.2455,-0.0833,David Brekalo,1998-12-03,Slovenia,Orlando City SC,683000,USD,2026-08-18 13:59:21.632122
raMyrEDR5d,mKAqBBmqbg,2026,mls,761,1.5814,18,3,CM,NA,-5.0766,1.3712,0.5524,-0.2524,0.1085,0.4388,0.4879,0.036,Patrickson Delgado,2003-10-17,Ecuador,FC Dallas,286280,USD,2026-08-18 13:59:21.632122
raMyrW2A5d,kRQabn8MKZ,2026,mls,139,0.0737,3,0,FB,NA,2.8176,0.4057,0.115,0.1692,0.058,0.0324,0.0323,-0.0012,Matheus Pereira,2000-12-21,Brazil,Toronto FC,650800,USD,2026-08-18 13:59:21.632122
raMyrrNJ5d,APk5LGOMOW,2026,mls,296,0.0112,1,0,FB,NA,2.3021,0.47760071696,0.2706,0.1157,0.0872,0.0126,7.1696e-7,-0.0085,Bode Hidalgo,2002-02-22,USA,CF Montréal,320800,USD,2026-08-18 13:59:21.632122
raMyyJaAMd,0KPqjA456v,2026,mls,347,0.4409,2,0,W,NA,-2.2086,0.6597000000000001,0.1071,0.1899,0.1169,0.1655,0.0467,0.0336,Paul Marie,1995-03-24,France,San Jose Earthquakes,382500,USD,2026-08-18 13:59:21.632122
vzqo70PBqa,mvzqoLZQap,2026,mls,228,0.1424,3,0,CM,NA,0.7607,0.5124,0.2563,0.0804,0.0142,0.0479,0.1145,-9e-4,Amar Sejdić,1996-11-29,USA,Columbus Crew,214550,USD,2026-08-18 13:59:21.632122
vzqo78BJqa,WBLMvYAQxe,2026,mls,9,0.0448,1,0,CB,NA,-0.0892,0.064,0,-0.0169,0.0249,0.0132,0.0428,0,Omir Fernández,1999-02-08,USA,Portland Timbers FC,686875,USD,2026-08-18 13:59:21.632122
vzqo7Azvqa,Z2vQ1xlqrA,2026,mls,433,0.0185,1,0,FB,NA,6.9058,0.3137,0.2389,0.0466,0.0066,0.0149,0.0055,0.0012,Emir Karic,1997-06-09,Austria,Sporting Kansas City,NA,NA,2026-08-18 13:59:21.632122
vzqo7EpLqa,kRQand1MKZ,2026,mls,1677,4.4045,25,4,FB,NA,-16.1082,3.8539,0.8929,-0.2675,0.1861,1.8086,0.7156,0.5182,Anthony Markanich,1999-12-26,USA,Minnesota United FC,395700,USD,2026-08-18 13:59:21.632122
vzqo7XWpqa,jYQJ19EqGR,2026,mls,1494,0.9487,12,0,CB,NA,39.2847,4.4782,1.8327,1.7942,0.2531,0.506,0.1539,-0.0617,Jackson Ragen,1998-09-24,USA,Seattle Sounders FC,635000,USD,2026-08-18 13:59:21.632122
vzqo7jLvqa,jYQJ19EqGR,2026,mls,1781,0.2763,6,0,FB,NA,25.2294,4.0959,3.0093,0.8529,0.1183,0.077,0.0909,-0.0525,Nouhou,1997-06-23,Cameroon,Seattle Sounders FC,835000,USD,2026-08-18 13:59:21.632122
vzqo7joZqa,NWMWlBK5lz,2026,mls,370,0.3114,2,0,CB,NA,2.1646,1.0527,0.7005,0.2132,-0.0285,0.1183,0.0495,-3e-4,Teenage Hadebe,1995-09-17,Zimbabwe,FC Cincinnati,1230000,USD,2026-08-18 13:59:21.632122
vzqo7mXJqa,jYQJ8EW5GR,2026,mls,1860,1.9991,12,1,FB,NA,22.7125,3.0827,0.7316,0.7081,0.4031,0.8881,0.3565,-0.0047,Iván Angulo,1999-03-22,Colombia,Orlando City SC,582656,USD,2026-08-18 13:59:21.632122
vzqo7o4kqa,9z5k7Yg5A3,2026,mls,1725,9.0047,72,10,ST,NA,4.26,5.8267999999999995,0.3225,-0.3851,0.3862,3.2657,1.661,0.5765,Milan Iloski,1999-07-29,USA,Philadelphia Union,628194,USD,2026-08-18 13:59:21.632122
vzqo7zWLqa,X0Oq66zq6D,2026,mls,1135,10.5305,40,13,ST,NA,-16.8917,5.4341,1.1487,-0.4564,-0.2957,3.3263,1.2832,0.428,Hugo Cuypers,1997-02-07,Belgium,Chicago Fire FC,3528044,USD,2026-08-18 13:59:21.632122
vzqo7zdZqa,lgpMOvnQzy,2026,mls,594,0.2154,8,0,DM,NA,15.6837,1.0549,0.4221,0.2817,0.0202,0.1916,0.1554,-0.0161,Oliver Larraz,2001-09-16,USA,Vancouver Whitecaps FC,496667,USD,2026-08-18 13:59:21.632122
vzqoG6aLqa,a2lqR4JMr0,2026,mls,1412,0.8251,16,1,FB,NA,25.5216,1.6358000000000001,0.6064,0.4557,-0.1472,0.3744,0.3604,-0.0139,Juan Manuel Sanabria,2000-03-29,Uruguay,Real Salt Lake,500000,USD,2026-08-18 13:59:21.632122
vzqoJ3pj5a,a2lqRX2Mr0,2026,mls,1826,9.2037,37,9,ST,NA,-17.4035,5.2912,0.3168,-1.2259,0.6671,4.241,1.2583,0.0339,Julian Hall,2008-03-24,USA,New York Red Bulls,257241,USD,2026-08-18 13:59:21.632122
vzqoJzL75a,YgOMngl5wN,2026,mls,120,0.4804,2,0,ST,NA,-1.8895,0.4819,0.0494,-0.0345,-0.0146,0.3933,0.0929,-0.0046,Nicholas Markanich,1999-12-26,USA,Houston Dynamo FC,202778,USD,2026-08-18 13:59:21.632122
vzqod7xBQa,Z2vQ1xlqrA,2026,mls,904,1.4018,19,1,W,NA,5.6486,1.2288000000000001,0.4067,-0.2715,0.3662,0.2999,0.436,-0.0085,Shapi Suleymanov,1999-12-16,Russia,Sporting Kansas City,1065028,USD,2026-08-18 13:59:21.632122
vzqod8K7Qa,kaDQ0wRqEv,2026,mls,103,0.4503,6,0,ST,NA,-0.9964,0.4843,0.1569,-0.0339,0.0671,0.0755,0.2187,0,Kyogo Furuhashi,1995-01-20,Japan,LA Galaxy,NA,NA,2026-08-18 13:59:21.632122
vzqodKdZQa,Z2vQ1xlqrA,2026,mls,887,1.6172,13,2,W,NA,-7.9767,1.0052,0.4131,-0.1782,-0.2228,0.6831,0.2994,0.0106,Capita,2002-01-10,Angola,Sporting Kansas City,658720,USD,2026-08-18 13:59:21.632122
vzqodVa7Qa,pzeQZ6xQKw,2026,mls,1297,0.5137,14,1,DM,NA,18.2258,1.2519,0.9027,-0.0029,-0.0904,0.2222,0.3237,-0.1034,Hamzat Ojediran,2003-11-14,Nigeria,Colorado Rapids,881667,USD,2026-08-18 13:59:21.632122
vzqodWY7Qa,zeQZBOzQKw,2026,mls,348,0.2027,3,1,CM,NA,12.8657,0.6764,0.3503,-0.0317,0.13,0.1262,0.0929,0.0087,Alejandro Alvarado Jr.,2003-07-29,USA,San Diego FC,95547,USD,2026-08-18 13:59:21.632122
vzqodXdjQa,0KPqjA456v,2026,mls,1264,1.0103,7,0,FB,NA,0.7765,2.8106,0.8445,0.6507,0.184,0.7119,0.1984,0.2211,Jamar Ricketts,2001-10-24,USA,San Jose Earthquakes,114987,USD,2026-08-18 13:59:21.632122
vzqoddvZQa,pzeQZ6xQKw,2026,mls,1119,2.2411,27,0,W,NA,3.1111,2.3085,0.1291,0.3934,0.206,0.8879,0.638,0.0541,Dante Sealy,2003-04-17,USA,Colorado Rapids,168022,USD,2026-08-18 13:59:21.632122
vzqodkKBQa,Z2vQ1xlqrA,2026,mls,665,0.696,10,0,DM,NA,-2.068,1.0736,0.5723,-0.0547,0.2204,0.2868,0.2204,-0.1716,Zorhan Bassong,1999-05-07,Canada,Sporting Kansas City,540833,USD,2026-08-18 13:59:21.632122
vzqorrRk5a,19vQ2095K6,2026,mls,1917,5.9975,36,7,AM,NA,39.2171,6.463699999999999,0.8106,2.0595,1.8396,0.6443,0.8854,0.2243,Carles Gil,1992-11-22,Spain,New England Revolution,4952083,USD,2026-08-18 13:59:21.632122
vzqowm7qap,zeQZkL1MKw,2026,mls,1572,13.3795,99,12,ST,NA,35.9372,11.6869,0.1953,2.0214,3.4382,2.7837,2.7076,0.5407,Lionel Messi,1987-06-24,Argentina,Inter Miami CF,28333332,USD,2026-08-18 13:59:21.632122
wvq9XO7B5W,jYQJ8EW5GR,2026,mls,322,0.0173,1,0,DM,NA,-1.5206,0.6259,0.6454,-0.0487,0.0133,0.0313,0.0277,-0.0431,Colin Guske,2007-01-29,USA,Orlando City SC,98830,USD,2026-08-18 13:59:21.632122
wvq9XOgm5W,19vQ2095K6,2026,mls,276,0.3173,3,0,W,NA,-0.4015,-0.0942,-0.0067,-0.0786,-0.3494,0.295,0.0415,0.004,Marcos Zambrano-Delgado,2005-01-20,USA,New England Revolution,135659,USD,2026-08-18 13:59:21.632122
wvq9XOlw5W,gpMOLwl5zy,2026,mls,40,0.0328,1,0,W,NA,0.8722,0.014900000000000009,0,0.0053,-0.1167,0.1228,0.0035,0,Micah Burton,2006-03-26,USA,Austin FC,136000,USD,2026-08-18 13:59:21.632122
wvq9Xdlw5W,zeQZkL1MKw,2026,mls,493,1.6425,9,0,W,NA,-7.6775,0.9451999999999998,0.033,-0.9332,0.0667,1.5372,0.2375,0.004,Tadeo Allende,1999-02-20,Argentina,Inter Miami CF,1000000,USD,2026-08-18 13:59:21.632122
wvq9Xp1B5W,"c(""EKXMeX3Q64"", ""zeQZBOzQKw"")",2026,mls,620,0.3624,6,0,ST,NA,-9.9695,0.3515,0.2133,-0.1922,-0.1511,0.3593,0.1076,0.0146,Gabriel Pirani,2002-04-12,Brazil,NA,866700,USD,2026-08-18 13:59:21.632122
wvq9XwJ35W,kRQabn8MKZ,2026,mls,1965,0.3354,2,1,GK,NA,-8.3358,NA,NA,NA,NA,NA,NA,NA,Luka Gavran,2000-05-09,Canada,Toronto FC,249475,USD,2026-08-18 13:59:21.632122
wvq9eLBwqW,19vQ2095K6,2026,mls,1650,1.1727,11,2,DM,NA,20.4276,2.7886,0.9493,0.2264,0.4651,0.6231,0.2893,0.2354,Alhassan Yusuf,2000-07-18,Nigeria,New England Revolution,995311,USD,2026-08-18 13:59:21.632122
wvq9eWbBqW,kRQabn8MKZ,2026,mls,515,0.91,9,0,ST,NA,-2.662,0.4797,0.0547,-0.0377,-0.2139,0.5006,0.1167,0.0593,Deandre Kerr,2002-11-29,Canada,Toronto FC,165319,USD,2026-08-18 13:59:21.632122
wvq9eXy3qW,mKAqBBmqbg,2026,mls,313,1.9192,7,3,FB,NA,-6.8489,1.3623,0.1706,-0.106,0.5169,0.5197,0.2532,0.0079,Sam Sarver,2003-03-03,USA,FC Dallas,113400,USD,2026-08-18 13:59:21.632122
wvq9eY8YqW,a2lqRX2Mr0,2026,mls,793,0.4019,3,0,CB,NA,0.5046,1.2259,0.2998,0.5171,0.2369,0.0487,0.1196,0.0038,Robert Voloder,2001-05-09,Germany,New York Red Bulls,685250,USD,2026-08-18 13:59:21.632122
wvq9eZdYqW,0KPqjA456v,2026,mls,1468,0.7662,10,0,FB,NA,18.7983,2.6055,0.9713,0.6448,0.0559,0.6569,0.2423,0.0343,Benji Kikanović,2000-01-06,USA,San Jose Earthquakes,478700,USD,2026-08-18 13:59:21.632122
wvq9ebLaqW,vzqoOgNqap,2026,mls,585,0.343,2,0,FB,NA,-2.4323,0.6429,0.3971,0.3103,0.0304,0.1106,0.0501,-0.2556,Reed Baker-Whiting,2005-03-31,USA,Nashville SC,283000,USD,2026-08-18 13:59:21.632122
wvq9ed47qW,wvq9B9wQWn,2026,mls,245,1.7951,9,1,AM,NA,-3.3716,0.9063,0.0118,-0.0995,-0.0895,0.6665,0.3821,0.0349,Brendan McSorley,2002-02-01,USA,St. Louis City SC,88025,USD,2026-08-18 13:59:21.632122
wvq9edxmqW,WBLMvYAQxe,2026,mls,414,0.4884,4,0,FB,NA,7.0617,0.6234,0.3507,0.0362,-0.0193,0.1735,0.1394,-0.0571,Ian Smith,2002-07-16,USA,Portland Timbers FC,88025,USD,2026-08-18 13:59:21.632122
wvq9elX1qW,jYQJ19EqGR,2026,mls,10,0,0,0,FB,NA,-1.3187,-0.0026,-0.0049,0.0016,3e-4,5e-4,0,-1e-4,Charles Gaffney,2003-07-29,USA,Seattle Sounders FC,NA,NA,2026-08-18 13:59:21.632122
wvq9ena3qW,0KPqjA456v,2026,mls,503,0.715,5,1,FB,NA,-1.1426,0.6497,0.2217,0.0239,-0.2838,0.4929,0.2376,-0.0426,Jack Jasinski,2003-12-04,USA,San Jose Earthquakes,90287,USD,2026-08-18 13:59:21.632122
wvq9g7AaMW,a2lqRX2Mr0,2026,mls,505,0.0107,1,0,CB,NA,1.52,0.45630000000000004,0.0597,0.3391,0.012,-0.0012,0.0425,0.0042,Tim Parker,1993-02-23,USA,New York Red Bulls,387500,USD,2026-08-18 13:59:21.632122
wvq9gPmNMW,X0Oq66zq6D,2026,mls,1560,0.7269,10,0,CB,NA,-6.6132,2.0318,0.5238,0.9542,0.1707,0.4905,0.1409,-0.2483,Jack Elliott,1995-08-25,England,Chicago Fire FC,1054275,USD,2026-08-18 13:59:21.632122
wvq9go6aMW,mvzqoLZQap,2026,mls,1410,4.6191,39,6,ST,NA,7.0107,2.9854000000000003,0.3544,-0.3006,0.0392,1.838,1.0135,0.0409,Diego Rossi,1998-03-05,Uruguay,Columbus Crew,3476827,USD,2026-08-18 13:59:21.632122
wvq9gxBmMW,WBLMvYAQxe,2026,mls,556,0.1671,5,0,DM,NA,22.5565,1.1867,0.7537,0.1965,-0.0223,0.1652,0.0974,-0.0038,Joao Ortíz,1996-05-01,Ecuador,Portland Timbers FC,600625,USD,2026-08-18 13:59:21.632122
wvq9gzx1MW,eVq3ya6MWO,2026,mls,679,0.4194,3,1,FB,NA,-0.3547,0.7475,0.4861,-0.0977,0.1297,0.2026,0.0912,-0.0644,Sergi Palencia,1996-03-23,Spain,Los Angeles FC,745000,USD,2026-08-18 13:59:21.632122
wvq9jYdBQW,Z2vQ1xlqrA,2026,mls,411,0.5284,8,1,W,NA,3.8399,0.3853,-0.0028,-0.4704,0.3099,0.3475,0.2239,-0.0228,Stephen Afrifa,2001-02-19,Canada,Sporting Kansas City,113400,USD,2026-08-18 13:59:21.632122
wvq9pAjl5W,eVq3ya6MWO,2026,mls,1166,1.7113,8,1,FB,NA,3.0136,1.1893,0.3922,-0.1107,0.3705,0.4075,0.1661,-0.0363,Ryan Hollingshead,1991-04-16,USA,Los Angeles FC,550000,USD,2026-08-18 13:59:21.632122
wvq9rwBQWn,zeQZkL1MKw,2026,mls,321,0.4598,4,0,CM,NA,-1.5801,1.2063,0.5931,0.445,0.0083,0.148,0.1091,-0.0972,Casemiro,1992-02-23,Brazil,Inter Miami CF,NA,NA,2026-08-18 13:59:21.632122
xW5p7L4KMg,KAqBN0Vqbg,2026,mls,1669,1.0326,19,1,FB,NA,-0.8047,1.53,0.7923,0.1085,-0.1907,0.5101,0.5175,-0.2077,Elías Baez,2004-10-18,Argentina,Atlanta United FC,293706,USD,2026-08-18 13:59:21.632122
xW5p7LWlMg,Vj58weDM8n,2026,mls,75,0.9106,3,1,ST,NA,-2.0206,0.1644,0.0069,0.0195,0.005,0.0736,0.0585,9e-4,Luighi Hanri,2006-04-30,Brazil,New York City FC,NA,NA,2026-08-18 13:59:21.632122
xW5p7lPJMg,a2lqRX2Mr0,2026,mls,70,0.1062,2,0,CM,NA,-0.3851,0.1735,0.0348,-0.0139,0.0091,0.0648,0.0351,0.0436,Andy Rojas,2005-12-05,Costa Rica,New York Red Bulls,213131,USD,2026-08-18 13:59:21.632122
xW5pYyddqg,a2lqR4JMr0,2026,mls,149,0.3262,1,0,AM,NA,-3.2334,0.13499999999999998,0.0986,-0.0767,-0.1073,0.1845,0.0304,0.0055,Lineker Rodrigues,2002-03-12,Brazil,Real Salt Lake,NA,NA,2026-08-18 13:59:21.632122
xW5pr1oYQg,kRQabn8MKZ,2026,mls,963,4.2604,24,3,ST,NA,-14.2867,3.2416,0.6609,-0.1232,-0.0911,1.9198,0.7947,0.0805,Josh Sargent,2000-02-20,USA,Toronto FC,5265667,USD,2026-08-18 13:59:21.632122
xW5prK4BQg,WBLMvYAQxe,2026,mls,543,0.9212,9,2,W,NA,2.1424,0.5443,0.2056,0.054,-0.634,0.6949,0.2175,0.0063,Ariel Lassiter,1994-09-27,Costa Rica,Portland Timbers FC,358000,USD,2026-08-18 13:59:21.632122
xW5prZBdQg,kRQabn8MKZ,2026,mls,21,0.0283,1,0,FB,NA,1.3056,0.0475,-0.0067,0.019,0.0058,-0.0039,0.0333,0,Henry Wingo,1995-10-04,USA,Toronto FC,796031,USD,2026-08-18 13:59:21.632122
xW5prbllQg,YgOMngl5wN,2026,mls,947,0.1311,6,0,DM,NA,10.6324,0.5939,0.3381,0.005,0.09,0.0636,0.109,-0.0118,Artur,1996-03-11,Brazil,Houston Dynamo FC,958379,USD,2026-08-18 13:59:21.632122
xW5pro36Qg,wvq9B9wQWn,2026,mls,563,0.876,7,1,ST,NA,-5.0989,0.867,0.1481,-0.2164,-0.0668,0.7258,0.2158,0.0605,Sergio Córdova,1997-08-09,Venezuela,St. Louis City SC,1213500,USD,2026-08-18 13:59:21.632122
xW5pw3PYMg,wvq9B9wQWn,2026,mls,1493,1.3446,19,0,FB,NA,18.7789,1.4823,0.6979,-0.2404,0.587,0.6022,0.4355,-0.5999,Conrad Wallem,2000-06-09,Norway,St. Louis City SC,657188,USD,2026-08-18 13:59:21.632122
xW5pw8KGMg,YgOMngl5wN,2026,mls,1724,1.2323,12,3,FB,NA,11.2646,1.5585,0.5364,-1.1186,0.4166,1.0611,0.3177,0.3453,Lawrence Ennali,2002-03-07,Germany,Houston Dynamo FC,574250,USD,2026-08-18 13:59:21.632122
xW5pwBoGMg,Z2vQ1xlqrA,2026,mls,6,0,0,0,W,NA,-0.9046,0.0138,0,0.0049,0,0.0089,0,0,Shane Donovan,2007-01-06,USA,Sporting Kansas City,NA,NA,2026-08-18 13:59:21.632122
xW5pwEwGMg,WBLMvYAQxe,2026,mls,1907,1.0969,6,1,CB,NA,18.5889,5.6769,3.5637,1.2064,0.0373,0.37,0.2336,0.2659,Finn Surman,2003-09-23,New Zealand,Portland Timbers FC,303233,USD,2026-08-18 13:59:21.632122
xW5pxANJ5g,zeQZBOzQKw,2026,mls,1594,7.9951,46,11,ST,NA,-2.2064,3.64,0.3926,-1.0358,-1.2705,4.0861,1.3607,0.1069,Marcus Ingvartsen,1996-01-04,Denmark,San Diego FC,1800000,USD,2026-08-18 13:59:21.632122
xW5pxRGB5g,Vj58weDM8n,2026,mls,1706,0.2245,2,0,CB,NA,14.0496,2.8013,0.9029,1.7158,0.2219,0.1469,0.0581,-0.2443,Thiago Martins,1995-03-17,Brazil,New York City FC,2262000,USD,2026-08-18 13:59:21.632122
xW5py2Jdqg,kRQabn8MKZ,2026,mls,248,0.0672,1,0,AM,NA,3.0449,0.23550000000000001,0.2539,-0.1658,0.0608,0.1271,0.0105,-0.051,Markus Cimermancic,2004-10-01,Canada,Toronto FC,101881,USD,2026-08-18 13:59:21.632122
xW5pyAVYqg,9z5k7Yg5A3,2026,mls,185,0.7872,7,0,ST,NA,-2.1204,1.0108,0.0147,-0.1937,0.0991,0.6421,0.2028,0.2458,Stas Kornzeniowski,2003-01-30,USA,Philadelphia Union,88025,USD,2026-08-18 13:59:21.632122
xW5pygjdqg,APk5LGOMOW,2026,mls,722,0.0153,1,0,CB,NA,1.1627,1.0996,0.6055,0.4407,-0.0101,0.0298,0.0387,-0.005,Jalen Neal,2003-08-24,USA,CF Montréal,756250,USD,2026-08-18 13:59:21.632122
xW5pykn0qg,KAqBN0Vqbg,2026,mls,821,0.544,6,0,CB,NA,12.5289,1.4926,0.5737,0.6383,0.1334,0.0953,0.0658,-0.0139,Juan Berrocal,1999-02-05,Spain,Atlanta United FC,1424666.6,USD,2026-08-18 13:59:21.632122
xW5pynPBqg,gpMOLwl5zy,2026,mls,1343,0.79,11,1,FB,NA,7.2852,2.0105,0.7644,0.4938,-0.3973,0.9261,0.2328,-0.0093,Guilherme Biro,2000-05-01,Brazil,Austin FC,325000,USD,2026-08-18 13:59:21.632122
xW5pynj0qg,kaDQ0wRqEv,2026,mls,193,1.475,7,1,ST,NA,0.4238,0.7302,0.0047,-0.1583,-0.0206,0.6523,0.23,0.0221,Matheus Nascimento,2004-03-03,Brazil,LA Galaxy,707000,USD,2026-08-18 13:59:21.632122
xW5pyrwKqg,NWMWlBK5lz,2026,mls,794,0.4842,7,0,CM,NA,-14.4491,0.5809000000000001,0.5116,-0.1659,0.0698,0.1495,0.1757,-0.1598,Obinna Nwobodo,1996-11-29,Nigeria,FC Cincinnati,1849724,USD,2026-08-18 13:59:21.632122
xW5pyyaJqg,jYQJ8EW5GR,2026,mls,1832,0.5344,15,1,CM,NA,8.6782,2.8613,1.2496,0.5261,0.5164,0.2472,0.3136,0.0084,Braian Ojeda,2000-06-27,Paraguay,Orlando City SC,910500,USD,2026-08-18 13:59:21.632122
zeQZ7DJzMK,KAqBN0Vqbg,2026,mls,1628,1.3071,16,3,DM,NA,33.7491,3.0079,1.2965,0.8942,-0.1259,0.6147,0.3058,0.0226,Tristan Muyumba,1997-03-07,France,Atlanta United FC,641600,USD,2026-08-18 13:59:21.632122
zeQZ7jPKMK,mvzqoLZQap,2026,mls,89,0.3898,7,1,ST,NA,3.2541,0.4323,0.0234,0.0847,0.1594,0.0522,0.1126,0,Brais Méndez,1997-01-07,Spain,Columbus Crew,NA,NA,2026-08-18 13:59:21.632122
zeQZJ7YgQK,mvzqoLZQap,2026,mls,1764,0.6321,6,0,CB,NA,39.9363,2.1951,-0.0324,1.6825,0.4331,0.2706,0.1597,-0.3184,Rudy Camacho,1991-03-05,France,Columbus Crew,415000,USD,2026-08-18 13:59:21.632122
zeQZJYDZQK,KAqBN0Vqbg,2026,mls,1951,0,0,0,GK,NA,-5.9227,NA,NA,NA,NA,NA,NA,NA,Lucas Hoyos,1989-04-29,Argentina,Atlanta United FC,342667,USD,2026-08-18 13:59:21.632122
zeQZKbYMKw,zeQZkL1MKw,2026,mls,1132,7.8692,33,10,ST,NA,-1.392,3.5049,0.3567,-0.1892,-0.5134,2.4081,1.084,0.3587,Luis Suárez,1987-01-24,Uruguay,Inter Miami CF,803125,USD,2026-08-18 13:59:21.632122
zeQZX6bK5K,a2lqRX2Mr0,2026,mls,48,0.0851,2,0,ST,NA,-0.302,0.20550000000000002,0.019,-0.002,0.0889,0.045,0.0195,0.0351,Roald Mitchell,2003-01-13,USA,New York Red Bulls,145408,USD,2026-08-18 13:59:21.632122
zeQZX96N5K,WBLMvYAQxe,2026,mls,1732,0.2202,5,0,FB,NA,18.27,2.7792,1.3981,1.1696,-0.0493,0.2004,0.1372,-0.0768,Jimer Fory,2002-05-24,Colombia,Portland Timbers FC,470000,USD,2026-08-18 13:59:21.632122
zeQZXXm15K,Z2vQ1xlqrA,2026,mls,1556,0.1996,6,0,FB,NA,-16.714,1.7506,0.9098,0.5689,0.0492,0.1936,0.0821,-0.053,Jake Davis,2002-01-03,USA,Sporting Kansas City,NA,NA,2026-08-18 13:59:21.632122
zeQZe4aYqK,jYQJ8EW5GR,2026,mls,429,0.3247,6,0,FB,NA,3.172,0.7902,0.0327,0.2832,0.1291,0.182,0.1237,0.0395,Zakaria Taifi,2005-10-01,USA,Orlando City SC,99923,USD,2026-08-18 13:59:21.632122
zeQZeWKjqK,mvzqoLZQap,2026,mls,1010,2.3011,18,2,W,NA,0.2535,1.8720999999999999,0.3039,-0.4031,0.3737,0.9768,0.5709,0.0499,Hugo Picard,2003-05-09,France,Columbus Crew,781244,USD,2026-08-18 13:59:21.632122
zeQZkkOjMK,kaDQ0wRqEv,2026,mls,9,0,0,0,CB,NA,-0.1953,0.0037,0,0.0038,0,-1e-4,0,0,Chris Rindov,2001-10-08,USA,LA Galaxy,122150,USD,2026-08-18 13:59:21.632122
