asa_player_id,player_id,display_name,normalized_name,birth_date,nationality,primary_position,is_domestic_player,age,league_id,team_id,position_group,tactical_role_primary,data_source,yoy_delta,development_trend_note,evaluation_period,season_label,minutes,minutes_share,data_reliability,npxg_p90,xa_p90,shots_p90,pressures_p90,tackles_p90,interceptions_p90,progressive_passes_p90,progressive_carries_p90,goals_added_p90,aerial_win_pct,pass_completion_pct,crosses_p90,season_year,salary,cost_tier,stats_are_full_season,stats_are_ytd
0Oq624oPq6,asa_0Oq624oPq6_mls_eval_blended,Kalani Kossa-Rienzi,kalani kossarienzi,2002-06-27,USA,FB,NA,23.01163586584531,mls,jYQJ19EqGR,FB,overlapping_fullback,asa_live,-0.1174626682986536,2024→2025 g+/90 change (longer-term trend),blended,2025+2026 season to date,1774,0.7666339869281046,high,0.0828648638620107,0,0.8782006057613625,10.945338160690026,1.7890676321380052,1.441800724103504,3.709503759539851,2.6708869822655,0.1790582374936797,NA,0.8800000000000001,NA,2026,113400,2,FALSE,TRUE
0Oq624zdq6,asa_0Oq624zdq6_mls_eval_blended,Noah Streit,noah streit,2005-10-11,Switzerland,W,NA,20.720054757015742,mls,APk5LGOMOW,W,transition_winger,asa_live,0,Insufficient multi-season history for trend,blended,2025+2026 season to date,1191,0.3892156862745098,medium,0.17540554156171287,0,1.3602015113350125,9.157380352644836,1.431476070528967,1.1736070528967255,2.1423173803526447,2.7554156171284636,0.11624433249370278,NA,0.68,NA,2026,451333,3,FALSE,TRUE
0Oq62JVPq6,asa_0Oq62JVPq6_mls_eval_blended,Joyeux Masanka Bungi,joyeux masanka bungi,2007-01-24,Belgium,FB,NA,19.433264887063654,mls,a2lqRX2Mr0,FB,overlapping_fullback,asa_live,0,Insufficient multi-season history for trend,blended,2025+2026 season to date,103,0.03366013071895425,low,0,0,0,8.880776699029127,1.3761553398058253,1.1321165048543689,1.8684466019417478,1.5388349514563107,-0.29018446601941744,NA,0.68,NA,2026,222500,2,FALSE,TRUE
0Oq630dXQ6,asa_0Oq630dXQ6_mls_eval_blended,Kévin Cabral,kevin cabral,1999-07-10,France,W,NA,25.976728268309376,mls,pzeQZ6xQKw,W,transition_winger,asa_live,-0.159782860671283,2024→2025 g+/90 change (longer-term trend),blended,2025+2026 season to date,861,0.09848039215686273,low,0.20393728222996516,0,1.3588850174216027,9.640696864111499,1.5281393728222998,1.2461045296167248,1.8504355400696864,1.987177700348432,0.11438675958188155,NA,0.68,NA,2026,2100000,5,FALSE,TRUE
0Oq6320dQ6,asa_0Oq6320dQ6_mls_eval_blended,Kai Trewin,kai trewin,2001-05-18,Australia,CM,NA,25.11978097193703,mls,Vj58weDM8n,CM,ball_winning_midfielder,asa_live,0,Insufficient multi-season history for trend,blended,2025+2026 season to date,1402,0.45816993464052286,medium,0.03026105563480742,0,0.5135520684736091,11.540684736091297,1.9081369472182597,1.531102710413695,4.615763195435092,2.3022824536376607,0.1626034236804565,NA,0.88,NA,2026,311542,3,FALSE,TRUE
0Oq632k7Q6,asa_0Oq632k7Q6_mls_eval_blended,Danny Leyva,danny leyva,2003-05-05,USA,CM,NA,22.157426420260094,mls,jYQJ19EqGR,CM,ball_winning_midfielder,asa_live,-0.07645689935064937,2024→2025 g+/90 change (longer-term trend),blended,2025+2026 season to date,840,0.09607843137254903,low,0.04512857142857143,0,1.2857142857142858,10.339142857142857,1.6678285714285712,1.3508714285714285,3.6640178571428574,2.3232142857142857,0.16733571428571425,NA,0.88,NA,2026,349900,3,FALSE,TRUE
0Oq633dAQ6,asa_0Oq633dAQ6_mls_eval_blended,Griffin Yow,griffin yow,2002-09-25,USA,W,NA,23.76454483230664,mls,19vQ2095K6,W,transition_winger,asa_live,0,Insufficient multi-season history for trend,blended,2025+2026 season to date,989,0.323202614379085,medium,0.16413852376137514,0,1.7290192113245704,8.146329625884732,1.2292659251769467,1.02194944388271,2.399393326592518,2.562972699696663,0.1116582406471183,NA,0.68,NA,2026,810875,4,FALSE,TRUE
0Oq63DL6Q6,asa_0Oq63DL6Q6_mls_eval_blended,Cody Baker,cody baker,2004-01-07,USA,FB,NA,21.481177275838466,mls,jYQJ19EqGR,FB,overlapping_fullback,asa_live,0.033242182310900925,2024→2025 g+/90 change (longer-term trend),blended,2025+2026 season to date,280,0.10671568627450981,low,0.03602755102040816,0,0.1836734693877551,12.504137486573576,2.100827497314715,1.6756206229860364,4.009044038668099,2.5849054779806657,0.18303351235230936,NA,0.8799999999999999,NA,2026,119104,2,FALSE,TRUE
0Oq63JA7Q6,asa_0Oq63JA7Q6_mls_eval_blended,Wyatt Omsberg,wyatt omsberg,1995-09-21,USA,CB,NA,29.776865160848732,mls,19vQ2095K6,CB,progressive_center_back,asa_live,-0.023070675005098185,2024→2025 g+/90 change (longer-term trend),blended,2025+2026 season to date,470,0.053758169934640526,low,0.05107021276595745,0,0.3829787234042553,11.910978723404256,1.9821957446808511,1.5866468085106384,3.964627659574468,1.9699574468085106,0.14436382978723408,NA,0.88,NA,2026,137500,2,FALSE,TRUE
0Oq63P32Q6,asa_0Oq63P32Q6_mls_eval_blended,Nkosi Tafari,nkosi tafari,1997-03-23,USA,CB,NA,28.27378507871321,mls,eVq3ya6MWO,CB,progressive_center_back,asa_live,-0.042251618818613945,2024→2025 g+/90 change (longer-term trend),blended,2025+2026 season to date,2041,0.9240032679738561,high,0.0596171633928541,0,0.6502504372849802,11.430233593715371,1.886046718743074,1.5145350390573058,4.295939301776077,2.4609467177201854,0.15760155751874444,NA,0.88,NA,2026,481500,3,FALSE,TRUE
0Oq63YndQ6,asa_0Oq63YndQ6_mls_eval_blended,Onni Valakari,onni valakari,1999-08-18,Finland,CM,NA,25.869952087611225,mls,zeQZBOzQKw,CM,ball_winning_midfielder,asa_live,-0.008853524071807423,2025→2026 YTD g+/90 change (short-term; 2026 incomplete),blended,2025+2026 season to date,2160,1,high,0.21048456402838286,0,1.137258090746463,9.651977882582534,1.5303955765165067,1.24779668238738,3.1977703798649335,2.6052071196857,0.18688777978447502,NA,0.88,NA,2026,781800,4,FALSE,TRUE
0Oq6712Q6D,asa_0Oq6712Q6D_mls_eval_blended,Ashley Westwood,ashley westwood,1990-04-01,England,CM,NA,35.2498288843258,mls,NPqxKXZ59d,CM,ball_winning_midfielder,asa_live,-0.0016948093410179,2024→2025 g+/90 change (longer-term trend),blended,2025+2026 season to date,2298,1,high,0.04440544948279089,0,0.508916352667259,10.225905913560291,1.6451811827120584,1.333885887034044,5.301353801084781,2.601474052530409,0.17912160017086487,NA,0.88,NA,2026,833333,4,FALSE,TRUE
0Oq6ENn256,asa_0Oq6ENn256_mls_eval_blended,Danny Musovski,danny musovski,1995-11-30,USA,FW,NA,29.585215605749486,mls,jYQJ19EqGR,FW,pressing_striker,asa_live,0.07759470630602106,2024→2025 g+/90 change (longer-term trend),blended,2025+2026 season to date,1108,0.5808986928104575,high,0.5620375623354874,0,2.319149022292743,9.126853237513242,1.4253706475026484,1.169027985626986,1.0109958600099922,1.432450519038345,0.2112496802270446,NA,0.68,NA,2026,712924,4,FALSE,TRUE
0Oq6J43rq6,asa_0Oq6J43rq6_mls_eval_blended,Sharod George,sharod george,2004-05-10,USA,CM,NA,21.141683778234086,mls,19vQ2095K6,CM,ball_winning_midfielder,asa_live,0,Insufficient multi-season history for trend,blended,2025+2026 season to date,11,0.02,low,0,0,0,13.49818181818182,2.2996363636363637,1.8247272727272728,3.6136363636363638,1.9436363636363636,0.11454545454545452,NA,0.68,NA,2026,NA,NA,FALSE,TRUE
0Oq6L8EgM6,asa_0Oq6L8EgM6_mls_eval_blended,Ayoub Jabbari,ayoub jabbari,2000-01-30,Morocco,FW,NA,25.418206707734427,mls,NWMWlBK5lz,FW,pressing_striker,asa_live,0.08244901082705058,2025→2026 YTD g+/90 change (short-term; 2026 incomplete),blended,2025+2026 season to date,767,0.2743300653594771,medium,0.22957458285172344,0,1.8727957084852256,9.687572982424943,1.5375145964849883,1.2531359473637416,3.727892623218043,1.6580711893541982,0.2919333748258795,NA,0.68,NA,2026,474800,3,FALSE,TRUE
0Oq6L8n2M6,asa_0Oq6L8n2M6_mls_eval_blended,Or Blorian,or blorian,2000-03-07,Israel,CB,NA,26.316221765913756,mls,Z2vQ1xlqrA,CB,progressive_center_back,asa_live,0,Insufficient multi-season history for trend,blended,2025+2026 season to date,629,0.20555555555555555,medium,0.015739268680445152,0,0.4292527821939587,9.122352941176471,1.4244705882352942,1.1683529411764706,3.6174085850556446,2.8668680445151034,0.07191414944356121,NA,0.68,NA,2026,NA,NA,FALSE,TRUE
0Oq6LeJ7M6,asa_0Oq6LeJ7M6_mls_eval_blended,Philip Quinton,philip quinton,1999-11-16,USA,CB,NA,25.623545516769337,mls,a2lqR4JMr0,CB,progressive_center_back,asa_live,-0.03087403382162024,2024→2025 g+/90 change (longer-term trend),blended,2025+2026 season to date,1888,0.724624183006536,high,0.021146929669676278,0,0.20780533714831964,11.189644069661826,1.8379288139323648,1.478446610449274,3.8177792295676767,2.3704463254750525,0.12199826715963649,NA,0.88,NA,2026,175000,2,FALSE,TRUE
0Oq6LgZgM6,asa_0Oq6LgZgM6_mls_eval_blended,Justin Ellis,justin ellis,2007-05-14,USA,FW,NA,18.132785763175907,mls,jYQJ8EW5GR,FW,pressing_striker,asa_live,0.288798640167364,2025→2026 YTD g+/90 change (short-term; 2026 incomplete),blended,2025+2026 season to date,1434,0.4695424836601307,medium,0.17075117150890348,0,1.2652296157450797,8.274217432052483,1.2548434864104967,1.0411326148078726,4.3971298031865045,3.3523008434864106,0.2154411902530459,NA,0.88,NA,2026,112424,2,FALSE,TRUE
0Oq6LpK2M6,asa_0Oq6LpK2M6_mls_eval_blended,Wayne Frederick,wayne frederick,2004-06-13,Trinidad & Tobago,CM,NA,21.048596851471594,mls,pzeQZ6xQKw,CM,ball_winning_midfielder,asa_live,-1.9983049450549448,2024→2025 g+/90 change (longer-term trend),blended,2025+2026 season to date,1742,0.6005065359477124,medium,0.09928472878472878,0,0.7786807786807787,9.85065961065961,1.5701319221319219,1.2775989415989415,2.5369802494802496,2.4202192402192404,0.09153052353052352,NA,0.7373300573300574,NA,2026,113400,2,FALSE,TRUE
0Oq6lLZgM6,asa_0Oq6lLZgM6_mls_eval_blended,Maxi Urruti,maxi urruti,1991-02-22,Argentina,FW,NA,34.35455167693361,mls,19vQ2095K6,FW,pressing_striker,asa_live,0,Insufficient multi-season history for trend,blended,2025+2026 season to date,720,0.08235294117647057,low,0.3308375,0,2.25,9.2335,1.4466999999999997,1.185025,1.16625,2.1055,0.17921249999999997,NA,0.88,NA,2026,104000,2,FALSE,TRUE
0Oq6lyNdM6,asa_0Oq6lyNdM6_mls_eval_blended,Wil Trapp,wil trapp,1993-01-15,USA,CM,NA,32.45722108145106,mls,kRQand1MKZ,CM,ball_winning_midfielder,asa_live,0.055680679817206064,2024→2025 g+/90 change (longer-term trend),blended,2025+2026 season to date,1957,1,high,0.012191726725798931,0,0.2401429060942933,10.168141602862615,1.633628320572523,1.3252212404293924,4.022790123526141,2.5898023244709836,0.11162272004673657,NA,0.88,NA,2026,602500,3,FALSE,TRUE
0Oq6w30XQ6,asa_0Oq6w30XQ6_mls_eval_blended,Breel Embolo,breel embolo,1997-02-14,Switzerland,FW,NA,29.374401095140314,mls,KAqBN0Vqbg,FW,pressing_striker,asa_live,0,Insufficient multi-season history for trend,blended,2025+2026 season to date,485,0.15849673202614378,medium,0.35983298969072164,0,2.2268041237113403,8.557443298969073,1.3114886597938145,1.0836164948453608,0.9397422680412371,1.6961237113402063,0.14357319587628867,NA,0.88,NA,2026,NA,NA,FALSE,TRUE
0Oq6w6j2Q6,asa_0Oq6w6j2Q6_mls_eval_blended,Gabe Segal,gabe segal,2001-05-17,USA,FW,NA,24.123203285420946,mls,YgOMngl5wN,FW,pressing_striker,asa_live,0.05870056100981763,2024→2025 g+/90 change (longer-term trend),blended,2025+2026 season to date,230,0.02630718954248366,low,0.9461739130434783,0,4.304347826086956,8.810782608695652,1.36215652173913,1.121617391304348,0.41934782608695675,1.4959130434782608,0.2991521739130435,NA,0.68,NA,2026,104000,2,FALSE,TRUE
0Oq6wjlzQ6,asa_0Oq6wjlzQ6_mls_eval_blended,Jack Skahan,jack skahan,1998-02-07,USA,FB,NA,27.394934976043807,mls,0KPqjA456v,FB,overlapping_fullback,asa_live,0.1449018226822682,2024→2025 g+/90 change (longer-term trend),blended,2025+2026 season to date,820,0.2780392156862745,medium,0.3237865729665072,0,2.064294258373206,9.457181818181818,1.4914363636363634,1.2185772727272728,4.086170005980861,1.9043044258373205,0.24592742224880382,NA,0.7721052631578947,NA,2026,225000,2,FALSE,TRUE
0Oq6wmbrQ6,asa_0Oq6wmbrQ6_mls_eval_blended,Kye Rowles,kye rowles,1998-06-24,Australia,CB,NA,27.019849418206707,mls,EKXMeX3Q64,CB,progressive_center_back,asa_live,0.08007808815904507,2025→2026 YTD g+/90 change (short-term; 2026 incomplete),blended,2025+2026 season to date,2017,1,high,0.0861431301069186,0,0.45136759235314616,12.383759630241716,2.076751926048343,1.6575639445362573,4.1745650671406604,2.5021496689416405,0.20770654375756825,NA,0.88,NA,2026,751667,4,FALSE,TRUE
0Oq6wvbgQ6,asa_0Oq6wvbgQ6_mls_eval_blended,Vitor Costa,vitor costa,1994-07-01,Brazil,FB,NA,31.000684462696782,mls,0KPqjA456v,FB,overlapping_fullback,asa_live,0.042273159806382785,2024→2025 g+/90 change (longer-term trend),blended,2025+2026 season to date,1005.6179775280899,0.3831699346405229,medium,0.08673305415317843,0,0.6936610561618409,9.75412717343544,1.5508254346870882,1.2631190760153161,2.995194006295005,1.8169129370409896,0.09422221275679941,NA,0.8800000000000001,NA,2026,463333,3,FALSE,TRUE
0x5g213RM7,asa_0x5g213RM7_mls_eval_blended,Sergio Reguilón,sergio reguilon,1996-12-16,Spain,FB,NA,29.53867214236824,mls,zeQZkL1MKw,FB,overlapping_fullback,asa_live,0,Insufficient multi-season history for trend,blended,2025+2026 season to date,918,0.3,medium,0.043333333333333335,0,0.6862745098039216,11.982745098039215,1.9965490196078433,1.5974117647058823,3.7188725490196077,2.4815686274509803,0.14620588235294119,NA,0.88,NA,2026,1800000,5,FALSE,TRUE
0x5g2BmPM7,asa_0x5g2BmPM7_mls_eval_blended,Enea Mihaj,enea mihaj,1998-07-05,Albania,CB,NA,26.989733059548254,mls,KAqBN0Vqbg,CB,progressive_center_back,asa_live,0.006466104130331385,2025→2026 YTD g+/90 change (short-term; 2026 incomplete),blended,2025+2026 season to date,1696,0.6359150326797386,medium,0.02247893548070313,0,0.4485416871256015,10.250639300795441,1.6501278601590887,1.3375958951193165,4.494091255032898,2.6339202592556226,0.13502658843169987,NA,0.88,NA,2026,1557000,5,FALSE,TRUE
0x5g2EKLM7,asa_0x5g2EKLM7_mls_eval_blended,Indiana Vassilev,indiana vassilev,2001-02-16,USA,W,NA,24.369609856262834,mls,9z5k7Yg5A3,W,transition_winger,asa_live,0.02390147881276264,2024→2025 g+/90 change (longer-term trend),blended,2025+2026 season to date,1856,0.8777287581699346,high,0.12616893983046318,0,1.1592838345976322,8.769779673401013,1.3539559346802026,1.115466951010152,3.23663583143738,2.758899881787562,0.11969702716509942,NA,0.8252269170579031,NA,2026,665000,3,FALSE,TRUE
0x5g2EwmM7,asa_0x5g2EwmM7_mls_eval_blended,Michael Edwards,michael edwards,2000-11-27,USA,CB,NA,24.591375770020534,mls,pzeQZ6xQKw,CB,progressive_center_back,asa_live,-0.8530509995433415,2024→2025 g+/90 change (longer-term trend),blended,2025+2026 season to date,35,0.02,low,0,0,0,-13.147428571428573,-3.0294857142857143,-2.1721142857142857,2.704285714285714,2.3405714285714287,-0.5485001520857143,NA,0.68,NA,2026,160000,2,FALSE,TRUE
0x5g2RXXM7,asa_0x5g2RXXM7_mls_eval_blended,Stijn Spierings,stijn spierings,1996-03-12,Netherlands,CM,NA,30.302532511978097,mls,a2lqR4JMr0,CM,ball_winning_midfielder,asa_live,0,Insufficient multi-season history for trend,blended,2025+2026 season to date,1395,0.45588235294117646,medium,0.0645483870967742,0,1.032258064516129,9.424,1.4848,1.2136,4.5287096774193545,2.701548387096774,0.15451612903225806,NA,0.8799999999999999,NA,2026,783333,4,FALSE,TRUE
0x5g2pW7M7,asa_0x5g2pW7M7_mls_eval_blended,Shaq Moore,shaq moore,1996-11-02,USA,FB,NA,28.659822039698838,mls,mKAqBBmqbg,FB,overlapping_fullback,asa_live,-0.008255261945155051,2024→2025 g+/90 change (longer-term trend),blended,2025+2026 season to date,2612,1,high,0.04390911551827671,0,0.3898973412206621,10.684527367156857,1.7369054734313711,1.4026791050735286,3.671419399762358,2.996872676283075,0.1325593338358737,NA,0.88,NA,2026,870000,4,FALSE,TRUE
0x5g2xoXM7,asa_0x5g2xoXM7_mls_eval_blended,Raheem Edwards,raheem edwards,1995-07-17,Canada,FB,NA,29.95756331279945,mls,a2lqRX2Mr0,FB,overlapping_fullback,asa_live,0.046940022998370245,2024→2025 g+/90 change (longer-term trend),blended,2025+2026 season to date,855,0.46482026143790844,medium,0.027349530578361578,0,0.5064397944185142,10.36501142758529,1.6730022855170583,1.3547517141377936,3.8845504442297734,2.2111061608986553,0.10332115898447031,NA,0.68,NA,2026,414340,3,FALSE,TRUE
0x5gJ0wjM7,asa_0x5gJ0wjM7_mls_eval_blended,Andy Batioja,andy batioja,2006-01-31,Colombia,FW,NA,19.41409993155373,mls,YgOMngl5wN,FW,pressing_striker,asa_live,0,Insufficient multi-season history for trend,blended,2025+2026 season to date,14,0.02,low,0,0,0,8,1.2,1,-0.18214285714285783,2.6671428571428573,-0.026357142857142867,NA,0.75,NA,2026,NA,NA,FALSE,TRUE
0x5gJBgZM7,asa_0x5gJBgZM7_mls_eval_blended,Donavan Phillip,donavan phillip,2005-04-01,St. Lucia,W,NA,21.248459958932237,mls,pzeQZ6xQKw,W,transition_winger,asa_live,0,Insufficient multi-season history for trend,blended,2025+2026 season to date,407,0.13300653594771242,low,0.47195823095823103,0,2.4324324324324325,9.523144963144963,1.5046289926289926,1.2284717444717446,3.7584766584766585,2.1165601965601963,0.3558206388206388,NA,0.6800000000000002,NA,2026,88025,2,FALSE,TRUE
0x5gJEVLM7,asa_0x5gJEVLM7_mls_eval_blended,Jacob Murrell,jacob murrell,2004-03-28,USA,FW,NA,21.259411362080765,mls,EKXMeX3Q64,FW,pressing_striker,asa_live,-0.1307515538290788,2024→2025 g+/90 change (longer-term trend),blended,2025+2026 season to date,855.0898203592814,0.1607843137254902,low,0.21120570623458967,0,1.1835153222965833,9.312070447340613,1.4624140894681226,1.196810567101092,2.046715392743924,1.9472222613596335,0.12989482212046494,NA,0.6799999999999999,NA,2026,113400,2,FALSE,TRUE
0x5gJJWPM7,asa_0x5gJJWPM7_mls_eval_blended,Ariath Piol,ariath piol,2004-10-11,Australia,FW,NA,20.720054757015742,mls,a2lqR4JMr0,FW,pressing_striker,asa_live,0.17335168041418045,2025→2026 YTD g+/90 change (short-term; 2026 incomplete),blended,2025+2026 season to date,827.8538812785388,0.1760130718954248,low,0.2145752499074417,0,1.2106627175120326,8.573232136245835,1.314646427249167,1.0859848204368752,1.7420145316549425,0.6623639392817475,0.06320992225101812,NA,0.68,NA,2026,348859,3,FALSE,TRUE
0x5gJWwjM7,asa_0x5gJWwjM7_mls_eval_blended,Dawid Bugaj,dawid bugaj,2004-07-09,Poland,FB,NA,20.97741273100616,mls,APk5LGOMOW,FB,overlapping_fullback,asa_live,0.12836108115773337,2024→2025 g+/90 change (longer-term trend),blended,2025+2026 season to date,1745,0.7865522875816994,high,0.02934922931678308,0,0.6611556841739852,10.86981643107649,1.773963286215298,1.4304724646614737,3.149466199271331,2.348044719416805,0.11381748287821228,NA,0.8799999999999999,NA,2026,267600,2,FALSE,TRUE
0x5gJY2rM7,asa_0x5gJY2rM7_mls_eval_blended,Bruno Caicedo,bruno caicedo,2005-01-15,Ecuador,W,NA,21.456536618754278,mls,lgpMOvnQzy,W,transition_winger,asa_live,0,Insufficient multi-season history for trend,blended,2025+2026 season to date,829,0.27091503267973854,medium,0.47599034981905913,0,3.6911942098914357,8.490711700844392,1.298142340168878,1.0736067551266586,2.9052774427020505,6.153413751507841,0.43072979493365504,NA,0.68,NA,2026,430150,3,FALSE,TRUE
0x5gJg07M7,asa_0x5gJg07M7_mls_eval_blended,Malachi Jones,malachi jones,2003-09-23,Sierra Leone,W,NA,22.770704996577688,mls,Vj58weDM8n,W,transition_winger,asa_live,0,Insufficient multi-season history for trend,blended,2025+2026 season to date,543,0.17745098039215687,medium,0.3557734806629834,0,2.4861878453038675,9.699889502762431,1.5399779005524863,1.2549834254143648,1.5729281767955803,3.949613259668508,0.3236187845303868,NA,0.68,NA,2026,113400,2,FALSE,TRUE
0x5gLEbRq7,asa_0x5gLEbRq7_mls_eval_blended,Louis Munteanu,louis munteanu,2002-06-16,Romania,FW,NA,24.041067761806982,mls,EKXMeX3Q64,FW,pressing_striker,asa_live,0,Insufficient multi-season history for trend,blended,2025+2026 season to date,1618,0.5287581699346405,medium,0.4266545117428925,0,3.61557478368356,8.452781211372065,1.2905562422744128,1.0679171817058097,2.806983930778739,2.49221260815822,0.25960939431396785,NA,0.68,NA,2026,1634100,5,FALSE,TRUE
0x5gLj27q7,asa_0x5gLj27q7_mls_eval_blended,Sekou Bangoura,sekou bangoura,2002-04-05,Guinea,CM,NA,24.238193018480494,mls,mvzqoLZQap,CM,ball_winning_midfielder,asa_live,0,Insufficient multi-season history for trend,blended,2025+2026 season to date,744,0.24313725490196078,medium,0.10663306451612903,0,0.7258064516129032,10.431935483870967,1.6863870967741932,1.364790322580645,2.0876008064516127,2.492258064516129,0.10446774193548387,NA,0.68,NA,2026,542167,3,FALSE,TRUE
0x5gLm2bq7,asa_0x5gLm2bq7_mls_eval_blended,Jackson Hopkins,jackson hopkins,2004-07-01,USA,CM,NA,20.999315537303218,mls,EKXMeX3Q64,CM,ball_winning_midfielder,asa_live,0.05573186247160564,2024→2025 g+/90 change (longer-term trend),blended,2025+2026 season to date,1846,0.7084967320261438,high,0.22267261518494488,0,1.3817070255131665,10.141698145428464,1.6283396290856929,1.3212547218142696,3.126224853990915,2.5340001366166875,0.1864126421667407,NA,0.88,NA,2026,157833,2,FALSE,TRUE
0x5gLogrq7,asa_0x5gLogrq7_mls_eval_blended,Gonzalo Tapia,gonzalo tapia,2002-02-16,Chile,FW,NA,24.369609856262834,mls,mvzqoLZQap,FW,pressing_striker,asa_live,0,Insufficient multi-season history for trend,blended,2025+2026 season to date,201,0.06568627450980392,low,0.5033731343283583,0,4.477611940298507,7.691940298507464,1.1383880597014926,0.9537910447761195,6.53955223880597,1.9286567164179105,0.5552238805970149,NA,0.88,NA,2026,NA,NA,FALSE,TRUE
0x5gLpbwq7,asa_0x5gLpbwq7_mls_eval_blended,Caden Clark,caden clark,2003-05-27,USA,W,NA,22.09719370294319,mls,"c(""APk5LGOMOW"", ""EKXMeX3Q64"")",W,transition_winger,asa_live,-0.04410613546661901,2024→2025 g+/90 change (longer-term trend),blended,2025+2026 season to date,1417.3678532901836,0.2888725490196078,medium,0.07412407735955434,0,0.990736095090803,9.904935059561064,1.580987011912213,1.2857402589341596,2.9537204328328106,1.7585001887953822,0.10113969306526115,NA,0.68,NA,2026,432000,3,FALSE,TRUE
0x5gP3gXq7,asa_0x5gP3gXq7_mls_eval_blended,Matt Miazga,matt miazga,1995-07-19,USA,CB,NA,29.95208761122519,mls,NWMWlBK5lz,CB,progressive_center_back,asa_live,0.01644455393509392,2024→2025 g+/90 change (longer-term trend),blended,2025+2026 season to date,1094,0.5542483660130719,high,0.033881893132145915,0,0.28233647040522675,10.232618806875632,1.6465237613751265,1.3348928210313449,3.9085561367348527,2.6019094656607296,0.08324807497861086,NA,0.8799999999999999,NA,2026,1639000,5,FALSE,TRUE
0x5gPv8mq7,asa_0x5gPv8mq7_mls_eval_blended,Duane Holmes,duane holmes,1994-11-06,USA,W,NA,30.650239561943874,mls,YgOMngl5wN,W,transition_winger,asa_live,-0.04300207538079531,2025→2026 YTD g+/90 change (short-term; 2026 incomplete),blended,2025+2026 season to date,669,0.3016666666666667,medium,0.06441834843554745,0,0.8334490398372463,10.566545647725007,1.7133091295450018,1.3849818471587514,3.0270721525635524,2.79940379960036,0.14738253173879712,NA,0.6799999999999999,NA,2026,628000,3,FALSE,TRUE
0x5gPvZRq7,asa_0x5gPvZRq7_mls_eval_blended,Eriq Zavaleta,eriq zavaleta,1992-08-02,USA,CB,NA,32.91170431211499,mls,kaDQ0wRqEv,CB,progressive_center_back,asa_live,0.13628338720103428,2024→2025 g+/90 change (longer-term trend),blended,2025+2026 season to date,170,0.02,low,0,0,0,13.620235294117647,2.3240470588235294,1.8430352941176473,3.09,2.6482352941176472,0.16046470588235295,NA,0.88,NA,2026,198311,2,FALSE,TRUE
0x5gWWz757,asa_0x5gWWz757_mls_eval_blended,Herman Johansson,herman johansson,1997-10-16,Sweden,FB,NA,28.706365503080082,mls,mKAqBBmqbg,FB,overlapping_fullback,asa_live,0,Insufficient multi-season history for trend,blended,2025+2026 season to date,1800,0.5882352941176471,medium,0.03746,0,0.55,7.819000000000001,1.1637999999999997,0.9728499999999999,3.163125,2.2781,0.020925000000000003,NA,0.88,NA,2026,740000,4,FALSE,TRUE
0x5gWlZb57,asa_0x5gWlZb57_mls_eval_blended,Samuel Gidi,samuel gidi,2004-04-15,Ghana,CM,NA,21.21013004791239,mls,NWMWlBK5lz,CM,ball_winning_midfielder,asa_live,0.04256237654532334,2025→2026 YTD g+/90 change (short-term; 2026 incomplete),blended,2025+2026 season to date,2072,0.7609640522875818,medium,0.019314319377757305,0,0.34983434028454485,10.424896794883152,1.6849793589766304,1.363734519232473,3.864473963962368,2.5920268067539554,0.10748551584840807,NA,0.8294949494949495,NA,2026,671050,3,FALSE,TRUE
0x5gZDPM7O,asa_0x5gZDPM7O_mls_eval_blended,Kei Kamara,kei kamara,1984-09-01,Sierra Leone,FW,NA,40.82956878850103,mls,NWMWlBK5lz,FW,pressing_striker,asa_live,-0.09787631578947367,2024→2025 g+/90 change (longer-term trend),blended,2025+2026 season to date,900,0.10294117647058823,low,0.20672000000000001,0,1.4,9.6716,1.53432,1.25074,2.01325,0.7408000000000001,0.09605,NA,0.68,NA,2026,119000,2,FALSE,TRUE
0x5gk2PL57,asa_0x5gk2PL57_mls_eval_blended,Ezekiel Alladoh,ezekiel alladoh,2005-09-13,Ghana,FW,NA,20.79671457905544,mls,9z5k7Yg5A3,FW,pressing_striker,asa_live,0,Insufficient multi-season history for trend,blended,2025+2026 season to date,909,0.29705882352941176,medium,0.2090990099009901,0,1.5841584158415842,8.45029702970297,1.290059405940594,1.0675445544554456,2.2064356435643564,1.4207920792079207,0.12947524752475245,NA,0.68,NA,2026,540000,3,FALSE,TRUE
0x5gkPbP57,asa_0x5gkPbP57_mls_eval_blended,Anderson Rosa,anderson rosa,2001-11-13,Brazil,FB,NA,23.630390143737166,mls,pzeQZ6xQKw,FB,overlapping_fullback,asa_live,0,Insufficient multi-season history for trend,blended,2025+2026 season to date,43,0.02,low,0,0,0,7.137674418604652,1.0275348837209302,0.8706511627906978,5.025,2.5,0.060279069767441865,NA,0.8800000000000001,NA,2026,NA,NA,FALSE,TRUE
2lqR72mAQr,asa_2lqR72mAQr_mls_eval_blended,Kenji Cabrera,kenji cabrera,2003-01-27,Peru,W,NA,22.425735797399042,mls,lgpMOvnQzy,W,transition_winger,asa_live,-0.04208613162337771,2025→2026 YTD g+/90 change (short-term; 2026 incomplete),blended,2025+2026 season to date,382,0.15995098039215686,low,0.24231557256136846,0,1.1146567762678596,9.558558948021219,1.5117117896042436,1.2337838422031826,3.76257669173385,3.4761895271755163,0.2843401921884314,NA,0.8681728280961185,NA,2026,440053,3,FALSE,TRUE
2lqR7A8JQr,asa_2lqR7A8JQr_mls_eval_blended,Bernardo Rhein Goncalves,bernardo rhein goncalves,2007-09-21,USA,FB,NA,18.77618069815195,mls,jYQJ8EW5GR,FB,overlapping_fullback,asa_live,0,Insufficient multi-season history for trend,blended,2025+2026 season to date,493,0.16111111111111112,medium,0.09874442190669372,0,0.36511156186612576,9.974523326572008,1.5949046653144014,1.2961784989858012,3.636206896551724,2.547829614604462,0.119026369168357,NA,0.88,NA,2026,NA,NA,FALSE,TRUE
2lqR7V9AQr,asa_2lqR7V9AQr_mls_eval_blended,Georgi Minoungou,georgi minoungou,2002-07-25,Ivory Coast,W,NA,22.934976043805612,mls,jYQJ19EqGR,W,transition_winger,asa_live,-0.04453378378378381,2024→2025 g+/90 change (longer-term trend),blended,2025+2026 season to date,1598,0.6237908496732026,medium,0.21196365817514645,0,1.9836285371533413,9.112449368428482,1.4224898736856961,1.166867405264272,1.5540456742643425,3.5388487051019695,0.16847727753863523,NA,0.740922541340296,NA,2026,113400,2,FALSE,TRUE
2lqR7YEaQr,asa_2lqR7YEaQr_mls_eval_blended,Jackson Travis,jackson travis,2004-02-23,USA,FB,NA,21.352498288843258,mls,pzeQZ6xQKw,FB,overlapping_fullback,asa_live,-0.04208455200261922,2024→2025 g+/90 change (longer-term trend),blended,2025+2026 season to date,986,0.40777777777777774,medium,0.01165479475517156,0,0.20667212210021504,9.442030182503283,1.4884060365006566,1.2163045273754922,2.9482862960777974,2.5440320094391686,0.05079592555236265,NA,0.7969632265717674,NA,2026,127500,2,FALSE,TRUE
2lqR7wZaQr,asa_2lqR7wZaQr_mls_eval_blended,Max Arfsten,max arfsten,2001-04-19,USA,FB,NA,24.199863107460644,mls,mvzqoLZQap,FB,overlapping_fullback,asa_live,0.06446464272450747,2024→2025 g+/90 change (longer-term trend),blended,2025+2026 season to date,1642,0.8952941176470588,high,0.17203922166646335,0,1.2358942295961937,9.052689551055265,1.4105379102110525,1.1579034326582898,2.7846217556728075,2.764464209466878,0.14806980450164697,NA,0.7397779675491034,NA,2026,895000,4,FALSE,TRUE
2lqR7yoAQr,asa_2lqR7yoAQr_mls_eval_blended,Mykhi Joyner,mykhi joyner,2006-08-30,USA,W,NA,18.836413415468858,mls,wvq9B9wQWn,W,transition_winger,asa_live,0.25327966386554623,2024→2025 g+/90 change (longer-term trend),blended,2025+2026 season to date,399.5203836930456,0.09823529411764706,low,0.34515361828184504,0,2.278882776132036,11.312391028353787,1.8624782056707574,1.4968586542530682,3.4245609394837073,2.0792382564536607,0.23957405840033857,NA,0.8799999999999999,NA,2026,130680,2,FALSE,TRUE
2lqRJ0l4qr,asa_2lqRJ0l4qr_mls_eval_blended,Hosei Kijima,hosei kijima,2002-07-01,Japan,W,NA,23.000684462696782,mls,EKXMeX3Q64,W,transition_winger,asa_live,-0.07414315746939401,2024→2025 g+/90 change (longer-term trend),blended,2025+2026 season to date,1239.6414342629482,0.3027124183006536,medium,0.09353159017473414,0,0.9966433478683692,10.437295542240486,1.6874591084480974,1.3655943313360732,3.2893283166546414,3.21638610910688,0.20217312639206952,NA,0.88,NA,2026,113400,2,FALSE,TRUE
2lqRJVwJqr,asa_2lqRJVwJqr_mls_eval_blended,Morrison Agyemang,morrison agyemang,2004-12-21,Ghana,CB,NA,21.52498288843258,mls,NPqxKXZ59d,CB,progressive_center_back,asa_live,0,Insufficient multi-season history for trend,blended,2025+2026 season to date,1816,0.5934640522875817,medium,0.14023348017621146,0,0.7433920704845814,11.209074889867843,1.8418149779735682,1.4813612334801762,4.5982929515418505,2.7102312775330395,0.2336332599118943,NA,0.88,NA,2026,262080,2,FALSE,TRUE
2lqRJgb2qr,asa_2lqRJgb2qr_mls_eval_blended,Wiktor Bogacz,wiktor bogacz,2004-07-14,Poland,FW,NA,20.9637234770705,mls,a2lqRX2Mr0,FW,pressing_striker,asa_live,0,Insufficient multi-season history for trend,blended,2025+2026 season to date,414,0.047352941176470584,low,0.13641304347826086,0,1.3043478260869565,8.261739130434783,1.2523478260869565,1.0392608695652175,2.2625,0.35565217391304316,0.05945652173913043,NA,0.68,NA,2026,516240,3,FALSE,TRUE
2lqRR1wxqr,asa_2lqRR1wxqr_mls_eval_blended,Marlon,marlon,1995-09-07,Brazil,CB,NA,29.815195071868583,mls,eVq3ya6MWO,CB,progressive_center_back,asa_live,0.038212219821414616,2024→2025 g+/90 change (longer-term trend),blended,2025+2026 season to date,718,0.08212418300653594,low,0.026912256267409472,0,0.12534818941504178,7.329136490250696,1.0658272980501393,0.8993704735376046,5.307346796657381,2.751949860724234,0.08741782729805013,NA,0.88,NA,2026,1000000,4,FALSE,TRUE
2lqRR3wJqr,asa_2lqRR3wJqr_mls_eval_blended,Bjørn Inge Utvik,bjorn inge utvik,1996-02-28,Norway,CB,NA,29.338809034907598,mls,lgpMOvnQzy,CB,progressive_center_back,asa_live,0.011335437404905446,2024→2025 g+/90 change (longer-term trend),blended,2025+2026 season to date,1157,0.13233660130718955,low,0.04832152117545376,0,0.3889369057908384,10.076611927398444,1.6153223854796888,1.3114917891097666,4.119943820224719,2.6429732065687124,0.13794036300777873,NA,0.88,NA,2026,622083,3,FALSE,TRUE
2lqRR4Rxqr,asa_2lqRR4Rxqr_mls_eval_blended,Lewis Morgan,lewis morgan,1996-09-30,Scotland,W,NA,28.750171115674195,mls,a2lqRX2Mr0,W,transition_winger,asa_live,-0.052120071501532195,2024→2025 g+/90 change (longer-term trend),blended,2025+2026 season to date,770,0.2705065359477124,medium,0.23065769944341372,0,2.079777365491651,8.779205936920224,1.3558411873840444,1.1168808905380332,2.7231076066790356,3.132267161410019,0.21561873840445267,NA,0.7847619047619048,NA,2026,1868508,5,FALSE,TRUE
2lqRRZy2qr,asa_2lqRRZy2qr_mls_eval_blended,Ilie Sánchez,ilie sanchez,1990-11-21,Spain,CM,NA,34.60917180013689,mls,gpMOLwl5zy,CM,ball_winning_midfielder,asa_live,-0.080873762610379707,2024→2025 g+/90 change (longer-term trend),blended,2025+2026 season to date,1281,0.6434967320261438,high,0.05700088429089577,0,0.5737414902407048,11.13039309862822,1.8260786197256438,1.4695589647942329,3.0772427327156304,2.9538623330592815,0.13693466517881214,NA,0.88,NA,2026,225000,2,FALSE,TRUE
2lqRRkw2qr,asa_2lqRRkw2qr_mls_eval_blended,Alfredo Morales,alfredo morales,1990-05-12,USA,CM,NA,35.13757700205339,mls,wvq9B9wQWn,CM,ball_winning_midfielder,asa_live,-0.0034035399833874658,2024→2025 g+/90 change (longer-term trend),blended,2025+2026 season to date,1275,0.14583333333333334,medium,0.01775294117647059,0,0.4235294117647059,10.961882352941176,1.792376470588235,1.4442823529411766,4.95264705882353,2.0406117647058823,0.13114588235294117,NA,0.88,NA,2026,205571,2,FALSE,TRUE
2lqRj3Zxqr,asa_2lqRj3Zxqr_mls_eval_blended,Olger Escobar,olger escobar,2006-09-11,Guatemala,W,NA,18.803559206023273,mls,APk5LGOMOW,W,transition_winger,asa_live,0.007272251185763023,2025→2026 YTD g+/90 change (short-term; 2026 incomplete),blended,2025+2026 season to date,485,0.21866013071895427,medium,0.12594458295230304,0,1.5680800885594648,8.7821098329884,1.3564219665976802,1.11731647494826,3.1008249506666026,2.9894021273523608,0.14519693892284738,NA,0.7981434599156119,NA,2026,93421,2,FALSE,TRUE
2lqRj7nDqr,asa_2lqRj7nDqr_mls_eval_blended,Jason Shokalook,jason shokalook,2002-09-30,USA,FW,NA,22.751540041067763,mls,X0Oq66zq6D,FW,pressing_striker,asa_live,-2.100810036945813,2025→2026 YTD g+/90 change (short-term; 2026 incomplete),blended,2025+2026 season to date,203,0.06816993464052287,low,0.09224252491694353,0,0.398671096345515,9.893787375415283,1.5787574750830564,1.2840681063122923,39.34379152823921,6.585980066445184,1.7490373754152826,NA,0.6875193798449613,NA,2026,88025,2,FALSE,TRUE
2lqRj90Jqr,asa_2lqRj90Jqr_mls_eval_blended,Jackson Gilman,jackson gilman,2004-04-29,USA,CB,NA,22.171115674195757,mls,kRQabn8MKZ,CB,progressive_center_back,asa_live,0,Insufficient multi-season history for trend,blended,2025+2026 season to date,1025,0.3349673202614379,medium,0.056616585365853664,0,0.7902439024390244,11.596136585365853,1.9192273170731706,1.539420487804878,3.0908780487804877,2.5474146341463415,0.12484975609756097,NA,0.68,NA,2026,NA,NA,FALSE,TRUE
2lqRjDAAqr,asa_2lqRjDAAqr_mls_eval_blended,Ian Fray,ian fray,2002-08-31,USA,FB,NA,22.833675564681723,mls,zeQZkL1MKw,FB,overlapping_fullback,asa_live,0.008456466949249647,2024→2025 g+/90 change (longer-term trend),blended,2025+2026 season to date,1610,0.7327124183006536,high,0.10432869223799457,0,0.6097855632739354,11.235044397463003,1.8470088794926005,1.4852566596194503,3.078301872546059,2.417673814557536,0.1662678948958019,NA,0.88,NA,2026,429000,3,FALSE,TRUE
2lqRjL12qr,asa_2lqRjL12qr_mls_eval_blended,Brandan Craig,brandan craig,2004-04-07,USA,CB,NA,21.232032854209447,mls,APk5LGOMOW,CB,progressive_center_back,asa_live,-0.028298070329761657,2025→2026 YTD g+/90 change (short-term; 2026 incomplete),blended,2025+2026 season to date,814.5092460881934,0.4178431372549019,medium,0.03763803399332932,0,0.7127330650686718,9.234627078500454,1.4469254157000906,1.1851940617750683,4.891134832554855,2.371155265418552,0.1260277486983831,NA,0.7804267425320057,NA,2026,97830,2,FALSE,TRUE
2lqRjYLWqr,asa_2lqRjYLWqr_mls_eval_blended,Zane Monlouis,zane monlouis,2003-10-16,England,CB,NA,21.70841889117043,mls,kRQabn8MKZ,CB,progressive_center_back,asa_live,-0.046614659114529236,2025→2026 YTD g+/90 change (short-term; 2026 incomplete),blended,2025+2026 season to date,1360,0.5091830065359477,medium,0.009633495145631067,0,0.2621359223300971,10.353965762118769,1.6707931524237536,1.3530948643178153,3.7438596950152663,2.505771004151086,0.09743552094411471,NA,0.7479611650485437,NA,2026,137891,2,FALSE,TRUE
2lqRjZAaqr,asa_2lqRjZAaqr_mls_eval_blended,Johan Gomez,johan gomez,2001-07-23,USA,FW,NA,24.93908281998631,mls,X0Oq66zq6D,FW,pressing_striker,asa_live,0,Insufficient multi-season history for trend,blended,2025+2026 season to date,185,0.06045751633986928,low,0.18608108108108107,0,1.4594594594594594,8.23935135135135,1.2478702702702702,1.0359027027027028,1.1099999999999999,1.5017297297297296,-0.008318918918918925,NA,0.68,NA,2026,NA,NA,FALSE,TRUE
2lqRjkEJqr,asa_2lqRjkEJqr_mls_eval_blended,Logan Ndenbe,logan ndenbe,2000-02-09,Belgium,FB,NA,25.39082819986311,mls,Z2vQ1xlqrA,FB,overlapping_fullback,asa_live,-0.056661372199868165,2024→2025 g+/90 change (longer-term trend),blended,2025+2026 season to date,2234,0.25552287581699346,medium,0.06995747538048344,0,0.76544315129812,9.360393912264996,1.472078782452999,1.2040590868397494,3.2973142345568487,2.879015219337511,0.1452287376902417,NA,0.88,NA,2026,530000,3,FALSE,TRUE
2lqRk034Qr,asa_2lqRk034Qr_mls_eval_blended,Keegan Hughes,keegan hughes,2000-07-22,USA,CB,NA,24.941820670773442,mls,19vQ2095K6,CB,progressive_center_back,asa_live,-0.012313636363636353,2025→2026 YTD g+/90 change (short-term; 2026 incomplete),blended,2025+2026 season to date,374,0.07973856209150326,low,0.018255681818181817,0,0.17386363636363636,10.523204545454545,1.704640909090909,1.3784806818181816,3.4959460227272725,2.35105,0.0464665909090909,NA,0.85,NA,2026,113400,2,FALSE,TRUE
2lqRk1raQr,asa_2lqRk1raQr_mls_eval_blended,Kamal Miller,kamal miller,1997-05-16,Canada,CB,NA,28.125941136208077,mls,WBLMvYAQxe,CB,progressive_center_back,asa_live,-0.012125993861036216,2024→2025 g+/90 change (longer-term trend),blended,2025+2026 season to date,1769,0.8618790849673202,high,0.02811953789260102,0,0.13929925758975992,9.992673514334703,1.5985347028669405,1.2989010271502055,5.290371293274818,2.67482842874375,0.16405793238821603,NA,0.88,NA,2026,822496,4,FALSE,TRUE
2lqRk3NWQr,asa_2lqRk3NWQr_mls_eval_blended,Kyle Duncan,kyle duncan,1997-08-08,USA,FB,NA,27.89596167008898,mls,a2lqRX2Mr0,FB,overlapping_fullback,asa_live,0.05197576836925788,2024→2025 g+/90 change (longer-term trend),blended,2025+2026 season to date,1859,0.8013888888888889,high,0.08388017304879188,0,0.6460280737428545,11.566498666860326,1.9132997333720652,1.5349748000290488,3.236706470655365,2.835535590160703,0.15855613192376722,NA,0.88,NA,2026,437889,3,FALSE,TRUE
2lqRk3lnQr,asa_2lqRk3lnQr_mls_eval_blended,Keaton Parks,keaton parks,1997-08-06,USA,CM,NA,27.901437371663246,mls,Vj58weDM8n,CM,ball_winning_midfielder,asa_live,0.12518325236006686,2024→2025 g+/90 change (longer-term trend),blended,2025+2026 season to date,1200,0.5057352941176471,high,0.14051695659087296,0,0.9023374145333122,10.879618953728734,1.7759237907457464,1.4319428430593097,3.2464345682938465,2.6809868659564318,0.19377666878677058,NA,0.8063157894736842,NA,2026,1130000,4,FALSE,TRUE
2lqRkOwnQr,asa_2lqRkOwnQr_mls_eval_blended,Ryan Porteous,ryan porteous,1999-03-25,Scotland,CB,NA,26.269678302532512,mls,eVq3ya6MWO,CB,progressive_center_back,asa_live,0.06459206994616704,2025→2026 YTD g+/90 change (short-term; 2026 incomplete),blended,2025+2026 season to date,2181,0.8584640522875817,high,0.055700439789297826,0,0.46069168596068977,11.66010413051024,1.9320208261020482,1.5490156195765359,5.146437916474362,2.6326181004001206,0.20390433724553822,NA,0.88,NA,2026,760260,4,FALSE,TRUE
2lqRkWG0Qr,asa_2lqRkWG0Qr_mls_eval_blended,Rafael Santos,rafael santos,1998-02-05,Brazil,FB,NA,27.40041067761807,mls,"c(""pzeQZ6xQKw"", ""jYQJ8EW5GR"")",FB,overlapping_fullback,asa_live,-0.009982071734026488,2024→2025 g+/90 change (longer-term trend),blended,2025+2026 season to date,1198,0.5294444444444444,high,0.057633227435006214,0,1.1088655772769451,9.603409087334665,1.520681817466933,1.2405113631001998,2.9658912366513066,2.380084299262381,0.08001400531588632,NA,0.7537618545837724,NA,2026,226354,2,FALSE,TRUE
2lqRkYZnQr,asa_2lqRkYZnQr_mls_eval_blended,Bryan Acosta,bryan acosta,1993-11-24,Honduras,CM,NA,31.600273785078713,mls,vzqoOgNqap,CM,ball_winning_midfielder,asa_live,-0.06128599067987016,2025→2026 YTD g+/90 change (short-term; 2026 incomplete),blended,2025+2026 season to date,732,0.284281045751634,medium,0.03343932734027167,0,0.5375677055270397,11.255035306128239,1.8510070612256473,1.4882552959192357,3.6910297266256413,2.536287255763832,0.12688036681507528,NA,0.8800000000000001,NA,2026,200500,2,FALSE,TRUE
2lqRkZXDQr,asa_2lqRkZXDQr_mls_eval_blended,Cristian Espinoza,cristian espinoza,1995-04-03,Argentina,FB,NA,30.245037645448324,mls,0KPqjA456v,FB,overlapping_fullback,asa_live,0.05569355767698053,2024→2025 g+/90 change (longer-term trend),blended,2025+2026 season to date,1819,0.9395261437908496,high,0.157351378709741,0,1.4723277107901065,9.483572809524643,1.4967145619049285,1.2225359214286964,3.314029777404026,3.5027156027186415,0.21933718772134558,NA,0.824422389837237,NA,2026,2343567,5,FALSE,TRUE
2lqRkbN4Qr,asa_2lqRkbN4Qr_mls_eval_blended,Paul Rothrock,paul rothrock,1999-01-09,USA,W,NA,26.47501711156742,mls,jYQJ19EqGR,W,transition_winger,asa_live,-0.057817201048307315,2024→2025 g+/90 change (longer-term trend),blended,2025+2026 season to date,1954,0.9274836601307189,high,0.19025513409598205,0,1.4271381699652925,10.643185439626826,1.7286370879253652,1.3964778159440239,2.062776752519837,2.8023219556551573,0.18456118492769397,NA,0.68,NA,2026,525000,3,FALSE,TRUE
2lqRked4Qr,asa_2lqRked4Qr_mls_eval_blended,Eduard Löwen,eduard lowen,1997-01-28,Germany,CM,NA,28.421629021218344,mls,wvq9B9wQWn,CM,ball_winning_midfielder,asa_live,-4.208634255893351e-4,2024→2025 g+/90 change (longer-term trend),blended,2025+2026 season to date,1240,0.5867483660130718,high,0.242324966382788,0,2.5759261785512444,9.85315647106971,1.5706312942139418,1.2779734706604562,4.1336579667920414,2.3463533217703114,0.17828695164967942,NA,0.8799999999999999,NA,2026,1444250,4,FALSE,TRUE
2lqRknk2Qr,asa_2lqRknk2Qr_mls_eval_blended,Yeimar Gómez Andrade,yeimar gomez andrade,1992-06-30,Colombia,CB,NA,33.002053388090346,mls,jYQJ19EqGR,CB,progressive_center_back,asa_live,0.027487137526483907,2024→2025 g+/90 change (longer-term trend),blended,2025+2026 season to date,1727.6431718061674,0.324297385620915,medium,0.07884418732197512,0,0.9847318790580826,11.776901615271658,1.9553803230543316,1.5665352422907488,4.681258182509774,2.467703147391328,0.2007418617200078,NA,0.8800000000000001,NA,2026,982500,4,FALSE,TRUE
2lqRkoADQr,asa_2lqRkoADQr_mls_eval_blended,Jack Harrison,jack harrison,1996-11-20,England,W,NA,29.609856262833677,mls,19vQ2095K6,W,transition_winger,asa_live,0,Insufficient multi-season history for trend,blended,2025+2026 season to date,600,0.19607843137254902,medium,0.08476500000000001,0,1.95,8.0618,1.2123599999999999,1.00927,3.673875,4.1467,0.253065,NA,0.88,NA,2026,NA,NA,FALSE,TRUE
2lqRlEaWMr,asa_2lqRlEaWMr_mls_eval_blended,Harvey Sarajian,harvey sarajian,2005-01-26,USA,W,NA,21.426420260095824,mls,jYQJ8EW5GR,W,transition_winger,asa_live,0,Insufficient multi-season history for trend,blended,2025+2026 season to date,186,0.060784313725490195,low,0.1500967741935484,0,0.967741935483871,8.199354838709677,1.2398709677419355,1.0299032258064515,0.9459677419354842,5.066451612903226,0.22504838709677416,NA,0.88,NA,2026,88025,2,FALSE,TRUE
2lqRlGWnMr,asa_2lqRlGWnMr_mls_eval_blended,Bryan Zamblé,bryan zamble,2008-02-19,Ivory Coast,W,NA,18.362765229295004,mls,zeQZBOzQKw,W,transition_winger,asa_live,0,Insufficient multi-season history for trend,blended,2025+2026 season to date,207,0.06764705882352941,low,0.23378260869565215,0,1.3043478260869565,12.064347826086955,2.0128695652173914,1.6096521739130434,1.3858695652173914,3.2278260869565214,0.21417391304347824,NA,0.68,NA,2026,88025,2,FALSE,TRUE
2vQ14E1Kqr,asa_2vQ14E1Kqr_mls_eval_blended,Ranko Veselinović,ranko veselinovic,1999-03-24,Serbia,CB,NA,26.272416153319643,mls,lgpMOvnQzy,CB,progressive_center_back,asa_live,0.012757653628404725,2024→2025 g+/90 change (longer-term trend),blended,2025+2026 season to date,1664.3,0.2445424836601307,medium,0.06500546475995914,0,0.5469867211440245,10.07171822559463,1.6143436451189257,1.3107577338391945,4.241987906756164,2.9352309207646288,0.16213517072814826,NA,0.88,NA,2026,782125,4,FALSE,TRUE
2vQ14YZLqr,asa_2vQ14YZLqr_mls_eval_blended,Anzor Mekvabishvili,anzor mekvabishvili,2001-06-05,Georgia,CM,NA,25.07049965776865,mls,X0Oq66zq6D,CM,ball_winning_midfielder,asa_live,0,Insufficient multi-season history for trend,blended,2025+2026 season to date,21,0.02,low,0,0,0,12.33714285714286,2.0674285714285716,1.6505714285714286,5.9035714285714285,1.6342857142857143,0.1834285714285714,NA,0.726,NA,2026,NA,NA,FALSE,TRUE
2vQ14dDKqr,asa_2vQ14dDKqr_mls_eval_blended,Tommy Mihalić,tommy mihalic,2002-11-09,Croatia,W,NA,23.641341546885695,mls,eVq3ya6MWO,W,transition_winger,asa_live,0,Insufficient multi-season history for trend,blended,2025+2026 season to date,51,0.02,low,0,0,0,8.289411764705882,1.2578823529411765,1.0434117647058823,2.4838235294117648,2.528235294117647,0.030176470588235298,NA,0.88,NA,2026,NA,NA,FALSE,TRUE
2vQ14xl0qr,asa_2vQ14xl0qr_mls_eval_blended,Dylan Chambost,dylan chambost,1997-08-19,France,CM,NA,27.865845311430526,mls,mvzqoLZQap,CM,ball_winning_midfielder,asa_live,0.0496202810809688,2024→2025 g+/90 change (longer-term trend),blended,2025+2026 season to date,1435,0.8295915032679739,high,0.0640069098906584,0,1.0207474982006652,9.887798296258499,1.5775596592516994,1.2831697444387746,5.918758570514976,2.9406796159339716,0.21952626894872063,NA,0.8799999999999999,NA,2026,695250,3,FALSE,TRUE
2vQ1LYY0qr,asa_2vQ1LYY0qr_mls_eval_blended,Emmanuel Boateng,emmanuel boateng,1994-01-17,Ghana,W,NA,31.45242984257358,mls,zeQZBOzQKw,W,transition_winger,asa_live,-0.03342396797220229,2024→2025 g+/90 change (longer-term trend),blended,2025+2026 season to date,319,0.03648692810457516,low,0,0,0,11.778307210031347,1.9556614420062697,1.566746081504702,1.280407523510972,2.584075235109718,0.09251097178683385,NA,0.68,NA,2026,331500,3,FALSE,TRUE
2vQ1LYxbqr,asa_2vQ1LYxbqr_mls_eval_blended,Paul Arriola,paul arriola,1995-02-05,USA,W,NA,30.401095140314855,mls,jYQJ19EqGR,W,transition_winger,asa_live,-0.028365554631026052,2024→2025 g+/90 change (longer-term trend),blended,2025+2026 season to date,591,0.20274509803921567,medium,0.24817738187451588,0,1.5569326103795507,9.178621223857474,1.435724244771495,1.1767931835786212,2.390704879938032,3.038187451587916,0.21349961270333073,NA,0.6799999999999999,NA,2026,1142500,4,FALSE,TRUE
2vQ1N6yLMr,asa_2vQ1N6yLMr_mls_eval_blended,Giacomo Vrioni,giacomo vrioni,1998-10-15,Albania,FW,NA,26.71047227926078,mls,APk5LGOMOW,FW,pressing_striker,asa_live,0.14861340953331226,2024→2025 g+/90 change (longer-term trend),blended,2025+2026 season to date,455,0.05204248366013072,low,0.8010395604395604,0,3.956043956043956,8.788835164835165,1.357767032967033,1.1183252747252748,1.7548351648351643,-0.22136263736263695,0.3556681318681319,NA,0.68,NA,2026,2247500,5,FALSE,TRUE
2vQ1N8GlMr,asa_2vQ1N8GlMr_mls_eval_blended,Eric Bailly,eric bailly,1994-04-12,Ivory Coast,CB,NA,32.219028062970565,mls,mvzqoLZQap,CB,progressive_center_back,asa_live,0,Insufficient multi-season history for trend,blended,2025+2026 season to date,200,0.06535947712418301,low,0,0,0,11.083400000000001,1.81668,1.46251,3.7908749999999998,2.5261,0.11277,NA,0.88,NA,2026,NA,NA,FALSE,TRUE
2vQ1NBY8Mr,asa_2vQ1NBY8Mr_mls_eval_blended,Joaquín Pereyra,joaquin pereyra,1998-12-01,Argentina,CM,NA,26.581793292265573,mls,kRQand1MKZ,CM,ball_winning_midfielder,asa_live,-0.039764396909574784,2024→2025 g+/90 change (longer-term trend),blended,2025+2026 season to date,2535,1,high,0.13504207097307472,0,1.7450031098347747,9.724828387317611,1.544965677463522,1.2587242580976417,5.084554865756011,2.6531569465008027,0.24289137531187988,NA,0.836723338485317,NA,2026,1089000,4,FALSE,TRUE
2vQ1NO0OMr,asa_2vQ1NO0OMr_mls_eval_blended,Jáder Obrian,jader obrian,1995-05-18,Colombia,W,NA,30.12183436002738,mls,gpMOLwl5zy,W,transition_winger,asa_live,0.015456383449635958,2024→2025 g+/90 change (longer-term trend),blended,2025+2026 season to date,1130,0.1292483660130719,low,0.20713539823008847,0,1.2743362831858407,9.823893805309734,1.5647787610619468,1.2735840707964603,3.005575221238938,2.8036106194690267,0.1562575221238938,NA,0.68,NA,2026,505401,3,FALSE,TRUE
2vQ1NPw4Mr,asa_2vQ1NPw4Mr_mls_eval_blended,Emmanuel Sabbi,emmanuel sabbi,1997-12-24,USA,W,NA,27.51813826146475,mls,lgpMOvnQzy,W,transition_winger,asa_live,0.02042178185835175,2025→2026 YTD g+/90 change (short-term; 2026 incomplete),blended,2025+2026 season to date,1288,0.6935947712418301,high,0.4230909230551092,0,2.8958651236276722,9.47499223529094,1.494998447058188,1.221248835293641,3.2367529632492946,2.901978042753164,0.33070752366548284,NA,0.68,NA,2026,1167750,4,FALSE,TRUE
2vQ1Nv7LMr,asa_2vQ1Nv7LMr_mls_eval_blended,Randall Leal,randall leal,1997-01-14,Costa Rica,W,NA,28.459958932238195,mls,EKXMeX3Q64,W,transition_winger,asa_live,-0.17539226903749514,2024→2025 g+/90 change (longer-term trend),blended,2025+2026 season to date,597,0.0682843137254902,low,0.09817085427135677,0,2.1105527638190953,10.647839195979898,1.7295678391959797,1.3971758793969848,4.651507537688442,2.471356783919598,0.20662311557788945,NA,0.88,NA,2026,1265000,4,FALSE,TRUE
2vQ1R1wOMr,asa_2vQ1R1wOMr_mls_eval_blended,Taylor Calheira,taylor calheira,2002-04-26,USA,FW,NA,24.18069815195072,mls,Z2vQ1xlqrA,FW,pressing_striker,asa_live,0,Insufficient multi-season history for trend,blended,2025+2026 season to date,959,0.3133986928104575,medium,0.37645151199165805,0,1.9708029197080292,10.351449426485923,1.6702898852971846,1.3527174139728884,3.845099061522419,1.979332638164755,0.2602022940563087,NA,0.68,NA,2026,100824,2,FALSE,TRUE
2vQ1dJAxqr,asa_2vQ1dJAxqr_mls_eval_blended,Eric Klein,eric klein,2006-11-20,USA,CM,NA,18.611909650924023,mls,19vQ2095K6,CM,ball_winning_midfielder,asa_live,0.25252500000000005,2025→2026 YTD g+/90 change (short-term; 2026 incomplete),blended,2025+2026 season to date,40,0.02,low,0,0,0,20.407799999999998,3.68156,2.8611700000000004,1.265625,-8.275649999999999,-0.25312125,NA,0.7100000000000001,NA,2026,94302,2,FALSE,TRUE
2vQ1dVAwqr,asa_2vQ1dVAwqr_mls_eval_blended,Célio Pompeu,celio pompeu,1999-12-10,Brazil,W,NA,25.557837097878167,mls,wvq9B9wQWn,W,transition_winger,asa_live,-0.059650790101371504,2024→2025 g+/90 change (longer-term trend),blended,2025+2026 season to date,1443.6450839328538,0.24052287581699347,medium,0.11682194244604316,0,1.901037309687134,9.637436841224694,1.5274873682449388,1.2456155261837043,3.0498504684624392,4.161451397021917,0.21454228710055212,NA,0.68,NA,2026,309006,3,FALSE,TRUE
2vQ1dZ8Kqr,asa_2vQ1dZ8Kqr_mls_eval_blended,Lukas Engel,lukas engel,1998-12-14,Denmark,FB,NA,26.546201232032853,mls,NWMWlBK5lz,FB,overlapping_fullback,asa_live,0.009660108153846048,2025→2026 YTD g+/90 change (short-term; 2026 incomplete),blended,2025+2026 season to date,1271,0.776111111111111,high,0.04566815206029597,0,0.5832414010765485,11.345048311486753,1.8690096622973509,1.5017572467230131,4.458687236328154,2.668224042529165,0.18505938099912267,NA,0.8089700659563673,NA,2026,832135,4,FALSE,TRUE
2vQ1dbG8qr,asa_2vQ1dbG8qr_mls_eval_blended,Rwan Cruz,rwan cruz,2001-05-20,Brazil,FW,NA,24.11498973305955,mls,a2lqR4JMr0,FW,pressing_striker,asa_live,0,Insufficient multi-season history for trend,blended,2025+2026 season to date,708,0.08098039215686274,low,0.42387711864406774,0,3.6864406779661016,9.608305084745762,1.5216610169491525,1.2412457627118645,1.0967161016949154,1.8000847457627118,0.23061864406779659,NA,0.68,NA,2026,1858426,5,FALSE,TRUE
2vQ1dlaOqr,asa_2vQ1dlaOqr_mls_eval_blended,Aleksandr Guboglo,aleksandr guboglo,2007-03-20,Haiti,FB,NA,18.28336755646817,mls,APk5LGOMOW,FB,overlapping_fullback,asa_live,-0.04418231562252182,2025→2026 YTD g+/90 change (short-term; 2026 incomplete),blended,2025+2026 season to date,989.4,0.15437908496732025,low,0.023666365979381442,0,0.3943298969072165,9.407651149881046,1.4815302299762094,1.211147672482157,2.713530333068993,2.4687607454401266,0.04392419904837431,NA,0.8499999999999999,NA,2026,93714,2,FALSE,TRUE
2vQ1dr8bqr,asa_2vQ1dr8bqr_mls_eval_blended,Andrei Chirila,andrei chirila,2008-08-15,USA,CB,NA,17.87542778918549,mls,NWMWlBK5lz,CB,progressive_center_back,asa_live,0,Insufficient multi-season history for trend,blended,2025+2026 season to date,764,0.24967320261437909,medium,0.03073429319371728,0,0.7068062827225131,10.188743455497383,1.6377486910994765,1.3283115183246075,5.101570680628273,2.340261780104712,0.1482761780104712,NA,0.8800000000000001,NA,2026,98373,2,FALSE,TRUE
2vQ1eBB8Qr,asa_2vQ1eBB8Qr_mls_eval_blended,Troy Elgersma,troy elgersma,NA,USA,FW,NA,26,mls,kaDQ0wRqEv,FW,pressing_striker,asa_live,0,Insufficient multi-season history for trend,blended,2025+2026 season to date,95,0.03104575163398693,low,0.5253157894736842,0,1.894736842105263,9.349052631578948,1.4698105263157895,1.202357894736842,3.1468421052631577,-0.9522105263157891,0.04518947368421053,NA,0.68,NA,2026,NA,NA,FALSE,TRUE
2vQ1jGzOMr,asa_2vQ1jGzOMr_mls_eval_blended,Ola Brynhildsen,ola brynhildsen,1999-04-27,Norway,FW,NA,26.17932922655715,mls,kRQabn8MKZ,FW,pressing_striker,asa_live,0,Insufficient multi-season history for trend,blended,2025+2026 season to date,1450,0.16584967320261437,medium,0.3535758620689656,0,1.9241379310344828,8.7344,1.34688,1.11016,2.1665689655172415,2.824372413793103,0.24599793103448275,NA,0.68,NA,2026,1629610,5,FALSE,TRUE
2vQ1zXGMrA,asa_2vQ1zXGMrA_mls_eval_blended,Alexis Sánchez,alexis sanchez,1988-12-19,Chile,W,NA,37.530458590006845,mls,APk5LGOMOW,W,transition_winger,asa_live,0,Insufficient multi-season history for trend,blended,2025+2026 season to date,491,0.1604575163398693,medium,0.08244806517311609,0,0.7331975560081466,8.835112016293278,1.3670224032586558,1.1252668024439918,4.815122199592667,2.404684317718941,0.1360264765784114,NA,0.6800000000000002,NA,2026,NA,NA,FALSE,TRUE
315V1k0nM9,asa_315V1k0nM9_mls_eval_blended,Nikola Djordjevic,nikola djordjevic,2002-11-14,USA,W,NA,23.627652292950035,mls,lgpMOvnQzy,W,transition_winger,asa_live,0,Insufficient multi-season history for trend,blended,2025+2026 season to date,133,0.0434640522875817,low,0.20226315789473684,0,1.3533834586466165,3.9696240601503763,0.3939248120300751,0.3954436090225564,0.5706766917293229,2.834285714285714,-0.03437593984962408,NA,0.68,NA,2026,88025,2,FALSE,TRUE
315V60b59x,asa_315V60b59x_mls_eval_blended,Tim Ream,tim ream,1987-10-05,USA,CB,NA,37.738535249828885,mls,NPqxKXZ59d,CB,progressive_center_back,asa_live,-0.14006822905390778,2024→2025 g+/90 change (longer-term trend),blended,2025+2026 season to date,1995,0.971078431372549,high,0.001516141001855288,0,0.03339517625231911,9.28889724100784,1.457779448201568,1.1933345861511762,4.731509366209827,2.6346213417918483,0.10972858938296728,NA,0.88,NA,2026,1127750,4,FALSE,TRUE
315V7AgEq9,asa_315V7AgEq9_mls_eval_blended,Peyton Miller,peyton miller,2007-11-08,USA,FB,NA,17.645448323066393,mls,19vQ2095K6,FB,overlapping_fullback,asa_live,0.017218137571340386,2024→2025 g+/90 change (longer-term trend),blended,2025+2026 season to date,1882,0.8761601307189543,high,0.272561750662374,0,2.1871014432271942,10.009151805026407,1.6018303610052815,1.3013727707539613,2.8891645868343563,2.795601612701295,0.2732409555285709,NA,0.8257784663051898,NA,2026,115400,2,FALSE,TRUE
315V7V1Yq9,asa_315V7V1Yq9_mls_eval_blended,Leonardo Barroso,leonardo barroso,2005-06-12,Portugal,FB,NA,20.05201916495551,mls,X0Oq66zq6D,FB,overlapping_fullback,asa_live,-0.044332928081528306,2025→2026 YTD g+/90 change (short-term; 2026 incomplete),blended,2025+2026 season to date,1048,0.4776797385620915,high,0.024994194961028705,0,0.5928457758830977,10.69595383846949,1.739190767693898,1.4043930757704235,3.050583335269314,2.711250333956719,0.10920479678007644,NA,0.68,NA,2026,395500,3,FALSE,TRUE
315V7Z2Vq9,asa_315V7Z2Vq9_mls_eval_blended,Dor Turgeman,dor turgeman,2003-10-24,Israel,FW,NA,21.686516084873375,mls,19vQ2095K6,FW,pressing_striker,asa_live,-0.06611172607631188,2025→2026 YTD g+/90 change (short-term; 2026 incomplete),blended,2025+2026 season to date,2309,0.7825980392156863,medium,0.3686812419883208,0,2.25181598062954,10.059689502919811,1.6119379005839622,1.3089534254379718,1.7186333855576128,2.92031619427432,0.29086412191995437,NA,0.68,NA,2026,800000,4,FALSE,TRUE
315V7bLYq9,asa_315V7bLYq9_mls_eval_blended,Reid Roberts,reid roberts,2003-12-09,USA,CB,NA,21.560574948665298,mls,0KPqjA456v,CB,progressive_center_back,asa_live,0.032471860123681986,2025→2026 YTD g+/90 change (short-term; 2026 incomplete),blended,2025+2026 season to date,2394,0.8983333333333333,high,0.06306633568311257,0,0.42938613770496814,9.41249105923662,1.4824982118473242,1.2118736588854935,4.457877386275403,2.51787884930941,0.1174241020031135,NA,0.8799999999999999,NA,2026,88025,2,FALSE,TRUE
315V7ox6q9,asa_315V7ox6q9_mls_eval_blended,Alexis Manyoma,alexis manyoma,2003-01-30,Colombia,W,NA,22.417522245037645,mls,pzeQZ6xQKw,W,transition_winger,asa_live,-0.07843421052631583,2025→2026 YTD g+/90 change (short-term; 2026 incomplete),blended,2025+2026 season to date,304,0.10620915032679738,low,0.11373107569721116,0,2.450199203187251,12.711912350597608,2.142382470119522,1.7067868525896412,3.8520418326693235,3.746314741035857,0.2627509960159363,NA,0.6800000000000002,NA,2026,711750,4,FALSE,TRUE
315V7yb6q9,asa_315V7yb6q9_mls_eval_blended,Jordan Knight,jordan knight,2002-06-13,Canada,W,NA,24.04928131416838,mls,vzqoOgNqap,W,transition_winger,asa_live,0,Insufficient multi-season history for trend,blended,2025+2026 season to date,56,0.02,low,0,0,0,7.607857142857143,1.1215714285714284,0.9411785714285715,2.3330357142857143,1.0278571428571428,-8.035714285714251e-4,NA,0.88,NA,2026,93858,2,FALSE,TRUE
315VPKlXQ9,asa_315VPKlXQ9_mls_eval_blended,Iván Jaime,ivan jaime,2000-09-26,Spain,W,NA,24.761122518822724,mls,APk5LGOMOW,W,transition_winger,asa_live,-0.4561715686274511,2025→2026 YTD g+/90 change (short-term; 2026 incomplete),blended,2025+2026 season to date,918,0.3388888888888889,medium,0.35825012724496474,0,3.1051406965752926,9.812747764124191,1.562549552824838,1.2719121646186289,4.78475241765433,5.729653893695922,0.5335803097505999,NA,0.7665265760197775,NA,2026,2111200,5,FALSE,TRUE
315VPPBEQ9,asa_315VPPBEQ9_mls_eval_blended,Tayvon Gray,tayvon gray,2002-08-19,USA,FB,NA,22.86652977412731,mls,Vj58weDM8n,FB,overlapping_fullback,asa_live,0.03971737842056483,2024→2025 g+/90 change (longer-term trend),blended,2025+2026 season to date,2183,0.9959150326797386,high,0.029933836632724854,0,0.4719274372596022,10.23621868246218,1.6472437364924357,1.3354328023693267,4.182006660572025,2.414940071703312,0.11714785964350562,NA,0.8799999999999999,NA,2026,664000,3,FALSE,TRUE
315VPR6vQ9,asa_315VPR6vQ9_mls_eval_blended,Petar Musa,petar musa,1998-03-04,Croatia,FW,NA,27.326488706365502,mls,mKAqBBmqbg,FW,pressing_striker,asa_live,0.05662876382133841,2024→2025 g+/90 change (longer-term trend),blended,2025+2026 season to date,1948,0.955375816993464,high,0.687719349900325,0,3.3850475936507114,10.364538128579278,1.672907625715856,1.354680719286892,2.283113857687342,3.1218777296836735,0.4052172482674741,NA,0.68,NA,2026,2880000,5,FALSE,TRUE
315VPVXbQ9,asa_315VPVXbQ9_mls_eval_blended,Ibrahim Aliyu,ibrahim aliyu,2002-01-16,Nigeria,FW,NA,23.45516769336071,mls,"c(""mvzqoLZQap"", ""YgOMngl5wN"")",FW,pressing_striker,asa_live,0.06007991474572247,2024→2025 g+/90 change (longer-term trend),blended,2025+2026 season to date,771.3687150837989,0.41970588235294115,medium,0.20002803651464623,0,1.4162170486649532,10.710431208445737,1.7420862416891478,1.4065646812668606,1.3401187814644093,2.852438982942838,0.16218239002060456,NA,0.7822346368715083,NA,2026,576379,3,FALSE,TRUE
315VPZmnQ9,asa_315VPZmnQ9_mls_eval_blended,Aziel Jackson,aziel jackson,2001-10-25,USA,W,NA,23.682409308692677,mls,mvzqoLZQap,W,transition_winger,asa_live,-0.03261387586704187,2024→2025 g+/90 change (longer-term trend),blended,2025+2026 season to date,632,0.3027287581699346,medium,0.21143445704920139,0,2.6222000835556125,9.611159494809911,1.522231898961982,1.2416739242214867,3.0871348459041688,1.8870789279172158,0.19182942603721442,NA,0.7851051051051052,NA,2026,403680,3,FALSE,TRUE
315VWBjEq9,asa_315VWBjEq9_mls_eval_blended,Mauricio Amaro,mauricio amaro,2005-07-19,Uruguay,CM,NA,20.95003422313484,mls,KAqBN0Vqbg,CM,ball_winning_midfielder,asa_live,0,Insufficient multi-season history for trend,blended,2025+2026 season to date,407,0.13300653594771242,low,0.12325798525798527,0,1.1056511056511056,10.237837837837839,1.6475675675675676,1.3356756756756756,3.553931203931204,2.787911547911548,0.12907371007371007,NA,0.8800000000000001,NA,2026,NA,NA,FALSE,TRUE
315VX4PEQ9,asa_315VX4PEQ9_mls_eval_blended,Luca De La Torre,luca de la torre,1998-05-23,USA,CM,NA,27.107460643394933,mls,zeQZBOzQKw,CM,ball_winning_midfielder,asa_live,-0.025191742454728355,2025→2026 YTD g+/90 change (short-term; 2026 incomplete),blended,2025+2026 season to date,1125,0.6518790849673203,high,0.06499684352691491,0,0.7279181940960834,9.883930079104765,1.5767860158209532,1.282589511865715,2.62198089909319,2.5097352112676057,0.0856945861470191,NA,0.8032876712328767,NA,2026,1611827,5,FALSE,TRUE
315VXO8XQ9,asa_315VXO8XQ9_mls_eval_blended,Tomas Totland,tomas totland,1999-09-28,Norway,FB,NA,25.75770020533881,mls,wvq9B9wQWn,FB,overlapping_fullback,asa_live,-0.004698490094555946,2024→2025 g+/90 change (longer-term trend),blended,2025+2026 season to date,1721,0.6988725490196079,high,0.05796415895698888,0,0.6205966028599296,9.99663763527641,1.599327527055282,1.2994956452914617,3.278169199512646,2.6426214877990257,0.1359055456706874,NA,0.7378273440726971,NA,2026,391763,3,FALSE,TRUE
315VXPJEQ9,asa_315VXPJEQ9_mls_eval_blended,Julio Cascante,julio cascante,1993-10-03,Costa Rica,CB,NA,31.742642026009584,mls,gpMOLwl5zy,CB,progressive_center_back,asa_live,-0.09922672130373913,2024→2025 g+/90 change (longer-term trend),blended,2025+2026 season to date,906,0.10362745098039215,low,0.016370860927152318,0,0.3973509933774834,8.281324503311259,1.256264900662252,1.0421986754966888,4.624668874172185,2.72728476821192,0.10336092715231787,NA,0.88,NA,2026,853750,4,FALSE,TRUE
315VXyJXQ9,asa_315VXyJXQ9_mls_eval_blended,Andrew Gutman,andrew gutman,1996-10-02,USA,FB,NA,28.744695414099933,mls,X0Oq66zq6D,FB,overlapping_fullback,asa_live,0.08443302013596297,2024→2025 g+/90 change (longer-term trend),blended,2025+2026 season to date,1739,0.9705718954248366,high,0.09118975938693137,0,0.8766591788749847,8.964177495286469,1.3928354990572938,1.1446266242929704,3.9554857167138637,2.5487101448210954,0.13714973554910415,NA,0.7374005740057401,NA,2026,625000,3,FALSE,TRUE
315VkJ1Yq9,asa_315VkJ1Yq9_mls_eval_blended,Ian Murphy,ian murphy,2000-01-16,USA,CB,NA,25.456536618754278,mls,pzeQZ6xQKw,CB,progressive_center_back,asa_live,-0.026443572901325485,2024→2025 g+/90 change (longer-term trend),blended,2025+2026 season to date,729,0.37137254901960787,medium,0,0,0,10.93575840649867,1.7871516812997337,1.4403637609748001,3.7748948511322893,2.02126654787069,0.08148376414910577,NA,0.8799999999999999,NA,2026,447500,3,FALSE,TRUE
4JMARyP65K,asa_4JMARyP65K_mls_eval_blended,Arnau Farnós,arnau farnos,2003-01-18,Spain,W,NA,23.449691991786448,mls,Vj58weDM8n,W,transition_winger,asa_live,0,Insufficient multi-season history for trend,blended,2025+2026 season to date,198,0.06470588235294118,low,0.0944090909090909,0,0.9090909090909091,9.276363636363637,1.4552727272727273,1.1914545454545453,3.3068181818181817,2.179090909090909,0.1155,NA,0.68,NA,2026,NA,NA,FALSE,TRUE
4JMAaRwPMK,asa_4JMAaRwPMK_mls_eval_blended,Héctor Herrera,hector herrera,1990-04-19,Mexico,CM,NA,36.199863107460644,mls,YgOMngl5wN,CM,ball_winning_midfielder,asa_live,0,Insufficient multi-season history for trend,blended,2025+2026 season to date,1672,0.5464052287581699,medium,0.10133612440191388,0,0.9150717703349283,9.30456937799043,1.4609138755980862,1.1956854066985645,3.4891596889952154,2.7163875598086125,0.10451734449760765,NA,0.8799999999999999,NA,2026,568750,3,FALSE,TRUE
4JMAaaxkMK,asa_4JMAaaxkMK_mls_eval_blended,Sebastian Lletget,sebastian lletget,1992-09-03,USA,CM,NA,32.824093086926766,mls,mKAqBBmqbg,CM,ball_winning_midfielder,asa_live,-0.08414660003143037,2024→2025 g+/90 change (longer-term trend),blended,2025+2026 season to date,1331,0.15223856209150324,medium,0.12440420736288507,0,0.67618332081142,10.58572501878287,1.717145003756574,1.3878587528174304,3.343501126972201,2.3607062359128475,0.15206686701728023,NA,0.88,NA,2026,891250,4,FALSE,TRUE
4JMAk1lYqK,asa_4JMAk1lYqK_mls_eval_blended,Nehuen Benedetti,nehuen benedetti,2005-02-24,Argentina,CM,NA,21.347022587268995,mls,a2lqRX2Mr0,CM,ball_winning_midfielder,asa_live,0,Insufficient multi-season history for trend,blended,2025+2026 season to date,124,0.040522875816993466,low,0.11308064516129032,0,0.7258064516129032,14.82258064516129,2.564516129032258,2.0233870967741936,3.5951612903225807,4.411774193548387,0.34577419354838707,NA,0.68,NA,2026,194800,2,FALSE,TRUE
4JMAk2EkqK,asa_4JMAk2EkqK_mls_eval_blended,Alexander Shaw,alexander shaw,2008-04-03,USA,CM,NA,18.24229979466119,mls,zeQZkL1MKw,CM,ball_winning_midfielder,asa_live,0,Insufficient multi-season history for trend,blended,2025+2026 season to date,134,0.04379084967320261,low,0.06340298507462687,0,1.3432835820895523,10.192238805970149,1.6384477611940298,1.3288358208955224,2.0781716417910445,1.0035820895522387,-0.01833582089552238,NA,0.68,NA,2026,88025,2,FALSE,TRUE
4JMAk7nkqK,asa_4JMAk7nkqK_mls_eval_blended,Devin Padelford,devin padelford,2003-01-03,USA,FB,NA,22.491444216290212,mls,"c(""wvq9B9wQWn"", ""kRQand1MKZ"")",FB,overlapping_fullback,asa_live,0.01256948544882261,2024→2025 g+/90 change (longer-term trend),blended,2025+2026 season to date,861,0.39369281045751636,medium,0.08610464726381727,0,0.4281291302379408,9.082776381008049,1.4165552762016098,1.1624164571512074,3.664822245649102,2.365634619825664,0.10035740184304019,NA,0.7903139013452916,NA,2026,179500,2,FALSE,TRUE
4JMAka69qK,asa_4JMAka69qK_mls_eval_blended,Andrew Moran,andrew moran,2003-10-15,Republic of Ireland,CM,NA,21.711156741957563,mls,eVq3ya6MWO,CM,ball_winning_midfielder,asa_live,0,Insufficient multi-season history for trend,blended,2025+2026 season to date,477,0.054558823529411764,low,0.2711509433962264,0,1.8867924528301887,10.147169811320754,1.6294339622641507,1.3220754716981131,2.9858490566037736,2.1947169811320757,0.2258490566037736,NA,0.68,NA,2026,691111,3,FALSE,TRUE
4JMAkkK1qK,asa_4JMAkkK1qK_mls_eval_blended,Preston Judd,preston judd,1999-05-28,USA,FW,NA,26.094455852156056,mls,0KPqjA456v,FW,pressing_striker,asa_live,0.1743044804357654,2024→2025 g+/90 change (longer-term trend),blended,2025+2026 season to date,1975,0.7887418300653596,high,0.5194464303242312,0,3.1742703492925393,8.980875100506449,1.3961750201012895,1.1471312650759673,2.4439303503367618,2.6666969352059726,0.40818562313997814,NA,0.68,NA,2026,299375,2,FALSE,TRUE
4JMAkzX2qK,asa_4JMAkzX2qK_mls_eval_blended,Marius Aiyenero,marius aiyenero,2008-05-23,USA,FW,NA,18.105407255304584,mls,eVq3ya6MWO,FW,pressing_striker,asa_live,0,Insufficient multi-season history for trend,blended,2025+2026 season to date,9,0.02,low,0,0,0,8,1.2,1,0.9499999999999997,-13.920000000000002,-0.52,NA,0.8568,NA,2026,NA,NA,FALSE,TRUE
4JMAkzjkqK,asa_4JMAkzjkqK_mls_eval_blended,Ervin Torres,ervin torres,2007-11-14,USA,W,NA,17.6290212183436,mls,gpMOLwl5zy,W,transition_winger,asa_live,-0.08817857142857143,2024→2025 g+/90 change (longer-term trend),blended,2025+2026 season to date,971,0.31869281045751635,medium,0.024958707360861757,0,0.26929982046678635,9.715332136445243,1.5430664272890482,1.2572998204667862,2.9676840215439855,2.510233393177738,0.13517055655296228,NA,0.7637821663674447,NA,2026,104525,2,FALSE,TRUE
4JMAnx65Kg,asa_4JMAnx65Kg_mls_eval_blended,Thomas Müller,thomas muller,1989-09-13,Germany,W,NA,35.79739904175222,mls,lgpMOvnQzy,W,transition_winger,asa_live,-0.12538200251299614,2025→2026 YTD g+/90 change (short-term; 2026 incomplete),blended,2025+2026 season to date,1850,0.7300490196078431,high,0.3857922816236796,0,2.215807818113572,8.589763998069602,1.3179527996139202,1.0884645997104403,3.602477827229342,2.94955002412998,0.22665372406027134,NA,0.8250980392156864,NA,2026,5152504,5,FALSE,TRUE
4JMAoJNkqK,asa_4JMAoJNkqK_mls_eval_blended,Jonathan Pérez,jonathan perez,2003-01-18,USA,W,NA,22.45037645448323,mls,vzqoOgNqap,W,transition_winger,asa_live,0.006901076783968452,2024→2025 g+/90 change (longer-term trend),blended,2025+2026 season to date,977,0.11174836601307189,low,0.14857830092118732,0,1.5660184237461616,9.525854657113614,1.5051709314227226,1.228878198567042,3.7512282497441145,3.1525690890481064,0.20350870010235414,NA,0.88,NA,2026,470956,3,FALSE,TRUE
4JMAoJgYqK,asa_4JMAoJgYqK_mls_eval_blended,Cade Cowell,cade cowell,2003-10-14,USA,W,NA,22.713210130047912,mls,a2lqRX2Mr0,W,transition_winger,asa_live,0,Insufficient multi-season history for trend,blended,2025+2026 season to date,1718,0.561437908496732,medium,0.18438998835855644,0,2.2002328288707798,9.454877764842841,1.490975552968568,1.2182316647264262,2.9553405122235157,3.2847497089639113,0.2414860302677532,NA,0.68,NA,2026,1182500,4,FALSE,TRUE
4JMAoR9lqK,asa_4JMAoR9lqK_mls_eval_blended,Osaze Urhoghide,osaze urhoghide,2000-07-04,England,CB,NA,24.99110198494182,mls,mKAqBBmqbg,CB,progressive_center_back,asa_live,-0.03951690088512526,2025→2026 YTD g+/90 change (short-term; 2026 incomplete),blended,2025+2026 season to date,2251,1,high,0.06497285345615797,0,0.5611451997619694,11.165971533300665,1.833194306660133,1.4748957299950998,3.5755041028113657,2.355646659097725,0.12447056005150492,NA,0.88,NA,2026,643982,3,FALSE,TRUE
4JMAolz1qK,asa_4JMAolz1qK_mls_eval_blended,Dani Pereira,dani pereira,2000-07-14,Venezuela,CM,NA,24.9637234770705,mls,gpMOLwl5zy,CM,ball_winning_midfielder,asa_live,0.06052682799744365,2024→2025 g+/90 change (longer-term trend),blended,2025+2026 season to date,1113.215859030837,0.5795588235294117,medium,0.04601384518565135,0,0.7477655418397605,10.133906340160625,1.6267812680321252,1.3200859510240939,4.227838942940472,2.6980712620875167,0.1455795174232823,NA,0.8800000000000001,NA,2026,793750,4,FALSE,TRUE
4JMAormOqK,asa_4JMAormOqK_mls_eval_blended,David Da Costa,david da costa,2001-01-05,Portugal,W,NA,24.484599589322382,mls,WBLMvYAQxe,W,transition_winger,asa_live,-0.014330812731445874,2025→2026 YTD g+/90 change (short-term; 2026 incomplete),blended,2025+2026 season to date,2104,1,high,0.11586196660758424,0,1.171394190084197,9.328088835654782,1.4656177671309565,1.1992133253482173,3.6353566426803208,3.33524565390846,0.2017529725648031,NA,0.8800000000000001,NA,2026,3425000,5,FALSE,TRUE
4wM42Belqj,asa_4wM42Belqj_mls_eval_blended,Mark Delgado,mark delgado,1995-05-16,USA,CM,NA,30.127310061601644,mls,eVq3ya6MWO,CM,ball_winning_midfielder,asa_live,0.028539600269306326,2024→2025 g+/90 change (longer-term trend),blended,2025+2026 season to date,2085,1,high,0.05146202829826087,0,0.5887391165462661,10.61896798637529,1.723793597275058,1.3928451979562935,4.861764336606839,2.5782596040020023,0.18662562422383058,NA,0.88,NA,2026,1055000,4,FALSE,TRUE
4wM46RpqjB,asa_4wM46RpqjB_mls_eval_blended,Emil Forsberg,emil forsberg,1991-10-23,Sweden,W,NA,33.68925393566051,mls,a2lqRX2Mr0,W,transition_winger,asa_live,-0.004565563988236432,2024→2025 g+/90 change (longer-term trend),blended,2025+2026 season to date,1828,0.9605392156862745,high,0.3008958997807236,0,1.9420910993720724,8.81547754908801,1.3630955098176019,1.1223216323632015,4.016455384730389,2.8598660046845406,0.23194776923651947,NA,0.8799999999999999,NA,2026,6035625,5,FALSE,TRUE
4wM4E1og5j,asa_4wM4E1og5j_mls_eval_blended,Malcolm Fry,malcolm fry,2005-05-15,USA,W,NA,21.127994524298426,mls,19vQ2095K6,W,transition_winger,asa_live,0,Insufficient multi-season history for trend,blended,2025+2026 season to date,68,0.022222222222222223,low,0,0,0,8.137647058823529,1.2275294117647058,1.0206470588235295,1.2231617647058823,2.8255882352941177,-0.0328235294117647,NA,0.7049000000000001,NA,2026,118960,2,FALSE,TRUE
4wM4E8Xg5j,asa_4wM4E8Xg5j_mls_eval_blended,Chris Donovan,chris donovan,2000-08-08,USA,FW,NA,24.895277207392198,mls,9z5k7Yg5A3,FW,pressing_striker,asa_live,0.15261315068493156,2024→2025 g+/90 change (longer-term trend),blended,2025+2026 season to date,675,0.07720588235294117,low,0.20074666666666666,0,1.3333333333333333,10.050666666666666,1.6101333333333336,1.3076,2.3886666666666665,2.521333333333333,0.35012000000000004,NA,0.68,NA,2026,200156,2,FALSE,TRUE
4wM4EBbB5j,asa_4wM4EBbB5j_mls_eval_blended,Gavin Turner,gavin turner,2007-01-05,USA,W,NA,18.48596851471595,mls,EKXMeX3Q64,W,transition_winger,asa_live,0.0734034965034965,2025→2026 YTD g+/90 change (short-term; 2026 incomplete),blended,2025+2026 season to date,55,0.02094771241830065,low,0.0695747202797203,0,3.187762237762238,8.608236363636363,1.3216472727272728,1.0912354545454546,0.4500262237762234,0.8130475524475527,-0.00872024475524476,NA,0.8006949999999999,NA,2026,110259,2,FALSE,TRUE
4wM4EmLl5j,asa_4wM4EmLl5j_mls_eval_blended,Daniel Pinter,daniel pinter,2007-06-06,Hungary,W,NA,18.069815195071868,mls,zeQZkL1MKw,W,transition_winger,asa_live,0.14051485568760608,2025→2026 YTD g+/90 change (short-term; 2026 incomplete),blended,2025+2026 season to date,589,0.19522875816993462,medium,0.12450581846392554,0,0.48875096974398763,9.2622342901474,1.4524468580294803,1.1893351435221102,2.141602017067494,2.6666873545384018,0.10995733126454615,NA,0.7713886733902251,NA,2026,88025,2,FALSE,TRUE
4wM4J0D4qj,asa_4wM4J0D4qj_mls_eval_blended,Rafael Jauregui,rafael jauregui,2004-12-20,USA,FB,NA,21.527720739219713,mls,jYQJ19EqGR,FB,overlapping_fullback,asa_live,0,Insufficient multi-season history for trend,blended,2025+2026 season to date,8,0.02,low,0,0,0,14.615,2.5229999999999997,1.9922499999999999,2.128125,2.5,0.1305,NA,0.88,NA,2026,NA,NA,FALSE,TRUE
4wM4J0KNqj,asa_4wM4J0KNqj_mls_eval_blended,Peglow,peglow,2002-01-07,Brazil,W,NA,23.479808350444902,mls,EKXMeX3Q64,W,transition_winger,asa_live,-0.008451876049346663,2025→2026 YTD g+/90 change (short-term; 2026 incomplete),blended,2025+2026 season to date,2128,0.907483660130719,high,0.14287345339943147,0,1.5535697120336165,9.788494802323505,1.5576989604647011,1.2682742203485258,4.001317185289958,2.6479680998613038,0.18275182296315626,NA,0.68,NA,2026,626312,3,FALSE,TRUE
4wM4J8bNqj,asa_4wM4J8bNqj_mls_eval_blended,Owen Wolff,owen wolff,2004-12-30,USA,W,NA,20.501026694045173,mls,gpMOLwl5zy,W,transition_winger,asa_live,0.03475987098042385,2024→2025 g+/90 change (longer-term trend),blended,2025+2026 season to date,1803.3191489361702,0.501454248366013,medium,0.09031161335217089,0,0.6434093161546085,10.48601193513696,1.6972023870273916,1.3729017902705438,2.956300697973557,2.6531911857115746,0.14819340067056067,NA,0.88,NA,2026,750000,4,FALSE,TRUE
4wM4J9zlqj,asa_4wM4J9zlqj_mls_eval_blended,Pedro de la Vega,pedro de la vega,2001-02-07,Argentina,W,NA,24.39425051334702,mls,jYQJ19EqGR,W,transition_winger,asa_live,0.12904699314983295,2024→2025 g+/90 change (longer-term trend),blended,2025+2026 season to date,1313,0.1501797385620915,medium,0.21778217821782175,0,2.604722010662605,10.518903274942879,1.7037806549885757,1.3778354912414317,2.8716488956587964,2.5564813404417364,0.22217593297791316,NA,0.88,NA,2026,1379000,4,FALSE,TRUE
4wM4JGblqj,asa_4wM4JGblqj_mls_eval_blended,Sean Nealis,sean nealis,1997-01-13,USA,CB,NA,28.462696783025326,mls,a2lqRX2Mr0,CB,progressive_center_back,asa_live,0.01849644853404349,2024→2025 g+/90 change (longer-term trend),blended,2025+2026 season to date,1349.907063197026,0.3602124183006536,medium,0.01328736507367761,0,0.1410847852376047,11.299348322658666,1.859869664531733,1.4949022483987997,3.6820139293232415,2.65254288529583,0.12303349084068615,NA,0.8799999999999999,NA,2026,723750,4,FALSE,TRUE
4wM4JZezqj,asa_4wM4JZezqj_mls_eval_blended,Dagur Dan Thórhallsson,dagur dan thorhallsson,2000-05-02,Iceland,CM,NA,25.163586584531142,mls,jYQJ8EW5GR,CM,ball_winning_midfielder,asa_live,0.015056785014126994,2024→2025 g+/90 change (longer-term trend),blended,2025+2026 season to date,1098,0.5116339869281046,high,0.07664298821711416,0,0.6603145211246029,10.547249438830903,1.7094498877661806,1.3820874158246355,1.672691380309459,2.7636828012495585,0.09352854635556472,NA,0.8800000000000001,NA,2026,530625,3,FALSE,TRUE
4wM4Jgkgqj,asa_4wM4Jgkgqj_mls_eval_blended,Matías Galarza,matias galarza,2002-02-11,Paraguay,CM,NA,24.383299110198493,mls,"c(""KAqBN0Vqbg"", ""zeQZkL1MKw"")",CM,ball_winning_midfielder,asa_live,0,Insufficient multi-season history for trend,blended,2025+2026 season to date,839,0.27418300653594774,medium,0.14290584028605485,0,2.1454112038140645,10.307604290822407,1.6615208581644814,1.3461406436233612,3.3188617401668656,2.4227651966626937,0.15192729439809294,NA,0.6800000000000002,NA,2026,945413,4,FALSE,TRUE
4wM4JmKAqj,asa_4wM4JmKAqj_mls_eval_blended,Santiago Moreno,santiago moreno,2000-04-21,Colombia,W,NA,25.193702943189596,mls,WBLMvYAQxe,W,transition_winger,asa_live,-0.0015170994079094502,2024→2025 g+/90 change (longer-term trend),blended,2025+2026 season to date,1174,0.5954901960784313,high,0.26549273910808585,0,1.9214394545341387,10.182345706046824,1.636469141209365,1.3273518559070236,3.6785819535717827,3.607833488155526,0.2597060364519824,NA,0.68,NA,2026,938387,4,FALSE,TRUE
4wM4JrbBqj,asa_4wM4JrbBqj_mls_eval_blended,Pavel Bucha,pavel bucha,1998-03-11,Czech Republic,CM,NA,27.307323750855577,mls,NWMWlBK5lz,CM,ball_winning_midfielder,asa_live,-0.003787367575344258,2024→2025 g+/90 change (longer-term trend),blended,2025+2026 season to date,2310,1,high,0.07562150357226191,0,0.8452093912154579,9.805103656707297,1.5610207313414592,1.2707655485060945,2.764768552983922,2.6512176135290395,0.11317405082278693,NA,0.88,NA,2026,548774,3,FALSE,TRUE
4wM4Jwdzqj,asa_4wM4Jwdzqj_mls_eval_blended,Jahkeele Marshall-Rutty,jahkeele marshallrutty,2004-06-16,Canada,FB,NA,21.0403832991102,mls,"c(""APk5LGOMOW"", ""NPqxKXZ59d"")",FB,overlapping_fullback,asa_live,-0.0446272175438306,2024→2025 g+/90 change (longer-term trend),blended,2025+2026 season to date,1604,0.7850816993464051,high,0.027144120246054358,0,0.6245889960543622,10.527954638864532,1.7055909277729067,1.37919319582968,3.7518436523865626,2.8302500616505917,0.13182406804855323,NA,0.8800000000000001,NA,2026,473750,3,FALSE,TRUE
4wM4JxwBqj,asa_4wM4JxwBqj_mls_eval_blended,Daniel Munie,daniel munie,2000-02-10,USA,CB,NA,25.388090349075977,mls,0KPqjA456v,CB,progressive_center_back,asa_live,-0.005791673696998373,2024→2025 g+/90 change (longer-term trend),blended,2025+2026 season to date,2493,1,high,0.11712080281999852,0,0.5364960585322948,9.859783702380874,1.5719567404761747,1.278967555357131,4.07730507559755,2.001797116031745,0.13850289196447013,NA,0.8361540870654558,NA,2026,574000,3,FALSE,TRUE
4wM4aNJN5j,asa_4wM4aNJN5j_mls_eval_blended,Yevhen Cheberko,yevhen cheberko,1998-01-23,Ukraine,CB,NA,27.43600273785079,mls,mvzqoLZQap,CB,progressive_center_back,asa_live,-0.019367893686169757,2024→2025 g+/90 change (longer-term trend),blended,2025+2026 season to date,1350,0.740735294117647,high,0.016197388316151203,0,0.21384628279272483,9.698330332746625,1.5396660665493254,1.254749549911994,4.519057036292012,2.4973801022546307,0.10333637918028665,NA,0.88,NA,2026,658250,3,FALSE,TRUE
4wM4aRPp5j,asa_4wM4aRPp5j_mls_eval_blended,Samuel Shashoua,samuel shashoua,1999-05-13,England,CM,NA,26.135523613963038,mls,kRQand1MKZ,CM,ball_winning_midfielder,asa_live,-0.7281989433042064,2024→2025 g+/90 change (longer-term trend),blended,2025+2026 season to date,133,0.02,low,0.1240375939849624,0,1.3533834586466165,8.419548872180451,1.2839097744360901,1.0629323308270677,1.8597744360902257,0.7175939849624058,-0.02449624060150377,NA,0.88,NA,2026,104833,2,FALSE,TRUE
4wM4aomy5j,asa_4wM4aomy5j_mls_eval_blended,Reggie Cannon,reggie cannon,1998-06-11,USA,FB,NA,27.055441478439427,mls,pzeQZ6xQKw,FB,overlapping_fullback,asa_live,-0.04633804979649958,2024→2025 g+/90 change (longer-term trend),blended,2025+2026 season to date,1308,0.7371895424836602,high,0.019098286322950447,0,0.180805581220171,9.786049833163652,1.5572099666327306,1.267907474974548,3.1380067617270946,2.717581343753494,0.08055054155607996,NA,0.8799999999999999,NA,2026,841500,4,FALSE,TRUE
4wM4ep9N5j,asa_4wM4ep9N5j_mls_eval_blended,Mijahir Jiménez,mijahir jimenez,2007-03-28,Panama,FW,NA,19.260780287474333,mls,a2lqRX2Mr0,FW,pressing_striker,asa_live,0,Insufficient multi-season history for trend,blended,2025+2026 season to date,302,0.09869281045751634,low,0.45736092715231785,0,2.0860927152317883,7.470728476821192,1.0941456953642383,0.9206092715231788,0.42814569536423847,2.443973509933775,0.1412582781456954,NA,0.68,NA,2026,NA,NA,FALSE,TRUE
4wM4pewlMj,asa_4wM4pewlMj_mls_eval_blended,Sal Olivas,sal olivas,2006-07-11,USA,FW,NA,18.973305954825463,mls,9z5k7Yg5A3,FW,pressing_striker,asa_live,-0.06557368421052631,2025→2026 YTD g+/90 change (short-term; 2026 incomplete),blended,2025+2026 season to date,51,0.02,low,0.296055,0,2.55,12.268699999999999,2.05374,1.6403049999999997,-3.079490131578947,3.2513815789473686,0.11826394736842105,NA,0.68,NA,2026,137480,2,FALSE,TRUE
7VqG008YQv,asa_7VqG008YQv_mls_eval_blended,Stephen Eustáquio,stephen eustaquio,1996-12-21,Canada,CM,NA,29.52498288843258,mls,eVq3ya6MWO,CM,ball_winning_midfielder,asa_live,0,Insufficient multi-season history for trend,blended,2025+2026 season to date,672,0.2196078431372549,medium,0.024441964285714286,0,0.8035714285714286,11.401250000000001,1.88025,1.5101875,3.50859375,2.6982142857142857,0.12148660714285714,NA,0.88,NA,2026,1800000,5,FALSE,TRUE
7VqG080xQv,asa_7VqG080xQv_mls_eval_blended,Nicksoen Gomis,nicksoen gomis,2002-03-15,France,CB,NA,23.29637234770705,mls,kRQabn8MKZ,CB,progressive_center_back,asa_live,0.045570910290237465,2024→2025 g+/90 change (longer-term trend),blended,2025+2026 season to date,378.30092118730806,0.15091503267973855,low,0.009817065227505351,0,0.214245836047269,10.845578300921188,1.7691156601842375,1.4268367451381783,3.8192146645575513,2.6213720107937095,0.11910798362333674,NA,0.88,NA,2026,113400,2,FALSE,TRUE
7VqG08vjQv,asa_7VqG08vjQv_mls_eval_blended,David Ayala,david ayala,2002-07-26,Argentina,CM,NA,22.93223819301848,mls,WBLMvYAQxe,CM,ball_winning_midfielder,asa_live,-0.008743806818181848,2024→2025 g+/90 change (longer-term trend),blended,2025+2026 season to date,1926.0533104041272,0.5173202614379085,medium,0.04395286973344798,0,0.8754299226139295,11.713738177128118,1.9427476354256235,1.5570607265692176,3.427001827171109,2.6556427343078246,0.14842986887360274,NA,0.800378331900258,NA,2026,771000,4,FALSE,TRUE
7VqG08wXQv,asa_7VqG08wXQv_mls_eval_blended,Wikelman Carmona,wikelman carmona,2003-02-24,Venezuela,W,NA,22.349075975359344,mls,a2lqRX2Mr0,W,transition_winger,asa_live,-0.04986286615399452,2024→2025 g+/90 change (longer-term trend),blended,2025+2026 season to date,1108,0.6006862745098039,high,0.16545798687414623,0,1.9119721446813567,9.927269258181386,1.585453851636277,1.2890903887272078,2.8876628667517967,2.2258372928669004,0.13782098577537566,NA,0.68,NA,2026,555000,3,FALSE,TRUE
7VqG0GzzQv,asa_7VqG0GzzQv_mls_eval_blended,Alexander Aravena,alexander aravena,2002-09-06,Chile,W,NA,23.81656399726215,mls,WBLMvYAQxe,W,transition_winger,asa_live,0,Insufficient multi-season history for trend,blended,2025+2026 season to date,584,0.19084967320261437,medium,0.3241232876712329,0,2.7739726027397262,9.6113698630137,1.5222739726027397,1.2417054794520548,2.0522260273972606,3.751678082191781,0.18429965753424657,NA,0.8799999999999999,NA,2026,1026310,4,FALSE,TRUE
7VqG0Z6YQv,asa_7VqG0Z6YQv_mls_eval_blended,Tarun Karumanchi,tarun karumanchi,2003-04-01,USA,CM,NA,23.249828884325805,mls,mvzqoLZQap,CM,ball_winning_midfielder,asa_live,0,Insufficient multi-season history for trend,blended,2025+2026 season to date,635,0.20751633986928106,medium,0.003231496062992126,0,0.14173228346456693,8.616818897637796,1.323363779527559,1.0925228346456692,3.2384645669291343,2.3948346456692913,0.026149606299212598,NA,0.8799999999999999,NA,2026,NA,NA,FALSE,TRUE
7VqG0ZGYQv,asa_7VqG0ZGYQv_mls_eval_blended,Diego Luna,diego luna,2003-09-07,USA,W,NA,21.815195071868583,mls,a2lqR4JMr0,W,transition_winger,asa_live,-0.007444212433592529,2024→2025 g+/90 change (longer-term trend),blended,2025+2026 season to date,1350,0.7362745098039216,high,0.23938060124787292,0,2.10391378332388,9.546992626205332,1.5093985252410662,1.2320488939307999,4.2758261486103235,2.9852458309699377,0.24721841179807147,NA,0.8800000000000001,NA,2026,500833,3,FALSE,TRUE
7VqG0jDzQv,asa_7VqG0jDzQv_mls_eval_blended,Maren Haile-Selassie,maren haileselassie,1999-03-13,Switzerland,W,NA,26.302532511978097,mls,X0Oq66zq6D,W,transition_winger,asa_live,0.03692167758711881,2024→2025 g+/90 change (longer-term trend),blended,2025+2026 season to date,2027,0.8121405228758171,high,0.19693972926704437,0,1.9087202837930852,9.547892906937754,1.5095785813875504,1.2321839360406628,3.2390643476112313,3.2913771377137713,0.24721074460387218,NA,0.88,NA,2026,483500,3,FALSE,TRUE
7VqG0wE6Qv,asa_7VqG0wE6Qv_mls_eval_blended,Nathan Saliba,nathan saliba,2004-02-07,Canada,CM,NA,21.39630390143737,mls,APk5LGOMOW,CM,ball_winning_midfielder,asa_live,0.027491090204759233,2024→2025 g+/90 change (longer-term trend),blended,2025+2026 season to date,1390,0.15898692810457515,medium,0.08537697841726619,0,1.2302158273381294,12.298244604316547,2.0596489208633093,1.644736690647482,3.1709352517985616,2.7514820143884893,0.17460647482014385,NA,0.68,NA,2026,178434,2,FALSE,TRUE
7VqG0xmYQv,asa_7VqG0xmYQv_mls_eval_blended,Cole Mrowka,cole mrowka,2006-04-06,USA,CM,NA,19.236139630390145,mls,mvzqoLZQap,CM,ball_winning_midfielder,asa_live,0.38920000000000005,2024→2025 g+/90 change (longer-term trend),blended,2025+2026 season to date,36,0.02,low,0.10874999999999999,0,2.5,9.98,1.596,1.2970000000000002,3.8624999999999994,3.335,0.274,NA,0.88,NA,2026,100630,2,FALSE,TRUE
7VqG3Kk6qv,asa_7VqG3Kk6qv_mls_eval_blended,Belal Halbouni,belal halbouni,1999-12-29,Syria,CB,NA,25.505817932922657,mls,lgpMOvnQzy,CB,progressive_center_back,asa_live,-0.15347245817245822,2024→2025 g+/90 change (longer-term trend),blended,2025+2026 season to date,1110,0.12696078431372548,low,0.0370945945945946,0,0.32432432432432434,9.959243243243243,1.5918486486486487,1.2938864864864865,4.810945945945946,2.746162162162162,0.13105135135135135,NA,0.88,NA,2026,165000,2,FALSE,TRUE
7VqG3Vmjqv,asa_7VqG3Vmjqv_mls_eval_blended,Patrick Yazbek,patrick yazbek,2002-04-05,Australia,CM,NA,23.238877481177276,mls,vzqoOgNqap,CM,ball_winning_midfielder,asa_live,-0.053974416816200965,2024→2025 g+/90 change (longer-term trend),blended,2025+2026 season to date,1157,0.6683986928104575,high,0.06575207858324073,0,0.7068901644916493,10.947287663699171,1.7894575327398343,1.4420931495548757,3.280469528752621,2.90765988000168,0.14927437298777485,NA,0.88,NA,2026,616013,3,FALSE,TRUE
7VqG3dLjqv,asa_7VqG3dLjqv_mls_eval_blended,Artem Smoliakov,artem smoliakov,2003-05-29,Ukraine,FB,NA,22.091718001368925,mls,eVq3ya6MWO,FB,overlapping_fullback,asa_live,0.018131964998300013,2025→2026 YTD g+/90 change (short-term; 2026 incomplete),blended,2025+2026 season to date,1054.254143646409,0.22289215686274508,medium,0.0768688641808166,0,0.9139248408004768,8.649185198396452,1.3298370396792905,1.0973777797594677,2.9500721312671514,2.72975804915222,0.08010210496021533,NA,0.725303867403315,NA,2026,613297,3,FALSE,TRUE
7VqG3kazqv,asa_7VqG3kazqv_mls_eval_blended,Cristiano Oliveira,cristiano oliveira,2008-03-30,USA,FB,NA,18.253251197809718,mls,19vQ2095K6,FB,overlapping_fullback,asa_live,0,Insufficient multi-season history for trend,blended,2025+2026 season to date,9,0.02,low,0,0,0,8,1.2,1,-1.0499999999999998,-16.24,-0.6780000000000002,NA,0.68,NA,2026,99025,2,FALSE,TRUE
7VqG3l0xqv,asa_7VqG3l0xqv_mls_eval_blended,Pedro Soma,pedro soma,2006-06-30,USA,CM,NA,19.003422313483917,mls,zeQZBOzQKw,CM,ball_winning_midfielder,asa_live,0.023210472820358374,2025→2026 YTD g+/90 change (short-term; 2026 incomplete),blended,2025+2026 season to date,458,0.16294117647058826,medium,0.009753886010362693,0,0.23316062176165803,10.20351259603359,1.640702519206718,1.3305268894050388,5.167629980346614,2.905158120421654,0.17141272110058958,NA,0.88,NA,2026,325453,3,FALSE,TRUE
7VqGL7PeQv,asa_7VqGL7PeQv_mls_eval_blended,Baye Coulibaly,baye coulibaly,2006-01-08,Mali,W,NA,19.477070499657767,mls,NPqxKXZ59d,W,transition_winger,asa_live,0,Insufficient multi-season history for trend,blended,2025+2026 season to date,18,0.02,low,0,0,0,3.040000000000001,0.20800000000000007,0.2560000000000001,1.9125000000000003,0.09999999999999964,-0.28800000000000003,NA,0.68,NA,2026,269500,2,FALSE,TRUE
7VqGLJn6Qv,asa_7VqGLJn6Qv_mls_eval_blended,Hennadiy Synchuk,hennadiy synchuk,2006-07-10,Ukraine,W,NA,18.976043805612594,mls,APk5LGOMOW,W,transition_winger,asa_live,0.09804969577483935,2025→2026 YTD g+/90 change (short-term; 2026 incomplete),blended,2025+2026 season to date,1209,0.4952941176470588,medium,0.322392287434431,0,3.072827342724083,10.102171257992065,1.6204342515984127,1.3153256886988096,2.794272444154223,4.234562167670084,0.34241149709020713,NA,0.68,NA,2026,606000,3,FALSE,TRUE
7VqGLa36Qv,asa_7VqGLa36Qv_mls_eval_blended,Kimani Stewart-Baynes,kimani stewartbaynes,2005-01-17,Canada,CM,NA,20.451745379876797,mls,pzeQZ6xQKw,CM,ball_winning_midfielder,asa_live,-0.049282301566914974,2024→2025 g+/90 change (longer-term trend),blended,2025+2026 season to date,43.35,0.02,low,0,0,0,10.393999999999998,1.6787999999999998,1.3591,1.9567968750000002,1.9384375,0.006346875,NA,0.87253,NA,2026,116000,2,FALSE,TRUE
7VqGZdjW5v,asa_7VqGZdjW5v_mls_eval_blended,Fletcher Bank,fletcher bank,2003-05-01,USA,W,NA,23.16769336071184,mls,kRQabn8MKZ,W,transition_winger,asa_live,0,Insufficient multi-season history for trend,blended,2025+2026 season to date,17,0.02,low,0,0,0,10.456470588235295,1.6912941176470588,1.368470588235294,0.736764705882353,1.483529411764706,-0.012176470588235294,NA,0.7251000000000001,NA,2026,NA,NA,FALSE,TRUE
7VqGj3RA5v,asa_7VqGj3RA5v_mls_eval_blended,Samuel Piette,samuel piette,1994-11-12,Canada,CM,NA,30.633812457221083,mls,APk5LGOMOW,CM,ball_winning_midfielder,asa_live,0.014466265610721896,2024→2025 g+/90 change (longer-term trend),blended,2025+2026 season to date,1009,0.5202941176470588,high,0.0030187932399407978,0,0.11904352144602721,10.831917038319133,1.766383407663826,1.4247875557478697,3.6820895063701315,2.4607519262825077,0.09854635124968653,NA,0.8799999999999999,NA,2026,621016,3,FALSE,TRUE
7VqGj7ee5v,asa_7VqGj7ee5v_mls_eval_blended,Lassi Lappalainen,lassi lappalainen,1998-08-24,Finland,FB,NA,26.85284052019165,mls,mvzqoLZQap,FB,overlapping_fullback,asa_live,-0.13352171372930868,2024→2025 g+/90 change (longer-term trend),blended,2025+2026 season to date,585,0.06691176470588235,low,0.19321538461538462,0,2,7.386461538461538,1.0772923076923075,0.9079692307692309,3.2146153846153847,2.4766153846153847,0.11018461538461538,NA,0.8799999999999999,NA,2026,368750,3,FALSE,TRUE
7VqGjBpz5v,asa_7VqGjBpz5v_mls_eval_blended,Jared Stroud,jared stroud,1996-07-10,USA,W,NA,28.974674880219027,mls,EKXMeX3Q64,W,transition_winger,asa_live,-0.023093125513014956,2024→2025 g+/90 change (longer-term trend),blended,2025+2026 season to date,785.8339680121858,0.368921568627451,medium,0.15474970987339837,0,1.7596708006047446,10.407169015409004,1.6814338030818008,1.3610753523113508,3.3463640393890137,2.0419870804531657,0.17024255100596167,NA,0.68,NA,2026,467500,3,FALSE,TRUE
7VqGjEpj5v,asa_7VqGjEpj5v_mls_eval_blended,Germán Berterame,german berterame,1998-11-13,Argentina,FW,NA,27.630390143737166,mls,zeQZkL1MKw,FW,pressing_striker,asa_live,0,Insufficient multi-season history for trend,blended,2025+2026 season to date,2097,0.6852941176470588,medium,0.4824206008583691,0,2.1030042918454934,9.170643776824035,1.4341287553648068,1.1755965665236052,1.2987124463519317,1.905321888412017,0.22083690987124466,NA,0.88,NA,2026,3824200,5,FALSE,TRUE
7VqGjRDY5v,asa_7VqGjRDY5v_mls_eval_blended,Diadie Samassékou,diadie samassekou,1996-01-11,Mali,CM,NA,29.470225872689937,mls,YgOMngl5wN,CM,ball_winning_midfielder,asa_live,0.05574249757986447,2025→2026 YTD g+/90 change (short-term; 2026 incomplete),blended,2025+2026 season to date,1033,0.33781045751633987,medium,0.004019619157530295,0,0.103866128101558,9.981557991921523,1.5963115983843046,1.2972336987882285,2.9441719561454125,2.3807616849394115,0.033226774379688406,NA,0.8396076168493942,NA,2026,771871,4,FALSE,TRUE
7VqGjbre5v,asa_7VqGjbre5v_mls_eval_blended,Bruno Wilson,bruno wilson,1996-12-27,Portugal,CB,NA,28.50924024640657,mls,0KPqjA456v,CB,progressive_center_back,asa_live,0.03669744907891853,2024→2025 g+/90 change (longer-term trend),blended,2025+2026 season to date,1417,0.1620751633986928,medium,0.09614184897671137,0,0.4446012702893437,9.583542695836273,1.5167085391672548,1.237531404375441,4.36302046577276,1.8414820042342979,0.1283500352858151,NA,0.88,NA,2026,1218333,4,FALSE,TRUE
7VqGm2OYMv,asa_7VqGm2OYMv_mls_eval_blended,Tim Leibold,tim leibold,1993-11-30,Germany,FB,NA,31.583846680355922,mls,Z2vQ1xlqrA,FB,overlapping_fullback,asa_live,0.00939068600111545,2024→2025 g+/90 change (longer-term trend),blended,2025+2026 season to date,978,0.1118627450980392,low,0.07864417177914111,0,0.9202453987730062,10.228834355828221,1.6457668711656441,1.334325153374233,3.2463957055214725,2.8340490797546014,0.14098159509202454,NA,0.88,NA,2026,926050,4,FALSE,TRUE
7VqGmYJAMv,asa_7VqGmYJAMv_mls_eval_blended,André Gomes,andre gomes,1993-07-30,Portugal,CM,NA,32.91991786447639,mls,mvzqoLZQap,CM,ball_winning_midfielder,asa_live,0,Insufficient multi-season history for trend,blended,2025+2026 season to date,1539,0.5029411764705882,medium,0.04037426900584796,0,0.7017543859649122,11.021988304093567,1.8043976608187133,1.4532982456140353,4.205263157894737,2.681286549707602,0.16209941520467835,NA,0.88,NA,2026,971944,4,FALSE,TRUE
7VqGmmzzMv,asa_7VqGmmzzMv_mls_eval_blended,Luis Muriel,luis muriel,1991-04-16,Colombia,FW,NA,34.209445585215605,mls,jYQJ8EW5GR,FW,pressing_striker,asa_live,-0.029487395976723785,2024→2025 g+/90 change (longer-term trend),blended,2025+2026 season to date,2358,0.2697058823529412,medium,0.3310038167938931,0,2.9389312977099236,9.22824427480916,1.445648854961832,1.184236641221374,3.744179389312978,1.7575572519083973,0.26653053435114504,NA,0.68,NA,2026,4003333,5,FALSE,TRUE
7VqGpdjQvW,asa_7VqGpdjQvW_mls_eval_blended,Antoine Griezmann,antoine griezmann,1991-03-21,France,FW,NA,35.279945242984255,mls,jYQJ8EW5GR,FW,pressing_striker,asa_live,0,Insufficient multi-season history for trend,blended,2025+2026 season to date,1107,0.36176470588235293,medium,0.5432764227642276,0,2.7642276422764227,9.96,1.592,1.294,3.515447154471545,2.549268292682927,0.4142276422764227,NA,0.88,NA,2026,NA,NA,FALSE,TRUE
7vQ73eoDQD,asa_7vQ73eoDQD_mls_eval_blended,Nemanja Radoja,nemanja radoja,1993-02-06,Serbia,CM,NA,32.39698836413415,mls,Z2vQ1xlqrA,CM,ball_winning_midfielder,asa_live,0.0010342525632262567,2024→2025 g+/90 change (longer-term trend),blended,2025+2026 season to date,1232,0.14091503267973857,medium,0.020323051948051948,0,0.4383116883116883,11.822954545454547,1.9645909090909088,1.5734431818181818,3.6757305194805197,2.623896103896104,0.15300730519480518,NA,0.8800000000000001,NA,2026,1390000,4,FALSE,TRUE
7vQ73orEQD,asa_7vQ73orEQD_mls_eval_blended,DeAndre Yedlin,deandre yedlin,1993-07-09,USA,FB,NA,31.978097193702943,mls,"c(""a2lqR4JMr0"", ""NWMWlBK5lz"")",FB,overlapping_fullback,asa_live,-0.014335028949822581,2024→2025 g+/90 change (longer-term trend),blended,2025+2026 season to date,1675,0.8888071895424836,high,0.017251531340915102,0,0.3251203385347792,11.024043924887595,1.804808784977519,1.4536065887331393,3.8036946839460457,2.544007024596668,0.12131403967204443,NA,0.8800000000000001,NA,2026,726667,4,FALSE,TRUE
7vQ7B1nYqD,asa_7vQ7B1nYqD_mls_eval_blended,Liam O'Gara,liam ogara,2004-10-27,USA,CM,NA,21.675564681724847,mls,a2lqR4JMr0,CM,ball_winning_midfielder,asa_live,0,Insufficient multi-season history for trend,blended,2025+2026 season to date,9,0.02,low,0,0,0,8,1.2,1,-2.0749999999999993,2.36,-0.011999999999999976,NA,0.68,NA,2026,NA,NA,FALSE,TRUE
7vQ7BmAzqD,asa_7vQ7BmAzqD_mls_eval_blended,Hassani Dotson,hassani dotson,1997-08-06,USA,CM,NA,27.901437371663246,mls,kRQand1MKZ,CM,ball_winning_midfielder,asa_live,-0.031536477626277704,2024→2025 g+/90 change (longer-term trend),blended,2025+2026 season to date,1188,0.4487418300653595,medium,0.06847938727531959,0,0.6505218512703854,9.931539321072698,1.5863078642145396,1.2897308981609048,3.6349267636009737,2.4481840737240077,0.11313174241453333,NA,0.68,NA,2026,828125,4,FALSE,TRUE
7vQ7J8JYqD,asa_7vQ7J8JYqD_mls_eval_blended,Joseph Paintsil,joseph paintsil,1998-02-01,Ghana,W,NA,27.411362080766597,mls,kaDQ0wRqEv,W,transition_winger,asa_live,0.021062085056832047,2024→2025 g+/90 change (longer-term trend),blended,2025+2026 season to date,1700,0.8086764705882353,high,0.4059115312923633,0,2.18606529597831,9.20392724807953,1.440785449615906,1.1805890872119296,2.567201070379575,3.8133576028016267,0.30106575237234523,NA,0.8216666666666668,NA,2026,4502000,5,FALSE,TRUE
7vQ7J8VDqD,asa_7vQ7J8VDqD_mls_eval_blended,Derek Dodson,derek dodson,1998-11-03,USA,FB,NA,26.65845311430527,mls,EKXMeX3Q64,FB,overlapping_fullback,asa_live,0,Insufficient multi-season history for trend,blended,2025+2026 season to date,659,0.07537581699346405,low,0.016743550834597876,0,0.13657056145675264,11.164066767830047,1.8328133535660092,1.474610015174507,3.2345599393019726,2.8050986342943856,0.12593171471927164,NA,0.68,NA,2026,110250,2,FALSE,TRUE
7vQ7e4Z85D,asa_7vQ7e4Z85D_mls_eval_blended,Riquelme Filipe,riquelme filipe,2006-09-15,Brazil,FB,NA,19.79192334017796,mls,zeQZkL1MKw,FB,overlapping_fullback,asa_live,0,Insufficient multi-season history for trend,blended,2025+2026 season to date,31,0.02,low,0,0,0,9.8,1.56,1.27,1.0838709677419356,-1.2683870967741937,-0.12280645161290323,NA,0.88,NA,2026,NA,NA,FALSE,TRUE
7vQ7eEPE5D,asa_7vQ7eEPE5D_mls_eval_blended,Allan Oyirwoth,allan oyirwoth,2007-01-23,Uganda,CM,NA,18.43668720054757,mls,19vQ2095K6,CM,ball_winning_midfielder,asa_live,0,Insufficient multi-season history for trend,blended,2025+2026 season to date,308,0.03522875816993464,low,0.04257467532467532,0,1.4610389610389611,13.205974025974026,2.241194805194805,1.7808961038961042,2.413392857142857,2.6636363636363636,0.1305,NA,0.8800000000000001,NA,2026,120000,2,FALSE,TRUE
7vQ7eNPO5D,asa_7vQ7eNPO5D_mls_eval_blended,Mohammed Sofo,mohammed sofo,2004-11-30,Ghana,W,NA,20.583162217659137,mls,a2lqRX2Mr0,W,transition_winger,asa_live,0.1713221016561965,2024→2025 g+/90 change (longer-term trend),blended,2025+2026 season to date,887,0.4901470588235294,medium,0.21186986210418246,0,1.7575805993658498,9.644019523275386,1.528803904655077,1.2466029284913076,2.4386694775548188,2.6179646953023874,0.14181504168830342,NA,0.68,NA,2026,208000,2,FALSE,TRUE
7vQ7ew0z5D,asa_7vQ7ew0z5D_mls_eval_blended,Rodolfo Aloko,rodolfo aloko,2006-12-26,Benin,W,NA,19.512662559890487,mls,NPqxKXZ59d,W,transition_winger,asa_live,0,Insufficient multi-season history for trend,blended,2025+2026 season to date,671,0.21928104575163399,medium,0.23324888226527574,0,1.8777943368107302,10.677734724292101,1.7355469448584202,1.4016602086438152,1.331445603576751,4.375111773472429,0.31037257824143066,NA,0.68,NA,2026,251667,2,FALSE,TRUE
7vQ7rA7YqD,asa_7vQ7rA7YqD_mls_eval_blended,Will Sands,will sands,2000-07-06,USA,FB,NA,24.985626283367555,mls,19vQ2095K6,FB,overlapping_fullback,asa_live,0.0661402423293703,2024→2025 g+/90 change (longer-term trend),blended,2025+2026 season to date,2614,0.9552450980392158,medium,0.03622949482992296,0,0.4934793945313168,9.285588713519157,1.4571177427038315,1.1928383070278736,2.8171377426218163,2.772390107242619,0.08139164948319734,NA,0.8800000000000001,NA,2026,333333,3,FALSE,TRUE
7vQ7rVvGqD,asa_7vQ7rVvGqD_mls_eval_blended,Kevin O'Toole,kevin otoole,1998-12-14,USA,FB,NA,26.546201232032853,mls,Vj58weDM8n,FB,overlapping_fullback,asa_live,-0.02498908211809825,2024→2025 g+/90 change (longer-term trend),blended,2025+2026 season to date,1422,0.760032679738562,high,0.04189434685574239,0,0.3270484927552526,9.438364856094283,1.4876729712188568,1.2157547284141423,2.927595307468292,2.5152836610449634,0.06112471281276669,NA,0.8799999999999999,NA,2026,323333,3,FALSE,TRUE
7vQ7w3kLQD,asa_7vQ7w3kLQD_mls_eval_blended,Max Floriani,max floriani,2003-02-06,USA,CB,NA,22.39835728952772,mls,0KPqjA456v,CB,progressive_center_back,asa_live,-0.10957564041394516,2025→2026 YTD g+/90 change (short-term; 2026 incomplete),blended,2025+2026 season to date,563.267070008643,0.2558333333333333,medium,0.0076076058772687975,0,0.15557476231633535,10.363400549775477,1.672680109955095,1.3545100824663217,4.085506820205223,2.256011983285786,0.08535814038120366,NA,0.88,NA,2026,90525,2,FALSE,TRUE
7vQ7wYXeQD,asa_7vQ7wYXeQD_mls_eval_blended,Nico Cavallo,nico cavallo,2001-12-27,USA,FB,NA,23.509924709103355,mls,Vj58weDM8n,FB,overlapping_fullback,asa_live,-0.13112635343009793,2025→2026 YTD g+/90 change (short-term; 2026 incomplete),blended,2025+2026 season to date,1349,0.485,medium,0.010979646333229657,0,0.20323322131104013,10.268151935608675,1.653630387121735,1.3402227903413013,3.7702709776284147,2.5371322798686076,0.08294496241057815,NA,0.8800000000000001,NA,2026,115248,2,FALSE,TRUE
7vQ7x6aOMD,asa_7vQ7x6aOMD_mls_eval_blended,Jeevan Badwal,jeevan badwal,2006-03-11,Canada,CM,NA,19.307323750855577,mls,lgpMOvnQzy,CM,ball_winning_midfielder,asa_live,0.15379923902704173,2025→2026 YTD g+/90 change (short-term; 2026 incomplete),blended,2025+2026 season to date,1485,0.612826797385621,high,0.14661781408092273,0,0.6341032929369632,9.338260500148792,1.4676521000297584,1.200739075022319,2.5453328852448927,2.70613953679285,0.16684914469836123,NA,0.8799999999999999,NA,2026,113400,2,FALSE,TRUE
7vQ7xGkYMD,asa_7vQ7xGkYMD_mls_eval_blended,Oscar Verhoeven,oscar verhoeven,2006-05-31,USA,FB,NA,19.085557837097877,mls,"c(""zeQZBOzQKw"", ""0KPqjA456v"")",FB,overlapping_fullback,asa_live,0.10312382201457432,2024→2025 g+/90 change (longer-term trend),blended,2025+2026 season to date,1931,0.7632679738562091,high,0.03995314713181536,0,0.22595905355233512,9.600773003278714,1.5201546006557427,1.2401159504918071,2.5748232413899226,2.446796763107953,0.046333430655782326,NA,0.8799999999999999,NA,2026,188395,2,FALSE,TRUE
7vQ7xNzdMD,asa_7vQ7xNzdMD_mls_eval_blended,Frankie Westfield,frankie westfield,2005-12-09,USA,FB,NA,19.55920602327173,mls,9z5k7Yg5A3,FB,overlapping_fullback,asa_live,0.04507185288394361,2025→2026 YTD g+/90 change (short-term; 2026 incomplete),blended,2025+2026 season to date,2142,0.9435130718954249,high,0.06556670442589502,0,0.9370348615629015,9.939426313146853,1.5878852626293711,1.2909139469720283,4.582599463393656,2.565702600957456,0.17928511302481828,NA,0.68,NA,2026,125285,2,FALSE,TRUE
7vQ7xWmYMD,asa_7vQ7xWmYMD_mls_eval_blended,Édier Ocampo,edier ocampo,2003-10-03,Colombia,FB,NA,21.744010951403148,mls,lgpMOvnQzy,FB,overlapping_fullback,asa_live,0.02039442108862695,2024→2025 g+/90 change (longer-term trend),blended,2025+2026 season to date,2065,1,high,0.04754867446859327,0,0.9906172165546419,10.913868913985466,1.782773782797093,1.4370803370978198,3.5430024054044837,2.5690121805588726,0.16417852877955577,NA,0.8800000000000001,NA,2026,453799,3,FALSE,TRUE
7vQ7xgKOMD,asa_7vQ7xgKOMD_mls_eval_blended,Sergio Oregel,sergio oregel,2005-05-16,USA,CM,NA,20.125941136208077,mls,X0Oq66zq6D,CM,ball_winning_midfielder,asa_live,0.05982127659574468,2025→2026 YTD g+/90 change (short-term; 2026 incomplete),blended,2025+2026 season to date,1528.810408921933,0.39166666666666666,medium,0.027136320493553745,0,0.43245274064699835,9.340817052914657,1.4681634105829313,1.2011225579371985,4.602731254449102,2.536062643359962,0.12298706794273509,NA,0.8799999999999999,NA,2026,392500,3,FALSE,TRUE
7vQ7xpBzMD,asa_7vQ7xpBzMD_mls_eval_blended,Taha Habroune,taha habroune,2006-02-05,USA,CM,NA,19.40041067761807,mls,mvzqoLZQap,CM,ball_winning_midfielder,asa_live,0.058602844311377245,2024→2025 g+/90 change (longer-term trend),blended,2025+2026 season to date,2035,0.7605392156862745,medium,0.14538754228289308,0,0.9775476469364746,10.644294562611522,1.7288589125223044,1.3966441843917283,3.651217966261262,2.6514479633055643,0.19629158720949327,NA,0.8799999999999999,NA,2026,152000,2,FALSE,TRUE
9Yqd4X9qvJ,asa_9Yqd4X9qvJ_mls_eval_blended,James Rodríguez,james rodriguez,1991-07-12,Colombia,W,NA,34.97056810403833,mls,kRQand1MKZ,W,transition_winger,asa_live,0,Insufficient multi-season history for trend,blended,2025+2026 season to date,220,0.0718954248366013,low,0.13671818181818182,0,3.6818181818181817,9.443272727272728,1.4886545454545455,1.216490909090909,10.38409090909091,1.1295454545454544,0.39698181818181816,NA,0.88,NA,2026,684000,3,FALSE,TRUE
9Yqd6pKkMv,asa_9Yqd6pKkMv_mls_eval_blended,Xande Silva,xande silva,1997-03-16,Portugal,W,NA,28.292950034223136,mls,"c(""wvq9B9wQWn"", ""KAqBN0Vqbg"")",W,transition_winger,asa_live,-0.051233114080491804,2024→2025 g+/90 change (longer-term trend),blended,2025+2026 season to date,555,0.06348039215686274,low,0.10307027027027028,0,2.108108108108108,8.813405405405405,1.362681081081081,1.1220108108108109,3.7532432432432437,2.903135135135135,0.1619189189189189,NA,0.68,NA,2026,629250,3,FALSE,TRUE
9Yqd6yrkMv,asa_9Yqd6yrkMv_mls_eval_blended,Sergio Santos,sergio santos,1994-09-04,Brazil,FW,NA,30.822724161533195,mls,"c(""YgOMngl5wN"", ""NWMWlBK5lz"")",FW,pressing_striker,asa_live,-0.03281195991631544,2024→2025 g+/90 change (longer-term trend),blended,2025+2026 season to date,651.9499999999999,0.12629084967320262,low,0.37502571707953064,0,1.8833116036505868,10.491568448500653,1.6983136897001303,1.3737352672750978,1.8319581160365057,2.0917496740547588,0.18985365058670145,NA,0.68,NA,2026,171000,2,FALSE,TRUE
9YqdWjPm5v,asa_9YqdWjPm5v_mls_eval_blended,Luis Otávio,luis otavio,2007-04-12,Brazil,CM,NA,19.21971252566735,mls,jYQJ8EW5GR,CM,ball_winning_midfielder,asa_live,0,Insufficient multi-season history for trend,blended,2025+2026 season to date,1147,0.37483660130718954,medium,0.06776285963382737,0,0.5492589363557105,9.735658238884046,1.5471316477768091,1.2603487358326069,3.3132737576285964,2.4624934612031386,0.05839407149084569,NA,0.68,NA,2026,569000,3,FALSE,TRUE
9YqdY2mRQv,asa_9YqdY2mRQv_mls_eval_blended,Mathieu Choinière,mathieu choiniere,1999-02-07,Canada,CM,NA,26.39561943874059,mls,eVq3ya6MWO,CM,ball_winning_midfielder,asa_live,0.03447002396548968,2024→2025 g+/90 change (longer-term trend),blended,2025+2026 season to date,1913,0.7195261437908497,medium,0.0638165118463626,0,0.8882162613505897,10.392055109070036,1.6784110218140067,1.3588082663605052,4.078869637824862,2.933808579480221,0.16756862540444628,NA,0.8800000000000001,NA,2026,725000,4,FALSE,TRUE
9YqddY89qv,asa_9YqddY89qv_mls_eval_blended,Cesar Ruvalcaba,cesar ruvalcaba,2001-07-13,USA,CB,NA,23.967145790554415,mls,mvzqoLZQap,CB,progressive_center_back,asa_live,-0.011850854148052314,2025→2026 YTD g+/90 change (short-term; 2026 incomplete),blended,2025+2026 season to date,401,0.1738235294117647,low,0.032519896836614264,0,0.7754739250171211,11.099230937358843,1.8198461874717689,1.4648846406038267,3.9453754972387767,2.8373722478835477,0.1673575456439698,NA,0.8800000000000001,NA,2026,113400,2,FALSE,TRUE
9YqdoLVo5v,asa_9YqdoLVo5v_mls_eval_blended,Nathan Richmond,nathan richmond,2004-01-26,USA,W,NA,22.428473648186174,mls,NPqxKXZ59d,W,transition_winger,asa_live,0,Insufficient multi-season history for trend,blended,2025+2026 season to date,18,0.02,low,0,0,0,8.84,1.3679999999999999,1.126,2.7875,2.77,0.081,NA,0.68,NA,2026,NA,NA,FALSE,TRUE
9YqdoXJL5v,asa_9YqdoXJL5v_mls_eval_blended,Woobens Pacius,woobens pacius,2001-05-11,Canada,FW,NA,25.138945927446954,mls,vzqoOgNqap,FW,pressing_striker,asa_live,0,Insufficient multi-season history for trend,blended,2025+2026 season to date,303,0.09901960784313725,low,0.15493069306930693,0,1.7821782178217822,8.718811881188119,1.3437623762376236,1.107821782178218,2.9428217821782177,1.6415841584158417,0.09020792079207922,NA,0.68,NA,2026,113400,2,FALSE,TRUE
9Yqdwg885v,asa_9Yqdwg885v_mls_eval_blended,Gilberto Flores,gilberto flores,2003-04-01,Paraguay,CB,NA,22.250513347022586,mls,NWMWlBK5lz,CB,progressive_center_back,asa_live,0.025712855778169008,2025→2026 YTD g+/90 change (short-term; 2026 incomplete),blended,2025+2026 season to date,897.6235741444867,0.2693300653594771,medium,0.027123456468247147,0,0.48508682674393366,10.572889621096603,1.7145779242193204,1.3859334431644903,3.882957750002113,2.2463127172077897,0.10354720306870883,NA,0.8800000000000001,NA,2026,436672,3,FALSE,TRUE
9Yqdwlrj5v,asa_9Yqdwlrj5v_mls_eval_blended,Marco Pašalić,marco pasalic,2000-09-14,Croatia,W,NA,24.79397672826831,mls,jYQJ8EW5GR,W,transition_winger,asa_live,-0.12712091848603485,2025→2026 YTD g+/90 change (short-term; 2026 incomplete),blended,2025+2026 season to date,1124,0.6962745098039216,high,0.19936601456701558,0,2.3718523534148304,9.118758052119171,1.4237516104238344,1.1678137078178756,3.3340764196435106,2.965166349461972,0.1942587498169973,NA,0.88,NA,2026,1650667,5,FALSE,TRUE
9vQ229oLQK,asa_9vQ229oLQK_mls_eval_blended,Erik Thommy,erik thommy,1994-08-20,Germany,W,NA,30.863791923340177,mls,Z2vQ1xlqrA,W,transition_winger,asa_live,-0.03122693100055346,2024→2025 g+/90 change (longer-term trend),blended,2025+2026 season to date,942,0.4695751633986928,high,0.1408794515261514,0,2.5913218605660813,9.772496713739583,1.5544993427479166,1.2658745070609376,2.7309678790656164,3.3250790511450656,0.20254265505722313,NA,0.7947381242387332,NA,2026,706667,4,FALSE,TRUE
9vQ22BR7QK,asa_9vQ22BR7QK_mls_eval_blended,Jesús Ferreira,jesus ferreira,2000-12-24,USA,W,NA,24.517453798767967,mls,jYQJ19EqGR,W,transition_winger,asa_live,-0.018099595474483865,2024→2025 g+/90 change (longer-term trend),blended,2025+2026 season to date,1292,0.7230392156862745,high,0.23076296440514912,0,1.4870126895414357,10.05476774016217,1.610953548032434,1.3082151610243256,2.7708963706537175,2.7304842182417888,0.18547547413990564,NA,0.68,NA,2026,1882937,5,FALSE,TRUE
9vQ22OOoQK,asa_9vQ22OOoQK_mls_eval_blended,Jackson Yueill,jackson yueill,1997-03-19,USA,CM,NA,28.28473648186174,mls,19vQ2095K6,CM,ball_winning_midfielder,asa_live,-0.12726261037163944,2024→2025 g+/90 change (longer-term trend),blended,2025+2026 season to date,629,0.2985457516339869,medium,0.030008312995093833,0,0.5812432842161379,10.633824394225883,1.7267648788451764,1.3950736591338821,2.8304834114932564,2.338871665014618,0.10139126052660076,NA,0.7746576373212942,NA,2026,1141087,4,FALSE,TRUE
9vQ22jRLQK,asa_9vQ22jRLQK_mls_eval_blended,Daniel Lovitz,daniel lovitz,1991-08-27,USA,FB,NA,33.84531143052703,mls,vzqoOgNqap,FB,overlapping_fullback,asa_live,-0.033242301726812126,2024→2025 g+/90 change (longer-term trend),blended,2025+2026 season to date,1827,0.9621568627450979,high,0.03252537854331119,0,0.34303209547414243,9.541123862287296,1.5082247724574591,1.2311685793430946,3.848027357174099,2.5682377689375793,0.092200841438777,NA,0.68,NA,2026,427500,3,FALSE,TRUE
9vQ22nALQK,asa_9vQ22nALQK_mls_eval_blended,Daniel Ríos,daniel rios,1995-02-22,Mexico,FW,NA,30.354551676933607,mls,lgpMOvnQzy,FW,pressing_striker,asa_live,-0.03581313981972334,2024→2025 g+/90 change (longer-term trend),blended,2025+2026 season to date,1032,0.5407352941176471,high,0.3897142908606568,0,2.230234179359658,8.531262613477484,1.3062525226954966,1.0796893920216226,1.5947572039459592,1.1369469055843968,0.18854314578473258,NA,0.7991685912240185,NA,2026,237066,2,FALSE,TRUE
9vQ22pVaQK,asa_9vQ22pVaQK_mls_eval_blended,Matt Polster,matt polster,1993-06-08,USA,CM,NA,32.062970568104035,mls,19vQ2095K6,CM,ball_winning_midfielder,asa_live,0.03255450199523727,2024→2025 g+/90 change (longer-term trend),blended,2025+2026 season to date,1688,0.8473039215686274,high,0.03934808957748122,0,0.6399016358387684,10.087891293994149,1.6175782587988294,1.3131836940991222,4.048214355141276,2.621541799908634,0.13895578472633963,NA,0.8800000000000001,NA,2026,733333,4,FALSE,TRUE
9vQ248BL5K,asa_9vQ248BL5K_mls_eval_blended,Idan Toklomati,idan toklomati,2004-08-09,Israel,FW,NA,20.892539356605067,mls,NPqxKXZ59d,FW,pressing_striker,asa_live,0.3090239032067677,2024→2025 g+/90 change (longer-term trend),blended,2025+2026 season to date,2084,0.9493790849673203,high,0.42700424695740363,0,1.7237796542905017,9.044364692653673,1.4088729385307346,1.156654703898051,1.5902747844827587,1.6476925324102654,0.22395022433636122,NA,0.68,NA,2026,781500,4,FALSE,TRUE
9vQ24BKm5K,asa_9vQ24BKm5K_mls_eval_blended,Giuseppe Bovalina,giuseppe bovalina,2004-11-11,Australia,FB,NA,20.635181382614647,mls,lgpMOvnQzy,FB,overlapping_fullback,asa_live,-0.18422608695652176,2024→2025 g+/90 change (longer-term trend),blended,2025+2026 season to date,260,0.029738562091503266,low,0.2333769230769231,0,1.3846153846153846,8.17723076923077,1.2354461538461539,1.0265846153846154,2.4002884615384614,1.5792307692307692,0.04499999999999999,NA,0.68,NA,2026,116980,2,FALSE,TRUE
9vQ24Gkx5K,asa_9vQ24Gkx5K_mls_eval_blended,Agustín Ojeda,agustin ojeda,2004-06-19,Argentina,W,NA,21.032169746748803,mls,Vj58weDM8n,W,transition_winger,asa_live,-0.08648398108073077,2024→2025 g+/90 change (longer-term trend),blended,2025+2026 season to date,2406,0.9854084967320261,high,0.13227202043218864,0,1.1718957175768825,8.867806321018813,1.3735612642037627,1.1301709481528222,2.3693791509124473,3.481517786441391,0.1982965955352021,NA,0.8800000000000001,NA,2026,607833,3,FALSE,TRUE
9vQ2N9NYQK,asa_9vQ2N9NYQK_mls_eval_blended,Chase Adams,chase adams,2008-04-17,USA,FW,NA,18.203969883641342,mls,mvzqoLZQap,FW,pressing_striker,asa_live,0,Insufficient multi-season history for trend,blended,2025+2026 season to date,210,0.06862745098039216,low,0.5162142857142856,0,2.142857142857143,11.456,1.8912,1.5184,1.967142857142857,0.6460000000000001,0.19045714285714282,NA,0.68,NA,2026,114303,2,FALSE,TRUE
9vQ2NW1oQK,asa_9vQ2NW1oQK_mls_eval_blended,Diego Borges,diego borges,2004-12-15,Brazil,CB,NA,21.541409993155373,mls,Z2vQ1xlqrA,CB,progressive_center_back,asa_live,0,Insufficient multi-season history for trend,blended,2025+2026 season to date,232,0.07581699346405228,low,0.008883620689655172,0,0.3879310344827586,-4.465,-1.293,-0.8697499999999998,3.5508620689655173,2.89801724137931,-0.2635991379310345,NA,0.88,NA,2026,330000,3,FALSE,TRUE
9vQ2NWOYQK,asa_9vQ2NWOYQK_mls_eval_blended,Yutaro Tsukada,yutaro tsukada,2001-07-28,Japan,W,NA,24.92539356605065,mls,jYQJ8EW5GR,W,transition_winger,asa_live,0,Insufficient multi-season history for trend,blended,2025+2026 season to date,32,0.02,low,0,0,0,8.4725,1.2945,1.070875,5.29921875,-1.1562500000000004,0.005624999999999993,NA,0.88,NA,2026,113400,2,FALSE,TRUE
9vQ2Z3doQK,asa_9vQ2Z3doQK_mls_eval_blended,Louicius Don Deedson,louicius don deedson,2001-02-11,Haiti,FW,NA,24.383299110198493,mls,mKAqBBmqbg,FW,pressing_striker,asa_live,0.14061386138613863,2025→2026 YTD g+/90 change (short-term; 2026 incomplete),blended,2025+2026 season to date,303,0.10279411764705883,low,0.12392857790265568,0,2.4417656122541467,10.159815100154082,1.6319630200308166,1.3239722650231125,2.566022387383305,2.748554336989033,0.13847856430707878,NA,0.740418743768694,NA,2026,450319,3,FALSE,TRUE
9vQ2ZDwaQK,asa_9vQ2ZDwaQK_mls_eval_blended,J.C. Ngando,jc ngando,1999-11-20,Cameroon,CM,NA,25.61259411362081,mls,lgpMOvnQzy,CM,ball_winning_midfielder,asa_live,0.04992757867132866,2025→2026 YTD g+/90 change (short-term; 2026 incomplete),blended,2025+2026 season to date,1187.4698795180723,0.20352941176470588,medium,0.12311430722891567,0,1.0800246440306682,10.021917031763417,1.6043834063526836,1.3032875547645126,4.410357081736035,2.2602031078860896,0.19030009583789706,NA,0.88,NA,2026,200000,2,FALSE,TRUE
9vQ2ZEYoQK,asa_9vQ2ZEYoQK_mls_eval_blended,Strahinja Tanasijević,strahinja tanasijevic,1997-06-12,Serbia,CB,NA,28.05201916495551,mls,Vj58weDM8n,CB,progressive_center_back,asa_live,-0.0031900364259695585,2024→2025 g+/90 change (longer-term trend),blended,2025+2026 season to date,610.3,0.11415032679738561,low,0,0,0,8.869277414587005,1.373855482917401,1.1303916121880506,4.210105025297027,2.4763537035984307,0.06907134187937014,NA,0.88,NA,2026,368750,3,FALSE,TRUE
9vQ2ZNGLQK,asa_9vQ2ZNGLQK_mls_eval_blended,Ben Bender,ben bender,2001-03-07,USA,W,NA,24.317590691307323,mls,9z5k7Yg5A3,W,transition_winger,asa_live,-0.09229982743744605,2024→2025 g+/90 change (longer-term trend),blended,2025+2026 season to date,612,0.24186274509803923,medium,0.053049905037984804,0,1.0675729708116752,7.967184126349459,1.1934368252698921,0.995077618952419,3.1933345411835266,1.8531429928028786,0.04739274290283886,NA,0.7732926829268294,NA,2026,149667,2,FALSE,TRUE
9vQ2ZWw1QK,asa_9vQ2ZWw1QK_mls_eval_blended,Odin Thiago Holm,odin thiago holm,2003-01-18,Norway,CM,NA,22.45037645448323,mls,eVq3ya6MWO,CM,ball_winning_midfielder,asa_live,0,Insufficient multi-season history for trend,blended,2025+2026 season to date,115,0.02,low,0,0,0,12.451478260869564,2.090295652173913,1.6677217391304349,2.6419565217391305,3.2622608695652175,0.14298260869565219,NA,0.68,NA,2026,660000,3,FALSE,TRUE
9vQ2ZjbmQK,asa_9vQ2ZjbmQK_mls_eval_blended,Jayden Nelson,jayden nelson,2002-09-26,Canada,W,NA,22.76249144421629,mls,lgpMOvnQzy,W,transition_winger,asa_live,-0.16329976424775033,2025→2026 YTD g+/90 change (short-term; 2026 incomplete),blended,2025+2026 season to date,826.3518659558264,0.3776143790849673,medium,0.1907339753826499,0,1.669410117190379,9.052590718128886,1.410518143625777,1.1578886077193329,3.1062894626931676,4.222565904233103,0.24348092278210448,NA,0.8800000000000001,NA,2026,554000,3,FALSE,TRUE
9vQ2ZlkaQK,asa_9vQ2ZlkaQK_mls_eval_blended,Matthew Edwards,matthew edwards,2003-02-17,USA,CB,NA,22.368240930869266,mls,KAqBN0Vqbg,CB,progressive_center_back,asa_live,0.21288975501113588,2024→2025 g+/90 change (longer-term trend),blended,2025+2026 season to date,981,0.47465686274509805,high,0.019390832161893242,0,0.19054836645384216,9.586171981096204,1.5172343962192407,1.2379257971644304,2.9187859133059253,2.435102819538163,0.04772744111112141,NA,0.7632837596668649,NA,2026,113400,2,FALSE,TRUE
9vQ2ZoR7QK,asa_9vQ2ZoR7QK_mls_eval_blended,Andrés Herrera,andres herrera,1998-11-03,Argentina,FB,NA,26.65845311430527,mls,mvzqoLZQap,FB,overlapping_fullback,asa_live,0.07336148013421195,2024→2025 g+/90 change (longer-term trend),blended,2025+2026 season to date,1085,0.557483660130719,high,0.13063125444089702,0,1.2430532528682274,9.2449829753773,1.4489965950754597,1.1867474463065948,3.0321056246624916,2.518572811762811,0.1391292582873059,NA,0.8800000000000001,NA,2026,727632,4,FALSE,TRUE
9vQ2ZyAaQK,asa_9vQ2ZyAaQK_mls_eval_blended,Fernando Álvarez,fernando alvarez,2003-08-24,USA,CB,NA,21.853524982888434,mls,APk5LGOMOW,CB,progressive_center_back,asa_live,-0.07604822165196472,2024→2025 g+/90 change (longer-term trend),blended,2025+2026 season to date,1247,0.14263071895424836,medium,0.011980753809141941,0,0.3608660785886127,8.441988773055332,1.2883977546110665,1.0662983159583,4.091259021651965,2.193263833199679,0.06074097834803528,NA,0.8799999999999999,NA,2026,307500,3,FALSE,TRUE
9vQ2d3X75K,asa_9vQ2d3X75K_mls_eval_blended,Kellyn Acosta,kellyn acosta,1995-07-24,USA,CM,NA,29.93839835728953,mls,X0Oq66zq6D,CM,ball_winning_midfielder,asa_live,-0.06296825792269646,2024→2025 g+/90 change (longer-term trend),blended,2025+2026 season to date,795,0.0909313725490196,low,0.010675471698113208,0,0.22641509433962265,9.98520754716981,1.597041509433962,1.2977811320754717,2.386981132075472,2.4495094339622643,0.011230188679245284,NA,0.68,NA,2026,1628477,5,FALSE,TRUE
9vQ2d66e5K,asa_9vQ2d66e5K_mls_eval_blended,Stian Gregersen,stian gregersen,1995-05-17,Norway,CB,NA,30.12457221081451,mls,KAqBN0Vqbg,CB,progressive_center_back,asa_live,-0.014330464444118646,2024→2025 g+/90 change (longer-term trend),blended,2025+2026 season to date,1089,0.5266503267973857,high,0.029254211099533987,0,0.3191641111099047,11.286841376769624,1.8573682753539247,1.4930262065154436,4.182126399815498,2.57952463087477,0.15550511479507312,NA,0.88,NA,2026,970000,4,FALSE,TRUE
9z5k33zb5A,asa_9z5k33zb5A_mls_eval_blended,Benie Traore,benie traore,2002-11-30,Ivory Coast,W,NA,23.583846680355922,mls,Vj58weDM8n,W,transition_winger,asa_live,0,Insufficient multi-season history for trend,blended,2025+2026 season to date,753,0.246078431372549,medium,0.31112749003984064,0,1.4342629482071714,8.88972111553785,1.3779442231075696,1.1334581673306774,3.4060756972111554,3.664382470119522,0.20105976095617528,NA,0.88,NA,2026,NA,NA,FALSE,TRUE
9z5k36ra5A,asa_9z5k36ra5A_mls_eval_blended,Loïc Mesanvi,loic mesanvi,2003-10-06,Togo,FW,NA,21.73579739904175,mls,kRQand1MKZ,FW,pressing_striker,asa_live,-0.45819755244755245,2024→2025 g+/90 change (longer-term trend),blended,2025+2026 season to date,26,0.02,low,0,0,0,7.556923076923078,1.1113846153846154,0.9335384615384614,2.7836538461538463,1.8076923076923077,-0.023538461538461543,NA,0.7203,NA,2026,83613,2,FALSE,TRUE
9z5k3O7J5A,asa_9z5k3O7J5A_mls_eval_blended,Marcelo Morales,marcelo morales,2003-06-06,Chile,FB,NA,22.069815195071868,mls,a2lqRX2Mr0,FB,overlapping_fullback,asa_live,0,Insufficient multi-season history for trend,blended,2025+2026 season to date,214,0.024477124183006533,low,0.03246728971962617,0,1.2616822429906542,8.926915887850468,1.3853831775700933,1.1390373831775702,4.782126168224299,2.924766355140187,0.14257009345794394,NA,0.88,NA,2026,447375,3,FALSE,TRUE
9z5k3nlg5A,asa_9z5k3nlg5A_mls_eval_blended,Anisse Saidi,anisse saidi,2008-06-20,USA,CM,NA,17.02943189596167,mls,zeQZBOzQKw,CM,ball_winning_midfielder,asa_live,0.21413571428571426,2025→2026 YTD g+/90 change (short-term; 2026 incomplete),blended,2025+2026 season to date,35,0.02,low,0.03564,0,0.38571428571428573,8.091028571428572,1.2182057142857143,1.0136542857142856,3.485035714285714,2.5208285714285714,0.03887035714285714,NA,0.795,NA,2026,101915,2,FALSE,TRUE
9z5k3r7a5A,asa_9z5k3r7a5A_mls_eval_blended,Christopher Cupps,christopher cupps,2008-05-26,USA,CB,NA,17.097878165639973,mls,X0Oq66zq6D,CB,progressive_center_back,asa_live,-0.14039367816091952,2025→2026 YTD g+/90 change (short-term; 2026 incomplete),blended,2025+2026 season to date,275.4,0.05601307189542483,low,0,0,0,10.831835249042145,1.7663670498084292,1.424775287356322,3.865915948275862,2.266324712643678,0.07852428160919539,NA,0.85,NA,2026,116186,2,FALSE,TRUE
9z5k71be5A,asa_9z5k71be5A_mls_eval_blended,Dave Romney,dave romney,1993-06-12,USA,CB,NA,32.05201916495551,mls,0KPqjA456v,CB,progressive_center_back,asa_live,-0.017890193454303815,2024→2025 g+/90 change (longer-term trend),blended,2025+2026 season to date,1182.9457364341085,0.7105228758169934,high,0.02313188454387516,0,0.34792282605382674,9.40388369045079,1.4807767380901582,1.2105825535676187,4.284810189277333,2.6770346551251185,0.10050585205279039,NA,0.7575193798449613,NA,2026,962375,4,FALSE,TRUE
9z5k76Yd5A,asa_9z5k76Yd5A_mls_eval_blended,Alexandros Katranis,alexandros katranis,1998-05-04,Greece,FB,NA,27.159479808350444,mls,a2lqR4JMr0,FB,overlapping_fullback,asa_live,0.007563780354362434,2024→2025 g+/90 change (longer-term trend),blended,2025+2026 season to date,992.7951967978653,0.5042810457516339,medium,0.04322016621931084,0,0.9137606318919418,8.290164920232177,1.2580329840464355,1.0435247380348267,3.4715856039491992,2.5843825014732307,0.0716990938455678,NA,0.68,NA,2026,519875,3,FALSE,TRUE
9z5k7kBJ5A,asa_9z5k7kBJ5A_mls_eval_blended,Sigurd Rosted,sigurd rosted,1994-07-22,Norway,CB,NA,30.94318959616701,mls,kRQabn8MKZ,CB,progressive_center_back,asa_live,0.08196259669622583,2024→2025 g+/90 change (longer-term trend),blended,2025+2026 season to date,2826,0.323235294117647,medium,0.029340764331210193,0,0.3503184713375796,11.161019108280254,1.832203821656051,1.4741528662420382,4.1065286624203825,2.2172611464968153,0.1369968152866242,NA,0.88,NA,2026,805000,4,FALSE,TRUE
9z5k7rej5A,asa_9z5k7rej5A_mls_eval_blended,Brandon Vázquez,brandon vazquez,1998-10-14,NA,FW,NA,26.713210130047912,mls,gpMOLwl5zy,FW,pressing_striker,asa_live,0.04318752272899118,2025→2026 YTD g+/90 change (short-term; 2026 incomplete),blended,2025+2026 season to date,961,0.5123856209150327,high,0.4191032416791485,0,2.644152749104742,9.87970118472009,1.5759402369440179,1.2819551777080134,2.053039087221814,2.64381718604501,0.31136231352689103,NA,0.68,NA,2026,3701778,5,FALSE,TRUE
9z5kNOEdMA,asa_9z5kNOEdMA_mls_eval_blended,Michael Sullivan,michael sullivan,2003-03-03,USA,CM,NA,22.32991101984942,mls,kRQabn8MKZ,CM,ball_winning_midfielder,asa_live,0,Insufficient multi-season history for trend,blended,2025+2026 season to date,14,0.02,low,0,0,0,8,1.2,1,3.4982142857142855,2.525714285714286,0.021214285714285713,NA,0.68,NA,2026,NA,NA,FALSE,TRUE
9z5kWANg5A,asa_9z5kWANg5A_mls_eval_blended,Pedrinho,pedrinho,2006-06-28,Brazil,W,NA,20.008213552361397,mls,jYQJ8EW5GR,W,transition_winger,asa_live,0,Insufficient multi-season history for trend,blended,2025+2026 season to date,12,0.02,low,0,0,0,8.54,1.308,1.081,0.7687499999999998,7.75,0.4372500000000001,NA,0.68,NA,2026,NA,NA,FALSE,TRUE
9z5kWdVP5A,asa_9z5kWdVP5A_mls_eval_blended,Lovens Delinois,lovens delinois,2004-10-05,Haiti,W,NA,21.73579739904175,mls,zeQZkL1MKw,W,transition_winger,asa_live,0,Insufficient multi-season history for trend,blended,2025+2026 season to date,40,0.02,low,0.140625,0,4.5,8.72,1.3439999999999999,1.108,-1.3706250000000004,-0.6589999999999998,-0.117225,NA,0.68,NA,2026,NA,NA,FALSE,TRUE
9z5ka8adQA,asa_9z5ka8adQA_mls_eval_blended,Ryan Gauld,ryan gauld,1995-12-16,Scotland,W,NA,29.541409993155373,mls,lgpMOvnQzy,W,transition_winger,asa_live,-0.01993639557883442,2024→2025 g+/90 change (longer-term trend),blended,2025+2026 season to date,786,0.31107843137254904,medium,0.3488760243283302,0,2.529686355350359,10.07871475543895,1.6157429510877899,1.3118072133158423,4.6154720428642015,3.0615361943540558,0.3742382830468337,NA,0.7857873485868103,NA,2026,3675000,5,FALSE,TRUE
9z5ka91bQA,asa_9z5ka91bQA_mls_eval_blended,Sergi Roberto,sergi roberto,1992-02-07,Spain,CM,NA,34.39561943874059,mls,kaDQ0wRqEv,CM,ball_winning_midfielder,asa_live,0,Insufficient multi-season history for trend,blended,2025+2026 season to date,318,0.10392156862745099,low,0.07310377358490565,0,1.1320754716981132,12.28377358490566,2.056754716981132,1.642566037735849,3.220754716981132,2.7875471698113206,0.16463207547169811,NA,0.8799999999999999,NA,2026,NA,NA,FALSE,TRUE
9z5karAKQA,asa_9z5karAKQA_mls_eval_blended,Nick Hagglund,nick hagglund,1992-09-14,USA,CB,NA,32.79397672826831,mls,NWMWlBK5lz,CB,progressive_center_back,asa_live,0.01846368582114924,2024→2025 g+/90 change (longer-term trend),blended,2025+2026 season to date,1269,0.5927941176470588,high,0.05702571652521599,0,0.7082906437057631,11.402067068462909,1.8804134136925816,1.5103100602694364,4.559242610168596,2.4513000642913134,0.18375493267026188,NA,0.8800000000000001,NA,2026,130067,2,FALSE,TRUE
9z5kawdYQA,asa_9z5kawdYQA_mls_eval_blended,Paulo Díaz,paulo diaz,1994-08-25,Chile,CB,NA,31.849418206707735,mls,KAqBN0Vqbg,CB,progressive_center_back,asa_live,0,Insufficient multi-season history for trend,blended,2025+2026 season to date,468,0.15294117647058825,medium,0.013250000000000001,0,0.38461538461538464,15.666923076923077,2.7333846153846153,2.1500384615384616,3.9288461538461537,2.521153846153846,0.24549999999999997,NA,0.8799999999999999,NA,2026,NA,NA,FALSE,TRUE
9z5kb8dJMA,asa_9z5kb8dJMA_mls_eval_blended,Raul Gustavo,raul gustavo,1999-04-24,Brazil,FB,NA,26.187542778918548,mls,Vj58weDM8n,FB,overlapping_fullback,asa_live,-0.051565988180734545,2025→2026 YTD g+/90 change (short-term; 2026 incomplete),blended,2025+2026 season to date,1547,0.6052941176470589,medium,0.025103691772516257,0,0.4490390857534817,9.25194375375118,1.4503887507502358,1.1877915630626767,4.094945248098382,2.4615814357981898,0.09279978809666711,NA,0.8176947040498441,NA,2026,812960,4,FALSE,TRUE
9z5kbYGaMA,asa_9z5kbYGaMA_mls_eval_blended,Adrian Gill,adrian gill,2006-01-03,USA,CM,NA,20.490075290896645,mls,KAqBN0Vqbg,CM,ball_winning_midfielder,asa_live,0,Insufficient multi-season history for trend,blended,2025+2026 season to date,379,0.1238562091503268,low,0.007551451187335093,0,0.47493403693931396,13.314511873350924,2.2629023746701846,1.7971767810026384,3.7753298153034303,2.6139841688654353,0.1865540897097625,NA,0.88,NA,2026,88025,2,FALSE,TRUE
9z5kbnmdMA,asa_9z5kbnmdMA_mls_eval_blended,Lasse Berg Johnsen,lasse berg johnsen,1999-08-18,Norway,CM,NA,26.869267624914443,mls,Z2vQ1xlqrA,CM,ball_winning_midfielder,asa_live,0,Insufficient multi-season history for trend,blended,2025+2026 season to date,2060,0.673202614379085,medium,0.03504757281553399,0,0.5242718446601942,10.837708737864077,1.7675417475728155,1.4256563106796116,4.425582524271844,2.9829417475728155,0.17712087378640778,NA,0.88,NA,2026,1191250,4,FALSE,TRUE
9z5kbwEdMA,asa_9z5kbwEdMA_mls_eval_blended,Nelson Pierre,nelson pierre,2005-03-22,USA,FW,NA,20.27652292950034,mls,lgpMOvnQzy,FW,pressing_striker,asa_live,0,Insufficient multi-season history for trend,blended,2025+2026 season to date,57,0.02,low,0.7493684210526316,0,1.5789473684210527,10.109473684210526,1.6218947368421055,1.316421052631579,2.830263157894737,2.676842105263158,0.13957894736842105,NA,0.8800000000000001,NA,2026,118116,2,FALSE,TRUE
BLMv1GlQxe,asa_BLMv1GlQxe_mls_eval_blended,Albert Rusnák,albert rusnak,1994-07-07,Slovakia,W,NA,30.98425735797399,mls,jYQJ19EqGR,W,transition_winger,asa_live,0.04127845777650185,2024→2025 g+/90 change (longer-term trend),blended,2025+2026 season to date,2144,1,high,0.2612615819275135,0,2.084045017431386,8.797150143896676,1.359430028779335,1.1195725215845014,4.273440388170055,3.1490088677788437,0.22450732352184188,NA,0.88,NA,2026,2685000,5,FALSE,TRUE
BLMv6ZyRMx,asa_BLMv6ZyRMx_mls_eval_blended,Niko Tsakiris,niko tsakiris,2005-06-19,USA,CM,NA,20.032854209445585,mls,0KPqjA456v,CM,ball_winning_midfielder,asa_live,0.14616925447890577,2024→2025 g+/90 change (longer-term trend),blended,2025+2026 season to date,1656,0.5909313725490196,medium,0.21599336982612258,0,1.4151689011182016,9.166504888472573,1.4333009776945143,1.1749757332708857,4.2098223171945435,2.9712964697617235,0.21305115332825947,NA,0.88,NA,2026,755214,4,FALSE,TRUE
BLMv6dWAMx,asa_BLMv6dWAMx_mls_eval_blended,Andrew Baiera,andrew baiera,2007-02-28,USA,FB,NA,19.33744010951403,mls,Vj58weDM8n,FB,overlapping_fullback,asa_live,0,Insufficient multi-season history for trend,blended,2025+2026 season to date,48,0.02,low,0,0,0,9.1325,1.4264999999999999,1.169875,4.5328125,2.54125,0.126,NA,0.88,NA,2026,119336,2,FALSE,TRUE
BLMv6j1AMx,asa_BLMv6j1AMx_mls_eval_blended,Djé D'Avilla,dje davilla,2003-05-05,Ivory Coast,CM,NA,22.157426420260094,mls,X0Oq66zq6D,CM,ball_winning_midfielder,asa_live,0.031222964476654222,2025→2026 YTD g+/90 change (short-term; 2026 incomplete),blended,2025+2026 season to date,2003,0.8351797385620915,high,0.03929380274819549,0,0.4733604699303216,10.441065792072562,1.6882131584145124,1.3661598688108842,3.496850413902222,2.5428294225190644,0.09356965836987823,NA,0.88,NA,2026,685486,3,FALSE,TRUE
BLMv6jROMx,asa_BLMv6jROMx_mls_eval_blended,Julián Fernández,julian fernandez,2004-01-30,Argentina,W,NA,21.418206707734427,mls,Vj58weDM8n,W,transition_winger,asa_live,0.07932978743868427,2024→2025 g+/90 change (longer-term trend),blended,2025+2026 season to date,1665,0.19044117647058822,medium,0.1920702702702703,0,2.2162162162162162,10.568216216216214,1.7136432432432431,1.3852324324324323,4.146216216216216,3.223891891891892,0.27604864864864864,NA,0.68,NA,2026,724300,4,FALSE,TRUE
BLMv7DLA5x,asa_BLMv7DLA5x_mls_eval_blended,Darren Yapi,darren yapi,2004-11-19,USA,FW,NA,20.61327857631759,mls,pzeQZ6xQKw,FW,pressing_striker,asa_live,-0.06644861063069293,2024→2025 g+/90 change (longer-term trend),blended,2025+2026 season to date,1490,0.6691339869281046,high,0.3044349637540954,0,1.5921884271083249,9.050313133658385,1.4100626267316771,1.157546970048758,2.189238449036452,2.5542857363981115,0.214115708278513,NA,0.68,NA,2026,820000,4,FALSE,TRUE
BLMv7L435x,asa_BLMv7L435x_mls_eval_blended,Andrés Reyes,andres reyes,1999-09-08,Colombia,CB,NA,25.812457221081452,mls,zeQZBOzQKw,CB,progressive_center_back,asa_live,-0.5909577732141866,2024→2025 g+/90 change (longer-term trend),blended,2025+2026 season to date,43,0.02,low,0,0,0,10.779534883720931,1.7559069767441857,1.4169302325581397,4.574999999999999,2.6172093023255814,-0.4943720930232558,NA,0.8800000000000001,NA,2026,807000,4,FALSE,TRUE
BLMv7oaB5x,asa_BLMv7oaB5x_mls_eval_blended,Djibril Diani,djibril diani,1998-02-11,France,CM,NA,27.38398357289528,mls,NPqxKXZ59d,CM,ball_winning_midfielder,asa_live,-0.01016981580510995,2024→2025 g+/90 change (longer-term trend),blended,2025+2026 season to date,1388,0.6388888888888888,high,0.11477213707960833,0,0.7407407407407407,10.568309919114517,1.7136619838229032,1.3852464878671775,2.8484128884631756,2.8377703277990634,0.12196477224350788,NA,0.8799999999999999,NA,2026,387944,3,FALSE,TRUE
BLMv7ygB5x,asa_BLMv7ygB5x_mls_eval_blended,César Araújo,cesar araujo,2001-04-02,Uruguay,CM,NA,24.246406570841888,mls,jYQJ8EW5GR,CM,ball_winning_midfielder,asa_live,0.01869366582193807,2024→2025 g+/90 change (longer-term trend),blended,2025+2026 season to date,2101,0.24031045751633984,medium,0.037357924797715374,0,0.8138981437410757,10.32552118039029,1.665104236078058,1.3488281770585435,4.38127082341742,2.4853498334126605,0.1513165159447882,NA,0.88,NA,2026,548000,3,FALSE,TRUE
BLMvkAAR5x,asa_BLMvkAAR5x_mls_eval_blended,Danley Jean Jacques,danley jean jacques,2000-05-20,Haiti,CM,NA,25.114305270362767,mls,9z5k7Yg5A3,CM,ball_winning_midfielder,asa_live,0.10676941534917267,2024→2025 g+/90 change (longer-term trend),blended,2025+2026 season to date,2426,1,high,0.16840778473561488,0,1.2017233244311702,10.151434225534702,1.6302868451069406,1.3227151338302052,3.685666333789894,2.628812591903765,0.1780864708496145,NA,0.88,NA,2026,702500,4,FALSE,TRUE
BLMvl1JWqx,asa_BLMvl1JWqx_mls_eval_blended,Allan Saint-Maximin,allan saintmaximin,1997-03-12,France,W,NA,29.30321697467488,mls,NPqxKXZ59d,W,transition_winger,asa_live,0,Insufficient multi-season history for trend,blended,2025+2026 season to date,737,0.24084967320261438,medium,0.11537584803256444,0,2.564450474898236,9.59875169606513,1.5197503392130258,1.2398127544097692,5.423710990502036,4.573785617367706,0.33416010854816824,NA,0.8800000000000001,NA,2026,NA,NA,FALSE,TRUE
BLMvrD73Mx,asa_BLMvrD73Mx_mls_eval_blended,Kimito Nono,kimito nono,2002-03-26,Japan,W,NA,24.265571526351813,mls,EKXMeX3Q64,W,transition_winger,asa_live,0,Insufficient multi-season history for trend,blended,2025+2026 season to date,727,0.23758169934640522,medium,0.3320591471801926,0,1.8569463548830811,11.559889958734525,1.9119779917469049,1.5339834938101786,4.002441540577717,3.331416781292985,0.3323191196698762,NA,0.88,NA,2026,NA,NA,FALSE,TRUE
BLMvzGl8Mx,asa_BLMvzGl8Mx_mls_eval_blended,Wilson Harris,wilson harris,1999-11-28,USA,FW,NA,26.590006844626966,mls,19vQ2095K6,FW,pressing_striker,asa_live,0,Insufficient multi-season history for trend,blended,2025+2026 season to date,254,0.08300653594771241,low,0.20852362204724412,0,1.7716535433070866,7.356535433070866,1.0713070866141732,0.9034803149606299,0.19635826771653564,-0.7052755905511807,-0.06898818897637796,NA,0.68,NA,2026,NA,NA,FALSE,TRUE
BLMvzKKjMx,asa_BLMvzKKjMx_mls_eval_blended,Andrew Brody,andrew brody,1995-05-03,USA,FB,NA,30.16290212183436,mls,Z2vQ1xlqrA,FB,overlapping_fullback,asa_live,0.026483154136031826,2024→2025 g+/90 change (longer-term trend),blended,2025+2026 season to date,556,0.06359477124183006,low,0.017886690647482016,0,0.1618705035971223,10.002014388489208,1.6004028776978416,1.3003021582733814,2.8029226618705034,2.9292805755395683,0.08651978417266186,NA,0.88,NA,2026,300678,3,FALSE,TRUE
BLMvzyGjMx,asa_BLMvzyGjMx_mls_eval_blended,Emmanuel Latte Lath,emmanuel latte lath,1999-01-01,Ivory Coast,FW,NA,26.496919917864478,mls,KAqBN0Vqbg,FW,pressing_striker,asa_live,-0.0019446999930056996,2025→2026 YTD g+/90 change (short-term; 2026 incomplete),blended,2025+2026 season to date,1025,0.6141666666666666,high,0.3767215766881001,0,2.119957964483551,9.3644191724703,1.4728838344940596,1.2046628758705449,1.0123987674331618,2.328558616390289,0.1886740316691306,NA,0.798840579710145,NA,2026,3736000,5,FALSE,TRUE
EGMP1jAA5a,asa_EGMP1jAA5a_mls_eval_blended,Frankie Amaya,frankie amaya,2000-09-26,USA,CM,NA,24.761122518822724,mls,eVq3ya6MWO,CM,ball_winning_midfielder,asa_live,-0.022558991632142894,2024→2025 g+/90 change (longer-term trend),blended,2025+2026 season to date,521.05,0.07665032679738562,low,0.08116737357259379,0,0.8735725938009787,9.967708319738989,1.5935416639477975,1.2951562479608483,2.663208401305057,2.348858727569331,0.08399884991843395,NA,0.8800000000000001,NA,2026,574000,3,FALSE,TRUE
EGMP1vxy5a,asa_EGMP1vxy5a_mls_eval_blended,Kristoffer Velde,kristoffer velde,1999-09-09,Norway,W,NA,25.809719370294317,mls,WBLMvYAQxe,W,transition_winger,asa_live,-0.1183928553184968,2025→2026 YTD g+/90 change (short-term; 2026 incomplete),blended,2025+2026 season to date,2508,0.9481699346405229,high,0.23858455396206987,0,3.044901092464568,9.7189184512029545,1.5437836902405908,1.2578377676804429,3.3737883660510644,3.926768687711326,0.3010228476850578,NA,0.7188622194513716,NA,2026,3027000,5,FALSE,TRUE
EGMP1wzA5a,asa_EGMP1wzA5a_mls_eval_blended,Tate Schmitt,tate schmitt,1997-05-28,USA,FB,NA,28.093086926762492,mls,vzqoOgNqap,FB,overlapping_fullback,asa_live,-0.18615773405698782,2024→2025 g+/90 change (longer-term trend),blended,2025+2026 season to date,44,0.02,low,0.058295454545454546,0,2.0454545454545454,5.709090909090909,0.7418181818181817,0.6563636363636364,3.7721590909090907,0.5200000000000002,-0.07281818181818182,NA,0.88,NA,2026,104000,2,FALSE,TRUE
EGMPR64xqa,asa_EGMPR64xqa_mls_eval_blended,Noah Cobb,noah cobb,2005-07-20,NA,CB,NA,19.94798083504449,mls,"c(""pzeQZ6xQKw"", ""KAqBN0Vqbg"")",CB,progressive_center_back,asa_live,0.011043929508932723,2024→2025 g+/90 change (longer-term trend),blended,2025+2026 season to date,545,0.2826470588235294,medium,0.022886209169281066,0,0.3106693733357939,9.386700271545703,1.4773400543091404,1.2080050407318552,4.590649336953943,2.5027213624739657,0.11871864701695184,NA,0.88,NA,2026,130000.04,2,FALSE,TRUE
EGMPRAgxqa,asa_EGMPRAgxqa_mls_eval_blended,Dylan Borso,dylan borso,2006-06-02,USA,FB,NA,20.079397672826833,mls,X0Oq66zq6D,FB,overlapping_fullback,asa_live,0,Insufficient multi-season history for trend,blended,2025+2026 season to date,116,0.03790849673202614,low,0.1385689655172414,0,2.3275862068965516,20.854482758620687,3.770896551724138,2.9281724137931033,1.1941810344827588,4.382241379310345,0.39576724137931035,NA,0.68,NA,2026,121400,2,FALSE,TRUE
EGMPREorqa,asa_EGMPREorqa_mls_eval_blended,Luca Moisa,luca moisa,2008-04-20,USA,CM,NA,18.195756331279945,mls,a2lqR4JMr0,CM,ball_winning_midfielder,asa_live,0,Insufficient multi-season history for trend,blended,2025+2026 season to date,473,0.15457516339869282,medium,0.03179492600422833,0,0.9513742071881607,10.163044397463002,1.6326088794926004,1.3244566596194502,3.0147463002114163,3.243213530655391,0.1336109936575053,NA,0.88,NA,2026,113400,2,FALSE,TRUE
EGMPRNwVqa,asa_EGMPRNwVqa_mls_eval_blended,Igor Jesus,igor jesus,2003-03-07,Brazil,CM,NA,22.31895961670089,mls,eVq3ya6MWO,CM,ball_winning_midfielder,asa_live,-0.18155031047265988,2025→2026 YTD g+/90 change (short-term; 2026 incomplete),blended,2025+2026 season to date,1763.75,0.2713235294117647,medium,0.03331713253012048,0,0.553012048192771,9.136624096385543,1.4273248192771084,1.1704936144578315,3.730548673540315,2.3861929981464316,0.08309661005560703,NA,0.85,NA,2026,691684,3,FALSE,TRUE
EGMPROvAqa,asa_EGMPROvAqa_mls_eval_blended,Alisa Randell,alisa randell,2007-08-25,USA,CM,NA,17.8507871321013,mls,kRQand1MKZ,CM,ball_winning_midfielder,asa_live,0,Insufficient multi-season history for trend,blended,2025+2026 season to date,81,0.02,low,0,0,0,12.333333333333334,2.0666666666666664,1.6500000000000001,3.2444444444444445,1.031111111111111,0.09566666666666666,NA,0.88,NA,2026,91016,2,FALSE,TRUE
EGMPRgDAqa,asa_EGMPRgDAqa_mls_eval_blended,Brayan Ceballos,brayan ceballos,2001-05-24,Colombia,CB,NA,24.10403832991102,mls,19vQ2095K6,CB,progressive_center_back,asa_live,-0.01552729788095561,2025→2026 YTD g+/90 change (short-term; 2026 incomplete),blended,2025+2026 season to date,1116,0.6927450980392158,high,0.0414211011372643,0,0.3312950435920594,11.092165133725324,1.8184330267450646,1.4638247700587985,3.885048004257829,2.54712711739443,0.13665454675317493,NA,0.8800000000000001,NA,2026,855625,4,FALSE,TRUE
EGMPRpB0qa,asa_EGMPRpB0qa_mls_eval_blended,Luca Langoni,luca langoni,2002-02-09,Argentina,W,NA,23.38945927446954,mls,19vQ2095K6,W,transition_winger,asa_live,-0.015158838682817005,2024→2025 g+/90 change (longer-term trend),blended,2025+2026 season to date,1069,0.5572875816993463,high,0.17968145005568958,0,1.8008160341189574,9.5299721831991,1.5059944366398201,1.229495827479865,2.1838810873738588,3.244780683834353,0.19422088890630157,NA,0.68,NA,2026,787283,4,FALSE,TRUE
EGMPRw86qa,asa_EGMPRw86qa_mls_eval_blended,Matthew Dos Santos,matthew dos santos,2008-06-05,USA,FB,NA,18.069815195071868,mls,a2lqRX2Mr0,FB,overlapping_fullback,asa_live,0,Insufficient multi-season history for trend,blended,2025+2026 season to date,1760,0.5751633986928104,medium,0.027127840909090907,0,0.4602272727272727,9.561704545454546,1.512340909090909,1.2342556818181818,3.5231250000000003,2.5079772727272727,0.07333977272727273,NA,0.68,NA,2026,104756,2,FALSE,TRUE
EGMPRxGrqa,asa_EGMPRxGrqa_mls_eval_blended,Liam Mackenzie,liam mackenzie,2007-03-15,Canada,W,NA,18.297056810403834,mls,lgpMOvnQzy,W,transition_winger,asa_live,0,Insufficient multi-season history for trend,blended,2025+2026 season to date,69,0.02,low,0,0,0,9.252173913043478,1.4504347826086956,1.1878260869565218,2.5108695652173916,1.2556521739130435,-0.03769565217391304,NA,0.68,NA,2026,96047,2,FALSE,TRUE
EGMPRxR4qa,asa_EGMPRxR4qa_mls_eval_blended,Willy Kumado,willy kumado,2002-10-16,Ghana,FB,NA,22.70773442847365,mls,zeQZBOzQKw,FB,overlapping_fullback,asa_live,0.02102804838182412,2025→2026 YTD g+/90 change (short-term; 2026 incomplete),blended,2025+2026 season to date,742.9,0.11140522875816992,low,0.003536155606407322,0,0.08752860411899313,10.654917620137299,1.7309835240274598,1.3982376430205952,2.464391508662962,2.8380248774109185,0.06261187316116379,NA,0.7100000000000001,NA,2026,125835,2,FALSE,TRUE
EGMPYRXV5a,asa_EGMPYRXV5a_mls_eval_blended,Musu,musu,NA,USA,W,NA,26,mls,Vj58weDM8n,W,transition_winger,asa_live,0,Insufficient multi-season history for trend,blended,2025+2026 season to date,20,0.02,low,1.87425,0,13.5,8.27,1.254,1.0405,5.5649999999999995,2.671,1.0052999999999999,NA,0.8800000000000001,NA,2026,NA,NA,FALSE,TRUE
EGMPYkGA5a,asa_EGMPYkGA5a_mls_eval_blended,Kieran Chandler,kieran chandler,2005-06-09,USA,FB,NA,20.060232717316907,mls,kRQand1MKZ,FB,overlapping_fullback,asa_live,0.006485294117647054,2025→2026 YTD g+/90 change (short-term; 2026 incomplete),blended,2025+2026 season to date,57.8,0.02,low,0,0,0,11.09255882352941,1.8185117647058822,1.4638838235294116,2.4330330882352937,2.493117647058823,0.05642867647058823,NA,0.68,NA,2026,88025,2,FALSE,TRUE
EGMPZ0m3qa,asa_EGMPZ0m3qa_mls_eval_blended,Juan Mosquera,juan mosquera,2002-09-05,Colombia,FB,NA,22.819986310746064,mls,WBLMvYAQxe,FB,overlapping_fullback,asa_live,0.019993251025777856,2024→2025 g+/90 change (longer-term trend),blended,2025+2026 season to date,2384.25,0.3486111111111111,medium,0.06362342245989304,0,0.8903743315508021,10.182877005347594,1.6365754010695186,1.3274315508021388,3.5145681818181815,2.8244684491978607,0.13914,NA,0.88,NA,2026,541650,3,FALSE,TRUE
EGMPZZa3qa,asa_EGMPZZa3qa_mls_eval_blended,Peter Kingston,peter kingston,2001-07-14,USA,W,NA,23.964407939767284,mls,jYQJ19EqGR,W,transition_winger,asa_live,0.10605496987951808,2025→2026 YTD g+/90 change (short-term; 2026 incomplete),blended,2025+2026 season to date,996,0.3273202614379085,medium,0.03192983490566038,0,0.5306603773584906,7.576851415094341,1.1153702830188679,0.9365277122641509,3.5842570754716983,1.979660966981132,0.02684478183962265,NA,0.7974528301886793,NA,2026,113400,2,FALSE,TRUE
EGMPZlYrqa,asa_EGMPZlYrqa_mls_eval_blended,Jansen Miller,jansen miller,2002-02-10,USA,CB,NA,23.38672142368241,mls,Z2vQ1xlqrA,CB,progressive_center_back,asa_live,-0.10676295619739865,2025→2026 YTD g+/90 change (short-term; 2026 incomplete),blended,2025+2026 season to date,1219.8666666666668,0.5604248366013073,medium,0.033257678653404746,0,0.28067329762815607,11.934204315225706,1.9868408630451415,1.5901306472838561,3.2409280030604437,2.473313542463657,0.13117146289211937,NA,0.68,NA,2026,89705,2,FALSE,TRUE
EGMPlOjkMa,asa_EGMPlOjkMa_mls_eval_blended,Felipe Mora,felipe mora,1993-08-02,Chile,FW,NA,31.912388774811774,mls,WBLMvYAQxe,FW,pressing_striker,asa_live,-0.1829766205182121,2024→2025 g+/90 change (longer-term trend),blended,2025+2026 season to date,1168.7299035369774,0.4153431372549019,medium,0.4125188351366288,0,1.8930461787112565,9.24774464468447,1.4495489289368941,1.1871616967026708,1.2339697761581059,1.65620160013128,0.18060215427891144,NA,0.6799999999999999,NA,2026,1397750,4,FALSE,TRUE
EGMPn03kqa,asa_EGMPn03kqa_mls_eval_blended,Isaiah Parente,isaiah parente,2000-03-16,USA,CM,NA,25.29226557152635,mls,kaDQ0wRqEv,CM,ball_winning_midfielder,asa_live,-0.0469391754818142,2024→2025 g+/90 change (longer-term trend),blended,2025+2026 season to date,829.5302013422818,0.2534640522875817,medium,0.016881810311926947,0,0.4283759506278565,10.42078544899422,1.6841570897988438,1.3631178173491327,3.1680921818131043,2.6336812220164014,0.10407804224185276,NA,0.8799999999999999,NA,2026,113400,2,FALSE,TRUE
EGMPn164qa,asa_EGMPn164qa_mls_eval_blended,Wilder Cartagena,wilder cartagena,1994-09-23,Peru,CM,NA,31.770020533880903,mls,jYQJ8EW5GR,CM,ball_winning_midfielder,asa_live,0,Insufficient multi-season history for trend,blended,2025+2026 season to date,281,0.09183006535947713,low,0.05646619217081851,0,0.9608540925266904,6.807259786476869,0.9614519572953737,0.8210889679715303,3.694217081850534,2.873451957295374,0.02603914590747331,NA,0.88,NA,2026,530250,3,FALSE,TRUE
EGMPnReVqa,asa_EGMPnReVqa_mls_eval_blended,Anderson Julio,anderson julio,1996-05-31,Ecuador,W,NA,29.084188911704313,mls,mKAqBBmqbg,W,transition_winger,asa_live,-0.1076411051111342,2024→2025 g+/90 change (longer-term trend),blended,2025+2026 season to date,1578.45,0.2470424836601307,medium,0.1710962972841162,0,1.6103956472703993,9.123674246349864,1.424734849269973,1.1685511369524797,2.8741251866979614,2.444482076995763,0.1560928224159478,NA,0.68,NA,2026,820000,4,FALSE,TRUE
EGMPnxNAqa,asa_EGMPnxNAqa_mls_eval_blended,Nykolas Sessock,nykolas sessock,2000-06-17,USA,FB,NA,25.037645448323065,mls,KAqBN0Vqbg,FB,overlapping_fullback,asa_live,0,Insufficient multi-season history for trend,blended,2025+2026 season to date,9,0.02,low,0,0,0,8,1.2,1,-0.75,2.14,-0.166,NA,0.8268,NA,2026,104000,2,FALSE,TRUE
EGMPrOV0qa,asa_EGMPrOV0qa_mls_eval_blended,Seth Antwi,seth antwi,NA,Ghana,CM,NA,26,mls,wvq9B9wQWn,CM,ball_winning_midfielder,asa_live,0,Insufficient multi-season history for trend,blended,2025+2026 season to date,22,0.02,low,0,0,0,21.22181818181818,3.844363636363636,2.9832727272727273,3.214772727272727,2.5,0.3346363636363636,NA,0.68,NA,2026,104000,2,FALSE,TRUE
KAqB92k75b,asa_KAqB92k75b_mls_eval_blended,Franco Escobar,franco escobar,1995-02-21,Argentina,FB,NA,30.357289527720738,mls,YgOMngl5wN,FB,overlapping_fullback,asa_live,0.01586661645006074,2024→2025 g+/90 change (longer-term trend),blended,2025+2026 season to date,1803,0.20622549019607841,medium,0.0823377703826955,0,0.5990016638935108,10.039400998336104,1.6078801996672212,1.305910149750416,4.43049084858569,2.519567387687188,0.1514625623960067,NA,0.88,NA,2026,599167,3,FALSE,TRUE
KAqB96V75b,asa_KAqB96V75b_mls_eval_blended,Luis Abram,luis abram,1996-02-27,Peru,CB,NA,29.34154688569473,mls,KAqBN0Vqbg,CB,progressive_center_back,asa_live,-0.04930257819103974,2024→2025 g+/90 change (longer-term trend),blended,2025+2026 season to date,1690,0.19330065359477125,medium,9.905325443786983e-4,0,0.05325443786982249,9.51476923076923,1.502953846153846,1.2272153846153846,4.524275147928994,2.7875739644970414,0.10273313609467456,NA,0.88,NA,2026,871888,4,FALSE,TRUE
KAqB9DZX5b,asa_KAqB9DZX5b_mls_eval_blended,Richie Laryea,richie laryea,1995-01-07,Canada,FB,NA,30.480492813141684,mls,kRQabn8MKZ,FB,overlapping_fullback,asa_live,0.03554122981287733,2024→2025 g+/90 change (longer-term trend),blended,2025+2026 season to date,2166,0.8709477124183006,high,0.05403310271118858,0,0.4687495412188555,9.931924433974174,1.5863848867948351,1.2897886650961263,3.1147388152827213,3.1349183687651028,0.11925064963410062,NA,0.6800000000000002,NA,2026,1214438,4,FALSE,TRUE
KAqB9K1v5b,asa_KAqB9K1v5b_mls_eval_blended,Bartosz Slisz,bartosz slisz,1999-03-29,Poland,CM,NA,26.258726899383984,mls,KAqBN0Vqbg,CM,ball_winning_midfielder,asa_live,0.0381890637932189,2024→2025 g+/90 change (longer-term trend),blended,2025+2026 season to date,2586,0.2957843137254902,medium,0.06470185614849187,0,0.8352668213457076,10.82556844547564,1.7651136890951276,1.4238352668213456,4.490690255220418,2.9147795823665894,0.18982830626450115,NA,0.8799999999999999,NA,2026,870000,4,FALSE,TRUE
KAqB9KxB5b,asa_KAqB9KxB5b_mls_eval_blended,Brian Anunga,brian anunga,1996-08-10,Cameroon,CM,NA,28.889801505817932,mls,NWMWlBK5lz,CM,ball_winning_midfielder,asa_live,0.06042819117473087,2024→2025 g+/90 change (longer-term trend),blended,2025+2026 season to date,974.8373101952278,0.44349673202614376,medium,0.022092924091606358,0,0.34301700894033693,9.8202958487914,1.56405916975828,1.2730443773187097,2.337906386630716,2.523362053236564,0.026545786283374215,NA,0.778770788141721,NA,2026,262500,2,FALSE,TRUE
KAqB9bKv5b,asa_KAqB9bKv5b_mls_eval_blended,Joel Waterman,joel waterman,1996-01-24,Canada,CB,NA,29.43463381245722,mls,"c(""APk5LGOMOW"", ""X0Oq66zq6D"")",CB,progressive_center_back,asa_live,-0.025122900099562168,2024→2025 g+/90 change (longer-term trend),blended,2025+2026 season to date,1483,0.7719607843137254,high,0.024446707476125592,0,0.13517160688703386,11.63642162512291,1.9272843250245817,1.5454632437684366,4.923450607035838,2.5702470888247633,0.17743329535408237,NA,0.88,NA,2026,598150,3,FALSE,TRUE
KAqBNEB7qb,asa_KAqBNEB7qb_mls_eval_blended,Kieran Sargeant,kieran sargeant,2003-05-15,USA,FB,NA,23.129363449691994,mls,zeQZBOzQKw,FB,overlapping_fullback,asa_live,0,Insufficient multi-season history for trend,blended,2025+2026 season to date,1366,0.44640522875816996,medium,0.0670783308931186,0,0.4612005856515373,9.606822840409956,1.521364568081991,1.2410234260614934,2.8030014641288434,3.0911273792093708,0.11819253294289897,NA,0.68,NA,2026,122180,2,FALSE,TRUE
KAqBNEpWqb,asa_KAqBNEpWqb_mls_eval_blended,Leonardo Campana,leonardo campana,2000-07-24,Ecuador,FW,NA,24.93634496919918,mls,19vQ2095K6,FW,pressing_striker,asa_live,0.10357084036135969,2024→2025 g+/90 change (longer-term trend),blended,2025+2026 season to date,1564.85,0.2504411764705882,medium,0.38087029322980204,0,2.8807357013739856,9.435700234192037,1.4871400468384075,1.2153550351288054,2.251425204361493,1.4345845584634151,0.22440558855219456,NA,0.68,NA,2026,1617325,5,FALSE,TRUE
KAqBNL8mqb,asa_KAqBNL8mqb_mls_eval_blended,Nathan Harriel,nathan harriel,2001-04-23,USA,FB,NA,24.188911704312115,mls,9z5k7Yg5A3,FB,overlapping_fullback,asa_live,-0.014336927987427445,2024→2025 g+/90 change (longer-term trend),blended,2025+2026 season to date,2756,1,high,0.06754645424373977,0,0.6102931923996477,11.33309574367686,1.8666191487353716,1.4999643615515288,4.047244218533724,2.15719900198188,0.16076404716402415,NA,0.8394907407407409,NA,2026,421300,3,FALSE,TRUE
KAqBNbaWqb,asa_KAqBNbaWqb_mls_eval_blended,Efrain Morales,efrain morales,2004-03-04,USA,CB,NA,21.32511978097194,mls,"c(""APk5LGOMOW"", ""KAqBN0Vqbg"")",CB,progressive_center_back,asa_live,0.06714836711711712,2024→2025 g+/90 change (longer-term trend),blended,2025+2026 season to date,1448,0.5874673202614379,high,0.06318303638834365,0,0.507071317127183,9.310384350831278,1.4620768701662556,1.1965576526246917,4.613560592715621,2.1404272149244217,0.12175092271041993,NA,0.88,NA,2026,451250,3,FALSE,TRUE
KAqBNdyZqb,asa_KAqBNdyZqb_mls_eval_blended,Kelvin Yeboah,kelvin yeboah,2000-05-06,Italy,FW,NA,25.152635181382614,mls,kRQand1MKZ,FW,pressing_striker,asa_live,-0.03951459064787935,2024→2025 g+/90 change (longer-term trend),blended,2025+2026 season to date,2114,0.9757679738562092,high,0.6692245071596767,0,2.5171769757052895,8.031654048390838,1.2063308096781675,1.0047481072586257,1.587178554951343,2.710814505781581,0.270654502477576,NA,0.68,NA,2026,1562700,5,FALSE,TRUE
KAqBNnYXqb,asa_KAqBNnYXqb_mls_eval_blended,Malte Amundsen,malte amundsen,1998-02-11,Denmark,CB,NA,27.38398357289528,mls,mvzqoLZQap,CB,progressive_center_back,asa_live,0.0417164852531538,2024→2025 g+/90 change (longer-term trend),blended,2025+2026 season to date,2062,0.9336111111111111,high,0.037989126348624516,0,0.4463769003182462,10.848799990817062,1.769759998163412,1.4273199986225593,3.683240862258793,2.5421601332291326,0.1269396585286063,NA,0.88,NA,2026,747500,4,FALSE,TRUE
KAqBNnrVqb,asa_KAqBNnrVqb_mls_eval_blended,Jesús Bueno,jesus bueno,1999-04-15,Venezuela,CM,NA,26.21218343600274,mls,9z5k7Yg5A3,CM,ball_winning_midfielder,asa_live,-0.13025569753354516,2024→2025 g+/90 change (longer-term trend),blended,2025+2026 season to date,1012,0.45276143790849677,high,0.06521822145240827,0,1.1317597158598218,10.456767489423573,1.6913534978847147,1.3685151234135362,3.7244014766486524,2.6043097075388237,0.13536068897861941,NA,0.7982242990654207,NA,2026,359125,3,FALSE,TRUE
KAqBNr8Jqb,asa_KAqBNr8Jqb_mls_eval_blended,Kosi Thompson,kosi thompson,2003-01-27,Canada,FB,NA,22.425735797399042,mls,kRQabn8MKZ,FB,overlapping_fullback,asa_live,0.003252889975487519,2024→2025 g+/90 change (longer-term trend),blended,2025+2026 season to date,1089,0.6281045751633987,high,0.022374675303324237,0,0.3906224311971854,10.329163186795121,1.665832637359024,1.349374478019268,3.1587051589780684,2.581900503074343,0.08240150593496201,NA,0.8017439910564561,NA,2026,145260,2,FALSE,TRUE
KAqBNrRXqb,asa_KAqBNrRXqb_mls_eval_blended,Noah Eile,noah eile,2002-07-19,Sweden,CB,NA,22.951403148528406,mls,a2lqRX2Mr0,CB,progressive_center_back,asa_live,0.08810803261147132,2024→2025 g+/90 change (longer-term trend),blended,2025+2026 season to date,2944,0.33673202614379083,medium,0.060939538043478264,0,0.5808423913043478,13.345217391304347,2.2690434782608695,1.8017826086956519,4.606105638586957,3.127554347826087,0.2563868885869565,NA,0.8799999999999999,NA,2026,493200,3,FALSE,TRUE
KAqBjOz4qb,asa_KAqBjOz4qb_mls_eval_blended,Brad Smith,brad smith,1994-04-09,Australia,FB,NA,31.227926078028748,mls,NWMWlBK5lz,FB,overlapping_fullback,asa_live,-0.03384103342046303,2024→2025 g+/90 change (longer-term trend),blended,2025+2026 season to date,416,0.04758169934640523,low,0.08746875,0,0.4326923076923077,9.762788461538461,1.5525576923076925,1.2644182692307693,2.6760216346153842,1.5515384615384618,0.0417764423076923,NA,0.88,NA,2026,114000,2,FALSE,TRUE
KAqBjWZBqb,asa_KAqBjWZBqb_mls_eval_blended,Jonathan Osorio,jonathan osorio,1992-06-12,Canada,CM,NA,33.05133470225873,mls,kRQabn8MKZ,CM,ball_winning_midfielder,asa_live,0.027744926458344893,2024→2025 g+/90 change (longer-term trend),blended,2025+2026 season to date,1878,0.859640522875817,high,0.07777172677575911,0,0.6357010121420967,10.688510292817579,1.737702058563516,1.403276543922637,3.338709699244051,2.2670606383170657,0.11956139607050717,NA,0.88,NA,2026,1083333,4,FALSE,TRUE
KAqBjYjvqb,asa_KAqBjYjvqb_mls_eval_blended,Derrick Williams,derrick williams,1993-01-17,Republic of Ireland,CB,NA,32.4517453798768,mls,KAqBN0Vqbg,CB,progressive_center_back,asa_live,-0.02266867023877231,2024→2025 g+/90 change (longer-term trend),blended,2025+2026 season to date,1485,0.1698529411764706,medium,0.06765454545454547,0,0.48484848484848486,9.389818181818182,1.4779636363636361,1.2084727272727274,4.674848484848485,2.5063030303030303,0.14904848484848485,NA,0.88,NA,2026,497500,3,FALSE,TRUE
KAqBjgDAqb,asa_KAqBjgDAqb_mls_eval_blended,Ramiro,ramiro,1993-05-22,Brazil,CM,NA,32.10951403148528,mls,mKAqBBmqbg,CM,ball_winning_midfielder,asa_live,-0.026266560983111836,2025→2026 YTD g+/90 change (short-term; 2026 incomplete),blended,2025+2026 season to date,1791,0.90109477124183,high,0.025881046159509983,0,0.41626130782152215,10.118721482087416,1.623744296417483,1.3178082223131125,4.010259847439191,2.5895777846244306,0.11218020440409088,NA,0.88,NA,2026,575000,3,FALSE,TRUE
KAqBjoBvqb,asa_KAqBjoBvqb_mls_eval_blended,Ryan Kent,ryan kent,1996-11-11,England,W,NA,28.635181382614647,mls,jYQJ19EqGR,W,transition_winger,asa_live,0,Insufficient multi-season history for trend,blended,2025+2026 season to date,675,0.07720588235294117,low,0.03779999999999999,0,0.6666666666666666,10.975466666666666,1.7950933333333334,1.44632,3.05,3.5632000000000006,0.19011999999999998,NA,0.88,NA,2026,959500,4,FALSE,TRUE
KAqBk0bZQb,asa_KAqBk0bZQb_mls_eval_blended,Jude Terry,jude terry,2008-10-08,USA,CM,NA,17.727583846680357,mls,eVq3ya6MWO,CM,ball_winning_midfielder,asa_live,0,Insufficient multi-season history for trend,blended,2025+2026 season to date,416,0.13594771241830064,low,0.09841586538461539,0,1.2980769230769231,8.883557692307692,1.3767115384615385,1.132533653846154,3.24717548076923,3.1866826923076923,0.09640384615384615,NA,0.88,NA,2026,149798,2,FALSE,TRUE
KAqBk1yAQb,asa_KAqBk1yAQb_mls_eval_blended,Alex Bonetig,alex bonetig,2002-08-20,Australia,CB,NA,23.863107460643395,mls,WBLMvYAQxe,CB,progressive_center_back,asa_live,0,Insufficient multi-season history for trend,blended,2025+2026 season to date,734,0.23986928104575164,medium,0.02912125340599455,0,0.1226158038147139,10.255149863760218,1.6510299727520437,1.3382724795640328,4.019856948228883,1.7441961852861037,0.08114713896457766,NA,0.8799999999999999,NA,2026,261000,2,FALSE,TRUE
KAqBkLmZQb,asa_KAqBkLmZQb_mls_eval_blended,Morgan Guilavogui,morgan guilavogui,1998-03-10,Guinea,W,NA,28.309377138945926,mls,a2lqR4JMr0,W,transition_winger,asa_live,0,Insufficient multi-season history for trend,blended,2025+2026 season to date,1631,0.5330065359477124,medium,0.2607847946045371,0,2.3175965665236054,9.666241569589209,1.5332483139178419,1.2499362354383814,3.232173513182097,3.667847946045371,0.281185162477008,NA,0.68,NA,2026,2225500,5,FALSE,TRUE
KAqBkYpWQb,asa_KAqBkYpWQb_mls_eval_blended,Kristian Fletcher,kristian fletcher,2005-08-06,USA,FW,NA,19.901437371663246,mls,EKXMeX3Q64,FW,pressing_striker,asa_live,-0.07703306648103028,2024→2025 g+/90 change (longer-term trend),blended,2025+2026 season to date,86.7,0.026045751633986924,low,0.07249090909090908,0,2.1136363636363638,8.210818181818182,1.2421636363636366,1.0316227272727272,2.6509090909090904,1.2817272727272728,0.04867840909090908,NA,0.7100000000000001,NA,2026,126733,2,FALSE,TRUE
KAqBka7BQb,asa_KAqBka7BQb_mls_eval_blended,Michael Wentzel,michael wentzel,2002-04-10,Germany,CB,NA,23.225188227241617,mls,wvq9B9wQWn,CB,progressive_center_back,asa_live,0.543593808630394,2024→2025 g+/90 change (longer-term trend),blended,2025+2026 season to date,123,0.02,low,0.14121951219512197,0,0.7317073170731707,21.238048780487805,3.847609756097561,2.985707317073171,4.443292682926829,2.5526829268292683,0.5141707317073171,NA,0.88,NA,2026,80622,2,FALSE,TRUE
KAqBkxoBQb,asa_KAqBkxoBQb_mls_eval_blended,Tanner Rosborough,tanner rosborough,2008-03-21,USA,W,NA,18.27789185489391,mls,a2lqRX2Mr0,W,transition_winger,asa_live,0,Insufficient multi-season history for trend,blended,2025+2026 season to date,93,0.030392156862745098,low,0.1800967741935484,0,3.870967741935484,8.669677419354839,1.3339354838709676,1.1004516129032258,0.5637096774193546,2.4787096774193547,0.08903225806451612,NA,0.68,NA,2026,105043,2,FALSE,TRUE
KAqBlEZMbg,asa_KAqBlEZMbg_mls_eval_blended,Maya Yoshida,maya yoshida,1988-08-24,Japan,CB,NA,36.851471594798085,mls,kaDQ0wRqEv,CB,progressive_center_back,asa_live,0.10726488275217685,2024→2025 g+/90 change (longer-term trend),blended,2025+2026 season to date,1211,0.6973692810457516,high,0.10532093877193828,0,0.7680877549234449,11.06214433055974,1.8124288661119472,1.4593216495839607,4.253575804173074,2.7095354182628686,0.20543999799972495,NA,0.8799999999999999,NA,2026,715781,4,FALSE,TRUE
KAqBvrrVqb,asa_KAqBvrrVqb_mls_eval_blended,Kenji Mboma Dem,kenji mboma dem,2002-01-22,France,FB,NA,23.43874058863792,mls,NWMWlBK5lz,FB,overlapping_fullback,asa_live,0.08727728584802619,2025→2026 YTD g+/90 change (short-term; 2026 incomplete),blended,2025+2026 season to date,1479,0.49522875816993467,medium,0.21641716383662232,0,1.6934373565855898,10.241240512585167,1.6482481025170332,1.336186076887775,2.9347923359339148,3.139696755745402,0.20419153104811666,NA,0.8157503441945846,NA,2026,88025,2,FALSE,TRUE
KAqBvvRmqb,asa_KAqBvvRmqb_mls_eval_blended,Shakur Mohammed,shakur mohammed,2003-08-27,Ghana,FW,NA,21.845311430527037,mls,jYQJ8EW5GR,FW,pressing_striker,asa_live,0.2866813186813187,2024→2025 g+/90 change (longer-term trend),blended,2025+2026 season to date,630,0.2082843137254902,medium,0.122690977443609,0,0.8796992481203008,17.662345864661656,3.132469172932331,2.449351879699248,2.3625000000000003,2.53027067669173,0.3355624060150376,NA,0.88,NA,2026,89692,2,FALSE,TRUE
KAqBxEWMbg,asa_KAqBxEWMbg_mls_eval_blended,Wilfried Zaha,wilfried zaha,1992-11-10,Ivory Coast,W,NA,32.63791923340178,mls,NPqxKXZ59d,W,transition_winger,asa_live,0.08550473978654344,2025→2026 YTD g+/90 change (short-term; 2026 incomplete),blended,2025+2026 season to date,1301,0.7982679738562091,high,0.2641913957184498,0,1.8384799016800613,9.071345014188186,1.414269002837637,1.1607017521282277,3.720902638809351,3.236157543545824,0.2554526320530721,NA,0.8800000000000001,NA,2026,2751667,5,FALSE,TRUE
KPqj71NyQ6,asa_KPqj71NyQ6_mls_eval_blended,Sam Surridge,sam surridge,1998-07-28,England,FW,NA,26.926762491444215,mls,vzqoOgNqap,FW,pressing_striker,asa_live,0.13400018745983466,2024→2025 g+/90 change (longer-term trend),blended,2025+2026 season to date,1842,1,high,0.6673734867761798,0,2.722854076896017,8.297580994718906,1.259516198943781,1.044637149207836,1.6452709848314186,2.553929848780266,0.2883763786718808,NA,0.68,NA,2026,5933000,5,FALSE,TRUE
KPqj74g4Q6,asa_KPqj74g4Q6_mls_eval_blended,Rominigue Kouame,rominigue kouame,1996-12-17,Mali,CM,NA,28.536618754277892,mls,X0Oq66zq6D,CM,ball_winning_midfielder,asa_live,0,Insufficient multi-season history for trend,blended,2025+2026 season to date,782,0.08944444444444444,low,0.1732097186700767,0,1.4961636828644502,10.391099744245524,1.6782199488491047,1.3586649616368285,3.190185421994885,3.938618925831202,0.20795524296675194,NA,0.88,NA,2026,693755,3,FALSE,TRUE
KPqj7K72Q6,asa_KPqj7K72Q6_mls_eval_blended,Cedric Teuchert,cedric teuchert,1997-01-14,Germany,FW,NA,28.459958932238195,mls,wvq9B9wQWn,FW,pressing_striker,asa_live,-0.04778901098901098,2024→2025 g+/90 change (longer-term trend),blended,2025+2026 season to date,911.7366412213742,0.2698529411764706,medium,0.2691068702290077,0,2.305490311215502,9.062428068115091,1.4124856136230184,1.1593642102172637,2.489285452143277,3.563722842043453,0.22706172930123314,NA,0.7464122137404581,NA,2026,1542500,5,FALSE,TRUE
KPqj7OVPQ6,asa_KPqj7OVPQ6_mls_eval_blended,Fabian Herbers,fabian herbers,1993-08-17,Germany,W,NA,31.871321013004792,mls,APk5LGOMOW,W,transition_winger,asa_live,0.10099675512362678,2024→2025 g+/90 change (longer-term trend),blended,2025+2026 season to date,797,0.3542483660130719,medium,0.0812183391172589,0,0.9677892370106065,9.176174788601593,1.4352349577203185,1.176426218290239,3.441000293269466,3.0996480766410874,0.16348790263453736,NA,0.7864796259185037,NA,2026,440000,3,FALSE,TRUE
KPqj7VbYQ6,asa_KPqj7VbYQ6_mls_eval_blended,Matías Rojas,matias rojas,1995-11-03,Paraguay,W,NA,29.659137577002053,mls,WBLMvYAQxe,W,transition_winger,asa_live,0.01914742738608821,2024→2025 g+/90 change (longer-term trend),blended,2025+2026 season to date,422,0.048267973856209144,low,0.19629383886255924,0,3.199052132701422,9.274502369668246,1.4549004739336493,1.191175355450237,3.5918246445497632,2.1250710900473933,0.19499289099526068,NA,0.68,NA,2026,743262,4,FALSE,TRUE
KPqj7Y0BQ6,asa_KPqj7Y0BQ6_mls_eval_blended,Matty Longstaff,matty longstaff,2000-03-21,England,CM,NA,25.27857631759069,mls,"c(""APk5LGOMOW"", ""kRQabn8MKZ"")",CM,ball_winning_midfielder,asa_live,-0.012263787320456826,2024→2025 g+/90 change (longer-term trend),blended,2025+2026 season to date,2271,0.9368300653594771,high,0.09029904826167248,0,1.149169745455581,10.130505390731635,1.626101078146327,1.3195758086097453,4.022742296172044,2.953666856384138,0.18383602635899476,NA,0.88,NA,2026,435869,3,FALSE,TRUE
KPqj7daPQ6,asa_KPqj7daPQ6_mls_eval_blended,DeJuan Jones,dejuan jones,1997-06-24,USA,FB,NA,28.019164955509925,mls,"c(""mvzqoLZQap"", ""0KPqjA456v"")",FB,overlapping_fullback,asa_live,0.0033596369727326852,2024→2025 g+/90 change (longer-term trend),blended,2025+2026 season to date,1012.1883656509696,0.30428104575163395,medium,0.03591971004340858,0,0.2688360344296919,9.960670338884114,1.5921340677768225,1.294100550832617,3.976308625465661,2.38822258307596,0.11552300442576496,NA,0.7507294552169899,NA,2026,898246,4,FALSE,TRUE
KPqj7jY4Q6,asa_KPqj7jY4Q6_mls_eval_blended,Mark-Anthony Kaye,markanthony kaye,1994-12-02,Canada,CM,NA,30.579055441478438,mls,0KPqjA456v,CM,ball_winning_midfielder,asa_live,0.07934831177231565,2024→2025 g+/90 change (longer-term trend),blended,2025+2026 season to date,1200,0.13725490196078433,medium,0.12185250000000002,0,1.05,11.148800000000001,1.82976,1.47232,3.6463125,2.71225,0.202065,NA,0.88,NA,2026,800000,4,FALSE,TRUE
KPqj7jxPQ6,asa_KPqj7jxPQ6_mls_eval_blended,Wessam Abou Ali,wessam abou ali,1999-01-04,Palestine,FW,NA,26.48870636550308,mls,mvzqoLZQap,FW,pressing_striker,asa_live,0.01662852861424291,2025→2026 YTD g+/90 change (short-term; 2026 incomplete),blended,2025+2026 season to date,637,0.24591503267973855,medium,0.3275846195689127,0,2.060243421499966,8.997092540966886,1.399418508193377,1.149563881145033,1.8303885904671247,-0.02151764465900574,0.16989521996328277,NA,0.68,NA,2026,3611750,5,FALSE,TRUE
KPqj7loEQ6,asa_KPqj7loEQ6_mls_eval_blended,Sam Rogers,sam rogers,1999-05-17,USA,CB,NA,26.12457221081451,mls,X0Oq66zq6D,CB,progressive_center_back,asa_live,-0.012803967060580665,2025→2026 YTD g+/90 change (short-term; 2026 incomplete),blended,2025+2026 season to date,1146.3009143807149,0.3897058823529412,medium,0.042555970479891646,0,0.3622922389457828,8.834546628352976,1.366909325670595,1.1251819942529462,4.285108295251718,2.603399875944656,0.08623166702533008,NA,0.88,NA,2026,223000,2,FALSE,TRUE
KPqjBBNBq6,asa_KPqjBBNBq6_mls_eval_blended,Jefferson Díaz,jefferson diaz,2000-12-05,Colombia,CB,NA,24.569472963723477,mls,kRQand1MKZ,CB,progressive_center_back,asa_live,0.09378468887908674,2024→2025 g+/90 change (longer-term trend),blended,2025+2026 season to date,2165,0.9798529411764706,high,0.08823218938762586,0,0.8037451816408698,10.372775889403677,1.6745551778807355,1.3559163834105517,4.488071304018946,2.3904969226269923,0.16266726154482147,NA,0.88,NA,2026,435000,3,FALSE,TRUE
KPqjBxG8q6,asa_KPqjBxG8q6_mls_eval_blended,Julián Bazán,julian bazan,2005-11-25,Colombia,CB,NA,20.5968514715948,mls,a2lqRX2Mr0,CB,progressive_center_back,asa_live,0,Insufficient multi-season history for trend,blended,2025+2026 season to date,1047,0.34215686274509804,medium,0.05014899713467049,0,0.5157593123209169,11.50131805157593,1.9002636103151862,1.5251977077363896,4.843409742120343,2.5275071633237824,0.1717220630372493,NA,0.88,NA,2026,312825,3,FALSE,TRUE
KPqjK4w4Q6,asa_KPqjK4w4Q6_mls_eval_blended,Noah Allen,noah allen,2004-04-28,USA,CB,NA,21.17453798767967,mls,zeQZkL1MKw,CB,progressive_center_back,asa_live,-0.040422550453348916,2024→2025 g+/90 change (longer-term trend),blended,2025+2026 season to date,1567,0.8129084967320261,high,0.017185756623802242,0,0.1322328465451569,10.771176593914,1.7542353187828001,1.4156764890871,3.4520850070695257,2.4394959251686874,0.10008824915593378,NA,0.88,NA,2026,434653,3,FALSE,TRUE
KPqjKLjnQ6,asa_KPqjKLjnQ6_mls_eval_blended,Cameron Harper,cameron harper,2001-11-19,USA,FB,NA,23.613963039014372,mls,a2lqRX2Mr0,FB,overlapping_fullback,asa_live,0.03803378989382433,2024→2025 g+/90 change (longer-term trend),blended,2025+2026 season to date,517.6938369781312,0.18509803921568627,low,0.31191770345667924,0,2.046591419226576,9.255994356441994,1.4511988712883985,1.188399153466299,3.504588196626691,3.5792236901173604,0.33213259154748925,NA,0.7408349900596423,NA,2026,431750,3,FALSE,TRUE
KPqjKN62Q6,asa_KPqjKN62Q6_mls_eval_blended,Show,show,1999-03-06,Angola,CM,NA,26.321697467488022,mls,mKAqBBmqbg,CM,ball_winning_midfielder,asa_live,-0.030176340274700925,2024→2025 g+/90 change (longer-term trend),blended,2025+2026 season to date,333,0.038088235294117645,low,0.00645945945945946,0,0.2702702702702703,9.64,1.528,1.246,3.041891891891892,2.685945945945946,0.06913513513513514,NA,0.68,NA,2026,504350,3,FALSE,TRUE
KPqjKNkBQ6,asa_KPqjKNkBQ6_mls_eval_blended,Rasmus Alm,rasmus alm,1995-08-17,Sweden,FB,NA,29.872689938398356,mls,wvq9B9wQWn,FB,overlapping_fullback,asa_live,-0.0666767151767152,2024→2025 g+/90 change (longer-term trend),blended,2025+2026 season to date,11,0.02,low,0.20127272727272727,0,8.181818181818182,8,1.2,1,3.3681818181818177,2.5,0.11699999999999999,NA,0.68,NA,2026,343925,3,FALSE,TRUE
KPqjKRARQ6,asa_KPqjKRARQ6_mls_eval_blended,Tomás Chancalay,tomas chancalay,1999-01-01,Argentina,FW,NA,26.496919917864478,mls,19vQ2095K6,FW,pressing_striker,asa_live,0.032916083916083916,2024→2025 g+/90 change (longer-term trend),blended,2025+2026 season to date,1905,0.7773039215686275,high,0.2996994088632214,0,2.8475428882713185,9.201029778142836,1.440205955628567,1.1801544667214252,2.6483106425899368,2.713632133327091,0.22422831753705777,NA,0.68,NA,2026,1274375,4,FALSE,TRUE
KPqjKWwPQ6,asa_KPqjKWwPQ6_mls_eval_blended,Brian Gutiérrez,brian gutierrez,2003-06-17,USA,CM,NA,22.039698836413415,mls,X0Oq66zq6D,CM,ball_winning_midfielder,asa_live,0.1714243141482268,2024→2025 g+/90 change (longer-term trend),blended,2025+2026 season to date,2509,0.2869771241830065,medium,0.36696970904742926,0,2.869669190912714,11.209868473495415,1.8419736946990832,1.4814802710243125,5.867785970506178,2.6302112395376644,0.36734635312873654,NA,0.88,NA,2026,950425,4,FALSE,TRUE
KPqjKbg2Q6,asa_KPqjKbg2Q6_mls_eval_blended,Paxten Aaronson,paxten aaronson,2003-08-26,USA,W,NA,21.848049281314168,mls,pzeQZ6xQKw,W,transition_winger,asa_live,-0.12837901358037695,2025→2026 YTD g+/90 change (short-term; 2026 incomplete),blended,2025+2026 season to date,2478,0.8834640522875817,medium,0.24922713218595235,0,2.1215147618135552,8.915159657427422,1.3830319314854844,1.1372739486141135,3.553409992612252,3.558319424302953,0.2285799792048595,NA,0.7240528634361234,NA,2026,2228063,5,FALSE,TRUE
KPqjKkPNQ6,asa_KPqjKkPNQ6_mls_eval_blended,Brandon Bye,brandon bye,1995-11-29,USA,FB,NA,29.587953456536617,mls,19vQ2095K6,FB,overlapping_fullback,asa_live,0.11969643538424138,2024→2025 g+/90 change (longer-term trend),blended,2025+2026 season to date,1931,0.7804248366013071,high,0.04542934373586692,0,0.678126216864188,10.742617547989195,1.7485235095978386,1.4113926321983792,3.473498553295814,2.4051272872681304,0.13012495088888928,NA,0.8799999999999999,NA,2026,442500,3,FALSE,TRUE
KPqjnyNq6v,asa_KPqjnyNq6v_mls_eval_blended,Damir Kreilach,damir kreilach,1989-04-16,Croatia,W,NA,36.20807665982204,mls,lgpMOvnQzy,W,transition_winger,asa_live,-0.29388521117436783,2024→2025 g+/90 change (longer-term trend),blended,2025+2026 season to date,39,0.02,low,1.8023076923076924,0,2.3076923076923075,8.913846153846155,1.3827692307692308,1.137076923076923,1.921153846153846,2.3015384615384615,-0.024923076923076926,NA,0.68,NA,2026,495000,3,FALSE,TRUE
KPqjwAY2Q6,asa_KPqjwAY2Q6_mls_eval_blended,Tyson Pearce,tyson pearce,2007-08-12,USA,CM,NA,17.88637919233402,mls,wvq9B9wQWn,CM,ball_winning_midfielder,asa_live,0,Insufficient multi-season history for trend,blended,2025+2026 season to date,42,0.02,low,0,0,0,9.688571428571429,1.5377142857142854,1.2532857142857143,2.7,1.745714285714286,-0.004928571428571434,NA,0.88,NA,2026,104000,2,FALSE,TRUE
KPqjwW1RQ6,asa_KPqjwW1RQ6_mls_eval_blended,Joshua Wynder,joshua wynder,2005-05-02,USA,CB,NA,21.163586584531142,mls,19vQ2095K6,CB,progressive_center_back,asa_live,0,Insufficient multi-season history for trend,blended,2025+2026 season to date,102,0.03333333333333333,low,0.1805294117647059,0,2.6470588235294117,11.370588235294116,1.8741176470588234,1.5055882352941177,4.294852941176471,2.9835294117647058,0.2645294117647059,NA,0.88,NA,2026,NA,NA,FALSE,TRUE
KPqjwXzYQ6,asa_KPqjwXzYQ6_mls_eval_blended,Adri Mehmeti,adri mehmeti,2009-04-06,Albania,CM,NA,17.234770704996578,mls,a2lqRX2Mr0,CM,ball_winning_midfielder,asa_live,0,Insufficient multi-season history for trend,blended,2025+2026 season to date,2242,0.7326797385620915,medium,0.06957136485281,0,0.6021409455842998,9.209259589652095,1.4418519179304192,1.1813889384478145,4.739886262265834,2.476958073148974,0.17099598572702945,NA,0.88,NA,2026,158980,2,FALSE,TRUE
KPqjwdw8Q6,asa_KPqjwdw8Q6_mls_eval_blended,Alonso Coello,alonso coello,1999-10-12,Spain,CM,NA,25.71937029431896,mls,kRQabn8MKZ,CM,ball_winning_midfielder,asa_live,0.0479193471806639,2024→2025 g+/90 change (longer-term trend),blended,2025+2026 season to date,2162,0.9849346405228758,high,0.02679931318894281,0,0.5892673498602088,11.150861743745576,1.8301723487491148,1.4726292615618362,5.355457085936652,2.9672742024671455,0.22009638351860178,NA,0.8799999999999999,NA,2026,335000,3,FALSE,TRUE
KPqjzJ2q6v,asa_KPqjzJ2q6v_mls_eval_blended,Maxi Moralez,maxi moralez,1987-02-27,Argentina,W,NA,38.340862422997944,mls,Vj58weDM8n,W,transition_winger,asa_live,-0.05190927627468228,2024→2025 g+/90 change (longer-term trend),blended,2025+2026 season to date,1246.332644628099,0.7981862745098038,high,0.14623967616468506,0,0.9347555186328033,9.160536542735688,1.4321073085471376,1.1740804814103531,3.5806291875256244,2.6658065673348728,0.13931220329931165,NA,0.68,NA,2026,500000,3,FALSE,TRUE
KXMe39l1q6,asa_KXMe39l1q6_mls_eval_blended,Zachary Zengue,zachary zengue,2004-01-30,USA,W,NA,22.417522245037645,mls,wvq9B9wQWn,W,transition_winger,asa_live,0,Insufficient multi-season history for trend,blended,2025+2026 season to date,27,0.02,low,0,0,0,10.866666666666667,1.7733333333333332,1.43,2.825,2.68,0.1043333333333333,NA,0.6800000000000002,NA,2026,88025,2,FALSE,TRUE
KXMe3LX1q6,asa_KXMe3LX1q6_mls_eval_blended,Stefan Chirila,stefan chirila,2007-01-15,USA,W,NA,18.458590006844627,mls,NWMWlBK5lz,W,transition_winger,asa_live,0,Insufficient multi-season history for trend,blended,2025+2026 season to date,11,0.02,low,0,0,0,8,1.2,1,-5.345454545454546,12.367272727272727,0.3027272727272727,NA,0.88,NA,2026,95402,2,FALSE,TRUE
KXMe3Xn1q6,asa_KXMe3Xn1q6_mls_eval_blended,Jung Ho-Yeon,jung hoyeon,2000-09-28,South Korea,CM,NA,24.75564681724846,mls,kRQand1MKZ,CM,ball_winning_midfielder,asa_live,0,Insufficient multi-season history for trend,blended,2025+2026 season to date,112,0.02,low,0,0,0,-2.7485714285714273,-0.9497142857142855,-0.6122857142857141,3.530357142857143,3.34375,-0.1902053571428571,NA,0.68,NA,2026,168039,2,FALSE,TRUE
KXMe3y6vq6,asa_KXMe3y6vq6_mls_eval_blended,Brooklyn Raines,brooklyn raines,2005-03-11,USA,CM,NA,20.306639288158795,mls,YgOMngl5wN,CM,ball_winning_midfielder,asa_live,-0.10961530398322854,2024→2025 g+/90 change (longer-term trend),blended,2025+2026 season to date,2384,0.9973202614379085,high,0.03828661013630913,0,0.3667743435381641,11.03043560188924,1.8060871203778481,1.454565340283386,3.0386671622249954,2.977230869001297,0.1199878435259281,NA,0.88,NA,2026,443250,3,FALSE,TRUE
KXMe4l1Q64,asa_KXMe4l1Q64_mls_eval_blended,Alejandro Bedoya,alejandro bedoya,1987-04-29,USA,W,NA,38.17385352498289,mls,9z5k7Yg5A3,W,transition_winger,asa_live,-0.05148401489145671,2024→2025 g+/90 change (longer-term trend),blended,2025+2026 season to date,601.2070566388115,0.2290032679738562,low,0.17073733343371225,0,1.3234961981480087,10.108632086125121,1.6217264172250245,1.3162948129187684,2.880591733795076,2.66910035383573,0.19739019799744034,NA,0.8099907149489322,NA,2026,226800,2,FALSE,TRUE
KXMe87ZPQ6,asa_KXMe87ZPQ6_mls_eval_blended,Ralph Priso,ralph priso,2002-08-02,Canada,CM,NA,22.913073237508556,mls,lgpMOvnQzy,CM,ball_winning_midfielder,asa_live,0.06390122403729821,2024→2025 g+/90 change (longer-term trend),blended,2025+2026 season to date,1026.63421418637,0.48240196078431374,medium,0.08583754503350433,0,0.27058681549568014,11.107754329250561,1.8215508658501118,1.466163149387584,5.150623890855206,2.7664421899390055,0.19683529855160778,NA,0.8800000000000001,NA,2026,189167,2,FALSE,TRUE
KXMe8EJ6Q6,asa_KXMe8EJ6Q6_mls_eval_blended,Pedro Vite,pedro vite,2002-03-09,Ecuador,CM,NA,23.312799452429843,mls,lgpMOvnQzy,CM,ball_winning_midfielder,asa_live,0.08984121909633419,2024→2025 g+/90 change (longer-term trend),blended,2025+2026 season to date,1564,0.17888888888888888,medium,0.13631777493606137,0,1.7263427109974425,10.528746803069053,1.7057493606138108,1.379312020460358,5.496147698209719,2.4414194373401537,0.25387020460358056,NA,0.88,NA,2026,729997,4,FALSE,TRUE
KXMe8EW1Q6,asa_KXMe8EW1Q6_mls_eval_blended,Daryl Dike,daryl dike,2000-06-03,USA,FW,NA,26.075290896646134,mls,jYQJ8EW5GR,FW,pressing_striker,asa_live,0,Insufficient multi-season history for trend,blended,2025+2026 season to date,392,0.12810457516339868,low,0.36984948979591836,0,1.836734693877551,8.728265306122449,1.3456530612244897,1.1092397959183673,3.607844387755102,3.3021938775510207,0.28871173469387756,NA,0.68,NA,2026,NA,NA,FALSE,TRUE
KXMe8JD2Q6,asa_KXMe8JD2Q6_mls_eval_blended,Pedro Amador,pedro amador,1998-12-18,Portugal,FB,NA,26.535249828884325,mls,KAqBN0Vqbg,FB,overlapping_fullback,asa_live,-0.05721106207155599,2024→2025 g+/90 change (longer-term trend),blended,2025+2026 season to date,1625.3761283851554,0.36184640522875816,medium,0.02073503014442897,0,0.6529523776513124,10.537680601198844,1.707536120239769,1.3806520901798267,4.329784114763297,2.6134288827605925,0.15975726748279395,NA,0.7395787362086259,NA,2026,292604,2,FALSE,TRUE
KXMe8OnPQ6,asa_KXMe8OnPQ6_mls_eval_blended,Przemyslaw Placheta,przemyslaw placheta,1998-03-23,Poland,FB,NA,28.27378507871321,mls,gpMOLwl5zy,FB,overlapping_fullback,asa_live,0,Insufficient multi-season history for trend,blended,2025+2026 season to date,370,0.12091503267973856,low,0.16350810810810812,0,2.4324324324324325,9.318378378378378,1.463675675675676,1.1977567567567569,2.162027027027027,3.8845405405405407,0.1565756756756757,NA,0.68,NA,2026,NA,NA,FALSE,TRUE
KXMe8Y2vQ6,asa_KXMe8Y2vQ6_mls_eval_blended,Justin Che,justin che,2003-11-18,USA,CB,NA,22.61738535249829,mls,a2lqRX2Mr0,CB,progressive_center_back,asa_live,0,Insufficient multi-season history for trend,blended,2025+2026 season to date,1529,0.4996732026143791,medium,0.03478155657292348,0,0.2943100065402224,12.667050359712231,2.1334100719424463,1.7000575539568346,5.720160235448007,3.452269457161544,0.27825833878351863,NA,0.88,NA,2026,501667,3,FALSE,TRUE
KXMe8YjPQ6,asa_KXMe8YjPQ6_mls_eval_blended,Edwin Mosquera,edwin mosquera,2001-06-27,Colombia,W,NA,24.01095140314853,mls,KAqBN0Vqbg,W,transition_winger,asa_live,-0.2442138493230276,2024→2025 g+/90 change (longer-term trend),blended,2025+2026 season to date,221,0.025277777777777777,low,0.190710407239819,0,2.8506787330316743,7.623710407239819,1.1247420814479638,0.9435565610859729,2.066402714932127,4.318733031674208,0.11875113122171947,NA,0.68,NA,2026,462000,3,FALSE,TRUE
KXMe8ejPQ6,asa_KXMe8ejPQ6_mls_eval_blended,Jeremy Rafanello,jeremy rafanello,2000-04-14,USA,W,NA,25.21286789869952,mls,9z5k7Yg5A3,W,transition_winger,asa_live,0.0010399098220813946,2024→2025 g+/90 change (longer-term trend),blended,2025+2026 season to date,274.264705882353,0.12501633986928104,low,0.028180886295536983,0,0.8158638790636898,9.390089102665195,1.478017820533039,1.2085133653997793,3.754837565052831,2.447580428954424,0.0968680582152432,NA,0.7329411764705883,NA,2026,186125,2,FALSE,TRUE
KXMe8jYxQ6,asa_KXMe8jYxQ6_mls_eval_blended,Serge Ngoma,serge ngoma,2005-07-09,USA,W,NA,19.978097193702943,mls,a2lqRX2Mr0,W,transition_winger,asa_live,0.2033709957067371,2024→2025 g+/90 change (longer-term trend),blended,2025+2026 season to date,757,0.08658496732026143,low,0.10326816380449143,0,1.42668428005284,9.434768824306474,1.4869537648612947,1.215215323645971,2.935501981505944,1.990911492734478,0.1279022457067371,NA,0.6799999999999999,NA,2026,193700,2,FALSE,TRUE
KXMegX31q6,asa_KXMegX31q6_mls_eval_blended,Tyger Smalls,tyger smalls,2002-09-18,England,W,NA,22.784394250513348,mls,NPqxKXZ59d,W,transition_winger,asa_live,0.012279089026915102,2024→2025 g+/90 change (longer-term trend),blended,2025+2026 season to date,268,0.1184640522875817,low,0.13584297520661157,0,0.6129476584022039,10.376652892561983,1.6753305785123966,1.3564979338842975,0.8969008264462806,3.3079201101928373,0.12472176308539941,NA,0.88,NA,2026,113400,2,FALSE,TRUE
KXMeggl2q6,asa_KXMeggl2q6_mls_eval_blended,Duncan McGuire,duncan mcguire,2001-02-05,USA,FW,NA,24.399726214921287,mls,jYQJ8EW5GR,FW,pressing_striker,asa_live,-0.056546625355027386,2024→2025 g+/90 change (longer-term trend),blended,2025+2026 season to date,1070,0.45764705882352946,high,0.2546298477449009,0,1.3511203677104282,9.927453030738294,1.5854906061476586,1.289117954610744,1.7147583309393855,1.3061908934214306,0.14253324475725365,NA,0.7590960451977402,NA,2026,921000,4,FALSE,TRUE
KXMek9R2q6,asa_KXMek9R2q6_mls_eval_blended,Ondrej Lingr,ondrej lingr,1998-10-07,Czech Republic,W,NA,26.732375085557837,mls,YgOMngl5wN,W,transition_winger,asa_live,0.09167664358365804,2025→2026 YTD g+/90 change (short-term; 2026 incomplete),blended,2025+2026 season to date,1115.6074014481094,0.4040359477124183,medium,0.18938994055758182,0,1.721868612640682,10.193179615031454,1.6386359230062912,1.3289769422547182,2.676242647874031,2.688752618906157,0.18712886866096784,NA,0.7926307320997587,NA,2026,938074,4,FALSE,TRUE
KXMekNYBq6,asa_KXMekNYBq6_mls_eval_blended,Tomas Ostrak,tomas ostrak,2000-02-05,Czech Republic,CM,NA,25.401779603011637,mls,wvq9B9wQWn,CM,ball_winning_midfielder,asa_live,-0.02472204853969559,2024→2025 g+/90 change (longer-term trend),blended,2025+2026 season to date,972.4,0.16777777777777778,low,0.1052966756142088,0,1.5620784083173462,9.993433303422242,1.5986866606844483,1.299014995513336,2.4946936208150254,2.9609270298285786,0.13403794015718792,NA,0.85,NA,2026,801000,4,FALSE,TRUE
KXMekX42q6,asa_KXMekX42q6_mls_eval_blended,Dejan Joveljic,dejan joveljic,1999-08-07,Serbia,FW,NA,25.900068446269678,mls,Z2vQ1xlqrA,FW,pressing_striker,asa_live,-0.10308741664651215,2024→2025 g+/90 change (longer-term trend),blended,2025+2026 season to date,2333,1,high,0.3389789403935352,0,2.00685661605831,9.393044664035415,1.4786089328070833,1.2089566996053123,1.2567622655642303,2.2932192484611025,0.16172654201838035,NA,0.68,NA,2026,3306250,5,FALSE,TRUE
KXMeke41q6,asa_KXMeke41q6_mls_eval_blended,Robert Taylor,robert taylor,1994-10-21,Finland,W,NA,30.694045174537987,mls,"c(""gpMOLwl5zy"", ""zeQZkL1MKw"")",W,transition_winger,asa_live,-0.06905629407689436,2024→2025 g+/90 change (longer-term trend),blended,2025+2026 season to date,903,0.3915196078431372,medium,0.1451799850369525,0,1.5224345810679707,9.577158841407236,1.5154317682814473,1.2365738262110857,2.947092251405838,2.5936856383604585,0.13962261595806794,NA,0.7926637554585153,NA,2026,633333,3,FALSE,TRUE
N6Mm76gZqE,asa_N6Mm76gZqE_mls_eval_blended,Josef Martínez,josef martinez,1993-05-19,Venezuela,FW,NA,32.11772758384668,mls,0KPqjA456v,FW,pressing_striker,asa_live,0.033121738895700414,2024→2025 g+/90 change (longer-term trend),blended,2025+2026 season to date,1230.3913405495418,0.4051797385620915,medium,0.4441964185064476,0,1.9661966520083727,8.723840096934854,1.3447680193869704,1.108576014540228,1.418791116750568,1.9748599284269266,0.21836402595184576,NA,0.7634304746044962,NA,2026,1450000,4,FALSE,TRUE
N6MmGr7LqE,asa_N6MmGr7LqE_mls_eval_blended,Gustavo Caraballo,gustavo caraballo,2008-08-29,USA,W,NA,16.83778234086242,mls,jYQJ8EW5GR,W,transition_winger,asa_live,0,Insufficient multi-season history for trend,blended,2025+2026 season to date,40,0.02,low,0.686025,0,2.25,9.656,1.5312,1.2484,4.2318750000000005,3.9939999999999998,0.6097499999999999,NA,0.8800000000000001,NA,2026,86997,2,FALSE,TRUE
N6MmKBXeqE,asa_N6MmKBXeqE_mls_eval_blended,Christian Cappis,christian cappis,1999-08-13,USA,CM,NA,25.883641341546884,mls,mKAqBBmqbg,CM,ball_winning_midfielder,asa_live,-0.003709452602073282,2025→2026 YTD g+/90 change (short-term; 2026 incomplete),blended,2025+2026 season to date,1853,0.7281699346405228,high,0.04134473490362524,0,0.5258957854674922,11.107228545872285,1.8214457091744567,1.4660842818808424,3.72328691442903,2.689705263342512,0.1527591244716488,NA,0.734837446141794,NA,2026,352000,3,FALSE,TRUE
N6MmKdJPqE,asa_N6MmKdJPqE_mls_eval_blended,Jack Maher,jack maher,1999-10-28,USA,CB,NA,25.675564681724847,mls,vzqoOgNqap,CB,progressive_center_back,asa_live,-0.019703507017888255,2024→2025 g+/90 change (longer-term trend),blended,2025+2026 season to date,1378.4403669724772,0.6136437908496732,medium,0.020143089390116515,0,0.32805743158519113,9.69127059967769,1.5382541199355377,1.2536905899516533,4.564359967986951,2.708031393723436,0.12824727681910664,NA,0.88,NA,2026,995467,4,FALSE,TRUE
N6MmWAYwqE,asa_N6MmWAYwqE_mls_eval_blended,Noel Buck,noel buck,2005-04-05,USA,CM,NA,20.238193018480494,mls,"c(""19vQ2095K6"", ""0KPqjA456v"")",CM,ball_winning_midfielder,asa_live,-0.06375663587749147,2024→2025 g+/90 change (longer-term trend),blended,2025+2026 season to date,216.75,0.0517156862745098,low,0,0,0,10.3004,1.66008,1.34506,2.710663043478261,2.3232608695652175,0.0442708695652174,NA,0.7100000000000001,NA,2026,150000,2,FALSE,TRUE
N6MmWLNPqE,asa_N6MmWLNPqE_mls_eval_blended,Matthew Corcoran,matthew corcoran,2006-02-17,USA,CM,NA,19.367556468172484,mls,vzqoOgNqap,CM,ball_winning_midfielder,asa_live,-0.04110875357645001,2025→2026 YTD g+/90 change (short-term; 2026 incomplete),blended,2025+2026 season to date,1919,0.6816830065359476,medium,0.025170596583745774,0,0.6002579120649534,9.99402450885042,1.5988049017700836,1.299103676327563,3.255352575878738,2.8902529411340927,0.09612397789736828,NA,0.8265444826269569,NA,2026,135668,2,FALSE,TRUE
N6MmWNygqE,asa_N6MmWNygqE_mls_eval_blended,Macielo Tschantret,macielo tschantret,2006-02-22,USA,CM,NA,20.35318275154004,mls,Z2vQ1xlqrA,CM,ball_winning_midfielder,asa_live,0,Insufficient multi-season history for trend,blended,2025+2026 season to date,58,0.02,low,0,0,0,10.563448275862068,1.7126896551724138,1.3845172413793103,1.9758620689655173,2.5155172413793103,-0.0012413793103448231,NA,0.88,NA,2026,88025,2,FALSE,TRUE
N6MmWzkwqE,asa_N6MmWzkwqE_mls_eval_blended,Tani Oluwaseyi,tani oluwaseyi,2000-05-15,Canada,FW,NA,25.127994524298426,mls,kRQand1MKZ,FW,pressing_striker,asa_live,-0.164029690718978,2024→2025 g+/90 change (longer-term trend),blended,2025+2026 season to date,2049,0.2343627450980392,medium,0.4754099560761347,0,2.723279648609078,9.44896046852123,1.489792093704246,1.2173440702781844,1.715117130307467,1.339882869692533,0.20442606149341142,NA,0.68,NA,2026,558750,3,FALSE,TRUE
N6MmeAowME,asa_N6MmeAowME_mls_eval_blended,Amahl Pellegrino,amahl pellegrino,1990-06-18,Tanzania,W,NA,35.0362765229295,mls,"c(""0KPqjA456v"", ""zeQZBOzQKw"")",W,transition_winger,asa_live,0.07359223099245141,2024→2025 g+/90 change (longer-term trend),blended,2025+2026 season to date,994,0.47901960784313724,high,0.3526843844043736,0,1.9219342836823277,8.551862359383266,1.3103724718766532,1.08277935390749,2.8696388282610297,2.203060443737541,0.23090827287091115,NA,0.68,NA,2026,645000,3,FALSE,TRUE
N6MmeE3wME,asa_N6MmeE3wME_mls_eval_blended,Hannes Wolf,hannes wolf,1999-04-16,Austria,W,NA,26.209445585215605,mls,Vj58weDM8n,W,transition_winger,asa_live,-0.054527469671123846,2024→2025 g+/90 change (longer-term trend),blended,2025+2026 season to date,1502,0.8560620915032681,high,0.20536734093909448,0,1.618211158434962,9.46726988789339,1.4934539775786781,1.2200904831840087,1.8815253330045032,3.0562589912709255,0.1601733355748397,NA,0.68,NA,2026,1510000,5,FALSE,TRUE
N6MmeKWLME,asa_N6MmeKWLME_mls_eval_blended,Brooks Lennon,brooks lennon,1997-09-22,USA,FB,NA,27.772758384668034,mls,KAqBN0Vqbg,FB,overlapping_fullback,asa_live,-0.07546912228535678,2024→2025 g+/90 change (longer-term trend),blended,2025+2026 season to date,1048.8074957410563,0.3560947712418301,medium,0.06602909834358806,0,0.6273649365201887,9.934707694572474,1.5869415389144947,1.2902061541858711,2.7680281647172533,2.759722372069464,0.1037145243783976,NA,0.8800000000000001,NA,2026,740000,4,FALSE,TRUE
N6MmeZ4WME,asa_N6MmeZ4WME_mls_eval_blended,Connor Ronan,connor ronan,1998-03-06,Republic of Ireland,CM,NA,27.32101300479124,mls,pzeQZ6xQKw,CM,ball_winning_midfielder,asa_live,-0.015474788097343262,2024→2025 g+/90 change (longer-term trend),blended,2025+2026 season to date,877.0721205597416,0.20797385620915032,low,0.04426269239732336,0,0.6598382031449402,9.97198406445241,1.594396812890482,1.2957976096678614,5.0638029474104735,2.47227081553161,0.16863513588494447,NA,0.8799999999999999,NA,2026,562400,3,FALSE,TRUE
N6MmebxeME,asa_N6MmebxeME_mls_eval_blended,Rodrigues,rodrigues,1997-10-10,Brazil,CB,NA,27.72347707049966,mls,0KPqjA456v,CB,progressive_center_back,asa_live,0.08375220556812346,2024→2025 g+/90 change (longer-term trend),blended,2025+2026 season to date,1660,0.18986928104575163,medium,0.0601644578313253,0,0.7048192771084337,11.968024096385543,1.9936048192771085,1.5952036144578314,5.0020933734939765,2.577855421686747,0.22916385542168674,NA,0.88,NA,2026,758000,4,FALSE,TRUE
N6MmkXx0qE,asa_N6MmkXx0qE_mls_eval_blended,Will Cleary,will cleary,2003-02-17,USA,FB,NA,23.367556468172484,mls,NPqxKXZ59d,FB,overlapping_fullback,asa_live,0,Insufficient multi-season history for trend,blended,2025+2026 season to date,852,0.2784313725490196,medium,0.03242957746478873,0,0.2112676056338028,9.239295774647887,1.4478591549295774,1.185894366197183,3.2368838028169016,2.5690845070422537,0.09736267605633803,NA,0.88,NA,2026,89309,2,FALSE,TRUE
N6Mmo4vLqE,asa_N6Mmo4vLqE_mls_eval_blended,Maxwell Woledzi,maxwell woledzi,2001-07-02,Ghana,CB,NA,24.996577686516083,mls,vzqoOgNqap,CB,progressive_center_back,asa_live,0,Insufficient multi-season history for trend,blended,2025+2026 season to date,2653,0.8669934640522876,medium,0.024601583113456466,0,0.23746701846965698,10.955039577836413,1.7910079155672827,1.4432559366754618,3.9703071993969092,2.5505465510742558,0.13275424048247267,NA,0.88,NA,2026,667500,3,FALSE,TRUE
N6Mmo9EPqE,asa_N6Mmo9EPqE_mls_eval_blended,Nathan Ordaz,nathan ordaz,2004-01-12,USA,W,NA,21.467488021902806,mls,eVq3ya6MWO,W,transition_winger,asa_live,-0.052584307251384924,2024→2025 g+/90 change (longer-term trend),blended,2025+2026 season to date,1040,0.525392156862745,high,0.2829552000510226,0,1.3644075003188911,8.765347846422042,1.3530695692844081,1.1148021769633063,1.8029793996343384,2.219626727326842,0.13625372039627537,NA,0.7604597701149425,NA,2026,545000,3,FALSE,TRUE
N6MmoN8vqE,asa_N6MmoN8vqE_mls_eval_blended,Dominic Iankov,dominic iankov,2000-07-28,Bulgaria,CM,NA,24.92539356605065,mls,APk5LGOMOW,CM,ball_winning_midfielder,asa_live,-0.020529238329238336,2024→2025 g+/90 change (longer-term trend),blended,2025+2026 season to date,45,0.02,low,0.0896,0,2,8,1.2,1,5.105,4.279999999999999,0.1288,NA,0.88,NA,2026,410000,3,FALSE,TRUE
N6MmoXVxqE,asa_N6MmoXVxqE_mls_eval_blended,Santiago Rodríguez,santiago rodriguez,2000-01-08,Uruguay,W,NA,26.477754962354553,mls,mvzqoLZQap,W,transition_winger,asa_live,0,Insufficient multi-season history for trend,blended,2025+2026 season to date,432,0.1411764705882353,low,0.33010416666666664,0,2.5,9.0625,1.4124999999999999,1.159375,2.325,2.087083333333333,0.22068750000000004,NA,0.6800000000000002,NA,2026,1331333,4,FALSE,TRUE
N6MmoYnPqE,asa_N6MmoYnPqE_mls_eval_blended,Kobi Henry,kobi henry,2004-04-26,USA,FB,NA,21.180013689253936,mls,a2lqR4JMr0,FB,overlapping_fullback,asa_live,0.11864496837473372,2025→2026 YTD g+/90 change (short-term; 2026 incomplete),blended,2025+2026 season to date,599,0.20238562091503268,medium,0.020152106394839532,0,0.83618698733774,9.481809349366888,1.4963618698733774,1.222271402405033,3.5490164848291794,1.0153332802420962,0.048662729851875454,NA,0.7722247882986912,NA,2026,121376,2,FALSE,TRUE
N6MmovmZqE,asa_N6MmovmZqE_mls_eval_blended,Viktor Radojević,viktor radojevic,2004-07-14,Serbia,FB,NA,21.963039014373717,mls,"c(""X0Oq66zq6D"", ""APk5LGOMOW"")",FB,overlapping_fullback,asa_live,0,Insufficient multi-season history for trend,blended,2025+2026 season to date,424,0.13856209150326798,low,0.029377358490566035,0,0.42452830188679247,10.433396226415095,1.6866792452830186,1.3650094339622638,4.389799528301887,2.4626415094339626,0.07535377358490566,NA,0.88,NA,2026,357000,3,FALSE,TRUE
NPqxA1n8Q9,asa_NPqxA1n8Q9_mls_eval_blended,Owen Presthus,owen presthus,2006-02-21,USA,FB,NA,20.355920602327174,mls,mvzqoLZQap,FB,overlapping_fullback,asa_live,0,Insufficient multi-season history for trend,blended,2025+2026 season to date,68,0.022222222222222223,low,0,0,0,7.798823529411766,1.1597647058823528,0.9698235294117649,3.5988970588235296,2.6720588235294116,0.03494117647058823,NA,0.88,NA,2026,94216,2,FALSE,TRUE
NPqxA1oZQ9,asa_NPqxA1oZQ9_mls_eval_blended,Arif Kovac,arif kovac,2006-09-08,USA,FW,NA,19.811088295687885,mls,KAqBN0Vqbg,FW,pressing_striker,asa_live,0,Insufficient multi-season history for trend,blended,2025+2026 season to date,16,0.02,low,0,0,0,8,1.2,1,-0.2203124999999999,2.41,-0.13443750000000002,NA,0.68,NA,2026,NA,NA,FALSE,TRUE
NPqxA8RmQ9,asa_NPqxA8RmQ9_mls_eval_blended,Nelson Quiñones,nelson quinones,2002-08-20,Colombia,W,NA,22.863791923340177,mls,YgOMngl5wN,W,transition_winger,asa_live,0,Insufficient multi-season history for trend,blended,2025+2026 season to date,18,0.02,low,0,0,0,9.38,1.476,1.207,7.874999999999998,4.12,0.45999999999999996,NA,0.88,NA,2026,272894,2,FALSE,TRUE
NPqxADDYQ9,asa_NPqxADDYQ9_mls_eval_blended,Ali Ahmed,ali ahmed,2000-10-10,Canada,W,NA,24.722792607802873,mls,lgpMOvnQzy,W,transition_winger,asa_live,0.161415050274056,2024→2025 g+/90 change (longer-term trend),blended,2025+2026 season to date,1865,0.21331699346405228,medium,0.2100498659517426,0,1.6407506702412868,9.936085790884718,1.5872171581769436,1.2904128686327079,4.315375335120644,4.281372654155495,0.3527517426273459,NA,0.88,NA,2026,159375,2,FALSE,TRUE
NPqxAN6GQ9,asa_NPqxAN6GQ9_mls_eval_blended,Jonathan Shore,jonathan shore,2007-04-13,USA,CM,NA,18.217659137577,mls,Vj58weDM8n,CM,ball_winning_midfielder,asa_live,0.03653571333799191,2025→2026 YTD g+/90 change (short-term; 2026 incomplete),blended,2025+2026 season to date,813.0551816958277,0.45428104575163397,medium,0.035370107094566665,0,0.79240154146308,10.295133973478226,1.6590267946956452,1.344270096021734,3.568667236423694,2.588698022017782,0.11683898619638838,NA,0.7742126514131898,NA,2026,125900,2,FALSE,TRUE
NPqxAP6gQ9,asa_NPqxAP6gQ9_mls_eval_blended,Archie Goodwin,archie goodwin,2004-11-07,Australia,W,NA,20.646132785763175,mls,NPqxKXZ59d,W,transition_winger,asa_live,-0.07420930069930068,2025→2026 YTD g+/90 change (short-term; 2026 incomplete),blended,2025+2026 season to date,572,0.20408496732026143,medium,0.4225754716981132,0,1.4386792452830188,8.211603773584905,1.2423207547169812,1.031740566037736,2.1443985849056606,-0.38452830188679155,0.2573891509433962,NA,0.68,NA,2026,366187,3,FALSE,TRUE
NPqxAp4mQ9,asa_NPqxAp4mQ9_mls_eval_blended,Fidel Barajas,fidel barajas,2006-04-05,USA,W,NA,19.238877481177276,mls,EKXMeX3Q64,W,transition_winger,asa_live,-0.10336650455927052,2024→2025 g+/90 change (longer-term trend),blended,2025+2026 season to date,50,0.02,low,0,0,0,9.224,1.4447999999999999,1.1836,3.8325,-0.5095999999999994,0.01998000000000001,NA,0.88,NA,2026,104000,2,FALSE,TRUE
NPqxAzdkQ9,asa_NPqxAzdkQ9_mls_eval_blended,Jordan Griffin,jordan griffin,2008-10-25,USA,FB,NA,17.68104038329911,mls,9z5k7Yg5A3,FB,overlapping_fullback,asa_live,0,Insufficient multi-season history for trend,blended,2025+2026 season to date,7,0.02,low,0,0,0,16.33142857142857,2.866285714285714,2.2497142857142856,3,0.7257142857142854,0.11957142857142856,NA,0.78,NA,2026,NA,NA,FALSE,TRUE
NPqxKmJZ59,asa_NPqxKmJZ59_mls_eval_blended,Fricio Caicedo,fricio caicedo,2008-04-17,Ecuador,FB,NA,18.203969883641342,mls,zeQZkL1MKw,FB,overlapping_fullback,asa_live,0,Insufficient multi-season history for trend,blended,2025+2026 season to date,465,0.15196078431372548,medium,0.0040451612903225805,0,0.1935483870967742,9.731096774193546,1.5462193548387095,1.2596645161290323,3.09,2.3807741935483873,-0.02667096774193548,NA,0.88,NA,2026,NA,NA,FALSE,TRUE
NPqxKnY859,asa_NPqxKnY859_mls_eval_blended,Nonso Adimabua,nonso adimabua,2000-09-07,Nigeria,FW,NA,25.812457221081452,mls,0KPqjA456v,FW,pressing_striker,asa_live,0,Insufficient multi-season history for trend,blended,2025+2026 season to date,52,0.02,low,0,0,0,11.606923076923078,1.9213846153846155,1.5410384615384616,3.501923076923077,2.437692307692308,0.12288461538461538,NA,0.6799999999999999,NA,2026,117285,2,FALSE,TRUE
NPqxe1RjQ9,asa_NPqxe1RjQ9_mls_eval_blended,Felipe Carballo,felipe carballo,1996-10-04,Uruguay,CM,NA,28.739219712525667,mls,"c(""a2lqRX2Mr0"", ""WBLMvYAQxe"")",CM,ball_winning_midfielder,asa_live,0.12497009721048183,2024→2025 g+/90 change (longer-term trend),blended,2025+2026 season to date,1183,0.13531045751633985,low,0.08867624683009298,0,1.4454775993237532,12.464243448858834,2.092848689771767,1.669636517328825,5.155663567202028,2.8320033812341503,0.2694522400676247,NA,0.88,NA,2026,1199777,4,FALSE,TRUE
NPqxeJAkQ9,asa_NPqxeJAkQ9_mls_eval_blended,Jailson,jailson,1995-09-07,Brazil,CB,NA,29.815195071868583,mls,eVq3ya6MWO,CB,progressive_center_back,asa_live,0,Insufficient multi-season history for trend,blended,2025+2026 season to date,166,0.02,low,0.04098795180722892,0,0.54216867469879515,9.947469879518072,1.5894939759036144,1.2921204819277108,4.240210843373494,3.2959036144578313,0.14893373493975903,NA,0.8800000000000001,NA,2026,1317444,4,FALSE,TRUE
NPqxen8gQ9,asa_NPqxen8gQ9_mls_eval_blended,Adrián Marín,adrian marin,1997-01-09,Spain,FB,NA,28.473648186173854,mls,jYQJ8EW5GR,FB,overlapping_fullback,asa_live,-0.12752161003909412,2025→2026 YTD g+/90 change (short-term; 2026 incomplete),blended,2025+2026 season to date,1326,0.4787418300653595,medium,0.015657579924458116,0,0.3577298644075383,10.266931353363454,1.6533862706726907,1.3400397030045181,4.5944032365147285,2.7496285318566445,0.1432837681923409,NA,0.8800000000000001,NA,2026,577972,3,FALSE,TRUE
NPqxmgXkQ9,asa_NPqxmgXkQ9_mls_eval_blended,Daniel Steres,daniel steres,1990-11-11,USA,FB,NA,34.63655030800821,mls,YgOMngl5wN,FB,overlapping_fullback,asa_live,-0.0084283347712414,2024→2025 g+/90 change (longer-term trend),blended,2025+2026 season to date,446,0.05101307189542483,low,0.009484304932735428,0,0.20179372197309417,9.099372197309417,1.4198744394618834,1.1649058295964125,4.027634529147982,2.2764125560538115,0.06263677130044842,NA,0.88,NA,2026,323438,3,FALSE,TRUE
NPqxoNPx59,asa_NPqxoNPx59_mls_eval_blended,Osvald Søe,osvald soe,2005-11-05,Denmark,CB,NA,20.65160848733744,mls,zeQZBOzQKw,CB,progressive_center_back,asa_live,0,Insufficient multi-season history for trend,blended,2025+2026 season to date,477,0.15588235294117647,medium,0.003849056603773585,0,0.18867924528301888,9.335094339622643,1.4670188679245282,1.2002641509433962,4.717452830188679,1.8558490566037735,0.0740943396226415,NA,0.88,NA,2026,234996,2,FALSE,TRUE
NPqxx41Gq9,asa_NPqxx41Gq9_mls_eval_blended,Antoine Coupland,antoine coupland,2003-12-12,Canada,W,NA,21.5523613963039,mls,lgpMOvnQzy,W,transition_winger,asa_live,0,Insufficient multi-season history for trend,blended,2025+2026 season to date,25,0.02,low,0.21024,0,3.6,12.0752,2.01504,1.6112799999999998,8.166,0.7144000000000004,0.47268,NA,0.88,NA,2026,NA,NA,FALSE,TRUE
NPqxx91gq9,asa_NPqxx91gq9_mls_eval_blended,Ajani Fortune,ajani fortune,2002-12-30,Trinidad & Tobago,CM,NA,22.50239561943874,mls,KAqBN0Vqbg,CM,ball_winning_midfielder,asa_live,-0.02983437631689842,2024→2025 g+/90 change (longer-term trend),blended,2025+2026 season to date,687,0.32790849673202616,medium,0.0997132826307495,0,1.260152745787368,9.658075045779073,1.5316150091558147,1.248711256866861,3.5041680490777187,2.7662605993708964,0.13204922127722019,NA,0.88,NA,2026,120000,2,FALSE,TRUE
NPqxxADjq9,asa_NPqxxADjq9_mls_eval_blended,Clay Holstad,clay holstad,2000-01-12,USA,CM,NA,26.466803559206024,mls,mKAqBBmqbg,CM,ball_winning_midfielder,asa_live,0,Insufficient multi-season history for trend,blended,2025+2026 season to date,33,0.02,low,0,0,0,-6.530909090909091,-1.7061818181818185,-1.179636363636364,6.306818181818182,2.8927272727272726,-0.16772727272727275,NA,0.68,NA,2026,NA,NA,FALSE,TRUE
NPqxxLDkq9,asa_NPqxxLDkq9_mls_eval_blended,Andrew Privett,andrew privett,2000-08-02,USA,CB,NA,24.91170431211499,mls,NPqxKXZ59d,CB,progressive_center_back,asa_live,-0.02622634988011377,2024→2025 g+/90 change (longer-term trend),blended,2025+2026 season to date,1066.939687267312,0.4442647058823529,medium,0.018198272829751762,0,0.2027775423489908,12.632243760823915,2.126448752164783,1.694836564123587,4.735474820860922,2.320744128759702,0.17572792176117383,NA,0.8799999999999999,NA,2026,281400,2,FALSE,TRUE
NPqxxgBXq9,asa_NPqxxgBXq9_mls_eval_blended,Brandon Cambridge,brandon cambridge,2002-02-09,Canada,W,NA,23.38945927446954,mls,NPqxKXZ59d,W,transition_winger,asa_live,1.6710000000000003,2024→2025 g+/90 change (longer-term trend),blended,2025+2026 season to date,15,0.02,low,2.7216,0,6,8,1.2,1,7.695000000000001,0.0519999999999996,1.6800000000000002,NA,0.88,NA,2026,133026,2,FALSE,TRUE
NPqxxjAmq9,asa_NPqxxjAmq9_mls_eval_blended,Elijah Wynder,elijah wynder,2003-03-10,USA,CM,NA,22.310746064339494,mls,kaDQ0wRqEv,CM,ball_winning_midfielder,asa_live,0.006249646847309637,2025→2026 YTD g+/90 change (short-term; 2026 incomplete),blended,2025+2026 season to date,1198,0.5119444444444444,high,0.11106321994362037,0,0.7419866165914637,9.264364828474417,1.4528729656948833,1.1896547242711626,2.6676330460313604,2.7199335332738914,0.1274062575990922,NA,0.68,NA,2026,352208,3,FALSE,TRUE
NPqxxxKkq9,asa_NPqxxxKkq9_mls_eval_blended,Lyle Foster,lyle foster,2000-09-03,South Africa,W,NA,25.82340862422998,mls,YgOMngl5wN,W,transition_winger,asa_live,0,Insufficient multi-season history for trend,blended,2025+2026 season to date,24,0.02,low,0,0,0,8,1.2,1,2.04375,-5.1125,-0.284625,NA,0.88,NA,2026,NA,NA,FALSE,TRUE
NWMW0Bz5lz,asa_NWMW0Bz5lz_mls_eval_blended,Sergio Busquets,sergio busquets,1988-07-16,Spain,CM,NA,36.95824777549623,mls,zeQZkL1MKw,CM,ball_winning_midfielder,asa_live,-0.010975061200732578,2024→2025 g+/90 change (longer-term trend),blended,2025+2026 season to date,3809,0.43566993464052284,medium,0.010417694933053296,0,0.09451299553688632,10.354696770805987,1.670939354161197,1.3532045156208978,5.89623260698346,2.609115253347335,0.19234339721711735,NA,0.88,NA,2026,8774996,5,FALSE,TRUE
NWMWL3nL5l,asa_NWMWL3nL5l_mls_eval_blended,Mathías Laborda,mathias laborda,1999-09-15,Uruguay,FB,NA,25.793292265571527,mls,lgpMOvnQzy,FB,overlapping_fullback,asa_live,0.045640093015093,2024→2025 g+/90 change (longer-term trend),blended,2025+2026 season to date,2375,1,high,0.1467587774914604,0,1.1220471025349075,9.859310936657279,1.5718621873314556,1.2788966404985918,4.570826212021334,2.5762169353388864,0.18780668784083418,NA,0.88,NA,2026,1193625,4,FALSE,TRUE
NWMWLO7N5l,asa_NWMWLO7N5l_mls_eval_blended,Sam Junqua,sam junqua,1996-11-09,USA,FB,NA,28.640657084188913,mls,a2lqR4JMr0,FB,overlapping_fullback,asa_live,-0.014001250365439546,2024→2025 g+/90 change (longer-term trend),blended,2025+2026 season to date,1330,0.677124183006536,high,0.026471200855098062,0,0.4270378287944976,9.678821637698672,1.535764327539734,1.2518232456548006,3.7868757551817085,2.6503030950831863,0.09467391021470396,NA,0.8800000000000001,NA,2026,482813,3,FALSE,TRUE
NWMWV4LDQl,asa_NWMWV4LDQl_mls_eval_blended,Deybi Flores,deybi flores,1996-06-16,Honduras,CM,NA,29.0403832991102,mls,kRQabn8MKZ,CM,ball_winning_midfielder,asa_live,0.015226533048344398,2024→2025 g+/90 change (longer-term trend),blended,2025+2026 season to date,1506,0.17225490196078433,medium,0.05061155378486056,0,0.8366533864541833,11.737211155378485,1.9474422310756971,1.5605816733067732,3.8998505976095617,2.449561752988048,0.164300796812749,NA,0.68,NA,2026,656667,3,FALSE,TRUE
NWMWVA9NQl,asa_NWMWVA9NQl_mls_eval_blended,Khiry Shelton,khiry shelton,1993-06-26,USA,FB,NA,32.01368925393566,mls,Z2vQ1xlqrA,FB,overlapping_fullback,asa_live,-0.002538807737860277,2024→2025 g+/90 change (longer-term trend),blended,2025+2026 season to date,2040,0.23333333333333334,medium,0.016773529411764704,0,0.2647058823529412,10.428235294117647,1.6856470588235293,1.364235294117647,3.6499632352941176,2.497,0.1166205882352941,NA,0.88,NA,2026,775000,4,FALSE,TRUE
NWMWVR6jQl,asa_NWMWVR6jQl_mls_eval_blended,Brendan Hines-Ike,brendan hinesike,1994-11-30,USA,CB,NA,30.584531143052704,mls,gpMOLwl5zy,CB,progressive_center_back,asa_live,-0.005123572814375366,2024→2025 g+/90 change (longer-term trend),blended,2025+2026 season to date,1696,0.9321568627450979,high,0.05771911165501825,0,0.4176452279222433,9.635002122181037,1.5270004244362072,1.2452503183271557,3.868874766560086,2.4667621883930844,0.10719128986163379,NA,0.8799999999999999,NA,2026,375000,3,FALSE,TRUE
NWMWVZaDQl,asa_NWMWVZaDQl_mls_eval_blended,Josh Yaro,josh yaro,1994-11-18,Ghana,CB,NA,30.61738535249829,mls,wvq9B9wQWn,CB,progressive_center_back,asa_live,-0.09965537599906657,2024→2025 g+/90 change (longer-term trend),blended,2025+2026 season to date,1405,0.16070261437908495,medium,0.0310932384341637,0,0.19217081850533807,12.766861209964414,2.1533722419928827,1.7150291814946619,3.6871708185053382,1.5206975088967973,0.09524626334519573,NA,0.8800000000000001,NA,2026,204500,2,FALSE,TRUE
NWMWXRoE5l,asa_NWMWXRoE5l_mls_eval_blended,Andreas Maxsø,andreas maxso,1994-03-18,Denmark,CB,NA,31.288158795345655,mls,pzeQZ6xQKw,CB,progressive_center_back,asa_live,-0.0384830892812317,2024→2025 g+/90 change (longer-term trend),blended,2025+2026 season to date,3230,0.36944444444444446,medium,0.024879566563467494,0,0.25077399380804954,10.606043343653251,1.72120866873065,1.3909065015479878,3.8289473684210527,2.5156594427244583,0.10973312693498452,NA,0.88,NA,2026,1392500,4,FALSE,TRUE
NWMWXy775l,asa_NWMWXy775l_mls_eval_blended,Joakim Nilsson,joakim nilsson,1994-02-06,Sweden,CB,NA,31.397672826830938,mls,wvq9B9wQWn,CB,progressive_center_back,asa_live,0.26001384703280983,2024→2025 g+/90 change (longer-term trend),blended,2025+2026 season to date,167,0.02,low,0.3079940119760479,0,0.5389221556886228,15.93508982035928,2.787017964071856,2.190263473053892,4.230089820359281,2.7770059880239524,0.29689221556886225,NA,0.88,NA,2026,1255750,4,FALSE,TRUE
NWMWeDYqlz,asa_NWMWeDYqlz_mls_eval_blended,Nicolás Lodeiro,nicolas lodeiro,1989-03-21,Uruguay,W,NA,36.27926078028747,mls,YgOMngl5wN,W,transition_winger,asa_live,-0.07960058162141258,2024→2025 g+/90 change (longer-term trend),blended,2025+2026 season to date,679,0.07766339869281046,low,0.04720029455081001,0,0.7952871870397643,9.737437407952871,1.5474874815905741,1.2606156111929308,2.9973490427098675,1.8187039764359354,0.08577172312223859,NA,0.68,NA,2026,200000,2,FALSE,TRUE
NWMWgLbEMl,asa_NWMWgLbEMl_mls_eval_blended,Kevin Kelsy,kevin kelsy,2004-07-27,Venezuela,FW,NA,20.928131416837783,mls,WBLMvYAQxe,FW,pressing_striker,asa_live,-0.04603471331499642,2024→2025 g+/90 change (longer-term trend),blended,2025+2026 season to date,1371,0.6742810457516341,high,0.5137269403320641,0,2.5272883417251766,8.695740914423702,1.3391481828847402,1.104361137163555,1.5972619260928642,1.3117170575997976,0.19630582569539684,NA,0.68,NA,2026,802804,4,FALSE,TRUE
NWMWgLvKMl,asa_NWMWgLvKMl_mls_eval_blended,Dominik Chong Qui,dominik chong qui,2007-12-29,USA,FB,NA,17.505817932922657,mls,KAqBN0Vqbg,FB,overlapping_fullback,asa_live,0,Insufficient multi-season history for trend,blended,2025+2026 season to date,168,0.02,low,0.037446428571428575,0,0.5357142857142857,9.10142857142857,1.4202857142857144,1.1652142857142858,2.7696428571428573,1.6835714285714285,-0.005892857142857144,NA,0.68,NA,2026,80622,2,FALSE,TRUE
NWMWgjnDMl,asa_NWMWgjnDMl_mls_eval_blended,Sergio Vásquez,sergio vasquez,2004-01-04,Ecuador,CM,NA,22.48870636550308,mls,eVq3ya6MWO,CM,ball_winning_midfielder,asa_live,0,Insufficient multi-season history for trend,blended,2025+2026 season to date,50,0.02,low,0.028079999999999997,0,1.8,8.4896,1.29792,1.07344,7.3065,2.5144,0.27126,NA,0.88,NA,2026,NA,NA,FALSE,TRUE
NWMWj8JzQl,asa_NWMWj8JzQl_mls_eval_blended,Joran Gerbet,joran gerbet,2001-06-30,France,CM,NA,24.00273785078713,mls,jYQJ8EW5GR,CM,ball_winning_midfielder,asa_live,-0.05266387057940093,2025→2026 YTD g+/90 change (short-term; 2026 incomplete),blended,2025+2026 season to date,728.5481239804242,0.31784313725490193,medium,0.01387231714114765,0,0.2676338680726373,10.584734718507573,1.7169469437015143,1.3877102077761356,4.016495522815487,2.4968615729210883,0.14973829565270755,NA,0.8800000000000001,NA,2026,113400,2,FALSE,TRUE
NWMWjPKLQl,asa_NWMWjPKLQl_mls_eval_blended,Enzo Dovlo,enzo dovlo,2003-07-23,Togo,W,NA,22.940451745379878,mls,KAqBN0Vqbg,W,transition_winger,asa_live,0,Insufficient multi-season history for trend,blended,2025+2026 season to date,27,0.02,low,0.04933333333333333,0,3.3333333333333335,13.586666666666666,2.317333333333333,1.838,1.4916666666666663,2.8333333333333335,0.17266666666666666,NA,0.6800000000000002,NA,2026,NA,NA,FALSE,TRUE
NWMWlEAD5l,asa_NWMWlEAD5l_mls_eval_blended,Edwin Cerrillo,edwin cerrillo,2000-10-03,USA,CM,NA,24.7419575633128,mls,kaDQ0wRqEv,CM,ball_winning_midfielder,asa_live,0.0026725340150396126,2024→2025 g+/90 change (longer-term trend),blended,2025+2026 season to date,1429,0.8048692810457515,high,0.022838617689812764,0,0.56858681400386,8.246269814945494,1.249253962989099,1.036940472241824,4.661192091162662,2.6083913191561354,0.09571473824571089,NA,0.8800000000000001,NA,2026,662500,3,FALSE,TRUE
NWMWlWle5l,asa_NWMWlWle5l_mls_eval_blended,Brian White,brian white,1996-02-03,USA,FW,NA,29.4072553045859,mls,lgpMOvnQzy,FW,pressing_striker,asa_live,0.042416865268938064,2024→2025 g+/90 change (longer-term trend),blended,2025+2026 season to date,2206,0.9636274509803922,high,0.7405623501183485,0,3.1733136226326244,8.783187801506584,1.3566375603013168,1.1174781702259875,0.009338798533762571,1.884975373516265,0.2895300168717198,NA,0.68,NA,2026,1065000,4,FALSE,TRUE
NWMWlX6K5l,asa_NWMWlX6K5l_mls_eval_blended,Andrés Perea,andres perea,2000-11-14,Colombia,CM,NA,24.62696783025325,mls,Vj58weDM8n,CM,ball_winning_midfielder,asa_live,0.0028261182942029006,2024→2025 g+/90 change (longer-term trend),blended,2025+2026 season to date,1429,0.7125653594771241,high,0.12629976090377454,0,1.285586866487434,9.41829838482613,1.483659676965226,1.2127447577239194,3.126892117700362,2.4329926363438075,0.16097767363244903,NA,0.68,NA,2026,757000,4,FALSE,TRUE
NWMWlYdY5l,asa_NWMWlYdY5l_mls_eval_blended,Facundo Mura,facundo mura,1999-03-23,Argentina,FB,NA,27.274469541409992,mls,zeQZkL1MKw,FB,overlapping_fullback,asa_live,0,Insufficient multi-season history for trend,blended,2025+2026 season to date,1517,0.4957516339869281,medium,0.014487804878048781,0,0.23731048121292023,10.252551087673039,1.6505102175346078,1.337882663150956,2.7484508899143045,2.0906394199077125,0.04282860909690178,NA,0.88,NA,2026,1026875,4,FALSE,TRUE
NWMWlaDZ5l,asa_NWMWlaDZ5l_mls_eval_blended,Kobe Franklin,kobe franklin,2003-05-10,Canada,FB,NA,22.143737166324435,mls,kRQabn8MKZ,FB,overlapping_fullback,asa_live,0.037820668693009124,2024→2025 g+/90 change (longer-term trend),blended,2025+2026 season to date,1375,0.5518300653594771,medium,0.02845436746987952,0,0.4052710843373494,11.37573734939759,1.8751474698795179,1.5063606024096385,3.4219427710843373,2.0826006024096384,0.10264771084337349,NA,0.88,NA,2026,160802,2,FALSE,TRUE
NWMWllOE5l,asa_NWMWllOE5l_mls_eval_blended,Wilson Eisner,wilson eisner,2002-05-03,USA,FB,NA,24.161533196440793,mls,zeQZBOzQKw,FB,overlapping_fullback,asa_live,0,Insufficient multi-season history for trend,blended,2025+2026 season to date,157,0.05130718954248366,low,0.10960509554140128,0,0.5732484076433121,11.033630573248407,1.8067261146496816,1.4550445859872612,2.580095541401274,3.2199999999999998,0.1593630573248408,NA,0.68,NA,2026,95290,2,FALSE,TRUE
NWMWlvPZ5l,asa_NWMWlvPZ5l_mls_eval_blended,Loic Williams,loic williams,2002-01-07,Spain,CB,NA,24.479123887748116,mls,pzeQZ6xQKw,CB,progressive_center_back,asa_live,0,Insufficient multi-season history for trend,blended,2025+2026 season to date,1205,0.3937908496732026,medium,0.04381991701244813,0,0.37344398340248963,9.394290456431536,1.478858091286307,1.2091435684647303,4.440746887966805,2.8063734439834027,0.14721908713692947,NA,0.8800000000000001,NA,2026,NA,NA,FALSE,TRUE
NWMWnVEQlz,asa_NWMWnVEQlz_mls_eval_blended,Lorenzo Insigne,lorenzo insigne,1991-06-04,Italy,W,NA,34.07529089664613,mls,kRQabn8MKZ,W,transition_winger,asa_live,-0.11001878324363455,2024→2025 g+/90 change (longer-term trend),blended,2025+2026 season to date,945,0.10808823529411765,low,0.12481904761904761,0,1.619047619047619,9.240380952380953,1.4480761904761903,1.186057142857143,2.3776190476190475,2.624190476190476,0.10278095238095238,NA,0.68,NA,2026,15400000,5,FALSE,TRUE
NWMWo3ZNMl,asa_NWMWo3ZNMl_mls_eval_blended,Johnny Selemani,johnny selemani,2008-03-16,Canada,W,NA,17.29226557152635,mls,lgpMOvnQzy,W,transition_winger,asa_live,0.06279545454545454,2025→2026 YTD g+/90 change (short-term; 2026 incomplete),blended,2025+2026 season to date,28.05,0.02,low,0.1706181818181818,0,2.318181818181818,9.142454545454546,1.428490909090909,1.1713681818181816,0.6524147727272727,0.9822727272727271,-0.03012613636363637,NA,0.85,NA,2026,NA,NA,FALSE,TRUE
NWMWoA1eMl,asa_NWMWoA1eMl_mls_eval_blended,Matthew Evans,matthew evans,2006-05-25,Guatemala,W,NA,20.10130047912389,mls,eVq3ya6MWO,W,transition_winger,asa_live,0,Insufficient multi-season history for trend,blended,2025+2026 season to date,65,0.021241830065359478,low,0.2371846153846154,0,2.769230769230769,11.262153846153847,1.8524307692307693,1.489323076923077,2.5846153846153848,2.5387692307692307,0.23746153846153845,NA,0.68,NA,2026,88025,2,FALSE,TRUE
NWMWoG7LMl,asa_NWMWoG7LMl_mls_eval_blended,Iago,iago,2005-04-18,Brazil,CB,NA,21.201916495550993,mls,jYQJ8EW5GR,CB,progressive_center_back,asa_live,0,Insufficient multi-season history for trend,blended,2025+2026 season to date,1409,0.46045751633986925,medium,0.04124414478353443,0,0.5748757984386089,11.189921930447126,1.837984386089425,1.4784882895670688,3.8533711852377572,2.123264726756565,0.14405748757984385,NA,0.88,NA,2026,551875,3,FALSE,TRUE
NWMWoJg7Ml,asa_NWMWoJg7Ml_mls_eval_blended,Leo Duru,leo duru,2005-01-12,USA,FB,NA,20.465434633812457,mls,zeQZBOzQKw,FB,overlapping_fullback,asa_live,0,Insufficient multi-season history for trend,blended,2025+2026 season to date,53,0.02,low,0,0,0,4.563018867924528,0.5126037735849056,0.48445283018867924,3.6495283018867926,1.8139622641509434,-0.07488679245283018,NA,0.6799999999999999,NA,2026,98234,2,FALSE,TRUE
NWMWoN6KMl,asa_NWMWoN6KMl_mls_eval_blended,Ilay Feingold,ilay feingold,2004-08-23,Israel,FB,NA,20.854209445585216,mls,19vQ2095K6,FB,overlapping_fullback,asa_live,-0.01405784186401833,2025→2026 YTD g+/90 change (short-term; 2026 incomplete),blended,2025+2026 season to date,1112.7741935483873,0.559607843137255,medium,0.04445465542521994,0,0.6373900293255133,8.97509853372434,1.395019706744868,1.146264780058651,3.4634571114369503,2.903391348973607,0.11097105571847507,NA,0.8800000000000001,NA,2026,575000,3,FALSE,TRUE
NWMWoYveMl,asa_NWMWoYveMl_mls_eval_blended,Eric Izoita,eric izoita,2007-09-08,USA,CM,NA,18.811772758384667,mls,WBLMvYAQxe,CM,ball_winning_midfielder,asa_live,0,Insufficient multi-season history for trend,blended,2025+2026 season to date,127,0.04150326797385621,low,0.06519685039370078,0,2.125984251968504,4.859212598425197,0.5718425196850394,0.5288818897637796,4.6458661417322835,1.8622047244094488,0.03798425196850393,NA,0.68,NA,2026,NA,NA,FALSE,TRUE
Oa5w0DPWq1,asa_Oa5w0DPWq1_mls_eval_blended,Giovanny Sequera,giovanny sequera,2006-02-14,Venezuela,FB,NA,20.3750855578371,mls,9z5k7Yg5A3,FB,overlapping_fullback,asa_live,0,Insufficient multi-season history for trend,blended,2025+2026 season to date,84,0.027450980392156862,low,0.16939285714285712,0,1.0714285714285714,10.061428571428571,1.612285714285714,1.3092142857142857,4.749107142857143,3.085,0.19735714285714284,NA,0.68,NA,2026,NA,NA,FALSE,TRUE
Oa5w0Kv4q1,asa_Oa5w0Kv4q1_mls_eval_blended,Patrick Agyemang,patrick agyemang,2000-11-07,Ghana,FW,NA,24.646132785763175,mls,NPqxKXZ59d,FW,pressing_striker,asa_live,-0.01144208693599319,2024→2025 g+/90 change (longer-term trend),blended,2025+2026 season to date,1316,0.15052287581699345,medium,0.4120919452887538,0,2.393617021276596,8.538632218844985,1.3077264437689968,1.0807948328267476,1.567762158054711,2.865060790273556,0.3279802431610942,NA,0.68,NA,2026,104000,2,FALSE,TRUE
Oa5w0LVXq1,asa_Oa5w0LVXq1_mls_eval_blended,Gallatin Sandnes,gallatin sandnes,2008-06-03,USA,CB,NA,18.075290896646134,mls,jYQJ19EqGR,CB,progressive_center_back,asa_live,0,Insufficient multi-season history for trend,blended,2025+2026 season to date,35,0.02,low,0,0,0,4.9554285714285715,0.5910857142857142,0.5433142857142856,5.320714285714286,2.8034285714285714,0.030342857142857137,NA,0.88,NA,2026,NA,NA,FALSE,TRUE
Oa5w0Lp9q1,asa_Oa5w0Lp9q1_mls_eval_blended,Pedrinho,pedrinho,2003-04-18,Brazil,W,NA,22.203969883641342,mls,mKAqBBmqbg,W,transition_winger,asa_live,0,Insufficient multi-season history for trend,blended,2025+2026 season to date,1120,0.12810457516339868,low,0.22495982142857143,0,1.125,10.019857142857143,1.6039714285714286,1.3029785714285715,4.258794642857143,4.579321428571429,0.31246875,NA,0.68,NA,2026,104000,2,FALSE,TRUE
Oa5w0nABq1,asa_Oa5w0nABq1_mls_eval_blended,Ignacio Couri,ignacio couri,2009-04-03,USA,CM,NA,17.242984257357975,mls,KAqBN0Vqbg,CM,ball_winning_midfielder,asa_live,0,Insufficient multi-season history for trend,blended,2025+2026 season to date,12,0.02,low,0,0,0,72.80000000000001,14.160000000000002,10.72,-1.6312499999999996,2.5,1.4639999999999997,NA,0.68,NA,2026,NA,NA,FALSE,TRUE
Oa5wA32jQ1,asa_Oa5wA32jQ1_mls_eval_blended,Alejandro Piedrahita,alejandro piedrahita,2002-09-03,Colombia,CM,NA,23.824777549623544,mls,kRQabn8MKZ,CM,ball_winning_midfielder,asa_live,0,Insufficient multi-season history for trend,blended,2025+2026 season to date,23,0.02,low,0,0,0,8.04695652173913,1.209391304347826,1.0070434782608695,3.215217391304348,-5.772173913043478,-0.40147826086956523,NA,0.8799999999999999,NA,2026,NA,NA,FALSE,TRUE
Oa5wAAe4Q1,asa_Oa5wAAe4Q1_mls_eval_blended,Obafemi Awodesu,obafemi awodesu,2001-04-05,USA,CB,NA,24.238193018480494,mls,YgOMngl5wN,CB,progressive_center_back,asa_live,0,Insufficient multi-season history for trend,blended,2025+2026 season to date,1755,0.20073529411764707,medium,0.024953846153846153,0,0.15384615384615385,9.724102564102564,1.5448205128205128,1.258615384615385,3.6180769230769227,2.817025641025641,0.08983076923076923,NA,0.88,NA,2026,89089,2,FALSE,TRUE
Oa5wAK9WQ1,asa_Oa5wAK9WQ1_mls_eval_blended,Tyler Wolff,tyler wolff,2003-02-13,USA,W,NA,22.379192334017795,mls,a2lqR4JMr0,W,transition_winger,asa_live,0.014034449620824369,2024→2025 g+/90 change (longer-term trend),blended,2025+2026 season to date,453,0.051813725490196076,low,0.10454304635761588,0,0.7947019867549668,10.332450331125827,1.6664900662251654,1.3498675496688741,2.716887417218543,2.661721854304636,0.14179470198675498,NA,0.68,NA,2026,160000,2,FALSE,TRUE
Oa5wAP44Q1,asa_Oa5wAP44Q1_mls_eval_blended,Charles Sharp,charles sharp,2001-06-23,USA,FW,NA,24.021902806297057,mls,kRQabn8MKZ,FW,pressing_striker,asa_live,-0.02873880597014926,2024→2025 g+/90 change (longer-term trend),blended,2025+2026 season to date,134,0.02,low,0.35778358208955224,0,1.3432835820895523,8.373432835820896,1.2746865671641792,1.0560149253731343,3.258582089552239,0.5294029850746271,0.03526119402985074,NA,0.88,NA,2026,80622,2,FALSE,TRUE
Oa5wAaRjQ1,asa_Oa5wAaRjQ1_mls_eval_blended,Talles Magno,talles magno,2002-06-26,Brazil,FW,NA,24.01368925393566,mls,Vj58weDM8n,FW,pressing_striker,asa_live,0,Insufficient multi-season history for trend,blended,2025+2026 season to date,537,0.17549019607843136,medium,0.5431508379888269,0,3.8547486033519553,8.987486033519552,1.3974972067039104,1.148122905027933,0.9850558659217875,2.071284916201117,0.26061452513966477,NA,0.68,NA,2026,1365000,4,FALSE,TRUE
Oa5wAe74Q1,asa_Oa5wAe74Q1_mls_eval_blended,Cheick Tidiane Sabaly,cheick tidiane sabaly,1999-03-04,Senegal,W,NA,27.326488706365502,mls,lgpMOvnQzy,W,transition_winger,asa_live,0,Insufficient multi-season history for trend,blended,2025+2026 season to date,993,0.32450980392156864,medium,0.28822658610271906,0,1.8126888217522659,9.259456193353474,1.4518912386706948,1.1889184290030212,2.565407854984894,2.783504531722054,0.2439425981873112,NA,0.68,NA,2026,1414727,4,FALSE,TRUE
Oa5wAkz9Q1,asa_Oa5wAkz9Q1_mls_eval_blended,Patrick Weah,patrick weah,2003-12-15,USA,CM,NA,21.544147843942504,mls,KAqBN0Vqbg,CM,ball_winning_midfielder,asa_live,0.32650471698113215,2024→2025 g+/90 change (longer-term trend),blended,2025+2026 season to date,8,0.02,low,0,0,0,8,1.2,1,14.615625000000001,2.5225,0.4927500000000001,NA,0.68,NA,2026,103008,2,FALSE,TRUE
Oa5wApPjQ1,asa_Oa5wApPjQ1_mls_eval_blended,Iuri Tavares,iuri tavares,2001-03-08,Portugal,CM,NA,24.314852840520192,mls,NPqxKXZ59d,CM,ball_winning_midfielder,asa_live,-0.10292403909552808,2024→2025 g+/90 change (longer-term trend),blended,2025+2026 season to date,46,0.02,low,0.2136521739130435,0,1.9565217391304348,10.770434782608696,1.7540869565217392,1.4155652173913043,3.1907608695652168,3.2904347826086955,0.21189130434782608,NA,0.68,NA,2026,116053,2,FALSE,TRUE
Oa5wV0XXM1,asa_Oa5wV0XXM1_mls_eval_blended,Benjamín Kuscevic,benjamin kuscevic,1996-05-02,Chile,CB,NA,30.16290212183436,mls,kRQabn8MKZ,CB,progressive_center_back,asa_live,0,Insufficient multi-season history for trend,blended,2025+2026 season to date,1287,0.42058823529411765,medium,0.03804895104895105,0,0.6993006993006993,11.66097902097902,1.9321958041958045,1.549146853146853,3.462062937062937,2.4655944055944055,0.14383916083916082,NA,0.88,NA,2026,804982,4,FALSE,TRUE
Oa5wV17gM1,asa_Oa5wV17gM1_mls_eval_blended,Martín Ojeda,martin ojeda,1998-11-27,Argentina,FW,NA,26.5927446954141,mls,jYQJ8EW5GR,FW,pressing_striker,asa_live,0.1421580864858244,2024→2025 g+/90 change (longer-term trend),blended,2025+2026 season to date,1931,0.9826470588235293,high,0.4424251696466261,0,3.0569776749713826,9.081004726439946,1.4162009452879893,1.1621507089659922,3.801118662501326,3.143706356842878,0.29685013898893803,NA,0.7332117065754467,NA,2026,1778200,5,FALSE,TRUE
Oa5wVYvWM1,asa_Oa5wVYvWM1_mls_eval_blended,Ezequiel Ponce,ezequiel ponce,1997-03-29,Argentina,FW,NA,28.257357973990416,mls,YgOMngl5wN,FW,pressing_striker,asa_live,0.054225742259930154,2024→2025 g+/90 change (longer-term trend),blended,2025+2026 season to date,1253,0.7513562091503266,high,0.3127807336578206,0,1.9801638265036317,8.6860393485792,1.3372078697158396,1.10290590228688,2.132889141907424,1.6710460937415683,0.154807962529274,NA,0.68,NA,2026,3000212,5,FALSE,TRUE
Oa5wVgVYM1,asa_Oa5wVgVYM1_mls_eval_blended,Chris Mueller,chris mueller,1996-08-29,USA,FW,NA,29.83709787816564,mls,X0Oq66zq6D,FW,pressing_striker,asa_live,0,Insufficient multi-season history for trend,blended,2025+2026 season to date,114,0.03725490196078431,low,0.32044736842105265,0,0.7894736842105263,10.128421052631579,1.6256842105263156,1.3192631578947367,1.1092105263157894,0.5152631578947366,-0.03386842105263158,NA,0.68,NA,2026,186600,2,FALSE,TRUE
Oa5wVmeYM1,asa_Oa5wVmeYM1_mls_eval_blended,Taylor Booth,taylor booth,2001-05-31,USA,W,NA,25.084188911704313,mls,a2lqR4JMr0,W,transition_winger,asa_live,0,Insufficient multi-season history for trend,blended,2025+2026 season to date,73,0.023856209150326796,low,0.19405479452054794,0,3.6986301369863015,9.173698630136986,1.4347397260273973,1.176054794520548,2.56541095890411,1.688767123287671,-0.09234246575342465,NA,0.68,NA,2026,NA,NA,FALSE,TRUE
Oa5wVzeWM1,asa_Oa5wVzeWM1_mls_eval_blended,José Cifuentes,jose cifuentes,1999-03-12,Ecuador,CM,NA,26.305270362765228,mls,kRQabn8MKZ,CM,ball_winning_midfielder,asa_live,0.03989311317876751,2025→2026 YTD g+/90 change (short-term; 2026 incomplete),blended,2025+2026 season to date,894,0.35254901960784313,medium,0.05938871620850919,0,0.7707881829588229,10.340107790578305,1.668021558115661,1.3510161685867457,3.9461777831641385,2.542478898140755,0.15241395289152504,NA,0.68,NA,2026,1570000,5,FALSE,TRUE
Oa5wY8RXQ1,asa_Oa5wY8RXQ1_mls_eval_blended,Hany Mukhtar,hany mukhtar,1995-03-21,Germany,FW,NA,30.28062970568104,mls,vzqoOgNqap,FW,pressing_striker,asa_live,0.0396851091367712,2024→2025 g+/90 change (longer-term trend),blended,2025+2026 season to date,2501,1,high,0.37270881675867085,0,3.018636526729409,8.708450392617614,1.3416900785235226,1.1062675588926418,3.0635109360950077,2.7157387357283955,0.26184889621965735,NA,0.8799999999999999,NA,2026,5411667,5,FALSE,TRUE
Oa5wYKEXQ1,asa_Oa5wYKEXQ1_mls_eval_blended,João Paulo,joao paulo,1991-03-08,Brazil,CM,NA,34.31622176591376,mls,jYQJ19EqGR,CM,ball_winning_midfielder,asa_live,-0.09787402708824271,2024→2025 g+/90 change (longer-term trend),blended,2025+2026 season to date,545,0.06233660130718954,low,0.02117064220183486,0,0.6605504587155964,12.598091743119266,2.1196183486238533,1.6897137614678899,3.4177981651376146,1.7245137614678898,0.07122385321100917,NA,0.88,NA,2026,625000,3,FALSE,TRUE
Oa5wYLD9Q1,asa_Oa5wYLD9Q1_mls_eval_blended,Robin Jansson,robin jansson,1991-11-15,Sweden,CB,NA,33.62628336755647,mls,jYQJ8EW5GR,CB,progressive_center_back,asa_live,-0.04398408978994078,2024→2025 g+/90 change (longer-term trend),blended,2025+2026 season to date,1992,0.9988071895424836,high,0.02677651308784893,0,0.08730240941897094,10.576328996532286,1.715265799306457,1.3864493494798429,4.856398005123637,2.5055632995910764,0.12362503035532713,NA,0.88,NA,2026,530000,3,FALSE,TRUE
Oa5wd2W9q1,asa_Oa5wd2W9q1_mls_eval_blended,Mohamed Elias Achouri,mohamed elias achouri,1999-02-10,Tunisia,W,NA,27.38672142368241,mls,zeQZBOzQKw,W,transition_winger,asa_live,0,Insufficient multi-season history for trend,blended,2025+2026 season to date,621,0.20294117647058824,medium,0.3171304347826087,0,2.318840579710145,8.615072463768115,1.3230144927536232,1.0922608695652174,3.39927536231884,3.570144927536232,0.31473913043478263,NA,0.68,NA,2026,NA,NA,FALSE,TRUE
Oa5wd4DXq1,asa_Oa5wd4DXq1_mls_eval_blended,Ran Binyamin,ran binyamin,2004-02-06,Israel,FB,NA,22.39835728952772,mls,mKAqBBmqbg,FB,overlapping_fullback,asa_live,0,Insufficient multi-season history for trend,blended,2025+2026 season to date,1025,0.3349673202614379,medium,0.08988585365853659,0,0.9658536585365853,10.060956097560975,1.612191219512195,1.3091434146341463,2.208219512195122,2.8013463414634145,0.12741365853658534,NA,0.68,NA,2026,302083,3,FALSE,TRUE
Oa5wdglAq1,asa_Oa5wdglAq1_mls_eval_blended,Aron John,aron john,2006-04-03,USA,CM,NA,20.243668720054757,mls,NPqxKXZ59d,CM,ball_winning_midfielder,asa_live,0,Insufficient multi-season history for trend,blended,2025+2026 season to date,3,0.02,low,0,0,0,8,1.2,1,-6.675000000000001,4.18,-0.291,NA,0.88,NA,2026,NA,NA,FALSE,TRUE
Oa5wdol4q1,asa_Oa5wdol4q1_mls_eval_blended,Maximo Carrizo,maximo carrizo,2008-02-28,USA,W,NA,17.338809034907598,mls,Vj58weDM8n,W,transition_winger,asa_live,0.01126104862981149,2025→2026 YTD g+/90 change (short-term; 2026 incomplete),blended,2025+2026 season to date,118,0.05080065359477124,low,0.04943495564707746,0,0.8293600506890543,9.841641216537305,1.5683282433074606,1.2762461824805953,1.8364803777918581,1.0134032947885319,0.027343362901948366,NA,0.7100000000000001,NA,2026,183523,2,FALSE,TRUE
Oa5wdxN9q1,asa_Oa5wdxN9q1_mls_eval_blended,Nolan Norris,nolan norris,2005-02-17,USA,FB,NA,20.366872005475702,mls,mKAqBBmqbg,FB,overlapping_fullback,asa_live,0.18543908265647396,2024→2025 g+/90 change (longer-term trend),blended,2025+2026 season to date,1806,0.6838725490196079,medium,0.059430505248941,0,0.36896064829025726,11.735134139603414,1.9470268279206826,1.560270120940512,3.7918741175026094,2.403708023819756,0.16345527656700842,NA,0.8241340782122905,NA,2026,218642,2,FALSE,TRUE
OlMl9V2R5L,asa_OlMl9V2R5L_mls_eval_blended,Birk Risa,birk risa,1998-02-13,Norway,FB,NA,27.378507871321013,mls,Vj58weDM8n,FB,overlapping_fullback,asa_live,0.08120109355368191,2024→2025 g+/90 change (longer-term trend),blended,2025+2026 season to date,1187,0.13576797385620915,low,0.016536647009267057,0,0.3032855939342881,12.936276326874474,2.1872552653748945,1.740441449031171,4.30924599831508,2.417051390058972,0.1821609098567818,NA,0.68,NA,2026,908250,4,FALSE,TRUE
OlMl9jKy5L,asa_OlMl9jKy5L_mls_eval_blended,Carlo Holse,carlo holse,1999-06-02,Denmark,W,NA,27.080082135523615,mls,wvq9B9wQWn,W,transition_winger,asa_live,0,Insufficient multi-season history for trend,blended,2025+2026 season to date,378,0.12352941176470589,low,0.6237380952380952,0,2.619047619047619,7.770476190476191,1.154095238095238,0.9655714285714285,4.401190476190476,4.132380952380952,0.36116666666666664,NA,0.88,NA,2026,NA,NA,FALSE,TRUE
OlMl9zeE5L,asa_OlMl9zeE5L_mls_eval_blended,Sam Vines,sam vines,1999-05-31,USA,FB,NA,26.086242299794662,mls,pzeQZ6xQKw,FB,overlapping_fullback,asa_live,0.027662215577596266,2024→2025 g+/90 change (longer-term trend),blended,2025+2026 season to date,1224,0.19901960784313724,medium,0.05718799107142858,0,0.5535714285714286,11.5652875,1.9130574999999999,1.5347931249999998,3.265299107142857,2.74171875,0.15769415178571428,NA,0.85,NA,2026,912500,4,FALSE,TRUE
OlMlB6eAqL,asa_OlMlB6eAqL_mls_eval_blended,Amin Boudri,amin boudri,2004-09-29,Sweden,W,NA,21.752224503764545,mls,eVq3ya6MWO,W,transition_winger,asa_live,0,Insufficient multi-season history for trend,blended,2025+2026 season to date,104,0.03398692810457516,low,0.6650480769230769,0,3.4615384615384617,8.948461538461538,1.3896923076923078,1.1422692307692308,4.706971153846154,5.475192307692307,0.6331153846153847,NA,0.88,NA,2026,742000,4,FALSE,TRUE
OlMlB7yAqL,asa_OlMlB7yAqL_mls_eval_blended,Jake Girdwood-Reich,jake girdwoodreich,2004-05-26,Australia,CB,NA,21.097878165639973,mls,wvq9B9wQWn,CB,progressive_center_back,asa_live,0.04524384236453202,2024→2025 g+/90 change (longer-term trend),blended,2025+2026 season to date,580,0.06633986928104575,low,0,0,0,11.553448275862069,1.910689655172414,1.5330172413793104,3.321594827586207,2.235586206896552,0.08317241379310346,NA,0.88,NA,2026,281027,2,FALSE,TRUE
OlMlBKG4qL,asa_OlMlBKG4qL_mls_eval_blended,Ahmed Qasem,ahmed qasem,2003-07-12,Sweden,W,NA,21.971252566735114,mls,vzqoOgNqap,W,transition_winger,asa_live,-0.08047813280317276,2025→2026 YTD g+/90 change (short-term; 2026 incomplete),blended,2025+2026 season to date,1114,0.5238398692810458,high,0.10994396047918084,0,1.3157861506662174,9.041383954749467,1.4082767909498934,1.15620759321242,2.201229126202865,2.403536172566983,0.10906628079227894,NA,0.68,NA,2026,650000,3,FALSE,TRUE
OlMlBVn0qL,asa_OlMlBVn0qL_mls_eval_blended,Marcus Caldeira,marcus caldeira,2004-10-14,Canada,FW,NA,21.711156741957563,mls,kRQand1MKZ,FW,pressing_striker,asa_live,0,Insufficient multi-season history for trend,blended,2025+2026 season to date,570,0.18627450980392157,medium,0.41984210526315785,0,2.3684210526315788,9.128,1.4256,1.1692,2.076315789473684,1.5077894736842106,0.14747368421052628,NA,0.68,NA,2026,88025,2,FALSE,TRUE
OlMlBalgqL,asa_OlMlBalgqL_mls_eval_blended,Juan José Mina,juan jose mina,2004-07-27,Colombia,FB,NA,21.927446954141,mls,a2lqRX2Mr0,FB,overlapping_fullback,asa_live,0,Insufficient multi-season history for trend,blended,2025+2026 season to date,209,0.06830065359477124,low,0.1461531100478469,0,2.15311004784689,12.540478468899522,2.1080956937799042,1.6810717703349283,3.694377990430622,3.572248803827751,0.26448803827751194,NA,0.8799999999999999,NA,2026,190432,2,FALSE,TRUE
OlMlBn1yqL,asa_OlMlBn1yqL_mls_eval_blended,Warren Madrigal,warren madrigal,2004-07-24,Costa Rica,W,NA,21.935660506502394,mls,vzqoOgNqap,W,transition_winger,asa_live,0,Insufficient multi-season history for trend,blended,2025+2026 season to date,923,0.30163398692810456,medium,0.308661971830986,0,2.340195016251354,11.766153846153845,1.953230769230769,1.5649230769230769,3.1421180931744312,2.6770747562296857,0.2568266522210184,NA,0.88,NA,2026,403500,3,FALSE,TRUE
OlMle3AD5L,asa_OlMle3AD5L_mls_eval_blended,Thomas Williams,thomas williams,2004-08-15,USA,CB,NA,20.876112251882272,mls,jYQJ8EW5GR,CB,progressive_center_back,asa_live,0,Insufficient multi-season history for trend,blended,2025+2026 season to date,17,0.02,low,0,0,0,22.569411764705883,4.113882352941176,3.1854117647058824,3,2.5,0.3118235294117647,NA,0.78,NA,2026,163875,2,FALSE,TRUE
OlMleKow5L,asa_OlMleKow5L_mls_eval_blended,David Doudera,david doudera,1998-05-31,Czech Republic,FW,NA,28.084873374401095,mls,NWMWlBK5lz,FW,pressing_striker,asa_live,0,Insufficient multi-season history for trend,blended,2025+2026 season to date,39,0.02,low,0,0,0,11.286153846153846,1.8572307692307692,1.492923076923077,5.6826923076923075,2.647692307692308,0.23953846153846156,NA,0.88,NA,2026,NA,NA,FALSE,TRUE
OlMleNXN5L,asa_OlMleNXN5L_mls_eval_blended,Justin Reynolds,justin reynolds,2004-08-04,USA,FB,NA,20.906228610540726,mls,X0Oq66zq6D,FB,overlapping_fullback,asa_live,0.36752185556141276,2024→2025 g+/90 change (longer-term trend),blended,2025+2026 season to date,857,0.3000816993464052,medium,0.23647976878612714,0,0.6936416184971097,10.121849710982659,1.6243699421965319,1.318277456647399,2.8062138728323696,2.808092485549133,0.20309248554913292,NA,0.7900834938985228,NA,2026,123400,2,FALSE,TRUE
OlMleWzR5L,asa_OlMleWzR5L_mls_eval_blended,Rafael Navarro,rafael navarro,2000-04-14,Brazil,FW,NA,25.21286789869952,mls,pzeQZ6xQKw,FW,pressing_striker,asa_live,0.08545373968784042,2024→2025 g+/90 change (longer-term trend),blended,2025+2026 season to date,2544,1,high,0.6022644868349369,0,2.738642422573939,9.268481048660938,1.4536962097321877,1.1902721572991408,2.4031691583945363,2.785096657675191,0.28227693960066574,NA,0.6799999999999999,NA,2026,1449600,4,FALSE,TRUE
OlMleawP5L,asa_OlMleawP5L_mls_eval_blended,Carlos Terán,carlos teran,2000-09-24,Colombia,CB,NA,24.76659822039699,mls,X0Oq66zq6D,CB,progressive_center_back,asa_live,-0.14769894113576254,2024→2025 g+/90 change (longer-term trend),blended,2025+2026 season to date,602,0.0688562091503268,low,0.027717607973421928,0,0.4485049833887043,10.59594684385382,1.7191893687707642,1.389392026578073,4.276744186046511,1.8389036544850499,0.06516777408637874,NA,0.88,NA,2026,669000,3,FALSE,TRUE
OlMlegLA5L,asa_OlMlegLA5L_mls_eval_blended,Mauricio Cuevas,mauricio cuevas,2003-02-10,USA,FB,NA,22.38740588637919,mls,kaDQ0wRqEv,FB,overlapping_fullback,asa_live,0.09590168054766086,2024→2025 g+/90 change (longer-term trend),blended,2025+2026 season to date,821,0.3759313725490196,medium,0.033033119745455225,0,0.5159436329222972,10.674726999478082,1.7349453998956168,1.4012090499217125,3.268550547384439,2.7421114387941823,0.15682549094819184,NA,0.7720447074293229,NA,2026,268500,2,FALSE,TRUE
OlMlezzg5L,asa_OlMlezzg5L_mls_eval_blended,Lukas MacNaughton,lukas macnaughton,1995-03-08,Canada,CB,NA,30.316221765913756,mls,EKXMeX3Q64,CB,progressive_center_back,asa_live,0.0931630529369108,2024→2025 g+/90 change (longer-term trend),blended,2025+2026 season to date,1249,0.4983006535947712,medium,0.05342467958317815,0,0.5231890361580714,9.61556461337716,1.5231129226754314,1.2423346920065736,4.3888805400661015,2.3604655778181183,0.1388420405622563,NA,0.8800000000000001,NA,2026,219306,2,FALSE,TRUE
OlMlkNP0QL,asa_OlMlkNP0QL_mls_eval_blended,Kwaku Agyabeng,kwaku agyabeng,2006-06-27,Ghana,CM,NA,20.01095140314853,mls,Z2vQ1xlqrA,CM,ball_winning_midfielder,asa_live,0,Insufficient multi-season history for trend,blended,2025+2026 season to date,896,0.2928104575163399,medium,0.0121640625,0,0.20089285714285715,9.1503125,1.4300625,1.172546875,2.923911830357143,2.659910714285714,0.03826004464285714,NA,0.88,NA,2026,88858,2,FALSE,TRUE
OlMlkkvPQL,asa_OlMlkkvPQL_mls_eval_blended,Malik Jakupovic,malik jakupovic,2009-06-24,USA,FW,NA,17.018480492813143,mls,9z5k7Yg5A3,FW,pressing_striker,asa_live,0,Insufficient multi-season history for trend,blended,2025+2026 season to date,124,0.040522875816993466,low,0.5803548387096774,0,1.4516129032258065,14.889354838709677,2.5778709677419354,2.0334032258064516,2.7278225806451615,1.270483870967742,0.414,NA,0.88,NA,2026,105956,2,FALSE,TRUE
OlMlnxlDqL,asa_OlMlnxlDqL_mls_eval_blended,Tristan Blackmon,tristan blackmon,1996-08-12,USA,CB,NA,28.88432580424367,mls,lgpMOvnQzy,CB,progressive_center_back,asa_live,0.08858893308958689,2024→2025 g+/90 change (longer-term trend),blended,2025+2026 season to date,2479,1,high,0.08115092120902483,0,0.6317899728615308,8.979340602133002,1.3958681204266004,1.1469010903199504,5.256530621837669,2.7170574711387543,0.16538355959901183,NA,0.88,NA,2026,975000,4,FALSE,TRUE
OlMlonPQLz,asa_OlMlonPQLz_mls_eval_blended,Marco Reus,marco reus,1989-05-31,Germany,W,NA,36.0848733744011,mls,kaDQ0wRqEv,W,transition_winger,asa_live,0.05078601147776182,2024→2025 g+/90 change (longer-term trend),blended,2025+2026 season to date,2003,0.842156862745098,high,0.3209368181695136,0,1.6631926585636556,9.369767467042038,1.4739534934084078,1.205465120056306,3.6327501962588995,2.44656343899732,0.21362913835575645,NA,0.88,NA,2026,902364,4,FALSE,TRUE
Pk5L1BXPqO,asa_Pk5L1BXPqO_mls_eval_blended,Júnior Urso,junior urso,1989-03-10,Brazil,CM,NA,36.309377138945926,mls,YgOMngl5wN,CM,ball_winning_midfielder,asa_live,0.003076007039636522,2024→2025 g+/90 change (longer-term trend),blended,2025+2026 season to date,1123,0.12844771241830064,low,0.10700623330365093,0,1.0418521816562778,9.788780053428317,1.5577560106856634,1.2683170080142476,2.8068566340160284,2.571166518254675,0.10451380231522707,NA,0.68,NA,2026,123533,2,FALSE,TRUE
Pk5L6BzZQO,asa_Pk5L6BzZQO_mls_eval_blended,Micael,micael,2000-08-12,Brazil,CB,NA,25.883641341546884,mls,zeQZkL1MKw,CB,progressive_center_back,asa_live,0,Insufficient multi-season history for trend,blended,2025+2026 season to date,1872,0.611764705882353,medium,0.05789903846153846,0,0.4326923076923077,10.550192307692308,1.7100384615384616,1.382528846153846,4.288942307692308,2.757596153846154,0.14277884615384617,NA,0.8799999999999999,NA,2026,892440,4,FALSE,TRUE
Pk5L6k6PQO,asa_Pk5L6k6PQO_mls_eval_blended,Kwadwo Opoku,kwadwo opoku,2001-07-13,Ghana,W,NA,23.967145790554415,mls,APk5LGOMOW,W,transition_winger,asa_live,-0.11940637688082156,2024→2025 g+/90 change (longer-term trend),blended,2025+2026 season to date,197.9713603818616,0.07220588235294118,low,0.16516445122503853,0,1.1664300172200237,9.977775898009124,1.5955551796018248,1.2966663847013686,3.058620585480801,1.9292522884505,0.14625686535149998,NA,0.7129355608591887,NA,2026,723560,4,FALSE,TRUE
Pk5L6klYQO,asa_Pk5L6klYQO_mls_eval_blended,Laurtaro Giaccone,laurtaro giaccone,2001-02-01,Argentina,W,NA,25.409993155373034,mls,mvzqoLZQap,W,transition_winger,asa_live,0,Insufficient multi-season history for trend,blended,2025+2026 season to date,183,0.059803921568627454,low,0.02483606557377049,0,0.9836065573770492,10.278032786885246,1.655606557377049,1.341704918032787,0.694672131147541,2.238360655737705,0.02301639344262295,NA,0.68,NA,2026,NA,NA,FALSE,TRUE
Pk5L6rDPQO,asa_Pk5L6rDPQO_mls_eval_blended,David Ruiz,david ruiz,2004-02-08,USA,CM,NA,21.39356605065024,mls,zeQZkL1MKw,CM,ball_winning_midfielder,asa_live,0.059267157668853876,2024→2025 g+/90 change (longer-term trend),blended,2025+2026 season to date,363,0.13498366013071897,low,0.1832046391989948,0,0.5837812234801887,9.251835351854167,1.4503670703708331,1.187775302778125,2.629221953963252,2.5868945917675927,0.12735394614792545,NA,0.88,NA,2026,231887,2,FALSE,TRUE
Pk5LJZZQOW,asa_Pk5LJZZQOW_mls_eval_blended,Zanka,zanka,1990-04-23,Denmark,CB,NA,35.1895961670089,mls,kaDQ0wRqEv,CB,progressive_center_back,asa_live,0,Insufficient multi-season history for trend,blended,2025+2026 season to date,1507,0.1723692810457516,medium,0.026707365627073654,0,0.23888520238885202,12.583012607830128,2.1166025215660254,1.6874518911745187,5.017982747179827,1.9017120106171201,0.1845985401459854,NA,0.88,NA,2026,NA,NA,FALSE,TRUE
Pk5LZEgGQO,asa_Pk5LZEgGQO_mls_eval_blended,Nikola Markovic,nikola markovic,2004-07-22,Canada,CM,NA,21.94113620807666,mls,EKXMeX3Q64,CM,ball_winning_midfielder,asa_live,0,Insufficient multi-season history for trend,blended,2025+2026 season to date,552,0.1803921568627451,medium,0.03,0,0.8152173913043478,11.834130434782608,1.966826086956522,1.5751195652173913,3.089266304347826,2.1836956521739133,0.0741032608695652,NA,0.88,NA,2026,93858,2,FALSE,TRUE
Pk5Le0VDqO,asa_Pk5Le0VDqO_mls_eval_blended,Ryan Raposo,ryan raposo,1999-03-05,Canada,FB,NA,26.324435318275153,mls,eVq3ya6MWO,FB,overlapping_fullback,asa_live,-0.15951140343000808,2024→2025 g+/90 change (longer-term trend),blended,2025+2026 season to date,465,0.16465686274509805,medium,0.07215450643776825,0,0.5407725321888411,9.687959169469899,1.5375918338939796,1.2531938754204848,2.2531492866256815,1.7308182345435563,0.010152325716274217,NA,0.8799999999999999,NA,2026,220000,2,FALSE,TRUE
Pk5Le6BPqO,asa_Pk5Le6BPqO_mls_eval_blended,Antino Lopez,antino lopez,2002-05-21,USA,W,NA,23.1129363449692,mls,jYQJ19EqGR,W,transition_winger,asa_live,-0.4017857142857143,2024→2025 g+/90 change (longer-term trend),blended,2025+2026 season to date,808,0.26450980392156864,medium,0.002984084880636605,0,0.1193633952254642,10.181724137931035,1.636344827586207,1.3272586206896553,3.4249336870026528,2.606710875331565,0.07641047745358091,NA,0.8335809018567639,NA,2026,88025,2,FALSE,TRUE
Pk5LeDgmqO,asa_Pk5LeDgmqO_mls_eval_blended,Mateusz Bogusz,mateusz bogusz,2001-08-22,Poland,W,NA,24.856947296372347,mls,YgOMngl5wN,W,transition_winger,asa_live,0,Insufficient multi-season history for trend,blended,2025+2026 season to date,2515,0.8218954248366013,medium,0.3063578528827038,0,2.9343936381709743,9.04865208747515,1.4097304174950298,1.1572978131212723,2.078797216699801,3.1842147117296222,0.1926572564612326,NA,0.8799999999999999,NA,2026,2521048,5,FALSE,TRUE
Pk5LeG0YqO,asa_Pk5LeG0YqO_mls_eval_blended,Quinn Sullivan,quinn sullivan,2004-03-27,USA,W,NA,21.2621492128679,mls,9z5k7Yg5A3,W,transition_winger,asa_live,0.05027194979125149,2024→2025 g+/90 change (longer-term trend),blended,2025+2026 season to date,1253.9484621778886,0.4108660130718954,medium,0.3085406726802483,0,3.1058664244261736,10.734753140350978,1.7469506280701959,1.4102129710526468,4.161518622237908,3.2516356440684833,0.31715232221071454,NA,0.7636242726517041,NA,2026,568000,3,FALSE,TRUE
Pk5LeYlNqO,asa_Pk5LeYlNqO_mls_eval_blended,Conner Antley,conner antley,1995-03-22,USA,FB,NA,30.27789185489391,mls,EKXMeX3Q64,FB,overlapping_fullback,asa_live,0.013036695870628306,2024→2025 g+/90 change (longer-term trend),blended,2025+2026 season to date,1273.3,0.19552287581699346,medium,0.04988331108144193,0,0.30640854472630175,11.776597192653268,1.9553194385306534,1.5664895788979902,2.987411999783495,2.599572547180024,0.13977566214412007,NA,0.68,NA,2026,121667,2,FALSE,TRUE
Pk5LemYYqO,asa_Pk5LemYYqO_mls_eval_blended,Adam Saldana,adam saldana,2002-02-07,USA,CM,NA,23.394934976043807,mls,eVq3ya6MWO,CM,ball_winning_midfielder,asa_live,0,Insufficient multi-season history for trend,blended,2025+2026 season to date,201,0.02299019607843137,low,0.007208955223880598,0,0.44776119402985076,14.573134328358208,2.5146268656716417,1.9859701492537314,2.638432835820896,2.4435820895522387,0.16065671641791046,NA,0.88,NA,2026,80622,2,FALSE,TRUE
Pk5LepoOqO,asa_Pk5LepoOqO_mls_eval_blended,Omari Glasgow,omari glasgow,2003-11-22,Guyana,FB,NA,21.607118412046542,mls,X0Oq66zq6D,FB,overlapping_fullback,asa_live,-0.07746340266875983,2024→2025 g+/90 change (longer-term trend),blended,2025+2026 season to date,624,0.07137254901960784,low,0.05607692307692307,0,0.8653846153846154,9.752692307692307,1.5505384615384616,1.2629038461538462,3.2368990384615386,2.1685576923076924,0.05698557692307692,NA,0.68,NA,2026,117685,2,FALSE,TRUE
Pk5LgPOmMO,asa_Pk5LgPOmMO_mls_eval_blended,Ethan Bartlow,ethan bartlow,2000-02-02,USA,CB,NA,25.409993155373034,mls,YgOMngl5wN,CB,progressive_center_back,asa_live,-0.02912474148802016,2024→2025 g+/90 change (longer-term trend),blended,2025+2026 season to date,893,0.46625816993464053,medium,0.042934889321107714,0,0.42882282115402426,13.860890988237475,2.3721781976474947,1.8791336482356211,4.027035287579883,2.6179975919236824,0.2255436695378346,NA,0.88,NA,2026,142637,2,FALSE,TRUE
Pk5LggA7MO,asa_Pk5LggA7MO_mls_eval_blended,Oleksandr Svatok,oleksandr svatok,1994-09-27,Ukraine,CB,NA,30.759753593429156,mls,gpMOLwl5zy,CB,progressive_center_back,asa_live,-0.028308682521660022,2024→2025 g+/90 change (longer-term trend),blended,2025+2026 season to date,2042,0.9899836601307189,high,0.02876940723566685,0,0.22927062349664173,9.125819265791032,1.4251638531582063,1.1688728898686547,4.016073852560935,2.507524474537251,0.08459117613522216,NA,0.88,NA,2026,580000,3,FALSE,TRUE
Pk5Lggy7MO,asa_Pk5Lggy7MO_mls_eval_blended,Myrto Uzuni,myrto uzuni,1995-05-31,Albania,FW,NA,30.086242299794662,mls,gpMOLwl5zy,FW,pressing_striker,asa_live,-0.09346431122489576,2025→2026 YTD g+/90 change (short-term; 2026 incomplete),blended,2025+2026 season to date,1807,0.8769281045751635,high,0.3479612579983714,0,2.269351885009513,9.48838378419021,1.497676756838042,1.2232575676285313,1.8025155921247982,1.9334637456017716,0.1576254359996483,NA,0.7358436378141205,NA,2026,2305000,5,FALSE,TRUE
Vj583wA4M8,asa_Vj583wA4M8_mls_eval_blended,Mamadou Billo Diop,mamadou billo diop,2006-09-14,Senegal,FW,NA,19.794661190965094,mls,pzeQZ6xQKw,FW,pressing_striker,asa_live,0,Insufficient multi-season history for trend,blended,2025+2026 season to date,29,0.02,low,0.4738965517241379,0,3.103448275862069,8,1.2,1,1.7586206896551724,6.900689655172414,0.2842758620689655,NA,0.68,NA,2026,88025,2,FALSE,TRUE
Vj587nmM8n,asa_Vj587nmM8n_mls_eval_blended,Teal Bunbury,teal bunbury,1990-02-27,USA,FW,NA,35.34017796030116,mls,vzqoOgNqap,FW,pressing_striker,asa_live,0.15677150906595394,2024→2025 g+/90 change (longer-term trend),blended,2025+2026 season to date,381,0.04357843137254902,low,0.4147086614173228,0,2.3622047244094486,8.878740157480316,1.3757480314960628,1.1318110236220473,1.2566929133858267,-0.5689763779527555,0.24666141732283467,NA,0.6800000000000002,NA,2026,285000,2,FALSE,TRUE
Vj58WEKLM8,asa_Vj58WEKLM8_mls_eval_blended,Jayden Reid,jayden reid,2001-08-29,USA,FB,NA,23.838466803559207,mls,wvq9B9wQWn,FB,overlapping_fullback,asa_live,0.002606202668589991,2024→2025 g+/90 change (longer-term trend),blended,2025+2026 season to date,1178,0.4457026143790849,medium,0.01791373801916933,0,0.3354632587859425,10.601761701052329,1.7203523402104655,1.3902642551578492,3.1283877998592082,2.4783928087940654,0.07818086316131478,NA,0.7545473908413205,NA,2026,116655,2,FALSE,TRUE
Vj58WNDrM8,asa_Vj58WNDrM8_mls_eval_blended,Obed Vargas,obed vargas,2005-08-05,USA,CM,NA,19.904175222450377,mls,jYQJ19EqGR,CM,ball_winning_midfielder,asa_live,-0.0014473063816810017,2024→2025 g+/90 change (longer-term trend),blended,2025+2026 season to date,2846,0.3255228758169934,medium,0.0959483485593816,0,1.106816584680253,10.609177793394238,1.7218355586788476,1.3913766690091356,2.82512297962052,2.672347153900211,0.14431307097680957,NA,0.88,NA,2026,134452,2,FALSE,TRUE
Vj58WXb2M8,asa_Vj58WXb2M8_mls_eval_blended,Olivier Mbaizo,olivier mbaizo,1997-08-15,Cameroon,FB,NA,27.876796714579054,mls,9z5k7Yg5A3,FB,overlapping_fullback,asa_live,0.032210971177315646,2024→2025 g+/90 change (longer-term trend),blended,2025+2026 season to date,478.55,0.08759803921568626,low,0.0022691829484902306,0,0.13587921847246892,9.786271133014786,1.5572542266029568,1.2679406699522175,4.232864683661472,2.293099517174092,0.09491285020165986,NA,0.7100000000000001,NA,2026,502875,3,FALSE,TRUE
Vj58Wlp4M8,asa_Vj58Wlp4M8_mls_eval_blended,David Poreba,david poreba,2002-12-01,USA,CM,NA,23.581108829568787,mls,X0Oq66zq6D,CM,ball_winning_midfielder,asa_live,0,Insufficient multi-season history for trend,blended,2025+2026 season to date,83,0.02712418300653595,low,0,0,0,8.754698795180722,1.3509397590361445,1.1132048192771085,4.143975903614457,2.68,0.07980722891566265,NA,0.8800000000000001,NA,2026,98858,2,FALSE,TRUE
Vj58aBe8q8,asa_Vj58aBe8q8_mls_eval_blended,Fallou Fall,fallou fall,2004-04-15,Senegal,CB,NA,21.21013004791239,mls,wvq9B9wQWn,CB,progressive_center_back,asa_live,0.004060711945839707,2025→2026 YTD g+/90 change (short-term; 2026 incomplete),blended,2025+2026 season to date,482,0.2357516339869281,medium,0.07399202956630153,0,0.6959658028319529,12.386745035176773,2.077349007035355,1.6580117552765161,4.506967450351768,2.470290319707899,0.23376115415442156,NA,0.8799999999999999,NA,2026,743919,4,FALSE,TRUE
Vj58l1ZD58,asa_Vj58l1ZD58_mls_eval_blended,Juan Arias,juan arias,2004-01-08,Colombia,CB,NA,22.477754962354553,mls,a2lqR4JMr0,CB,progressive_center_back,asa_live,0,Insufficient multi-season history for trend,blended,2025+2026 season to date,605,0.1977124183006536,medium,0.043512396694214875,0,0.1487603305785124,7.181223140495867,1.0362446280991735,0.8771834710743802,4.227644628099173,2.247107438016529,0.02786280991735537,NA,0.88,NA,2026,565139,3,FALSE,TRUE
Vj58l2gD58,asa_Vj58l2gD58_mls_eval_blended,Adrian Wibowo,adrian wibowo,2006-01-17,USA,W,NA,19.45242984257358,mls,eVq3ya6MWO,W,transition_winger,asa_live,0,Insufficient multi-season history for trend,blended,2025+2026 season to date,36,0.02,low,0,0,0,8.63,1.326,1.0945,3.5625,1.3399999999999999,-0.13774999999999998,NA,0.88,NA,2026,80622,2,FALSE,TRUE
Vj58lAnw58,asa_Vj58lAnw58_mls_eval_blended,Cooper Sanchez,cooper sanchez,2008-03-26,USA,CM,NA,17.26488706365503,mls,KAqBN0Vqbg,CM,ball_winning_midfielder,asa_live,0.09330829055488037,2025→2026 YTD g+/90 change (short-term; 2026 incomplete),blended,2025+2026 season to date,1901,0.6345098039215686,medium,0.05199653979238754,0,0.6228373702422145,8.676062522372032,1.3352125044744063,1.1014093783558048,2.6977777114902755,2.5092829018016944,0.05523958954778666,NA,0.8261745482506728,NA,2026,88025,2,FALSE,TRUE
Vj58lXp258,asa_Vj58lXp258_mls_eval_blended,Nicolás Romero,nicolas romero,2003-11-28,Argentina,CB,NA,21.590691307323752,mls,kRQand1MKZ,CB,progressive_center_back,asa_live,-0.030244171530393382,2025→2026 YTD g+/90 change (short-term; 2026 incomplete),blended,2025+2026 season to date,1104.8933500627352,0.5799346405228758,medium,0.04863344257978548,0,0.5557306513096608,12.321378420268376,2.0642756840536753,1.6482067630402564,3.3584105887938276,2.470097184792734,0.1400366647184494,NA,0.88,NA,2026,492500,3,FALSE,TRUE
Vj58lrom58,asa_Vj58lrom58_mls_eval_blended,Rafael Mosquera,rafael mosquera,2005-05-24,Panama,FB,NA,20.10403832991102,mls,a2lqRX2Mr0,FB,overlapping_fullback,asa_live,0.05138095238095239,2025→2026 YTD g+/90 change (short-term; 2026 incomplete),blended,2025+2026 season to date,378,0.12513071895424835,low,0.021272727272727276,0,0.5009276437847867,8.169981447124304,1.2339962894248608,1.0254972170686456,2.290561224489796,4.4916883116883115,0.1491595547309833,NA,0.8764285714285713,NA,2026,99925,2,FALSE,TRUE
Vj58w7RmM8,asa_Vj58w7RmM8_mls_eval_blended,Alex Roldan,alex roldan,1996-07-28,USA,FB,NA,28.92539356605065,mls,jYQJ19EqGR,FB,overlapping_fullback,asa_live,0.02310724168045597,2024→2025 g+/90 change (longer-term trend),blended,2025+2026 season to date,1592,0.8229084967320262,high,0.0333884110363168,0,0.6650461231613063,10.457236765561372,1.6914473531122747,1.3685855148342059,4.430801234106207,2.7211015540596692,0.15327410039059255,NA,0.88,NA,2026,658050,3,FALSE,TRUE
XVqK2BL050,asa_XVqK2BL050_mls_eval_blended,Yadaly Diaby,yadaly diaby,2000-08-09,France,W,NA,25.89185489390828,mls,lgpMOvnQzy,W,transition_winger,asa_live,0,Insufficient multi-season history for trend,blended,2025+2026 season to date,140,0.0457516339869281,low,0.2375357142857143,0,4.5,9.990285714285715,1.5980571428571428,1.298542857142857,6.087321428571428,0.2757142857142858,0.3631500000000001,NA,0.7676000000000001,NA,2026,NA,NA,FALSE,TRUE
XVqK2D6R50,asa_XVqK2D6R50_mls_eval_blended,Nikola Petkovic,nikola petkovic,2003-02-23,Serbia,W,NA,22.351813826146476,mls,NPqxKXZ59d,W,transition_winger,asa_live,0.01392801678336919,2024→2025 g+/90 change (longer-term trend),blended,2025+2026 season to date,160,0.06681372549019607,low,0.26533181651712145,0,2.253708112067387,10.087189159494597,1.6174378318989198,1.3130783739241898,3.890628776780809,1.6437672587438197,0.19296504303241163,NA,0.7172093023255814,NA,2026,516250,3,FALSE,TRUE
XVqK2P7B50,asa_XVqK2P7B50_mls_eval_blended,Jorge Alastuey,jorge alastuey,2003-05-14,Spain,W,NA,23.132101300479125,mls,gpMOLwl5zy,W,transition_winger,asa_live,0,Insufficient multi-season history for trend,blended,2025+2026 season to date,644,0.21045751633986928,medium,0.05384627329192546,0,0.8385093167701864,9.727329192546584,1.5454658385093167,1.2590993788819875,2.1377329192546584,2.63583850931677,0.06520807453416148,NA,0.68,NA,2026,NA,NA,FALSE,TRUE
XVqKG17Rq0,asa_XVqKG17Rq0_mls_eval_blended,Emeka Eneli,emeka eneli,1999-10-18,USA,CM,NA,25.702943189596166,mls,a2lqR4JMr0,CM,ball_winning_midfielder,asa_live,0.007260971766987034,2024→2025 g+/90 change (longer-term trend),blended,2025+2026 season to date,1796.05,0.25181372549019604,medium,0.013493398012304779,0,0.32584003786086135,7.747345434560248,1.1494690869120499,0.9621018151840371,3.828509095003282,2.8695443720134954,0.06607636138802803,NA,0.88,NA,2026,441000,3,FALSE,TRUE
XVqKG1XWq0,asa_XVqKG1XWq0_mls_eval_blended,Simon Becher,simon becher,1999-07-20,USA,W,NA,25.949349760438057,mls,wvq9B9wQWn,W,transition_winger,asa_live,0.17430784479686381,2024→2025 g+/90 change (longer-term trend),blended,2025+2026 season to date,2124,0.8624836601307189,high,0.5002683712587757,0,2.7232129110727925,9.12313111990393,1.4246262239807859,1.1684696679855895,1.6727028228537995,2.1783006104507945,0.2897571110204458,NA,0.68,NA,2026,444375,3,FALSE,TRUE
XVqKL9rRQ0,asa_XVqKL9rRQ0_mls_eval_blended,Aleksa Cvetkovic,aleksa cvetkovic,2005-05-13,Serbia,CM,NA,21.13347022587269,mls,lgpMOvnQzy,CM,ball_winning_midfielder,asa_live,0,Insufficient multi-season history for trend,blended,2025+2026 season to date,125,0.04084967320261438,low,0,0,0,9.14912,1.429824,1.172368,3.5076,2.7462400000000002,0.080784,NA,0.88,NA,2026,NA,NA,FALSE,TRUE
XVqKLWVNQ0,asa_XVqKLWVNQ0_mls_eval_blended,Sayd Farhi,sayd farhi,2006-05-11,Israel,FW,NA,20.139630390143736,mls,pzeQZ6xQKw,FW,pressing_striker,asa_live,0,Insufficient multi-season history for trend,blended,2025+2026 season to date,105,0.03431372549019608,low,0.249,0,1.7142857142857142,7.499428571428571,1.0998857142857141,0.9249142857142857,2.192142857142857,2.9731428571428573,0.10637142857142858,NA,0.68,NA,2026,NA,NA,FALSE,TRUE
XVqKLXRaQ0,asa_XVqKLXRaQ0_mls_eval_blended,Tiago,tiago,2005-04-08,Brazil,W,NA,21.229295003422312,mls,jYQJ8EW5GR,W,transition_winger,asa_live,0,Insufficient multi-season history for trend,blended,2025+2026 season to date,972,0.3176470588235294,medium,0.15941666666666668,0,1.2037037037037037,9.15925925925926,1.4318518518518517,1.1738888888888888,0.9648148148148148,1.8937037037037037,0.08947222222222222,NA,0.68,NA,2026,600250,3,FALSE,TRUE
XVqKWAZBq0,asa_XVqKWAZBq0_mls_eval_blended,Brandon Servania,brandon servania,1999-03-12,USA,CM,NA,26.305270362765228,mls,EKXMeX3Q64,CM,ball_winning_midfielder,asa_live,-0.0836844710249536,2024→2025 g+/90 change (longer-term trend),blended,2025+2026 season to date,2032,0.9200326797385622,high,0.03794933643168642,0,0.9122445134421159,10.153550139543647,1.6307100279087294,1.323032520931547,2.9516785226429683,2.6217308711370353,0.07997438657711799,NA,0.7312445095168375,NA,2026,303722,3,FALSE,TRUE
XVqKWX8Bq0,asa_XVqKWX8Bq0_mls_eval_blended,Steven Alzate,steven alzate,1998-09-08,Colombia,CM,NA,26.811772758384667,mls,KAqBN0Vqbg,CM,ball_winning_midfielder,asa_live,0.0030712284633702264,2025→2026 YTD g+/90 change (short-term; 2026 incomplete),blended,2025+2026 season to date,590,0.2758496732026144,medium,0.047002344801076304,0,0.6826830674610802,9.878511627906978,1.5757023255813953,1.2817767441860464,3.8169162021910434,2.6253857389967328,0.11670632327503365,NA,0.8800000000000001,NA,2026,1377087,4,FALSE,TRUE
XVqKYp2DM0,asa_XVqKYp2DM0_mls_eval_blended,Yuya Kubo,yuya kubo,1993-12-24,Japan,FB,NA,31.51813826146475,mls,NWMWlBK5lz,FB,overlapping_fullback,asa_live,-0.020699004797660014,2024→2025 g+/90 change (longer-term trend),blended,2025+2026 season to date,874,0.0999673202614379,low,0.19708352402745996,0,2.265446224256293,9.619176201372998,1.5238352402745994,1.2428764302059496,2.1985983981693362,2.7341647597254006,0.16128947368421054,NA,0.68,NA,2026,821667,4,FALSE,TRUE
XVqKbElN50,asa_XVqKbElN50_mls_eval_blended,Sergi Solans,sergi solans,2003-02-26,Spain,FW,NA,23.342915811088297,mls,a2lqR4JMr0,FW,pressing_striker,asa_live,0,Insufficient multi-season history for trend,blended,2025+2026 season to date,1911,0.6245098039215686,medium,0.6208540031397174,0,2.6373626373626373,9.42945054945055,1.4858901098901098,1.2144175824175825,2.169819466248038,1.689010989010989,0.3592794348508634,NA,0.68,NA,2026,88025,2,FALSE,TRUE
XVqKbEmN50,asa_XVqKbEmN50_mls_eval_blended,Geiner Martínez,geiner martinez,2003-01-09,Colombia,CB,NA,23.474332648870636,mls,9z5k7Yg5A3,CB,progressive_center_back,asa_live,0,Insufficient multi-season history for trend,blended,2025+2026 season to date,528,0.17254901960784313,medium,0.11897727272727271,0,0.5113636363636364,10.933181818181819,1.7866363636363638,1.4399772727272728,3.9340909090909086,2.04625,0.11878977272727273,NA,0.88,NA,2026,360204,3,FALSE,TRUE
XVqKbGA050,asa_XVqKbGA050_mls_eval_blended,Ignacio Gómez,ignacio gomez,2006-04-04,Argentina,FB,NA,20.240930869267626,mls,jYQJ8EW5GR,FB,overlapping_fullback,asa_live,0,Insufficient multi-season history for trend,blended,2025+2026 season to date,26,0.02,low,1.3759615384615385,0,3.4615384615384617,23.88153846153846,4.376307692307693,3.38223076923077,0.09230769230769242,3.7807692307692307,0.9616153846153845,NA,0.6799999999999999,NA,2026,NA,NA,FALSE,TRUE
XVqKbj3B50,asa_XVqKbj3B50_mls_eval_blended,Mbekezeli Mbokazi,mbekezeli mbokazi,2005-09-19,South Africa,CB,NA,20.78028747433265,mls,X0Oq66zq6D,CB,progressive_center_back,asa_live,0,Insufficient multi-season history for trend,blended,2025+2026 season to date,1276,0.4169934640522876,medium,0.04781426332288401,0,0.493730407523511,7.659467084639498,1.1318934169278996,0.9489200626959249,3.8532719435736675,2.4284796238244515,0.046699843260188084,NA,0.68,NA,2026,655620,3,FALSE,TRUE
XVqKeBkKM0,asa_XVqKeBkKM0_mls_eval_blended,Jacob Shaffelburg,jacob shaffelburg,1999-11-26,Canada,W,NA,25.596167008898014,mls,vzqoOgNqap,W,transition_winger,asa_live,0.06488786978340375,2024→2025 g+/90 change (longer-term trend),blended,2025+2026 season to date,868,0.44756535947712417,medium,0.161077739365111,0,1.3310078043778573,9.175830799521483,1.4351661599042966,1.1763746199282226,2.7421818256262727,2.8716257904068816,0.18217314761738612,NA,0.68,NA,2026,520000,3,FALSE,TRUE
XVqKeEmBM0,asa_XVqKeEmBM0_mls_eval_blended,Facundo Torres,facundo torres,2000-04-13,Uruguay,W,NA,26.21492128678987,mls,gpMOLwl5zy,W,transition_winger,asa_live,0,Insufficient multi-season history for trend,blended,2025+2026 season to date,2427,0.7931372549019607,medium,0.15548454882571075,0,1.446229913473424,8.86061804697157,1.3721236093943139,1.1290927070457355,3.655624227441286,2.906576019777503,0.18088998763906056,NA,0.8800000000000001,NA,2026,4405000,5,FALSE,TRUE
XVqKeYLNM0,asa_XVqKeYLNM0_mls_eval_blended,Josh Atencio,josh atencio,2002-01-31,USA,CM,NA,23.41409993155373,mls,pzeQZ6xQKw,CM,ball_winning_midfielder,asa_live,0.021936411057124017,2024→2025 g+/90 change (longer-term trend),blended,2025+2026 season to date,1554,0.7316830065359476,high,0.03196513323953919,0,0.5051010206575355,10.237813876789303,1.6475627753578603,1.3356720815183953,3.442468524700765,2.408800048423537,0.09286953121209829,NA,0.8799999999999999,NA,2026,462500,3,FALSE,TRUE
XVqKeYOKM0,asa_XVqKeYOKM0_mls_eval_blended,Kai Wagner,kai wagner,1997-02-15,Germany,FB,NA,28.372347707049965,mls,9z5k7Yg5A3,FB,overlapping_fullback,asa_live,-0.012228573024116701,2024→2025 g+/90 change (longer-term trend),blended,2025+2026 season to date,1244,0.7987418300653594,high,0.017603713694738773,0,0.5962352699739694,9.846531598673621,1.5693063197347243,1.2769797398010434,5.220853247896482,2.0477066524091896,0.12748924073534018,NA,0.88,NA,2026,1088250,4,FALSE,TRUE
XVqKeoVWM0,asa_XVqKeoVWM0_mls_eval_blended,Daniel Chica,daniel chica,2002-02-18,USA,CB,NA,24.36413415468857,mls,KAqBN0Vqbg,CB,progressive_center_back,asa_live,0,Insufficient multi-season history for trend,blended,2025+2026 season to date,36,0.02,low,0,0,0,8,1.2,1,7.6875,-0.3599999999999999,0.044749999999999984,NA,0.88,NA,2026,NA,NA,FALSE,TRUE
XVqKezAwM0,asa_XVqKezAwM0_mls_eval_blended,Harold Osorio,harold osorio,2003-08-20,El Salvador,CM,NA,21.864476386036962,mls,X0Oq66zq6D,CM,ball_winning_midfielder,asa_live,0,Insufficient multi-season history for trend,blended,2025+2026 season to date,6,0.02,low,0,0,0,8,1.2,1,1.6499999999999997,2.5,-0.0255,NA,0.68,NA,2026,NA,NA,FALSE,TRUE
XVqKezaWM0,asa_XVqKezaWM0_mls_eval_blended,Darius Johnson,darius johnson,2000-03-15,Grenada,W,NA,26.2943189596167,mls,0KPqjA456v,W,transition_winger,asa_live,0,Insufficient multi-season history for trend,blended,2025+2026 season to date,118,0.038562091503267976,low,0.0650593220338983,0,0.7627118644067796,8.262372881355931,1.2524745762711864,1.0393559322033898,0.5841101694915252,3.964406779661017,0.05354237288135593,NA,0.7782,NA,2026,NA,NA,FALSE,TRUE
Xj5Y44KGMb,asa_Xj5Y44KGMb_mls_eval_blended,Adilson Malanda,adilson malanda,2001-10-29,France,CB,NA,23.67145790554415,mls,NPqxKXZ59d,CB,progressive_center_back,asa_live,0.03902545370447444,2024→2025 g+/90 change (longer-term trend),blended,2025+2026 season to date,3557,0.4068464052287581,medium,0.04966319932527411,0,0.43013775653640707,12.801248242901321,2.1602496485802645,1.7201872364351982,4.67690469496767,2.3597244869271856,0.20365757660950237,NA,0.88,NA,2026,1080000,4,FALSE,TRUE
Xj5Y4WpGMb,asa_Xj5Y4WpGMb_mls_eval_blended,Dennis Nelich,dennis nelich,2008-03-03,USA,W,NA,18.327173169062284,mls,a2lqRX2Mr0,W,transition_winger,asa_live,0,Insufficient multi-season history for trend,blended,2025+2026 season to date,110,0.03594771241830065,low,0.030763636363636368,0,0.8181818181818182,8,1.2,1,1.4802272727272727,1.4118181818181816,-0.023072727272727283,NA,0.88,NA,2026,NA,NA,FALSE,TRUE
Xj5Y4dAlMb,asa_Xj5Y4dAlMb_mls_eval_blended,Diego García,diego garcia,2006-10-17,USA,CM,NA,18.704996577686515,mls,mKAqBBmqbg,CM,ball_winning_midfielder,asa_live,0,Insufficient multi-season history for trend,blended,2025+2026 season to date,24,0.02,low,0,0,0,10.129999999999999,1.6260000000000001,1.3195000000000001,1.9031250000000002,1.7124999999999997,0.037875000000000006,NA,0.68,NA,2026,94263,2,FALSE,TRUE
Xj5Y4e3xMb,asa_Xj5Y4e3xMb_mls_eval_blended,Sebastian Gomez,sebastian gomez,2006-05-21,USA,W,NA,20.112251882272417,mls,jYQJ19EqGR,W,transition_winger,asa_live,0,Insufficient multi-season history for trend,blended,2025+2026 season to date,663,0.21666666666666667,medium,0.15100452488687782,0,1.493212669683258,11.610859728506787,1.9221719457013573,1.541628959276018,2.386425339366516,3.610950226244344,0.22220361990950227,NA,0.68,NA,2026,94740,2,FALSE,TRUE
Xj5Y4k8RMb,asa_Xj5Y4k8RMb_mls_eval_blended,Richard Chukwu,richard chukwu,2008-02-25,Canada,CB,NA,18.34633812457221,mls,kRQabn8MKZ,CB,progressive_center_back,asa_live,0,Insufficient multi-season history for trend,blended,2025+2026 season to date,72,0.023529411764705882,low,0,0,0,15.870000000000001,2.774,2.1805000000000003,3.015625,2.6525,0.20425000000000001,NA,0.68,NA,2026,NA,NA,FALSE,TRUE
Xj5Y4mJXMb,asa_Xj5Y4mJXMb_mls_eval_blended,Ian Glavinovich,ian glavinovich,2001-10-27,Argentina,CB,NA,23.67693360711841,mls,9z5k7Yg5A3,CB,progressive_center_back,asa_live,0,Insufficient multi-season history for trend,blended,2025+2026 season to date,292,0.033398692810457514,low,0.10411643835616438,0,1.5410958904109588,12.683698630136988,2.1367397260273973,1.702554794520548,4.306078767123288,2.4895205479452054,0.25218493150684934,NA,0.8799999999999999,NA,2026,425750,3,FALSE,TRUE
Xj5Y60Kxqb,asa_Xj5Y60Kxqb_mls_eval_blended,Miki Yamane,miki yamane,1993-12-22,Japan,FB,NA,31.523613963039015,mls,kaDQ0wRqEv,FB,overlapping_fullback,asa_live,0.02639848574122461,2024→2025 g+/90 change (longer-term trend),blended,2025+2026 season to date,1096,0.6416013071895424,high,0.052349212940243854,0,0.40627005398059723,9.312962893058021,1.4625925786116039,1.196944433958703,3.595317985353516,2.864359405080971,0.10317062398550451,NA,0.8799999999999999,NA,2026,916667,4,FALSE,TRUE
Xj5Y68Olqb,asa_Xj5Y68Olqb_mls_eval_blended,Dániel Gazdag,daniel gazdag,1996-03-02,Hungary,W,NA,29.3305954825462,mls,"c(""mvzqoLZQap"", ""9z5k7Yg5A3"")",W,transition_winger,asa_live,-0.034655899738806534,2024→2025 g+/90 change (longer-term trend),blended,2025+2026 season to date,1224,0.7268954248366014,high,0.3338767041924845,0,1.4501694190287613,9.098774261692387,1.4197548523384773,1.1648161392538579,1.1079566657549509,2.8352736964773357,0.18850306139966744,NA,0.8800000000000001,NA,2026,2647635,5,FALSE,TRUE
Xj5Y6AAaqb,asa_Xj5Y6AAaqb_mls_eval_blended,Andre Dozzell,andre dozzell,1999-05-02,England,CM,NA,27.16495550992471,mls,EKXMeX3Q64,CM,ball_winning_midfielder,asa_live,0,Insufficient multi-season history for trend,blended,2025+2026 season to date,1073,0.3506535947712418,medium,0.03320689655172414,0,0.7548928238583411,7.833252562907735,1.166650512581547,0.9749878844361604,3.8125582479030755,2.6207828518173346,0.07439049394221808,NA,0.88,NA,2026,NA,NA,FALSE,TRUE
Xj5Y6KKaqb,asa_Xj5Y6KKaqb_mls_eval_blended,Anders Dreyer,anders dreyer,1998-05-02,Denmark,W,NA,27.16495550992471,mls,zeQZBOzQKw,W,transition_winger,asa_live,0.05317973288170419,2025→2026 YTD g+/90 change (short-term; 2026 incomplete),blended,2025+2026 season to date,2582,1,high,0.4020727075205749,0,2.7883719002645835,8.840123100019463,1.3680246200038928,1.1260184650029195,3.564014268538344,3.3851649109997473,0.31438647520258234,NA,0.8373430834856794,NA,2026,3561251,5,FALSE,TRUE
Xj5Y6Vplqb,asa_Xj5Y6Vplqb_mls_eval_blended,Niklas Dorsch,niklas dorsch,1998-01-15,Germany,CM,NA,28.45722108145106,mls,kRQabn8MKZ,CM,ball_winning_midfielder,asa_live,0,Insufficient multi-season history for trend,blended,2025+2026 season to date,624,0.20392156862745098,medium,0.11268749999999998,0,1.0096153846153846,11.528461538461539,1.9056923076923078,1.5292692307692308,3.252764423076923,4.152596153846154,0.22074519230769232,NA,0.88,NA,2026,NA,NA,FALSE,TRUE
Xj5Y6kWaqb,asa_Xj5Y6kWaqb_mls_eval_blended,Timothy Tillman,timothy tillman,1999-01-04,Germany,CM,NA,26.48870636550308,mls,eVq3ya6MWO,CM,ball_winning_midfielder,asa_live,-0.09525175871964026,2024→2025 g+/90 change (longer-term trend),blended,2025+2026 season to date,1289,0.7609477124183006,high,0.08063034568916921,0,0.7404360345536817,10.318476469064704,1.6636952938129412,1.3477714703597057,3.6541885674238617,2.773649618355501,0.16429334064628182,NA,0.7503871292106586,NA,2026,881400,4,FALSE,TRUE
Xj5Y6ko0qb,asa_Xj5Y6ko0qb_mls_eval_blended,Jannes Horn,jannes horn,1997-02-06,Germany,FB,NA,28.396988364134156,mls,wvq9B9wQWn,FB,overlapping_fullback,asa_live,0.05413129533988119,2024→2025 g+/90 change (longer-term trend),blended,2025+2026 season to date,779,0.08910130718954247,low,0.004274711168164313,0,0.23106546854942234,10.637381258023106,1.7274762516046211,1.3956071887034662,4.065211810012837,2.9651347881899865,0.1488754813863928,NA,0.88,NA,2026,321667,3,FALSE,TRUE
Xj5Y6xmaqb,asa_Xj5Y6xmaqb_mls_eval_blended,Cayman Togashi,cayman togashi,1993-08-10,Japan,W,NA,31.890485968514717,mls,KAqBN0Vqbg,W,transition_winger,asa_live,-0.035290854552550426,2025→2026 YTD g+/90 change (short-term; 2026 incomplete),blended,2025+2026 season to date,139,0.060637254901960785,low,0.1169011981682454,0,0.7791230161219496,8.658844489053383,1.3317688978106768,1.0988266733580077,2.6059924095100686,1.3818794303995987,0.027113162706229217,NA,0.7551728247914185,NA,2026,113400,2,FALSE,TRUE
Xj5Y6zYAqb,asa_Xj5Y6zYAqb_mls_eval_blended,Edvard Tagseth,edvard tagseth,2001-01-23,Norway,CM,NA,24.435318275154003,mls,vzqoOgNqap,CM,ball_winning_midfielder,asa_live,-0.010892481244115071,2025→2026 YTD g+/90 change (short-term; 2026 incomplete),blended,2025+2026 season to date,1650,0.8815522875816995,high,0.012879006333928102,0,0.25171925983322785,9.618462813230872,1.5236925626461744,1.2427694219846308,3.1182897221175647,2.665073759339167,0.06868820524486212,NA,0.8800000000000001,NA,2026,736667,4,FALSE,TRUE
Xj5Y8R7AMb,asa_Xj5Y8R7AMb_mls_eval_blended,Cristian Arango,cristian arango,1995-03-09,Colombia,FW,NA,30.313483915126625,mls,0KPqjA456v,FW,pressing_striker,asa_live,-0.0185273339727276,2024→2025 g+/90 change (longer-term trend),blended,2025+2026 season to date,2839,0.3247222222222222,medium,0.5058703768932723,0,3.930961606199366,9.914124691792885,1.582824938358577,1.287118703768933,3.3052835505459663,2.294638957379359,0.2894233885170835,NA,0.68,NA,2026,2216667,5,FALSE,TRUE
Xj5Y98pE5b,asa_Xj5Y98pE5b_mls_eval_blended,Sal Mazzaferro,sal mazzaferro,2001-10-11,Canada,CB,NA,23.720739219712527,mls,KAqBN0Vqbg,CB,progressive_center_back,asa_live,0,Insufficient multi-season history for trend,blended,2025+2026 season to date,81,0.02,low,0,0,0,17.07111111111111,3.014222222222222,2.360666666666667,4.147222222222222,3.1133333333333333,0.29655555555555557,NA,0.88,NA,2026,NA,NA,FALSE,TRUE
Xj5Y9XmX5b,asa_Xj5Y9XmX5b_mls_eval_blended,Beau Leroux,beau leroux,2003-08-31,USA,CM,NA,21.83436002737851,mls,0KPqjA456v,CM,ball_winning_midfielder,asa_live,-0.0017991054388485361,2025→2026 YTD g+/90 change (short-term; 2026 incomplete),blended,2025+2026 season to date,2234,0.9956535947712418,high,0.15126454082845867,0,1.6796658264770692,9.746404569785938,1.5492809139571873,1.2619606854678906,3.919267687576291,2.6298824262984626,0.17969602046046615,NA,0.7277164280845263,NA,2026,249996,2,FALSE,TRUE
Xj5Y9eBx5b,asa_Xj5Y9eBx5b_mls_eval_blended,Osman Bukari,osman bukari,1998-12-13,Ghana,W,NA,26.548939082819988,mls,gpMOLwl5zy,W,transition_winger,asa_live,0.011684782559617468,2024→2025 g+/90 change (longer-term trend),blended,2025+2026 season to date,2621,0.2997875816993464,medium,0.15588782907287294,0,1.4421976344906524,9.62570011446013,1.525140022892026,1.2438550171690195,2.5792731781762686,3.109362838611217,0.20522472338801984,NA,0.88,NA,2026,1500000,5,FALSE,TRUE
Xj5Y9pj05b,asa_Xj5Y9pj05b_mls_eval_blended,Daouda Amadou,daouda amadou,2002-10-02,Cameroon,CM,NA,22.746064339493497,mls,pzeQZ6xQKw,CM,ball_winning_midfielder,asa_live,0,Insufficient multi-season history for trend,blended,2025+2026 season to date,17,0.02,low,0,0,0,12.891764705882352,2.1783529411764704,1.7337647058823529,8.53235294117647,3.421176470588235,0.39441176470588235,NA,0.88,NA,2026,80622,2,FALSE,TRUE
Xj5Y9wax5b,asa_Xj5Y9wax5b_mls_eval_blended,Peter Stroud,peter stroud,2002-04-23,USA,CM,NA,23.189596167008897,mls,a2lqRX2Mr0,CM,ball_winning_midfielder,asa_live,0.07120314359623714,2024→2025 g+/90 change (longer-term trend),blended,2025+2026 season to date,1612.45,0.22612745098039214,medium,0.06451889826041118,0,0.6452293094359515,11.193652609383236,1.8387305218766472,1.4790478914074854,3.7763122693726934,2.1842859778597785,0.1287569319978914,NA,0.8799999999999999,NA,2026,223083,2,FALSE,TRUE
Xj5Y9ydx5b,asa_Xj5Y9ydx5b_mls_eval_blended,Joseph Zalinsky,joseph zalinsky,2003-01-03,USA,FB,NA,22.491444216290212,mls,wvq9B9wQWn,FB,overlapping_fullback,asa_live,0,Insufficient multi-season history for trend,blended,2025+2026 season to date,276,0.03156862745098039,low,0,0,0,6.03304347826087,0.8066086956521739,0.7049565217391305,2.885054347826087,2.149782608695652,-0.06224999999999999,NA,0.88,NA,2026,82638,2,FALSE,TRUE
Xj5Y9zw05b,asa_Xj5Y9zw05b_mls_eval_blended,Dylan Nealis,dylan nealis,1998-07-30,USA,FB,NA,26.921286789869953,mls,a2lqRX2Mr0,FB,overlapping_fullback,asa_live,-0.03819471887219311,2024→2025 g+/90 change (longer-term trend),blended,2025+2026 season to date,2085,0.8229738562091504,high,0.022774255111185877,0,0.34430351844493495,9.619631107102148,1.5239262214204297,1.2429446660653223,4.174914612959456,2.61814742606219,0.11770237395695263,NA,0.8297307001795332,NA,2026,412500,3,FALSE,TRUE
Xj5YLGKxMb,asa_Xj5YLGKxMb_mls_eval_blended,Christopher McVey,christopher mcvey,1997-04-12,Sweden,CB,NA,28.21902806297057,mls,zeQZBOzQKw,CB,progressive_center_back,asa_live,0.06747073126395788,2024→2025 g+/90 change (longer-term trend),blended,2025+2026 season to date,1709,0.988562091503268,high,0.042097334463845684,0,0.41453591584748684,10.499944092631356,1.699988818526271,1.3749916138947031,4.892660998648685,2.7110635648234016,0.18330007154023475,NA,0.8800000000000001,NA,2026,576813,3,FALSE,TRUE
Xj5YLGRGMb,asa_Xj5YLGRGMb_mls_eval_blended,Javain Brown,javain brown,1999-03-09,Jamaica,FB,NA,26.313483915126625,mls,a2lqR4JMr0,FB,overlapping_fullback,asa_live,0.24058037431318685,2024→2025 g+/90 change (longer-term trend),blended,2025+2026 season to date,210,0.024019607843137256,low,0.17052857142857142,0,1.7142857142857142,19.014285714285712,3.402857142857143,2.6521428571428576,3.2410714285714284,2.716857142857143,0.37932857142857146,NA,0.88,NA,2026,313688,3,FALSE,TRUE
Xj5YyNjE5b,asa_Xj5YyNjE5b_mls_eval_blended,Yannick Bright,yannick bright,2001-09-03,Italy,CM,NA,23.824777549623544,mls,zeQZkL1MKw,CM,ball_winning_midfielder,asa_live,0.049094052878235594,2024→2025 g+/90 change (longer-term trend),blended,2025+2026 season to date,2125,0.8784803921568628,high,0.018869205849838023,0,0.24245257594174363,11.598912260129692,1.9197824520259381,1.5398368390194537,3.621839624457559,2.55212585841808,0.1495222479746118,NA,0.88,NA,2026,464192,3,FALSE,TRUE
Xj5YyZOw5b,asa_Xj5YyZOw5b_mls_eval_blended,Olwethu Makhanya,olwethu makhanya,2004-04-30,South Africa,CB,NA,21.169062286105408,mls,9z5k7Yg5A3,CB,progressive_center_back,asa_live,-0.033340679015402885,2025→2026 YTD g+/90 change (short-term; 2026 incomplete),blended,2025+2026 season to date,1324,0.7466503267973856,high,0.04602944178060001,0,0.49358517462580187,10.94760545584138,1.7895210911682757,1.442140818376207,4.244285378733882,2.317793688848571,0.1497869095444826,NA,0.8800000000000001,NA,2026,338875,3,FALSE,TRUE
Xj5Yyz3y5b,asa_Xj5Yyz3y5b_mls_eval_blended,Jayden Da,jayden da,2002-04-08,USA,FW,NA,24.229979466119097,mls,19vQ2095K6,FW,pressing_striker,asa_live,0,Insufficient multi-season history for trend,blended,2025+2026 season to date,13,0.02,low,0,0,0,6.2553846153846155,0.8510769230769231,0.7383076923076923,-8.475,1.2953846153846156,-0.4063846153846154,NA,0.6799999999999999,NA,2026,NA,NA,FALSE,TRUE
a35rB7Do5L,asa_a35rB7Do5L_mls_eval_blended,Luke Brennan,luke brennan,2005-02-24,USA,W,NA,20.347707049965777,mls,KAqBN0Vqbg,W,transition_winger,asa_live,-0.06105387062566278,2024→2025 g+/90 change (longer-term trend),blended,2025+2026 season to date,596,0.2651143790849673,medium,0.21813962285456187,0,1.1591011743450768,10.336594399277326,1.667318879855465,1.350489159891599,2.554125733965673,2.4030916892502256,0.19422459349593496,NA,0.7880246913580247,NA,2026,125000,2,FALSE,TRUE
a35rBOLG5L,asa_a35rBOLG5L_mls_eval_blended,Omar Valencia,omar valencia,2004-06-08,Panama,FB,NA,21.062286105407257,mls,a2lqRX2Mr0,FB,overlapping_fullback,asa_live,0.36532545858810445,2024→2025 g+/90 change (longer-term trend),blended,2025+2026 season to date,937.7932232841008,0.3237581699346405,medium,0.01934225018339661,0,0.41205921428498987,10.89202405622585,1.7784048112451698,1.4338036084338774,3.2707048007653636,1.805086627429371,0.04621357168694451,NA,0.6800000000000002,NA,2026,142375,2,FALSE,TRUE
a35rBgow5L,asa_a35rBgow5L_mls_eval_blended,Neil Pierre,neil pierre,2007-10-19,USA,FW,NA,17.700205338809035,mls,9z5k7Yg5A3,FW,pressing_striker,asa_live,0.13468037383177572,2025→2026 YTD g+/90 change (short-term; 2026 incomplete),blended,2025+2026 season to date,1070,0.3525326797385621,medium,0.11481864406779661,0,0.7627118644067796,11.423254237288136,1.884650847457627,1.5134881355932204,4.176737288135594,2.515864406779661,0.1840169491525424,NA,0.7590960451977402,NA,2026,129798,2,FALSE,TRUE
a35rBoxG5L,asa_a35rBoxG5L_mls_eval_blended,Bryan Ramirez,bryan ramirez,2000-08-11,Ecuador,FB,NA,25.88637919233402,mls,NWMWlBK5lz,FB,overlapping_fullback,asa_live,0,Insufficient multi-season history for trend,blended,2025+2026 season to date,1856,0.6065359477124183,medium,0.10542025862068966,0,1.1637931034482758,9.826961206896552,1.5653922413793107,1.274044181034483,3.0554014008620696,2.9146982758620688,0.13462661637931034,NA,0.88,NA,2026,684100,3,FALSE,TRUE
a35rK94AqL,asa_a35rK94AqL_mls_eval_blended,Corey Baird,corey baird,1996-01-30,USA,FW,NA,29.418206707734427,mls,"c(""NWMWlBK5lz"", ""zeQZBOzQKw"")",FW,pressing_striker,asa_live,0.021598797162537264,2024→2025 g+/90 change (longer-term trend),blended,2025+2026 season to date,1136,0.12993464052287582,low,0.14705809859154928,0,1.1883802816901408,9.002676056338029,1.4005352112676057,1.1504014084507042,2.5854533450704227,1.8581161971830988,0.14686795774647887,NA,0.88,NA,2026,744241,4,FALSE,TRUE
a35rKA2AqL,asa_a35rKA2AqL_mls_eval_blended,Mauricio Pineda,mauricio pineda,1997-10-17,USA,CM,NA,27.704312114989733,mls,X0Oq66zq6D,CM,ball_winning_midfielder,asa_live,-0.046421600376788524,2024→2025 g+/90 change (longer-term trend),blended,2025+2026 season to date,877.0279481935924,0.46088235294117647,medium,0.037112085021729406,0,0.6251126524563242,9.625517466971969,1.5251034933943934,1.2438276200457954,3.084498521332203,2.4120828855050505,0.06576860017223307,NA,0.88,NA,2026,320157,3,FALSE,TRUE
a35rKGpLqL,asa_a35rKGpLqL_mls_eval_blended,Dániel Sallói,daniel salloi,1996-07-19,Hungary,W,NA,28.95003422313484,mls,Z2vQ1xlqrA,W,transition_winger,asa_live,0.0019193388228461172,2024→2025 g+/90 change (longer-term trend),blended,2025+2026 season to date,2581,1,high,0.21153257810212014,0,1.884086266859126,9.380671346993767,1.4761342693987536,1.2071007020490652,2.920523179691325,3.126049470575567,0.20246758733137146,NA,0.7226699177080159,NA,2026,1343333,4,FALSE,TRUE
a35rKXowqL,asa_a35rKXowqL_mls_eval_blended,Joaquín Fernández,joaquin fernandez,1996-05-31,Spain,CB,NA,29.084188911704313,mls,Z2vQ1xlqrA,CB,progressive_center_back,asa_live,-0.21494720249552005,2024→2025 g+/90 change (longer-term trend),blended,2025+2026 season to date,1482,0.1695098039215686,medium,0.03265384615384615,0,0.4251012145748988,10.280971659919029,1.6561943319838053,1.3421457489878543,4.5959514170040485,2.57834008097166,0.13937246963562752,NA,0.88,NA,2026,1072083,4,FALSE,TRUE
a35rKYrAqL,asa_a35rKYrAqL_mls_eval_blended,Aaron Herrera,aaron herrera,1997-06-06,USA,FB,NA,28.0684462696783,mls,EKXMeX3Q64,FB,overlapping_fullback,asa_live,-0.08218029043828184,2024→2025 g+/90 change (longer-term trend),blended,2025+2026 season to date,1421.0061782877317,0.4045751633986928,medium,0.09857070493879273,0,1.022295560075214,10.010482366936566,1.6020964733873133,1.3015723550404852,3.66222130549906,2.3963751487010247,0.1454861276334472,NA,0.8035657546337158,NA,2026,945220,4,FALSE,TRUE
a35rREYK5L,asa_a35rREYK5L_mls_eval_blended,Daniel Job,daniel job,2005-08-26,Nigeria,FW,NA,20.84599589322382,mls,mKAqBBmqbg,FW,pressing_striker,asa_live,0,Insufficient multi-season history for trend,blended,2025+2026 season to date,14,0.02,low,0,0,0,9.517142857142858,1.5034285714285713,1.2275714285714285,9.6375,11.204285714285714,1.094142857142857,NA,0.88,NA,2026,NA,NA,FALSE,TRUE
a35rRrk45L,asa_a35rRrk45L_mls_eval_blended,Judah Siqueira,judah siqueira,2009-03-27,USA,CM,NA,17.2621492128679,mls,19vQ2095K6,CM,ball_winning_midfielder,asa_live,0,Insufficient multi-season history for trend,blended,2025+2026 season to date,33,0.02,low,0,0,0,9.069090909090908,1.4138181818181819,1.1603636363636363,1.1522727272727273,3.7654545454545456,0.07827272727272727,NA,0.68,NA,2026,NA,NA,FALSE,TRUE
a35rlyZ4QL,asa_a35rlyZ4QL_mls_eval_blended,Diego Chará,diego chara,1986-04-05,Colombia,CM,NA,39.238877481177276,mls,WBLMvYAQxe,CM,ball_winning_midfielder,asa_live,0.04629282206799164,2024→2025 g+/90 change (longer-term trend),blended,2025+2026 season to date,1448,0.6747385620915032,high,0.002868071452577378,0,0.11709015275937071,10.89925833391461,1.7798516667829218,1.4348887500871914,3.852867408797773,2.65561252766346,0.11839356780956124,NA,0.88,NA,2026,388044,3,FALSE,TRUE
a35rm92ML6,asa_a35rm92ML6_mls_eval_blended,Mateusz Klich,mateusz klich,1990-06-13,Poland,CM,NA,35.04996577686516,mls,KAqBN0Vqbg,CM,ball_winning_midfielder,asa_live,-0.015321846625095725,2024→2025 g+/90 change (longer-term trend),blended,2025+2026 season to date,891,0.10191176470588234,low,0.022969696969696966,0,0.7070707070707071,9.989090909090908,1.5978181818181818,1.2983636363636364,4.397474747474748,2.2432323232323235,0.1283030303030303,NA,0.88,NA,2026,1937338,5,FALSE,TRUE
a35ry7P2ML,asa_a35ry7P2ML_mls_eval_blended,João Klauss,joao klauss,1997-03-01,Brazil,FW,NA,28.334017796030118,mls,wvq9B9wQWn,FW,pressing_striker,asa_live,0.015288485844308641,2024→2025 g+/90 change (longer-term trend),blended,2025+2026 season to date,1291.2388774811773,0.5569444444444445,medium,0.542379823461959,0,3.448091949118643,9.049263180351476,1.4098526360702952,1.1573894770527215,2.3158637563668365,2.1993647830608816,0.33699226646043895,NA,0.68,NA,2026,2915000,5,FALSE,TRUE
a35ryXO2ML,asa_a35ryXO2ML_mls_eval_blended,Luis Díaz,luis diaz,1998-12-06,Costa Rica,W,NA,26.56810403832991,mls,19vQ2095K6,W,transition_winger,asa_live,0,Insufficient multi-season history for trend,blended,2025+2026 season to date,535,0.06119281045751634,low,0.19165794392523364,0,2.1869158878504673,9.756261682242991,1.5512523364485982,1.2634392523364486,3.2443457943925234,2.9454579439252337,0.23164485981308414,NA,0.88,NA,2026,127333,2,FALSE,TRUE
a35ryZ7bML,asa_a35ryZ7bML_mls_eval_blended,Tanner Beason,tanner beason,1997-03-23,USA,CB,NA,28.27378507871321,mls,19vQ2095K6,CB,progressive_center_back,asa_live,-0.032282539526266585,2024→2025 g+/90 change (longer-term trend),blended,2025+2026 season to date,1841.1,0.27617647058823525,medium,0.005421398891966758,0,0.10595567867036011,12.526695386378831,2.105339077275766,1.6790043079568249,3.541327132486389,2.4758815073072884,0.1510876253701404,NA,0.88,NA,2026,350000,3,FALSE,TRUE
aDQ00AlQEv,asa_aDQ00AlQEv_mls_eval_blended,Kevin Long,kevin long,1990-08-18,Republic of Ireland,CB,NA,34.86926762491444,mls,kRQabn8MKZ,CB,progressive_center_back,asa_live,0.03737595418414759,2024→2025 g+/90 change (longer-term trend),blended,2025+2026 season to date,2111,0.24145424836601304,medium,0.04500426338228328,0,0.4689720511605874,11.511151113216485,1.902230222643297,1.5266726669824728,3.9719445760303174,2.6609853150165796,0.15606110847939364,NA,0.68,NA,2026,468521,3,FALSE,TRUE
aDQ0LRYWQE,asa_aDQ0LRYWQE_mls_eval_blended,Amine Bassi,amine bassi,1997-11-27,France,W,NA,27.592060232717316,mls,YgOMngl5wN,W,transition_winger,asa_live,-0.1375017833802717,2024→2025 g+/90 change (longer-term trend),blended,2025+2026 season to date,1954,0.22349673202614379,medium,0.09234902763561924,0,0.7830092118730808,9.542620266120778,1.5085240532241555,1.2313930399181165,3.0758828045035824,2.4158955987717503,0.10624974411463664,NA,0.88,NA,2026,700000,4,FALSE,TRUE
aDQ0LoylQE,asa_aDQ0LoylQE_mls_eval_blended,Griffin Dorsey,griffin dorsey,1999-03-05,USA,FB,NA,26.324435318275153,mls,YgOMngl5wN,FB,overlapping_fullback,asa_live,-0.0038977089148557464,2024→2025 g+/90 change (longer-term trend),blended,2025+2026 season to date,1899,0.9662418300653595,high,0.14014268100366453,0,0.9386876640687287,10.006610840752526,1.6013221681505052,1.3009916261128789,2.649608514092754,3.137512091017036,0.1840738847528029,NA,0.8261331281262025,NA,2026,767891,4,FALSE,TRUE
aDQ0NJKG5E,asa_aDQ0NJKG5E_mls_eval_blended,Victor Olatunji,victor olatunji,1999-09-05,Nigeria,FW,NA,25.82067077344285,mls,a2lqR4JMr0,FW,pressing_striker,asa_live,-0.07672040073803801,2025→2026 YTD g+/90 change (short-term; 2026 incomplete),blended,2025+2026 season to date,496,0.251078431372549,medium,0.5532833394949748,0,2.5355082494347054,10.331194298045759,1.6662388596091513,1.3496791447068635,1.1223717017307049,1.3142000326710288,0.28643348651460315,NA,0.6800000000000002,NA,2026,626500,3,FALSE,TRUE
aDQ0NN9v5E,asa_aDQ0NN9v5E_mls_eval_blended,Cameron Dunbar,cameron dunbar,2002-10-22,USA,CM,NA,23.690622861054074,mls,KAqBN0Vqbg,CM,ball_winning_midfielder,asa_live,0,Insufficient multi-season history for trend,blended,2025+2026 season to date,10,0.02,low,0,0,0,8,1.2,1,-1.3199999999999994,2.5,-0.1359,NA,0.68,NA,2026,NA,NA,FALSE,TRUE
aDQ0Njb35E,asa_aDQ0Njb35E_mls_eval_blended,Malik Henry,malik henry,2002-07-23,Canada,W,NA,22.940451745379878,mls,kRQabn8MKZ,W,transition_winger,asa_live,0.07566535201412192,2025→2026 YTD g+/90 change (short-term; 2026 incomplete),blended,2025+2026 season to date,691,0.2466339869281046,medium,0.2242429906542056,0,0.821213294254272,7.602672122988443,1.1205344245976885,0.9404008184482663,2.194999446994415,2.750305812088702,0.04985162860144887,NA,0.68,NA,2026,88025,2,FALSE,TRUE
aDQ0PGv3QE,asa_aDQ0PGv3QE_mls_eval_blended,Alex Mighten,alex mighten,2002-04-11,England,W,NA,23.222450376454482,mls,zeQZBOzQKw,W,transition_winger,asa_live,-0.03166188945927917,2025→2026 YTD g+/90 change (short-term; 2026 incomplete),blended,2025+2026 season to date,713,0.37437908496732025,medium,0.12100564797064704,0,1.2394615876156907,8.933790118112672,1.386758023622534,1.1400685177169008,2.238302104590522,2.780606847649084,0.1709700080390823,NA,0.7809200283085634,NA,2026,332292,3,FALSE,TRUE
aDQ0PJpPQE,asa_aDQ0PJpPQE_mls_eval_blended,Tai Baribo,tai baribo,1998-01-15,Israel,FW,NA,27.457905544147845,mls,9z5k7Yg5A3,FW,pressing_striker,asa_live,-0.02311155485101085,2024→2025 g+/90 change (longer-term trend),blended,2025+2026 season to date,1819,0.8594607843137254,high,0.5930518356562631,0,2.2662208304499103,8.780377001855385,1.356075400371077,1.1170565502783079,1.9049509228353934,1.793730740031351,0.2804379789131303,NA,0.68,NA,2026,2349000,5,FALSE,TRUE
aDQ0PKPRQE,asa_aDQ0PKPRQE_mls_eval_blended,Marco Farfan,marco farfan,1998-11-12,USA,FB,NA,26.633812457221083,mls,mKAqBBmqbg,FB,overlapping_fullback,asa_live,0.01818217882209336,2024→2025 g+/90 change (longer-term trend),blended,2025+2026 season to date,1469,0.16802287581699346,medium,0.02905854322668482,0,0.2450646698434309,11.113301565690946,1.822660313138189,1.466995234853642,3.434530292716134,2.253955071477195,0.10219809394145676,NA,0.88,NA,2026,582813,3,FALSE,TRUE
aDQ0PZY3QE,asa_aDQ0PZY3QE_mls_eval_blended,Pep Biel,pep biel,1996-09-05,Spain,W,NA,28.8186173853525,mls,NPqxKXZ59d,W,transition_winger,asa_live,0.07651639902806337,2024→2025 g+/90 change (longer-term trend),blended,2025+2026 season to date,2614,1,high,0.26659068667266966,0,2.0225875671267386,9.092694676787648,1.4185389353575293,1.163904201518147,3.5611187328630436,2.9100904127279117,0.20303415365177951,NA,0.8377549788774896,NA,2026,3015563,5,FALSE,TRUE
aDQ0PjypQE,asa_aDQ0PjypQE_mls_eval_blended,Timo Baumgartl,timo baumgartl,1996-03-04,Germany,CB,NA,29.32511978097194,mls,wvq9B9wQWn,CB,progressive_center_back,asa_live,-0.06900726742694083,2025→2026 YTD g+/90 change (short-term; 2026 incomplete),blended,2025+2026 season to date,2633,1,high,0.03199110181288399,0,0.20261485608020263,10.899592661968901,1.7799185323937798,1.434938899295335,4.5522150863735025,2.6404724796804007,0.15467489721945168,NA,0.88,NA,2026,693333,3,FALSE,TRUE
aDQ0PkRRQE,asa_aDQ0PkRRQE_mls_eval_blended,Eduard Atuesta,eduard atuesta,1997-06-18,Colombia,CM,NA,28.035592060232716,mls,jYQJ8EW5GR,CM,ball_winning_midfielder,asa_live,-0.019858421952374444,2024→2025 g+/90 change (longer-term trend),blended,2025+2026 season to date,1458,0.7796895424836601,high,0.06142587492994932,0,0.6002823352720867,10.472130390231676,1.6944260780463347,1.3708195585347511,4.743169119037739,2.8156032084697786,0.17691216981788396,NA,0.8799999999999999,NA,2026,825250,4,FALSE,TRUE
aDQ0PnvBQE,asa_aDQ0PnvBQE_mls_eval_blended,Djordje Mihailovic,djordje mihailovic,1998-11-10,USA,W,NA,26.639288158795345,mls,"c(""kRQabn8MKZ"", ""pzeQZ6xQKw"")",W,transition_winger,asa_live,-0.01126051479121204,2024→2025 g+/90 change (longer-term trend),blended,2025+2026 season to date,1384.3030303030303,0.6836764705882353,high,0.24683832167832168,0,1.7969576240492575,9.126339932577384,1.4252679865154767,1.1689509898866075,4.15147347672248,2.7943585991697546,0.2219545031064553,NA,0.88,NA,2026,2828204,5,FALSE,TRUE
aDQ0PwNpQE,asa_aDQ0PwNpQE_mls_eval_blended,Chidozie Awaziem,chidozie awaziem,1997-01-01,Nigeria,CB,NA,28.49555099247091,mls,pzeQZ6xQKw,CB,progressive_center_back,asa_live,0.026908644219990036,2024→2025 g+/90 change (longer-term trend),blended,2025+2026 season to date,1990,0.22761437908496732,medium,0.08341959798994975,0,0.5879396984924623,11.187175879396985,1.837435175879397,1.4780763819095477,3.675,2.631427135678392,0.16421608040201002,NA,0.88,NA,2026,1397675,4,FALSE,TRUE
aDQ0aG9pME,asa_aDQ0aG9pME_mls_eval_blended,Aleksey Miranchuk,aleksey miranchuk,1995-10-17,Russia,W,NA,29.7056810403833,mls,KAqBN0Vqbg,W,transition_winger,asa_live,-0.0023503043186394734,2024→2025 g+/90 change (longer-term trend),blended,2025+2026 season to date,2316,1,high,0.20258799411269973,0,1.791178753962606,9.733465096719932,1.5466930193439865,1.2600197645079898,4.000939703694119,2.6026301999094263,0.22908145176942488,NA,0.88,NA,2026,5085441,5,FALSE,TRUE
aDQ0aNE3ME,asa_aDQ0aNE3ME_mls_eval_blended,Michael Boxall,michael boxall,1988-08-18,New Zealand,CB,NA,36.86789869952088,mls,kRQand1MKZ,CB,progressive_center_back,asa_live,-0.012305846279103416,2024→2025 g+/90 change (longer-term trend),blended,2025+2026 season to date,1553,0.8932026143790849,high,0.027522425615193975,0,0.12135657794352489,10.321653595917187,1.6643307191834378,1.348248039387578,4.197704365709304,2.5679501115949788,0.10737678824438115,NA,0.8178606302707502,NA,2026,927500,4,FALSE,TRUE
aDQ0aVkWME,asa_aDQ0aVkWME_mls_eval_blended,Jamal Thiaré,jamal thiare,1993-03-31,Senegal,FW,NA,32.251882272416154,mls,KAqBN0Vqbg,FW,pressing_striker,asa_live,-0.0900194380401314,2024→2025 g+/90 change (longer-term trend),blended,2025+2026 season to date,679.3611793611794,0.30580065359477127,medium,0.4452211613224272,0,2.3649426181071753,8.796549000093304,1.3593098000186608,1.1194823500139957,1.3916842907349238,1.3477622616863123,0.27340400584704383,NA,0.7653398853398854,NA,2026,530000,3,FALSE,TRUE
aDQ0aVwlME,asa_aDQ0aVwlME_mls_eval_blended,Rob Holding,rob holding,1995-09-20,England,CB,NA,29.779603011635867,mls,pzeQZ6xQKw,CB,progressive_center_back,asa_live,-0.002054669202249282,2025→2026 YTD g+/90 change (short-term; 2026 incomplete),blended,2025+2026 season to date,2081,0.7472058823529412,medium,0.061194125138519045,0,0.48422399012035305,11.081919033205978,1.816383806641196,1.4622878549808966,4.690440118423447,2.7673468847686937,0.19224615316760668,NA,0.8800000000000001,NA,2026,1200000,4,FALSE,TRUE
aDQ0ao1PME,asa_aDQ0ao1PME_mls_eval_blended,Sam Adekugbe,sam adekugbe,1995-01-16,England,FB,NA,30.455852156057496,mls,lgpMOvnQzy,FB,overlapping_fullback,asa_live,0.0405113388470866,2024→2025 g+/90 change (longer-term trend),blended,2025+2026 season to date,276.25,0.06397058823529411,low,0.3269788480300188,0,1.5061913696060039,8.42038003752345,1.2840760075046904,1.063057005628518,2.9198451219512194,3.2945115572232644,0.24284385928705438,NA,0.88,NA,2026,1388000,4,FALSE,TRUE
aDQ0l7kWQE,asa_aDQ0l7kWQE_mls_eval_blended,Mitja Ilenič,mitja ilenic,2004-12-26,Slovenia,FB,NA,20.511978097193705,mls,Vj58weDM8n,FB,overlapping_fullback,asa_live,-0.06185699693564861,2024→2025 g+/90 change (longer-term trend),blended,2025+2026 season to date,903.0864197530864,0.2323202614379085,medium,0.06414197530864199,0,1.0832004253056884,8.879059601866619,1.3758119203733237,1.131858940279993,3.6281909002303734,2.3948115659519167,0.08923877665544332,NA,0.7359670781893004,NA,2026,391700,3,FALSE,TRUE
aDQ0l9bRQE,asa_aDQ0l9bRQE_mls_eval_blended,Kyle Hiebert,kyle hiebert,1997-07-30,Canada,CB,NA,27.920602327173167,mls,wvq9B9wQWn,CB,progressive_center_back,asa_live,0.1455031969622734,2024→2025 g+/90 change (longer-term trend),blended,2025+2026 season to date,1884,0.21549019607843137,medium,0.06743789808917197,0,0.1910828025477707,12.821592356687898,2.1643184713375794,1.7232388535031846,3.742356687898089,2.5915286624203824,0.17515127388535032,NA,0.88,NA,2026,269000,2,FALSE,TRUE
aDQ0lA2lQE,asa_aDQ0lA2lQE_mls_eval_blended,Joshua Torquato,joshua torquato,2007-07-24,USA,FB,NA,17.93839835728953,mls,mKAqBBmqbg,FB,overlapping_fullback,asa_live,0.025826538461538463,2025→2026 YTD g+/90 change (short-term; 2026 incomplete),blended,2025+2026 season to date,255,0.06830065359477124,low,0.007424999999999999,0,0.12980769230769232,7.7737261538461535,1.1547452307692305,0.966058923076923,2.2107403846153844,2.9980830769230766,-0.010616019230769231,NA,0.68,NA,2026,96025,2,FALSE,TRUE
aDQ0lp9pQE,asa_aDQ0lp9pQE_mls_eval_blended,David Vazquez,david vazquez,2006-02-22,USA,W,NA,19.353867214236825,mls,"c(""9z5k7Yg5A3"", ""zeQZBOzQKw"")",W,transition_winger,asa_live,0.07410645579465905,2025→2026 YTD g+/90 change (short-term; 2026 incomplete),blended,2025+2026 season to date,1015,0.35777777777777775,medium,0.18782485806352614,0,1.263157894736842,8.820805892281726,1.364161178456345,1.1231208838422586,1.5139136105570048,2.027827528003683,0.11222734386987877,NA,0.68,NA,2026,155880,2,FALSE,TRUE
aDQ0lryRQE,asa_aDQ0lryRQE_mls_eval_blended,Mihail Gherasimencov,mihail gherasimencov,2005-03-25,USA,FB,NA,21.267624914442163,mls,lgpMOvnQzy,FB,overlapping_fullback,asa_live,0,Insufficient multi-season history for trend,blended,2025+2026 season to date,393,0.1284313725490196,low,0.018618320610687022,0,0.6870229007633588,8.615572519083969,1.323114503816794,1.0923358778625953,2.9192748091603056,2.4381679389312976,0.025396946564885496,NA,0.68,NA,2026,97748,2,FALSE,TRUE
aDQ0x9bpQE,asa_aDQ0x9bpQE_mls_eval_blended,Rayan Elloumi,rayan elloumi,2007-09-17,Canada,FW,NA,17.78781656399726,mls,lgpMOvnQzy,FW,pressing_striker,asa_live,0.3213426970252361,2025→2026 YTD g+/90 change (short-term; 2026 incomplete),blended,2025+2026 season to date,492,0.200359477124183,medium,0.5650563341350816,0,2.507322419210925,9.141563603212166,1.428312720642433,1.171234540481825,0.9074124946657872,2.51781704620398,0.2992127720448462,NA,0.68,NA,2026,103671,2,FALSE,TRUE
e7Mz0EpXqr,asa_e7Mz0EpXqr_mls_eval_blended,Kaick,kaick,2005-11-29,Brazil,CM,NA,19.586584531143053,mls,mKAqBBmqbg,CM,ball_winning_midfielder,asa_live,-0.030316626182915682,2025→2026 YTD g+/90 change (short-term; 2026 incomplete),blended,2025+2026 season to date,2285,0.9774346405228758,high,0.11351355189432537,0,0.8608884780870142,10.021897947845325,1.604379589569065,1.3032846921767987,2.755639351940665,2.646363508170501,0.10098119900444213,NA,0.8330988274706868,NA,2026,251900,2,FALSE,TRUE
e7Mz913GQr,asa_e7Mz913GQr_mls_eval_blended,Aaron Long,aaron long,1992-10-12,USA,CB,NA,32.71731690622861,mls,eVq3ya6MWO,CB,progressive_center_back,asa_live,0.09013991577551594,2024→2025 g+/90 change (longer-term trend),blended,2025+2026 season to date,1066,0.5110130718954249,high,0.04873092306148487,0,0.25323623435640863,12.72964921083189,2.1459298421663777,1.7094473816247833,5.24128062416675,2.50729159797583,0.2306304098513411,NA,0.8799999999999999,NA,2026,1050000,4,FALSE,TRUE
e7Mz9GBOQr,asa_e7Mz9GBOQr_mls_eval_blended,Mikael Uhre,mikael uhre,1994-09-30,Denmark,FW,NA,30.751540041067763,mls,9z5k7Yg5A3,FW,pressing_striker,asa_live,-0.022141079291714827,2024→2025 g+/90 change (longer-term trend),blended,2025+2026 season to date,1562,0.17866013071895423,medium,0.35290717029449425,0,2.592829705505762,9.383303457106274,1.4766606914212548,1.207495518565941,1.0899487836107555,2.4562099871959027,0.2545640204865557,NA,0.68,NA,2026,2240000,5,FALSE,TRUE
e7Mz9NpeQr,asa_e7Mz9NpeQr_mls_eval_blended,Harry Toffolo,harry toffolo,1995-08-19,England,FB,NA,29.867214236824093,mls,NPqxKXZ59d,FB,overlapping_fullback,asa_live,-0.012558770373655631,2025→2026 YTD g+/90 change (short-term; 2026 incomplete),blended,2025+2026 season to date,1244,0.4562908496732026,medium,0.029738771817794808,0,0.519369944657301,9.224829714772243,1.4449659429544486,1.1837244572158365,3.676039005959983,2.489342273307791,0.08905997232865048,NA,0.88,NA,2026,1020000,4,FALSE,TRUE
e7Mz9PWjQr,asa_e7Mz9PWjQr_mls_eval_blended,Keegan Rosenberry,keegan rosenberry,1993-12-11,USA,FB,NA,31.55373032169747,mls,pzeQZ6xQKw,FB,overlapping_fullback,asa_live,-0.009778616443914687,2024→2025 g+/90 change (longer-term trend),blended,2025+2026 season to date,730,0.3762745098039216,medium,0.035887737843551794,0,0.47129614571475037,10.488654415352089,1.6977308830704176,1.3732981623028133,3.913600992031225,2.4415007318263133,0.13008124898357454,NA,0.7820979020979022,NA,2026,300000,3,FALSE,TRUE
e7Mz9eaOQr,asa_e7Mz9eaOQr_mls_eval_blended,Rodrigo de Paul,rodrigo de paul,1994-05-24,Argentina,CM,NA,31.104722792607802,mls,zeQZkL1MKw,CM,ball_winning_midfielder,asa_live,0.09232918656964431,2025→2026 YTD g+/90 change (short-term; 2026 incomplete),blended,2025+2026 season to date,2278,0.9266503267973857,high,0.08863789825955311,0,1.136071302546357,10.254088551448856,1.650817710289771,1.338113282717328,5.665741900111174,3.218672790672085,0.2839259921154379,NA,0.88,NA,2026,9688320,5,FALSE,TRUE
e7MzAxyGQr,asa_e7MzAxyGQr_mls_eval_blended,Henry Kessler,henry kessler,1998-06-25,USA,CB,NA,27.017111567419576,mls,wvq9B9wQWn,CB,progressive_center_back,asa_live,0.05753739823915563,2024→2025 g+/90 change (longer-term trend),blended,2025+2026 season to date,1124,0.5447222222222222,high,0.025149502443245444,0,0.2816413010281991,15.25199888017917,2.650399776035834,2.0877998320268754,4.208584047007024,2.6310490685126746,0.26217611091316295,NA,0.88,NA,2026,965525,4,FALSE,TRUE
e7MzJPvGMr,asa_e7MzJPvGMr_mls_eval_blended,Julián Aude,julian aude,2003-03-24,Argentina,FB,NA,22.272416153319643,mls,kaDQ0wRqEv,FB,overlapping_fullback,asa_live,0.03881056735297875,2024→2025 g+/90 change (longer-term trend),blended,2025+2026 season to date,1162,0.5391830065359478,high,0.012335317695756095,0,0.14542145484638014,10.899321566880925,1.779864313376185,1.4348982350321386,3.5127638860422223,2.798692616969766,0.1180043719670153,NA,0.88,NA,2026,385000,3,FALSE,TRUE
e7MzJV2GMr,asa_e7MzJV2GMr_mls_eval_blended,Nicolás Fernández,nicolas fernandez,2000-01-11,Argentina,W,NA,25.470225872689937,mls,Vj58weDM8n,W,transition_winger,asa_live,-0.0012516328259503107,2025→2026 YTD g+/90 change (short-term; 2026 incomplete),blended,2025+2026 season to date,2553,1,high,0.27688186091929035,0,2.2245823386010515,9.467148707937913,1.4934297415875821,1.2200723061906866,4.17534613949956,3.274257675646557,0.26566886380371607,NA,0.88,NA,2026,3650000,5,FALSE,TRUE
e7MzJVJ7Mr,asa_e7MzJVJ7Mr_mls_eval_blended,Ted Ku-Dipietro,ted kudipietro,2002-01-28,USA,W,NA,23.422313483915126,mls,pzeQZ6xQKw,W,transition_winger,asa_live,0.0786472500992983,2024→2025 g+/90 change (longer-term trend),blended,2025+2026 season to date,1082.8999999999999,0.18526143790849672,medium,0.21868829125420033,0,1.8959352335975712,9.976172632562243,1.5952345265124486,1.2964258948843363,2.928865720318642,2.793139354152341,0.24324962310416856,NA,0.8500000000000001,NA,2026,556000,3,FALSE,TRUE
e7MzJWAPMr,asa_e7MzJWAPMr_mls_eval_blended,Tristan Brown,tristan brown,2007-10-17,USA,FB,NA,17.7056810403833,mls,mvzqoLZQap,FB,overlapping_fullback,asa_live,0,Insufficient multi-season history for trend,blended,2025+2026 season to date,76,0.02,low,0.06643421052631578,0,1.1842105263157894,7.521578947368421,1.1043157894736841,0.928236842105263,1.268092105263158,1.9149999999999998,-0.04073684210526316,NA,0.8799999999999999,NA,2026,84986,2,FALSE,TRUE
e7MzZ63OMr,asa_e7MzZ63OMr_mls_eval_blended,Bernard Kamungo,bernard kamungo,2002-01-01,Tanzania,FB,NA,23.496235455167692,mls,mKAqBBmqbg,FB,overlapping_fullback,asa_live,-6.893540310465851e-4,2024→2025 g+/90 change (longer-term trend),blended,2025+2026 season to date,1483,0.7130555555555554,high,0.10562998918900568,0,1.0664072150369392,9.796051144972154,1.5592102289944307,1.269407671745823,2.886055405829771,3.6294603196595165,0.1780185305443277,NA,0.68,NA,2026,281000,2,FALSE,TRUE
e7MzZNxJMr,asa_e7MzZNxJMr_mls_eval_blended,Preston Plambeck,preston plambeck,2005-12-20,USA,CM,NA,20.528405201916495,mls,zeQZkL1MKw,CM,ball_winning_midfielder,asa_live,0,Insufficient multi-season history for trend,blended,2025+2026 season to date,129,0.04215686274509804,low,0.2686046511627907,0,2.0930232558139537,10.916279069767441,1.7832558139534882,1.4374418604651162,6.134302325581395,3.38046511627907,0.3366976744186047,NA,0.88,NA,2026,NA,NA,FALSE,TRUE
e7MzZpaXMr,asa_e7MzZpaXMr_mls_eval_blended,Josh Bauer,josh bauer,1998-07-22,USA,FB,NA,26.94318959616701,mls,vzqoOgNqap,FB,overlapping_fullback,asa_live,-0.06146172731131348,2024→2025 g+/90 change (longer-term trend),blended,2025+2026 season to date,626,0.33931372549019606,medium,0.09256456222295631,0,0.674815048129739,9.346096996980847,1.4692193993961697,1.2019145495471273,3.102993704338206,2.231206969401317,0.06871418310043098,NA,0.7855806938159879,NA,2026,253667,2,FALSE,TRUE
e7MzZprjMr,asa_e7MzZprjMr_mls_eval_blended,William Agada,william agada,1999-09-17,Nigeria,FW,NA,25.78781656399726,mls,"c(""Z2vQ1xlqrA"", ""a2lqR4JMr0"")",FW,pressing_striker,asa_live,-0.24000835484945648,2024→2025 g+/90 change (longer-term trend),blended,2025+2026 season to date,1480,0.169281045751634,medium,0.29719459459459463,0,2.554054054054054,8.578675675675676,1.3157351351351352,1.0868013513513515,1.1904222972972973,1.1589999999999998,0.13801013513513516,NA,0.68,NA,2026,546875,3,FALSE,TRUE
e7MzxlJqr0,asa_e7MzxlJqr0_mls_eval_blended,Cédric Bakambu,cedric bakambu,1991-04-11,DR Congo,FW,NA,35.22245037645448,mls,zeQZBOzQKw,FW,pressing_striker,asa_live,0,Insufficient multi-season history for trend,blended,2025+2026 season to date,153,0.05,low,1.1029411764705883,0,2.3529411764705883,8.59764705882353,1.3195294117647058,1.0896470588235294,2.3411764705882354,1.1576470588235295,0.20194117647058824,NA,0.8800000000000001,NA,2026,NA,NA,FALSE,TRUE
e7MzzmEeMr,asa_e7MzzmEeMr_mls_eval_blended,Manu Duah,manu duah,2005-06-05,Ghana,CB,NA,20.071184120465436,mls,zeQZBOzQKw,CB,progressive_center_back,asa_live,0.023978031294510344,2025→2026 YTD g+/90 change (short-term; 2026 incomplete),blended,2025+2026 season to date,2585,1,high,0.012207697554790509,0,0.204396080602836,11.58399004903259,1.9167980098065178,1.5375985073548886,5.246240660936835,2.672360032420894,0.18802321464397204,NA,0.8800000000000001,NA,2026,92025,2,FALSE,TRUE
eV5D0G2Z5K,asa_eV5D0G2Z5K_mls_eval_blended,Alvas Powell,alvas powell,1994-07-18,Jamaica,FB,NA,30.954140999315538,mls,NWMWlBK5lz,FB,overlapping_fullback,asa_live,-0.04593300525394048,2024→2025 g+/90 change (longer-term trend),blended,2025+2026 season to date,800.2002002002001,0.22833333333333336,low,0.015588062668623087,0,0.3661980719774065,11.454796863413327,1.8909593726826652,1.518219529511999,3.7114758366071854,2.6348404095864693,0.14019128760985153,NA,0.68,NA,2026,325750,3,FALSE,TRUE
eV5D0on95K,asa_eV5D0on95K_mls_eval_blended,Kim Kee-hee,kim keehee,1989-07-13,South Korea,CB,NA,35.96714579055441,mls,jYQJ19EqGR,CB,progressive_center_back,asa_live,0.1087695273877793,2025→2026 YTD g+/90 change (short-term; 2026 incomplete),blended,2025+2026 season to date,752.0661157024794,0.26094771241830067,low,0.0179254785618422,0,0.23098114007204917,10.096531751077205,1.619306350215441,1.314479762661581,4.386598502507593,2.676558592922229,0.12819954792682065,NA,0.8799999999999999,NA,2026,113400,2,FALSE,TRUE
eV5D21BAQK,asa_eV5D21BAQK_mls_eval_blended,Wyatt Meyer,wyatt meyer,2001-11-12,USA,CM,NA,23.633127994524298,mls,vzqoOgNqap,CM,ball_winning_midfielder,asa_live,0.11201096639749936,2025→2026 YTD g+/90 change (short-term; 2026 incomplete),blended,2025+2026 season to date,1745,0.6004575163398693,medium,0.02331823759063023,0,0.40323480200780815,11.730054656999442,1.9460109313998883,1.5595081985499166,3.373146960401561,2.27555158951478,0.11635147796988288,NA,0.8227402862985684,NA,2026,116550,2,FALSE,TRUE
eV5D2NgaQK,asa_eV5D2NgaQK_mls_eval_blended,Philippe Ndinga Ossibadjouo,philippe ndinga ossibadjouo,2005-06-03,Congo,FB,NA,21.075975359342916,mls,9z5k7Yg5A3,FB,overlapping_fullback,asa_live,0,Insufficient multi-season history for trend,blended,2025+2026 season to date,272,0.08888888888888889,low,0.05552205882352941,0,0.9926470588235294,9.736470588235294,1.5472941176470587,1.260470588235294,4.660202205882353,-1.2773529411764706,-0.046058823529411756,NA,0.68,NA,2026,332250,3,FALSE,TRUE
eV5D2RJAQK,asa_eV5D2RJAQK_mls_eval_blended,Noel Caliskan,noel caliskan,2000-08-29,Germany,FB,NA,24.83778234086242,mls,a2lqR4JMr0,FB,overlapping_fullback,asa_live,0.03595931917925796,2024→2025 g+/90 change (longer-term trend),blended,2025+2026 season to date,2577,1,high,0.06036997496430382,0,0.8126960854888365,10.564740399591754,1.7129480799183507,1.384711059938763,3.6403522170061002,2.8794064980194136,0.1488342333490204,NA,0.8800000000000001,NA,2026,113400,2,FALSE,TRUE
eV5D2XxAQK,asa_eV5D2XxAQK_mls_eval_blended,Bibi Karamoko,bibi karamoko,2005-11-01,USA,FW,NA,19.66324435318275,mls,EKXMeX3Q64,FW,pressing_striker,asa_live,0,Insufficient multi-season history for trend,blended,2025+2026 season to date,25,0.02,low,0,0,0,8,1.2,1,0.867,4.3504000000000005,0.06732,NA,0.68,NA,2026,80622,2,FALSE,TRUE
eV5DB6nQKn,asa_eV5DB6nQKn_mls_eval_blended,Eric Maxim Choupo-Moting,eric maxim choupomoting,1989-03-23,Cameroon,FW,NA,36.27378507871321,mls,a2lqRX2Mr0,FW,pressing_striker,asa_live,-0.011798896865452851,2025→2026 YTD g+/90 change (short-term; 2026 incomplete),blended,2025+2026 season to date,1858.6414445399828,0.5045098039215686,medium,0.43788411803491945,0,2.1183935596255887,8.734106317857604,1.3468212635715209,1.1101159476786406,1.3076846718108879,2.594458720746328,0.2073565172258631,NA,0.7596216680997421,NA,2026,3530667,5,FALSE,TRUE
eV5DL18a5K,asa_eV5DL18a5K_mls_eval_blended,Jakob Glesnes,jakob glesnes,1994-03-25,Norway,CB,NA,31.26899383983573,mls,9z5k7Yg5A3,CB,progressive_center_back,asa_live,-0.04267068296180393,2024→2025 g+/90 change (longer-term trend),blended,2025+2026 season to date,2084,1,high,0.016735174536661006,0,0.4247581776563538,10.8800456878092,1.77600913756184,1.43200685317138,4.407318990899357,2.5632752621280366,0.12963447214428117,NA,0.8799999999999999,NA,2026,1268503,4,FALSE,TRUE
eV5DL1xR5K,asa_eV5DL1xR5K_mls_eval_blended,Sean Zawadzki,sean zawadzki,2000-04-21,USA,CB,NA,25.193702943189596,mls,mvzqoLZQap,CB,progressive_center_back,asa_live,0.10716746466947988,2024→2025 g+/90 change (longer-term trend),blended,2025+2026 season to date,2778,1,high,0.027552372367291363,0,0.33079270209679246,10.585564313943824,1.7171128627887648,1.3878346470915734,4.135318322954738,3.10394087459144,0.15518940011455132,NA,0.88,NA,2026,900500,4,FALSE,TRUE
eV5DL9aZ5K,asa_eV5DL9aZ5K_mls_eval_blended,Luca Petrasso,luca petrasso,2000-06-16,Canada,FB,NA,25.0403832991102,mls,APk5LGOMOW,FB,overlapping_fullback,asa_live,-0.17891741741741737,2024→2025 g+/90 change (longer-term trend),blended,2025+2026 season to date,2464,1,high,0.014951814330132915,0,0.3290869883790238,9.423180259905923,1.4846360519811848,1.2134770389858887,3.8499274875381073,2.524374551542693,0.10308969905430082,NA,0.88,NA,2026,134736,2,FALSE,TRUE
eV5DLDVJ5K,asa_eV5DLDVJ5K_mls_eval_blended,Eryk Williamson,eryk williamson,1997-06-11,USA,CM,NA,28.05475701574264,mls,NPqxKXZ59d,CM,ball_winning_midfielder,asa_live,-0.13681550556701477,2024→2025 g+/90 change (longer-term trend),blended,2025+2026 season to date,838,0.09584967320261437,low,0.03211217183770883,0,0.3221957040572792,9.453747016706444,1.4907494033412885,1.2180620525059667,2.817153937947494,1.981050119331742,0.0061324582338902174,NA,0.68,NA,2026,775000,4,FALSE,TRUE
eV5DLKnn5K,asa_eV5DLKnn5K_mls_eval_blended,Lachlan Brook,lachlan brook,2001-02-08,Australia,W,NA,24.39151266255989,mls,a2lqR4JMr0,W,transition_winger,asa_live,-0.06375115207373269,2024→2025 g+/90 change (longer-term trend),blended,2025+2026 season to date,133,0.02,low,0.18947368421052635,0,3.3834586466165413,8.58736842105263,1.3174736842105264,1.0881052631578947,2.7276315789473684,3.463609022556391,0.14657142857142857,NA,0.88,NA,2026,274883,2,FALSE,TRUE
eV5DLNDm5K,asa_eV5DLNDm5K_mls_eval_blended,Brenner,brenner,2000-01-16,Brazil,FW,NA,25.456536618754278,mls,NWMWlBK5lz,FW,pressing_striker,asa_live,0,Insufficient multi-season history for trend,blended,2025+2026 season to date,959,0.10968954248366013,low,0.41696558915537013,0,2.2523461939520333,8.921584984358708,1.3843169968717413,1.1382377476538061,2.922575599582899,2.5257142857142862,0.2586913451511992,NA,0.88,NA,2026,280120,2,FALSE,TRUE
eV5DLWdm5K,asa_eV5DLWdm5K_mls_eval_blended,Ronald Hernández,ronald hernandez,1997-09-21,Venezuela,FB,NA,27.77549623545517,mls,KAqBN0Vqbg,FB,overlapping_fullback,asa_live,-0.0879955460181821,2024→2025 g+/90 change (longer-term trend),blended,2025+2026 season to date,767.9302501895376,0.3677941176470588,medium,0.03130535530623868,0,0.2992937729521171,10.50214045634664,1.7004280912693277,1.3753210684519956,4.076219524015859,2.465368876444585,0.12505188373802376,NA,0.8799999999999999,NA,2026,159000,2,FALSE,TRUE
eV5DLY8A5K,asa_eV5DLY8A5K_mls_eval_blended,Mason Toye,mason toye,1998-10-16,USA,FW,NA,26.70773442847365,mls,Z2vQ1xlqrA,FW,pressing_striker,asa_live,0.199613482272948,2024→2025 g+/90 change (longer-term trend),blended,2025+2026 season to date,639,0.07308823529411763,low,0.4104788732394366,0,1.971830985915493,9.068732394366197,1.4137464788732395,1.1603098591549297,1.908450704225352,2.6816901408450704,0.2547183098591549,NA,0.68,NA,2026,392500,3,FALSE,TRUE
eV5DLYJa5K,asa_eV5DLYJa5K_mls_eval_blended,Akil Watts,akil watts,2000-02-04,USA,FB,NA,25.404517453798768,mls,wvq9B9wQWn,FB,overlapping_fullback,asa_live,0.005723123089416929,2024→2025 g+/90 change (longer-term trend),blended,2025+2026 season to date,1617,0.18495098039215685,medium,0.0684656771799629,0,0.8905380333951762,10.908274582560297,1.7816549165120592,1.4362411873840446,3.2333487940630796,2.174397031539889,0.12719109461966605,NA,0.6800000000000002,NA,2026,104000,2,FALSE,TRUE
eV5DLnOY5K,asa_eV5DLnOY5K_mls_eval_blended,Jeisson Palacios,jeisson palacios,1994-03-20,Colombia,CB,NA,31.28268309377139,mls,vzqoOgNqap,CB,progressive_center_back,asa_live,0.002120071256822925,2025→2026 YTD g+/90 change (short-term; 2026 incomplete),blended,2025+2026 season to date,2008,0.9158496732026143,high,0.04669715933862141,0,0.562796478373753,10.612642390957777,1.7225284781915553,1.3918963586436663,4.8018546369380335,2.6602927530762175,0.1739121350347152,NA,0.8799999999999999,NA,2026,1097500,4,FALSE,TRUE
eV5DRabAQK,asa_eV5DRabAQK_mls_eval_blended,Micah Chisholm,micah chisholm,2004-11-19,Canada,CB,NA,21.61259411362081,mls,kRQabn8MKZ,CB,progressive_center_back,asa_live,0,Insufficient multi-season history for trend,blended,2025+2026 season to date,85,0.027777777777777776,low,0,0,0,15.627764705882353,2.7255529411764705,2.144164705882353,2.973529411764706,2.6545882352941175,0.15734117647058823,NA,0.68,NA,2026,NA,NA,FALSE,TRUE
eV5DkvNOMK,asa_eV5DkvNOMK_mls_eval_blended,Stuart Hawkins,stuart hawkins,2006-09-18,USA,CB,NA,18.784394250513348,mls,jYQJ19EqGR,CB,progressive_center_back,asa_live,-0.1229578387458007,2025→2026 YTD g+/90 change (short-term; 2026 incomplete),blended,2025+2026 season to date,940,0.3245751633986928,medium,0.0963556001283697,0,0.7798459563543003,10.667812580231066,1.733562516046213,1.4001718870346598,3.9095314505776635,2.65395892169448,0.17228732349165599,NA,0.7946341463414635,NA,2026,125421,2,FALSE,TRUE
eV5DkwDaMK,asa_eV5DkwDaMK_mls_eval_blended,Jack Neeley,jack neeley,2005-03-11,USA,FB,NA,20.306639288158795,mls,NPqxKXZ59d,FB,overlapping_fullback,asa_live,0,Insufficient multi-season history for trend,blended,2025+2026 season to date,7,0.02,low,0,0,0,16.28,2.8559999999999994,2.242,4.607142857142857,2.5,0.2687142857142857,NA,0.88,NA,2026,106000,2,FALSE,TRUE
eV5DkxpAMK,asa_eV5DkxpAMK_mls_eval_blended,Nariman Akhundzade,nariman akhundzade,2004-04-23,Azerbaijan,W,NA,22.187542778918548,mls,mvzqoLZQap,W,transition_winger,asa_live,0,Insufficient multi-season history for trend,blended,2025+2026 season to date,171,0.05588235294117647,low,0.10952631578947368,0,1.0526315789473684,8.04,1.208,1.006,1.4644736842105264,3.3010526315789477,0.086,NA,0.8799999999999999,NA,2026,633389,3,FALSE,TRUE
eV5Dky89MK,asa_eV5Dky89MK_mls_eval_blended,Nelson Palacio,nelson palacio,2001-06-16,Colombia,CM,NA,24.041067761806982,mls,a2lqR4JMr0,CM,ball_winning_midfielder,asa_live,-0.04793542993394746,2024→2025 g+/90 change (longer-term trend),blended,2025+2026 season to date,689,0.07880718954248365,low,0.02703918722786647,0,1.1756168359941945,10.07587808417997,1.615175616835994,1.3113817126269955,3.919267053701016,2.6267053701015963,0.08413497822931786,NA,0.8800000000000001,NA,2026,423167,3,FALSE,TRUE
eV5DkyKOMK,asa_eV5DkyKOMK_mls_eval_blended,Elias Saad,elias saad,1999-12-27,Tunisia,W,NA,26.510609171800137,mls,vzqoOgNqap,W,transition_winger,asa_live,0,Insufficient multi-season history for trend,blended,2025+2026 season to date,661,0.21601307189542485,medium,0.2918532526475038,0,2.178517397881997,9.695975794251135,1.5391951588502268,1.2543963691376703,3.4748487140695916,4.027957639939485,0.37505900151285926,NA,0.8799999999999999,NA,2026,NA,NA,FALSE,TRUE
eV5DpPa5Kn,asa_eV5DpPa5Kn_mls_eval_blended,Robert Lewandowski,robert lewandowski,1988-08-21,Poland,FW,NA,37.8590006844627,mls,X0Oq66zq6D,FW,pressing_striker,asa_live,0,Insufficient multi-season history for trend,blended,2025+2026 season to date,891,0.2911764705882353,medium,0.5440707070707071,0,2.6262626262626263,8.263434343434344,1.2526868686868686,1.0395151515151515,1.9939393939393941,2.4696969696969697,0.2832222222222222,NA,0.88,NA,2026,NA,NA,FALSE,TRUE
eV5Dz67ZQK,asa_eV5Dz67ZQK_mls_eval_blended,Jovan Lukić,jovan lukic,2002-01-20,Serbia,CM,NA,23.444216290212182,mls,9z5k7Yg5A3,CM,ball_winning_midfielder,asa_live,-0.008200134475575258,2025→2026 YTD g+/90 change (short-term; 2026 incomplete),blended,2025+2026 season to date,2090,1,high,0.035015845711741614,0,0.7160723681547739,10.80659019711013,1.7613180394220262,1.4209885295665197,3.5824100457360264,2.72706309952645,0.12301910389768082,NA,0.829820788530466,NA,2026,441375,3,FALSE,TRUE
eV5DzBzEQK,asa_eV5DzBzEQK_mls_eval_blended,Jackson Castro,jackson castro,2002-12-24,USA,CM,NA,22.518822724161534,mls,lgpMOvnQzy,CM,ball_winning_midfielder,asa_live,0,Insufficient multi-season history for trend,blended,2025+2026 season to date,8,0.02,low,0,0,0,8,1.2,1,-0.2906249999999999,-1.0099999999999998,-0.31275,NA,0.68,NA,2026,NA,NA,FALSE,TRUE
eV5DzD0ZQK,asa_eV5DzD0ZQK_mls_eval_blended,Dennis Gjengaar,dennis gjengaar,2004-02-24,Norway,W,NA,21.349760438056126,mls,a2lqRX2Mr0,W,transition_winger,asa_live,0.10984025965513139,2024→2025 g+/90 change (longer-term trend),blended,2025+2026 season to date,886,0.10133986928104574,low,0.25836907449209934,0,1.2189616252821671,11.564650112866817,1.9129300225733634,1.5346975169300225,2.6630079006772007,1.9098194130925508,0.2305970654627539,NA,0.8799999999999999,NA,2026,418769,3,FALSE,TRUE
eV5DzXvnQK,asa_eV5DzXvnQK_mls_eval_blended,Brayan Vera,brayan vera,1999-01-15,Colombia,CB,NA,26.458590006844627,mls,a2lqR4JMr0,CB,progressive_center_back,asa_live,-0.06223971104411022,2024→2025 g+/90 change (longer-term trend),blended,2025+2026 season to date,2096,0.9528431372549019,high,0.035962415198484116,0,0.8295429972548316,11.011728063391768,1.8023456126783535,1.4517592095087652,4.625677358407582,2.4593648728389583,0.15188117800346718,NA,0.8800000000000001,NA,2026,748000,4,FALSE,TRUE
eV5DzeZaQK,asa_eV5DzeZaQK_mls_eval_blended,Léo Chú,leo chu,2000-04-06,Brazil,W,NA,25.234770704996578,mls,mKAqBBmqbg,W,transition_winger,asa_live,0.06270980899649442,2024→2025 g+/90 change (longer-term trend),blended,2025+2026 season to date,233,0.02665032679738562,low,0.3422317596566523,0,2.3175965665236054,9.089270386266094,1.4178540772532189,1.1633905579399142,2.413841201716738,-0.8906437768240343,0.16424034334763946,NA,0.6799999999999999,NA,2026,600000,3,FALSE,TRUE
eV5Dzm8EQK,asa_eV5Dzm8EQK_mls_eval_blended,Kenny Nielsen,kenny nielsen,2002-02-13,USA,CB,NA,23.378507871321013,mls,eVq3ya6MWO,CB,progressive_center_back,asa_live,-0.23087512575452712,2025→2026 YTD g+/90 change (short-term; 2026 incomplete),blended,2025+2026 season to date,284,0.10562091503267973,low,0.12810594512195123,0,0.5716463414634146,13.186798780487806,2.237359756097561,1.778019817073171,4.862309451219512,2.7421036585365854,0.28412423780487805,NA,0.8800000000000001,NA,2026,88025,2,FALSE,TRUE
eV5Dzr7EQK,asa_eV5Dzr7EQK_mls_eval_blended,CJ Fodrey,cj fodrey,2004-02-10,USA,FW,NA,21.388090349075977,mls,gpMOLwl5zy,FW,pressing_striker,asa_live,0.2176518966070935,2024→2025 g+/90 change (longer-term trend),blended,2025+2026 season to date,375,0.182140522875817,low,0.23134566084899347,0,2.44333348212293,9.032761469446058,1.4065522938892112,1.1549142204169085,2.249251037807437,3.0085752443869125,0.24032792036780787,NA,0.68,NA,2026,120000,2,FALSE,TRUE
eVq3aOPvMW,asa_eVq3aOPvMW_mls_eval_blended,Vincent Janssen,vincent janssen,1994-06-15,Netherlands,FW,NA,32.04380561259411,mls,WBLMvYAQxe,FW,pressing_striker,asa_live,0,Insufficient multi-season history for trend,blended,2025+2026 season to date,353,0.11535947712418301,low,0.6542464589235127,0,2.2946175637393766,8.391614730878187,1.2783229461756374,1.058742209631728,-2.5300283286118983,1.5250424929178472,0.007878186968838498,NA,0.68,NA,2026,NA,NA,FALSE,TRUE
eVq3alzDMW,asa_eVq3alzDMW_mls_eval_blended,Mikkel Desler,mikkel desler,1995-02-19,Denmark,FB,NA,30.362765229295004,mls,gpMOLwl5zy,FB,overlapping_fullback,asa_live,-0.028164002497482826,2024→2025 g+/90 change (longer-term trend),blended,2025+2026 season to date,1221,0.5855718954248366,high,0.052908642449725526,0,0.5155576606425927,12.262594544597437,2.052518908919487,1.6393891816896153,3.6400837367876617,2.473381219098601,0.16070420895769147,NA,0.8800000000000001,NA,2026,550000,3,FALSE,TRUE
eVq3eJOwMW,asa_eVq3eJOwMW_mls_eval_blended,Kevin Pierre,kevin pierre,2003-06-21,USA,CM,NA,23.028062970568104,mls,Vj58weDM8n,CM,ball_winning_midfielder,asa_live,0,Insufficient multi-season history for trend,blended,2025+2026 season to date,34,0.02,low,0,0,0,10.901176470588236,1.780235294117647,1.4351764705882353,0.8095588235294118,3.7176470588235295,0.06008823529411765,NA,0.88,NA,2026,90226,2,FALSE,TRUE
eVq3ejEvMW,asa_eVq3ejEvMW_mls_eval_blended,Seymour Reid,seymour reid,2008-03-04,Jamaica,FW,NA,17.32511978097194,mls,Vj58weDM8n,FW,pressing_striker,asa_live,-0.03267756133828997,2025→2026 YTD g+/90 change (short-term; 2026 incomplete),blended,2025+2026 season to date,269,0.10220588235294117,low,0.406892879256966,0,1.9318885448916412,9.338501547987615,1.4677003095975232,1.2007752321981426,4.776780185758514,-0.9231950464396288,0.23378452012383902,NA,0.6800000000000002,NA,2026,102840,2,FALSE,TRUE
eVq3epZwMW,asa_eVq3epZwMW_mls_eval_blended,Álvaro Augusto,alvaro augusto,2005-04-17,Brazil,CB,NA,20.205338809034906,mls,mKAqBBmqbg,CB,progressive_center_back,asa_live,0,Insufficient multi-season history for trend,blended,2025+2026 season to date,443,0.05066993464052287,low,0.033683972911963886,0,0.40632054176072235,14.579142212189618,2.5158284424379236,1.9868713318284426,2.8323927765237022,2.538600451467268,0.18954853273137698,NA,0.8799999999999999,NA,2026,92740,2,FALSE,TRUE
eVq3jBAv5W,asa_eVq3jBAv5W_mls_eval_blended,Jeremy Ebobisse,jeremy ebobisse,1997-02-14,USA,FW,NA,28.3750855578371,mls,eVq3ya6MWO,FW,pressing_striker,asa_live,0.027665131983531405,2024→2025 g+/90 change (longer-term trend),blended,2025+2026 season to date,563.4692246203036,0.2952450980392157,medium,0.33720463232194775,0,1.5037900166460674,8.613313424731912,1.3226626849463823,1.0919970137097867,2.1134356268708965,1.815611153579619,0.15225547784215526,NA,0.7919104716227019,NA,2026,722500,4,FALSE,TRUE
eVq3jBjj5W,asa_eVq3jBjj5W_mls_eval_blended,Tom Barlow,tom barlow,1995-07-08,USA,FW,NA,29.982203969883642,mls,X0Oq66zq6D,FW,pressing_striker,asa_live,-0.1752350869526354,2024→2025 g+/90 change (longer-term trend),blended,2025+2026 season to date,1239,0.4660947712418301,medium,0.37306258645703294,0,1.69265398389188,9.341893740390315,1.468378748078063,1.2012840610585473,1.4455302617690011,2.099348541737961,0.21101734201558756,NA,0.807797833935018,NA,2026,121733,2,FALSE,TRUE
eVq3jDBG5W,asa_eVq3jDBG5W_mls_eval_blended,Gustav Berggren,gustav berggren,1997-09-07,Sweden,CM,NA,27.813826146475016,mls,a2lqRX2Mr0,CM,ball_winning_midfielder,asa_live,0.07654524806043282,2025→2026 YTD g+/90 change (short-term; 2026 incomplete),blended,2025+2026 season to date,496,0.20727124183006537,medium,0.09690802675585283,0,0.903010033444816,9.167050929257865,1.4334101858515729,1.1750576393886796,3.355950742982939,2.771181152364422,0.13176983404597603,NA,0.8800000000000001,NA,2026,1310000,4,FALSE,TRUE
eVq3jJYw5W,asa_eVq3jJYw5W_mls_eval_blended,Jonathan González,jonathan gonzalez,1999-04-13,Mexico,CM,NA,27.21697467488022,mls,0KPqjA456v,CM,ball_winning_midfielder,asa_live,0,Insufficient multi-season history for trend,blended,2025+2026 season to date,300,0.09803921568627451,low,0.007140000000000001,0,0.3,11.1476,1.82952,1.47214,2.5245,2.767,0.0861,NA,0.88,NA,2026,275625,2,FALSE,TRUE
eVq3jYZv5W,asa_eVq3jYZv5W_mls_eval_blended,Derrick Jones,derrick jones,1997-03-03,USA,CM,NA,28.32854209445585,mls,mvzqoLZQap,CM,ball_winning_midfielder,asa_live,0.09527605932203392,2024→2025 g+/90 change (longer-term trend),blended,2025+2026 season to date,16,0.02,low,0.2413125,0,5.625,11.735,1.947,1.56025,0.890625,3.5462499999999997,0.2750625,NA,0.68,NA,2026,387500,3,FALSE,TRUE
eVq3jbrg5W,asa_eVq3jbrg5W_mls_eval_blended,Toyosi Olusanya,toyosi olusanya,1997-10-14,England,FW,NA,27.71252566735113,mls,YgOMngl5wN,FW,pressing_striker,asa_live,0,Insufficient multi-season history for trend,blended,2025+2026 season to date,96,0.02,low,0.05709375,0,0.9375,8.9375,1.3875,1.140625,1.1367187499999998,1.8831250000000004,0.04903125,NA,0.68,NA,2026,363219,3,FALSE,TRUE
eVq3jmnV5W,asa_eVq3jmnV5W_mls_eval_blended,David Martínez,david martinez,1998-01-21,Argentina,CB,NA,27.44147843942505,mls,zeQZkL1MKw,CB,progressive_center_back,asa_live,0.011836060145829858,2024→2025 g+/90 change (longer-term trend),blended,2025+2026 season to date,446,0.05101307189542483,low,0.055331838565022426,0,0.6053811659192825,13.727713004484304,2.345542600896861,1.8591569506726457,3.9792040358744396,3.1203139013452916,0.22552466367713003,NA,0.68,NA,2026,839839,4,FALSE,TRUE
eVq3jn1g5W,asa_eVq3jn1g5W_mls_eval_blended,Youssef Maziz,youssef maziz,1998-06-24,France,W,NA,28.019164955509925,mls,pzeQZ6xQKw,W,transition_winger,asa_live,0,Insufficient multi-season history for trend,blended,2025+2026 season to date,313,0.1022875816993464,low,0.1273226837060703,0,2.3003194888178915,8.789009584664537,1.3578019169329072,1.1183514376996806,3.659185303514377,2.649520766773163,0.14135463258785944,NA,0.88,NA,2026,NA,NA,FALSE,TRUE
eVq3jx6G5W,asa_eVq3jx6G5W_mls_eval_blended,Andrés Cubas,andres cubas,1996-05-11,Paraguay,CM,NA,29.138945927446954,mls,lgpMOvnQzy,CM,ball_winning_midfielder,asa_live,0.013766780708181187,2024→2025 g+/90 change (longer-term trend),blended,2025+2026 season to date,1893,0.9252777777777778,high,0.023238206096147594,0,0.5327760318753342,10.631929184720057,1.726385836944012,1.3947893777080087,3.8216448129579637,2.472839931569127,0.10714123282305545,NA,0.88,NA,2026,1153333,4,FALSE,TRUE
eVq3jyYV5W,asa_eVq3jyYV5W_mls_eval_blended,Justen Glad,justen glad,1997-02-28,USA,CB,NA,28.33675564681725,mls,a2lqR4JMr0,CB,progressive_center_back,asa_live,0.01885391717040516,2024→2025 g+/90 change (longer-term trend),blended,2025+2026 season to date,1208,0.7660457516339869,high,0.03090698275962287,0,0.3514339855148282,10.335650960834233,1.6671301921668467,1.3503476441251352,4.214803996791407,2.6682332972947838,0.1269083865192574,NA,0.88,NA,2026,1330000,4,FALSE,TRUE
eVq3r1eD5W,asa_eVq3r1eD5W_mls_eval_blended,Ronald Donkor,ronald donkor,2004-11-20,Mali,CM,NA,20.61054072553046,mls,a2lqRX2Mr0,CM,ball_winning_midfielder,asa_live,0.05350361145517765,2024→2025 g+/90 change (longer-term trend),blended,2025+2026 season to date,2324,0.8758006535947712,high,0.07076135751744159,0,0.6083778152362223,10.029449829095848,1.6058899658191692,1.304417474364377,4.469642125532612,3.1839020578732966,0.18766122348644473,NA,0.88,NA,2026,175400,2,FALSE,TRUE
eVq3rBnV5W,asa_eVq3rBnV5W_mls_eval_blended,Mateo Silvetti,mateo silvetti,2006-01-14,Argentina,W,NA,19.460643394934976,mls,zeQZkL1MKw,W,transition_winger,asa_live,0.0863749764572935,2025→2026 YTD g+/90 change (short-term; 2026 incomplete),blended,2025+2026 season to date,984,0.3808169934640523,medium,0.26589216473005073,0,2.3096552609616743,9.223189959555757,1.4446379919111512,1.1834784939333634,2.7642569974963083,2.6988383514155485,0.20635505874045065,NA,0.68,NA,2026,607078,3,FALSE,TRUE
eVq3rXzD5W,asa_eVq3rXzD5W_mls_eval_blended,Ender Echenique,ender echenique,2004-04-02,Venezuela,FB,NA,21.245722108145106,mls,NWMWlBK5lz,FB,overlapping_fullback,asa_live,-0.09006001577978429,2025→2026 YTD g+/90 change (short-term; 2026 incomplete),blended,2025+2026 season to date,1683,0.654656862745098,high,0.09779137744818145,0,1.177603654299925,9.962946004141356,1.5925892008282712,1.2944419006212036,2.876690079318671,3.833057655662032,0.2048506153560397,NA,0.8799999999999999,NA,2026,446580,3,FALSE,TRUE
eVq3rkkw5W,asa_eVq3rkkw5W_mls_eval_blended,Tomás Avilés,tomas aviles,2004-02-03,Argentina,CB,NA,21.4072553045859,mls,zeQZkL1MKw,CB,progressive_center_back,asa_live,0.04970112868422924,2024→2025 g+/90 change (longer-term trend),blended,2025+2026 season to date,1026.8625393494228,0.24258169934640522,medium,0.023498597156483475,0,0.2835860553301298,10.797912172538494,1.7595824345076987,1.4196868258807738,4.718096793950885,2.790096780440353,0.16501414552643784,NA,0.8269045120671563,NA,2026,522500,3,FALSE,TRUE
eVq3v9n5WO,asa_eVq3v9n5WO_mls_eval_blended,Olivier Giroud,olivier giroud,1986-09-30,France,FW,NA,38.75154004106776,mls,eVq3ya6MWO,FW,pressing_striker,asa_live,0.2607036498991416,2024→2025 g+/90 change (longer-term trend),blended,2025+2026 season to date,595,0.06805555555555555,low,0.6819126050420169,0,3.0252100840336134,9.222789915966386,1.4445579831932773,1.183418487394958,1.8065546218487392,2.550218487394958,0.36281344537815124,NA,0.68,NA,2026,3675000,5,FALSE,TRUE
eVq3x2B6QW,asa_eVq3x2B6QW_mls_eval_blended,Dante Polvara,dante polvara,2000-06-21,USA,CB,NA,26.026009582477755,mls,wvq9B9wQWn,CB,progressive_center_back,asa_live,0,Insufficient multi-season history for trend,blended,2025+2026 season to date,2419,0.7905228758169934,medium,0.058401405539479125,0,0.5580818520049607,11.034477056634973,1.8068954113269946,1.455171558495246,3.9137660190161223,2.520388590326581,0.13684167011161638,NA,0.8799999999999999,NA,2026,436806,3,FALSE,TRUE
eVq3xWKgQW,asa_eVq3xWKgQW_mls_eval_blended,José Caicedo,jose caicedo,2002-05-23,Colombia,CM,NA,24.10677618069815,mls,WBLMvYAQxe,CM,ball_winning_midfielder,asa_live,0,Insufficient multi-season history for trend,blended,2025+2026 season to date,1049,0.3428104575163399,medium,0.026914204003813152,0,0.6863679694947569,11.793555767397521,1.9587111534795043,1.5690333651096282,3.3910152526215445,2.7724880838894186,0.14425738798856053,NA,0.88,NA,2026,1075009,4,FALSE,TRUE
eVq3xk1VQW,asa_eVq3xk1VQW_mls_eval_blended,Sebastian Berhalter,sebastian berhalter,2001-05-10,USA,CM,NA,24.142368240930868,mls,lgpMOvnQzy,CM,ball_winning_midfielder,asa_live,0.07200594359631374,2024→2025 g+/90 change (longer-term trend),blended,2025+2026 season to date,1262,0.772140522875817,high,0.1756432374090226,0,2.1824360788203205,10.048017385977452,1.6096034771954901,1.3072026078966175,5.313125173203424,2.9421764560026835,0.21593643616633362,NA,0.8800000000000001,NA,2026,480000,3,FALSE,TRUE
eVq3y38yMW,asa_eVq3y38yMW_mls_eval_blended,Benjamin Cremaschi,benjamin cremaschi,2005-03-02,USA,W,NA,20.331279945242983,mls,zeQZkL1MKw,W,transition_winger,asa_live,-0.11005900974025974,2024→2025 g+/90 change (longer-term trend),blended,2025+2026 season to date,1540,0.17614379084967322,medium,0.08882532467532467,0,0.7012987012987013,10.113714285714286,1.622742857142857,1.317057142857143,2.2032954545454544,2.321753246753247,0.09750974025974025,NA,0.68,NA,2026,502500,3,FALSE,TRUE
eVq3y3LXMW,asa_eVq3y3LXMW_mls_eval_blended,Caleb Swann,caleb swann,2007-02-04,USA,W,NA,19.4031485284052,mls,mKAqBBmqbg,W,transition_winger,asa_live,0,Insufficient multi-season history for trend,blended,2025+2026 season to date,14,0.02,low,0,0,0,39.628571428571426,7.525714285714286,5.744285714285715,2.5660714285714286,2.5,0.7823571428571429,NA,0.88,NA,2026,88025,2,FALSE,TRUE
eVq3y6KGMW,asa_eVq3y6KGMW_mls_eval_blended,David Martínez,david martinez,2006-02-07,Venezuela,W,NA,19.394934976043807,mls,eVq3ya6MWO,W,transition_winger,asa_live,-0.034373943453522904,2024→2025 g+/90 change (longer-term trend),blended,2025+2026 season to date,1056,0.5067156862745098,high,0.29110640497366624,0,2.476096513500573,9.77983126097239,1.5559662521944777,1.2669746891458584,3.207765731323361,3.8704084267951195,0.28726023606053136,NA,0.68,NA,2026,550000,3,FALSE,TRUE
eVq3yPAGMW,asa_eVq3yPAGMW_mls_eval_blended,Morris Duggan,morris duggan,2000-10-24,Germany,CB,NA,24.684462696783026,mls,kRQand1MKZ,CB,progressive_center_back,asa_live,0.04807758499347828,2024→2025 g+/90 change (longer-term trend),blended,2025+2026 season to date,2609,1,high,0.054023055713693355,0,0.4788626117769044,11.285736532670176,1.857147306534035,1.4928604799005263,3.91446551814508,2.485917472304549,0.16100076234819852,NA,0.88,NA,2026,113400,2,FALSE,TRUE
eVq3yR3yMW,asa_eVq3yR3yMW_mls_eval_blended,Owen Gene,owen gene,2003-03-19,France,CM,NA,22.286105407255306,mls,kRQand1MKZ,CM,ball_winning_midfielder,asa_live,-0.0013348198970840608,2025→2026 YTD g+/90 change (short-term; 2026 incomplete),blended,2025+2026 season to date,1870,0.7020424836601307,medium,0.01625169223992365,0,0.3334556934145804,11.117774612730344,1.8235549225460685,1.4676661919095513,3.993125871815579,2.769071433815432,0.15483629689450112,NA,0.88,NA,2026,450100,3,FALSE,TRUE
eVq3ydEvMW,asa_eVq3ydEvMW_mls_eval_blended,Monsef Bakrar,monsef bakrar,2001-01-13,Algeria,FW,NA,24.462696783025326,mls,Vj58weDM8n,FW,pressing_striker,asa_live,-0.04285007273714864,2024→2025 g+/90 change (longer-term trend),blended,2025+2026 season to date,703,0.08040849673202614,low,0.23073541963015645,0,2.4324324324324325,9.833285917496443,1.5666571834992888,1.2749928876244665,1.7735419630156473,0.862844950213371,0.19646372688477953,NA,0.68,NA,2026,468720,3,FALSE,TRUE
eVq3yp76MW,asa_eVq3yp76MW_mls_eval_blended,Alonso Martínez,alonso martinez,1998-10-15,Costa Rica,FW,NA,26.71047227926078,mls,Vj58weDM8n,FW,pressing_striker,asa_live,0.017277440094137397,2024→2025 g+/90 change (longer-term trend),blended,2025+2026 season to date,2574.65,0.3608333333333333,medium,0.8030139488730154,0,3.698599147633482,8.775141780965814,1.3550283561931629,1.1162712671448725,2.4062516976049704,0.19370934751943336,0.3531209621387196,NA,0.68,NA,2026,850333,4,FALSE,TRUE
eVq3yvnvMW,asa_eVq3yvnvMW_mls_eval_blended,Edward Davis,edward davis,2006-06-17,USA,FW,NA,19.039014373716633,mls,9z5k7Yg5A3,FW,pressing_striker,asa_live,0,Insufficient multi-season history for trend,blended,2025+2026 season to date,8,0.02,low,0,0,0,8,1.2,1,3,-2.2250000000000005,-0.212625,NA,0.78,NA,2026,82622,2,FALSE,TRUE
gOMn6NBlMw,asa_gOMn6NBlMw_mls_eval_blended,Yaw Yeboah,yaw yeboah,1997-03-28,Ghana,CM,NA,28.26009582477755,mls,eVq3ya6MWO,CM,ball_winning_midfielder,asa_live,-0.0062765703177048715,2024→2025 g+/90 change (longer-term trend),blended,2025+2026 season to date,559,0.06393790849673202,low,0.045708407871198564,0,1.1270125223613596,10.022182468694098,1.6044364937388194,1.3033273703041144,2.750447227191413,2.033738819320215,0.06555992844364938,NA,0.68,NA,2026,550000,3,FALSE,TRUE
gOMn6eOBMw,asa_gOMn6eOBMw_mls_eval_blended,Timo Werner,timo werner,1996-03-06,Germany,W,NA,30.31895961670089,mls,0KPqjA456v,W,transition_winger,asa_live,0,Insufficient multi-season history for trend,blended,2025+2026 season to date,1109,0.36241830065359476,medium,0.4882479711451758,0,2.5157799819657347,8.835238954012624,1.3670477908025247,1.1252858431018935,4.490193868349865,5.862705139765555,0.4313994589720469,NA,0.68,NA,2026,4268039,5,FALSE,TRUE
gOMn6jW8Mw,asa_gOMn6jW8Mw_mls_eval_blended,Júnior Alonso,junior alonso,1993-02-09,Paraguay,CB,NA,33.38809034907597,mls,KAqBN0Vqbg,CB,progressive_center_back,asa_live,0,Insufficient multi-season history for trend,blended,2025+2026 season to date,1082,0.3535947712418301,medium,0.004957486136783733,0,0.24953789279112754,7.415748613678374,1.0831497227356746,0.912362292051756,4.86300831792976,2.3642513863216266,0.06545378927911276,NA,0.88,NA,2026,NA,NA,FALSE,TRUE
gOMn6n8XMw,asa_gOMn6n8XMw_mls_eval_blended,Christian Ramírez,christian ramirez,1991-04-04,USA,FW,NA,34.24229979466119,mls,kaDQ0wRqEv,FW,pressing_striker,asa_live,-0.02982995687275619,2024→2025 g+/90 change (longer-term trend),blended,2025+2026 season to date,1276,0.5404084967320262,high,0.3744009945105867,0,1.8638209017946592,8.753512474063179,1.3507024948126358,1.1130268711094768,2.1810737187304183,2.121738573728111,0.22035141437753508,NA,0.68,NA,2026,577500,3,FALSE,TRUE
gOMn6oPAMw,asa_gOMn6oPAMw_mls_eval_blended,Federico Bernardeschi,federico bernardeschi,1994-02-16,Italy,W,NA,31.370294318959616,mls,kRQabn8MKZ,W,transition_winger,asa_live,-0.050103486181967194,2024→2025 g+/90 change (longer-term trend),blended,2025+2026 season to date,1443,0.16504901960784313,medium,0.27827027027027024,0,2.993762993762994,9.393596673596674,1.4787193347193346,1.209039501039501,4.051091476091476,3.7909355509355507,0.28085239085239083,NA,0.68,NA,2026,6295381,5,FALSE,TRUE
gOMnBnmMwN,asa_gOMnBnmMwN_mls_eval_blended,Johnny Russell,johnny russell,1990-04-08,Scotland,W,NA,35.23066392881588,mls,a2lqR4JMr0,W,transition_winger,asa_live,0.05106951246578384,2024→2025 g+/90 change (longer-term trend),blended,2025+2026 season to date,420,0.04803921568627451,low,0.33435,0,2.357142857142857,9.162285714285714,1.432457142857143,1.1743428571428571,2.3464285714285715,3.0104285714285712,0.2623714285714286,NA,0.68,NA,2026,325500,3,FALSE,TRUE
gOMnR0wlMw,asa_gOMnR0wlMw_mls_eval_blended,Julian Gressel,julian gressel,1993-12-16,Germany,FB,NA,31.540041067761805,mls,kRQand1MKZ,FB,overlapping_fullback,asa_live,-0.09114621377153226,2024→2025 g+/90 change (longer-term trend),blended,2025+2026 season to date,1037,0.1627450980392157,medium,0.039479016393442624,0,0.6270491803278688,7.790873955206649,1.1581747910413298,0.9686310932809975,3.548989739667513,2.598411498499192,0.05000437196952205,NA,0.7100000000000001,NA,2026,1204005,4,FALSE,TRUE
gOMnR6e6Mw,asa_gOMnR6e6Mw_mls_eval_blended,Nick Lima,nick lima,1994-11-17,USA,FB,NA,30.62012320328542,mls,0KPqjA456v,FB,overlapping_fullback,asa_live,-0.006918508030305297,2024→2025 g+/90 change (longer-term trend),blended,2025+2026 season to date,529,0.06050653594771241,low,0.029109640831758037,0,0.6805293005671077,8.455274102079395,1.291054820415879,1.0682911153119092,3.859593572778828,2.2846124763705102,0.05786200378071834,NA,0.88,NA,2026,375000,3,FALSE,TRUE
gOMnR96lMw,asa_gOMnR96lMw_mls_eval_blended,Alex Muyl,alex muyl,1995-09-30,USA,W,NA,29.752224503764545,mls,vzqoOgNqap,W,transition_winger,asa_live,-0.02220819022282225,2024→2025 g+/90 change (longer-term trend),blended,2025+2026 season to date,1107.219570405728,0.622173202614379,high,0.15563130948018894,0,0.818473507993111,9.640466901759051,1.5280933803518102,1.2460700352638578,2.2272833055297725,2.6322332411149394,0.1374978877246304,NA,0.68,NA,2026,655000,3,FALSE,TRUE
gOMnR9bXMw,asa_gOMnR9bXMw_mls_eval_blended,Tom Pearce,tom pearce,1998-04-12,England,W,NA,27.21971252566735,mls,APk5LGOMOW,W,transition_winger,asa_live,0.10643063646170442,2024→2025 g+/90 change (longer-term trend),blended,2025+2026 season to date,1030,0.11781045751633987,low,0.10369223300970874,0,2.0097087378640777,10.31588349514563,1.6631766990291261,1.3473825242718447,3.4174514563106797,2.3360776699029127,0.13554174757281554,NA,0.68,NA,2026,507625,3,FALSE,TRUE
gOMnRE8BMw,asa_gOMnRE8BMw_mls_eval_blended,Marcel Hartel,marcel hartel,1996-01-19,Germany,W,NA,29.44832306639288,mls,wvq9B9wQWn,W,transition_winger,asa_live,0.040535898725539726,2024→2025 g+/90 change (longer-term trend),blended,2025+2026 season to date,1534,0.8912254901960783,high,0.3344746093139625,0,3.0376172609604417,10.020774882853933,1.6041549765707865,1.30311623242809,3.8723135911496582,3.658140884115012,0.3462260271076641,NA,0.742667860340197,NA,2026,2407813,5,FALSE,TRUE
gOMnY2BmQw,asa_gOMnY2BmQw_mls_eval_blended,Rui Manuel Muati Modesto,rui manuel muati modesto,1999-10-07,Angola,FB,NA,26.732375085557837,mls,lgpMOvnQzy,FB,overlapping_fullback,asa_live,0,Insufficient multi-season history for trend,blended,2025+2026 season to date,140,0.0457516339869281,low,0.018,0,0.6428571428571429,8.401142857142856,1.2802285714285713,1.0601714285714285,2.5901785714285714,3.243142857142857,0.07688571428571428,NA,0.68,NA,2026,NA,NA,FALSE,TRUE
gOMnY6XOQw,asa_gOMnY6XOQw_mls_eval_blended,Moises Castillo Mosquera,moises castillo mosquera,2001-05-24,Colombia,CB,NA,25.10335386721424,mls,Z2vQ1xlqrA,CB,progressive_center_back,asa_live,0,Insufficient multi-season history for trend,blended,2025+2026 season to date,708,0.23137254901960785,medium,0.023059322033898304,0,0.2542372881355932,14.598983050847458,2.5197966101694913,1.9898474576271186,4.428813559322034,2.2366101694915255,0.1906398305084746,NA,0.8799999999999999,NA,2026,NA,NA,FALSE,TRUE
gOMnYNjlQw,asa_gOMnYNjlQw_mls_eval_blended,Stiven Jimenez,stiven jimenez,2007-06-24,USA,CM,NA,18.02053388090349,mls,NWMWlBK5lz,CM,ball_winning_midfielder,asa_live,0.3630038143674507,2024→2025 g+/90 change (longer-term trend),blended,2025+2026 season to date,102.85,0.02,low,0,0,0,13.47137520661157,2.2942750413223143,1.8207062809917356,3.0981446280991736,2.3625603305785123,-0.023539834710743814,NA,0.88,NA,2026,113400,2,FALSE,TRUE
gOMnYNmXQw,asa_gOMnYNmXQw_mls_eval_blended,Owen Anderson,owen anderson,2007-06-06,USA,CM,NA,19.069130732375086,mls,a2lqR4JMr0,CM,ball_winning_midfielder,asa_live,0,Insufficient multi-season history for trend,blended,2025+2026 season to date,6,0.02,low,0,0,0,9.5,1.5,1.225,3.6,4.6,0.1905,NA,0.68,NA,2026,93915,2,FALSE,TRUE
gOMnYVweQw,asa_gOMnYVweQw_mls_eval_blended,Gonzalo Lujan,gonzalo lujan,2001-04-07,Argentina,CB,NA,24.23271731690623,mls,zeQZkL1MKw,CB,progressive_center_back,asa_live,-0.018451951429257846,2025→2026 YTD g+/90 change (short-term; 2026 incomplete),blended,2025+2026 season to date,1331,0.659607843137255,high,0.02079469746425316,0,0.27201593227579446,9.722001642564688,1.5444003285129373,1.258300246384703,3.8338470609824706,2.580862557046031,0.08531753543096264,NA,0.88,NA,2026,921750,4,FALSE,TRUE
gOMnYZnAQw,asa_gOMnYZnAQw_mls_eval_blended,Mamadou Fall,mamadou fall,2002-11-21,Senegal,CB,NA,23.60848733744011,mls,wvq9B9wQWn,CB,progressive_center_back,asa_live,0,Insufficient multi-season history for trend,blended,2025+2026 season to date,51,0.02,low,0,0,0,9.708235294117648,1.5416470588235294,1.2562352941176471,3.551470588235294,2.203529411764706,0.06282352941176471,NA,0.68,NA,2026,496350,3,FALSE,TRUE
gOMnYnlxQw,asa_gOMnYnlxQw_mls_eval_blended,Allen Obando,allen obando,2006-06-13,Ecuador,FW,NA,19.04996577686516,mls,zeQZkL1MKw,FW,pressing_striker,asa_live,0,Insufficient multi-season history for trend,blended,2025+2026 season to date,178,0.020359477124183005,low,0.389376404494382,0,1.0112359550561798,9.168988764044943,1.4337977528089887,1.1753483146067416,2.134129213483146,4.704494382022472,0.3423539325842696,NA,0.68,NA,2026,620833,3,FALSE,TRUE
gOMnYzdxQw,asa_gOMnYzdxQw_mls_eval_blended,Tsiki Ntsabeleng,tsiki ntsabeleng,1998-02-09,South Africa,CM,NA,27.38945927446954,mls,mKAqBBmqbg,CM,ball_winning_midfielder,asa_live,-0.05263139998820729,2024→2025 g+/90 change (longer-term trend),blended,2025+2026 season to date,415,0.047467320261437906,low,0.20589397590361444,0,1.3012048192771084,8.17089156626506,1.234178313253012,1.025633734939759,3.3583734939759036,3.371807228915663,0.13337349397590362,NA,0.6800000000000002,NA,2026,227000,2,FALSE,TRUE
gOMna9OOQw,asa_gOMna9OOQw_mls_eval_blended,Forster Ajago,forster ajago,2001-08-16,Ghana,FW,NA,23.874058863791923,mls,a2lqR4JMr0,FW,pressing_striker,asa_live,-0.06107321744786962,2024→2025 g+/90 change (longer-term trend),blended,2025+2026 season to date,295,0.033741830065359475,low,0.23226101694915252,0,1.2203389830508475,9.116610169491526,1.423322033898305,1.1674915254237288,1.8101694915254238,0.1972203389830507,0.06177966101694914,NA,0.8800000000000001,NA,2026,80622,2,FALSE,TRUE
gOMnd9ROqw,asa_gOMnd9ROqw_mls_eval_blended,Ayoub Lajhar,ayoub lajhar,2004-07-10,Libya,FB,NA,21.973990417522245,mls,NWMWlBK5lz,FB,overlapping_fullback,asa_live,0,Insufficient multi-season history for trend,blended,2025+2026 season to date,52,0.02,low,0,0,0,15.553076923076922,2.7106153846153846,2.1329615384615384,4.951442307692307,2.690384615384615,-0.1410576923076923,NA,0.7726000000000001,NA,2026,NA,NA,FALSE,TRUE
gOMndX0Jqw,asa_gOMndX0Jqw_mls_eval_blended,Ricky Louis,ricky louis,2004-10-04,Haiti,W,NA,21.738535249828885,mls,mKAqBBmqbg,W,transition_winger,asa_live,0,Insufficient multi-season history for trend,blended,2025+2026 season to date,25,0.02,low,0,0,0,7.539199999999999,1.10784,0.93088,2.622,-2.4608,-0.20844000000000001,NA,0.8434,NA,2026,88858,2,FALSE,TRUE
gOMndXXmqw,asa_gOMndXXmqw_mls_eval_blended,Sekou Kone,sekou kone,NA,Mali,CM,NA,26,mls,a2lqRX2Mr0,CM,ball_winning_midfielder,asa_live,0,Insufficient multi-season history for trend,blended,2025+2026 season to date,70,0.02287581699346405,low,0,0,0,12.258285714285714,2.0516571428571426,1.6387428571428573,7.458214285714287,4.654857142857143,0.44267142857142855,NA,0.88,NA,2026,NA,NA,FALSE,TRUE
gOMndYAxqw,asa_gOMndYAxqw_mls_eval_blended,Troy Putt,troy putt,2006-09-27,New Zealand,W,NA,19.759069130732374,mls,kRQand1MKZ,W,transition_winger,asa_live,0,Insufficient multi-season history for trend,blended,2025+2026 season to date,8,0.02,low,0,0,0,26.135,4.827,3.72025,4.29375,-3.9124999999999996,0.207,NA,0.8696,NA,2026,NA,NA,FALSE,TRUE
gOMnl3ZXqw,asa_gOMnl3ZXqw_mls_eval_blended,Marcelo Weigandt,marcelo weigandt,2000-01-11,Argentina,FB,NA,25.470225872689937,mls,zeQZkL1MKw,FB,overlapping_fullback,asa_live,-0.04040487831919727,2024→2025 g+/90 change (longer-term trend),blended,2025+2026 season to date,1890,0.2161764705882353,medium,0.07098571428571428,0,0.38095238095238093,10.54838095238095,1.7096761904761903,1.3822571428571429,3.59,2.4006666666666665,0.10769523809523811,NA,0.88,NA,2026,734708,4,FALSE,TRUE
gOMnl3y6qw,asa_gOMnl3y6qw_mls_eval_blended,Jeong Sang-Bin,jeong sangbin,2002-04-01,South Korea,W,NA,23.249828884325805,mls,"c(""kRQand1MKZ"", ""wvq9B9wQWn"")",W,transition_winger,asa_live,-0.0337930135292472,2024→2025 g+/90 change (longer-term trend),blended,2025+2026 season to date,1049,0.46828431372549023,high,0.23847958802347274,0,1.437399050271206,8.840771541284433,1.3681543082568863,1.1261157311926648,2.253491824733289,3.3450811585002604,0.16623504771316128,NA,0.7999542595769011,NA,2026,791833,4,FALSE,TRUE
gOMnl6zBqw,asa_gOMnl6zBqw_mls_eval_blended,Osaze De Rosario,osaze de rosario,2001-07-19,Canada,FW,NA,23.95071868583162,mls,jYQJ19EqGR,FW,pressing_striker,asa_live,-0.3132457994349682,2025→2026 YTD g+/90 change (short-term; 2026 incomplete),blended,2025+2026 season to date,789,0.2987908496732026,medium,0.5643921945289666,0,3.152166164536207,9.19261759420105,1.43852351884021,1.1788926391301575,1.1798798263616614,2.688213528632692,0.3393981713196589,NA,0.7740228341168569,NA,2026,315000,3,FALSE,TRUE
gOMnlGZmqw,asa_gOMnlGZmqw_mls_eval_blended,Mohamed Farsi,mohamed farsi,1999-12-16,Canada,FB,NA,25.541409993155373,mls,mvzqoLZQap,FB,overlapping_fullback,asa_live,-0.04008589600106573,2024→2025 g+/90 change (longer-term trend),blended,2025+2026 season to date,1166,0.5689705882352941,high,0.057736703309176796,0,0.6664050742407133,9.440712405547847,1.4881424811095694,1.216106860832177,2.097454708957225,2.461671595172348,0.06734914075694802,NA,0.8799999999999999,NA,2026,530000,3,FALSE,TRUE
gOMnlKNeqw,asa_gOMnlKNeqw_mls_eval_blended,Liel Abada,liel abada,2001-10-03,Israel,W,NA,23.742642026009584,mls,NPqxKXZ59d,W,transition_winger,asa_live,-0.016424645496016188,2024→2025 g+/90 change (longer-term trend),blended,2025+2026 season to date,1204,0.5925980392156862,high,0.40365539642048665,0,2.4341179607971855,9.311198770145623,1.4622397540291245,1.1966798155218434,2.4809069617939077,3.203844513681406,0.26955042680484026,NA,0.68,NA,2026,2648500,5,FALSE,TRUE
gOMnlNzlqw,asa_gOMnlNzlqw_mls_eval_blended,Luke Hille,luke hille,2003-02-19,USA,W,NA,22.362765229295004,mls,kRQand1MKZ,W,transition_winger,asa_live,0,Insufficient multi-season history for trend,blended,2025+2026 season to date,3,0.02,low,0,0,0,5.24,0.648,0.5860000000000001,3,-2.1799999999999997,-0.26399999999999996,NA,0.7799999999999999,NA,2026,NA,NA,FALSE,TRUE
gOMnlWY8qw,asa_gOMnlWY8qw_mls_eval_blended,Jaziel Orozco,jaziel orozco,2004-06-02,USA,FB,NA,21.078713210130047,mls,wvq9B9wQWn,FB,overlapping_fullback,asa_live,0.13873499368191372,2025→2026 YTD g+/90 change (short-term; 2026 incomplete),blended,2025+2026 season to date,1397,0.5276797385620915,medium,0.030424782302692407,0,0.32195741274857514,9.59182534534866,1.5183650690697321,1.2387738018022991,4.397801981701006,2.3197474573230474,0.07443830644604833,NA,0.8799999999999999,NA,2026,88025,2,FALSE,TRUE
gOMnlp9eqw,asa_gOMnlp9eqw_mls_eval_blended,Matti Peltola,matti peltola,2002-07-03,Finland,CM,NA,22.99520876112252,mls,EKXMeX3Q64,CM,ball_winning_midfielder,asa_live,0.006610855569113269,2024→2025 g+/90 change (longer-term trend),blended,2025+2026 season to date,2118,0.8899183006535948,high,0.0251593501004244,0,0.7551225062711373,10.730645560781904,1.7461291121563804,1.4095968341172853,3.797573903161573,2.573714955620749,0.12930192832082937,NA,0.88,NA,2026,876000,4,FALSE,TRUE
gOMnlrDeqw,asa_gOMnlrDeqw_mls_eval_blended,George Campbell,george campbell,2001-06-22,USA,CB,NA,24.024640657084188,mls,APk5LGOMOW,CB,progressive_center_back,asa_live,0.031186919934927393,2024→2025 g+/90 change (longer-term trend),blended,2025+2026 season to date,1499,0.17145424836601306,medium,0.030236157438292197,0,0.6604402935290193,13.861827885256837,2.3723655770513674,1.8792741827885255,4.756771180787192,1.4598665777184792,0.19911674449633088,NA,0.8800000000000001,NA,2026,517500,3,FALSE,TRUE
gjMN614vMK,asa_gjMN614vMK_mls_eval_blended,Ramiro Enrique,ramiro enrique,2001-05-04,Argentina,FW,NA,24.15879534565366,mls,jYQJ8EW5GR,FW,pressing_striker,asa_live,-0.005096165823377685,2024→2025 g+/90 change (longer-term trend),blended,2025+2026 season to date,1123,0.12844771241830064,low,0.5861219946571683,0,2.404274265360641,9.600284951024042,1.5200569902048084,1.2400427426536065,1.6097284060552093,-0.5559928762243986,0.29157435440783613,NA,0.68,NA,2026,421363,3,FALSE,TRUE
gjMN6B9KMK,asa_gjMN6B9KMK_mls_eval_blended,Mateja Djordjevic,mateja djordjevic,2003-01-17,Serbia,CB,NA,22.45311430527036,mls,gpMOLwl5zy,CB,progressive_center_back,asa_live,-0.029822485207100603,2025→2026 YTD g+/90 change (short-term; 2026 incomplete),blended,2025+2026 season to date,338,0.15026143790849675,low,0.011843930635838152,0,0.17341040462427748,8.834446880605938,1.3668893761211878,1.1251670320908909,3.1412497508471198,2.5674267490532188,0.03978901734104047,NA,0.6799999999999999,NA,2026,335000,3,FALSE,TRUE
gjMN6gkKMK,asa_gjMN6gkKMK_mls_eval_blended,Felipe Andrade,felipe andrade,2002-05-29,Brazil,FB,NA,23.091033538672143,mls,YgOMngl5wN,FB,overlapping_fullback,asa_live,-0.12250236142468783,2025→2026 YTD g+/90 change (short-term; 2026 incomplete),blended,2025+2026 season to date,1980,0.8727287581699347,high,0.08995270252891649,0,0.861168687732145,10.516852781202957,1.7033705562405912,1.3775279171804433,3.645553290314772,2.2725526775650384,0.12101961271947409,NA,0.8800000000000001,NA,2026,252500,2,FALSE,TRUE
gjMN6r64MK,asa_gjMN6r64MK_mls_eval_blended,Lucas Bartlett,lucas bartlett,1997-07-26,USA,CB,NA,27.9315537303217,mls,EKXMeX3Q64,CB,progressive_center_back,asa_live,0.0017153846153846186,2024→2025 g+/90 change (longer-term trend),blended,2025+2026 season to date,2534,1,high,0.11887607630464775,0,0.7411635983064554,11.207759859188432,1.8415519718376863,1.4811639788782647,3.4359527377384516,2.515991151705437,0.19675441225441226,NA,0.7232900432900433,NA,2026,585625,3,FALSE,TRUE
gjMN7Xz05K,asa_gjMN7Xz05K_mls_eval_blended,Gage Guerra,gage guerra,2002-12-21,USA,W,NA,22.527036276522928,mls,WBLMvYAQxe,W,transition_winger,asa_live,-0.1472370161529656,2025→2026 YTD g+/90 change (short-term; 2026 incomplete),blended,2025+2026 season to date,458,0.17323529411764707,medium,0.2794646612002616,0,1.7558730318426479,8.679425524422758,1.335885104884552,1.1019138286634136,2.3246321495045024,1.1174631520700238,0.2367566527491323,NA,0.8008981001727116,NA,2026,88025,2,FALSE,TRUE
gjMNRGojMK,asa_gjMNRGojMK_mls_eval_blended,Guilherme,guilherme,1995-04-13,Brazil,W,NA,31.21697467488022,mls,YgOMngl5wN,W,transition_winger,asa_live,0,Insufficient multi-season history for trend,blended,2025+2026 season to date,2467,0.8062091503267974,medium,0.24423307661126875,0,2.7725982975273613,9.973214430482367,1.5946428860964734,1.295982164572355,4.324189298743413,3.6868179975678967,0.3039643291447102,NA,0.68,NA,2026,1925230,5,FALSE,TRUE
gjMNRerBMK,asa_gjMNRerBMK_mls_eval_blended,Hirving Lozano,hirving lozano,1995-07-30,Mexico,W,NA,29.921971252566735,mls,zeQZBOzQKw,W,transition_winger,asa_live,-0.1255757219762203,2025→2026 YTD g+/90 change (short-term; 2026 incomplete),blended,2025+2026 season to date,1140.7020164301716,0.4583986928104575,medium,0.32154099020501087,0,3.2126729045917815,9.585762087662722,1.5171524175325444,1.2378643131494083,3.1412693235235123,2.705450268987417,0.28802853066949424,NA,0.6799999999999999,NA,2026,9333333,5,FALSE,TRUE
gjMNRogDMK,asa_gjMNRogDMK_mls_eval_blended,Morgan Whittaker,morgan whittaker,2001-01-07,England,W,NA,25.478439425051334,mls,pzeQZ6xQKw,W,transition_winger,asa_live,0,Insufficient multi-season history for trend,blended,2025+2026 season to date,242,0.07908496732026143,low,0.4104297520661157,0,4.8347107438016526,7.098512396694215,1.019702479338843,0.8647768595041323,4.253305785123967,7.272231404958677,0.4793057851239669,NA,0.68,NA,2026,NA,NA,FALSE,TRUE
gjMNRxjvMK,asa_gjMNRxjvMK_mls_eval_blended,Maximiliano Falcón,maximiliano falcon,1997-05-01,Uruguay,CB,NA,28.16700889801506,mls,zeQZkL1MKw,CB,progressive_center_back,asa_live,-0.01714196390201979,2025→2026 YTD g+/90 change (short-term; 2026 incomplete),blended,2025+2026 season to date,1664,0.8508986928104575,high,0.03244465870742705,0,0.21183676941837054,9.736698806114058,1.5473397612228115,1.2605048209171086,3.9764934208660634,2.7855216515894847,0.10597972378980802,NA,0.8800000000000001,NA,2026,674250,3,FALSE,TRUE
gjMNRyB3MK,asa_gjMNRyB3MK_mls_eval_blended,Marcelo Saracchi,marcelo saracchi,1998-04-23,Uruguay,FB,NA,28.188911704312115,mls,YgOMngl5wN,FB,overlapping_fullback,asa_live,0,Insufficient multi-season history for trend,blended,2025+2026 season to date,94,0.03071895424836601,low,0.1407446808510638,0,2.872340425531915,9.784680851063829,1.556936170212766,1.2677021276595744,5.36968085106383,1.87,0.22030851063829787,NA,0.88,NA,2026,NA,NA,FALSE,TRUE
gjMNjJbkMK,asa_gjMNjJbkMK_mls_eval_blended,Jacob Bartlett,jacob bartlett,2005-10-07,USA,CM,NA,19.731690622861056,mls,Z2vQ1xlqrA,CM,ball_winning_midfielder,asa_live,0.03313740434649526,2025→2026 YTD g+/90 change (short-term; 2026 incomplete),blended,2025+2026 season to date,1215,0.6461764705882352,high,0.02070718770903912,0,0.1544138273309885,11.709115249336469,1.9418230498672937,1.55636728740047,3.157463586733703,2.228602205295298,0.10023525883089139,NA,0.7531070496083552,NA,2026,91025,2,FALSE,TRUE
gjMNjWyKMK,asa_gjMNjWyKMK_mls_eval_blended,Alex Freeman,alex freeman,2004-08-09,USA,FB,NA,20.892539356605067,mls,jYQJ8EW5GR,FB,overlapping_fullback,asa_live,-0.5911792911744267,2024→2025 g+/90 change (longer-term trend),blended,2025+2026 season to date,2878,0.3291830065359477,medium,0.22604760250173733,0,1.438498957609451,11.053620569840167,1.810724113968033,1.458043085476025,3.7370743571924954,3.6539888811674777,0.2998207088255733,NA,0.88,NA,2026,108000,2,FALSE,TRUE
gjMNjY0kMK,asa_gjMNjY0kMK_mls_eval_blended,Dominik Fitz,dominik fitz,1999-06-16,Austria,FW,NA,26.04243668720055,mls,kRQand1MKZ,FW,pressing_striker,asa_live,-0.20454866310160424,2025→2026 YTD g+/90 change (short-term; 2026 incomplete),blended,2025+2026 season to date,158.95,0.026290849673202617,low,0.07731818181818183,0,0.8181818181818181,9.935818181818181,1.5871636363636363,1.2903727272727272,3.6522954545454542,-0.2828000000000003,0.06706636363636362,NA,0.68,NA,2026,893000,4,FALSE,TRUE
gjMNjxPBMK,asa_gjMNjxPBMK_mls_eval_blended,Ian Pilcher,ian pilcher,2003-03-21,USA,CB,NA,22.28062970568104,mls,zeQZBOzQKw,CB,progressive_center_back,asa_live,-0.022951231350834544,2025→2026 YTD g+/90 change (short-term; 2026 incomplete),blended,2025+2026 season to date,933.9441535776614,0.32063725490196077,medium,0.010477025328808821,0,0.14381640808248214,9.934856851310954,1.5869713702621908,1.2902285276966432,4.111723691013871,2.6260614506966533,0.10504822472341022,NA,0.88,NA,2026,88025,2,FALSE,TRUE
gjMNrbKMKp,asa_gjMNrbKMKp_mls_eval_blended,Christian Benteke,christian benteke,1990-12-03,Belgium,FW,NA,34.57631759069131,mls,EKXMeX3Q64,FW,pressing_striker,asa_live,-0.05402729319459049,2024→2025 g+/90 change (longer-term trend),blended,2025+2026 season to date,2092,0.23928104575163398,medium,0.6160913001912046,0,3.355640535372849,9.1582982791587,1.4316596558317398,1.173744741873805,1.866503346080306,1.620133843212237,0.37967351816443595,NA,0.68,NA,2026,4937500,5,FALSE,TRUE
gjMNv4DpMK,asa_gjMNv4DpMK_mls_eval_blended,Alexander Hack,alexander hack,1993-09-08,Germany,CB,NA,31.811088295687885,mls,a2lqRX2Mr0,CB,progressive_center_back,asa_live,0,Insufficient multi-season history for trend,blended,2025+2026 season to date,1666,0.19055555555555553,medium,0.06952040816326531,0,0.5402160864345739,11.301800720288115,1.8603601440576232,1.4952701080432176,5.265666266506603,2.5855702280912367,0.21392557022809122,NA,0.88,NA,2026,1031400,4,FALSE,TRUE
gjMNv7PpMK,asa_gjMNv7PpMK_mls_eval_blended,Aníbal Godoy,anibal godoy,1990-02-10,Panama,CM,NA,35.38672142368241,mls,zeQZBOzQKw,CM,ball_winning_midfielder,asa_live,0.017320628142426714,2024→2025 g+/90 change (longer-term trend),blended,2025+2026 season to date,1677,0.8100816993464052,high,0.032754378448932336,0,0.4206891777321108,10.222879769330227,1.6445759538660454,1.3334319653995341,4.432796480787527,2.7463419644134364,0.15128206108040698,NA,0.8800000000000001,NA,2026,358333,3,FALSE,TRUE
gjMNvJR4MK,asa_gjMNvJR4MK_mls_eval_blended,Paddy McNair,paddy mcnair,1995-04-27,Northern Ireland,CB,NA,30.17932922655715,mls,zeQZBOzQKw,CB,progressive_center_back,asa_live,0,Insufficient multi-season history for trend,blended,2025+2026 season to date,1965,0.22475490196078432,medium,0.04445038167938931,0,0.4580152671755725,9.474076335877863,1.4948152671755726,1.2211114503816793,5.396908396946565,2.387969465648855,0.1558854961832061,NA,0.88,NA,2026,762803,4,FALSE,TRUE
gjMNvjYvMK,asa_gjMNvjYvMK_mls_eval_blended,Darlington Nagbe,darlington nagbe,1990-07-19,Liberia,CM,NA,34.95140314852841,mls,mvzqoLZQap,CM,ball_winning_midfielder,asa_live,0.030750011053359907,2024→2025 g+/90 change (longer-term trend),blended,2025+2026 season to date,3178,0.3634967320261438,medium,0.010925739458779107,0,0.28319697923222154,9.934688483322844,1.586937696664569,1.2902032724984265,3.342809943360604,2.755726872246696,0.09547702957835116,NA,0.88,NA,2026,1565833,5,FALSE,TRUE
gjMNvnjDMK,asa_gjMNvnjDMK_mls_eval_blended,Dario Župarić,dario zuparic,1992-05-03,Croatia,CB,NA,33.16084873374401,mls,WBLMvYAQxe,CB,progressive_center_back,asa_live,-0.0327132934905508,2024→2025 g+/90 change (longer-term trend),blended,2025+2026 season to date,1963,0.22452614379084965,medium,0.019054508405501786,0,0.2750891492613347,10.087743250127357,1.6175486500254712,1.3131614875191033,3.9597172694854814,2.5774834437086094,0.1008476821192053,NA,0.88,NA,2026,907950,4,FALSE,TRUE
gjMNvrO4MK,asa_gjMNvrO4MK_mls_eval_blended,Steven Moreira,steven moreira,1994-08-13,France,CB,NA,30.882956878850102,mls,mvzqoLZQap,CB,progressive_center_back,asa_live,0.013766277766042168,2024→2025 g+/90 change (longer-term trend),blended,2025+2026 season to date,2198,1,high,0.0283814744621598,0,0.5175017896971378,9.989613632319655,1.5979227264639309,1.2984420448479481,4.412348134370047,2.8505125361560197,0.15025233695134918,NA,0.8800000000000001,NA,2026,922000,4,FALSE,TRUE
gpMO1r1yqz,asa_gpMO1r1yqz_mls_eval_blended,Jesús Barea,jesus barea,2002-04-28,Spain,FW,NA,23.175906913073238,mls,a2lqR4JMr0,FW,pressing_striker,asa_live,0.020750851454021446,2025→2026 YTD g+/90 change (short-term; 2026 incomplete),blended,2025+2026 season to date,294.95,0.050473856209150327,low,0.5340540345821325,0,3.0546240503012836,9.85605606497249,1.5712112129944984,1.2784084097458737,1.6346679329316218,2.9507144354204873,0.34345268535499085,NA,0.7100000000000001,NA,2026,89761,2,FALSE,TRUE
gpMOL01y5z,asa_gpMOL01y5z_mls_eval_blended,Lucas Sanabria,lucas sanabria,2003-12-26,Uruguay,CM,NA,21.51403148528405,mls,kaDQ0wRqEv,CM,ball_winning_midfielder,asa_live,-0.05627752538850672,2025→2026 YTD g+/90 change (short-term; 2026 incomplete),blended,2025+2026 season to date,1669,0.6719281045751634,high,0.11282458015185601,0,0.8382001699162709,9.812630229066368,1.5625260458132737,1.2718945343599555,2.995560135933017,2.3144033427553152,0.08487053235088243,NA,0.8252173913043478,NA,2026,742800,4,FALSE,TRUE
gpMOLX225z,asa_gpMOLX225z_mls_eval_blended,Joaquín Valiente,joaquin valiente,2001-04-13,Uruguay,W,NA,25.215605749486652,mls,mKAqBBmqbg,W,transition_winger,asa_live,0,Insufficient multi-season history for trend,blended,2025+2026 season to date,1906,0.6228758169934641,medium,0.09062329485834208,0,0.9916054564533053,9.348394543546695,1.469678908709339,1.2022591815320043,2.794950157397692,2.3825183630640083,0.10560598111227702,NA,0.68,NA,2026,442022,3,FALSE,TRUE
gpMOLj2r5z,asa_gpMOLj2r5z_mls_eval_blended,Nicklaus Sullivan,nicklaus sullivan,2002-07-21,USA,FB,NA,22.94592744695414,mls,kaDQ0wRqEv,FB,overlapping_fullback,asa_live,0,Insufficient multi-season history for trend,blended,2025+2026 season to date,15,0.02,low,0.228,0,6,8,1.2,1,3.21,6.0520000000000005,0.4974,NA,0.68,NA,2026,NA,NA,FALSE,TRUE
gpMOa2rRqz,asa_gpMOa2rRqz_mls_eval_blended,Besard Šabović,besard sabovic,1998-01-05,Sweden,CM,NA,27.485284052019164,mls,gpMOLwl5zy,CM,ball_winning_midfielder,asa_live,-0.06174938351719665,2025→2026 YTD g+/90 change (short-term; 2026 incomplete),blended,2025+2026 season to date,1403,0.6883986928104575,high,0.03258089722571167,0,0.5567739050822919,10.703803947452467,1.740760789490493,1.40557059211787,3.1101140162241574,2.592129793259097,0.08785811314327081,NA,0.7465715644317641,NA,2026,650000,3,FALSE,TRUE
gpMOa67Eqz,asa_gpMOa67Eqz_mls_eval_blended,Ronaldo Vieira,ronaldo vieira,1998-07-19,England,CM,NA,26.951403148528406,mls,0KPqjA456v,CM,ball_winning_midfielder,asa_live,-0.10136996933443547,2025→2026 YTD g+/90 change (short-term; 2026 incomplete),blended,2025+2026 season to date,1831,0.6660784313725491,medium,0.07723854741742928,0,1.0184789688938247,9.903661409335056,1.580732281867011,1.2855492114002582,3.2948867822781294,2.584648360331885,0.10440077364998346,NA,0.88,NA,2026,853854,4,FALSE,TRUE
gpMOa6DOqz,asa_gpMOa6DOqz_mls_eval_blended,Agustín Bouzat,agustin bouzat,1994-03-28,Argentina,CM,NA,32.26009582477755,mls,YgOMngl5wN,CM,ball_winning_midfielder,asa_live,0,Insufficient multi-season history for trend,blended,2025+2026 season to date,1413,0.46176470588235297,medium,0.10473885350318472,0,1.2101910828025477,10.511592356687897,1.7023184713375799,1.3767388535031846,2.390764331210191,2.667643312101911,0.13468789808917198,NA,0.68,NA,2026,705746,4,FALSE,TRUE
gpMOa6zrqz,asa_gpMOa6zrqz_mls_eval_blended,Derrick Etienne Jr.,derrick etienne jr,1996-11-25,Haiti,W,NA,28.5968514715948,mls,kRQabn8MKZ,W,transition_winger,asa_live,-0.08479130724633774,2024→2025 g+/90 change (longer-term trend),blended,2025+2026 season to date,1330,0.563202614379085,high,0.17962641866661994,0,1.289974229966867,8.729077783426538,1.3458155566853076,1.1093616675139808,2.7144571200673173,2.5134377574811984,0.12805944638255348,NA,0.68,NA,2026,375000,3,FALSE,TRUE
gpMOaaB2qz,asa_gpMOaaB2qz_mls_eval_blended,Manu García,manu garcia,1998-01-02,Spain,CM,NA,27.49349760438056,mls,Z2vQ1xlqrA,CM,ball_winning_midfielder,asa_live,-0.03712976093008025,2025→2026 YTD g+/90 change (short-term; 2026 incomplete),blended,2025+2026 season to date,1395,0.7262745098039216,high,0.041641059811249895,0,0.6537683389263778,9.611578062343263,1.5223156124686528,1.2417367093514895,5.462139248634045,2.544003392171353,0.18538677053172287,NA,0.7468257756563247,NA,2026,2425313,5,FALSE,TRUE
gpMOalORqz,asa_gpMOalORqz_mls_eval_blended,Nick Scardina,nick scardina,2001-06-22,USA,FB,NA,24.024640657084188,mls,NPqxKXZ59d,FB,overlapping_fullback,asa_live,0.08368571428571431,2024→2025 g+/90 change (longer-term trend),blended,2025+2026 season to date,900,0.10294117647058823,low,0.00349,0,0.1,13.956000000000001,2.3912000000000004,1.8934000000000002,3.13225,2.4698,0.17240000000000003,NA,0.88,NA,2026,104000,2,FALSE,TRUE
gpMOalwDqz,asa_gpMOalwDqz_mls_eval_blended,Ian Harkes,ian harkes,1995-03-30,USA,CM,NA,30.255989048596852,mls,0KPqjA456v,CM,ball_winning_midfielder,asa_live,0.032433419276134606,2024→2025 g+/90 change (longer-term trend),blended,2025+2026 season to date,1185,0.6601633986928104,high,0.1164872796885457,0,1.2599091517494847,10.513201349161,1.7026402698321998,1.37698020237415,3.3755972838907775,2.6548842607518215,0.16064002970466537,NA,0.88,NA,2026,450000,3,FALSE,TRUE
gpMOe7GOqz,asa_gpMOe7GOqz_mls_eval_blended,Emiro Garcés,emiro garces,2001-10-11,Colombia,CB,NA,23.720739219712527,mls,kaDQ0wRqEv,CB,progressive_center_back,asa_live,0.0013145580891093245,2024→2025 g+/90 change (longer-term trend),blended,2025+2026 season to date,931,0.5247712418300653,high,0.008954550195766159,0,0.21053448359202281,10.803619142597647,1.7607238285195295,1.4205428713896473,4.276044467793351,2.44916903053138,0.08363615733544322,NA,0.8800000000000001,NA,2026,518000,3,FALSE,TRUE
gpMOeAdDqz,asa_gpMOeAdDqz_mls_eval_blended,Santiago Morales,santiago morales,2007-02-09,USA,W,NA,18.390143737166323,mls,zeQZkL1MKw,W,transition_winger,asa_live,0.1170508695652174,2025→2026 YTD g+/90 change (short-term; 2026 incomplete),blended,2025+2026 season to date,92,0.035784313725490194,low,0,0,0,10.238245217391304,1.647649043478261,1.3357367826086957,0.8540038043478261,1.894573913043478,-0.01448236956521738,NA,0.88,NA,2026,138333,2,FALSE,TRUE
gpMOeEDEqz,asa_gpMOeEDEqz_mls_eval_blended,Rubén Ramos Jr.,ruben ramos jr,2007-01-22,USA,CM,NA,18.439425051334702,mls,kaDQ0wRqEv,CM,ball_winning_midfielder,asa_live,0.20922840119165836,2024→2025 g+/90 change (longer-term trend),blended,2025+2026 season to date,259,0.10282679738562091,low,0.2835354437602062,0,2.9860113719086314,9.095145493536899,1.4190290987073801,1.164271824030535,2.435358175772719,2.0511244023845596,0.10435380801542486,NA,0.8799999999999999,NA,2026,113400,2,FALSE,TRUE
gpMOeEnOqz,asa_gpMOeEnOqz_mls_eval_blended,Zavier Gozo,zavier gozo,2007-03-22,USA,W,NA,18.27789185489391,mls,a2lqR4JMr0,W,transition_winger,asa_live,-0.017053310209621447,2024→2025 g+/90 change (longer-term trend),blended,2025+2026 season to date,1610,0.7656535947712418,high,0.22547972314218734,0,2.5989282923380346,9.084692739924833,1.4169385479849663,1.1627039109887247,2.6692042198489188,3.1088795445242434,0.2119931641424478,NA,0.6800000000000002,NA,2026,126123,2,FALSE,TRUE
gpMOeEzyqz,asa_gpMOeEzyqz_mls_eval_blended,Tomás Jacob,tomas jacob,2004-04-20,Argentina,FB,NA,22.195756331279945,mls,KAqBN0Vqbg,FB,overlapping_fullback,asa_live,0,Insufficient multi-season history for trend,blended,2025+2026 season to date,2228,0.7281045751633987,medium,0.06190125673249551,0,0.5251346499102334,9.788850987432674,1.557770197486535,1.2683276481149013,3.3904174147217234,2.234685816876122,0.10829084380610411,NA,0.68,NA,2026,642500,3,FALSE,TRUE
gpMOeGdrqz,asa_gpMOeGdrqz_mls_eval_blended,Antony,antony,2001-09-08,Brazil,W,NA,23.811088295687885,mls,WBLMvYAQxe,W,transition_winger,asa_live,-0.045441388409832306,2024→2025 g+/90 change (longer-term trend),blended,2025+2026 season to date,1723,0.8868790849673203,high,0.2456509820740919,0,2.0735582832192314,9.243681631626036,1.448736326325207,1.1865522447439052,1.753275771909755,2.571328489354857,0.14274199407450644,NA,0.68,NA,2026,666042,3,FALSE,TRUE
gpMOeP02qz,asa_gpMOeP02qz_mls_eval_blended,Cesar Abadia-Reda,cesar abadiareda,2006-02-21,USA,FB,NA,20.355920602327174,mls,zeQZkL1MKw,FB,overlapping_fullback,asa_live,0,Insufficient multi-season history for trend,blended,2025+2026 season to date,77,0.02516339869281046,low,0,0,0,9.64103896103896,1.5282077922077921,1.2461558441558442,1.6178571428571427,1.9553246753246754,-0.044883116883116886,NA,0.8800000000000001,NA,2026,88025,2,FALSE,TRUE
gpMOeRl1qz,asa_gpMOeRl1qz_mls_eval_blended,Edson Carli,edson carli,2007-08-23,USA,W,NA,18.855578370978783,mls,jYQJ19EqGR,W,transition_winger,asa_live,0,Insufficient multi-season history for trend,blended,2025+2026 season to date,63,0.020588235294117647,low,0.1424285714285714,0,1.4285714285714286,9.051428571428572,1.4102857142857141,1.1577142857142857,2.0785714285714283,3.2199999999999998,0.05642857142857143,NA,0.68,NA,2026,NA,NA,FALSE,TRUE
gpMOeWWRqz,asa_gpMOeWWRqz_mls_eval_blended,Jules-Anthony Vilsaint,julesanthony vilsaint,2003-01-06,Canada,FW,NA,22.483230663928815,mls,"c(""APk5LGOMOW"", ""kRQabn8MKZ"")",FW,pressing_striker,asa_live,-0.15293901188356215,2024→2025 g+/90 change (longer-term trend),blended,2025+2026 season to date,413.78896882494007,0.10017973856209149,low,0.37809917988530073,0,2.3782596640740143,6.957543450026996,0.9915086900053993,0.8436315175040494,1.141705276752229,0.9493532476250239,0.11358316430020282,NA,0.7121342925659473,NA,2026,156875,2,FALSE,TRUE
gpMOo1JyMz,asa_gpMOo1JyMz_mls_eval_blended,Theo Corbeanu,theo corbeanu,2002-05-17,Canada,W,NA,23.123887748117728,mls,kRQabn8MKZ,W,transition_winger,asa_live,0.03503764624700531,2025→2026 YTD g+/90 change (short-term; 2026 incomplete),blended,2025+2026 season to date,1111.1249223119949,0.5891830065359478,high,0.18155028123422817,0,1.7534882340086817,10.070912530485089,1.6141825060970179,1.3106368795727636,2.570649435219763,4.893393348787386,0.2607963768796604,NA,0.7929894344313239,NA,2026,496625,3,FALSE,TRUE
gpMOoOERMz,asa_gpMOoOERMz_mls_eval_blended,Julian Gaines,julian gaines,2002-11-05,USA,W,NA,22.652977412731005,mls,vzqoOgNqap,W,transition_winger,asa_live,0.07920156521739131,2024→2025 g+/90 change (longer-term trend),blended,2025+2026 season to date,46,0.02,low,0.018391304347826088,0,1.9565217391304348,9.729565217391304,1.5459130434782609,1.2594347826086958,5.0005434782608695,1.8621739130434785,0.1543695652173913,NA,0.8799999999999999,NA,2026,80622,2,FALSE,TRUE
gpMOoOjEMz,asa_gpMOoOjEMz_mls_eval_blended,Justin Haak,justin haak,2001-09-12,USA,CB,NA,23.800136892539356,mls,Vj58weDM8n,CB,progressive_center_back,asa_live,0.06348133327056163,2024→2025 g+/90 change (longer-term trend),blended,2025+2026 season to date,2546,1,high,0.043319344559196143,0,0.501330083825434,11.081705589606681,1.8163411179213356,1.4622558384410018,3.9755595900527534,2.7853528048543517,0.1488566141876246,NA,0.88,NA,2026,810561,4,FALSE,TRUE
gpMOoOpOMz,asa_gpMOoOpOMz_mls_eval_blended,Bryce Duke,bryce duke,2001-02-28,USA,W,NA,24.33675564681725,mls,APk5LGOMOW,W,transition_winger,asa_live,-0.007557267552182154,2024→2025 g+/90 change (longer-term trend),blended,2025+2026 season to date,658.75,0.12687908496732025,low,0.08524567741935483,0,0.7896774193548387,10.444896079404467,1.6889792158808932,1.36673441191067,2.6619093052109184,2.5894506203473946,0.10687939950372208,NA,0.68,NA,2026,336500,3,FALSE,TRUE
gpMOoZ47Mz,asa_gpMOoZ47Mz_mls_eval_blended,Jorge Ruvalcaba,jorge ruvalcaba,2001-07-23,USA,W,NA,24.93908281998631,mls,a2lqRX2Mr0,W,transition_winger,asa_live,0,Insufficient multi-season history for trend,blended,2025+2026 season to date,1865,0.6094771241830066,medium,0.2732718498659517,0,2.557640750670241,8.701855227882037,1.3403710455764075,1.1052782841823057,1.4182439678284182,3.8456085790884718,0.19385951742627347,NA,0.88,NA,2026,788528,4,FALSE,TRUE
gpMOogB1Mz,asa_gpMOogB1Mz_mls_eval_blended,Telasco Segovia,telasco segovia,2003-04-02,Venezuela,W,NA,22.247775496235455,mls,zeQZkL1MKw,W,transition_winger,asa_live,0.06999033862001336,2025→2026 YTD g+/90 change (short-term; 2026 incomplete),blended,2025+2026 season to date,2039,0.8970424836601306,high,0.15915240933988806,0,1.095154494572693,9.94281159975911,1.5885623199518224,1.2914217399638668,3.060703652035464,3.1561257351938967,0.18272577396619424,NA,0.8799999999999999,NA,2026,360000,3,FALSE,TRUE
gpMOokN7Mz,asa_gpMOokN7Mz_mls_eval_blended,Calegari,calegari,2002-02-27,Brazil,FB,NA,24.33949349760438,mls,kaDQ0wRqEv,FB,overlapping_fullback,asa_live,0,Insufficient multi-season history for trend,blended,2025+2026 season to date,268,0.08758169934640522,low,0.031063432835820894,0,0.6716417910447762,2.062686567164179,0.012537313432835706,0.10940298507462676,4.4305970149253735,2.7377611940298507,-0.0758955223880597,NA,0.88,NA,2026,NA,NA,FALSE,TRUE
gpMOopORMz,asa_gpMOopORMz_mls_eval_blended,Hernán López,hernan lopez,2000-09-07,Argentina,CM,NA,24.813141683778234,mls,0KPqjA456v,CM,ball_winning_midfielder,asa_live,0.07874896261076289,2024→2025 g+/90 change (longer-term trend),blended,2025+2026 season to date,280,0.03202614379084967,low,0.14547857142857143,0,2.5714285714285716,9.599428571428572,1.5198857142857143,1.2399142857142857,3.1076785714285715,4.983357142857143,0.27392142857142854,NA,0.68,NA,2026,1020000,4,FALSE,TRUE
gpMOov07Mz,asa_gpMOov07Mz_mls_eval_blended,Nectarios Triantis,nectarios triantis,2003-05-11,Australia,CM,NA,22.140999315537304,mls,kRQand1MKZ,CM,ball_winning_midfielder,asa_live,-0.06841138516010381,2025→2026 YTD g+/90 change (short-term; 2026 incomplete),blended,2025+2026 season to date,1460,0.5682843137254903,medium,0.07407532936010039,0,1.2674090338770387,11.108258887494774,1.8216517774989542,1.4662388331242158,3.731186872647428,2.739305416143873,0.1580826850690088,NA,0.88,NA,2026,732665,4,FALSE,TRUE
gpMOoypDMz,asa_gpMOoypDMz_mls_eval_blended,Zach Booth,zach booth,2004-02-17,USA,FB,NA,22.368240930869266,mls,a2lqR4JMr0,FB,overlapping_fullback,asa_live,0,Insufficient multi-season history for trend,blended,2025+2026 season to date,491,0.1604575163398693,medium,0.04236048879837067,0,0.7331975560081466,9.96570264765784,1.5931405295315682,1.2948553971486763,2.24847250509165,3.22806517311609,0.10836659877800407,NA,0.6800000000000002,NA,2026,217500,2,FALSE,TRUE
gpMOz1KyQz,asa_gpMOz1KyQz_mls_eval_blended,Diego Rubio,diego rubio,1993-05-15,Chile,FW,NA,32.12867898699521,mls,gpMOLwl5zy,FW,pressing_striker,asa_live,0.0586587631042004,2024→2025 g+/90 change (longer-term trend),blended,2025+2026 season to date,1098,0.12558823529411764,low,0.14159016393442625,0,1.9672131147540983,10.579672131147541,1.7159344262295082,1.3869508196721312,4.5299180327868855,2.594426229508197,0.23440983606557378,NA,0.88,NA,2026,208000,2,FALSE,TRUE
jYQJ14KyqG,asa_jYQJ14KyqG_mls_eval_blended,Philip Zinckernagel,philip zinckernagel,1994-12-16,Denmark,W,NA,30.54072553045859,mls,X0Oq66zq6D,W,transition_winger,asa_live,0.13002743623358512,2025→2026 YTD g+/90 change (short-term; 2026 incomplete),blended,2025+2026 season to date,2239,1,high,0.342294520432481,0,2.8908534884064965,9.657598372846463,1.5315196745692925,1.2486397559269693,3.759647273461633,3.4412461747476755,0.3141176452374555,NA,0.6800000000000002,NA,2026,1635665,5,FALSE,TRUE
jYQJ1PaVqG,asa_jYQJ1PaVqG_mls_eval_blended,Antônio Carlos,antonio carlos,1993-03-07,Brazil,CB,NA,32.31759069130732,mls,YgOMngl5wN,CB,progressive_center_back,asa_live,-0.0691265867928276,2025→2026 YTD g+/90 change (short-term; 2026 incomplete),blended,2025+2026 season to date,1580,0.5965196078431372,medium,0.050077548990164436,0,0.6706021473083564,10.680973796831594,1.7361947593663187,1.402146069524739,3.8919854624971846,2.5787753960507542,0.13637180906974997,NA,0.88,NA,2026,832676,4,FALSE,TRUE
jYQJB7wVQG,asa_jYQJB7wVQG_mls_eval_blended,Cole Bassett,cole bassett,2001-07-28,USA,CM,NA,23.926078028747433,mls,pzeQZ6xQKw,CM,ball_winning_midfielder,asa_live,-0.046774559040527075,2024→2025 g+/90 change (longer-term trend),blended,2025+2026 season to date,2024,0.9376633986928105,high,0.20119091170273892,0,1.6673051139628423,9.550285385941391,1.5100570771882782,1.2325428078912086,3.4950225052671904,2.4478442827044624,0.16990236544723233,NA,0.8286049926578561,NA,2026,850000,4,FALSE,TRUE
jYQJBvJGQG,asa_jYQJBvJGQG_mls_eval_blended,Jon Bell,jon bell,1997-08-26,USA,CB,NA,27.8466803559206,mls,jYQJ19EqGR,CB,progressive_center_back,asa_live,-0.026696085725485125,2024→2025 g+/90 change (longer-term trend),blended,2025+2026 season to date,1353,0.6146405228758169,high,0.03829394003211965,0,0.36791600827410487,9.744090255445547,1.5488180510891096,1.261613538316832,4.0201552751294924,2.5342068862155527,0.10324958106206741,NA,0.7481928884559181,NA,2026,225000,2,FALSE,TRUE
jYQJYXpPqG,asa_jYQJYXpPqG_mls_eval_blended,Tyrese Spicer,tyrese spicer,2000-12-04,Trinidad & Tobago,W,NA,24.57221081451061,mls,"c(""jYQJ8EW5GR"", ""kRQabn8MKZ"")",W,transition_winger,asa_live,-6.856890989121456e-4,2024→2025 g+/90 change (longer-term trend),blended,2025+2026 season to date,1010,0.48848039215686273,high,0.3377998859965799,0,2.4278928367851034,9.901078472354172,1.580215694470834,1.2851617708531256,2.9714440433213,2.49961086832605,0.2548134334030021,NA,0.68,NA,2026,311875,3,FALSE,TRUE
jYQJYzKDqG,asa_jYQJYzKDqG_mls_eval_blended,Chris Applewhite,chris applewhite,2007-08-23,USA,CB,NA,17.856262833675565,mls,vzqoOgNqap,CB,progressive_center_back,asa_live,0,Insufficient multi-season history for trend,blended,2025+2026 season to date,221,0.025277777777777777,low,0,0,0,6.92814479638009,0.9856289592760181,0.8392217194570135,5.065723981900453,2.35420814479638,0.05367420814479638,NA,0.88,NA,2026,90067,2,FALSE,TRUE
jYQJa30DqG,asa_jYQJa30DqG_mls_eval_blended,Joseph Rosales,joseph rosales,2000-11-06,Honduras,FB,NA,24.648870636550306,mls,kRQand1MKZ,FB,overlapping_fullback,asa_live,-0.04652572478403788,2024→2025 g+/90 change (longer-term trend),blended,2025+2026 season to date,2159,0.9126960784313726,high,0.06203861211912974,0,1.1369484489968325,9.822571819758348,1.56451436395167,1.2733857729637525,3.4351752841878618,2.8113893699630856,0.12319482548932924,NA,0.7289681706890522,NA,2026,529875,3,FALSE,TRUE
jYQJa3GEqG,asa_jYQJa3GEqG_mls_eval_blended,Japhet Sery Larsen,japhet sery larsen,2000-04-10,Denmark,CB,NA,26.223134839151268,mls,9z5k7Yg5A3,CB,progressive_center_back,asa_live,0,Insufficient multi-season history for trend,blended,2025+2026 season to date,990,0.3235294117647059,medium,0.007790909090909091,0,0.18181818181818182,12.360363636363637,2.0720727272727273,1.6540545454545454,4.122727272727273,2.2523636363636363,0.16822727272727275,NA,0.88,NA,2026,675300,3,FALSE,TRUE
jYQJaDnDqG,asa_jYQJaDnDqG_mls_eval_blended,Leo Afonso,leo afonso,2001-07-13,Brazil,W,NA,23.967145790554415,mls,"c(""zeQZkL1MKw"", ""KAqBN0Vqbg"")",W,transition_winger,asa_live,-0.4950758841101083,2024→2025 g+/90 change (longer-term trend),blended,2025+2026 season to date,191,0.021846405228758168,low,0.17081151832460734,0,1.4136125654450262,1.5878534031413611,-0.08242931937172782,0.03817801047120417,1.9986910994764397,1.7781151832460733,-0.07718324607329843,NA,0.6799999999999999,NA,2026,80622,2,FALSE,TRUE
jYQJaaBdqG,asa_jYQJaaBdqG_mls_eval_blended,Jack McGlynn,jack mcglynn,2003-07-07,USA,W,NA,21.984941820670773,mls,YgOMngl5wN,W,transition_winger,asa_live,0.04758602566029416,2024→2025 g+/90 change (longer-term trend),blended,2025+2026 season to date,1544,0.7999019607843136,high,0.06744193967284821,0,1.4327905657016697,9.353747623406802,1.4707495246813602,1.2030621435110205,5.949616224209563,2.8405001304796267,0.22035336575303313,NA,0.88,NA,2026,910320,4,FALSE,TRUE
jYQJal6kqG,asa_jYQJal6kqG_mls_eval_blended,Miguel Navarro,miguel navarro,1999-02-26,Venezuela,FB,NA,27.342915811088297,mls,pzeQZ6xQKw,FB,overlapping_fullback,asa_live,0,Insufficient multi-season history for trend,blended,2025+2026 season to date,1729,0.5650326797385621,medium,0.010306535569693465,0,0.20821283979178715,10.400902255639098,1.6801804511278196,1.3601353383458648,3.898048004626952,2.429624060150376,0.10968131868131868,NA,0.88,NA,2026,548781,3,FALSE,TRUE
jYQJamlEqG,asa_jYQJamlEqG_mls_eval_blended,Bongokuhle Hlongwane,bongokuhle hlongwane,2000-06-20,South Africa,FB,NA,25.02943189596167,mls,kRQand1MKZ,FB,overlapping_fullback,asa_live,-0.04297420681063796,2024→2025 g+/90 change (longer-term trend),blended,2025+2026 season to date,1515.1709401709402,0.5776633986928104,medium,0.1143342002683069,0,0.8372988753047983,11.181618531736994,1.8363237063473985,1.4772427797605487,2.1062710405750877,2.058361809299618,0.14029529366103896,NA,0.68,NA,2026,1142500,4,FALSE,TRUE
jYQJanvVqG,asa_jYQJanvVqG_mls_eval_blended,Daniel Edelman,daniel edelman,2003-04-28,USA,CM,NA,22.17659137577002,mls,a2lqRX2Mr0,CM,ball_winning_midfielder,asa_live,0.022344529821960155,2024→2025 g+/90 change (longer-term trend),blended,2025+2026 season to date,2272,0.9985784313725491,high,0.058691134976018536,0,0.647350558465283,10.224693993725568,1.6449387987451136,1.3337040990588354,3.323750918202163,2.897798656148769,0.13082347916567735,NA,0.88,NA,2026,676350,3,FALSE,TRUE
jYQJg3nEMG,asa_jYQJg3nEMG_mls_eval_blended,Palmer Ault,palmer ault,2004-04-19,USA,FW,NA,22.198494182067076,mls,wvq9B9wQWn,FW,pressing_striker,asa_live,0,Insufficient multi-season history for trend,blended,2025+2026 season to date,81,0.026470588235294117,low,0.17522222222222225,0,2.2222222222222223,8.653333333333332,1.3306666666666667,1.098,3.7777777777777777,4.357777777777778,0.26844444444444443,NA,0.68,NA,2026,NA,NA,FALSE,TRUE
jYQJg6lWMG,asa_jYQJg6lWMG_mls_eval_blended,Augustin Anello,augustin anello,2002-04-22,USA,W,NA,24.191649555099247,mls,9z5k7Yg5A3,W,transition_winger,asa_live,0,Insufficient multi-season history for trend,blended,2025+2026 season to date,530,0.17320261437908496,medium,0.32467924528301884,0,2.547169811320755,10.475169811320754,1.6950339622641508,1.3712754716981133,2.2604716981132076,2.633132075471698,0.2868452830188679,NA,0.68,NA,2026,539630,3,FALSE,TRUE
jYQJg7nEMG,asa_jYQJg7nEMG_mls_eval_blended,Antone Bossenberry,antone bossenberry,2008-08-14,Canada,CM,NA,17.87816563997262,mls,kRQabn8MKZ,CM,ball_winning_midfielder,asa_live,0,Insufficient multi-season history for trend,blended,2025+2026 season to date,49,0.02,low,0,0,0,6.912653061224489,0.9825306122448979,0.8368979591836735,0.9198979591836736,3.025306122448979,-0.049775510204081636,NA,0.68,NA,2026,NA,NA,FALSE,TRUE
jYQJgEJdMG,asa_jYQJgEJdMG_mls_eval_blended,Cavan Sullivan,cavan sullivan,2009-09-28,USA,W,NA,15.756331279945243,mls,9z5k7Yg5A3,W,transition_winger,asa_live,-0.36938486842105267,2024→2025 g+/90 change (longer-term trend),blended,2025+2026 season to date,1650,0.5758169934640522,medium,0.2863385904255319,0,2.4175531914893615,8.998463829787234,1.3996927659574467,1.1497695744680851,3.47853789893617,3.4998425531914896,0.28279053191489356,NA,0.68,NA,2026,614000,3,FALSE,TRUE
jYQJgRABMG,asa_jYQJgRABMG_mls_eval_blended,Ethan Kohler,ethan kohler,2005-05-20,USA,CB,NA,21.114305270362767,mls,19vQ2095K6,CB,progressive_center_back,asa_live,0,Insufficient multi-season history for trend,blended,2025+2026 season to date,2217,0.7245098039215686,medium,0.05445466847090663,0,0.4059539918809202,8.69044654939107,1.3380893098782138,1.1035669824086605,3.8622462787550744,2.6184573748308524,0.09586603518267929,NA,0.88,NA,2026,308800,3,FALSE,TRUE
jYQJgokGMG,asa_jYQJgokGMG_mls_eval_blended,Lazar Stefanovic,lazar stefanovic,2006-08-10,USA,CB,NA,18.8911704312115,mls,kRQabn8MKZ,CB,progressive_center_back,asa_live,0.009149141181399228,2025→2026 YTD g+/90 change (short-term; 2026 incomplete),blended,2025+2026 season to date,501.47058823529414,0.160359477124183,low,0.01939915966386555,0,0.18907563025210083,9.388952906675868,1.477790581335173,1.2083429360013802,4.251985632962863,2.474811355627295,0.09284411887922325,NA,0.88,NA,2026,125306,2,FALSE,TRUE
jYQJgrOWMG,asa_jYQJgrOWMG_mls_eval_blended,Luca Bombino,luca bombino,2006-07-10,USA,FB,NA,18.976043805612594,mls,zeQZBOzQKw,FB,overlapping_fullback,asa_live,0.001528987594535347,2025→2026 YTD g+/90 change (short-term; 2026 incomplete),blended,2025+2026 season to date,1297,0.7496078431372549,high,0.035021533001749816,0,0.5820809866485122,11.729873433746127,1.9459746867492251,1.5594810150619187,3.6791701773165366,2.3130328779686384,0.14806466722555744,NA,0.88,NA,2026,177200,2,FALSE,TRUE
jYQJzApVQG,asa_jYQJzApVQG_mls_eval_blended,Silvan Hefti,silvan hefti,1997-10-25,Switzerland,FB,NA,28.681724845995895,mls,EKXMeX3Q64,FB,overlapping_fullback,asa_live,0,Insufficient multi-season history for trend,blended,2025+2026 season to date,2206,0.7209150326797386,medium,0.0169637352674524,0,0.3671804170444243,9.76605621033545,1.5532112420670898,1.2649084315503174,3.7029465095194922,2.844578422484134,0.10225158658204896,NA,0.68,NA,2026,434833,3,FALSE,TRUE
jYQJzWGyQG,asa_jYQJzWGyQG_mls_eval_blended,Miles Robinson,miles robinson,1997-03-14,USA,CB,NA,28.298425735797398,mls,NWMWlBK5lz,CB,progressive_center_back,asa_live,0.014994263226776161,2024→2025 g+/90 change (longer-term trend),blended,2025+2026 season to date,1672,0.8760457516339869,high,0.047743359960585735,0,0.3751083950741534,11.24047574466392,1.8480951489327837,1.486071361699588,4.824811303338861,2.7215114866596526,0.19686944552043095,NA,0.8799999999999999,NA,2026,3950000,5,FALSE,TRUE
jYQJzmgEQG,asa_jYQJzmgEQG_mls_eval_blended,Alexandru Matan,alexandru matan,1999-08-29,Romania,CM,NA,26.83915126625599,mls,wvq9B9wQWn,CM,ball_winning_midfielder,asa_live,0,Insufficient multi-season history for trend,blended,2025+2026 season to date,539,0.17614379084967322,medium,0.07882931354359926,0,1.1688311688311688,9.63035250463822,1.5260705009276436,1.244552875695733,6.185064935064935,2.89974025974026,0.28454359925788497,NA,0.88,NA,2026,483250,3,FALSE,TRUE
jYQJznnkQG,asa_jYQJznnkQG_mls_eval_blended,Chris Durkin,chris durkin,2000-02-08,USA,CM,NA,25.39356605065024,mls,wvq9B9wQWn,CM,ball_winning_midfielder,asa_live,-0.05810394526145729,2024→2025 g+/90 change (longer-term trend),blended,2025+2026 season to date,2137,0.8384803921568628,high,0.05536774258522584,0,0.7251120398811621,10.980971851553454,1.7961943703106904,1.447145777733018,2.9591218087517,2.2423223727277306,0.09504587340752306,NA,0.8306520972858654,NA,2026,668500,3,FALSE,TRUE
jYQJznrBQG,asa_jYQJznrBQG_mls_eval_blended,Prince Owusu,prince owusu,1997-01-07,Germany,FW,NA,28.479123887748116,mls,APk5LGOMOW,FW,pressing_striker,asa_live,0.16089228543876563,2024→2025 g+/90 change (longer-term trend),blended,2025+2026 season to date,2273,1,high,0.5550555577117131,0,2.6222541333540326,9.20348210820461,1.4406964216409222,1.1805223162306917,2.1483384110843744,1.7266358767367849,0.3141806256306761,NA,0.6800000000000002,NA,2026,1330000,4,FALSE,TRUE
jYQJzoGVQG,asa_jYQJzoGVQG_mls_eval_blended,Maxime Dominguez,maxime dominguez,1996-02-01,Switzerland,CM,NA,29.412731006160165,mls,kRQabn8MKZ,CM,ball_winning_midfielder,asa_live,0,Insufficient multi-season history for trend,blended,2025+2026 season to date,1567,0.17923202614379083,medium,0.06071984684109764,0,1.0912571793235482,9.73751116783663,1.5475022335673263,1.2606266751754944,3.1947032546266754,2.5704148053605618,0.10567389917038929,NA,0.88,NA,2026,337577,3,FALSE,TRUE
jYQJzpAkQG,asa_jYQJzpAkQG_mls_eval_blended,Brandt Bronico,brandt bronico,1995-06-20,USA,CM,NA,30.031485284052017,mls,NPqxKXZ59d,CM,ball_winning_midfielder,asa_live,0.013564712432443546,2024→2025 g+/90 change (longer-term trend),blended,2025+2026 season to date,1101.69779286927,0.666781045751634,high,0.06223851151001002,0,0.4220306481832517,9.92214475012042,1.584428950024084,1.288321712518063,2.730150475363688,2.2597527486112714,0.09266133336263718,NA,0.68,NA,2026,551667,3,FALSE,TRUE
jYQJzwXkQG,asa_jYQJzwXkQG_mls_eval_blended,Jeppe Tverskov,jeppe tverskov,1993-03-12,Denmark,CM,NA,32.303901437371664,mls,zeQZBOzQKw,CM,ball_winning_midfielder,asa_live,0.03377370456881246,2025→2026 YTD g+/90 change (short-term; 2026 incomplete),blended,2025+2026 season to date,1946,1,high,0.049067099567099565,0,0.37414965986394555,11.709548546691405,1.9419097093382807,1.5564322820037106,4.533232838589981,2.85291280148423,0.22278509585652442,NA,0.88,NA,2026,1096667,4,FALSE,TRUE
kRQa207YMK,asa_kRQa207YMK_mls_eval_blended,Paxton Pomykal,paxton pomykal,1999-12-17,USA,CM,NA,25.53867214236824,mls,mKAqBBmqbg,CM,ball_winning_midfielder,asa_live,0.5642129032258064,2024→2025 g+/90 change (longer-term trend),blended,2025+2026 season to date,62,0.02,low,0.14385483870967739,0,1.4516129032258065,9.254193548387097,1.4508387096774193,1.1881290322580649,4.578629032258065,1.8496774193548386,0.09711290322580644,NA,0.88,NA,2026,1158000,4,FALSE,TRUE
kRQa22abMK,asa_kRQa22abMK_mls_eval_blended,Bill Tuiloma,bill tuiloma,1995-03-27,New Zealand,FB,NA,30.26420260095825,mls,NPqxKXZ59d,FB,overlapping_fullback,asa_live,-0.16923394456289978,2024→2025 g+/90 change (longer-term trend),blended,2025+2026 season to date,469,0.0536437908496732,low,0.047763326226012794,0,0.767590618336887,8.369211087420043,1.2738422174840085,1.0553816631130064,3.49317697228145,2.6596588486140726,0.08464605543710021,NA,0.88,NA,2026,524938,3,FALSE,TRUE
kRQa2AvjMK,asa_kRQa2AvjMK_mls_eval_blended,Evander,evander,1998-06-09,Brazil,W,NA,27.06091718001369,mls,NWMWlBK5lz,W,transition_winger,asa_live,-0.018742949915442786,2024→2025 g+/90 change (longer-term trend),blended,2025+2026 season to date,2255,1,high,0.3549353053313564,0,3.3360163171233514,8.666081434532282,1.3332162869064565,1.0999122151798424,5.5556419831170505,3.8709668014083443,0.3278033348194911,NA,0.88,NA,2026,4736411,5,FALSE,TRUE
kRQa2j0LMK,asa_kRQa2j0LMK_mls_eval_blended,Kyle Smith,kyle smith,1992-01-09,USA,CM,NA,33.4757015742642,mls,jYQJ8EW5GR,CM,ball_winning_midfielder,asa_live,0.028332780317497946,2024→2025 g+/90 change (longer-term trend),blended,2025+2026 season to date,1198,0.5469444444444445,high,0.06414545111968681,0,0.4569117718895457,10.409697485676803,1.6819394971353603,1.3614546228515203,3.514543192904347,2.289525886433262,0.08281052205528303,NA,0.8062381454162276,NA,2026,118400,2,FALSE,TRUE
kRQaP8xjqK,asa_kRQaP8xjqK_mls_eval_blended,Matthew Arana,matthew arana,2010-08-28,Mexico,CM,NA,15.841204654346338,mls,YgOMngl5wN,CM,ball_winning_midfielder,asa_live,0,Insufficient multi-season history for trend,blended,2025+2026 season to date,103,0.03366013071895425,low,0,0,0,7.206601941747573,1.0413203883495146,0.880990291262136,-0.3618932038834952,4.12873786407767,-0.04237864077669904,NA,0.88,NA,2026,101986,2,FALSE,TRUE
kRQaPd61qK,asa_kRQaPd61qK_mls_eval_blended,Agustín Resch,agustin resch,2002-02-28,Argentina,CB,NA,24.33675564681725,mls,YgOMngl5wN,CB,progressive_center_back,asa_live,0,Insufficient multi-season history for trend,blended,2025+2026 season to date,1936,0.6326797385620915,medium,0.010241219008264461,0,0.32541322314049587,11.100165289256198,1.8200330578512396,1.4650247933884297,3.9117381198347108,2.4082334710743805,0.11142148760330578,NA,0.88,NA,2026,88025,2,FALSE,TRUE
kRQabvYbMK,asa_kRQabvYbMK_mls_eval_blended,Walker Zimmerman,walker zimmerman,1993-05-19,USA,CB,NA,32.11772758384668,mls,vzqoOgNqap,CB,progressive_center_back,asa_live,-0.03453439905148356,2024→2025 g+/90 change (longer-term trend),blended,2025+2026 season to date,1964,0.8755065359477124,high,0.061775042663809177,0,0.8415022952467888,11.933341998386052,1.9866683996772103,1.5900012997579078,4.2687958057176125,2.6301587159847073,0.19784058287362255,NA,0.88,NA,2026,1708037,5,FALSE,TRUE
kRQabyN8MK,asa_kRQabyN8MK_mls_eval_blended,Jonathan Rodríguez,jonathan rodriguez,1993-07-06,Uruguay,W,NA,31.98631074606434,mls,WBLMvYAQxe,W,transition_winger,asa_live,0.13907275740043817,2024→2025 g+/90 change (longer-term trend),blended,2025+2026 season to date,190,0.02173202614379085,low,0.6183947368421053,0,3.3157894736842106,8.714315789473684,1.3428631578947368,1.1071473684210527,5.105526315789474,2.815473684210527,0.47467894736842103,NA,0.8799999999999999,NA,2026,3627500,5,FALSE,TRUE
kRQao7Bg5K,asa_kRQao7Bg5K_mls_eval_blended,André Franco,andre franco,1998-04-12,Portugal,CM,NA,27.21971252566735,mls,X0Oq66zq6D,CM,ball_winning_midfielder,asa_live,0,Insufficient multi-season history for trend,blended,2025+2026 season to date,435,0.04975490196078431,low,0.036848275862068965,0,1.0344827586206897,10.261793103448277,1.6523586206896552,1.3392689655172414,5.991724137931035,2.7441379310344827,0.24467586206896555,NA,0.88,NA,2026,697083,3,FALSE,TRUE
kRQaoNZj5K,asa_kRQaoNZj5K_mls_eval_blended,Miguel Berry,miguel berry,1997-09-16,Spain,FW,NA,27.789185489390828,mls,kaDQ0wRqEv,FW,pressing_striker,asa_live,-0.05049059760215621,2024→2025 g+/90 change (longer-term trend),blended,2025+2026 season to date,764,0.08738562091503267,low,0.18572513089005235,0,0.9424083769633508,8.766178010471204,1.3532356020942409,1.1149267015706807,1.6912303664921464,1.8398429319371725,0.14581413612565444,NA,0.6799999999999999,NA,2026,231667,2,FALSE,TRUE
kRQaodJm5K,asa_kRQaodJm5K_mls_eval_blended,Keisuke Kurokawa,keisuke kurokawa,1997-04-13,Japan,FB,NA,29.215605749486652,mls,EKXMeX3Q64,FB,overlapping_fullback,asa_live,0,Insufficient multi-season history for trend,blended,2025+2026 season to date,2618,0.8555555555555555,medium,0.02173682200152788,0,0.20626432391138275,8.21877769289534,1.243755538579068,1.0328166539343009,4.487939266615737,2.6452100840336135,0.07258785332314743,NA,0.88,NA,2026,615500,3,FALSE,TRUE
kRQaopnY5K,asa_kRQaopnY5K_mls_eval_blended,David Schnegg,david schnegg,1998-09-29,Austria,FB,NA,26.754277891854894,mls,EKXMeX3Q64,FB,overlapping_fullback,asa_live,0.0953024745142459,2024→2025 g+/90 change (longer-term trend),blended,2025+2026 season to date,1331,0.7774183006535946,high,0.06676369874164874,0,0.6088987428327852,11.35580762707098,1.8711615254141962,1.5033711440606472,3.5278952291584647,2.472055188663886,0.1335318613593509,NA,0.811068439192516,NA,2026,756250,4,FALSE,TRUE
kRQaorKj5K,asa_kRQaorKj5K_mls_eval_blended,Alan Montes Castro,alan montes castro,2000-10-26,Mexico,CB,NA,24.67898699520876,mls,Z2vQ1xlqrA,CB,progressive_center_back,asa_live,0,Insufficient multi-season history for trend,blended,2025+2026 season to date,509,0.058218954248366005,low,0.15598821218074654,0,1.4145383104125737,11.313555992141453,1.8627111984282907,1.497033398821218,4.5467092337917485,0.8973280943025541,0.14995874263261297,NA,0.68,NA,2026,422500,3,FALSE,TRUE
kRQaovVo5K,asa_kRQaovVo5K_mls_eval_blended,Gabriel Pec,gabriel pec,2001-02-11,Brazil,W,NA,24.383299110198493,mls,kaDQ0wRqEv,W,transition_winger,asa_live,-0.04060999669158466,2024→2025 g+/90 change (longer-term trend),blended,2025+2026 season to date,1365,0.7622222222222222,high,0.4090349775564767,0,3.829169922525168,9.681464642252692,1.5362929284505382,1.2522196963379038,3.557925699848975,4.2414204490106275,0.3940894706412085,NA,0.8800000000000001,NA,2026,2459000,5,FALSE,TRUE
kRQaw1eO5K,asa_kRQaw1eO5K_mls_eval_blended,Nicolás Rodríguez,nicolas rodriguez,2004-04-24,Colombia,W,NA,21.1854893908282,mls,jYQJ8EW5GR,W,transition_winger,asa_live,0,Insufficient multi-season history for trend,blended,2025+2026 season to date,294,0.03362745098039215,low,0.24964285714285714,0,1.2244897959183674,9.337142857142858,1.4674285714285715,1.2005714285714286,2.4237244897959185,2.3683673469387756,0.06563265306122448,NA,0.8800000000000001,NA,2026,262000,2,FALSE,TRUE
kRQawAyb5K,asa_kRQawAyb5K_mls_eval_blended,Emilio Aristizábal,emilio aristizabal,2005-08-05,Colombia,FW,NA,20.903490759753595,mls,kRQabn8MKZ,FW,pressing_striker,asa_live,0,Insufficient multi-season history for trend,blended,2025+2026 season to date,751,0.24542483660130718,medium,0.3311664447403462,0,2.5166444740346203,9.556964047936084,1.5113928095872171,1.2335446071904128,3.1941411451398136,1.657762982689747,0.23970439414114514,NA,0.68,NA,2026,344788,3,FALSE,TRUE
kRQawPbO5K,asa_kRQawPbO5K_mls_eval_blended,Nicholas Simmonds,nicholas simmonds,2006-12-17,Jamaica,FW,NA,19.537303216974674,mls,mKAqBBmqbg,FW,pressing_striker,asa_live,0,Insufficient multi-season history for trend,blended,2025+2026 season to date,132,0.043137254901960784,low,0.11468181818181816,0,1.3636363636363635,8,1.2,1,1.6448863636363635,2.174090909090909,0.06859090909090909,NA,0.68,NA,2026,102704,2,FALSE,TRUE
kRQawobY5K,asa_kRQawobY5K_mls_eval_blended,Aiden Hezarkhani,aiden hezarkhani,2007-06-28,USA,W,NA,18.00958247775496,mls,a2lqR4JMr0,W,transition_winger,asa_live,0.07009720588235294,2025→2026 YTD g+/90 change (short-term; 2026 incomplete),blended,2025+2026 season to date,1088,0.36413398692810456,medium,0.09543456375838925,0,1.4261744966442953,8.736510067114093,1.3473020134228189,1.1104765100671141,2.1323825503355707,2.9662080536912754,0.09713422818791946,NA,0.68,NA,2026,94383,2,FALSE,TRUE
kRQay0LQKZ,asa_kRQay0LQKZ_mls_eval_blended,Andy Najar,andy najar,1993-03-16,Honduras,FB,NA,32.29295003422313,mls,vzqoOgNqap,FB,overlapping_fullback,asa_live,-0.00099383295319094289,2025→2026 YTD g+/90 change (short-term; 2026 incomplete),blended,2025+2026 season to date,1792,0.9420261437908496,high,0.043415425896888016,0,0.5713121526754678,9.64253815547364,1.5285076310947276,1.246380723321046,5.423510857336545,2.766202348155948,0.18628084066702794,NA,0.88,NA,2026,603333,3,FALSE,TRUE
ljqE20nYQx,asa_ljqE20nYQx_mls_eval_blended,Sebastian Kowalczyk,sebastian kowalczyk,1998-08-22,Poland,W,NA,26.858316221765914,mls,YgOMngl5wN,W,transition_winger,asa_live,-1.5964251993960676e-6,2024→2025 g+/90 change (longer-term trend),blended,2025+2026 season to date,1702,0.19467320261437907,medium,0.07178319623971798,0,1.1104582843713278,9.906815511163337,1.5813631022326673,1.2860223266745006,3.0746915393654524,2.385464159811986,0.13591480611045828,NA,0.88,NA,2026,594618,3,FALSE,TRUE
ljqE2EWkQx,asa_ljqE2EWkQx_mls_eval_blended,Cristhian Paredes,cristhian paredes,1998-05-18,Paraguay,CM,NA,27.121149897330596,mls,WBLMvYAQxe,CM,ball_winning_midfielder,asa_live,0.03527526102741807,2024→2025 g+/90 change (longer-term trend),blended,2025+2026 season to date,1301,0.14880718954248365,medium,0.06728209069946196,0,0.6917755572636434,12.297863182167562,2.0595726364335123,1.6446794773251345,3.3780553420445805,2.2697770945426594,0.16669715603382013,NA,0.8800000000000001,NA,2026,714000,4,FALSE,TRUE
ljqE2EwAQx,asa_ljqE2EwAQx_mls_eval_blended,Mamadou Fofana,mamadou fofana,1998-01-21,Mali,CB,NA,27.44147843942505,mls,19vQ2095K6,CB,progressive_center_back,asa_live,0.06289792891122677,2025→2026 YTD g+/90 change (short-term; 2026 incomplete),blended,2025+2026 season to date,2632,1,high,0.01531205995911878,0,0.14122602357896474,11.950822963091872,1.990164592618374,1.5926234444637806,4.062293953207819,2.7272382466500114,0.15930780592335214,NA,0.8799999999999999,NA,2026,916250,4,FALSE,TRUE
ljqE2PbYQx,asa_ljqE2PbYQx_mls_eval_blended,Javairô Dilrosun,javairo dilrosun,1998-06-22,Netherlands,W,NA,27.025325119780973,mls,eVq3ya6MWO,W,transition_winger,asa_live,0,Insufficient multi-season history for trend,blended,2025+2026 season to date,470,0.053758169934640526,low,0.1899191489361702,0,2.297872340425532,9.093021276595744,1.418604255319149,1.1639531914893617,1.8778723404255317,2.789531914893617,0.1333340425531915,NA,0.68,NA,2026,NA,NA,FALSE,TRUE
ljqE2PwVQx,asa_ljqE2PwVQx_mls_eval_blended,Memo Rodríguez,memo rodriguez,1995-12-27,USA,CM,NA,29.51129363449692,mls,Z2vQ1xlqrA,CM,ball_winning_midfielder,asa_live,-0.009370731639683771,2024→2025 g+/90 change (longer-term trend),blended,2025+2026 season to date,766,0.0876143790849673,low,0.0407467362924282,0,1.0574412532637076,9.85686684073107,1.571373368146214,1.2785300261096606,5.403328981723237,2.602219321148825,0.16365665796344647,NA,0.88,NA,2026,114966,2,FALSE,TRUE
ljqE2VkOQx,asa_ljqE2VkOQx_mls_eval_blended,Luciano Acosta,luciano acosta,1994-05-31,Argentina,W,NA,31.085557837097877,mls,mKAqBBmqbg,W,transition_winger,asa_live,-0.08197908229144679,2024→2025 g+/90 change (longer-term trend),blended,2025+2026 season to date,1912,0.21869281045751632,medium,0.25092677824267784,0,1.4121338912133892,9.543556485355648,1.5087112970711296,1.2315334728033474,5.388389121338912,2.911589958158996,0.3150517782426778,NA,0.88,NA,2026,4296413,5,FALSE,TRUE
ljqE2XRzQx,asa_ljqE2XRzQx_mls_eval_blended,Joedrick Pupe,joedrick pupe,1997-06-04,Belgium,CB,NA,28.073921971252567,mls,lgpMOvnQzy,CB,progressive_center_back,asa_live,0,Insufficient multi-season history for trend,blended,2025+2026 season to date,42,0.02,low,0,0,0,11.951428571428572,1.9902857142857142,1.5927142857142857,3.1875,2.684285714285714,0.11850000000000001,NA,0.88,NA,2026,460600,3,FALSE,TRUE
ljqE2ekNQx,asa_ljqE2ekNQx_mls_eval_blended,Žan Kolmanič,zan kolmanic,2000-03-03,Slovenia,FB,NA,25.32785763175907,mls,gpMOLwl5zy,FB,overlapping_fullback,asa_live,0.1731770045284472,2024→2025 g+/90 change (longer-term trend),blended,2025+2026 season to date,750,0.35547385620915034,medium,0.02409427193139182,0,0.3492585313560836,12.09742776487404,2.0194855529748077,1.614614164731106,4.182499821332858,2.3343832767554047,0.18629855279614077,NA,0.783448275862069,NA,2026,375000,3,FALSE,TRUE
ljqE2vBzQx,asa_ljqE2vBzQx_mls_eval_blended,John Nelson,john nelson,1998-07-11,USA,FB,NA,26.973305954825463,mls,kaDQ0wRqEv,FB,overlapping_fullback,asa_live,0.0818124864999865,2024→2025 g+/90 change (longer-term trend),blended,2025+2026 season to date,1681,0.811045751633987,high,0.012787398342942232,0,0.2930763063060417,10.451835539512986,1.690367107902597,1.3677753309269478,2.9975268589033814,2.4729919114904417,0.07259070570336845,NA,0.88,NA,2026,350000,3,FALSE,TRUE
ljqE9NX4qx,asa_ljqE9NX4qx_mls_eval_blended,Damion Downs,damion downs,2004-07-06,Germany,FW,NA,21.984941820670773,mls,wvq9B9wQWn,FW,pressing_striker,asa_live,0,Insufficient multi-season history for trend,blended,2025+2026 season to date,50,0.02,low,0.43038000000000004,0,5.4,9.7352,1.54704,1.26028,0.5429999999999997,-3.0151999999999997,0.011339999999999987,NA,0.68,NA,2026,NA,NA,FALSE,TRUE
ljqE9kzoqx,asa_ljqE9kzoqx_mls_eval_blended,Dieng Mamadou,dieng mamadou,2004-02-04,Senegal,FW,NA,21.404517453798768,mls,kRQand1MKZ,FW,pressing_striker,asa_live,0.38827420603215823,2025→2026 YTD g+/90 change (short-term; 2026 incomplete),blended,2025+2026 season to date,589,0.2080392156862745,medium,0.35041041847305254,0,2.33491534705426,8.852800620636152,1.3705601241272305,1.127920093095423,0.3746680052936612,0.4744229452836217,0.10694138182813857,NA,0.7259685027152832,NA,2026,91172,2,FALSE,TRUE
ljqEJ0okQx,asa_ljqEJ0okQx_mls_eval_blended,Luka Jovanovic,luka jovanovic,2005-05-20,Australia,W,NA,21.114305270362767,mls,0KPqjA456v,W,transition_winger,asa_live,0,Insufficient multi-season history for trend,blended,2025+2026 season to date,198,0.06470588235294118,low,0.2106818181818182,0,0.9090909090909091,9.170909090909092,1.4341818181818182,1.1756363636363636,1.893181818181818,2.3636363636363638,0.0695909090909091,NA,0.68,NA,2026,NA,NA,FALSE,TRUE
ljqEJ8KkQx,asa_ljqEJ8KkQx_mls_eval_blended,Ian James,ian james,2008-06-06,USA,CB,NA,17.06776180698152,mls,Z2vQ1xlqrA,CB,progressive_center_back,asa_live,-0.15989111038532056,2025→2026 YTD g+/90 change (short-term; 2026 incomplete),blended,2025+2026 season to date,964,0.37897058823529417,medium,0.017678615659832118,0,0.22998873331498554,12.150418673455345,2.030083734691069,1.6225628010183017,3.1619279845964634,2.797710304286501,0.09835109699669739,NA,0.7641346153846154,NA,2026,117998,2,FALSE,TRUE
ljqEJEozQx,asa_ljqEJEozQx_mls_eval_blended,Harbor Miller,harbor miller,2007-06-21,USA,FB,NA,18.028747433264886,mls,kaDQ0wRqEv,FB,overlapping_fullback,asa_live,0.0027282709359606194,2025→2026 YTD g+/90 change (short-term; 2026 incomplete),blended,2025+2026 season to date,1750,0.6515032679738562,medium,0.12307152709359606,0,1.104152005629838,9.741232934553132,1.5482465869106263,1.2611849401829696,3.191225721323012,3.0360267417311753,0.1441513511611541,NA,0.68,NA,2026,88025,2,FALSE,TRUE
ljqEJEvzQx,asa_ljqEJEvzQx_mls_eval_blended,Snyder Brunell,snyder brunell,2007-03-23,USA,CM,NA,18.275154004106778,mls,jYQJ19EqGR,CM,ball_winning_midfielder,asa_live,-0.17375118824401514,2025→2026 YTD g+/90 change (short-term; 2026 incomplete),blended,2025+2026 season to date,1704,0.5938071895424837,medium,0.1465946114061703,0,1.3416107313404386,10.936119316103708,1.7872238632207416,1.4404178974155561,2.71871117152527,3.274387218413068,0.2132691643957697,NA,0.7382362728785359,NA,2026,98051,2,FALSE,TRUE
ljqEJGGOQx,asa_ljqEJGGOQx_mls_eval_blended,Federico Redondo,federico redondo,2003-01-18,Argentina,CM,NA,22.45037645448323,mls,zeQZkL1MKw,CM,ball_winning_midfielder,asa_live,-0.08195712739074139,2024→2025 g+/90 change (longer-term trend),blended,2025+2026 season to date,1022,0.1168954248366013,low,0.011095890410958905,0,0.26418786692759294,10.730293542074364,1.7460587084148727,1.4095440313111545,3.003302348336595,2.47587084148728,0.08468101761252446,NA,0.68,NA,2026,837000,4,FALSE,TRUE
ljqEJWxzQx,asa_ljqEJWxzQx_mls_eval_blended,Dominik Marczuk,dominik marczuk,2003-11-01,Poland,W,NA,21.66461327857632,mls,"c(""NWMWlBK5lz"", ""a2lqR4JMr0"")",W,transition_winger,asa_live,-0.02554788477526107,2024→2025 g+/90 change (longer-term trend),blended,2025+2026 season to date,645.0980392156863,0.3443464052287582,medium,0.11704430093830306,0,1.5531988950685398,9.854102687531011,1.570820537506202,1.2781154031296516,2.5391419377772513,2.87738423028786,0.1316973806014915,NA,0.68,NA,2026,795500,4,FALSE,TRUE
ljqEJonzQx,asa_ljqEJonzQx_mls_eval_blended,Bruno Damiani,bruno damiani,2002-04-18,Uruguay,FW,NA,23.20328542094456,mls,9z5k7Yg5A3,FW,pressing_striker,asa_live,-0.1161355302088336,2025→2026 YTD g+/90 change (short-term; 2026 incomplete),blended,2025+2026 season to date,2282,1,high,0.37918232312191946,0,2.3519227976901855,9.48290912804344,1.4965818256086876,1.2224363692065159,2.5649291067579147,1.8565816468996372,0.2328459982735429,NA,0.68,NA,2026,847600,4,FALSE,TRUE
ljqEJzLkQx,asa_ljqEJzLkQx_mls_eval_blended,Nolan Miller,nolan miller,2004-03-08,USA,CB,NA,22.313483915126625,mls,jYQJ8EW5GR,CB,progressive_center_back,asa_live,0,Insufficient multi-season history for trend,blended,2025+2026 season to date,370,0.12091503267973856,low,0.021721621621621622,0,0.24324324324324326,12.93881081081081,2.187762162162162,1.7408216216216217,3.726081081081081,2.441135135135135,0.10651621621621624,NA,0.8800000000000001,NA,2026,88025,2,FALSE,TRUE
ljqEL4wo5x,asa_ljqEL4wo5x_mls_eval_blended,Gerardo Valenzuela,gerardo valenzuela,2004-09-28,USA,W,NA,20.75564681724846,mls,NWMWlBK5lz,W,transition_winger,asa_live,0.0017273171314233504,2024→2025 g+/90 change (longer-term trend),blended,2025+2026 season to date,1721,0.6734803921568627,high,0.16397291720106127,0,1.6961780098698696,10.198648080582238,1.6397296161164476,1.3297972120873358,2.8407127324377197,2.277795933368811,0.1867988315422341,NA,0.8800000000000001,NA,2026,142542,2,FALSE,TRUE
ljqELGYo5x,asa_ljqELGYo5x_mls_eval_blended,William Reilly,william reilly,2002-12-03,USA,CM,NA,22.576317590691307,mls,KAqBN0Vqbg,CM,ball_winning_midfielder,asa_live,-0.05771722885313957,2025→2026 YTD g+/90 change (short-term; 2026 incomplete),blended,2025+2026 season to date,820,0.33248366013071895,medium,0.04786511758118701,0,0.35316349384098544,10.604826427771556,1.7209652855543114,1.3907239641657334,3.0935263857782753,2.513442889137738,0.11401201007838745,NA,0.7878947368421053,NA,2026,88025,2,FALSE,TRUE
ljqELLzz5x,asa_ljqELLzz5x_mls_eval_blended,Maxwell Murray,maxwell murray,2002-04-08,USA,CB,NA,24.229979466119097,mls,Vj58weDM8n,CB,progressive_center_back,asa_live,0,Insufficient multi-season history for trend,blended,2025+2026 season to date,181,0.05915032679738562,low,0,0,0,8.477348066298342,1.2954696132596686,1.0716022099447513,4.199585635359116,2.2772375690607736,0.0487292817679558,NA,0.68,NA,2026,89873,2,FALSE,TRUE
ljqELX2N5x,asa_ljqELX2N5x_mls_eval_blended,Finn Sundstrom,finn sundstrom,2006-11-19,USA,FB,NA,19.613963039014372,mls,9z5k7Yg5A3,FB,overlapping_fullback,asa_live,0,Insufficient multi-season history for trend,blended,2025+2026 season to date,63,0.020588235294117647,low,0,0,0,11.125714285714285,1.8251428571428572,1.4688571428571429,1.7321428571428572,2.617142857142857,0.04114285714285714,NA,0.68,NA,2026,102285,2,FALSE,TRUE
ljqELmRk5x,asa_ljqELmRk5x_mls_eval_blended,Victor Loturi,victor loturi,2001-05-21,Canada,CM,NA,24.112251882272417,mls,APk5LGOMOW,CM,ball_winning_midfielder,asa_live,-0.003291284759981347,2025→2026 YTD g+/90 change (short-term; 2026 incomplete),blended,2025+2026 season to date,2296,1,high,0.03375011692872876,0,0.3596515098687847,9.910545015434591,1.5821090030869185,1.2865817523151888,3.2866586977966374,2.1871060777427225,0.07715923566878981,NA,0.88,NA,2026,146500,2,FALSE,TRUE
ljqELmeo5x,asa_ljqELmeo5x_mls_eval_blended,Ousseni Bouda,ousseni bouda,2000-04-28,Burkina Faso,W,NA,25.17453798767967,mls,0KPqjA456v,W,transition_winger,asa_live,0.13036650007797243,2024→2025 g+/90 change (longer-term trend),blended,2025+2026 season to date,2209,0.8997549019607843,high,0.2686588025409556,0,1.8085573212748107,9.4533785491086,1.4906757098217196,1.21800678236629,2.739492637882876,3.320481972457137,0.25619677815494435,NA,0.88,NA,2026,350000,3,FALSE,TRUE
ljqELmrw5x,asa_ljqELmrw5x_mls_eval_blended,Santiago Muñoz,santiago munoz,2002-08-14,Mexico,W,NA,22.88021902806297,mls,Z2vQ1xlqrA,W,transition_winger,asa_live,0,Insufficient multi-season history for trend,blended,2025+2026 season to date,1011,0.11563725490196078,low,0.348080118694362,0,1.8694362017804154,9.565341246290801,1.5130682492581602,1.2348011869436202,2.0421364985163204,1.952700296735905,0.2135786350148368,NA,0.88,NA,2026,335026,3,FALSE,TRUE
ljqEVeEoQx,asa_ljqEVeEoQx_mls_eval_blended,Rodrigo Schlegel,rodrigo schlegel,1997-04-03,Argentina,CB,NA,28.243668720054757,mls,jYQJ8EW5GR,CB,progressive_center_back,asa_live,-0.0030428383860567065,2024→2025 g+/90 change (longer-term trend),blended,2025+2026 season to date,3085,0.35285947712418303,medium,0.013892382495948137,0,0.40842787682333875,10.83005510534846,1.7660110210696922,1.4245082658022692,4.448022690437601,2.65380226904376,0.14176823338735817,NA,0.88,NA,2026,609667,3,FALSE,TRUE
ljqEj6gkQx,asa_ljqEj6gkQx_mls_eval_blended,Dany Rosero,dany rosero,1993-10-06,Colombia,CB,NA,31.734428473648187,mls,Z2vQ1xlqrA,CB,progressive_center_back,asa_live,0.19168809240125906,2024→2025 g+/90 change (longer-term trend),blended,2025+2026 season to date,212,0.02424836601307189,low,0.21103301886792453,0,1.2735849056603774,11.560943396226415,1.9121886792452831,1.5341415094339623,4.415801886792453,2.4702830188679243,0.30506603773584906,NA,0.88,NA,2026,530000,3,FALSE,TRUE
ljqEj8WNQx,asa_ljqEj8WNQx_mls_eval_blended,Andrew Farrell,andrew farrell,1992-04-02,USA,CM,NA,33.24572210814511,mls,19vQ2095K6,CM,ball_winning_midfielder,asa_live,0.18492283123840925,2024→2025 g+/90 change (longer-term trend),blended,2025+2026 season to date,103,0.03892156862745098,low,0,0,0,15.736181933305195,2.7472363866610383,2.160427289995779,3.8608956838328408,2.697249683410722,0.238543404390038,NA,0.8799999999999999,NA,2026,113400,2,FALSE,TRUE
ljqEjLaEQx,asa_ljqEjLaEQx_mls_eval_blended,Diego Fagundez,diego fagundez,1995-02-14,Uruguay,W,NA,30.376454483230663,mls,kaDQ0wRqEv,W,transition_winger,asa_live,-0.013336482785750448,2024→2025 g+/90 change (longer-term trend),blended,2025+2026 season to date,1851.034482758621,0.40993464052287587,medium,0.06569154926475448,0,0.6899341472546674,9.135510296374061,1.4271020592748123,1.1703265444561093,4.416062747314867,2.2225560849551806,0.14548728975942093,NA,0.88,NA,2026,316250,3,FALSE,TRUE
ljqEjV8oQx,asa_ljqEjV8oQx_mls_eval_blended,Nathan Byrne,nathan byrne,1992-06-05,England,FB,NA,33.07049965776865,mls,NPqxKXZ59d,FB,overlapping_fullback,asa_live,-0.030783076763053877,2024→2025 g+/90 change (longer-term trend),blended,2025+2026 season to date,2037,0.8971895424836601,high,0.01009499451954695,0,0.09864815491413957,9.142712412684613,1.4285424825369226,1.171406861902692,4.101689012088767,2.6350848062201337,0.0838294344374629,NA,0.828849104859335,NA,2026,498750,3,FALSE,TRUE
odMX70VAQY,asa_odMX70VAQY_mls_eval_blended,Calvin Harris,calvin harris,2000-03-20,England,W,NA,25.281314168377822,mls,pzeQZ6xQKw,W,transition_winger,asa_live,0.06414651446940375,2024→2025 g+/90 change (longer-term trend),blended,2025+2026 season to date,2128,0.8647058823529412,high,0.28583584043732563,0,2.0092511181620094,10.101145112580756,1.6202290225161513,1.3151717668871135,1.8813509451813908,3.7668474521197295,0.2854366135937918,NA,0.7295049504950495,NA,2026,375000,3,FALSE,TRUE
odMX70eoQY,asa_odMX70eoQY_mls_eval_blended,Bret Halsey,bret halsey,2000-06-01,USA,FB,NA,25.08145106091718,mls,NWMWlBK5lz,FB,overlapping_fullback,asa_live,-6.38165170080085e-4,2024→2025 g+/90 change (longer-term trend),blended,2025+2026 season to date,37,0.02,low,0,0,0,12.174054054054054,2.0348108108108107,1.6261081081081081,2.629054054054054,4.407027027027027,0.18316216216216216,NA,0.68,NA,2026,104000,2,FALSE,TRUE
odMX7PRaQY,asa_odMX7PRaQY_mls_eval_blended,Ignatius Ganago,ignatius ganago,1999-02-16,Cameroon,W,NA,26.3709787816564,mls,19vQ2095K6,W,transition_winger,asa_live,0,Insufficient multi-season history for trend,blended,2025+2026 season to date,1744,0.19947712418300653,medium,0.3056181192660551,0,2.0126146788990824,9.602660550458715,1.520532110091743,1.2403990825688072,1.599684633027523,1.703211009174312,0.24516743119266055,NA,0.68,NA,2026,1300000,4,FALSE,TRUE
odMX7XZoQY,asa_odMX7XZoQY_mls_eval_blended,Zac McGraw,zac mcgraw,1997-06-08,USA,CB,NA,28.06297056810404,mls,WBLMvYAQxe,CB,progressive_center_back,asa_live,-0.11178900824492452,2024→2025 g+/90 change (longer-term trend),blended,2025+2026 season to date,274,0.03133986928104575,low,0,0,0,8.357372262773723,1.2714744525547446,1.0536058394160583,4.001003649635036,2.3114598540145987,-0.04358759124087592,NA,0.88,NA,2026,321750,3,FALSE,TRUE
odMX84koMY,asa_odMX84koMY_mls_eval_blended,Son Heung-Min,son heungmin,1992-07-08,South Korea,FW,NA,32.98015058179329,mls,eVq3ya6MWO,FW,pressing_striker,asa_live,-0.009268465909090862,2025→2026 YTD g+/90 change (short-term; 2026 incomplete),blended,2025+2026 season to date,2240,0.8729411764705882,high,0.41758198051948053,0,3.5990259740259742,9.185086270871986,1.437017254174397,1.1777629406307977,3.1937772495361783,3.954359925788497,0.3715081168831169,NA,0.88,NA,2026,11152852,5,FALSE,TRUE
odMX8YarMY,asa_odMX8YarMY_mls_eval_blended,Alexandru Mihail Baluta,alexandru mihail baluta,1993-09-13,Romania,CM,NA,31.797399041752225,mls,eVq3ya6MWO,CM,ball_winning_midfielder,asa_live,0,Insufficient multi-season history for trend,blended,2025+2026 season to date,24,0.02,low,1.1940000000000002,0,7.5,8,1.2,1,1.434375,3.7374999999999994,0.65925,NA,0.88,NA,2026,768900,4,FALSE,TRUE
odMX8xmrMY,asa_odMX8xmrMY_mls_eval_blended,Sebastien Ibeagha,sebastien ibeagha,1992-01-21,USA,CB,NA,33.44284736481862,mls,mKAqBBmqbg,CB,progressive_center_back,asa_live,0.017927040538860087,2024→2025 g+/90 change (longer-term trend),blended,2025+2026 season to date,2014,1,high,0.03541039337601494,0,0.2711289315199671,11.34074360678715,1.86814872135743,1.5011115410180726,3.960405078459878,2.364180193578501,0.1398412172147646,NA,0.7315843773028741,NA,2026,793625,4,FALSE,TRUE
odMXE2rG5Y,asa_odMXE2rG5Y_mls_eval_blended,Puso Dithejane,puso dithejane,2004-07-24,South Africa,W,NA,21.935660506502394,mls,X0Oq66zq6D,W,transition_winger,asa_live,0,Insufficient multi-season history for trend,blended,2025+2026 season to date,670,0.21895424836601307,medium,0.2969194029850746,0,2.6865671641791047,8.313791044776119,1.2627582089552238,1.047068656716418,3.171268656716418,1.8686567164179104,0.26098656716417906,NA,0.88,NA,2026,283252,2,FALSE,TRUE
odMXE98x5Y,asa_odMXE98x5Y_mls_eval_blended,Owen Graham-Roache,owen grahamroache,2008-02-11,Canada,FW,NA,17.385352498288842,mls,APk5LGOMOW,FW,pressing_striker,asa_live,0.03527999999999998,2025→2026 YTD g+/90 change (short-term; 2026 incomplete),blended,2025+2026 season to date,127.5,0.025980392156862746,low,0.150399,0,0.51,8.72216,1.3444319999999998,1.1083239999999999,2.6759999999999997,-4.00004,-0.002987999999999983,NA,0.68,NA,2026,93915,2,FALSE,TRUE
odMXEANx5Y,asa_odMXEANx5Y_mls_eval_blended,Tahir Reid-Brown,tahir reidbrown,2006-07-02,USA,CB,NA,19.99726214921287,mls,jYQJ8EW5GR,CB,progressive_center_back,asa_live,0,Insufficient multi-season history for trend,blended,2025+2026 season to date,289,0.09444444444444444,low,0,0,0,10.67446366782007,1.7348927335640139,1.4011695501730104,3.362024221453287,2.6463667820069205,0.08831833910034602,NA,0.68,NA,2026,139508,2,FALSE,TRUE
odMXEZjr5Y,asa_odMXEZjr5Y_mls_eval_blended,Sam Williams,sam williams,2005-03-18,USA,CM,NA,20.28747433264887,mls,X0Oq66zq6D,CM,ball_winning_midfielder,asa_live,0.046863196125907995,2025→2026 YTD g+/90 change (short-term; 2026 incomplete),blended,2025+2026 season to date,300.9,0.06336601307189542,low,0.025494188861985474,0,0.40895883777239705,9.340847457627119,1.4681694915254235,1.201127118644068,2.8483302058111377,2.4189607748184017,0.046309140435835346,NA,0.68,NA,2026,99354,2,FALSE,TRUE
odMXGB1xQY,asa_odMXGB1xQY_mls_eval_blended,Nicolás Dubersarsky,nicolas dubersarsky,2004-12-21,Argentina,CM,NA,20.525667351129364,mls,gpMOLwl5zy,CM,ball_winning_midfielder,asa_live,-0.08030259023075408,2025→2026 YTD g+/90 change (short-term; 2026 incomplete),blended,2025+2026 season to date,742,0.3362745098039216,medium,0.023730303440343693,0,0.2222522918710463,11.000801732011773,1.8001603464023543,1.4501202598017657,3.0816092148438825,2.459367409762863,0.04215973749196577,NA,0.7770873786407768,NA,2026,347986,3,FALSE,TRUE
odMXGL8JQY,asa_odMXGL8JQY_mls_eval_blended,Logan Farrington,logan farrington,2001-12-14,USA,FW,NA,23.54551676933607,mls,mKAqBBmqbg,FW,pressing_striker,asa_live,0.027288947394028512,2024→2025 g+/90 change (longer-term trend),blended,2025+2026 season to date,1537,0.7204084967320261,high,0.3409895577993131,0,2.2937351249742437,9.555516722031317,1.5111033444062636,1.2333275083046977,2.3263715321689684,2.3676585171118614,0.2718364227129234,NA,0.68,NA,2026,417000,3,FALSE,TRUE
odMXGvVoQY,asa_odMXGvVoQY_mls_eval_blended,Javaun Mussenden,javaun mussenden,NA,USA,CM,NA,26,mls,19vQ2095K6,CM,ball_winning_midfielder,asa_live,0,Insufficient multi-season history for trend,blended,2025+2026 season to date,27,0.02,low,0,0,0,9.773333333333333,1.5546666666666666,1.266,2.4,2.12,0.08433333333333332,NA,0.88,NA,2026,NA,NA,FALSE,TRUE
odMXR02JqY,asa_odMXR02JqY_mls_eval_blended,DJ Taylor,dj taylor,1997-08-26,USA,FB,NA,27.8466803559206,mls,kRQand1MKZ,FB,overlapping_fullback,asa_live,-0.06743541797389167,2024→2025 g+/90 change (longer-term trend),blended,2025+2026 season to date,211.91895113230035,0.07447712418300653,low,0,0,0,7.3700498343547345,1.0740099668709469,0.9055074751532102,3.673494411231969,2.6330002909350276,5.765581447730213e-4,NA,0.6981883194278904,NA,2026,240117,2,FALSE,TRUE
odMXR6GGqY,asa_odMXR6GGqY_mls_eval_blended,Jonathan Dean,jonathan dean,1997-05-15,USA,FB,NA,28.128678986995208,mls,X0Oq66zq6D,FB,overlapping_fullback,asa_live,0.024827397156147596,2024→2025 g+/90 change (longer-term trend),blended,2025+2026 season to date,1651,0.7864869281045752,high,0.01679939099363274,0,0.09929451640122786,10.617488490997198,1.7234976981994397,1.3926232736495798,3.2331453862822652,2.4980250675311066,0.08715870159810978,NA,0.8204508719693748,NA,2026,210700,2,FALSE,TRUE
odMXRLKWqY,asa_odMXRLKWqY_mls_eval_blended,Claudio Bravo,claudio bravo,1997-03-13,Argentina,FB,NA,28.301163586584533,mls,WBLMvYAQxe,FB,overlapping_fullback,asa_live,0.09243059335873707,2024→2025 g+/90 change (longer-term trend),blended,2025+2026 season to date,369,0.042205882352941176,low,0.08187804878048781,0,0.7317073170731707,14.623414634146341,2.524682926829268,1.993512195121951,4.886585365853659,3.3273170731707316,0.262,NA,0.8800000000000001,NA,2026,556654,3,FALSE,TRUE
odMXRO3xqY,asa_odMXRO3xqY_mls_eval_blended,Lalas Abubakar,lalas abubakar,1994-12-25,Ghana,CB,NA,30.5160848733744,mls,mKAqBBmqbg,CB,progressive_center_back,asa_live,0.07252409362827458,2024→2025 g+/90 change (longer-term trend),blended,2025+2026 season to date,1416.4453524004086,0.3177614379084967,medium,0.05364598620500474,0,0.5356659459966722,10.934568410110556,1.786913682022111,1.440185261516583,3.999656117694193,2.282108374810959,0.11838951551485796,NA,0.8800000000000001,NA,2026,495000,3,FALSE,TRUE
odMXRxV2qY,asa_odMXRxV2qY_mls_eval_blended,Dénis Bouanga,denis bouanga,1994-11-11,Gabon,W,NA,30.636550308008214,mls,eVq3ya6MWO,W,transition_winger,asa_live,0.09322693123286474,2024→2025 g+/90 change (longer-term trend),blended,2025+2026 season to date,2421,1,high,0.5040618829259922,0,3.305827087086772,9.11407573935074,1.422815147870148,1.1671113609026111,2.7616357024422955,4.248779447528903,0.37053118921180855,NA,0.68,NA,2026,4939217,5,FALSE,TRUE
odMXRxZJqY,asa_odMXRxZJqY_mls_eval_blended,James Sands,james sands,2000-07-06,USA,CB,NA,25.984941820670773,mls,Vj58weDM8n,CB,progressive_center_back,asa_live,0,Insufficient multi-season history for trend,blended,2025+2026 season to date,1185,0.3872549019607843,medium,0.07070886075949367,0,0.5316455696202531,11.484556962025316,1.8969113924050633,1.5226835443037974,4.068417721518987,2.5610632911392406,0.14182025316455696,NA,0.88,NA,2026,1318750,4,FALSE,TRUE
odMXrvAqYL,asa_odMXrvAqYL_mls_eval_blended,Erik Sviatchenko,erik sviatchenko,1991-10-04,Denmark,CB,NA,33.74127310061601,mls,YgOMngl5wN,CB,progressive_center_back,asa_live,-0.05635247653379799,2024→2025 g+/90 change (longer-term trend),blended,2025+2026 season to date,715,0.35627450980392156,medium,0.06805589631348558,0,0.669743157006487,9.693989768472127,1.5387979536944254,1.2540984652708191,4.049254588365592,2.2516980644480777,0.10240695638415694,NA,0.68,NA,2026,925000,4,FALSE,TRUE
p6qb3zlDQ0,asa_p6qb3zlDQ0_mls_eval_blended,Nicolas Fleuriau Chateau,nicolas fleuriau chateau,2002-05-21,Canada,FB,NA,23.1129363449692,mls,lgpMOvnQzy,FB,overlapping_fullback,asa_live,0.42285999999999996,2024→2025 g+/90 change (longer-term trend),blended,2025+2026 season to date,18,0.02,low,1.5525,0,10,10.02,1.6039999999999999,1.303,2.025,2.72,0.4765,NA,0.68,NA,2026,80622,2,FALSE,TRUE
p6qbOD1bQ0,asa_p6qbOD1bQ0_mls_eval_blended,Eddie Segura,eddie segura,1997-02-02,Colombia,CB,NA,28.407939767282684,mls,eVq3ya6MWO,CB,progressive_center_back,asa_live,0.061836137932044996,2024→2025 g+/90 change (longer-term trend),blended,2025+2026 season to date,2262,1,high,0.04612989939100649,0,0.5274487720985328,9.899304381409564,1.5798608762819126,1.2848956572114345,4.227975517787042,2.6673690676917214,0.13851332359600366,NA,0.88,NA,2026,722500,4,FALSE,TRUE
p6qbON3aQ0,asa_p6qbON3aQ0_mls_eval_blended,Franco Negri,franco negri,1995-02-20,Argentina,FB,NA,30.360027378507873,mls,zeQZBOzQKw,FB,overlapping_fullback,asa_live,-0.03871096047685703,2024→2025 g+/90 change (longer-term trend),blended,2025+2026 season to date,863,0.3816503267973856,medium,0.022628150404040627,0,0.6807318787723864,10.86062323845118,1.7721246476902364,1.4290934857676771,4.056479910355208,2.4957492766493825,0.11766014530918417,NA,0.8800000000000001,NA,2026,115605,2,FALSE,TRUE
p6qbONo3Q0,asa_p6qbONo3Q0_mls_eval_blended,Aiden O'Neill,aiden oneill,1998-07-04,Australia,CM,NA,26.99247091033539,mls,Vj58weDM8n,CM,ball_winning_midfielder,asa_live,0.028074771990926756,2025→2026 YTD g+/90 change (short-term; 2026 incomplete),blended,2025+2026 season to date,1201,0.6289052287581699,high,0.02147156374041926,0,0.5871785455519936,10.47575647680657,1.6951512953613137,1.3713634715209855,3.0395105814753367,2.9275619966269377,0.09006343617178034,NA,0.8800000000000001,NA,2026,630938,3,FALSE,TRUE
p6qbOeRXQ0,asa_p6qbOeRXQ0_mls_eval_blended,Jordan Morris,jordan morris,1994-10-26,USA,FW,NA,30.680355920602327,mls,jYQJ19EqGR,FW,pressing_striker,asa_live,-0.03483395726550753,2024→2025 g+/90 change (longer-term trend),blended,2025+2026 season to date,1042,0.47526143790849673,high,0.39544989756714666,0,1.915367656948378,8.550767671372796,1.310153534274559,1.0826151507059194,2.07641183854789,2.8093062635107082,0.3278402963632926,NA,0.68,NA,2026,2372500,5,FALSE,TRUE
p6qbOkywQ0,asa_p6qbOkywQ0_mls_eval_blended,Pablo Ruiz,pablo ruiz,1998-12-20,Argentina,CM,NA,26.529774127310063,mls,a2lqR4JMr0,CM,ball_winning_midfielder,asa_live,-0.00790044008588528,2024→2025 g+/90 change (longer-term trend),blended,2025+2026 season to date,692.8362573099415,0.3731699346405229,medium,0.05792901150586956,0,1.5014965404648994,9.629748503459535,1.525949700691907,1.2444622755189303,4.673783089092747,2.4838087926611214,0.139062436834331,NA,0.88,NA,2026,911500,4,FALSE,TRUE
p6qbOn3DQ0,asa_p6qbOn3DQ0_mls_eval_blended,Jonathan Bamba,jonathan bamba,1996-03-26,France,W,NA,29.26488706365503,mls,X0Oq66zq6D,W,transition_winger,asa_live,0.10413677674214458,2025→2026 YTD g+/90 change (short-term; 2026 incomplete),blended,2025+2026 season to date,1386,0.7981372549019609,high,0.26658404034088856,0,2.323098799342011,9.745557984785439,1.5491115969570877,1.261833697717816,3.411929239519737,4.067701785452196,0.2920742534248012,NA,0.8799999999999999,NA,2026,5581806,5,FALSE,TRUE
p6qbOnb8Q0,asa_p6qbOnb8Q0_mls_eval_blended,Saba Lobjanidze,saba lobjanidze,1994-12-18,Georgia,W,NA,30.535249828884325,mls,KAqBN0Vqbg,W,transition_winger,asa_live,-0.17262143317918394,2024→2025 g+/90 change (longer-term trend),blended,2025+2026 season to date,1228,0.6461928104575163,high,0.24587912927026384,0,2.3071416389363173,8.341174394018385,1.2682348788036768,1.0511761591027577,2.4835201356736007,3.1607020316639565,0.17594954126217824,NA,0.68,NA,2026,998750,4,FALSE,TRUE
p6qbOpVDQ0,asa_p6qbOpVDQ0_mls_eval_blended,Lucas Halter,lucas halter,2000-05-02,Brazil,CB,NA,26.16290212183436,mls,YgOMngl5wN,CB,progressive_center_back,asa_live,0,Insufficient multi-season history for trend,blended,2025+2026 season to date,1459,0.47679738562091506,medium,0.055862919808087726,0,0.5551747772446881,10.849897189856065,1.7699794379712133,1.4274845784784098,4.091381082933516,2.4447292666209735,0.15262988348183687,NA,0.88,NA,2026,1416921,4,FALSE,TRUE
p6qbPXRpM0,asa_p6qbPXRpM0_mls_eval_blended,Alex Harris,alex harris,2005-02-16,USA,W,NA,20.369609856262834,mls,pzeQZ6xQKw,W,transition_winger,asa_live,0.32053246753246756,2025→2026 YTD g+/90 change (short-term; 2026 incomplete),blended,2025+2026 season to date,231,0.08303921568627451,low,0.10485821697099892,0,0.5800214822771214,8.788419099697297,1.357683819939459,1.1182628649545943,-0.2749389708036325,3.284071867981642,-0.013469387755102022,NA,0.7030007518796992,NA,2026,90025,2,FALSE,TRUE
p6qbPrmDM0,asa_p6qbPrmDM0_mls_eval_blended,Charles-Emile Brunet,charlesemile brunet,2003-11-26,Canada,CM,NA,22.595482546201232,mls,vzqoOgNqap,CM,ball_winning_midfielder,asa_live,0,Insufficient multi-season history for trend,blended,2025+2026 season to date,80,0.026143790849673203,low,0,0,0,10.736,1.7471999999999999,1.4104,2.0325,3.004,0.057487500000000004,NA,0.8800000000000001,NA,2026,88025,2,FALSE,TRUE
p6qbeZ1p50,asa_p6qbeZ1p50_mls_eval_blended,Robin Lod,robin lod,1993-04-17,Finland,CM,NA,32.205338809034906,mls,kRQand1MKZ,CM,ball_winning_midfielder,asa_live,-0.07239307122573257,2024→2025 g+/90 change (longer-term trend),blended,2025+2026 season to date,1652,0.889297385620915,high,0.2210752571896189,0,1.183782023447677,9.624016166204616,1.5248032332409234,1.2436024249306923,2.536507565382945,2.849018420788938,0.18625864466081032,NA,0.7395238095238096,NA,2026,866667,4,FALSE,TRUE
p6qbekPD50,asa_p6qbekPD50_mls_eval_blended,Tyler Boyd,tyler boyd,1994-12-30,USA,W,NA,30.50239561943874,mls,vzqoOgNqap,W,transition_winger,asa_live,-0.1840175240380869,2024→2025 g+/90 change (longer-term trend),blended,2025+2026 season to date,967,0.33957516339869276,medium,0.10019321378442757,0,1.371220901450778,9.022245182031556,1.404449036406311,1.1533367773047332,2.587053366025824,1.9742971793990716,0.12110711061671162,NA,0.68,NA,2026,1435000,4,FALSE,TRUE
p6qbgGEpQ0,asa_p6qbgGEpQ0_mls_eval_blended,Kerwin Vargas,kerwin vargas,2002-01-02,Colombia,W,NA,23.49349760438056,mls,NPqxKXZ59d,W,transition_winger,asa_live,0.061582120236816834,2024→2025 g+/90 change (longer-term trend),blended,2025+2026 season to date,1095,0.6111928104575164,high,0.22255667800574708,0,1.8477964247313519,10.21871026239177,1.6437420524783541,1.3328065393587656,2.9309761564918855,3.3580518747209767,0.21717360991467397,NA,0.8800000000000001,NA,2026,733750,4,FALSE,TRUE
p6qbgLbaQ0,asa_p6qbgLbaQ0_mls_eval_blended,Anass Zaroury,anass zaroury,2000-11-07,Morocco,FB,NA,25.645448323066393,mls,mvzqoLZQap,FB,overlapping_fullback,asa_live,0,Insufficient multi-season history for trend,blended,2025+2026 season to date,180,0.058823529411764705,low,0.06715,0,3,8.778,1.3556,1.1167,2.0325,2.752,0.09309999999999999,NA,0.68,NA,2026,NA,NA,FALSE,TRUE
p6qbgNaBQ0,asa_p6qbgNaBQ0_mls_eval_blended,Baltasar Rodríguez,baltasar rodriguez,2003-07-09,Argentina,W,NA,21.97946611909651,mls,zeQZkL1MKw,W,transition_winger,asa_live,0,Insufficient multi-season history for trend,blended,2025+2026 season to date,1109,0.12684640522875817,low,0.20437871956717765,0,1.5419296663660955,11.260450856627592,1.8520901713255185,1.4890676284941389,2.8307935076645627,2.577908025247971,0.1620649233543733,NA,0.88,NA,2026,440000,3,FALSE,TRUE
p6qbgzx4Q0,asa_p6qbgzx4Q0_mls_eval_blended,Jasper Löeffelsend,jasper loeffelsend,1997-09-10,NA,FB,NA,27.805612594113622,mls,zeQZBOzQKw,FB,overlapping_fullback,asa_live,0.015595289764954605,2024→2025 g+/90 change (longer-term trend),blended,2025+2026 season to date,680,0.07777777777777777,low,0.02064705882352941,0,0.39705882352941174,9.787823529411765,1.557564705882353,1.2681735294117646,1.747279411764706,2.5193235294117646,0.04284264705882353,NA,0.88,NA,2026,280833,2,FALSE,TRUE
p6qboAn8Q0,asa_p6qboAn8Q0_mls_eval_blended,Luca Orellano,luca orellano,2000-03-22,Argentina,FB,NA,25.27583846680356,mls,NWMWlBK5lz,FB,overlapping_fullback,asa_live,-0.07309045815399551,2024→2025 g+/90 change (longer-term trend),blended,2025+2026 season to date,2192,0.250718954248366,medium,0.13703649635036497,0,2.4224452554744524,9.528029197080292,1.5056058394160583,1.2292043795620438,3.0576870437956205,4.222892335766423,0.22307846715328467,NA,0.68,NA,2026,943950,4,FALSE,TRUE
p6qboGWbQ0,asa_p6qboGWbQ0_mls_eval_blended,Carlos Harvey,carlos harvey,2000-02-03,Panama,CB,NA,25.4072553045859,mls,kRQand1MKZ,CB,progressive_center_back,asa_live,-0.03136669715733181,2024→2025 g+/90 change (longer-term trend),blended,2025+2026 season to date,1108.3333333333333,0.3563398692810458,medium,0.06389896861293859,0,0.8640008223684209,9.849867050438597,1.5699734100877192,1.2774800575657894,3.5900077953673244,2.290575315241228,0.10405386513157894,NA,0.8015277777777778,NA,2026,317063,3,FALSE,TRUE
p6qboxxaQ0,asa_p6qboxxaQ0_mls_eval_blended,Giuliano Galoppo,giuliano galoppo,1999-06-18,Argentina,CM,NA,27.0362765229295,mls,KAqBN0Vqbg,CM,ball_winning_midfielder,asa_live,0,Insufficient multi-season history for trend,blended,2025+2026 season to date,160,0.05228758169934641,low,0.54669375,0,1.6875,7.4239999999999995,1.0848,0.9136,3.37125,2.305375,0.23900625,NA,0.8800000000000001,NA,2026,NA,NA,FALSE,TRUE
raMy4ylQd2,asa_raMy4ylQd2_mls_eval_blended,Omar González,omar gonzalez,1988-10-11,USA,CB,NA,36.720054757015745,mls,X0Oq66zq6D,CB,progressive_center_back,asa_live,-0.1393797027886497,2024→2025 g+/90 change (longer-term trend),blended,2025+2026 season to date,511,0.05844771241830065,low,0,0,0,7.8957338551859095,1.179146771037182,0.9843600782778865,4.192367906066536,2.697260273972603,0.006992172211350286,NA,0.68,NA,2026,123333,2,FALSE,TRUE
raMyA6KRMd,asa_raMyA6KRMd_mls_eval_blended,Jon Gallagher,jon gallagher,1996-02-23,Republic of Ireland,FB,NA,29.352498288843258,mls,gpMOLwl5zy,FB,overlapping_fullback,asa_live,-0.00604272977891443,2024→2025 g+/90 change (longer-term trend),blended,2025+2026 season to date,2281,1,high,0.04665497075181443,0,0.5586885755708904,9.196631887504985,1.4393263775009968,1.1794947831257478,3.1244698541406013,2.3461752184435616,0.08949550011301906,NA,0.7269641060046964,NA,2026,400000,3,FALSE,TRUE
raMyAExNMd,asa_raMyAExNMd_mls_eval_blended,Nick Fernandez,nick fernandez,2001-12-22,USA,CM,NA,23.523613963039015,mls,0KPqjA456v,CM,ball_winning_midfielder,asa_live,0.06961784358628477,2025→2026 YTD g+/90 change (short-term; 2026 incomplete),blended,2025+2026 season to date,753,0.2606045751633987,medium,0.1031612032666598,0,1.8294487105147645,9.681028770233727,1.5362057540467453,1.2521543155350594,3.5946805685765533,2.5349092564392977,0.1467715343221464,NA,0.68,NA,2026,115304,2,FALSE,TRUE
raMyAGEBMd,asa_raMyAGEBMd_mls_eval_blended,Fafa Picault,fafa picault,1991-02-23,USA,W,NA,34.351813826146476,mls,zeQZkL1MKw,W,transition_winger,asa_live,0.01000790013869618,2024→2025 g+/90 change (longer-term trend),blended,2025+2026 season to date,847,0.37687908496732025,medium,0.33594608920491276,0,1.5126050420168067,9.24931868131868,1.449863736263736,1.1873978021978022,2.4946153846153845,1.7585908209437622,0.17113846153846152,NA,0.68,NA,2026,142250,2,FALSE,TRUE
raMyAWZAMd,asa_raMyAWZAMd_mls_eval_blended,Kévin Denkey,kevin denkey,2000-11-30,Togo,FW,NA,24.583162217659137,mls,NWMWlBK5lz,FW,pressing_striker,asa_live,0.09934280962684389,2025→2026 YTD g+/90 change (short-term; 2026 incomplete),blended,2025+2026 season to date,2174,1,high,0.5791288676961569,0,2.506991558436283,8.972597831970715,1.394519566394143,1.145889674795607,1.327565349932392,2.959853810519351,0.27933228826119744,NA,0.7287125956854559,NA,2026,3810000,5,FALSE,TRUE
raMyAWvJMd,asa_raMyAWvJMd_mls_eval_blended,Maurice Malone,maurice malone,2000-08-17,Germany,FW,NA,25.869952087611225,mls,kRQand1MKZ,FW,pressing_striker,asa_live,0,Insufficient multi-season history for trend,blended,2025+2026 season to date,90,0.029411764705882353,low,0.7819999999999999,0,2,8.104,1.2207999999999999,1.0156,-2.4699999999999998,0.3999999999999999,0.1642,NA,0.8744999999999999,NA,2026,NA,NA,FALSE,TRUE
raMyAZR2Md,asa_raMyAZR2Md_mls_eval_blended,Cristian Roldan,cristian roldan,1995-06-03,USA,CM,NA,30.078028747433265,mls,jYQJ19EqGR,CM,ball_winning_midfielder,asa_live,-5.279205798992548e-4,2024→2025 g+/90 change (longer-term trend),blended,2025+2026 season to date,1581,0.8905718954248365,high,0.08595286544558109,0,1.332814508081376,9.40399212562205,1.48079842512441,1.2105988188433074,3.748150183012635,2.7974723697390322,0.16647976065195494,NA,0.8799999999999999,NA,2026,1766000,5,FALSE,TRUE
raMyAywlMd,asa_raMyAywlMd_mls_eval_blended,Miguel Almirón,miguel almiron,1994-02-10,Paraguay,W,NA,31.38672142368241,mls,KAqBN0Vqbg,W,transition_winger,asa_live,0.08168388594164455,2025→2026 YTD g+/90 change (short-term; 2026 incomplete),blended,2025+2026 season to date,1890,0.9626143790849673,high,0.39947246090349536,0,2.390125252194218,9.970005366488126,1.5940010732976249,1.2955008049732188,3.824742416251037,3.8348176213348624,0.3350232740698258,NA,0.88,NA,2026,7871000,5,FALSE,TRUE
raMyZWeR5d,asa_raMyZWeR5d_mls_eval_blended,Sebastian Schonlau,sebastian schonlau,1994-08-05,Germany,CB,NA,31.904175222450377,mls,lgpMOvnQzy,CB,progressive_center_back,asa_live,0,Insufficient multi-season history for trend,blended,2025+2026 season to date,29,0.02,low,0.24610344827586206,0,3.103448275862069,8.94344827586207,1.3886896551724137,1.1415172413793102,5.630172413793104,2.5620689655172413,0.2433103448275862,NA,0.88,NA,2026,776833,4,FALSE,TRUE
raMyZX9N5d,asa_raMyZX9N5d_mls_eval_blended,Anton Salétros,anton saletros,1996-04-12,Sweden,CM,NA,30.217659137577,mls,X0Oq66zq6D,CM,ball_winning_midfielder,asa_live,0,Insufficient multi-season history for trend,blended,2025+2026 season to date,1991,0.65065359477124185,medium,0.05973179306880964,0,0.9492717227523857,9.503465595178302,1.5006931190356605,1.2255198392767452,4.276092415871421,2.7936413862380713,0.13768056253139124,NA,0.88,NA,2026,750000,4,FALSE,TRUE
raMye2peMd,asa_raMye2peMd_mls_eval_blended,André Luiz,andre luiz,2002-02-23,Brazil,W,NA,24.35044490075291,mls,Z2vQ1xlqrA,W,transition_winger,asa_live,0,Insufficient multi-season history for trend,blended,2025+2026 season to date,357,0.11666666666666667,low,0.32543697478991596,0,4.7899159663865545,9.59327731092437,1.5186554621848738,1.2389915966386555,2.1945378151260506,5.0805042016806725,0.3195882352941177,NA,0.68,NA,2026,NA,NA,FALSE,TRUE
raMyeRERMd,asa_raMyeRERMd_mls_eval_blended,Tate Johnson,tate johnson,2005-07-10,USA,FB,NA,19.975359342915812,mls,lgpMOvnQzy,FB,overlapping_fullback,asa_live,0.024070303141479676,2025→2026 YTD g+/90 change (short-term; 2026 incomplete),blended,2025+2026 season to date,2237,1,high,0.00744742378799409,0,0.2215855678409956,10.472368015171185,1.6944736030342367,1.3708552022756777,4.537557227677645,2.817440676517627,0.16025015769404508,NA,0.8800000000000001,NA,2026,89025,2,FALSE,TRUE
raMyeZ2NMd,asa_raMyeZ2NMd_mls_eval_blended,Pablo Ortíz,pablo ortiz,2000-06-08,Colombia,CB,NA,25.062286105407257,mls,YgOMngl5wN,CB,progressive_center_back,asa_live,0,Insufficient multi-season history for trend,blended,2025+2026 season to date,1622,0.18552287581699345,medium,0.029269420468557333,0,0.2219482120838471,8.640098643649814,1.3280197287299629,1.0960147965474722,3.920530209617756,2.5801233045622687,0.06898150431565968,NA,0.8799999999999999,NA,2026,443400,3,FALSE,TRUE
raMyedmkMd,asa_raMyedmkMd_mls_eval_blended,Griffin Dillon,griffin dillon,2003-04-25,USA,CM,NA,23.184120465434635,mls,a2lqR4JMr0,CM,ball_winning_midfielder,asa_live,0,Insufficient multi-season history for trend,blended,2025+2026 season to date,436,0.14248366013071895,low,0.05325688073394495,0,0.8256880733944955,8.996605504587157,1.3993211009174311,1.1494908256880734,3.680160550458716,2.0264678899082567,0.07732568807339449,NA,0.88,NA,2026,92668,2,FALSE,TRUE
raMyeeOAMd,asa_raMyeeOAMd_mls_eval_blended,Tomás Ángel,tomas angel,2003-02-20,Colombia,FW,NA,22.360027378507873,mls,zeQZBOzQKw,FW,pressing_striker,asa_live,-0.32360712886799853,2024→2025 g+/90 change (longer-term trend),blended,2025+2026 season to date,851,0.09733660130718953,low,0.18129024676850763,0,1.3748531139835487,9.073231492361927,1.414646298472385,1.160984723854289,2.2713278495887192,1.1001880141010576,0.10572620446533489,NA,0.68,NA,2026,443750,3,FALSE,TRUE
raMyekYkMd,asa_raMyekYkMd_mls_eval_blended,Miguel Perez,miguel perez,2005-04-28,USA,CM,NA,21.17453798767967,mls,wvq9B9wQWn,CM,ball_winning_midfielder,asa_live,0,Insufficient multi-season history for trend,blended,2025+2026 season to date,326,0.1065359477124183,low,0.10140184049079755,0,1.3803680981595092,8.214233128834357,1.242846625766871,1.0321349693251534,4.118788343558283,3.360245398773006,0.14609815950920246,NA,0.88,NA,2026,113400,2,FALSE,TRUE
raMyeneJMd,asa_raMyeneJMd_mls_eval_blended,Ryan Sailor,ryan sailor,1998-11-27,USA,CB,NA,26.5927446954141,mls,zeQZkL1MKw,CB,progressive_center_back,asa_live,0.14909743589743593,2024→2025 g+/90 change (longer-term trend),blended,2025+2026 season to date,96,0.04372549019607844,low,0.060775,0,1.4166666666666667,9.565833333333332,1.5131666666666665,1.2348750000000002,5.112708333333334,0.014781250000000412,0.12191197916666668,NA,0.88,NA,2026,113400,2,FALSE,TRUE
raMyoAOeqd,asa_raMyoAOeqd_mls_eval_blended,Mauricio Gonzalez,mauricio gonzalez,2004-09-15,Colombia,W,NA,21.790554414784395,mls,kRQand1MKZ,W,transition_winger,asa_live,0,Insufficient multi-season history for trend,blended,2025+2026 season to date,260,0.08496732026143791,low,0.4433538461538461,0,3.4615384615384617,8.635538461538461,1.3271076923076923,1.0953307692307692,2.2800000000000002,4.102,0.36387692307692304,NA,0.68,NA,2026,240000,2,FALSE,TRUE
raMyoLlNqd,asa_raMyoLlNqd_mls_eval_blended,Lucas Herrington,lucas herrington,2007-07-05,Australia,CB,NA,18.989733059548254,mls,pzeQZ6xQKw,CB,progressive_center_back,asa_live,0,Insufficient multi-season history for trend,blended,2025+2026 season to date,1750,0.5718954248366013,medium,0.029864571428571428,0,0.15428571428571428,10.105485714285715,1.6210971428571428,1.3158228571428572,4.862228571428571,2.6608685714285714,0.15315428571428574,NA,0.88,NA,2026,235004,2,FALSE,TRUE
raMyob1lqd,asa_raMyob1lqd_mls_eval_blended,Sydney Wathuta,sydney wathuta,NA,Canada,W,NA,26,mls,pzeQZ6xQKw,W,transition_winger,asa_live,0,Insufficient multi-season history for trend,blended,2025+2026 season to date,7,0.02,low,0,0,0,8,1.2,1,1.2000000000000004,7.617142857142857,0.28157142857142864,NA,0.8797,NA,2026,NA,NA,FALSE,TRUE
raMyr4Ne5d,asa_raMyr4Ne5d_mls_eval_blended,David Brekalo,david brekalo,1998-12-03,Slovenia,FB,NA,26.576317590691307,mls,jYQJ8EW5GR,FB,overlapping_fullback,asa_live,0.02611916127114164,2024→2025 g+/90 change (longer-term trend),blended,2025+2026 season to date,2022,0.982875816993464,high,0.06099588475218756,0,0.5361146132522877,10.646441703960992,1.7292883407921982,1.3969662555941489,3.7833229791137866,2.7827543145915437,0.15984002874306996,NA,0.88,NA,2026,683000,3,FALSE,TRUE
raMyrEDR5d,asa_raMyrEDR5d_mls_eval_blended,Patrickson Delgado,patrickson delgado,2003-10-17,Ecuador,W,NA,21.7056810403833,mls,mKAqBBmqbg,W,transition_winger,asa_live,0.06706484094407386,2024→2025 g+/90 change (longer-term trend),blended,2025+2026 season to date,910.747663551402,0.4837091503267974,medium,0.13685497715099526,0,1.6594008361413644,10.921113658642515,1.7842227317285029,1.4381670487963771,2.835836348584499,2.5027386541042236,0.1574111406280719,NA,0.7734579439252337,NA,2026,286280,2,FALSE,TRUE
raMyrW2A5d,asa_raMyrW2A5d_mls_eval_blended,Matheus Pereira,matheus pereira,2000-12-21,Brazil,FB,NA,25.52498288843258,mls,kRQabn8MKZ,FB,overlapping_fullback,asa_live,0,Insufficient multi-season history for trend,blended,2025+2026 season to date,629,0.20555555555555555,medium,0.021505564387917328,0,0.7154213036565977,7.7865182829888715,1.1573036565977741,0.9679777424483306,4.190103338632751,2.5145945945945947,0.06538950715421304,NA,0.88,NA,2026,650800,3,FALSE,TRUE
raMyrrNJ5d,asa_raMyrrNJ5d_mls_eval_blended,Bode Hidalgo,bode hidalgo,2002-02-22,USA,FB,NA,23.353867214236825,mls,"c(""APk5LGOMOW"", ""a2lqR4JMr0"")",FB,overlapping_fullback,asa_live,-0.04105791031990266,2024→2025 g+/90 change (longer-term trend),blended,2025+2026 season to date,953.7148594377511,0.25194444444444447,medium,0.03395768482922109,0,0.5098729479450596,10.179553231348386,1.635910646269677,1.3269329847022577,3.876537487459048,2.6433269703722777,0.11272102082783958,NA,0.8800000000000001,NA,2026,320800,3,FALSE,TRUE
raMyrwkR5d,asa_raMyrwkR5d_mls_eval_blended,Boris Enow,boris enow,2000-03-30,Cameroon,CM,NA,25.253935660506503,mls,EKXMeX3Q64,CM,ball_winning_midfielder,asa_live,-0.00784003414506021,2024→2025 g+/90 change (longer-term trend),blended,2025+2026 season to date,1838,0.21022875816993464,medium,0.02602557127312296,0,0.44069640914036995,10.396213275299239,1.6792426550598476,1.3594319912948858,3.1994151251360172,2.530848748639826,0.07877203482045703,NA,0.68,NA,2026,613900,3,FALSE,TRUE
raMyyJaAMd,asa_raMyyJaAMd_mls_eval_blended,Paul Marie,paul marie,1995-03-24,France,W,NA,30.272416153319643,mls,0KPqjA456v,W,transition_winger,asa_live,0.2597183474420316,2024→2025 g+/90 change (longer-term trend),blended,2025+2026 season to date,616,0.21434640522875817,medium,0.3392700767877139,0,2.090065589505679,8.858664213725802,1.3717328427451607,1.1287996320588705,3.982204847224444,2.978910574308111,0.3176832506798912,NA,0.68,NA,2026,382500,3,FALSE,TRUE
vzqo70PBqa,asa_vzqo70PBqa_mls_eval_blended,Amar Sejdić,amar sejdic,1996-11-29,USA,CM,NA,28.58590006844627,mls,mvzqoLZQap,CM,ball_winning_midfielder,asa_live,-0.034953388648724035,2024→2025 g+/90 change (longer-term trend),blended,2025+2026 season to date,321.33620689655174,0.12323529411764707,low,0.02493376639145216,0,0.7690322972316659,9.853543589120932,1.5707087178241863,1.2780315383681398,3.752700036425449,2.635908814958717,0.12067350655658085,NA,0.8799999999999999,NA,2026,214550,2,FALSE,TRUE
vzqo78BJqa,asa_vzqo78BJqa_mls_eval_blended,Omir Fernández,omir fernandez,1999-02-08,USA,W,NA,26.392881587953458,mls,"c(""WBLMvYAQxe"", ""pzeQZ6xQKw"")",W,transition_winger,asa_live,0.09792107726344451,2024→2025 g+/90 change (longer-term trend),blended,2025+2026 season to date,681.9672131147541,0.14549019607843136,low,0.1875752567105026,0,1.291490272023059,11.369519906323186,1.8739039812646372,1.5054279859484778,2.5328240407133853,3.354199468564223,0.265288213835345,NA,0.8439344262295082,NA,2026,686875,3,FALSE,TRUE
vzqo7Azvqa,asa_vzqo7Azvqa_mls_eval_blended,Emir Karic,emir karic,1997-06-09,Austria,FB,NA,29.059548254620122,mls,Z2vQ1xlqrA,FB,overlapping_fullback,asa_live,0,Insufficient multi-season history for trend,blended,2025+2026 season to date,1093,0.35718954248366014,medium,0.004257090576395243,0,0.24702653247941445,9.682415370539799,1.5364830741079598,1.2523623055809698,3.8973238792314726,2.488142726440988,0.08085178408051234,NA,0.88,NA,2026,NA,NA,FALSE,TRUE
vzqo7EpLqa,asa_vzqo7EpLqa_mls_eval_blended,Anthony Markanich,anthony markanich,1999-12-26,USA,FB,NA,25.51403148528405,mls,kRQand1MKZ,FB,overlapping_fullback,asa_live,0.10475355654378021,2024→2025 g+/90 change (longer-term trend),blended,2025+2026 season to date,2468,1,high,0.248024673756679,0,1.6415386914770393,10.087234381422112,1.6174468762844225,1.3130851572133169,3.1868020331240894,2.5984396134588796,0.22827468426559056,NA,0.7241919191919193,NA,2026,395700,3,FALSE,TRUE
vzqo7XWpqa,asa_vzqo7XWpqa_mls_eval_blended,Jackson Ragen,jackson ragen,1998-09-24,USA,CB,NA,26.767967145790553,mls,jYQJ19EqGR,CB,progressive_center_back,asa_live,0.10287728695446763,2024→2025 g+/90 change (longer-term trend),blended,2025+2026 season to date,1803,0.8726470588235294,high,0.04551993201378684,0,0.5736844600039275,12.232558624565774,2.046511724913155,1.6348837936848661,5.748491979116585,2.80001665797653,0.26078021628283343,NA,0.8799999999999999,NA,2026,635000,3,FALSE,TRUE
vzqo7YOpqa,asa_vzqo7YOpqa_mls_eval_blended,Cengiz Ünder,cengiz under,1997-07-14,Turkey,W,NA,27.964407939767284,mls,eVq3ya6MWO,W,transition_winger,asa_live,0,Insufficient multi-season history for trend,blended,2025+2026 season to date,528,0.06039215686274509,low,0.3296590909090909,0,2.727272727272727,9.925454545454546,1.5850909090909089,1.2888181818181819,3.0311079545454547,4.0525,0.2597556818181818,NA,0.68,NA,2026,1663889.4,5,FALSE,TRUE
vzqo7jLvqa,asa_vzqo7jLvqa_mls_eval_blended,Nouhou,nouhou,1997-06-23,Cameroon,FB,NA,28.021902806297057,mls,jYQJ19EqGR,FB,overlapping_fullback,asa_live,0.041681503470953576,2024→2025 g+/90 change (longer-term trend),blended,2025+2026 season to date,2468,1,high,0.022655673583662713,0,0.4349884716732543,12.945542654808959,2.189108530961792,1.741831398221344,3.7977030838274044,2.6972146739130434,0.17869011445981553,NA,0.88,NA,2026,835000,4,FALSE,TRUE
vzqo7joZqa,asa_vzqo7joZqa_mls_eval_blended,Teenage Hadebe,teenage hadebe,1995-09-17,Zimbabwe,CB,NA,29.78781656399726,mls,NWMWlBK5lz,CB,progressive_center_back,asa_live,-0.013340193271295653,2024→2025 g+/90 change (longer-term trend),blended,2025+2026 season to date,814.0172278778386,0.35841503267973857,medium,0.06597954486129898,0,0.4520538193208514,13.341557153366082,2.2683114306732164,1.801233573004912,4.39141868963717,2.2627536128710757,0.21173346622054534,NA,0.88,NA,2026,1230000,4,FALSE,TRUE
vzqo7mXJqa,asa_vzqo7mXJqa_mls_eval_blended,Iván Angulo,ivan angulo,1999-03-22,Colombia,W,NA,26.27789185489391,mls,jYQJ8EW5GR,W,transition_winger,asa_live,0.03955969036819587,2024→2025 g+/90 change (longer-term trend),blended,2025+2026 season to date,2686,1,high,0.14467875801284621,0,0.7842038384678023,9.31829626578111,1.4636592531562218,1.1977444398671664,3.79225223814392,2.8538914995667373,0.16216900077304575,NA,0.8799999999999999,NA,2026,582656,3,FALSE,TRUE
vzqo7o4kqa,asa_vzqo7o4kqa_mls_eval_blended,Milan Iloski,milan iloski,1999-07-29,USA,W,NA,25.924709103353866,mls,"c(""9z5k7Yg5A3"", ""zeQZBOzQKw"")",W,transition_winger,asa_live,-0.07361030493405346,2025→2026 YTD g+/90 change (short-term; 2026 incomplete),blended,2025+2026 season to date,2417,0.9640686274509804,high,0.5536845437649339,0,3.8608389677179624,8.506187562286835,1.3012375124573667,1.0759281343430251,2.498990613607078,2.959706773963803,0.3088951154482724,NA,0.8350850176451716,NA,2026,628194,3,FALSE,TRUE
vzqo7zWLqa,asa_vzqo7zWLqa_mls_eval_blended,Hugo Cuypers,hugo cuypers,1997-02-07,Belgium,FW,NA,28.39425051334702,mls,X0Oq66zq6D,FW,pressing_striker,asa_live,0.13017469237712812,2024→2025 g+/90 change (longer-term trend),blended,2025+2026 season to date,1306.5395095367846,0.7626633986928104,high,0.7531324370015314,0,2.8539947095208733,11.012602637283956,1.802520527456791,1.4518903955925935,2.015987589251974,2.1874059547723697,0.3898196264842181,NA,0.68,NA,2026,3528044,5,FALSE,TRUE
vzqo7zdZqa,asa_vzqo7zdZqa_mls_eval_blended,Oliver Larraz,oliver larraz,2001-09-16,USA,CM,NA,23.789185489390828,mls,pzeQZ6xQKw,CM,ball_winning_midfielder,asa_live,0.0018322179395857396,2024→2025 g+/90 change (longer-term trend),blended,2025+2026 season to date,1270,0.6961764705882354,high,0.0523177929313998,0,0.9911735429324324,9.958915630304856,1.5917831260609716,1.2938373445457285,3.8664537529996323,2.4697797639944983,0.1258225522793076,NA,0.8799999999999999,NA,2026,496667,3,FALSE,TRUE
vzqoG6aLqa,asa_vzqoG6aLqa_mls_eval_blended,Juan Manuel Sanabria,juan manuel sanabria,2000-03-29,Uruguay,FB,NA,26.255989048596852,mls,a2lqR4JMr0,FB,overlapping_fullback,asa_live,0,Insufficient multi-season history for trend,blended,2025+2026 season to date,1967,0.6428104575163399,medium,0.04539806812404677,0,0.9150991357397051,9.891692933401119,1.5783385866802235,1.2837539400101678,4.021936959837316,2.503385866802237,0.13995983731570918,NA,0.88,NA,2026,500000,3,FALSE,TRUE
vzqoJ3pj5a,asa_vzqoJ3pj5a_mls_eval_blended,Julian Hall,julian hall,2008-03-24,USA,W,NA,17.270362765229294,mls,a2lqRX2Mr0,W,transition_winger,asa_live,-0.06553671332307306,2024→2025 g+/90 change (longer-term trend),blended,2025+2026 season to date,2430,0.888937908496732,medium,0.43229162237886204,0,1.8549274116781063,8.695841928186313,1.3391683856372627,1.104376289227947,1.611375304940322,2.9294310786697855,0.2520082099762214,NA,0.68,NA,2026,257241,2,FALSE,TRUE
vzqoJLyY5a,asa_vzqoJLyY5a_mls_eval_blended,Tarik Scott,tarik scott,2005-04-23,USA,W,NA,20.188911704312115,mls,mKAqBBmqbg,W,transition_winger,asa_live,-0.1476607142857143,2024→2025 g+/90 change (longer-term trend),blended,2025+2026 season to date,63,0.02,low,0.18314285714285714,0,1.4285714285714286,7.765714285714286,1.153142857142857,0.9648571428571429,2.1464285714285714,2.9114285714285715,0.2297142857142857,NA,0.68,NA,2026,155942,2,FALSE,TRUE
vzqoJNWB5a,asa_vzqoJNWB5a_mls_eval_blended,Enes Sali,enes sali,2006-02-23,Romania,W,NA,19.351129363449694,mls,mKAqBBmqbg,W,transition_winger,asa_live,0,Insufficient multi-season history for trend,blended,2025+2026 season to date,17,0.02,low,0,0,0,6.284705882352942,0.8569411764705882,0.7427058823529412,5.051470588235294,2.32,0.040235294117647064,NA,0.88,NA,2026,370000,3,FALSE,TRUE
vzqoJNzk5a,asa_vzqoJNzk5a_mls_eval_blended,Aiden Harangi,aiden harangi,2006-02-08,USA,FB,NA,19.392197125256672,mls,zeQZBOzQKw,FB,overlapping_fullback,asa_live,0,Insufficient multi-season history for trend,blended,2025+2026 season to date,369,0.042205882352941176,low,0.04460975609756098,0,0.4878048780487805,10.434146341463414,1.6868292682926829,1.3651219512195123,2.7823170731707316,2.760487804878049,0.12446341463414634,NA,0.8800000000000001,NA,2026,80622,2,FALSE,TRUE
vzqoJzL75a,asa_vzqoJzL75a_mls_eval_blended,Nicholas Markanich,nicholas markanich,1999-12-26,USA,FW,NA,26.51334702258727,mls,YgOMngl5wN,FW,pressing_striker,asa_live,0,Insufficient multi-season history for trend,blended,2025+2026 season to date,143,0.04673202614379085,low,0.3761118881118881,0,1.8881118881118881,9.518041958041959,1.5036083916083915,1.2277062937062937,2.144055944055944,2.275944055944056,0.4163916083916084,NA,0.68,NA,2026,202778,2,FALSE,TRUE
vzqoOJOpqa,asa_vzqoOJOpqa_mls_eval_blended,Vinícius Nogueira,vinicius nogueira,2001-12-11,Brazil,FB,NA,24.553045859000683,mls,jYQJ8EW5GR,FB,overlapping_fullback,asa_live,0,Insufficient multi-season history for trend,blended,2025+2026 season to date,44,0.02,low,0.037431818181818184,0,2.0454545454545454,8.523636363636363,1.3047272727272727,1.0785454545454545,7.719886363636363,0.777727272727273,0.07363636363636362,NA,0.88,NA,2026,NA,NA,FALSE,TRUE
vzqoOO2Zqa,asa_vzqoOO2Zqa_mls_eval_blended,Hamady Diop,hamady diop,2002-06-06,Senegal,FB,NA,23.069130732375086,mls,zeQZBOzQKw,FB,overlapping_fullback,asa_live,0,Insufficient multi-season history for trend,blended,2025+2026 season to date,239,0.02733660130718954,low,0.03675313807531381,0,0.7531380753138075,12.187447698744771,2.037489539748954,1.6281171548117155,5.177510460251046,2.8893723849372384,0.21596234309623433,NA,0.88,NA,2026,122500,2,FALSE,TRUE
vzqod7xBQa,asa_vzqod7xBQa_mls_eval_blended,Shapi Suleymanov,shapi suleymanov,1999-12-16,Russia,W,NA,25.541409993155373,mls,Z2vQ1xlqrA,W,transition_winger,asa_live,-0.01986185500941874,2025→2026 YTD g+/90 change (short-term; 2026 incomplete),blended,2025+2026 season to date,1165,0.6334967320261438,high,0.12018503026700472,0,1.6601846347943177,9.230010990743999,1.4460021981487996,1.1845016486115996,2.362593803452501,3.2526398893646964,0.13136901483629132,NA,0.8800000000000001,NA,2026,1065028,4,FALSE,TRUE
vzqod8K7Qa,asa_vzqod8K7Qa_mls_eval_blended,Kyogo Furuhashi,kyogo furuhashi,1995-01-20,Japan,FW,NA,31.444216290212182,mls,kaDQ0wRqEv,FW,pressing_striker,asa_live,0,Insufficient multi-season history for trend,blended,2025+2026 season to date,689,0.22516339869281046,medium,0.2624499274310595,0,2.0899854862119014,9.592568940493468,1.5185137880986939,1.2388853410740204,2.735812772133527,2.7139622641509433,0.27815094339622637,NA,0.68,NA,2026,NA,NA,FALSE,TRUE
vzqodDnvQa,asa_vzqodDnvQa_mls_eval_blended,Rida Zouhir,rida zouhir,2003-11-23,Canada,W,NA,21.60438056125941,mls,EKXMeX3Q64,W,transition_winger,asa_live,0.06930213366448407,2024→2025 g+/90 change (longer-term trend),blended,2025+2026 season to date,412,0.047124183006535945,low,0.08215776699029126,0,1.3106796116504855,10.214174757281553,1.6428349514563108,1.332126213592233,2.6887135922330097,2.182378640776699,0.0960509708737864,NA,0.68,NA,2026,95362,2,FALSE,TRUE
vzqodKdZQa,asa_vzqodKdZQa_mls_eval_blended,Capita,capita,2002-01-10,Angola,W,NA,24.470910335386723,mls,Z2vQ1xlqrA,W,transition_winger,asa_live,0,Insufficient multi-season history for trend,blended,2025+2026 season to date,1242,0.40588235294117647,medium,0.17160144927536233,0,1.5217391304347827,10.368405797101449,1.6736811594202898,1.3552608695652175,2.0804347826086955,2.7089855072463767,0.1479710144927536,NA,0.68,NA,2026,658720,3,FALSE,TRUE
vzqodVa7Qa,asa_vzqodVa7Qa_mls_eval_blended,Hamzat Ojediran,hamzat ojediran,2003-11-14,Nigeria,CM,NA,22.628336755646817,mls,pzeQZ6xQKw,CM,ball_winning_midfielder,asa_live,0,Insufficient multi-season history for trend,blended,2025+2026 season to date,1850,0.6045751633986928,medium,0.03271135135135135,0,0.9243243243243243,10.477772972972973,1.6955545945945945,1.371665945945946,2.844324324324324,2.4850162162162164,0.07981297297297298,NA,0.88,NA,2026,881667,4,FALSE,TRUE
vzqodWY7Qa,asa_vzqodWY7Qa_mls_eval_blended,Alejandro Alvarado Jr.,alejandro alvarado jr,2003-07-29,USA,CM,NA,21.924709103353866,mls,zeQZBOzQKw,CM,ball_winning_midfielder,asa_live,0.05945398941577962,2025→2026 YTD g+/90 change (short-term; 2026 incomplete),blended,2025+2026 season to date,643,0.27486928104575165,medium,0.07574208893648257,0,1.0333913052629917,10.545540204541807,1.7091080409083612,1.3818310306812709,3.120907256313985,2.6597053692882078,0.14199888178199221,NA,0.8799999999999999,NA,2026,95547,2,FALSE,TRUE
vzqodXdjQa,asa_vzqodXdjQa_mls_eval_blended,Jamar Ricketts,jamar ricketts,2001-10-24,USA,FB,NA,23.685147159479808,mls,0KPqjA456v,FB,overlapping_fullback,asa_live,0.19551137026239068,2024→2025 g+/90 change (longer-term trend),blended,2025+2026 season to date,1714,0.6778267973856209,high,0.056348215342475014,0,0.5130784708249497,10.208601186953654,1.641720237390731,1.3312901780430482,3.5962837952082243,2.853295740831544,0.15766112642239996,NA,0.8220049710024855,NA,2026,114987,2,FALSE,TRUE
vzqoddNJQa,asa_vzqoddNJQa_mls_eval_blended,Garrison Tubbs,garrison tubbs,2002-02-17,USA,CB,NA,23.367556468172484,mls,EKXMeX3Q64,CB,progressive_center_back,asa_live,-0.1673383215862254,2024→2025 g+/90 change (longer-term trend),blended,2025+2026 season to date,626,0.07160130718954248,low,0,0,0,10.596485623003195,1.719297124600639,1.3894728434504793,3.426637380191693,2.413450479233227,0.07556549520766774,NA,0.88,NA,2026,104000,2,FALSE,TRUE
vzqoddvZQa,asa_vzqoddvZQa_mls_eval_blended,Dante Sealy,dante sealy,2003-04-17,USA,W,NA,22.206707734428473,mls,APk5LGOMOW,W,transition_winger,asa_live,0.1640957775127212,2024→2025 g+/90 change (longer-term trend),blended,2025+2026 season to date,1444,0.7794607843137256,high,0.18196053088036945,0,2.14499508778162,9.230479794685923,1.4460959589371845,1.1845719692028884,3.473806566831148,2.9260967394803594,0.19441716320776187,NA,0.8147014925373135,NA,2026,168022,2,FALSE,TRUE
vzqoddyjQa,asa_vzqoddyjQa_mls_eval_blended,Ousman Jabang,ousman jabang,2001-03-29,USA,CB,NA,24.257357973990416,mls,APk5LGOMOW,CB,progressive_center_back,asa_live,-0.10378681318681318,2024→2025 g+/90 change (longer-term trend),blended,2025+2026 season to date,91,0.02,low,0,0,0,9.574505494505495,1.514901098901099,1.2361758241758243,3.0247252747252746,2.418901098901099,0.061813186813186816,NA,0.7393000000000001,NA,2026,71401,2,FALSE,TRUE
vzqodgRYQa,asa_vzqodgRYQa_mls_eval_blended,Sunusi Ibrahim,sunusi ibrahim,2002-10-01,Nigeria,FW,NA,22.748802190280628,mls,APk5LGOMOW,FW,pressing_striker,asa_live,0.0065938530865273515,2024→2025 g+/90 change (longer-term trend),blended,2025+2026 season to date,134,0.02,low,0.5925895522388059,0,4.029850746268656,8,1.2,1,0.946455223880597,1.8444776119402984,0.22956716417910447,NA,0.68,NA,2026,410000,3,FALSE,TRUE
vzqodkKBQa,asa_vzqodkKBQa_mls_eval_blended,Zorhan Bassong,zorhan bassong,1999-05-07,Canada,CM,NA,26.151950718685832,mls,Z2vQ1xlqrA,CM,ball_winning_midfielder,asa_live,0.029920979566653363,2024→2025 g+/90 change (longer-term trend),blended,2025+2026 season to date,887,0.5035294117647059,medium,0.052988690228016985,0,0.779621361463389,10.34613812170351,1.6692276243407018,1.3519207182555264,3.736819602255478,2.879483247855636,0.13879478876147067,NA,0.7682167611846251,NA,2026,540833,3,FALSE,TRUE
vzqodxN7Qa,asa_vzqodxN7Qa_mls_eval_blended,Jacen Russell-Rowe,jacen russellrowe,2002-09-13,Canada,FW,NA,22.798083504449007,mls,mvzqoLZQap,FW,pressing_striker,asa_live,-0.039181163335415936,2024→2025 g+/90 change (longer-term trend),blended,2025+2026 season to date,2027,0.23184640522875816,medium,0.33039812530833745,0,2.353231376418352,9.167202762703504,1.4334405525407006,1.1750804144055254,1.4032437099161321,1.4706166748889984,0.1793739516526887,NA,0.68,NA,2026,130789,2,FALSE,TRUE
vzqorGW75a,asa_vzqorGW75a_mls_eval_blended,Gastón Brugman,gaston brugman,1992-09-07,Uruguay,CM,NA,32.813141683778234,mls,vzqoOgNqap,CM,ball_winning_midfielder,asa_live,-0.015087232146936552,2024→2025 g+/90 change (longer-term trend),blended,2025+2026 season to date,1548,0.17705882352941174,medium,0.09453488372093023,0,0.9302325581395349,10.283023255813953,1.6566046511627908,1.3424534883720929,5.879215116279071,2.6572093023255814,0.24634302325581395,NA,0.88,NA,2026,1409000,4,FALSE,TRUE
vzqorrRk5a,asa_vzqorrRk5a_mls_eval_blended,Carles Gil,carles gil,1992-11-22,Spain,W,NA,32.60506502395619,mls,19vQ2095K6,W,transition_winger,asa_live,4.245943249808759e-4,2024→2025 g+/90 change (longer-term trend),blended,2025+2026 season to date,2690,1,high,0.3175345855156222,0,1.9304677623261695,9.37505219432906,1.4750104388658118,1.2062578291493589,5.58921482752393,3.816688459454578,0.29255775690807295,NA,0.8799999999999999,NA,2026,4952083,5,FALSE,TRUE
vzqowm7qap,asa_vzqowm7qap_mls_eval_blended,Lionel Messi,lionel messi,1987-06-24,Argentina,FW,NA,38.02053388090349,mls,zeQZkL1MKw,FW,pressing_striker,asa_live,0.14185337783142926,2024→2025 g+/90 change (longer-term trend),blended,2025+2026 season to date,2402,1,high,0.7210554909388663,0,5.397722184162992,8.671461307720312,1.3342922615440622,1.1007191961580467,6.478594038412553,5.687534517912328,0.6591655667613818,NA,0.8800000000000001,NA,2026,28333332,5,FALSE,TRUE
wvq9X6JB5W,asa_wvq9X6JB5W_mls_eval_blended,Alan Carleton,alan carleton,2005-03-20,USA,W,NA,20.281998631074607,mls,vzqoOgNqap,W,transition_winger,asa_live,0,Insufficient multi-season history for trend,blended,2025+2026 season to date,52,0.02,low,0,0,0,8.013846153846155,1.2027692307692308,1.002076923076923,1.9528846153846156,3.4899999999999998,0.009865384615384616,NA,0.88,NA,2026,NA,NA,FALSE,TRUE
wvq9XO7B5W,asa_wvq9XO7B5W_mls_eval_blended,Colin Guske,colin guske,2007-01-29,USA,CM,NA,18.420260095824776,mls,jYQJ8EW5GR,CM,ball_winning_midfielder,asa_live,0.16786637869990084,2025→2026 YTD g+/90 change (short-term; 2026 incomplete),blended,2025+2026 season to date,614,0.20854575163398692,medium,0.007780821917808219,0,0.3424657534246575,8.529533452451856,1.3059066904903711,1.0794300178677783,3.226072066706373,2.468008735358348,0.03500506253722453,NA,0.8800000000000001,NA,2026,98830,2,FALSE,TRUE
wvq9XOgm5W,asa_wvq9XOgm5W_mls_eval_blended,Marcos Zambrano-Delgado,marcos zambranodelgado,2005-01-20,USA,W,NA,21.44284736481862,mls,19vQ2095K6,W,transition_winger,asa_live,0,Insufficient multi-season history for trend,blended,2025+2026 season to date,295,0.09640522875816994,low,0.096803389830508485,0,0.9152542372881356,7.918237288135594,1.1836474576271185,0.987735593220339,2.2586440677966104,0.3607457627118644,-0.03328474576271187,NA,0.8800000000000001,NA,2026,135659,2,FALSE,TRUE
wvq9XOlw5W,asa_wvq9XOlw5W_mls_eval_blended,Micah Burton,micah burton,2006-03-26,USA,W,NA,20.265571526351813,mls,gpMOLwl5zy,W,transition_winger,asa_live,0,Insufficient multi-season history for trend,blended,2025+2026 season to date,40,0.02,low,0.0738,0,2.25,8,1.2,1,3.2981249999999998,-2.7515,0.03352500000000002,NA,0.8800000000000001,NA,2026,136000,2,FALSE,TRUE
wvq9Xdlw5W,asa_wvq9Xdlw5W_mls_eval_blended,Tadeo Allende,tadeo allende,1999-02-20,Argentina,W,NA,26.360027378507873,mls,zeQZkL1MKw,W,transition_winger,asa_live,-0.07594793198311442,2025→2026 YTD g+/90 change (short-term; 2026 incomplete),blended,2025+2026 season to date,1706.28667225482,0.4937254901960784,medium,0.3847453796850265,0,1.8774926179882419,8.76494775230569,1.352989550461138,1.1147421628458536,0.5482395876450318,2.138294245086249,0.21711463477345494,NA,0.68,NA,2026,1000000,4,FALSE,TRUE
wvq9Xp1B5W,asa_wvq9Xp1B5W_mls_eval_blended,Gabriel Pirani,gabriel pirani,2002-04-12,Brazil,W,NA,23.21971252566735,mls,EKXMeX3Q64,W,transition_winger,asa_live,0.032382558082951735,2024→2025 g+/90 change (longer-term trend),blended,2025+2026 season to date,1015,0.5698366013071895,high,0.17110524361247176,0,1.9331210458658556,9.440048999756346,1.4880097999512691,1.2160073499634518,2.8710120482939985,2.8461527293502824,0.16440501088043286,NA,0.7616326530612245,NA,2026,866700,4,FALSE,TRUE
wvq9eLBwqW,asa_wvq9eLBwqW_mls_eval_blended,Alhassan Yusuf,alhassan yusuf,2000-07-18,Nigeria,CM,NA,24.95277207392197,mls,19vQ2095K6,CM,ball_winning_midfielder,asa_live,-0.26215974950471777,2024→2025 g+/90 change (longer-term trend),blended,2025+2026 season to date,2049,1,high,0.10235363555922586,0,0.8279281974125924,10.358029581019654,1.671605916203931,1.353704437152948,3.325847724401225,2.7889782256599034,0.16997527362624568,NA,0.8799999999999999,NA,2026,995311,4,FALSE,TRUE
wvq9eWbBqW,asa_wvq9eWbBqW_mls_eval_blended,Deandre Kerr,deandre kerr,2002-11-29,Canada,FW,NA,22.587268993839835,mls,kRQabn8MKZ,FW,pressing_striker,asa_live,-0.03778499868382339,2024→2025 g+/90 change (longer-term trend),blended,2025+2026 season to date,591.1111111111112,0.2856535947712418,medium,0.16087213919572596,0,1.222583206988665,8.46873785286261,1.2937475705725219,1.0703106779293914,2.345967439174067,1.488215435708613,0.09243897191538518,NA,0.6800000000000002,NA,2026,165319,2,FALSE,TRUE
wvq9eXy3qW,asa_wvq9eXy3qW_mls_eval_blended,Sam Sarver,sam sarver,2003-03-03,USA,W,NA,22.32991101984942,mls,mKAqBBmqbg,W,transition_winger,asa_live,0.01779065800582369,2025→2026 YTD g+/90 change (short-term; 2026 incomplete),blended,2025+2026 season to date,457,0.1783986928104575,medium,0.20837242665323702,0,1.3432104478729268,10.070535936681209,1.6141071873362418,1.3105803905021811,2.887724327782277,4.448640047911037,0.3476806225712711,NA,0.68,NA,2026,113400,2,FALSE,TRUE
wvq9eY8YqW,asa_wvq9eY8YqW_mls_eval_blended,Robert Voloder,robert voloder,2001-05-09,Germany,CB,NA,24.145106091718002,mls,Z2vQ1xlqrA,CB,progressive_center_back,asa_live,0.08344135915746284,2024→2025 g+/90 change (longer-term trend),blended,2025+2026 season to date,793,0.44947712418300656,medium,0.024840740764593743,0,0.2062026637127106,10.061124156319233,1.612224831263847,1.3091686234478848,4.468219841632747,2.9251365667989075,0.1445660212401463,NA,0.88,NA,2026,685250,3,FALSE,TRUE
wvq9eZdYqW,asa_wvq9eZdYqW_mls_eval_blended,Benji Kikanović,benji kikanovic,2000-01-06,USA,FB,NA,25.4839151266256,mls,0KPqjA456v,FB,overlapping_fullback,asa_live,-0.030913292657229974,2024→2025 g+/90 change (longer-term trend),blended,2025+2026 season to date,1896,0.6726797385620915,medium,0.050043163221932946,0,0.5723327665905107,9.577206843419585,1.515441368683917,1.2365810265129378,3.872666253785665,2.581693852611445,0.13658361338398597,NA,0.88,NA,2026,478700,3,FALSE,TRUE
wvq9ebLaqW,asa_wvq9ebLaqW_mls_eval_blended,Reed Baker-Whiting,reed bakerwhiting,2005-03-31,USA,FB,NA,20.251882272416154,mls,jYQJ19EqGR,FB,overlapping_fullback,asa_live,0.0014203427274898511,2024→2025 g+/90 change (longer-term trend),blended,2025+2026 season to date,1282,0.4912418300653595,medium,0.038765733372504434,0,0.5141526906717419,9.61943095454023,1.523886190908046,1.2429146431810343,4.118251925557869,2.492068425960224,0.09477656184138257,NA,0.8800000000000001,NA,2026,283000,2,FALSE,TRUE
wvq9ed47qW,asa_wvq9ed47qW_mls_eval_blended,Brendan McSorley,brendan mcsorley,2002-02-01,USA,W,NA,23.411362080766597,mls,wvq9B9wQWn,W,transition_winger,asa_live,0.5041607142857143,2024→2025 g+/90 change (longer-term trend),blended,2025+2026 season to date,245,0.11758169934640524,low,0.6451895470383275,0,3.7026713124274098,10.159586527293845,1.6319173054587688,1.3239379790940766,2.7590301974448312,3.053101045296167,0.4254809523809523,NA,0.68,NA,2026,88025,2,FALSE,TRUE
wvq9edxmqW,asa_wvq9edxmqW_mls_eval_blended,Ian Smith,ian smith,2002-07-16,USA,FB,NA,22.9596167008898,mls,WBLMvYAQxe,FB,overlapping_fullback,asa_live,-0.007923576573935387,2025→2026 YTD g+/90 change (short-term; 2026 incomplete),blended,2025+2026 season to date,641,0.3458169934640523,medium,0.07116319084725913,0,0.7968109544615107,10.357632539074816,1.671526507814963,1.3536448808612223,3.630855592090446,2.345429935588487,0.13337946488896896,NA,0.88,NA,2026,88025,2,FALSE,TRUE
wvq9elX1qW,asa_wvq9elX1qW_mls_eval_blended,Charles Gaffney,charles gaffney,2003-07-29,USA,FB,NA,22.924024640657084,mls,jYQJ19EqGR,FB,overlapping_fullback,asa_live,0,Insufficient multi-season history for trend,blended,2025+2026 season to date,10,0.02,low,0,0,0,6.236,0.8472,0.7354,3.4275000000000007,2.554,-0.021599999999999998,NA,0.68,NA,2026,NA,NA,FALSE,TRUE
wvq9ena3qW,asa_wvq9ena3qW_mls_eval_blended,Jack Jasinski,jack jasinski,2003-12-04,USA,FB,NA,22.573579739904176,mls,0KPqjA456v,FB,overlapping_fullback,asa_live,0,Insufficient multi-season history for trend,blended,2025+2026 season to date,810,0.2647058823529412,medium,0.11596666666666668,0,1,9.940888888888889,1.5881777777777777,1.2911333333333332,3.0319444444444446,1.8064444444444445,0.13197777777777778,NA,0.8799999999999999,NA,2026,90287,2,FALSE,TRUE
wvq9g7AaMW,asa_wvq9g7AaMW_mls_eval_blended,Tim Parker,tim parker,1993-02-23,USA,CB,NA,32.35044490075291,mls,a2lqRX2Mr0,CB,progressive_center_back,asa_live,0.0037044872336750023,2024→2025 g+/90 change (longer-term trend),blended,2025+2026 season to date,715,0.34655228758169937,medium,0.035555627396436355,0,0.3076460416510037,9.167790090970604,1.4335580181941208,1.1751685136455905,4.743926772423126,2.609531012705812,0.13581463047891135,NA,0.8800000000000001,NA,2026,387500,3,FALSE,TRUE
wvq9gNr3MW,asa_wvq9gNr3MW_mls_eval_blended,Souleyman Doumbia,souleyman doumbia,1996-09-24,Ivory Coast,FB,NA,28.76659822039699,mls,NPqxKXZ59d,FB,overlapping_fullback,asa_live,0,Insufficient multi-season history for trend,blended,2025+2026 season to date,664,0.07594771241830064,low,0,0,0,14.967409638554216,2.593481927710843,2.0451114457831325,4.5140060240963855,2.877078313253012,0.25564608433734937,NA,0.8800000000000001,NA,2026,541250,3,FALSE,TRUE
wvq9gPmNMW,asa_wvq9gPmNMW_mls_eval_blended,Jack Elliott,jack elliott,1995-08-25,England,CB,NA,29.8507871321013,mls,X0Oq66zq6D,CB,progressive_center_back,asa_live,-0.004867808591487138,2024→2025 g+/90 change (longer-term trend),blended,2025+2026 season to date,2263,1,high,0.054257377903821596,0,0.6603450813123433,10.245038073887901,1.64900761477758,1.3367557110831851,4.482863999877443,2.638335045571215,0.15618476849507057,NA,0.88,NA,2026,1054275,4,FALSE,TRUE
wvq9go6aMW,asa_wvq9go6aMW_mls_eval_blended,Diego Rossi,diego rossi,1998-03-05,Uruguay,FW,NA,27.32375085557837,mls,mvzqoLZQap,FW,pressing_striker,asa_live,0.08779414148920003,2024→2025 g+/90 change (longer-term trend),blended,2025+2026 season to date,1410,0.804264705882353,high,0.33602166506479303,0,2.6975441619991383,9.084257846418982,1.4168515692837966,1.1626386769628476,2.7561129155204984,2.4711201405229843,0.2188386902197329,NA,0.813649289099526,NA,2026,3476827,5,FALSE,TRUE
wvq9gxBmMW,asa_wvq9gxBmMW_mls_eval_blended,Joao Ortíz,joao ortiz,1996-05-01,Ecuador,CM,NA,29.166324435318277,mls,WBLMvYAQxe,CM,ball_winning_midfielder,asa_live,0.0722941529612152,2025→2026 YTD g+/90 change (short-term; 2026 incomplete),blended,2025+2026 season to date,885,0.42807189542483665,medium,0.021132588777615514,0,0.5939226375773702,11.486443937449005,1.8972887874898008,1.5229665906173506,3.413529978848243,2.3132892074067533,0.11542791512272696,NA,0.8799999999999999,NA,2026,600625,3,FALSE,TRUE
wvq9gzx1MW,asa_wvq9gzx1MW_mls_eval_blended,Sergi Palencia,sergi palencia,1996-03-23,Spain,FB,NA,29.27310061601643,mls,eVq3ya6MWO,FB,overlapping_fullback,asa_live,-0.02733881827007742,2024→2025 g+/90 change (longer-term trend),blended,2025+2026 season to date,1444.518473652332,0.7004738562091503,high,0.04816703861025071,0,0.4181631966253253,10.737683392068597,1.7475366784137192,1.4106525088102895,3.18730731186034,2.6654494567691804,0.12052545095011394,NA,0.8799999999999999,NA,2026,745000,4,FALSE,TRUE
wvq9jYdBQW,asa_wvq9jYdBQW_mls_eval_blended,Stephen Afrifa,stephen afrifa,2001-02-19,Canada,W,NA,24.361396303901437,mls,Z2vQ1xlqrA,W,transition_winger,asa_live,0.020395548413566694,2024→2025 g+/90 change (longer-term trend),blended,2025+2026 season to date,844,0.2977777777777778,medium,0.3112711301813472,0,2.5574805699481864,9.359831606217616,1.4719663212435234,1.2039747409326425,1.520638358160622,2.3555594235751296,0.23798668231865283,NA,0.88,NA,2026,113400,2,FALSE,TRUE
wvq9jvANQW,asa_wvq9jvANQW_mls_eval_blended,Markus Anderson,markus anderson,2003-12-11,USA,FW,NA,21.555099247091032,mls,9z5k7Yg5A3,FW,pressing_striker,asa_live,-0.34621093861273317,2024→2025 g+/90 change (longer-term trend),blended,2025+2026 season to date,118,0.02,low,0.08054237288135593,0,0.7627118644067796,7.356271186440678,1.0712542372881355,0.9034406779661017,2.6682203389830508,0.9196610169491526,0.03889830508474577,NA,0.88,NA,2026,122000,2,FALSE,TRUE
wvq9opZMWn,asa_wvq9opZMWn_mls_eval_blended,Jordi Alba,jordi alba,1989-03-21,Spain,FB,NA,36.27926078028747,mls,zeQZkL1MKw,FB,overlapping_fullback,asa_live,-0.01313538718795268,2024→2025 g+/90 change (longer-term trend),blended,2025+2026 season to date,3463,0.39609477124183007,medium,0.07150360958706324,0,0.623736644527866,10.354397920877851,1.6708795841755704,1.3531596881316774,4.673823274617384,2.4477100779670806,0.19737106555010106,NA,0.88,NA,2026,6000000,5,FALSE,TRUE
wvq9pAjl5W,asa_wvq9pAjl5W_mls_eval_blended,Ryan Hollingshead,ryan hollingshead,1991-04-16,USA,FB,NA,34.209445585215605,mls,eVq3ya6MWO,FB,overlapping_fullback,asa_live,-0.0501135194103475,2024→2025 g+/90 change (longer-term trend),blended,2025+2026 season to date,1752,0.876797385620915,high,0.15305950030050655,0,0.9388683781231218,9.337551300764144,1.467510260152829,1.2006326951146218,2.952684704215678,2.8780625912252082,0.12730398385850433,NA,0.8800000000000001,NA,2026,550000,3,FALSE,TRUE
wvq9rwBQWn,asa_wvq9rwBQWn_mls_eval_blended,Casemiro,casemiro,1992-02-23,Brazil,CB,NA,34.351813826146476,mls,zeQZkL1MKw,CB,progressive_center_back,asa_live,0,Insufficient multi-season history for trend,blended,2025+2026 season to date,1125,0.36764705882352944,medium,0.08669600000000001,0,0.8,11.26752,1.853504,1.490128,6.3026,2.65584,0.260192,NA,0.88,NA,2026,NA,NA,FALSE,TRUE
xW5p7L4KMg,asa_xW5p7L4KMg_mls_eval_blended,Elías Baez,elias baez,2004-10-18,Argentina,FB,NA,21.700205338809035,mls,KAqBN0Vqbg,FB,overlapping_fullback,asa_live,0,Insufficient multi-season history for trend,blended,2025+2026 season to date,2374,0.7758169934640523,medium,0.053283487784330244,0,0.9098567818028643,9.937691659646166,1.5875383319292333,1.290653748946925,3.2316343723673127,2.28284751474305,0.09443934288121314,NA,0.68,NA,2026,293706,2,FALSE,TRUE
xW5p7LWlMg,asa_xW5p7LWlMg_mls_eval_blended,Luighi Hanri,luighi hanri,2006-04-30,Brazil,FW,NA,20.16974674880219,mls,Vj58weDM8n,FW,pressing_striker,asa_live,0,Insufficient multi-season history for trend,blended,2025+2026 season to date,574,0.18758169934640523,medium,0.7555766550522649,0,2.9790940766550524,8.940766550522648,1.3881533101045296,1.1411149825783973,2.671123693379791,2.9769686411149827,0.43671951219512195,NA,0.68,NA,2026,NA,NA,FALSE,TRUE
xW5p7lPJMg,asa_xW5p7lPJMg_mls_eval_blended,Andy Rojas,andy rojas,2005-12-05,Costa Rica,CM,NA,20.569472963723477,mls,a2lqRX2Mr0,CM,ball_winning_midfielder,asa_live,0,Insufficient multi-season history for trend,blended,2025+2026 season to date,70,0.02287581699346405,low,0.13654285714285713,0,2.5714285714285716,9.789714285714286,1.557942857142857,1.2684571428571427,2.5532142857142857,2.734,0.22307142857142856,NA,0.68,NA,2026,213131,2,FALSE,TRUE
xW5pYyddqg,asa_xW5pYyddqg_mls_eval_blended,Lineker Rodrigues,lineker rodrigues,2002-03-12,Brazil,FW,NA,24.303901437371664,mls,a2lqR4JMr0,FW,pressing_striker,asa_live,0,Insufficient multi-season history for trend,blended,2025+2026 season to date,355,0.11601307189542484,low,0.26728732394366195,0,1.0140845070422535,9.915605633802818,1.5831211267605634,1.2873408450704225,4.00774647887324,2.1506478873239434,0.16592957746478876,NA,0.68,NA,2026,NA,NA,FALSE,TRUE
xW5pbAlQg1,asa_xW5pbAlQg1_mls_eval_blended,Maxime Chanot,maxime chanot,1989-11-21,Luxembourg,CB,NA,35.60848733744011,mls,eVq3ya6MWO,CB,progressive_center_back,asa_live,0.23499375641464257,2024→2025 g+/90 change (longer-term trend),blended,2025+2026 season to date,74,0.02,low,0,0,0,24.963783783783786,4.592756756756757,3.5445675675675674,2.5074324324324326,2.4975675675675677,0.4013513513513514,NA,0.68,NA,2026,400000,3,FALSE,TRUE
xW5pr1oYQg,asa_xW5pr1oYQg_mls_eval_blended,Josh Sargent,josh sargent,2000-02-20,USA,FW,NA,26.360027378507873,mls,kRQabn8MKZ,FW,pressing_striker,asa_live,0,Insufficient multi-season history for trend,blended,2025+2026 season to date,1711,0.5591503267973856,medium,0.4492215078901228,0,2.472238457042665,9.785902980713033,1.5571805961426066,1.267885447106955,2.556706604324956,2.8265458796025715,0.32354237288135596,NA,0.68,NA,2026,5265667,5,FALSE,TRUE
xW5pr6gRQg,asa_xW5pr6gRQg_mls_eval_blended,Diogo Gonçalves,diogo goncalves,1997-02-06,Portugal,W,NA,28.396988364134156,mls,a2lqR4JMr0,W,transition_winger,asa_live,-0.03829260161121478,2024→2025 g+/90 change (longer-term trend),blended,2025+2026 season to date,2540,0.2905228758169935,medium,0.20493425196850396,0,2.409448818897638,9.604834645669293,1.5209669291338583,1.2407251968503936,3.8247933070866145,2.4851181102362205,0.20703543307086614,NA,0.8799999999999999,NA,2026,1797108,5,FALSE,TRUE
xW5prAjYQg,asa_xW5prAjYQg_mls_eval_blended,Raoul Petretta,raoul petretta,1997-03-24,Italy,FB,NA,28.27104722792608,mls,kRQabn8MKZ,FB,overlapping_fullback,asa_live,0.03339067232944336,2024→2025 g+/90 change (longer-term trend),blended,2025+2026 season to date,2069,0.23665032679738562,medium,0.01307153214113098,0,0.21749637506041566,10.790739487675205,1.758147897535041,1.418610923151281,3.566034316094732,2.212817786370227,0.09843885935234412,NA,0.68,NA,2026,854750,4,FALSE,TRUE
xW5prK4BQg,asa_xW5prK4BQg_mls_eval_blended,Ariel Lassiter,ariel lassiter,1994-09-27,Costa Rica,W,NA,30.759753593429156,mls,WBLMvYAQxe,W,transition_winger,asa_live,0.049302109710046976,2024→2025 g+/90 change (longer-term trend),blended,2025+2026 season to date,1153,0.4551470588235294,medium,0.1495713914307436,0,1.6123784275646909,9.113177841417153,1.4226355682834306,1.166976676212573,2.8544153099530845,2.6706526012266556,0.1472461346957587,NA,0.68,NA,2026,358000,3,FALSE,TRUE
xW5prZBdQg,asa_xW5prZBdQg_mls_eval_blended,Henry Wingo,henry wingo,1995-10-04,USA,FB,NA,29.741273100616016,mls,kRQabn8MKZ,FB,overlapping_fullback,asa_live,0.1062678911019918,2024→2025 g+/90 change (longer-term trend),blended,2025+2026 season to date,262.65,0.04220588235294117,low,0.01819285714285714,0,0.6428571428571428,13.851656033287101,2.37033120665742,1.8777484049930653,3.6668134535367547,2.317590846047157,0.1336002773925104,NA,0.88,NA,2026,796031,4,FALSE,TRUE
xW5prbllQg,asa_xW5prbllQg_mls_eval_blended,Artur,artur,1996-03-11,Brazil,CM,NA,29.305954825462013,mls,YgOMngl5wN,CM,ball_winning_midfielder,asa_live,-0.04716152555303653,2024→2025 g+/90 change (longer-term trend),blended,2025+2026 season to date,1760,0.9454084967320261,high,0.014597113406722576,0,0.5992224055697462,11.041078595809127,1.8082157191618253,1.456161789371369,3.0482509493885486,2.674448269626348,0.10000952440154615,NA,0.8800000000000001,NA,2026,958379,4,FALSE,TRUE
xW5prl1KQg,asa_xW5prl1KQg_mls_eval_blended,Dominique Badji,dominique badji,1992-10-16,Senegal,FW,NA,32.70636550308008,mls,EKXMeX3Q64,FW,pressing_striker,asa_live,-0.0036965827802298845,2024→2025 g+/90 change (longer-term trend),blended,2025+2026 season to date,866,0.09905228758169933,low,0.2829907621247113,0,1.6628175519630486,10.457644341801386,1.6915288683602772,1.368646651270208,1.1233545034642032,2.66877598152425,0.19680484988452654,NA,0.68,NA,2026,435000,3,FALSE,TRUE
xW5pro36Qg,asa_xW5pro36Qg_mls_eval_blended,Sergio Córdova,sergio cordova,1997-08-09,Venezuela,FW,NA,28.892539356605067,mls,wvq9B9wQWn,FW,pressing_striker,asa_live,0,Insufficient multi-season history for trend,blended,2025+2026 season to date,563,0.18398692810457518,medium,0.14003552397868563,0,1.119005328596803,8.946998223801065,1.389399644760213,1.1420497335701598,2.1351687388987566,2.286429840142096,0.1385968028419183,NA,0.68,NA,2026,1213500,4,FALSE,TRUE
xW5pw3PYMg,asa_xW5pw3PYMg_mls_eval_blended,Conrad Wallem,conrad wallem,2000-06-09,Norway,FB,NA,25.059548254620122,mls,wvq9B9wQWn,FB,overlapping_fullback,asa_live,-0.07952937712631404,2025→2026 YTD g+/90 change (short-term; 2026 incomplete),blended,2025+2026 season to date,2072,0.988921568627451,high,0.07652064534878181,0,0.946846623662471,9.94401806557346,1.5888036131146914,1.2916027098360188,2.9099433306971823,3.069077188402207,0.1126763227601452,NA,0.88,NA,2026,657188,3,FALSE,TRUE
xW5pw8KGMg,asa_xW5pw8KGMg_mls_eval_blended,Lawrence Ennali,lawrence ennali,2002-03-07,Germany,W,NA,23.318275154004105,mls,YgOMngl5wN,W,transition_winger,asa_live,-0.5620875905217007,2024→2025 g+/90 change (longer-term trend),blended,2025+2026 season to date,2464,0.9366503267973857,high,0.1088962132740062,0,0.9279162114255346,9.50776417464095,1.5015528349281901,1.2261646261961427,1.8694066200037631,3.2438101784765294,0.12812366357157712,NA,0.88,NA,2026,574250,3,FALSE,TRUE
xW5pwBoGMg,asa_xW5pwBoGMg_mls_eval_blended,Shane Donovan,shane donovan,2007-01-06,USA,W,NA,19.482546201232033,mls,Z2vQ1xlqrA,W,transition_winger,asa_live,0,Insufficient multi-season history for trend,blended,2025+2026 season to date,6,0.02,low,0,0,0,8,1.2,1,4.8375,2.5,0.207,NA,0.68,NA,2026,NA,NA,FALSE,TRUE
xW5pwEwGMg,asa_xW5pwEwGMg_mls_eval_blended,Finn Surman,finn surman,2003-09-23,New Zealand,CB,NA,21.77138945927447,mls,WBLMvYAQxe,CB,progressive_center_back,asa_live,-0.020911282582615293,2024→2025 g+/90 change (longer-term trend),blended,2025+2026 season to date,2622,1,high,0.0417332392562458,0,0.2499364892658159,13.26905081902747,2.2538101638054937,1.79035762285412,4.312467635625867,2.524962015360898,0.20660752454298373,NA,0.88,NA,2026,303233,3,FALSE,TRUE
xW5pxANJ5g,asa_xW5pxANJ5g_mls_eval_blended,Marcus Ingvartsen,marcus ingvartsen,1996-01-04,Denmark,FW,NA,29.489390828199863,mls,zeQZBOzQKw,FW,pressing_striker,asa_live,0.034675034260528176,2025→2026 YTD g+/90 change (short-term; 2026 incomplete),blended,2025+2026 season to date,1862,0.6748366013071896,medium,0.4114633368327546,0,2.4832431559395944,8.849351530323831,1.3698703060647661,1.1274027295485747,1.7118630380360174,1.1169474279253815,0.21288201566663975,NA,0.68,NA,2026,1800000,5,FALSE,TRUE
xW5pxRGB5g,asa_xW5pxRGB5g_mls_eval_blended,Thiago Martins,thiago martins,1995-03-17,Brazil,CB,NA,30.29158110882957,mls,Vj58weDM8n,CB,progressive_center_back,asa_live,0.05324123287671234,2024→2025 g+/90 change (longer-term trend),blended,2025+2026 season to date,2283,1,high,0.02162233478294812,0,0.18694979311991694,10.14661139149243,1.629322278298486,1.3219917087238642,5.10604995086311,2.6654165384668373,0.1519088545134759,NA,0.8799999999999999,NA,2026,2262000,5,FALSE,TRUE
xW5py2Jdqg,asa_xW5py2Jdqg_mls_eval_blended,Markus Cimermancic,markus cimermancic,2004-10-01,Canada,FB,NA,20.747433264887064,mls,kRQabn8MKZ,FB,overlapping_fullback,asa_live,-0.06423315210225466,2025→2026 YTD g+/90 change (short-term; 2026 incomplete),blended,2025+2026 season to date,791,0.2957843137254902,medium,0.043794200787547366,0,0.5521472392638037,11.740686079668194,1.9481372159336385,1.561102911950229,2.134937847946575,2.5657058917924727,0.11053061929861377,NA,0.7861032863849765,NA,2026,101881,2,FALSE,TRUE
xW5pyAAGqg,asa_xW5pyAAGqg_mls_eval_blended,Anthony Ramirez,anthony ramirez,2005-12-22,USA,W,NA,19.523613963039015,mls,mKAqBBmqbg,W,transition_winger,asa_live,0.12417482517482517,2024→2025 g+/90 change (longer-term trend),blended,2025+2026 season to date,11,0.02,low,0,0,0,8,1.2,1,-0.375,2.2218181818181817,0.07363636363636364,NA,0.88,NA,2026,80622,2,FALSE,TRUE
xW5pyAVYqg,asa_xW5pyAVYqg_mls_eval_blended,Stas Kornzeniowski,stas kornzeniowski,2003-01-30,USA,FW,NA,23.416837782340863,mls,9z5k7Yg5A3,FW,pressing_striker,asa_live,0,Insufficient multi-season history for trend,blended,2025+2026 season to date,185,0.06045751633986928,low,0.38296216216216217,0,3.4054054054054053,8.286054054054054,1.2572108108108107,1.0429081081081082,0.6441891891891891,3.464216216216216,0.4917405405405405,NA,0.68,NA,2026,88025,2,FALSE,TRUE
xW5pyEZBqg,asa_xW5pyEZBqg_mls_eval_blended,Samuel Bassett,samuel bassett,2003-04-13,USA,W,NA,22.217659137577,mls,pzeQZ6xQKw,W,transition_winger,asa_live,0,Insufficient multi-season history for trend,blended,2025+2026 season to date,414,0.047352941176470584,low,0.17034782608695653,0,0.8695652173913043,7.710434782608695,1.142086956521739,0.9565652173913044,0.44456521739130483,2.9617391304347827,-0.03571739130434783,NA,0.68,NA,2026,80622,2,FALSE,TRUE
xW5pyKEdqg,asa_xW5pyKEdqg_mls_eval_blended,Armindo Sieb,armindo sieb,2003-02-17,Germany,W,NA,23.367556468172484,mls,eVq3ya6MWO,W,transition_winger,asa_live,0,Insufficient multi-season history for trend,blended,2025+2026 season to date,265,0.08660130718954248,low,0.1818,0,2.0377358490566038,8.18611320754717,1.2372226415094338,1.0279169811320754,3.1969811320754715,2.9055094339622642,0.1270188679245283,NA,0.68,NA,2026,NA,NA,FALSE,TRUE
xW5pyPEYqg,asa_xW5pyPEYqg_mls_eval_blended,Érik Dueñas,erik duenas,2004-10-18,USA,CM,NA,20.700889801505816,mls,YgOMngl5wN,CM,ball_winning_midfielder,asa_live,0.0117007330603619,2024→2025 g+/90 change (longer-term trend),blended,2025+2026 season to date,201,0.02299019607843137,low,0.09197014925373134,0,1.3432835820895523,9.357611940298508,1.4715223880597015,1.203641791044776,4.735074626865671,1.9205970149253733,0.14807462686567163,NA,0.88,NA,2026,170625,2,FALSE,TRUE
xW5pygjdqg,asa_xW5pygjdqg_mls_eval_blended,Jalen Neal,jalen neal,2003-08-24,USA,CB,NA,21.853524982888434,mls,APk5LGOMOW,CB,progressive_center_back,asa_live,-0.07323847316076973,2024→2025 g+/90 change (longer-term trend),blended,2025+2026 season to date,1316,0.5519934640522876,high,0.01021340625837577,0,0.13258844813722861,11.965987335834898,1.9931974671669792,1.5948981003752345,3.816641818547306,2.5753847829000267,0.14699218540605735,NA,0.8799999999999999,NA,2026,756250,4,FALSE,TRUE
xW5pykn0qg,asa_xW5pykn0qg_mls_eval_blended,Juan Berrocal,juan berrocal,1999-02-05,Spain,CB,NA,26.401095140314855,mls,KAqBN0Vqbg,CB,progressive_center_back,asa_live,0.05527784814022417,2025→2026 YTD g+/90 change (short-term; 2026 incomplete),blended,2025+2026 season to date,821,0.34299019607843134,medium,0.043016935944253654,0,0.418460088621474,11.286157108293992,1.8572314216587982,1.492923566244099,4.552370715042997,2.543821778410069,0.1381822448961099,NA,0.88,NA,2026,1424666.6,4,FALSE,TRUE
xW5pynPBqg,asa_xW5pynPBqg_mls_eval_blended,Guilherme Biro,guilherme biro,2000-05-01,Brazil,FB,NA,25.166324435318277,mls,gpMOLwl5zy,FB,overlapping_fullback,asa_live,0.04812652148427227,2024→2025 g+/90 change (longer-term trend),blended,2025+2026 season to date,1882,0.9678921568627451,high,0.06224626481550994,0,0.7902923493528944,10.898268978478358,1.7796537956956713,1.4347403467717532,3.812068324279672,2.4018341541679273,0.1750827082394385,NA,0.88,NA,2026,325000,3,FALSE,TRUE
xW5pynj0qg,asa_xW5pynj0qg_mls_eval_blended,Matheus Nascimento,matheus nascimento,2004-03-03,Brazil,FW,NA,21.32785763175907,mls,kaDQ0wRqEv,FW,pressing_striker,asa_live,0.22625796300621046,2025→2026 YTD g+/90 change (short-term; 2026 incomplete),blended,2025+2026 season to date,1026.0918253079508,0.21279411764705883,medium,0.3008829817175776,0,1.6755992837937375,9.185668928265596,1.437133785653119,1.1778503392398392,1.5526182548760115,1.6715005000269474,0.1631499062823745,NA,0.7232250839865622,NA,2026,707000,4,FALSE,TRUE
xW5pyrwKqg,asa_xW5pyrwKqg_mls_eval_blended,Obinna Nwobodo,obinna nwobodo,1996-11-29,Nigeria,CM,NA,28.58590006844627,mls,NWMWlBK5lz,CM,ball_winning_midfielder,asa_live,0.01628949950932289,2024→2025 g+/90 change (longer-term trend),blended,2025+2026 season to date,1084,0.47080065359477125,high,0.03160609022738374,0,0.6273131136214612,11.102090130568525,1.820418026113705,1.4653135195852787,2.906916828575452,2.6835860467265453,0.09913186892979577,NA,0.75847533632287,NA,2026,1849724,5,FALSE,TRUE
xW5pyx70qg,asa_xW5pyx70qg_mls_eval_blended,Tucker Lepley,tucker lepley,2002-01-17,USA,CM,NA,23.45242984257358,mls,kaDQ0wRqEv,CM,ball_winning_midfielder,asa_live,0.06649988942945599,2024→2025 g+/90 change (longer-term trend),blended,2025+2026 season to date,646,0.07388888888888889,low,0.16326780185758513,0,1.8111455108359134,10.564582043343654,1.7129164086687307,1.3846873065015481,1.7269736842105263,3.1104953560371515,0.1690356037151703,NA,0.88,NA,2026,82308,2,FALSE,TRUE
xW5pyyaJqg,asa_xW5pyyaJqg_mls_eval_blended,Braian Ojeda,braian ojeda,2000-06-27,Paraguay,CM,NA,25.010266940451746,mls,a2lqR4JMr0,CM,ball_winning_midfielder,asa_live,0.02455608121665806,2024→2025 g+/90 change (longer-term trend),blended,2025+2026 season to date,1832,0.8767483660130718,high,0.03881552264295504,0,0.9016387849674719,10.495186152013584,1.699037230402717,1.3742779228020376,3.628196919821188,2.887783897173359,0.1449840766286961,NA,0.88,NA,2026,910500,4,FALSE,TRUE
zeQZ7DJzMK,asa_zeQZ7DJzMK_mls_eval_blended,Tristan Muyumba,tristan muyumba,1997-03-07,France,CM,NA,28.317590691307323,mls,KAqBN0Vqbg,CM,ball_winning_midfielder,asa_live,0.06224036012509271,2024→2025 g+/90 change (longer-term trend),blended,2025+2026 season to date,2259,0.8895588235294118,high,0.08791581776340142,0,0.9374145061877405,10.546404673393521,1.7092809346787041,1.3819607010090282,3.925332319477301,2.4540871272469786,0.1557901961730958,NA,0.88,NA,2026,641600,3,FALSE,TRUE
zeQZ7jPKMK,asa_zeQZ7jPKMK_mls_eval_blended,Brais Méndez,brais mendez,1997-01-07,Spain,FW,NA,29.478439425051334,mls,mvzqoLZQap,FW,pressing_striker,asa_live,0,Insufficient multi-season history for trend,blended,2025+2026 season to date,839,0.27418300653594774,medium,0.14179022646007153,0,2.5744934445768775,8.877044100119189,1.375408820023838,1.1315566150178784,2.961650774731824,3.129249106078665,0.1661620977353993,NA,0.88,NA,2026,NA,NA,FALSE,TRUE
zeQZJ7YgQK,asa_zeQZJ7YgQK_mls_eval_blended,Rudy Camacho,rudy camacho,1991-03-05,France,CB,NA,34.32443531827516,mls,mvzqoLZQap,CB,progressive_center_back,asa_live,0.16215576715774346,2024→2025 g+/90 change (longer-term trend),blended,2025+2026 season to date,1778,0.5824183006535948,medium,0.022957627118644068,0,0.21791767554479421,9.732590799031478,1.5465181598062951,1.2598886198547214,6.1647397094431,2.4775060532687654,0.1627893462469734,NA,0.88,NA,2026,415000,3,FALSE,TRUE
zeQZJxR1QK,asa_zeQZJxR1QK_mls_eval_blended,Eric Miller,eric miller,1993-01-15,USA,FB,NA,32.45722108145106,mls,WBLMvYAQxe,FB,overlapping_fullback,asa_live,0.016124176349025535,2024→2025 g+/90 change (longer-term trend),blended,2025+2026 season to date,476,0.21606209150326797,medium,0.06695384051541221,0,0.4321303190463331,9.973294818872729,1.5946589637745456,1.2959942228309091,2.569688187184136,2.6908384128698737,0.09573249006596968,NA,0.760952380952381,NA,2026,113400,2,FALSE,TRUE
zeQZKbYMKw,asa_zeQZKbYMKw_mls_eval_blended,Luis Suárez,luis suarez,1987-01-24,Uruguay,FW,NA,38.43394934976044,mls,zeQZkL1MKw,FW,pressing_striker,asa_live,-0.056116919213617666,2024→2025 g+/90 change (longer-term trend),blended,2025+2026 season to date,1920,0.9438235294117647,high,0.49564087364011195,0,2.302122832872448,9.27129111953768,1.454258223907536,1.190693667930652,2.180126964282757,2.2812730208143597,0.25464153599046213,NA,0.68,NA,2026,803125,4,FALSE,TRUE
zeQZX6bK5K,asa_zeQZX6bK5K_mls_eval_blended,Roald Mitchell,roald mitchell,2003-01-13,USA,FW,NA,23.463381245722108,mls,a2lqRX2Mr0,FW,pressing_striker,asa_live,0,Insufficient multi-season history for trend,blended,2025+2026 season to date,48,0.02,low,0.1595625,0,3.75,9.425,1.485,1.21375,2.90625,5.833749999999999,0.3853125,NA,0.68,NA,2026,145408,2,FALSE,TRUE
zeQZX96N5K,asa_zeQZX96N5K_mls_eval_blended,Jimer Fory,jimer fory,2002-05-24,Colombia,FB,NA,23.104722792607802,mls,WBLMvYAQxe,FB,overlapping_fullback,asa_live,0.013281959839237217,2025→2026 YTD g+/90 change (short-term; 2026 incomplete),blended,2025+2026 season to date,2332,1,high,0.021875085430144044,0,0.27700560672933117,10.747675860502648,1.7495351721005297,1.4121513790753975,4.383944343111531,2.525724008042208,0.14781094296039915,NA,0.8799999999999999,NA,2026,470000,3,FALSE,TRUE
zeQZXXm15K,asa_zeQZXXm15K_mls_eval_blended,Jake Davis,jake davis,2002-01-03,USA,FB,NA,23.49075975359343,mls,Z2vQ1xlqrA,FB,overlapping_fullback,asa_live,-0.025840941555680952,2024→2025 g+/90 change (longer-term trend),blended,2025+2026 season to date,1702,0.7952614379084967,high,0.03014730547510249,0,0.650773478241816,10.959040831205257,1.791808166241051,1.4438561246807886,4.013163322829062,2.5939838810560576,0.1434373946750913,NA,0.738284762697752,NA,2026,NA,NA,FALSE,TRUE
zeQZe4aYqK,asa_zeQZe4aYqK_mls_eval_blended,Zakaria Taifi,zakaria taifi,2005-10-01,USA,W,NA,19.748117727583846,mls,jYQJ8EW5GR,W,transition_winger,asa_live,0.102637018585936,2025→2026 YTD g+/90 change (short-term; 2026 incomplete),blended,2025+2026 season to date,921,0.310702614379085,medium,0.02572856261566934,0,0.5552128315854411,9.335868200457234,1.4671736400914468,1.200380230068585,3.6344776281888453,2.3492825779293827,0.08415034292557244,NA,0.7663664404688464,NA,2026,99923,2,FALSE,TRUE
zeQZeWKjqK,asa_zeQZeWKjqK_mls_eval_blended,Hugo Picard,hugo picard,2003-05-09,France,W,NA,22.146475017111566,mls,mvzqoLZQap,W,transition_winger,asa_live,-0.037590306448538446,2025→2026 YTD g+/90 change (short-term; 2026 incomplete),blended,2025+2026 season to date,1010,0.43106209150326796,medium,0.18965019371758957,0,1.239434940692615,9.32556166179889,1.4651123323597783,1.1988342492698336,2.3488148953925014,3.109330750432139,0.1822086368242236,NA,0.8800000000000001,NA,2026,781244,4,FALSE,TRUE
zeQZkkOjMK,asa_zeQZkkOjMK_mls_eval_blended,Chris Rindov,chris rindov,2001-10-08,USA,CB,NA,23.72895277207392,mls,kaDQ0wRqEv,CB,progressive_center_back,asa_live,-0.17923601398601396,2025→2026 YTD g+/90 change (short-term; 2026 incomplete),blended,2025+2026 season to date,486.2,0.06836601307189542,low,0.008519318181818182,0,0.13374125874125875,13.990538461538458,2.398107692307692,1.898580769230769,3.952972027972028,2.3804353146853146,0.18935061188811186,NA,0.68,NA,2026,122150,2,FALSE,TRUE
